"Serie","cvegeo","Entidad_federativa","Periodo","Sexo_(t-h-m-na)|Total_Edades_0-100|Total","Sexo_(t-h-m-na)|Total_Edades_0-100|De_0_a_4_años","Sexo_(t-h-m-na)|Total_Edades_0-100|De_5_a_9_años","Sexo_(t-h-m-na)|Total_Edades_0-100|De_10_a_14_años","Sexo_(t-h-m-na)|Total_Edades_0-100|De_15_a_19_años","Sexo_(t-h-m-na)|Total_Edades_0-100|De_20_a_24_años","Sexo_(t-h-m-na)|Total_Edades_0-100|De_25_a_29_años","Sexo_(t-h-m-na)|Total_Edades_0-100|De_30_a_34_años","Sexo_(t-h-m-na)|Total_Edades_0-100|De_35_a_39_años","Sexo_(t-h-m-na)|Total_Edades_0-100|De_40_a_44_años","Sexo_(t-h-m-na)|Total_Edades_0-100|De_45_a_49_años","Sexo_(t-h-m-na)|Total_Edades_0-100|De_50_a_54_años","Sexo_(t-h-m-na)|Total_Edades_0-100|De_55_a_59_años","Sexo_(t-h-m-na)|Total_Edades_0-100|De_60_a_64_años","Sexo_(t-h-m-na)|Total_Edades_0-100|De_65_a_69_años","Sexo_(t-h-m-na)|Total_Edades_0-100|De_70_a_74_años","Sexo_(t-h-m-na)|Total_Edades_0-100|De_75_a_79_años","Sexo_(t-h-m-na)|Total_Edades_0-100|De_80_a_84_años","Sexo_(t-h-m-na)|Total_Edades_0-100|De_85_a_89_años","Sexo_(t-h-m-na)|Total_Edades_0-100|De_90_a_94_años","Sexo_(t-h-m-na)|Total_Edades_0-100|De_95_a_99_años","Sexo_(t-h-m-na)|Total_Edades_0-100|De_100_y_más","Sexo_(t-h-m-na)|Total_Edades_0-100|Edad_no_especificada","Sexo_(t-h-m-na)|Hombres_Edades_0-100|Total","Sexo_(t-h-m-na)|Hombres_Edades_0-100|De_0_a_4_años","Sexo_(t-h-m-na)|Hombres_Edades_0-100|De_5_a_9_años","Sexo_(t-h-m-na)|Hombres_Edades_0-100|De_10_a_14_años","Sexo_(t-h-m-na)|Hombres_Edades_0-100|De_15_a_19_años","Sexo_(t-h-m-na)|Hombres_Edades_0-100|De_20_a_24_años","Sexo_(t-h-m-na)|Hombres_Edades_0-100|De_25_a_29_años","Sexo_(t-h-m-na)|Hombres_Edades_0-100|De_30_a_34_años","Sexo_(t-h-m-na)|Hombres_Edades_0-100|De_35_a_39_años","Sexo_(t-h-m-na)|Hombres_Edades_0-100|De_40_a_44_años","Sexo_(t-h-m-na)|Hombres_Edades_0-100|De_45_a_49_años","Sexo_(t-h-m-na)|Hombres_Edades_0-100|De_50_a_54_años","Sexo_(t-h-m-na)|Hombres_Edades_0-100|De_55_a_59_años","Sexo_(t-h-m-na)|Hombres_Edades_0-100|De_60_a_64_años","Sexo_(t-h-m-na)|Hombres_Edades_0-100|De_65_a_69_años","Sexo_(t-h-m-na)|Hombres_Edades_0-100|De_70_a_74_años","Sexo_(t-h-m-na)|Hombres_Edades_0-100|De_75_a_79_años","Sexo_(t-h-m-na)|Hombres_Edades_0-100|De_80_a_84_años","Sexo_(t-h-m-na)|Hombres_Edades_0-100|De_85_a_89_años","Sexo_(t-h-m-na)|Hombres_Edades_0-100|De_90_a_94_años","Sexo_(t-h-m-na)|Hombres_Edades_0-100|De_95_a_99_años","Sexo_(t-h-m-na)|Hombres_Edades_0-100|De_100_y_más","Sexo_(t-h-m-na)|Hombres_Edades_0-100|Edad_no_especificada","Sexo_(t-h-m-na)|Mujeres_Edades_0-100|Total","Sexo_(t-h-m-na)|Mujeres_Edades_0-100|De_0_a_4_años","Sexo_(t-h-m-na)|Mujeres_Edades_0-100|De_5_a_9_años","Sexo_(t-h-m-na)|Mujeres_Edades_0-100|De_10_a_14_años","Sexo_(t-h-m-na)|Mujeres_Edades_0-100|De_15_a_19_años","Sexo_(t-h-m-na)|Mujeres_Edades_0-100|De_20_a_24_años","Sexo_(t-h-m-na)|Mujeres_Edades_0-100|De_25_a_29_años","Sexo_(t-h-m-na)|Mujeres_Edades_0-100|De_30_a_34_años","Sexo_(t-h-m-na)|Mujeres_Edades_0-100|De_35_a_39_años","Sexo_(t-h-m-na)|Mujeres_Edades_0-100|De_40_a_44_años","Sexo_(t-h-m-na)|Mujeres_Edades_0-100|De_45_a_49_años","Sexo_(t-h-m-na)|Mujeres_Edades_0-100|De_50_a_54_años","Sexo_(t-h-m-na)|Mujeres_Edades_0-100|De_55_a_59_años","Sexo_(t-h-m-na)|Mujeres_Edades_0-100|De_60_a_64_años","Sexo_(t-h-m-na)|Mujeres_Edades_0-100|De_65_a_69_años","Sexo_(t-h-m-na)|Mujeres_Edades_0-100|De_70_a_74_años","Sexo_(t-h-m-na)|Mujeres_Edades_0-100|De_75_a_79_años","Sexo_(t-h-m-na)|Mujeres_Edades_0-100|De_80_a_84_años","Sexo_(t-h-m-na)|Mujeres_Edades_0-100|De_85_a_89_años","Sexo_(t-h-m-na)|Mujeres_Edades_0-100|De_90_a_94_años","Sexo_(t-h-m-na)|Mujeres_Edades_0-100|De_95_a_99_años","Sexo_(t-h-m-na)|Mujeres_Edades_0-100|De_100_y_más","Sexo_(t-h-m-na)|Mujeres_Edades_0-100|Edad_no_especificada","Sexo_(t-h-m-na)|No_especificado_Edades_0-100|Total","Sexo_(t-h-m-na)|No_especificado_Edades_0-100|De_0_a_4_años","Sexo_(t-h-m-na)|No_especificado_Edades_0-100|De_5_a_9_años","Sexo_(t-h-m-na)|No_especificado_Edades_0-100|De_10_a_14_años","Sexo_(t-h-m-na)|No_especificado_Edades_0-100|De_15_a_19_años","Sexo_(t-h-m-na)|No_especificado_Edades_0-100|De_20_a_24_años","Sexo_(t-h-m-na)|No_especificado_Edades_0-100|De_25_a_29_años","Sexo_(t-h-m-na)|No_especificado_Edades_0-100|De_30_a_34_años","Sexo_(t-h-m-na)|No_especificado_Edades_0-100|De_35_a_39_años","Sexo_(t-h-m-na)|No_especificado_Edades_0-100|De_40_a_44_años","Sexo_(t-h-m-na)|No_especificado_Edades_0-100|De_45_a_49_años","Sexo_(t-h-m-na)|No_especificado_Edades_0-100|De_50_a_54_años","Sexo_(t-h-m-na)|No_especificado_Edades_0-100|De_55_a_59_años","Sexo_(t-h-m-na)|No_especificado_Edades_0-100|De_60_a_64_años","Sexo_(t-h-m-na)|No_especificado_Edades_0-100|De_65_a_69_años","Sexo_(t-h-m-na)|No_especificado_Edades_0-100|De_70_a_74_años","Sexo_(t-h-m-na)|No_especificado_Edades_0-100|De_75_a_79_años","Sexo_(t-h-m-na)|No_especificado_Edades_0-100|De_80_a_84_años","Sexo_(t-h-m-na)|No_especificado_Edades_0-100|De_85_a_89_años","Sexo_(t-h-m-na)|No_especificado_Edades_0-100|De_90_a_94_años","Sexo_(t-h-m-na)|No_especificado_Edades_0-100|De_95_a_99_años","Sexo_(t-h-m-na)|No_especificado_Edades_0-100|De_100_y_más","Sexo_(t-h-m-na)|No_especificado_Edades_0-100|Edad_no_especificada",
"Número_de_muertes_por_lesiones_debidas_a_accidentes_de_tráfico",	00,"Estados_Unidos_Mexicanos","2022","8,499","152","99","173","770","981","961","828","745","649","662","525","454","398","328","280","219","133","65","28","6","1","42","6,855","81","59","120","625","834","811","708","626","527","548","424","357","319","250","208","167","97","43","18","3","0","30","1,638","71","40","53","145","147","150","119","119","122","114","101","97","79","78","72","52","36","22","10","3","1","7","6","0","0","0","0","0","0","1","0","0","0","0","0","0","0","0","0","0","0","0","0","0","5",
"Número_de_muertes_por_lesiones_debidas_a_accidentes_de_tráfico",	01,"Aguascalientes","2022","190","2","1","5","14","18","20","20","23","13","14","11","14","11","8","8","6","1","1","0","0","0","ND","159","1","1","4","13","14","17","18","19","9","13","8","12","9","7","7","5","1","1","0","0","0","ND","31","1","0","1","1","4","3","2","4","4","1","3","2","2","1","1","1","0","0","0","0","0","ND","0","0","0","0","0","0","0","0","0","0","0","0","0","0","0","0","0","0","0","ND","ND","ND","ND",
"Número_de_muertes_por_lesiones_debidas_a_accidentes_de_tráfico",	02,"Baja_California","2022","126","4","2","4","11","15","14","5","21","11","9","10","4","5","2","5","2","2","0","0","0","0","ND","90","2","1","3","5","11","12","3","19","8","8","7","4","1","1","3","1","1","0","0","0","0","ND","36","2","1","1","6","4","2","2","2","3","1","3","0","4","1","2","1","1","0","0","0","0","ND","0","0","0","0","0","0","0","0","0","0","0","0","0","0","0","0","0","0","ND","ND","ND","ND","ND",
"Número_de_muertes_por_lesiones_debidas_a_accidentes_de_tráfico",	03,"Baja_California_Sur","2022","104","1","2","3","8","8","16","11","13","8","11","5","1","5","4","3","2","1","1","0","0","0","1","79","0","1","3","7","5","12","8","12","6","8","3","0","5","3","2","1","1","1","0","0","0","1","25","1","1","0","1","3","4","3","1","2","3","2","1","0","1","1","1","0","0","0","0","0","0","0","0","0","0","0","0","0","0","0","0","0","0","0","0","0","0","0","0","0","ND","ND","ND","0",
"Número_de_muertes_por_lesiones_debidas_a_accidentes_de_tráfico",	04,"Campeche","2022","72","1","1","1","2","10","11","13","8","9","4","6","1","2","0","0","1","1","1","0","0","0","ND","67","1","1","1","2","7","11","13","7","9","4","6","1","2","0","0","1","1","0","0","0","0","ND","5","0","0","0","0","3","0","0","1","0","0","0","0","0","0","0","0","0","1","0","0","0","ND","0","0","0","0","0","0","0","0","0","0","0","0","0","0","ND","ND","0","0","0","ND","ND","ND","ND",
"Número_de_muertes_por_lesiones_debidas_a_accidentes_de_tráfico",	05,"Coahuila_de_Zaragoza","2022","270","6","5","4","17","33","24","26","18","16","33","17","21","14","14","8","8","3","3","0","0","0","ND","212","3","4","2","11","28","19","22","16","12","24","13","20","12","14","6","2","2","2","0","0","0","ND","58","3","1","2","6","5","5","4","2","4","9","4","1","2","0","2","6","1","1","0","0","0","ND","0","0","0","0","0","0","0","0","0","0","0","0","0","0","0","0","0","0","0","ND","ND","ND","ND",
"Número_de_muertes_por_lesiones_debidas_a_accidentes_de_tráfico",	06,"Colima","2022","158","2","1","3","18","19","20","9","8","15","15","14","8","5","5","8","3","1","3","1","0","0","ND","127","1","1","1","12","18","16","7","6","14","13","12","6","4","4","4","3","1","3","1","0","0","ND","31","1","0","2","6","1","4","2","2","1","2","2","2","1","1","4","0","0","0","0","0","0","ND","0","0","0","0","0","0","0","0","0","0","0","0","0","0","0","0","0","0","0","0","ND","ND","ND",
"Número_de_muertes_por_lesiones_debidas_a_accidentes_de_tráfico",	07,"Chiapas","2022","509","7","5","15","50","74","53","49","53","45","32","36","18","20","19","14","14","3","0","2","0","0","ND","421","4","3","12","41","65","47","43","44","37","26","30","8","17","17","12","11","2","0","2","0","0","ND","88","3","2","3","9","9","6","6","9","8","6","6","10","3","2","2","3","1","0","0","0","0","ND","0","0","0","0","0","0","0","0","0","0","0","0","0","0","0","0","0","0","ND","0","ND","ND","ND",
"Número_de_muertes_por_lesiones_debidas_a_accidentes_de_tráfico",	08,"Chihuahua","2022","585","14","7","15","34","48","52","52","36","47","49","40","42","41","21","22","15","9","4","3","0","0","34","459","8","3","10","24","42","42","39","33","37","41","33","32","32","18","15","12","7","4","1","0","0","26","122","6","4","5","10","6","10","13","3","10","8","7","10","9","3","7","3","2","0","2","0","0","4","4","0","0","0","0","0","0","0","0","0","0","0","0","0","0","0","0","0","0","0","ND","ND","4",
"Número_de_muertes_por_lesiones_debidas_a_accidentes_de_tráfico",	09,"Ciudad_de_México","2022","457","3","3","6","34","70","68","61","40","26","30","16","18","22","17","15","14","6","5","2","0","0","1","363","2","1","3","28","60","58","56","34","21","25","15","11","14","10","7","10","2","3","2","0","0","1","94","1","2","3","6","10","10","5","6","5","5","1","7","8","7","8","4","4","2","0","0","0","0","0","0","0","0","0","0","0","0","0","0","0","0","0","0","0","0","0","0","0","0","ND","ND","0",
"Número_de_muertes_por_lesiones_debidas_a_accidentes_de_tráfico",	10,"Durango","2022","278","5","6","4","36","30","27","20","25","22","23","13","16","12","15","16","3","3","2","0","0","0","ND","211","3","5","0","26","23","22","17","20","20","18","9","12","9","10","12","2","1","2","0","0","0","ND","67","2","1","4","10","7","5","3","5","2","5","4","4","3","5","4","1","2","0","0","0","0","ND","0","0","0","0","0","0","0","0","0","0","0","0","0","0","0","0","0","0","0","ND","ND","ND","ND",
"Número_de_muertes_por_lesiones_debidas_a_accidentes_de_tráfico",	11,"Guanajuato","2022","164","4","5","7","14","14","12","18","7","12","20","16","11","8","1","5","3","5","1","1","0","0","ND","140","4","3","6","13","12","11","17","6","11","17","12","9","7","1","5","2","4","0","0","0","0","ND","24","0","2","1","1","2","1","1","1","1","3","4","2","1","0","0","1","1","1","1","0","0","ND","0","0","0","0","0","0","0","0","0","0","0","0","0","0","0","0","0","0","0","0","ND","ND","ND",
"Número_de_muertes_por_lesiones_debidas_a_accidentes_de_tráfico",	12,"Guerrero","2022","116","4","2","5","8","15","11","11","12","10","9","5","1","2","6","6","7","2","0","0","0","0","ND","89","3","2","4","8","13","6","10","9","9","6","2","1","2","3","4","5","2","0","0","0","0","ND","27","1","0","1","0","2","5","1","3","1","3","3","0","0","3","2","2","0","0","0","0","0","ND","0","0","0","0","0","0","0","0","0","0","0","0","0","0","0","0","0","0","ND","ND","ND","ND","ND",
"Número_de_muertes_por_lesiones_debidas_a_accidentes_de_tráfico",	13,"Hidalgo","2022","202","4","0","4","22","26","22","27","22","13","13","12","4","11","5","7","7","2","1","0","0","0","ND","167","2","0","3","18","24","20","25","17","8","10","10","3","9","4","6","6","1","1","0","0","0","ND","35","2","0","1","4","2","2","2","5","5","3","2","1","2","1","1","1","1","0","0","0","0","ND","0","0","ND","0","0","0","0","0","0","0","0","0","0","0","0","0","0","0","0","ND","ND","ND","ND",
"Número_de_muertes_por_lesiones_debidas_a_accidentes_de_tráfico",	14,"Jalisco","2022","789","20","8","13","93","97","79","73","49","54","56","44","53","38","25","28","25","21","8","2","2","0","1","629","14","4","9","77","82","62","62","41","45","45","41","40","29","16","19","17","18","7","0","1","0","0","159","6","4","4","16","15","17","11","8","9","11","3","13","9","9","9","8","3","1","2","1","0","0","1","0","0","0","0","0","0","0","0","0","0","0","0","0","0","0","0","0","0","0","0","ND","1",
"Número_de_muertes_por_lesiones_debidas_a_accidentes_de_tráfico",	15,"México","2022","514","7","8","11","40","64","70","52","60","29","44","33","22","21","20","11","13","6","1","2","0","0","ND","390","1","3","6","35","51","60","42","47","26","40","19","16","15","12","5","8","2","1","1","0","0","ND","124","6","5","5","5","13","10","10","13","3","4","14","6","6","8","6","5","4","0","1","0","0","ND","0","0","0","0","0","0","0","0","0","0","0","0","0","0","0","0","0","0","0","0","ND","ND","ND",
"Número_de_muertes_por_lesiones_debidas_a_accidentes_de_tráfico",	16,"Michoacán_de_Ocampo","2022","236","3","5","6","30","37","28","19","18","14","22","10","10","7","7","8","4","4","2","2","0","0","ND","192","2","3","5","26","32","23","17","13","12","15","8","8","7","5","6","4","2","2","2","0","0","ND","44","1","2","1","4","5","5","2","5","2","7","2","2","0","2","2","0","2","0","0","0","0","ND","0","0","0","0","0","0","0","0","0","0","0","0","0","0","0","0","0","0","0","0","ND","ND","ND",
"Número_de_muertes_por_lesiones_debidas_a_accidentes_de_tráfico",	17,"Morelos","2022","75","0","0","2","3","8","8","9","8","6","3","2","4","5","5","1","5","5","1","0","0","0","ND","63","0","0","0","3","8","8","8","5","4","2","2","3","5","5","1","4","4","1","0","0","0","ND","12","0","0","2","0","0","0","1","3","2","1","0","1","0","0","0","1","1","0","0","0","0","ND","0","ND","ND","0","0","0","0","0","0","0","0","0","0","0","0","0","0","0","0","ND","ND","ND","ND",
"Número_de_muertes_por_lesiones_debidas_a_accidentes_de_tráfico",	18,"Nayarit","2022","174","2","1","2","20","16","20","23","15","11","12","10","13","8","9","4","3","0","4","1","0","0","ND","142","1","1","1","18","15","14","23","11","9","9","8","10","6","8","4","2","0","1","1","0","0","ND","32","1","0","1","2","1","6","0","4","2","3","2","3","2","1","0","1","0","3","0","0","0","ND","0","0","0","0","0","0","0","0","0","0","0","0","0","0","0","0","0","ND","0","0","ND","ND","ND",
"Número_de_muertes_por_lesiones_debidas_a_accidentes_de_tráfico",	19,"Nuevo_León","2022","128","6","1","3","8","8","10","17","15","9","13","13","7","4","5","4","2","3","0","0","0","0","ND","100","3","1","3","4","8","9","16","10","8","9","10","7","4","2","2","2","2","0","0","0","0","ND","28","3","0","0","4","0","1","1","5","1","4","3","0","0","3","2","0","1","0","0","0","0","ND","0","0","0","0","0","0","0","0","0","0","0","0","0","0","0","0","0","0","ND","ND","ND","ND","ND",
"Número_de_muertes_por_lesiones_debidas_a_accidentes_de_tráfico",	20,"Oaxaca","2022","170","3","2","2","20","25","21","11","16","19","10","8","5","8","7","5","2","4","1","0","1","0","ND","145","2","0","2","17","21","20","9","14","17","10","7","3","6","7","4","2","3","0","0","1","0","ND","25","1","2","0","3","4","1","2","2","2","0","1","2","2","0","1","0","1","1","0","0","0","ND","0","0","0","0","0","0","0","0","0","0","0","0","0","0","0","0","0","0","0","ND","0","ND","ND",
"Número_de_muertes_por_lesiones_debidas_a_accidentes_de_tráfico",	21,"Puebla","2022","286","10","7","6","38","31","34","28","21","19","22","13","14","12","10","4","6","4","5","1","1","0","ND","227","5","5","6","31","27","31","20","17","13","19","9","12","11","8","3","4","3","2","1","0","0","ND","59","5","2","0","7","4","3","8","4","6","3","4","2","1","2","1","2","1","3","0","1","0","ND","0","0","0","0","0","0","0","0","0","0","0","0","0","0","0","0","0","0","0","0","0","ND","ND",
"Número_de_muertes_por_lesiones_debidas_a_accidentes_de_tráfico",	22,"Querétaro","2022","187","6","2","2","16","24","18","17","25","17","15","7","8","10","6","4","3","2","2","0","1","0","2","156","1","2","1","13","19","18","17","23","13","13","5","6","10","5","4","3","0","1","0","1","0","1","31","5","0","1","3","5","0","0","2","4","2","2","2","0","1","0","0","2","1","0","0","0","1","0","0","0","0","0","0","0","0","0","0","0","0","0","0","0","0","0","0","0","ND","0","ND","0",
"Número_de_muertes_por_lesiones_debidas_a_accidentes_de_tráfico",	23,"Quintana_Roo","2022","87","1","2","1","3","14","18","10","11","5","6","6","5","0","2","1","2","0","0","0","0","0","ND","74","0","2","1","2","11","15","10","10","5","6","4","3","0","2","1","2","0","0","0","0","0","ND","13","1","0","0","1","3","3","0","1","0","0","2","2","0","0","0","0","0","0","0","0","0","ND","0","0","0","0","0","0","0","0","0","0","0","0","0","ND","0","0","0","ND","ND","ND","ND","ND","ND",
"Número_de_muertes_por_lesiones_debidas_a_accidentes_de_tráfico",	24,"San_Luis_Potosí","2022","366","3","3","6","41","44","36","31","36","28","24","27","20","21","16","11","14","4","0","1","0","0","ND","308","0","2","6","38","37","31","25","34","20","20","21","17","20","13","9","12","3","0","0","0","0","ND","58","3","1","0","3","7","5","6","2","8","4","6","3","1","3","2","2","1","0","1","0","0","ND","0","0","0","0","0","0","0","0","0","0","0","0","0","0","0","0","0","0","ND","0","ND","ND","ND",
"Número_de_muertes_por_lesiones_debidas_a_accidentes_de_tráfico",	25,"Sinaloa","2022","204","2","0","3","11","23","20","10","15","21","21","12","12","12","12","12","8","4","1","2","0","1","2","174","1","0","2","9","19","18","9","14","19","19","12","10","10","10","9","6","4","0","2","0","0","1","30","1","0","1","2","4","2","1","1","2","2","0","2","2","2","3","2","0","1","0","0","1","1","0","0","ND","0","0","0","0","0","0","0","0","0","0","0","0","0","0","0","0","0","ND","0","0",
"Número_de_muertes_por_lesiones_debidas_a_accidentes_de_tráfico",	26,"Sonora","2022","189","6","1","5","10","13","29","14","16","18","13","20","6","7","10","11","5","0","2","2","0","0","1","148","3","1","2","8","8","26","12","13","15","10","16","5","6","7","10","4","0","1","1","0","0","0","41","3","0","3","2","5","3","2","3","3","3","4","1","1","3","1","1","0","1","1","0","0","1","0","0","0","0","0","0","0","0","0","0","0","0","0","0","0","0","0","ND","0","0","ND","ND","0",
"Número_de_muertes_por_lesiones_debidas_a_accidentes_de_tráfico",	27,"Tabasco","2022","391","1","2","4","34","50","55","52","33","42","28","19","24","20","16","5","2","4","0","0","0","0","ND","323","0","2","0","29","45","45","45","32","31","23","16","22","14","10","4","2","3","0","0","0","0","ND","67","1","0","4","5","5","10","6","1","11","5","3","2","6","6","1","0","1","0","0","0","0","ND","1","0","0","0","0","0","0","1","0","0","0","0","0","0","0","0","0","0","ND","ND","ND","ND","ND",
"Número_de_muertes_por_lesiones_debidas_a_accidentes_de_tráfico",	28,"Tamaulipas","2022","331","3","6","5","22","33","34","22","31","26","27","33","30","16","10","12","10","7","2","2","0","0","ND","275","2","2","2","17","29","32","17","27","21","23","30","25","12","8","11","10","5","1","1","0","0","ND","56","1","4","3","5","4","2","5","4","5","4","3","5","4","2","1","0","2","1","1","0","0","ND","0","0","0","0","0","0","0","0","0","0","0","0","0","0","0","0","0","0","0","0","ND","ND","ND",
"Número_de_muertes_por_lesiones_debidas_a_accidentes_de_tráfico",	29,"Tlaxcala","2022","185","1","2","5","16","22","23","21","17","10","14","10","8","9","9","4","3","7","3","1","0","0","ND","137","0","0","3","12","19","19","15","14","7","10","9","6","7","6","1","1","4","3","1","0","0","ND","48","1","2","2","4","3","4","6","3","3","4","1","2","2","3","3","2","3","0","0","0","0","ND","0","0","0","0","0","0","0","0","0","0","0","0","0","0","0","0","0","0","0","0","ND","ND","ND",
"Número_de_muertes_por_lesiones_debidas_a_accidentes_de_tráfico",	30,"Veracruz_de_Ignacio_de_la_Llave","2022","376","6","3","6","29","38","56","40","38","31","31","20","18","18","10","10","11","5","3","2","1","0","ND","315","1","1","5","28","34","48","36","30","25","29","16","16","12","9","8","9","5","1","2","0","0","ND","61","5","2","1","1","4","8","4","8","6","2","4","2","6","1","2","2","0","2","0","1","0","ND","0","0","0","0","0","0","0","0","0","0","0","0","0","0","0","0","0","0","0","0","0","ND","ND",
"Número_de_muertes_por_lesiones_debidas_a_accidentes_de_tráfico",	31,"Yucatán","2022","245","5","1","4","15","20","20","31","16","25","24","17","17","11","13","10","7","5","4","0","0","0","ND","211","4","1","4","12","19","15","28","14","23","21","14","15","10","9","9","6","4","3","0","0","0","ND","34","1","0","0","3","1","5","3","2","2","3","3","2","1","4","1","1","1","1","0","0","0","ND","0","0","0","0","0","0","0","0","0","0","0","0","0","0","0","0","0","0","0","ND","ND","ND","ND",
"Número_de_muertes_por_lesiones_debidas_a_accidentes_de_tráfico",	32,"Zacatecas","2022","335","10","5","11","53","34","32","26","19","18","15","20","19","13","19","18","9","9","4","1","0","0","ND","262","7","3","10","38","28","24","19","15","13","12","17","14","12","16","15","8","9","2","0","0","0","ND","73","3","2","1","15","6","8","7","4","5","3","3","5","1","3","3","1","0","2","1","0","0","ND","0","0","0","0","0","0","0","0","0","0","0","0","0","0","0","0","0","0","0","0","ND","ND","ND",
"Número_de_muertes_por_lesiones_debidas_a_accidentes_de_tráfico",	00,"Estados_Unidos_Mexicanos","2021","8,246","177","122","182","747","1,013","1,051","769","745","634","578","465","443","350","314","256","181","133","48","13","7","1","17","6,754","102","75","128","638","860","879","664","600","534","484","390","362","281","256","207","135","99","36","10","2","0","12","1,491","75","47","54","109","153","172","105","145","100","94","75","81","69","58","49","46","34","12","3","5","1","4","1","0","0","0","0","0","0","0","0","0","0","0","0","0","0","0","0","0","0","0","0","0","1",
"Número_de_muertes_por_lesiones_debidas_a_accidentes_de_tráfico",	01,"Aguascalientes","2021","167","2","5","3","13","15","20","22","21","7","11","7","12","7","4","5","8","3","2","0","0","0","ND","136","1","5","2","13","13","16","16","19","5","8","5","10","4","4","4","7","2","2","0","0","0","ND","31","1","0","1","0","2","4","6","2","2","3","2","2","3","0","1","1","1","0","0","0","0","ND","0","0","0","0","0","0","0","0","0","0","0","0","0","0","0","0","0","0","0","ND","ND","ND","ND",
"Número_de_muertes_por_lesiones_debidas_a_accidentes_de_tráfico",	02,"Baja_California","2021","155","6","3","3","11","16","21","15","16","12","11","14","10","2","6","2","2","5","0","0","0","0","ND","116","1","1","2","6","11","14","14","13","11","8","13","7","2","5","2","2","4","0","0","0","0","ND","39","5","2","1","5","5","7","1","3","1","3","1","3","0","1","0","0","1","0","0","0","0","ND","0","0","0","0","0","0","0","0","0","0","0","0","0","0","0","0","0","0","ND","ND","ND","ND","ND",
"Número_de_muertes_por_lesiones_debidas_a_accidentes_de_tráfico",	03,"Baja_California_Sur","2021","113","3","1","2","3","18","10","7","9","15","7","8","5","9","5","4","1","4","0","0","0","0","2","84","2","1","1","2","15","7","5","9","14","4","5","4","6","3","2","0","2","0","0","0","0","2","29","1","0","1","1","3","3","2","0","1","3","3","1","3","2","2","1","2","0","0","0","0","0","0","0","0","0","0","0","0","0","0","0","0","0","0","0","0","0","0","0","ND","ND","ND","ND","0",
"Número_de_muertes_por_lesiones_debidas_a_accidentes_de_tráfico",	04,"Campeche","2021","77","2","0","1","6","9","8","11","8","8","4","6","2","2","3","2","3","1","1","0","0","0","ND","69","1","0","1","6","8","6","8","8","7","4","6","2","2","3","2","3","1","1","0","0","0","ND","8","1","0","0","0","1","2","3","0","1","0","0","0","0","0","0","0","0","0","0","0","0","ND","0","0","ND","0","0","0","0","0","0","0","0","0","0","0","0","0","0","0","0","ND","ND","ND","ND",
"Número_de_muertes_por_lesiones_debidas_a_accidentes_de_tráfico",	05,"Coahuila_de_Zaragoza","2021","241","7","7","4","22","27","24","15","27","18","21","12","16","13","6","7","9","0","4","1","0","0","1","202","4","7","4","19","23","21","11","23","14","16","12","13","11","5","7","6","0","4","1","0","0","1","39","3","0","0","3","4","3","4","4","4","5","0","3","2","1","0","3","0","0","0","0","0","0","0","0","0","0","0","0","0","0","0","0","0","0","0","0","0","0","0","ND","0","0","ND","ND","0",
"Número_de_muertes_por_lesiones_debidas_a_accidentes_de_tráfico",	06,"Colima","2021","132","4","7","1","10","16","15","11","6","16","10","11","8","4","5","3","2","1","2","0","0","0","ND","106","2","3","1","10","12","14","10","5","15","7","8","6","2","4","3","2","0","2","0","0","0","ND","26","2","4","0","0","4","1","1","1","1","3","3","2","2","1","0","0","1","0","0","0","0","ND","0","0","0","0","0","0","0","0","0","0","0","0","0","0","0","0","0","0","0","ND","ND","ND","ND",
"Número_de_muertes_por_lesiones_debidas_a_accidentes_de_tráfico",	07,"Chiapas","2021","421","8","7","7","38","49","59","48","52","40","25","19","24","14","9","12","6","3","0","0","0","0","1","343","3","2","5","34","44","51","41","41","34","17","16","19","12","7","9","4","3","0","0","0","0","1","78","5","5","2","4","5","8","7","11","6","8","3","5","2","2","3","2","0","0","0","0","0","0","0","0","0","0","0","0","0","0","0","0","0","0","0","0","0","0","0","0","ND","ND","ND","ND","0",
"Número_de_muertes_por_lesiones_debidas_a_accidentes_de_tráfico",	08,"Chihuahua","2021","515","19","5","14","51","56","47","34","55","38","41","38","26","24","29","15","9","10","3","0","0","0","1","426","15","2","7","46","47","39","29","49","31","35","33","22","19","24","12","7","7","2","0","0","0","0","89","4","3","7","5","9","8","5","6","7","6","5","4","5","5","3","2","3","1","0","0","0","1","0","0","0","0","0","0","0","0","0","0","0","0","0","0","0","0","0","0","0","ND","ND","ND","0",
"Número_de_muertes_por_lesiones_debidas_a_accidentes_de_tráfico",	09,"Ciudad_de_México","2021","498","4","7","6","38","58","73","50","57","32","33","19","29","29","16","16","15","11","4","0","1","0","ND","395","2","4","2","29","47","66","46","45","28","27","16","22","22","11","9","8","7","4","0","0","0","ND","103","2","3","4","9","11","7","4","12","4","6","3","7","7","5","7","7","4","0","0","1","0","ND","0","0","0","0","0","0","0","0","0","0","0","0","0","0","0","0","0","0","0","ND","0","ND","ND",
"Número_de_muertes_por_lesiones_debidas_a_accidentes_de_tráfico",	10,"Durango","2021","269","4","6","5","33","39","28","21","19","16","19","19","15","12","10","2","10","10","1","0","0","0","ND","220","4","5","1","27","30","23","19","18","12","15","16","13","9","7","2","10","8","1","0","0","0","ND","49","0","1","4","6","9","5","2","1","4","4","3","2","3","3","0","0","2","0","0","0","0","ND","0","0","0","0","0","0","0","0","0","0","0","0","0","0","0","0","0","0","0","ND","ND","ND","ND",
"Número_de_muertes_por_lesiones_debidas_a_accidentes_de_tráfico",	11,"Guanajuato","2021","268","6","9","11","26","35","32","17","17","22","19","16","20","8","8","11","3","7","0","0","0","0","1","224","5","3","9","24","34","27","14","15","18","17","15","15","5","6","10","2","4","0","0","0","0","1","44","1","6","2","2","1","5","3","2","4","2","1","5","3","2","1","1","3","0","0","0","0","0","0","0","0","0","0","0","0","0","0","0","0","0","0","0","0","0","0","0","ND","ND","ND","ND","0",
"Número_de_muertes_por_lesiones_debidas_a_accidentes_de_tráfico",	12,"Guerrero","2021","128","1","3","6","9","20","16","14","9","11","12","4","7","2","1","4","4","3","1","1","0","0","ND","108","1","3","3","8","16","13","12","8","9","9","3","7","2","1","4","4","3","1","1","0","0","ND","20","0","0","3","1","4","3","2","1","2","3","1","0","0","0","0","0","0","0","0","0","0","ND","0","0","0","0","0","0","0","0","0","0","0","0","0","0","0","0","0","0","0","0","ND","ND","ND",
"Número_de_muertes_por_lesiones_debidas_a_accidentes_de_tráfico",	13,"Hidalgo","2021","211","5","1","5","20","29","43","21","15","11","14","11","7","6","4","8","7","2","1","1","0","0","ND","169","3","1","4","16","25","32","20","11","9","14","9","5","5","3","6","3","2","0","1","0","0","ND","42","2","0","1","4","4","11","1","4","2","0","2","2","1","1","2","4","0","1","0","0","0","ND","0","0","0","0","0","0","0","0","0","0","0","0","0","0","0","0","0","0","0","0","ND","ND","ND",
"Número_de_muertes_por_lesiones_debidas_a_accidentes_de_tráfico",	14,"Jalisco","2021","955","22","11","25","96","124","131","95","62","78","63","48","54","35","35","30","18","14","8","3","0","0","3","792","12","8","18","76","99","115","85","48","69","56","42","45","27","30","25","14","12","6","3","0","0","2","162","10","3","7","20","25","16","10","14","9","7","6","9","8","5","5","4","2","2","0","0","0","0","1","0","0","0","0","0","0","0","0","0","0","0","0","0","0","0","0","0","0","0","ND","ND","1",
"Número_de_muertes_por_lesiones_debidas_a_accidentes_de_tráfico",	15,"México","2021","540","10","8","12","42","72","68","53","59","45","38","25","33","18","22","11","12","6","5","1","0","0","ND","451","7","7","7","36","63","62","42","46","40","34","19","30","14","16","9","10","4","4","1","0","0","ND","89","3","1","5","6","9","6","11","13","5","4","6","3","4","6","2","2","2","1","0","0","0","ND","0","0","0","0","0","0","0","0","0","0","0","0","0","0","0","0","0","0","0","0","ND","ND","ND",
"Número_de_muertes_por_lesiones_debidas_a_accidentes_de_tráfico",	16,"Michoacán_de_Ocampo","2021","162","3","3","2","23","16","20","18","18","10","6","10","5","11","6","5","2","4","0","0","0","0","ND","131","1","3","1","22","12","16","13","13","8","5","10","4","9","5","3","2","4","0","0","0","0","ND","31","2","0","1","1","4","4","5","5","2","1","0","1","2","1","2","0","0","0","0","0","0","ND","0","0","0","0","0","0","0","0","0","0","0","0","0","0","0","0","0","0","ND","ND","ND","ND","ND",
"Número_de_muertes_por_lesiones_debidas_a_accidentes_de_tráfico",	17,"Morelos","2021","66","0","0","1","7","12","10","5","4","4","5","2","5","1","2","3","2","1","1","1","0","0","ND","53","0","0","0","5","10","9","5","3","4","4","0","5","1","1","2","2","1","1","0","0","0","ND","13","0","0","1","2","2","1","0","1","0","1","2","0","0","1","1","0","0","0","1","0","0","ND","0","ND","ND","0","0","0","0","0","0","0","0","0","0","0","0","0","0","0","0","0","ND","ND","ND",
"Número_de_muertes_por_lesiones_debidas_a_accidentes_de_tráfico",	18,"Nayarit","2021","181","1","3","3","19","27","22","13","16","15","14","6","5","7","10","8","6","1","4","0","1","0","ND","143","1","0","3","15","22","15","11","13","11","13","5","4","6","8","7","3","1","4","0","1","0","ND","38","0","3","0","4","5","7","2","3","4","1","1","1","1","2","1","3","0","0","0","0","0","ND","0","0","0","0","0","0","0","0","0","0","0","0","0","0","0","0","0","0","0","ND","0","ND","ND",
"Número_de_muertes_por_lesiones_debidas_a_accidentes_de_tráfico",	19,"Nuevo_León","2021","94","3","1","3","7","8","10","8","8","8","13","6","11","1","3","1","1","1","1","0","0","0","ND","70","1","0","3","6","7","6","7","5","6","9","6","9","0","3","1","1","0","0","0","0","0","ND","24","2","1","0","1","1","4","1","3","2","4","0","2","1","0","0","0","1","1","0","0","0","ND","0","0","0","0","0","0","0","0","0","0","0","0","0","0","0","0","0","0","0","ND","ND","ND","ND",
"Número_de_muertes_por_lesiones_debidas_a_accidentes_de_tráfico",	20,"Oaxaca","2021","106","0","0","3","9","6","21","9","8","11","11","4","4","3","6","8","2","0","0","0","0","0","1","98","0","0","3","8","6","19","9","6","10","10","4","4","3","6","8","1","0","0","0","0","0","1","8","0","0","0","1","0","2","0","2","1","1","0","0","0","0","0","1","0","0","0","0","0","0","0","ND","ND","0","0","0","0","0","0","0","0","0","0","0","0","0","0","ND","ND","ND","ND","ND","0",
"Número_de_muertes_por_lesiones_debidas_a_accidentes_de_tráfico",	21,"Puebla","2021","198","3","3","10","18","25","30","18","19","9","8","11","13","10","6","3","3","5","1","1","0","1","1","160","2","3","4","17","22","28","15","17","6","5","8","9","9","6","3","2","2","1","1","0","0","0","38","1","0","6","1","3","2","3","2","3","3","3","4","1","0","0","1","3","0","0","0","1","1","0","0","0","0","0","0","0","0","0","0","0","0","0","0","0","0","0","0","0","0","ND","0","0",
"Número_de_muertes_por_lesiones_debidas_a_accidentes_de_tráfico",	22,"Querétaro","2021","226","7","3","3","15","28","32","21","23","19","14","7","11","11","14","8","2","2","0","0","3","0","3","188","2","2","3","13","26","23","21","19","17","11","7","9","9","14","6","2","0","0","0","1","0","3","38","5","1","0","2","2","9","0","4","2","3","0","2","2","0","2","0","2","0","0","2","0","0","0","0","0","0","0","0","0","0","0","0","0","0","0","0","0","0","0","0","ND","ND","0","ND","0",
"Número_de_muertes_por_lesiones_debidas_a_accidentes_de_tráfico",	23,"Quintana_Roo","2021","48","0","0","2","4","4","8","6","5","2","6","4","1","2","2","1","0","1","0","0","0","0","ND","37","0","0","2","2","4","7","5","4","2","5","3","0","0","2","0","0","1","0","0","0","0","ND","11","0","0","0","2","0","1","1","1","0","1","1","1","2","0","1","0","0","0","0","0","0","ND","0","ND","ND","0","0","0","0","0","0","0","0","0","0","0","0","0","ND","0","ND","ND","ND","ND","ND",
"Número_de_muertes_por_lesiones_debidas_a_accidentes_de_tráfico",	24,"San_Luis_Potosí","2021","353","10","5","15","45","43","34","25","36","29","18","15","15","18","11","16","11","5","1","1","0","0","ND","285","5","4","13","40","32","29","21","27","24","16","14","13","15","9","11","7","4","0","1","0","0","ND","68","5","1","2","5","11","5","4","9","5","2","1","2","3","2","5","4","1","1","0","0","0","ND","0","0","0","0","0","0","0","0","0","0","0","0","0","0","0","0","0","0","0","0","ND","ND","ND",
"Número_de_muertes_por_lesiones_debidas_a_accidentes_de_tráfico",	25,"Sinaloa","2021","240","6","1","5","21","23","26","28","20","15","20","11","12","15","14","9","5","8","0","0","0","0","1","203","4","1","4","21","22","22","25","18","12","18","9","8","12","10","8","4","5","0","0","0","0","0","37","2","0","1","0","1","4","3","2","3","2","2","4","3","4","1","1","3","0","0","0","0","1","0","0","0","0","0","0","0","0","0","0","0","0","0","0","0","0","0","0","ND","ND","ND","ND","0",
"Número_de_muertes_por_lesiones_debidas_a_accidentes_de_tráfico",	26,"Sonora","2021","222","5","0","2","19","21","28","20","20","20","13","21","10","15","7","12","5","2","0","0","1","0","1","172","3","0","2","14","19","21","16","14","15","12","16","8","12","4","11","4","1","0","0","0","0","0","50","2","0","0","5","2","7","4","6","5","1","5","2","3","3","1","1","1","0","0","1","0","1","0","0","ND","0","0","0","0","0","0","0","0","0","0","0","0","0","0","0","ND","ND","0","ND","0",
"Número_de_muertes_por_lesiones_debidas_a_accidentes_de_tráfico",	27,"Tabasco","2021","353","3","2","4","33","64","52","34","30","22","24","34","12","11","13","5","6","4","0","0","0","0","ND","295","2","1","3","29","55","44","31","22","18","18","28","11","9","10","5","5","4","0","0","0","0","ND","58","1","1","1","4","9","8","3","8","4","6","6","1","2","3","0","1","0","0","0","0","0","ND","0","0","0","0","0","0","0","0","0","0","0","0","0","0","0","0","0","0","ND","ND","ND","ND","ND",
"Número_de_muertes_por_lesiones_debidas_a_accidentes_de_tráfico",	28,"Tamaulipas","2021","283","4","3","0","16","35","35","23","21","19","28","25","21","15","19","7","4","2","5","0","1","0","ND","228","4","1","0","12","30","29","19","16","15","26","19","16","14","14","4","4","2","3","0","0","0","ND","55","0","2","0","4","5","6","4","5","4","2","6","5","1","5","3","0","0","2","0","1","0","ND","0","0","0","ND","0","0","0","0","0","0","0","0","0","0","0","0","0","0","0","ND","0","ND","ND",
"Número_de_muertes_por_lesiones_debidas_a_accidentes_de_tráfico",	29,"Tlaxcala","2021","150","7","2","4","12","22","20","18","11","11","9","7","4","7","7","5","1","3","0","0","0","0","ND","124","3","1","4","12","19","16","16","9","9","7","6","4","6","5","4","1","2","0","0","0","0","ND","26","4","1","0","0","3","4","2","2","2","2","1","0","1","2","1","0","1","0","0","0","0","ND","0","0","0","0","0","0","0","0","0","0","0","0","0","0","0","0","0","0","ND","ND","ND","ND","ND",
"Número_de_muertes_por_lesiones_debidas_a_accidentes_de_tráfico",	30,"Veracruz_de_Ignacio_de_la_Llave","2021","289","6","5","4","29","38","32","32","21","20","19","12","21","14","7","12","10","3","2","2","0","0","ND","237","3","4","3","24","33","24","30","16","16","15","12","18","11","7","11","6","3","0","1","0","0","ND","52","3","1","1","5","5","8","2","5","4","4","0","3","3","0","1","4","0","2","1","0","0","ND","0","0","0","0","0","0","0","0","0","0","0","0","0","0","0","0","0","0","0","0","ND","ND","ND",
"Número_de_muertes_por_lesiones_debidas_a_accidentes_de_tráfico",	31,"Yucatán","2021","223","3","1","1","12","22","33","20","25","21","20","13","7","11","10","15","5","4","0","0","0","0","ND","191","1","0","1","10","21","28","17","18","20","19","9","7","11","9","12","4","4","0","0","0","0","ND","32","2","1","0","2","1","5","3","7","1","1","4","0","0","1","3","1","0","0","0","0","0","ND","0","0","0","0","0","0","0","0","0","0","0","0","0","0","0","0","0","0","ND","ND","ND","ND","ND",
"Número_de_muertes_por_lesiones_debidas_a_accidentes_de_tráfico",	32,"Zacatecas","2021","362","13","10","15","40","36","43","37","28","30","22","20","18","13","14","6","7","7","1","1","0","0","1","298","7","3","12","36","33","37","31","22","25","20","16","13","12","14","5","5","6","0","0","0","0","1","64","6","7","3","4","3","6","6","6","5","2","4","5","1","0","1","2","1","1","1","0","0","0","0","0","0","0","0","0","0","0","0","0","0","0","0","0","0","0","0","0","0","0","ND","ND","0",
"Número_de_muertes_por_lesiones_debidas_a_accidentes_de_tráfico",	00,"Estados_Unidos_Mexicanos","2020","7,663","160","113","157","722","955","932","760","611","603","589","406","362","374","272","223","195","129","53","25","6","0","16","6,291","93","81","125","590","813","780","638","513","497","502","341","301","286","216","179","152","107","37","20","5","0","15","1,371","67","32","32","132","142","152","122","98","106","87","65","61","88","56","44","43","22","16","5","1","0","0","1","0","0","0","0","0","0","0","0","0","0","0","0","0","0","0","0","0","0","0","0","ND","1",
"Número_de_muertes_por_lesiones_debidas_a_accidentes_de_tráfico",	01,"Aguascalientes","2020","169","8","1","4","15","24","20","11","15","18","12","7","6","10","9","6","1","0","2","0","0","0","ND","139","3","1","3","14","21","17","8","12","17","10","5","5","8","7","5","1","0","2","0","0","0","ND","30","5","0","1","1","3","3","3","3","1","2","2","1","2","2","1","0","0","0","0","0","0","ND","0","0","0","0","0","0","0","0","0","0","0","0","0","0","0","0","0","ND","0","ND","ND","ND","ND",
"Número_de_muertes_por_lesiones_debidas_a_accidentes_de_tráfico",	02,"Baja_California","2020","136","6","3","3","13","17","16","10","11","12","9","8","6","4","4","6","2","4","0","1","0","0","1","109","6","3","1","8","12","13","7","10","9","7","7","6","4","4","5","2","4","0","0","0","0","1","27","0","0","2","5","5","3","3","1","3","2","1","0","0","0","1","0","0","0","1","0","0","0","0","0","0","0","0","0","0","0","0","0","0","0","0","0","0","0","0","0","ND","0","ND","ND","0",
"Número_de_muertes_por_lesiones_debidas_a_accidentes_de_tráfico",	03,"Baja_California_Sur","2020","80","3","0","1","6","7","8","12","7","11","7","4","3","4","1","1","2","3","0","0","0","0","ND","60","2","0","1","2","2","8","11","6","9","6","3","2","1","1","1","2","3","0","0","0","0","ND","20","1","0","0","4","5","0","1","1","2","1","1","1","3","0","0","0","0","0","0","0","0","ND","0","0","ND","0","0","0","0","0","0","0","0","0","0","0","0","0","0","0","ND","ND","ND","ND","ND",
"Número_de_muertes_por_lesiones_debidas_a_accidentes_de_tráfico",	04,"Campeche","2020","61","0","2","3","7","13","9","9","2","2","4","7","1","0","2","0","0","0","0","0","0","0","ND","57","0","2","3","7","12","8","9","2","2","3","7","1","0","1","0","0","0","0","0","0","0","ND","4","0","0","0","0","1","1","0","0","0","1","0","0","0","1","0","0","0","0","0","0","0","ND","0","ND","0","0","0","0","0","0","0","0","0","0","0","ND","0","ND","ND","ND","ND","ND","ND","ND","ND",
"Número_de_muertes_por_lesiones_debidas_a_accidentes_de_tráfico",	05,"Coahuila_de_Zaragoza","2020","229","6","7","7","20","22","23","20","23","24","21","13","7","10","9","7","7","2","1","0","0","0","ND","197","2","7","5","16","22","21","16","19","22","19","13","5","8","7","6","7","1","1","0","0","0","ND","32","4","0","2","4","0","2","4","4","2","2","0","2","2","2","1","0","1","0","0","0","0","ND","0","0","0","0","0","0","0","0","0","0","0","0","0","0","0","0","0","0","0","ND","ND","ND","ND",
"Número_de_muertes_por_lesiones_debidas_a_accidentes_de_tráfico",	06,"Colima","2020","85","3","1","0","10","14","17","6","6","4","6","3","2","5","3","1","1","2","1","0","0","0","ND","76","3","0","0","7","13","16","6","6","4","6","3","1","4","3","0","1","2","1","0","0","0","ND","9","0","1","0","3","1","1","0","0","0","0","0","1","1","0","1","0","0","0","0","0","0","ND","0","0","0","ND","0","0","0","0","0","0","0","0","0","0","0","0","0","0","0","ND","ND","ND","ND",
"Número_de_muertes_por_lesiones_debidas_a_accidentes_de_tráfico",	07,"Chiapas","2020","345","6","2","6","26","58","41","33","29","34","25","19","13","13","13","10","9","5","0","1","0","0","2","284","4","1","5","18","48","36","29","27","27","21","15","11","9","11","7","9","3","0","1","0","0","2","61","2","1","1","8","10","5","4","2","7","4","4","2","4","2","3","0","2","0","0","0","0","0","0","0","0","0","0","0","0","0","0","0","0","0","0","0","0","0","0","0","ND","0","ND","ND","0",
"Número_de_muertes_por_lesiones_debidas_a_accidentes_de_tráfico",	08,"Chihuahua","2020","453","14","10","14","40","44","57","38","33","30","37","28","26","17","23","20","15","1","4","1","1","0","ND","339","10","6","10","31","34","45","31","22","21","31","20","19","9","17","15","13","1","2","1","1","0","ND","114","4","4","4","9","10","12","7","11","9","6","8","7","8","6","5","2","0","2","0","0","0","ND","0","0","0","0","0","0","0","0","0","0","0","0","0","0","0","0","0","0","0","0","0","ND","ND",
"Número_de_muertes_por_lesiones_debidas_a_accidentes_de_tráfico",	09,"Ciudad_de_México","2020","451","3","4","4","29","60","73","59","34","26","36","19","17","25","14","13","18","14","2","1","0","0","ND","371","1","3","3","23","48","61","49","30","22","34","17","13","20","9","11","12","12","2","1","0","0","ND","80","2","1","1","6","12","12","10","4","4","2","2","4","5","5","2","6","2","0","0","0","0","ND","0","0","0","0","0","0","0","0","0","0","0","0","0","0","0","0","0","0","0","0","ND","ND","ND",
"Número_de_muertes_por_lesiones_debidas_a_accidentes_de_tráfico",	10,"Durango","2020","212","8","5","4","33","25","17","21","18","15","10","9","12","6","9","8","5","6","1","0","0","0","ND","180","7","4","2","27","22","13","18","16","11","8","9","11","6","7","7","5","6","1","0","0","0","ND","32","1","1","2","6","3","4","3","2","4","2","0","1","0","2","1","0","0","0","0","0","0","ND","0","0","0","0","0","0","0","0","0","0","0","0","0","0","0","0","0","0","0","ND","ND","ND","ND",
"Número_de_muertes_por_lesiones_debidas_a_accidentes_de_tráfico",	11,"Guanajuato","2020","292","7","7","4","22","38","35","33","28","27","19","20","12","6","10","10","5","3","4","1","0","0","1","247","3","6","4","21","35","31","28","22","23","15","15","12","5","8","10","3","3","2","0","0","0","1","45","4","1","0","1","3","4","5","6","4","4","5","0","1","2","0","2","0","2","1","0","0","0","0","0","0","0","0","0","0","0","0","0","0","0","0","0","0","0","0","0","0","0","ND","ND","0",
"Número_de_muertes_por_lesiones_debidas_a_accidentes_de_tráfico",	12,"Guerrero","2020","122","2","2","1","9","30","14","13","10","6","9","3","6","2","4","3","3","0","3","1","1","0","ND","96","0","1","1","4","29","12","10","8","4","9","3","5","0","2","2","3","0","1","1","1","0","ND","26","2","1","0","5","1","2","3","2","2","0","0","1","2","2","1","0","0","2","0","0","0","ND","0","0","0","0","0","0","0","0","0","0","0","0","0","0","0","0","0","ND","0","0","0","ND","ND",
"Número_de_muertes_por_lesiones_debidas_a_accidentes_de_tráfico",	13,"Hidalgo","2020","171","3","4","7","17","22","23","16","7","10","16","12","5","3","5","6","9","4","1","1","0","0","ND","148","2","3","6","14","19","21","15","5","10","16","10","4","3","4","6","7","2","0","1","0","0","ND","23","1","1","1","3","3","2","1","2","0","0","2","1","0","1","0","2","2","1","0","0","0","ND","0","0","0","0","0","0","0","0","0","0","0","0","0","0","0","0","0","0","0","0","ND","ND","ND",
"Número_de_muertes_por_lesiones_debidas_a_accidentes_de_tráfico",	14,"Jalisco","2020","948","23","14","21","112","129","108","88","72","67","69","49","53","31","29","29","22","18","8","1","0","0","5","772","14","7","17","93","109","80","78","61","56","61","44","43","18","22","23","17","16","7","1","0","0","5","176","9","7","4","19","20","28","10","11","11","8","5","10","13","7","6","5","2","1","0","0","0","0","0","0","0","0","0","0","0","0","0","0","0","0","0","0","0","0","0","0","0","0","ND","ND","0",
"Número_de_muertes_por_lesiones_debidas_a_accidentes_de_tráfico",	15,"México","2020","600","10","12","14","51","80","82","70","49","46","39","27","27","27","24","17","12","5","5","3","0","0","ND","494","8","7","12","40","65","71","63","42","39","31","25","22","21","15","14","8","4","4","3","0","0","ND","106","2","5","2","11","15","11","7","7","7","8","2","5","6","9","3","4","1","1","0","0","0","ND","0","0","0","0","0","0","0","0","0","0","0","0","0","0","0","0","0","0","0","0","ND","ND","ND",
"Número_de_muertes_por_lesiones_debidas_a_accidentes_de_tráfico",	16,"Michoacán_de_Ocampo","2020","197","12","1","6","24","24","24","14","13","11","12","5","9","15","4","4","7","6","2","4","0","0","ND","163","8","1","6","22","22","19","10","11","8","11","5","5","14","2","3","4","6","2","4","0","0","ND","34","4","0","0","2","2","5","4","2","3","1","0","4","1","2","1","3","0","0","0","0","0","ND","0","0","0","0","0","0","0","0","0","0","0","0","0","0","0","0","0","0","0","0","ND","ND","ND",
"Número_de_muertes_por_lesiones_debidas_a_accidentes_de_tráfico",	17,"Morelos","2020","73","2","1","0","4","11","9","10","8","3","3","3","2","5","6","1","2","2","0","1","0","0","ND","55","0","1","0","2","8","8","7","8","3","3","3","2","4","4","0","0","1","0","1","0","0","ND","18","2","0","0","2","3","1","3","0","0","0","0","0","1","2","1","2","1","0","0","0","0","ND","0","0","0","ND","0","0","0","0","0","0","0","0","0","0","0","0","0","0","ND","0","ND","ND","ND",
"Número_de_muertes_por_lesiones_debidas_a_accidentes_de_tráfico",	18,"Nayarit","2020","158","4","1","2","21","22","13","9","7","15","9","13","3","9","2","7","4","13","4","0","0","0","ND","124","1","1","2","18","18","11","6","4","12","7","10","3","6","2","6","3","12","2","0","0","0","ND","34","3","0","0","3","4","2","3","3","3","2","3","0","3","0","1","1","1","2","0","0","0","ND","0","0","0","0","0","0","0","0","0","0","0","0","0","0","0","0","0","0","0","ND","ND","ND","ND",
"Número_de_muertes_por_lesiones_debidas_a_accidentes_de_tráfico",	19,"Nuevo_León","2020","57","1","2","1","0","4","5","2","8","3","12","4","8","3","2","0","1","0","1","0","0","0","ND","43","1","1","0","0","4","4","2","5","0","10","4","8","2","1","0","0","0","1","0","0","0","ND","14","0","1","1","0","0","1","0","3","3","2","0","0","1","1","0","1","0","0","0","0","0","ND","0","0","0","0","ND","0","0","0","0","0","0","0","0","0","0","ND","0","ND","0","ND","ND","ND","ND",
"Número_de_muertes_por_lesiones_debidas_a_accidentes_de_tráfico",	20,"Oaxaca","2020","92","1","1","1","2","17","14","6","10","9","5","3","8","2","4","4","4","0","0","1","0","0","ND","76","0","1","0","2","15","13","6","9","7","5","2","6","1","4","3","2","0","0","0","0","0","ND","16","1","0","1","0","2","1","0","1","2","0","1","2","1","0","1","2","0","0","1","0","0","ND","0","0","0","0","0","0","0","0","0","0","0","0","0","0","0","0","0","ND","ND","0","ND","ND","ND",
"Número_de_muertes_por_lesiones_debidas_a_accidentes_de_tráfico",	21,"Puebla","2020","262","3","5","7","30","28","46","28","19","19","15","12","10","15","6","9","6","2","1","0","1","0","ND","206","1","3","5","23","24","38","23","18","15","11","10","8","11","5","6","3","0","1","0","1","0","ND","56","2","2","2","7","4","8","5","1","4","4","2","2","4","1","3","3","2","0","0","0","0","ND","0","0","0","0","0","0","0","0","0","0","0","0","0","0","0","0","0","0","0","ND","0","ND","ND",
"Número_de_muertes_por_lesiones_debidas_a_accidentes_de_tráfico",	22,"Querétaro","2020","206","4","0","7","20","29","20","20","21","19","17","12","9","11","1","4","6","2","1","1","1","0","1","175","2","0","6","18","24","14","17","18","18","15","12","8","10","1","2","5","2","0","1","1","0","1","31","2","0","1","2","5","6","3","3","1","2","0","1","1","0","2","1","0","1","0","0","0","0","0","0","ND","0","0","0","0","0","0","0","0","0","0","0","0","0","0","0","0","0","0","ND","0",
"Número_de_muertes_por_lesiones_debidas_a_accidentes_de_tráfico",	23,"Quintana_Roo","2020","53","0","0","1","3","7","5","4","7","6","7","3","5","3","0","0","1","1","0","0","0","0","ND","45","0","0","1","2","6","5","1","6","5","6","3","5","3","0","0","1","1","0","0","0","0","ND","8","0","0","0","1","1","0","3","1","1","1","0","0","0","0","0","0","0","0","0","0","0","ND","0","ND","ND","0","0","0","0","0","0","0","0","0","0","0","ND","ND","0","0","ND","ND","ND","ND","ND",
"Número_de_muertes_por_lesiones_debidas_a_accidentes_de_tráfico",	24,"San_Luis_Potosí","2020","273","8","7","5","31","29","29","34","14","23","22","10","18","13","9","7","8","3","3","0","0","0","ND","215","3","7","4","28","23","21","27","11","17","19","8","15","8","9","6","6","2","1","0","0","0","ND","58","5","0","1","3","6","8","7","3","6","3","2","3","5","0","1","2","1","2","0","0","0","ND","0","0","0","0","0","0","0","0","0","0","0","0","0","0","0","0","0","0","0","ND","ND","ND","ND",
"Número_de_muertes_por_lesiones_debidas_a_accidentes_de_tráfico",	25,"Sinaloa","2020","241","5","5","5","27","16","23","16","23","21","13","17","11","13","14","10","8","7","3","1","0","0","3","202","3","5","5","25","15","18","11","19","19","13","12","8","12","11","8","6","5","3","1","0","0","3","39","2","0","0","2","1","5","5","4","2","0","5","3","1","3","2","2","2","0","0","0","0","0","0","0","0","0","0","0","0","0","0","0","0","0","0","0","0","0","0","0","0","0","ND","ND","0",
"Número_de_muertes_por_lesiones_debidas_a_accidentes_de_tráfico",	26,"Sonora","2020","265","1","4","7","25","27","28","17","18","26","27","15","20","24","7","3","7","5","2","0","1","0","1","222","0","2","6","22","23","25","14","16","20","22","12","19","21","7","2","6","3","1","0","1","0","0","42","1","2","1","3","4","3","3","2","6","5","3","1","3","0","1","1","2","1","0","0","0","0","1","0","0","0","0","0","0","0","0","0","0","0","0","0","0","0","0","0","0","ND","0","ND","1",
"Número_de_muertes_por_lesiones_debidas_a_accidentes_de_tráfico",	27,"Tabasco","2020","234","0","2","2","15","25","37","31","25","23","21","15","13","12","9","3","1","0","0","0","0","0","ND","203","0","1","1","14","24","33","24","22","18","17","13","13","11","8","3","1","0","0","0","0","0","ND","31","0","1","1","1","1","4","7","3","5","4","2","0","1","1","0","0","0","0","0","0","0","ND","0","ND","0","0","0","0","0","0","0","0","0","0","0","0","0","0","0","ND","ND","ND","ND","ND","ND",
"Número_de_muertes_por_lesiones_debidas_a_accidentes_de_tráfico",	28,"Tamaulipas","2020","288","1","1","5","18","21","19","33","28","25","30","19","14","41","9","7","6","6","3","2","0","0","ND","234","1","0","4","12","18","16","28","21","22","22","15","12","32","9","7","6","5","2","2","0","0","ND","54","0","1","1","6","3","3","5","7","3","8","4","2","9","0","0","0","1","1","0","0","0","ND","0","0","0","0","0","0","0","0","0","0","0","0","0","0","0","0","0","0","0","0","ND","ND","ND",
"Número_de_muertes_por_lesiones_debidas_a_accidentes_de_tráfico",	29,"Tlaxcala","2020","144","1","4","2","14","12","25","21","14","13","10","8","2","4","3","3","3","2","0","2","1","0","ND","121","1","4","1","10","11","21","21","11","10","9","7","2","3","3","2","2","2","0","1","0","0","ND","23","0","0","1","4","1","4","0","3","3","1","1","0","1","0","1","1","0","0","1","1","0","ND","0","0","0","0","0","0","0","0","0","0","0","0","0","0","0","0","0","0","ND","0","0","ND","ND",
"Número_de_muertes_por_lesiones_debidas_a_accidentes_de_tráfico",	30,"Veracruz_de_Ignacio_de_la_Llave","2020","300","4","3","3","21","36","37","33","26","26","30","20","16","11","10","8","9","4","1","2","0","0","ND","253","2","2","3","19","31","33","29","23","23","25","14","13","9","8","7","7","3","1","1","0","0","ND","47","2","1","0","2","5","4","4","3","3","5","6","3","2","2","1","2","1","0","1","0","0","ND","0","0","0","0","0","0","0","0","0","0","0","0","0","0","0","0","0","0","0","0","ND","ND","ND",
"Número_de_muertes_por_lesiones_debidas_a_accidentes_de_tráfico",	31,"Yucatán","2020","150","3","0","0","13","14","19","13","5","11","16","10","7","8","12","7","6","4","0","0","0","0","2","122","1","0","0","10","13","16","12","5","9","13","8","4","5","12","4","5","3","0","0","0","0","2","28","2","0","0","3","1","3","1","0","2","3","2","3","3","0","3","1","1","0","0","0","0","0","0","0","ND","ND","0","0","0","0","0","0","0","0","0","0","0","0","0","0","ND","ND","ND","ND","0",
"Número_de_muertes_por_lesiones_debidas_a_accidentes_de_tráfico",	32,"Zacatecas","2020","316","8","2","10","44","50","36","30","21","18","21","9","11","22","15","9","5","5","0","0","0","0","ND","263","4","1","8","38","43","32","22","18","15","17","7","10","18","12","8","5","5","0","0","0","0","ND","53","4","1","2","6","7","4","8","3","3","4","2","1","4","3","1","0","0","0","0","0","0","ND","0","0","0","0","0","0","0","0","0","0","0","0","0","0","0","0","0","0","ND","ND","ND","ND","ND",
"Número_de_muertes_por_lesiones_debidas_a_accidentes_de_tráfico",	00,"Estados_Unidos_Mexicanos","2019","8,653","182","136","177","747","1,088","959","803","716","650","604","510","486","395","348","294","244","173","92","33","6","0","10","6,946","99","84","130","618","927","818","666","582","539","512","410","380","297","261","218","182","126","63","21","5","0","8","1,706","83","52","47","129","161","141","137","134","111","92","100","106","98","87","76","62","47","29","12","1","0","1","1","0","0","0","0","0","0","0","0","0","0","0","0","0","0","0","0","0","0","0","0","ND","1",
"Número_de_muertes_por_lesiones_debidas_a_accidentes_de_tráfico",	01,"Aguascalientes","2019","199","5","7","8","15","26","24","19","13","15","15","9","12","11","1","8","5","3","3","0","0","0","ND","146","3","5","5","12","21","18","17","10","12","9","7","6","7","1","4","4","3","2","0","0","0","ND","53","2","2","3","3","5","6","2","3","3","6","2","6","4","0","4","1","0","1","0","0","0","ND","0","0","0","0","0","0","0","0","0","0","0","0","0","0","0","0","0","0","0","ND","ND","ND","ND",
"Número_de_muertes_por_lesiones_debidas_a_accidentes_de_tráfico",	02,"Baja_California","2019","163","7","3","4","14","20","18","13","23","11","12","13","6","6","6","2","2","1","1","1","0","0","ND","133","6","3","3","12","14","12","10","19","10","12","11","5","5","4","2","2","1","1","1","0","0","ND","30","1","0","1","2","6","6","3","4","1","0","2","1","1","2","0","0","0","0","0","0","0","ND","0","0","0","0","0","0","0","0","0","0","0","0","0","0","0","0","0","0","0","0","ND","ND","ND",
"Número_de_muertes_por_lesiones_debidas_a_accidentes_de_tráfico",	03,"Baja_California_Sur","2019","134","1","3","1","10","20","21","15","9","16","10","9","7","4","5","0","0","2","1","0","0","0","ND","107","1","3","1","9","16","13","11","7","15","9","9","5","3","3","0","0","2","0","0","0","0","ND","27","0","0","0","1","4","8","4","2","1","1","0","2","1","2","0","0","0","1","0","0","0","ND","0","0","0","0","0","0","0","0","0","0","0","0","0","0","0","ND","ND","0","0","ND","ND","ND","ND",
"Número_de_muertes_por_lesiones_debidas_a_accidentes_de_tráfico",	04,"Campeche","2019","86","0","0","0","9","10","13","12","6","6","3","6","7","4","4","4","1","0","0","0","1","0","ND","77","0","0","0","7","9","12","10","6","6","3","6","6","4","4","3","0","0","0","0","1","0","ND","9","0","0","0","2","1","1","2","0","0","0","0","1","0","0","1","1","0","0","0","0","0","ND","0","ND","ND","ND","0","0","0","0","0","0","0","0","0","0","0","0","0","ND","ND","ND","0","ND","ND",
"Número_de_muertes_por_lesiones_debidas_a_accidentes_de_tráfico",	05,"Coahuila_de_Zaragoza","2019","223","4","4","3","11","24","16","21","21","18","17","14","17","12","17","8","10","4","1","1","0","0","ND","176","1","3","1","10","19","13","16","18","17","15","10","15","7","14","5","7","3","1","1","0","0","ND","47","3","1","2","1","5","3","5","3","1","2","4","2","5","3","3","3","1","0","0","0","0","ND","0","0","0","0","0","0","0","0","0","0","0","0","0","0","0","0","0","0","0","0","ND","ND","ND",
"Número_de_muertes_por_lesiones_debidas_a_accidentes_de_tráfico",	06,"Colima","2019","87","2","0","0","12","8","7","14","8","6","9","1","4","6","3","1","2","1","3","0","0","0","ND","67","0","0","0","9","7","4","10","5","6","8","1","4","4","3","1","2","1","2","0","0","0","ND","20","2","0","0","3","1","3","4","3","0","1","0","0","2","0","0","0","0","1","0","0","0","ND","0","0","ND","ND","0","0","0","0","0","0","0","0","0","0","0","0","0","0","0","ND","ND","ND","ND",
"Número_de_muertes_por_lesiones_debidas_a_accidentes_de_tráfico",	07,"Chiapas","2019","406","10","7","11","34","49","41","40","48","38","24","19","27","20","19","9","3","3","3","1","0","0","ND","327","5","5","8","25","43","39","31","36","34","21","12","20","14","16","8","3","3","3","1","0","0","ND","79","5","2","3","9","6","2","9","12","4","3","7","7","6","3","1","0","0","0","0","0","0","ND","0","0","0","0","0","0","0","0","0","0","0","0","0","0","0","0","0","0","0","0","ND","ND","ND",
"Número_de_muertes_por_lesiones_debidas_a_accidentes_de_tráfico",	08,"Chihuahua","2019","388","6","9","13","34","47","44","35","37","24","21","34","18","19","11","9","17","8","1","0","0","0","1","303","1","4","11","25","42","37","30","31","17","18","28","16","11","8","7","11","5","0","0","0","0","1","85","5","5","2","9","5","7","5","6","7","3","6","2","8","3","2","6","3","1","0","0","0","0","0","0","0","0","0","0","0","0","0","0","0","0","0","0","0","0","0","0","0","ND","ND","ND","0",
"Número_de_muertes_por_lesiones_debidas_a_accidentes_de_tráfico",	09,"Ciudad_de_México","2019","346","3","3","2","25","41","40","23","22","25","29","26","17","20","15","16","13","13","9","4","0","0","ND","262","0","2","0","19","36","31","21","21","21","25","21","7","15","8","8","9","9","7","2","0","0","ND","84","3","1","2","6","5","9","2","1","4","4","5","10","5","7","8","4","4","2","2","0","0","ND","0","0","0","0","0","0","0","0","0","0","0","0","0","0","0","0","0","0","0","0","ND","ND","ND",
"Número_de_muertes_por_lesiones_debidas_a_accidentes_de_tráfico",	10,"Durango","2019","245","9","8","7","23","28","29","15","18","10","20","20","17","6","9","11","8","6","1","0","0","0","ND","197","4","5","4","18","21","27","13","15","6","17","17","14","5","9","10","7","4","1","0","0","0","ND","48","5","3","3","5","7","2","2","3","4","3","3","3","1","0","1","1","2","0","0","0","0","ND","0","0","0","0","0","0","0","0","0","0","0","0","0","0","0","0","0","0","0","ND","ND","ND","ND",
"Número_de_muertes_por_lesiones_debidas_a_accidentes_de_tráfico",	11,"Guanajuato","2019","389","11","10","16","37","53","34","38","33","26","26","20","19","11","14","16","7","10","7","1","0","0","ND","300","10","4","10","31","43","25","33","25","19","22","15","16","9","12","11","5","6","4","0","0","0","ND","89","1","6","6","6","10","9","5","8","7","4","5","3","2","2","5","2","4","3","1","0","0","ND","0","0","0","0","0","0","0","0","0","0","0","0","0","0","0","0","0","0","0","0","ND","ND","ND",
"Número_de_muertes_por_lesiones_debidas_a_accidentes_de_tráfico",	12,"Guerrero","2019","152","1","1","1","10","21","21","15","11","7","8","8","7","9","8","3","7","9","4","0","0","0","1","122","1","1","1","8","19","17","12","9","5","7","5","6","9","8","2","5","4","2","0","0","0","1","30","0","0","0","2","2","4","3","2","2","1","3","1","0","0","1","2","5","2","0","0","0","0","0","0","0","0","0","0","0","0","0","0","0","0","0","0","0","0","0","0","0","ND","ND","ND","0",
"Número_de_muertes_por_lesiones_debidas_a_accidentes_de_tráfico",	13,"Hidalgo","2019","160","5","3","1","12","25","19","14","11","14","12","8","11","7","5","3","5","3","1","1","0","0","ND","133","3","3","1","8","23","18","11","11","12","11","4","10","5","3","2","3","3","1","1","0","0","ND","27","2","0","0","4","2","1","3","0","2","1","4","1","2","2","1","2","0","0","0","0","0","ND","0","0","0","0","0","0","0","0","0","0","0","0","0","0","0","0","0","0","0","0","ND","ND","ND",
"Número_de_muertes_por_lesiones_debidas_a_accidentes_de_tráfico",	14,"Jalisco","2019","850","19","13","12","96","110","77","74","70","62","58","46","54","33","40","25","24","16","12","5","1","0","3","690","10","8","11","87","91","66","63","56","51","50","39","48","25","26","21","16","11","5","3","1","0","2","159","9","5","1","9","19","11","11","14","11","8","7","6","8","14","4","8","5","7","2","0","0","0","1","0","0","0","0","0","0","0","0","0","0","0","0","0","0","0","0","0","0","0","0","ND","1",
"Número_de_muertes_por_lesiones_debidas_a_accidentes_de_tráfico",	15,"México","2019","760","12","9","12","58","103","97","68","57","70","56","35","38","42","25","24","26","14","11","2","1","0","ND","595","6","6","12","44","88","82","55","47","51","44","29","25","28","21","17","21","9","9","1","0","0","ND","165","6","3","0","14","15","15","13","10","19","12","6","13","14","4","7","5","5","2","1","1","0","ND","0","0","0","0","0","0","0","0","0","0","0","0","0","0","0","0","0","0","0","0","0","ND","ND",
"Número_de_muertes_por_lesiones_debidas_a_accidentes_de_tráfico",	16,"Michoacán_de_Ocampo","2019","193","3","1","5","23","27","20","16","11","11","10","12","15","6","9","8","6","5","2","2","0","0","1","160","0","1","3","18","23","18","14","10","9","10","12","12","4","6","6","6","3","2","2","0","0","1","33","3","0","2","5","4","2","2","1","2","0","0","3","2","3","2","0","2","0","0","0","0","0","0","0","0","0","0","0","0","0","0","0","0","0","0","0","0","0","0","0","0","0","ND","ND","0",
"Número_de_muertes_por_lesiones_debidas_a_accidentes_de_tráfico",	17,"Morelos","2019","54","0","1","0","2","6","7","6","5","3","4","4","3","5","5","1","1","1","0","0","0","0","ND","42","0","1","0","2","5","7","4","4","2","4","4","1","4","2","1","0","1","0","0","0","0","ND","12","0","0","0","0","1","0","2","1","1","0","0","2","1","3","0","1","0","0","0","0","0","ND","0","ND","0","ND","0","0","0","0","0","0","0","0","0","0","0","0","0","0","ND","ND","ND","ND","ND",
"Número_de_muertes_por_lesiones_debidas_a_accidentes_de_tráfico",	18,"Nayarit","2019","153","5","3","6","14","15","11","13","11","12","10","8","11","9","6","8","7","3","1","0","0","0","ND","126","3","2","5","12","12","11","11","7","11","10","7","9","8","6","6","3","3","0","0","0","0","ND","27","2","1","1","2","3","0","2","4","1","0","1","2","1","0","2","4","0","1","0","0","0","ND","0","0","0","0","0","0","0","0","0","0","0","0","0","0","0","0","0","0","0","ND","ND","ND","ND",
"Número_de_muertes_por_lesiones_debidas_a_accidentes_de_tráfico",	19,"Nuevo_León","2019","62","4","1","4","5","6","9","3","2","6","4","2","4","3","2","2","2","2","1","0","0","0","ND","44","3","1","2","2","4","6","2","2","5","4","2","3","1","1","2","2","1","1","0","0","0","ND","18","1","0","2","3","2","3","1","0","1","0","0","1","2","1","0","0","1","0","0","0","0","ND","0","0","0","0","0","0","0","0","0","0","0","0","0","0","0","0","0","0","0","ND","ND","ND","ND",
"Número_de_muertes_por_lesiones_debidas_a_accidentes_de_tráfico",	20,"Oaxaca","2019","151","1","3","2","16","19","18","11","17","7","8","8","5","9","8","5","8","0","4","2","0","0","ND","114","1","2","2","14","12","17","10","11","5","7","7","4","4","7","3","5","0","2","1","0","0","ND","37","0","1","0","2","7","1","1","6","2","1","1","1","5","1","2","3","0","2","1","0","0","ND","0","0","0","0","0","0","0","0","0","0","0","0","0","0","0","0","0","ND","0","0","ND","ND","ND",
"Número_de_muertes_por_lesiones_debidas_a_accidentes_de_tráfico",	21,"Puebla","2019","360","6","2","8","38","51","37","34","29","33","21","14","18","14","15","10","14","7","7","2","0","0","ND","286","2","1","5","36","47","32","29","23","27","16","10","12","11","9","8","9","4","4","1","0","0","ND","74","4","1","3","2","4","5","5","6","6","5","4","6","3","6","2","5","3","3","1","0","0","ND","0","0","0","0","0","0","0","0","0","0","0","0","0","0","0","0","0","0","0","0","ND","ND","ND",
"Número_de_muertes_por_lesiones_debidas_a_accidentes_de_tráfico",	22,"Querétaro","2019","252","4","2","4","15","40","37","35","28","22","14","10","9","7","6","4","4","5","2","2","0","0","2","203","1","1","3","13","37","33","30","21","17","12","8","8","6","2","2","2","4","1","0","0","0","2","49","3","1","1","2","3","4","5","7","5","2","2","1","1","4","2","2","1","1","2","0","0","0","0","0","0","0","0","0","0","0","0","0","0","0","0","0","0","0","0","0","0","0","ND","ND","0",
"Número_de_muertes_por_lesiones_debidas_a_accidentes_de_tráfico",	23,"Quintana_Roo","2019","46","1","1","0","2","7","4","7","4","6","4","3","2","1","2","0","0","2","0","0","0","0","ND","37","0","0","0","2","7","4","6","4","5","1","3","1","1","2","0","0","1","0","0","0","0","ND","9","1","1","0","0","0","0","1","0","1","3","0","1","0","0","0","0","1","0","0","0","0","ND","0","0","0","ND","0","0","0","0","0","0","0","0","0","0","0","ND","ND","0","ND","ND","ND","ND","ND",
"Número_de_muertes_por_lesiones_debidas_a_accidentes_de_tráfico",	24,"San_Luis_Potosí","2019","350","13","5","10","23","39","37","28","27","26","28","18","19","26","13","13","12","8","3","2","0","0","ND","286","6","3","7","19","35","34","27","25","20","24","13","15","20","8","9","11","6","3","1","0","0","ND","64","7","2","3","4","4","3","1","2","6","4","5","4","6","5","4","1","2","0","1","0","0","ND","0","0","0","0","0","0","0","0","0","0","0","0","0","0","0","0","0","0","0","0","ND","ND","ND",
"Número_de_muertes_por_lesiones_debidas_a_accidentes_de_tráfico",	25,"Sinaloa","2019","340","8","4","5","37","41","32","33","27","19","22","25","17","15","20","16","8","7","2","1","0","0","1","284","5","3","4","30","37","29","28","19","18","19","22","15","11","15","12","6","7","2","1","0","0","1","56","3","1","1","7","4","3","5","8","1","3","3","2","4","5","4","2","0","0","0","0","0","0","0","0","0","0","0","0","0","0","0","0","0","0","0","0","0","0","0","0","0","0","ND","ND","0",
"Número_de_muertes_por_lesiones_debidas_a_accidentes_de_tráfico",	26,"Sonora","2019","261","9","4","9","16","25","26","22","23","23","23","19","11","13","15","12","6","5","0","0","0","0","ND","211","6","3","6","15","18","21","17","21","20","22","13","9","12","12","9","4","3","0","0","0","0","ND","50","3","1","3","1","7","5","5","2","3","1","6","2","1","3","3","2","2","0","0","0","0","ND","0","0","0","0","0","0","0","0","0","0","0","0","0","0","0","0","0","0","ND","ND","ND","ND","ND",
"Número_de_muertes_por_lesiones_debidas_a_accidentes_de_tráfico",	27,"Tabasco","2019","348","5","2","7","28","44","52","38","30","26","23","21","26","12","11","8","10","4","1","0","0","0","ND","295","2","1","5","24","37","48","33","24","23","20","14","24","10","9","7","9","4","1","0","0","0","ND","53","3","1","2","4","7","4","5","6","3","3","7","2","2","2","1","1","0","0","0","0","0","ND","0","0","0","0","0","0","0","0","0","0","0","0","0","0","0","0","0","0","0","ND","ND","ND","ND",
"Número_de_muertes_por_lesiones_debidas_a_accidentes_de_tráfico",	28,"Tamaulipas","2019","369","5","7","6","27","32","38","38","34","27","29","27","24","21","12","17","10","9","1","1","3","0","1","288","4","4","5","17","27","30","28","28","20","23","21","18","19","10","13","8","8","1","1","3","0","0","81","1","3","1","10","5","8","10","6","7","6","6","6","2","2","4","2","1","0","0","0","0","1","0","0","0","0","0","0","0","0","0","0","0","0","0","0","0","0","0","0","0","0","0","ND","0",
"Número_de_muertes_por_lesiones_debidas_a_accidentes_de_tráfico",	29,"Tlaxcala","2019","148","1","3","4","11","19","23","16","14","8","7","11","7","6","4","3","5","3","1","2","0","0","ND","115","1","1","2","10","15","17","13","13","6","5","10","6","5","2","1","5","1","1","1","0","0","ND","33","0","2","2","1","4","6","3","1","2","2","1","1","1","2","2","0","2","0","1","0","0","ND","0","0","0","0","0","0","0","0","0","0","0","0","0","0","0","0","0","0","0","0","ND","ND","ND",
"Número_de_muertes_por_lesiones_debidas_a_accidentes_de_tráfico",	30,"Veracruz_de_Ignacio_de_la_Llave","2019","348","5","6","6","30","46","43","33","24","23","32","21","18","17","13","19","6","2","2","2","0","0","ND","303","5","3","5","28","42","42","30","21","23","26","18","14","14","10","13","4","2","1","2","0","0","ND","45","0","3","1","2","4","1","3","3","0","6","3","4","3","3","6","2","0","1","0","0","0","ND","0","0","0","0","0","0","0","0","0","0","0","0","0","0","0","0","0","0","0","0","ND","ND","ND",
"Número_de_muertes_por_lesiones_debidas_a_accidentes_de_tráfico",	31,"Yucatán","2019","247","2","3","2","11","35","30","22","22","21","17","13","15","11","10","13","6","9","4","1","0","0","ND","203","1","0","1","9","30","26","15","18","18","15","10","12","8","8","12","6","9","4","1","0","0","ND","44","1","3","1","2","5","4","7","4","3","2","3","3","3","2","1","0","0","0","0","0","0","ND","0","0","0","0","0","0","0","0","0","0","0","0","0","0","0","0","0","0","0","0","ND","ND","ND",
"Número_de_muertes_por_lesiones_debidas_a_accidentes_de_tráfico",	32,"Zacatecas","2019","383","15","8","8","49","51","34","32","21","29","28","26","21","10","15","16","9","8","3","0","0","0","ND","314","8","5","7","43","47","29","26","15","28","23","22","14","8","12","13","7","5","2","0","0","0","ND","69","7","3","1","6","4","5","6","6","1","5","4","7","2","3","3","2","3","1","0","0","0","ND","0","0","0","0","0","0","0","0","0","0","0","0","0","0","0","0","0","0","0","ND","ND","ND","ND",
"Número_de_muertes_por_lesiones_debidas_a_accidentes_de_tráfico",	00,"Estados_Unidos_Mexicanos","2018","9,431","207","132","213","847","1,170","1,052","842","803","739","626","553","530","441","374","323","239","175","104","34","6","1","20","7,568","117","70","158","713","1,004","863","708","667","625","523","438","422","344","277","236","169","124","71","18","4","1","16","1,863","90","62","55","134","166","189","134","136","114","103","115","108","97","97","87","70","51","33","16","2","0","4","0","0","0","0","0","0","0","0","0","0","0","0","0","0","0","0","0","0","0","0","0","0","0",
"Número_de_muertes_por_lesiones_debidas_a_accidentes_de_tráfico",	01,"Aguascalientes","2018","196","4","8","5","22","30","16","17","19","9","11","11","13","6","8","5","5","4","2","0","1","0","ND","152","2","6","5","21","22","14","14","15","7","10","7","9","3","8","2","4","2","1","0","0","0","ND","44","2","2","0","1","8","2","3","4","2","1","4","4","3","0","3","1","2","1","0","1","0","ND","0","0","0","0","0","0","0","0","0","0","0","0","0","0","0","0","0","0","0","ND","0","ND","ND",
"Número_de_muertes_por_lesiones_debidas_a_accidentes_de_tráfico",	02,"Baja_California","2018","144","5","3","3","7","21","15","12","15","12","7","15","10","7","5","1","2","2","1","1","0","0","ND","111","4","1","3","4","18","12","9","12","10","7","12","7","4","5","0","2","0","0","1","0","0","ND","33","1","2","0","3","3","3","3","3","2","0","3","3","3","0","1","0","2","1","0","0","0","ND","0","0","0","0","0","0","0","0","0","0","0","0","0","0","0","0","0","0","0","0","ND","ND","ND",
"Número_de_muertes_por_lesiones_debidas_a_accidentes_de_tráfico",	03,"Baja_California_Sur","2018","129","2","5","2","8","16","8","16","10","20","9","6","8","6","7","1","2","1","1","1","0","0","ND","105","1","3","1","8","12","6","16","8","18","8","5","7","5","4","0","1","1","1","0","0","0","ND","24","1","2","1","0","4","2","0","2","2","1","1","1","1","3","1","1","0","0","1","0","0","ND","0","0","0","0","0","0","0","0","0","0","0","0","0","0","0","0","0","0","0","0","ND","ND","ND",
"Número_de_muertes_por_lesiones_debidas_a_accidentes_de_tráfico",	04,"Campeche","2018","85","1","0","3","11","12","8","7","7","7","5","5","5","6","2","2","3","1","0","0","0","0","ND","79","0","0","3","11","11","8","7","6","7","4","5","4","5","2","2","3","1","0","0","0","0","ND","6","1","0","0","0","1","0","0","1","0","1","0","1","1","0","0","0","0","0","0","0","0","ND","0","0","ND","0","0","0","0","0","0","0","0","0","0","0","0","0","0","0","ND","ND","ND","ND","ND",
"Número_de_muertes_por_lesiones_debidas_a_accidentes_de_tráfico",	05,"Coahuila_de_Zaragoza","2018","294","6","7","9","26","27","34","20","18","23","28","14","23","20","15","9","8","4","2","1","0","0","ND","234","2","3","7","19","25","28","15","16","20","23","13","18","18","10","6","5","3","2","1","0","0","ND","60","4","4","2","7","2","6","5","2","3","5","1","5","2","5","3","3","1","0","0","0","0","ND","0","0","0","0","0","0","0","0","0","0","0","0","0","0","0","0","0","0","0","0","ND","ND","ND",
"Número_de_muertes_por_lesiones_debidas_a_accidentes_de_tráfico",	06,"Colima","2018","105","1","2","3","10","11","9","7","9","9","12","10","3","8","3","5","2","1","0","0","0","0","ND","84","1","1","3","10","11","7","6","9","8","11","7","0","4","2","3","1","0","0","0","0","0","ND","21","0","1","0","0","0","2","1","0","1","1","3","3","4","1","2","1","1","0","0","0","0","ND","0","0","0","0","0","0","0","0","0","0","0","0","0","0","0","0","0","0","ND","ND","ND","ND","ND",
"Número_de_muertes_por_lesiones_debidas_a_accidentes_de_tráfico",	07,"Chiapas","2018","385","4","6","12","26","52","45","44","48","29","30","25","20","15","10","7","5","3","4","0","0","0","ND","295","3","4","7","22","41","32","34","41","25","25","17","14","9","8","5","4","0","4","0","0","0","ND","90","1","2","5","4","11","13","10","7","4","5","8","6","6","2","2","1","3","0","0","0","0","ND","0","0","0","0","0","0","0","0","0","0","0","0","0","0","0","0","0","0","0","ND","ND","ND","ND",
"Número_de_muertes_por_lesiones_debidas_a_accidentes_de_tráfico",	08,"Chihuahua","2018","355","16","6","11","44","37","30","32","30","27","25","19","17","15","11","17","9","3","6","0","0","0","ND","285","10","5","7","35","31","23","27","27","23","19","17","13","13","8","12","7","3","5","0","0","0","ND","70","6","1","4","9","6","7","5","3","4","6","2","4","2","3","5","2","0","1","0","0","0","ND","0","0","0","0","0","0","0","0","0","0","0","0","0","0","0","0","0","0","0","ND","ND","ND","ND",
"Número_de_muertes_por_lesiones_debidas_a_accidentes_de_tráfico",	09,"Ciudad_de_México","2018","461","7","3","7","26","59","46","39","37","24","33","30","23","27","26","24","16","19","12","3","0","0","ND","346","3","2","4","24","49","32","32","27","19","30","23","19","18","20","15","10","11","7","1","0","0","ND","115","4","1","3","2","10","14","7","10","5","3","7","4","9","6","9","6","8","5","2","0","0","ND","0","0","0","0","0","0","0","0","0","0","0","0","0","0","0","0","0","0","0","0","ND","ND","ND",
"Número_de_muertes_por_lesiones_debidas_a_accidentes_de_tráfico",	10,"Durango","2018","279","6","6","8","22","20","33","17","17","31","28","26","16","18","13","5","5","5","2","1","0","0","ND","217","2","1","5","21","19","25","13","15","24","23","23","12","14","7","4","3","5","1","0","0","0","ND","62","4","5","3","1","1","8","4","2","7","5","3","4","4","6","1","2","0","1","1","0","0","ND","0","0","0","0","0","0","0","0","0","0","0","0","0","0","0","0","0","0","0","0","ND","ND","ND",
"Número_de_muertes_por_lesiones_debidas_a_accidentes_de_tráfico",	11,"Guanajuato","2018","404","9","4","8","44","49","48","30","39","28","23","18","17","14","12","22","15","12","8","2","1","0","1","340","5","2","8","39","45","39","27","34","23","20","14","16","13","5","18","13","10","6","1","1","0","1","64","4","2","0","5","4","9","3","5","5","3","4","1","1","7","4","2","2","2","1","0","0","0","0","0","0","0","0","0","0","0","0","0","0","0","0","0","0","0","0","0","0","0","0","ND","0",
"Número_de_muertes_por_lesiones_debidas_a_accidentes_de_tráfico",	12,"Guerrero","2018","146","2","4","2","14","22","15","11","8","12","11","9","9","7","7","6","5","1","0","0","0","0","1","113","1","1","1","11","21","13","10","7","11","7","7","4","3","5","5","4","1","0","0","0","0","1","33","1","3","1","3","1","2","1","1","1","4","2","5","4","2","1","1","0","0","0","0","0","0","0","0","0","0","0","0","0","0","0","0","0","0","0","0","0","0","0","0","ND","ND","ND","ND","0",
"Número_de_muertes_por_lesiones_debidas_a_accidentes_de_tráfico",	13,"Hidalgo","2018","256","7","2","5","20","29","31","30","21","19","15","19","14","8","11","12","6","7","0","0","0","0","ND","200","3","2","4","15","24","25","26","14","17","13","15","12","7","9","8","2","4","0","0","0","0","ND","56","4","0","1","5","5","6","4","7","2","2","4","2","1","2","4","4","3","0","0","0","0","ND","0","0","0","0","0","0","0","0","0","0","0","0","0","0","0","0","0","0","ND","ND","ND","ND","ND",
"Número_de_muertes_por_lesiones_debidas_a_accidentes_de_tráfico",	14,"Jalisco","2018","998","24","15","29","94","125","121","93","79","78","52","58","50","35","31","32","27","20","13","9","1","0","12","801","15","5","25","82","104","96","81","67","68","42","45","42","30","21","21","21","12","8","5","1","0","10","197","9","10","4","12","21","25","12","12","10","10","13","8","5","10","11","6","8","5","4","0","0","2","0","0","0","0","0","0","0","0","0","0","0","0","0","0","0","0","0","0","0","0","0","ND","0",
"Número_de_muertes_por_lesiones_debidas_a_accidentes_de_tráfico",	15,"México","2018","952","19","17","14","83","145","127","82","71","65","56","38","74","52","33","26","17","16","12","5","0","0","ND","753","13","12","10","67","122","110","70","59","56","42","27","56","38","24","17","10","8","8","4","0","0","ND","199","6","5","4","16","23","17","12","12","9","14","11","18","14","9","9","7","8","4","1","0","0","ND","0","0","0","0","0","0","0","0","0","0","0","0","0","0","0","0","0","0","0","0","ND","ND","ND",
"Número_de_muertes_por_lesiones_debidas_a_accidentes_de_tráfico",	16,"Michoacán_de_Ocampo","2018","207","3","3","4","24","32","16","17","15","13","14","11","5","9","10","10","13","2","3","1","0","1","1","165","0","0","2","22","26","14","13","12","9","14","9","4","9","9","8","9","1","2","1","0","1","0","42","3","3","2","2","6","2","4","3","4","0","2","1","0","1","2","4","1","1","0","0","0","1","0","0","0","0","0","0","0","0","0","0","0","0","0","0","0","0","0","0","0","0","ND","0","0",
"Número_de_muertes_por_lesiones_debidas_a_accidentes_de_tráfico",	17,"Morelos","2018","113","4","1","2","7","13","16","13","9","13","8","3","7","3","6","4","1","1","0","0","0","0","2","91","3","1","1","6","10","14","10","9","11","7","1","6","2","4","4","0","1","0","0","0","0","1","22","1","0","1","1","3","2","3","0","2","1","2","1","1","2","0","1","0","0","0","0","0","1","0","0","0","0","0","0","0","0","0","0","0","0","0","0","0","0","0","0","ND","ND","ND","ND","0",
"Número_de_muertes_por_lesiones_debidas_a_accidentes_de_tráfico",	18,"Nayarit","2018","175","4","2","4","31","21","11","8","19","14","5","13","8","10","8","6","3","3","3","1","1","0","ND","144","3","2","3","30","16","8","7","18","13","4","10","5","9","5","4","3","3","1","0","0","0","ND","31","1","0","1","1","5","3","1","1","1","1","3","3","1","3","2","0","0","2","1","1","0","ND","0","0","0","0","0","0","0","0","0","0","0","0","0","0","0","0","0","0","0","0","0","ND","ND",
"Número_de_muertes_por_lesiones_debidas_a_accidentes_de_tráfico",	19,"Nuevo_León","2018","119","5","1","2","13","11","12","10","11","14","13","6","5","4","5","3","3","0","1","0","0","0","ND","88","4","0","2","8","7","8","7","8","10","12","4","4","3","5","3","2","0","1","0","0","0","ND","31","1","1","0","5","4","4","3","3","4","1","2","1","1","0","0","1","0","0","0","0","0","ND","0","0","0","0","0","0","0","0","0","0","0","0","0","0","0","0","0","ND","0","ND","ND","ND","ND",
"Número_de_muertes_por_lesiones_debidas_a_accidentes_de_tráfico",	20,"Oaxaca","2018","141","1","0","4","5","25","22","12","8","6","6","13","7","6","12","6","2","2","2","0","1","0","1","120","1","0","3","4","22","22","11","5","5","6","10","6","6","9","4","1","2","1","0","1","0","1","21","0","0","1","1","3","0","1","3","1","0","3","1","0","3","2","1","0","1","0","0","0","0","0","0","ND","0","0","0","0","0","0","0","0","0","0","0","0","0","0","0","0","ND","0","ND","0",
"Número_de_muertes_por_lesiones_debidas_a_accidentes_de_tráfico",	21,"Puebla","2018","408","14","5","16","38","56","43","41","30","33","22","24","20","14","12","12","12","11","4","0","1","0","ND","331","6","4","13","35","45","35","35","25","27","14","23","16","12","9","10","11","7","3","0","1","0","ND","77","8","1","3","3","11","8","6","5","6","8","1","4","2","3","2","1","4","1","0","0","0","ND","0","0","0","0","0","0","0","0","0","0","0","0","0","0","0","0","0","0","0","ND","0","ND","ND",
"Número_de_muertes_por_lesiones_debidas_a_accidentes_de_tráfico",	22,"Querétaro","2018","204","5","0","9","26","25","22","19","23","15","6","8","16","6","6","7","6","2","2","1","0","0","ND","181","4","0","7","23","23","21","18","21","12","6","7","14","6","4","6","5","1","2","1","0","0","ND","23","1","0","2","3","2","1","1","2","3","0","1","2","0","2","1","1","1","0","0","0","0","ND","0","0","ND","0","0","0","0","0","0","0","0","0","0","0","0","0","0","0","0","0","ND","ND","ND",
"Número_de_muertes_por_lesiones_debidas_a_accidentes_de_tráfico",	23,"Quintana_Roo","2018","39","1","0","1","4","5","5","4","3","3","2","2","1","2","2","3","1","0","0","0","0","0","ND","30","1","0","1","2","5","5","4","1","3","1","2","1","1","0","3","0","0","0","0","0","0","ND","9","0","0","0","2","0","0","0","2","0","1","0","0","1","2","0","1","0","0","0","0","0","ND","0","0","ND","0","0","0","0","0","0","0","0","0","0","0","0","0","0","ND","ND","ND","ND","ND","ND",
"Número_de_muertes_por_lesiones_debidas_a_accidentes_de_tráfico",	24,"San_Luis_Potosí","2018","323","7","7","4","29","44","35","24","24","28","14","21","29","14","14","9","7","5","5","3","0","0","ND","254","5","4","3","25","40","26","20","16","21","13","18","23","10","11","4","6","5","3","1","0","0","ND","69","2","3","1","4","4","9","4","8","7","1","3","6","4","3","5","1","0","2","2","0","0","ND","0","0","0","0","0","0","0","0","0","0","0","0","0","0","0","0","0","0","0","0","ND","ND","ND",
"Número_de_muertes_por_lesiones_debidas_a_accidentes_de_tráfico",	25,"Sinaloa","2018","352","7","4","10","28","42","36","32","32","30","24","18","21","11","14","12","11","13","6","1","0","0","ND","293","4","3","9","22","39","30","28","26","26","20","15","15","11","12","8","7","12","5","1","0","0","ND","59","3","1","1","6","3","6","4","6","4","4","3","6","0","2","4","4","1","1","0","0","0","ND","0","0","0","0","0","0","0","0","0","0","0","0","0","0","0","0","0","0","0","0","ND","ND","ND",
"Número_de_muertes_por_lesiones_debidas_a_accidentes_de_tráfico",	26,"Sonora","2018","302","5","4","5","31","31","32","30","27","23","28","18","11","9","14","19","10","3","0","0","0","0","2","249","2","2","2","22","27","28","25","25","17","26","13","11","7","13","16","8","3","0","0","0","0","2","53","3","2","3","9","4","4","5","2","6","2","5","0","2","1","3","2","0","0","0","0","0","0","0","0","0","0","0","0","0","0","0","0","0","0","0","0","0","0","0","0","ND","ND","ND","ND","0",
"Número_de_muertes_por_lesiones_debidas_a_accidentes_de_tráfico",	27,"Tabasco","2018","377","6","2","7","20","48","41","39","49","34","34","20","20","17","17","12","4","6","1","0","0","0","ND","322","4","1","4","18","44","36","32","40","31","27","14","19","14","17","12","3","6","0","0","0","0","ND","55","2","1","3","2","4","5","7","9","3","7","6","1","3","0","0","1","0","1","0","0","0","ND","0","0","0","0","0","0","0","0","0","0","0","0","0","0","0","0","0","0","0","ND","ND","ND","ND",
"Número_de_muertes_por_lesiones_debidas_a_accidentes_de_tráfico",	28,"Tamaulipas","2018","312","7","1","6","23","34","38","17","34","29","29","23","19","19","11","11","5","4","1","1","0","0","ND","252","3","1","3","18","31","31","14","30","26","28","18","16","15","6","7","3","2","0","0","0","0","ND","60","4","0","3","5","3","7","3","4","3","1","5","3","4","5","4","2","2","1","1","0","0","ND","0","0","0","0","0","0","0","0","0","0","0","0","0","0","0","0","0","0","0","0","ND","ND","ND",
"Número_de_muertes_por_lesiones_debidas_a_accidentes_de_tráfico",	29,"Tlaxcala","2018","166","2","0","2","13","23","18","13","16","15","13","15","6","11","3","4","4","4","3","1","0","0","ND","138","1","0","2","12","22","13","10","12","13","11","15","5","8","3","3","2","4","2","0","0","0","ND","28","1","0","0","1","1","5","3","4","2","2","0","1","3","0","1","2","0","1","1","0","0","ND","0","0","ND","0","0","0","0","0","0","0","0","0","0","0","0","0","0","0","0","0","ND","ND","ND",
"Número_de_muertes_por_lesiones_debidas_a_accidentes_de_tráfico",	30,"Veracruz_de_Ignacio_de_la_Llave","2018","400","4","2","5","41","46","50","43","35","33","18","21","18","26","19","8","14","14","3","0","0","0","ND","325","1","0","5","33","41","43","38","29","26","15","16","13","20","16","7","8","11","3","0","0","0","ND","75","3","2","0","8","5","7","5","6","7","3","5","5","6","3","1","6","3","0","0","0","0","ND","0","0","0","0","0","0","0","0","0","0","0","0","0","0","0","0","0","0","0","ND","ND","ND","ND",
"Número_de_muertes_por_lesiones_debidas_a_accidentes_de_tráfico",	31,"Yucatán","2018","244","6","1","3","17","20","24","31","22","16","24","9","18","15","12","9","8","4","3","2","0","0","ND","195","2","0","2","12","16","23","23","18","15","20","6","17","14","8","7","6","3","2","1","0","0","ND","49","4","1","1","5","4","1","8","4","1","4","3","1","1","4","2","2","1","1","1","0","0","ND","0","0","0","0","0","0","0","0","0","0","0","0","0","0","0","0","0","0","0","0","ND","ND","ND",
"Número_de_muertes_por_lesiones_debidas_a_accidentes_de_tráfico",	32,"Zacatecas","2018","360","13","11","8","40","39","45","32","18","27","21","25","17","21","15","14","8","2","4","0","0","0","ND","275","8","4","3","32","35","36","26","15","24","15","20","14","13","8","12","5","2","3","0","0","0","ND","85","5","7","5","8","4","9","6","3","3","6","5","3","8","7","2","3","0","1","0","0","0","ND","0","0","0","0","0","0","0","0","0","0","0","0","0","0","0","0","0","0","0","ND","ND","ND","ND",
"Número_de_muertes_por_lesiones_debidas_a_accidentes_de_tráfico",	00,"Estados_Unidos_Mexicanos","2017","10,438","275","160","240","950","1,344","1,164","959","862","790","678","628","549","485","372","331","268","200","98","30","8","3","44","8,349","159","100","162","752","1,137","1,001","813","720","656","562","507","427","381","276","241","198","133","59","19","5","1","40","2,088","115","60","78","198","207","163","146","142","134","116","121","122","104","96","90","70","67","39","11","3","2","4","1","1","0","0","0","0","0","0","0","0","0","0","0","0","0","0","0","0","0","0","0","0","0",
"Número_de_muertes_por_lesiones_debidas_a_accidentes_de_tráfico",	01,"Aguascalientes","2017","182","7","0","3","23","37","21","12","9","10","8","12","13","7","4","6","6","0","4","0","0","0","ND","140","4","0","2","16","27","14","11","6","9","7","11","11","6","3","6","3","0","4","0","0","0","ND","42","3","0","1","7","10","7","1","3","1","1","1","2","1","1","0","3","0","0","0","0","0","ND","0","0","ND","0","0","0","0","0","0","0","0","0","0","0","0","0","0","ND","0","ND","ND","ND","ND",
"Número_de_muertes_por_lesiones_debidas_a_accidentes_de_tráfico",	02,"Baja_California","2017","190","5","3","2","19","24","22","17","18","20","19","14","8","7","1","5","3","1","1","1","0","0","ND","142","3","1","2","11","19","18","11","15","15","17","11","7","5","1","2","2","1","0","1","0","0","ND","48","2","2","0","8","5","4","6","3","5","2","3","1","2","0","3","1","0","1","0","0","0","ND","0","0","0","0","0","0","0","0","0","0","0","0","0","0","0","0","0","0","0","0","ND","ND","ND",
"Número_de_muertes_por_lesiones_debidas_a_accidentes_de_tráfico",	03,"Baja_California_Sur","2017","128","3","4","2","6","14","10","19","12","17","13","9","10","3","3","3","0","0","0","0","0","0","ND","103","1","3","2","6","10","9","17","10","15","8","9","8","2","2","1","0","0","0","0","0","0","ND","25","2","1","0","0","4","1","2","2","2","5","0","2","1","1","2","0","0","0","0","0","0","ND","0","0","0","0","0","0","0","0","0","0","0","0","0","0","0","0","ND","ND","ND","ND","ND","ND","ND",
"Número_de_muertes_por_lesiones_debidas_a_accidentes_de_tráfico",	04,"Campeche","2017","81","1","0","0","7","18","10","10","4","7","5","4","5","4","1","0","1","2","1","0","0","0","1","66","1","0","0","5","18","9","7","4","6","4","3","4","3","0","0","0","1","0","0","0","0","1","15","0","0","0","2","0","1","3","0","1","1","1","1","1","1","0","1","1","1","0","0","0","0","0","0","ND","ND","0","0","0","0","0","0","0","0","0","0","0","ND","0","0","0","ND","ND","ND","0",
"Número_de_muertes_por_lesiones_debidas_a_accidentes_de_tráfico",	05,"Coahuila_de_Zaragoza","2017","238","11","2","4","25","22","22","14","27","13","15","13","16","17","11","6","8","8","4","0","0","0","ND","183","8","1","1","20","16","20","10","22","10","14","12","11","11","9","6","6","3","3","0","0","0","ND","55","3","1","3","5","6","2","4","5","3","1","1","5","6","2","0","2","5","1","0","0","0","ND","0","0","0","0","0","0","0","0","0","0","0","0","0","0","0","0","0","0","0","ND","ND","ND","ND",
"Número_de_muertes_por_lesiones_debidas_a_accidentes_de_tráfico",	06,"Colima","2017","87","0","0","2","7","12","10","12","7","9","9","7","0","2","3","1","4","1","1","0","0","0","ND","70","0","0","2","6","9","8","11","7","8","6","4","0","2","1","1","4","1","0","0","0","0","ND","17","0","0","0","1","3","2","1","0","1","3","3","0","0","2","0","0","0","1","0","0","0","ND","0","ND","ND","0","0","0","0","0","0","0","0","0","ND","0","0","0","0","0","0","ND","ND","ND","ND",
"Número_de_muertes_por_lesiones_debidas_a_accidentes_de_tráfico",	07,"Chiapas","2017","525","8","8","13","40","63","68","47","62","45","46","35","32","20","13","9","8","2","4","1","1","0","ND","430","3","6","10","30","58","57","39","52","37","36","27","26","19","10","5","8","1","4","1","1","0","ND","95","5","2","3","10","5","11","8","10","8","10","8","6","1","3","4","0","1","0","0","0","0","ND","0","0","0","0","0","0","0","0","0","0","0","0","0","0","0","0","0","0","0","0","0","ND","ND",
"Número_de_muertes_por_lesiones_debidas_a_accidentes_de_tráfico",	08,"Chihuahua","2017","409","14","7","17","43","43","43","33","38","31","31","29","20","16","9","14","12","6","3","0","0","0","ND","320","8","5","10","26","37","38","31","31","26","24","26","15","12","4","10","11","4","2","0","0","0","ND","89","6","2","7","17","6","5","2","7","5","7","3","5","4","5","4","1","2","1","0","0","0","ND","0","0","0","0","0","0","0","0","0","0","0","0","0","0","0","0","0","0","0","ND","ND","ND","ND",
"Número_de_muertes_por_lesiones_debidas_a_accidentes_de_tráfico",	09,"Ciudad_de_México","2017","549","8","3","4","28","76","67","43","48","33","30","30","22","38","28","36","22","17","10","5","1","0","ND","407","5","1","3","22","68","57","32","38","28","27","15","19","27","13","22","14","7","3","5","1","0","ND","142","3","2","1","6","8","10","11","10","5","3","15","3","11","15","14","8","10","7","0","0","0","ND","0","0","0","0","0","0","0","0","0","0","0","0","0","0","0","0","0","0","0","0","0","ND","ND",
"Número_de_muertes_por_lesiones_debidas_a_accidentes_de_tráfico",	10,"Durango","2017","319","13","7","9","33","31","38","25","25","30","15","19","15","14","13","11","9","5","3","1","0","1","2","262","5","7","6","25","27","33","23","21","26","13","16","12","12","9","11","6","4","2","1","0","1","2","57","8","0","3","8","4","5","2","4","4","2","3","3","2","4","0","3","1","1","0","0","0","0","0","0","0","0","0","0","0","0","0","0","0","0","0","0","0","0","0","0","0","0","ND","0","0",
"Número_de_muertes_por_lesiones_debidas_a_accidentes_de_tráfico",	11,"Guanajuato","2017","422","15","7","14","49","64","51","35","34","24","24","22","10","17","12","8","14","14","6","2","0","0","ND","337","9","5","7","40","57","45","28","33","17","20","16","9","13","10","6","11","8","1","2","0","0","ND","85","6","2","7","9","7","6","7","1","7","4","6","1","4","2","2","3","6","5","0","0","0","ND","0","0","0","0","0","0","0","0","0","0","0","0","0","0","0","0","0","0","0","0","ND","ND","ND",
"Número_de_muertes_por_lesiones_debidas_a_accidentes_de_tráfico",	12,"Guerrero","2017","183","6","9","6","18","24","14","15","10","14","9","11","13","9","3","6","10","3","1","0","0","0","2","142","3","5","5","9","21","11","12","10","13","8","9","10","6","3","3","10","1","1","0","0","0","2","41","3","4","1","9","3","3","3","0","1","1","2","3","3","0","3","0","2","0","0","0","0","0","0","0","0","0","0","0","0","0","0","0","0","0","0","0","0","0","0","0","0","ND","ND","ND","0",
"Número_de_muertes_por_lesiones_debidas_a_accidentes_de_tráfico",	13,"Hidalgo","2017","208","4","3","10","26","32","22","17","13","14","10","11","12","8","8","5","6","4","1","2","0","0","ND","161","4","2","5","20","25","18","14","13","12","9","9","9","6","5","2","5","3","0","0","0","0","ND","47","0","1","5","6","7","4","3","0","2","1","2","3","2","3","3","1","1","1","2","0","0","ND","0","0","0","0","0","0","0","0","0","0","0","0","0","0","0","0","0","0","0","0","ND","ND","ND",
"Número_de_muertes_por_lesiones_debidas_a_accidentes_de_tráfico",	14,"Jalisco","2017","1,086","27","24","30","119","122","121","96","92","84","63","42","64","35","42","36","24","25","13","1","3","0","23","875","15","15","18","100","105","97","83","74","73","53","40","49","25","34","27","17","17","9","0","2","0","22","211","12","9","12","19","17","24","13","18","11","10","2","15","10","8","9","7","8","4","1","1","0","1","0","0","0","0","0","0","0","0","0","0","0","0","0","0","0","0","0","0","0","0","0","ND","0",
"Número_de_muertes_por_lesiones_debidas_a_accidentes_de_tráfico",	15,"México","2017","1,039","32","17","25","65","126","152","110","82","78","62","63","56","43","34","37","26","20","4","3","2","1","1","842","22","10","18","51","108","130","97","70","63","57","48","36","34","27","31","20","14","4","1","0","0","1","197","10","7","7","14","18","22","13","12","15","5","15","20","9","7","6","6","6","0","2","2","1","0","0","0","0","0","0","0","0","0","0","0","0","0","0","0","0","0","0","0","0","0","0","0","0",
"Número_de_muertes_por_lesiones_debidas_a_accidentes_de_tráfico",	16,"Michoacán_de_Ocampo","2017","161","4","5","0","16","20","14","10","20","12","10","14","6","5","10","7","4","1","0","1","1","0","1","129","2","5","0","12","17","13","10","16","9","9","11","5","3","7","5","3","0","0","1","1","0","0","32","2","0","0","4","3","1","0","4","3","1","3","1","2","3","2","1","1","0","0","0","0","1","0","0","0","ND","0","0","0","0","0","0","0","0","0","0","0","0","0","0","ND","0","0","ND","0",
"Número_de_muertes_por_lesiones_debidas_a_accidentes_de_tráfico",	17,"Morelos","2017","104","0","1","4","12","15","11","8","7","7","4","9","4","4","5","5","3","3","2","0","0","0","ND","81","0","0","2","9","13","9","6","6","7","4","7","3","4","5","2","2","2","0","0","0","0","ND","23","0","1","2","3","2","2","2","1","0","0","2","1","0","0","3","1","1","2","0","0","0","ND","0","ND","0","0","0","0","0","0","0","0","0","0","0","0","0","0","0","0","0","ND","ND","ND","ND",
"Número_de_muertes_por_lesiones_debidas_a_accidentes_de_tráfico",	18,"Nayarit","2017","174","3","4","3","17","19","17","11","16","7","13","11","12","14","6","5","9","3","3","0","0","0","1","144","3","3","3","12","16","14","8","14","6","12","10","11","13","4","4","7","2","1","0","0","0","1","30","0","1","0","5","3","3","3","2","1","1","1","1","1","2","1","2","1","2","0","0","0","0","0","0","0","0","0","0","0","0","0","0","0","0","0","0","0","0","0","0","0","ND","ND","ND","0",
"Número_de_muertes_por_lesiones_debidas_a_accidentes_de_tráfico",	19,"Nuevo_León","2017","122","2","2","2","3","11","10","11","9","12","11","9","13","5","9","5","2","3","3","0","0","0","ND","100","1","1","1","3","9","9","10","8","11","9","7","10","4","7","3","2","3","2","0","0","0","ND","22","1","1","1","0","2","1","1","1","1","2","2","3","1","2","2","0","0","1","0","0","0","ND","0","0","0","0","0","0","0","0","0","0","0","0","0","0","0","0","0","0","0","ND","ND","ND","ND",
"Número_de_muertes_por_lesiones_debidas_a_accidentes_de_tráfico",	20,"Oaxaca","2017","180","3","1","1","18","28","22","11","11","18","15","7","13","12","5","4","3","6","1","1","0","0","ND","147","1","1","1","12","27","21","9","10","17","12","5","11","10","2","2","1","4","1","0","0","0","ND","33","2","0","0","6","1","1","2","1","1","3","2","2","2","3","2","2","2","0","1","0","0","ND","0","0","0","0","0","0","0","0","0","0","0","0","0","0","0","0","0","0","0","0","ND","ND","ND",
"Número_de_muertes_por_lesiones_debidas_a_accidentes_de_tráfico",	21,"Puebla","2017","476","19","11","12","49","68","54","43","46","20","19","19","26","27","19","15","10","9","6","4","0","0","ND","371","10","5","9","42","53","46","35","36","15","17","16","19","23","15","11","5","8","5","1","0","0","ND","105","9","6","3","7","15","8","8","10","5","2","3","7","4","4","4","5","1","1","3","0","0","ND","0","0","0","0","0","0","0","0","0","0","0","0","0","0","0","0","0","0","0","0","ND","ND","ND",
"Número_de_muertes_por_lesiones_debidas_a_accidentes_de_tráfico",	22,"Querétaro","2017","241","9","3","6","27","35","21","28","16","19","15","13","12","11","9","6","5","4","1","1","0","0","ND","195","4","3","1","25","31","18","24","12","16","11","11","10","9","9","3","4","4","0","0","0","0","ND","46","5","0","5","2","4","3","4","4","3","4","2","2","2","0","3","1","0","1","1","0","0","ND","0","0","0","0","0","0","0","0","0","0","0","0","0","0","0","0","0","0","0","0","ND","ND","ND",
"Número_de_muertes_por_lesiones_debidas_a_accidentes_de_tráfico",	23,"Quintana_Roo","2017","61","2","0","3","6","6","8","4","5","4","6","5","1","4","2","0","3","2","0","0","0","0","ND","50","2","0","2","6","6","8","2","3","2","5","3","1","3","2","0","3","2","0","0","0","0","ND","11","0","0","1","0","0","0","2","2","2","1","2","0","1","0","0","0","0","0","0","0","0","ND","0","0","ND","0","0","0","0","0","0","0","0","0","0","0","0","ND","0","0","ND","ND","ND","ND","ND",
"Número_de_muertes_por_lesiones_debidas_a_accidentes_de_tráfico",	24,"San_Luis_Potosí","2017","381","10","4","3","53","55","31","34","32","26","21","19","18","31","15","6","8","8","4","2","0","0","1","305","5","2","3","41","47","27","32","27","19","13","15","15","28","13","2","6","5","2","2","0","0","1","76","5","2","0","12","8","4","2","5","7","8","4","3","3","2","4","2","3","2","0","0","0","0","0","0","0","0","0","0","0","0","0","0","0","0","0","0","0","0","0","0","0","0","ND","ND","0",
"Número_de_muertes_por_lesiones_debidas_a_accidentes_de_tráfico",	25,"Sinaloa","2017","447","10","6","15","38","72","38","39","32","38","36","28","15","18","20","15","13","7","3","0","0","0","4","364","7","4","9","30","59","33","32","29","33","31","26","13","10","15","12","10","5","3","0","0","0","3","83","3","2","6","8","13","5","7","3","5","5","2","2","8","5","3","3","2","0","0","0","0","1","0","0","0","0","0","0","0","0","0","0","0","0","0","0","0","0","0","0","0","ND","ND","ND","0",
"Número_de_muertes_por_lesiones_debidas_a_accidentes_de_tráfico",	26,"Sonora","2017","354","7","10","7","21","49","29","40","35","29","24","27","22","11","15","12","6","5","1","0","0","0","4","288","1","6","7","19","39","26","35","31","23","20","22","15","9","12","12","4","4","0","0","0","0","3","66","6","4","0","2","10","3","5","4","6","4","5","7","2","3","0","2","1","1","0","0","0","1","0","0","0","0","0","0","0","0","0","0","0","0","0","0","0","0","0","0","0","ND","ND","ND","0",
"Número_de_muertes_por_lesiones_debidas_a_accidentes_de_tráfico",	27,"Tabasco","2017","394","8","1","9","37","46","54","49","35","32","27","33","12","26","11","7","5","0","2","0","0","0","ND","336","4","0","7","36","36","47","42","30","30","24","29","10","19","11","5","4","0","2","0","0","0","ND","57","3","1","2","1","10","7","7","5","2","3","4","2","7","0","2","1","0","0","0","0","0","ND","1","1","0","0","0","0","0","0","0","0","0","0","0","0","0","0","0","ND","0","ND","ND","ND","ND",
"Número_de_muertes_por_lesiones_debidas_a_accidentes_de_tráfico",	28,"Tamaulipas","2017","415","13","5","6","21","48","35","39","34","40","34","37","23","24","19","10","6","13","4","1","0","0","3","311","9","2","5","17","38","30","31","23","29","27","26","19","18","12","7","5","7","2","1","0","0","3","104","4","3","1","4","10","5","8","11","11","7","11","4","6","7","3","1","6","2","0","0","0","0","0","0","0","0","0","0","0","0","0","0","0","0","0","0","0","0","0","0","0","0","ND","ND","0",
"Número_de_muertes_por_lesiones_debidas_a_accidentes_de_tráfico",	29,"Tlaxcala","2017","181","2","4","7","11","31","29","12","8","16","13","9","13","8","4","3","5","4","2","0","0","0","ND","142","2","2","4","5","25","26","12","5","14","13","7","8","7","1","3","4","4","0","0","0","0","ND","39","0","2","3","6","6","3","0","3","2","0","2","5","1","3","0","1","0","2","0","0","0","ND","0","0","0","0","0","0","0","0","0","0","0","0","0","0","0","0","0","0","0","ND","ND","ND","ND",
"Número_de_muertes_por_lesiones_debidas_a_accidentes_de_tráfico",	30,"Veracruz_de_Ignacio_de_la_Llave","2017","522","11","3","10","48","60","58","56","44","38","35","34","31","23","16","19","18","10","5","2","0","1","ND","431","5","3","7","40","53","54","47","37","32","27","29","25","21","12","13","13","7","4","2","0","0","ND","91","6","0","3","8","7","4","9","7","6","8","5","6","2","4","6","5","3","1","0","0","1","ND","0","0","0","0","0","0","0","0","0","0","0","0","0","0","0","0","0","0","0","0","ND","0","ND",
"Número_de_muertes_por_lesiones_debidas_a_accidentes_de_tráfico",	31,"Yucatán","2017","216","6","2","0","13","25","24","20","12","19","18","16","12","12","11","13","4","5","2","1","0","0","1","183","4","0","0","13","22","21","19","10","14","12","13","11","11","11","12","3","4","2","0","0","0","1","33","2","2","0","0","3","3","1","2","5","6","3","1","1","0","1","1","1","0","1","0","0","0","0","0","0","ND","0","0","0","0","0","0","0","0","0","0","0","0","0","0","0","0","ND","ND","0",
"Número_de_muertes_por_lesiones_debidas_a_accidentes_de_tráfico",	32,"Zacatecas","2017","363","12","4","11","52","48","38","39","19","24","18","17","20","10","11","16","11","9","3","1","0","0","ND","292","8","2","10","43","41","35","33","17","21","13","14","15","6","7","12","5","7","2","1","0","0","ND","71","4","2","1","9","7","3","6","2","3","5","3","5","4","4","4","6","2","1","0","0","0","ND","0","0","0","0","0","0","0","0","0","0","0","0","0","0","0","0","0","0","0","0","ND","ND","ND",
"Número_de_muertes_por_lesiones_debidas_a_accidentes_de_tráfico",	00,"Estados_Unidos_Mexicanos","2016","11,689","290","188","287","1,006","1,442","1,208","1,025","945","852","739","704","640","528","493","412","336","219","106","41","7","1","220","9,378","169","112","190","799","1,231","1,030","854","790","711","620","584","521","402","384","307","230","146","74","27","5","1","191","2,300","121","76","97","207","211","178","171","155","141","119","120","119","126","109","105","105","73","32","14","2","0","19","11","0","0","0","0","0","0","0","0","0","0","0","0","0","0","0","1","0","0","0","0","0","10",
"Número_de_muertes_por_lesiones_debidas_a_accidentes_de_tráfico",	01,"Aguascalientes","2016","198","7","3","6","25","31","15","9","11","11","14","14","8","12","10","7","5","6","2","1","0","0","1","159","4","1","5","19","27","13","7","7","10","12","12","8","11","8","5","3","4","2","0","0","0","1","39","3","2","1","6","4","2","2","4","1","2","2","0","1","2","2","2","2","0","1","0","0","0","0","0","0","0","0","0","0","0","0","0","0","0","0","0","0","0","0","0","0","0","ND","ND","0",
"Número_de_muertes_por_lesiones_debidas_a_accidentes_de_tráfico",	02,"Baja_California","2016","340","8","6","9","20","30","30","37","37","33","25","28","13","12","16","12","5","2","5","2","0","0","10","273","4","4","2","16","24","25","33","30","29","21","22","10","10","14","9","4","2","3","1","0","0","10","67","4","2","7","4","6","5","4","7","4","4","6","3","2","2","3","1","0","2","1","0","0","0","0","0","0","0","0","0","0","0","0","0","0","0","0","0","0","0","0","0","0","0","ND","ND","0",
"Número_de_muertes_por_lesiones_debidas_a_accidentes_de_tráfico",	03,"Baja_California_Sur","2016","105","4","1","1","7","9","16","9","17","11","8","5","4","3","1","2","2","1","1","0","0","0","3","83","2","1","0","6","8","14","6","15","8","5","5","2","3","1","2","1","0","1","0","0","0","3","22","2","0","1","1","1","2","3","2","3","3","0","2","0","0","0","1","1","0","0","0","0","0","0","0","0","0","0","0","0","0","0","0","0","0","0","0","0","0","0","0","0","ND","ND","ND","0",
"Número_de_muertes_por_lesiones_debidas_a_accidentes_de_tráfico",	04,"Campeche","2016","65","0","1","1","4","10","9","6","10","5","2","5","5","1","3","2","0","1","0","0","0","0","ND","57","0","0","1","4","9","8","4","8","5","2","5","4","1","3","2","0","1","0","0","0","0","ND","8","0","1","0","0","1","1","2","2","0","0","0","1","0","0","0","0","0","0","0","0","0","ND","0","ND","0","0","0","0","0","0","0","0","0","0","0","0","0","0","ND","0","ND","ND","ND","ND","ND",
"Número_de_muertes_por_lesiones_debidas_a_accidentes_de_tráfico",	05,"Coahuila_de_Zaragoza","2016","249","9","9","9","17","26","29","18","25","17","20","14","12","17","10","9","3","2","2","0","0","0","1","194","4","7","4","14","23","25","13","20","13","18","10","11","11","7","8","2","1","2","0","0","0","1","55","5","2","5","3","3","4","5","5","4","2","4","1","6","3","1","1","1","0","0","0","0","0","0","0","0","0","0","0","0","0","0","0","0","0","0","0","0","0","0","0","0","ND","ND","ND","0",
"Número_de_muertes_por_lesiones_debidas_a_accidentes_de_tráfico",	06,"Colima","2016","115","3","2","1","16","20","12","7","7","11","5","4","9","5","2","3","1","2","0","0","0","0","5","96","2","2","1","11","20","10","7","6","11","3","4","6","4","2","3","0","0","0","0","0","0","4","18","1","0","0","5","0","2","0","1","0","2","0","3","1","0","0","1","2","0","0","0","0","0","1","0","0","0","0","0","0","0","0","0","0","0","0","0","0","0","0","0","ND","ND","ND","ND","1",
"Número_de_muertes_por_lesiones_debidas_a_accidentes_de_tráfico",	07,"Chiapas","2016","555","16","4","6","42","68","58","52","66","50","38","38","39","18","17","15","12","6","4","1","1","0","4","469","11","3","3","33","60","55","46","59","41","34","35","32","14","13","10","9","5","2","1","0","0","3","85","5","1","3","9","8","3","6","7","9","4","3","7","4","4","5","3","1","2","0","1","0","0","1","0","0","0","0","0","0","0","0","0","0","0","0","0","0","0","0","0","0","0","0","ND","1",
"Número_de_muertes_por_lesiones_debidas_a_accidentes_de_tráfico",	08,"Chihuahua","2016","473","17","13","15","48","47","49","36","41","44","28","15","22","24","19","9","13","5","1","2","0","0","25","359","10","9","10","36","38","42","26","31","36","21","10","15","16","14","6","9","3","1","1","0","0","25","114","7","4","5","12","9","7","10","10","8","7","5","7","8","5","3","4","2","0","1","0","0","0","0","0","0","0","0","0","0","0","0","0","0","0","0","0","0","0","0","0","0","0","ND","ND","0",
"Número_de_muertes_por_lesiones_debidas_a_accidentes_de_tráfico",	09,"Ciudad_de_México","2016","609","4","6","8","36","82","69","58","48","32","32","28","42","31","35","30","33","19","14","2","0","0","ND","437","1","2","5","30","69","59","47","37","25","25","22","32","18","15","17","12","12","8","1","0","0","ND","172","3","4","3","6","13","10","11","11","7","7","6","10","13","20","13","21","7","6","1","0","0","ND","0","0","0","0","0","0","0","0","0","0","0","0","0","0","0","0","0","0","0","0","ND","ND","ND",
"Número_de_muertes_por_lesiones_debidas_a_accidentes_de_tráfico",	10,"Durango","2016","377","11","5","21","33","42","29","41","25","30","19","28","19","21","11","16","17","7","2","0","0","0","ND","281","5","2","15","22","32","26","29","19","26","17","23","14","15","9","11","9","5","2","0","0","0","ND","96","6","3","6","11","10","3","12","6","4","2","5","5","6","2","5","8","2","0","0","0","0","ND","0","0","0","0","0","0","0","0","0","0","0","0","0","0","0","0","0","0","0","ND","ND","ND","ND",
"Número_de_muertes_por_lesiones_debidas_a_accidentes_de_tráfico",	11,"Guanajuato","2016","542","10","9","24","53","78","55","46","38","41","28","26","23","29","19","12","17","10","6","5","1","0","12","463","8","6","17","49","70","50","41","31","32","23","23","20","28","17","10","15","7","4","3","0","0","9","78","2","3","7","4","8","5","5","7","9","5","3","3","1","2","2","2","3","2","2","1","0","2","1","0","0","0","0","0","0","0","0","0","0","0","0","0","0","0","0","0","0","0","0","ND","1",
"Número_de_muertes_por_lesiones_debidas_a_accidentes_de_tráfico",	12,"Guerrero","2016","204","4","4","9","19","25","27","15","17","16","11","16","10","8","2","4","6","5","3","1","0","0","2","162","4","4","6","15","21","20","13","13","15","9","15","8","5","1","2","6","1","2","1","0","0","1","42","0","0","3","4","4","7","2","4","1","2","1","2","3","1","2","0","4","1","0","0","0","1","0","0","0","0","0","0","0","0","0","0","0","0","0","0","0","0","0","0","0","0","ND","ND","0",
"Número_de_muertes_por_lesiones_debidas_a_accidentes_de_tráfico",	13,"Hidalgo","2016","282","2","4","9","21","34","35","25","26","24","19","17","14","13","8","13","6","6","0","1","0","0","5","228","1","2","7","18","28","31","21","20","22","16","12","12","10","8","10","4","2","0","0","0","0","4","53","1","2","2","3","6","4","4","6","2","3","5","2","3","0","3","2","4","0","1","0","0","0","1","0","0","0","0","0","0","0","0","0","0","0","0","0","0","0","0","0","ND","0","ND","ND","1",
"Número_de_muertes_por_lesiones_debidas_a_accidentes_de_tráfico",	14,"Jalisco","2016","1,140","33","20","35","119","151","88","83","99","59","75","70","47","49","47","42","36","22","12","5","1","0","47","927","21","8","23","98","130","74","69","87","48","63","60","39","39","39","28","26","16","9","5","1","0","44","212","12","12","12","21","21","14","14","12","11","12","10","8","10","8","14","10","6","3","0","0","0","2","1","0","0","0","0","0","0","0","0","0","0","0","0","0","0","0","0","0","0","0","0","ND","1",
"Número_de_muertes_por_lesiones_debidas_a_accidentes_de_tráfico",	15,"México","2016","1,324","32","22","30","95","190","153","133","98","86","86","85","68","56","52","45","38","28","11","3","0","0","13","1,034","22","12","19","77","160","127","108","84","72","68","64","57","36","36","33","24","20","5","2","0","0","8","287","10","10","11","18","30","26","25","14","14","18","21","11","20","16","12","13","8","6","1","0","0","3","3","0","0","0","0","0","0","0","0","0","0","0","0","0","0","0","1","0","0","0","ND","ND","2",
"Número_de_muertes_por_lesiones_debidas_a_accidentes_de_tráfico",	16,"Michoacán_de_Ocampo","2016","228","8","2","2","32","30","23","19","13","16","9","9","14","13","8","10","11","4","2","2","0","0","1","175","5","1","2","23","25","20","16","8","14","8","6","8","10","8","7","9","3","1","1","0","0","0","52","3","1","0","9","5","3","3","5","2","1","3","6","3","0","3","2","1","1","1","0","0","0","1","0","0","0","0","0","0","0","0","0","0","0","0","0","0","0","0","0","0","0","ND","ND","1",
"Número_de_muertes_por_lesiones_debidas_a_accidentes_de_tráfico",	17,"Morelos","2016","101","4","5","3","8","8","9","9","6","8","6","5","6","3","5","5","5","3","2","1","0","0","ND","82","3","2","3","7","7","8","8","5","7","6","2","5","2","4","3","4","3","2","1","0","0","ND","19","1","3","0","1","1","1","1","1","1","0","3","1","1","1","2","1","0","0","0","0","0","ND","0","0","0","0","0","0","0","0","0","0","0","0","0","0","0","0","0","0","0","0","ND","ND","ND",
"Número_de_muertes_por_lesiones_debidas_a_accidentes_de_tráfico",	18,"Nayarit","2016","198","6","2","3","25","20","12","10","19","9","14","9","12","6","13","10","9","5","1","0","0","0","13","160","2","2","3","21","17","6","8","15","7","13","8","8","5","12","9","8","3","1","0","0","0","12","38","4","0","0","4","3","6","2","4","2","1","1","4","1","1","1","1","2","0","0","0","0","1","0","0","0","0","0","0","0","0","0","0","0","0","0","0","0","0","0","0","0","ND","ND","ND","0",
"Número_de_muertes_por_lesiones_debidas_a_accidentes_de_tráfico",	19,"Nuevo_León","2016","209","6","3","3","14","24","14","17","22","17","16","12","12","14","9","9","9","7","0","1","0","0","ND","158","1","2","0","12","20","11","12","20","13","14","12","9","10","7","4","5","5","0","1","0","0","ND","51","5","1","3","2","4","3","5","2","4","2","0","3","4","2","5","4","2","0","0","0","0","ND","0","0","0","0","0","0","0","0","0","0","0","0","0","0","0","0","0","0","ND","0","ND","ND","ND",
"Número_de_muertes_por_lesiones_debidas_a_accidentes_de_tráfico",	20,"Oaxaca","2016","218","5","3","4","18","26","14","22","16","12","9","24","10","11","8","7","8","8","2","0","0","0","11","174","2","3","3","14","21","11","18","16","10","8","18","8","9","6","6","6","6","2","0","0","0","7","44","3","0","1","4","5","3","4","0","2","1","6","2","2","2","1","2","2","0","0","0","0","4","0","0","0","0","0","0","0","0","0","0","0","0","0","0","0","0","0","0","0","ND","ND","ND","0",
"Número_de_muertes_por_lesiones_debidas_a_accidentes_de_tráfico",	21,"Puebla","2016","419","20","11","13","38","49","57","37","27","15","25","27","22","13","19","11","9","10","3","4","1","0","8","328","11","6","10","30","37","47","31","19","12","24","22","20","9","16","8","6","8","1","3","1","0","7","91","9","5","3","8","12","10","6","8","3","1","5","2","4","3","3","3","2","2","1","0","0","1","0","0","0","0","0","0","0","0","0","0","0","0","0","0","0","0","0","0","0","0","0","ND","0",
"Número_de_muertes_por_lesiones_debidas_a_accidentes_de_tráfico",	22,"Querétaro","2016","258","7","5","7","15","36","33","24","15","16","15","20","14","11","10","14","6","4","0","2","1","0","3","205","3","3","6","10","30","26","20","14","14","13","15","12","11","8","11","3","2","0","1","1","0","2","52","4","2","1","5","6","7","4","1","2","2","5","2","0","2","3","3","2","0","1","0","0","0","1","0","0","0","0","0","0","0","0","0","0","0","0","0","0","0","0","0","ND","0","0","ND","1",
"Número_de_muertes_por_lesiones_debidas_a_accidentes_de_tráfico",	23,"Quintana_Roo","2016","71","2","0","2","3","9","12","9","7","9","3","2","6","1","0","4","0","1","1","0","0","0","ND","59","1","0","1","3","7","9","8","7","8","3","2","4","1","0","3","0","1","1","0","0","0","ND","12","1","0","1","0","2","3","1","0","1","0","0","2","0","0","1","0","0","0","0","0","0","ND","0","0","ND","0","0","0","0","0","0","0","0","0","0","0","ND","0","ND","0","0","ND","ND","ND","ND",
"Número_de_muertes_por_lesiones_debidas_a_accidentes_de_tráfico",	24,"San_Luis_Potosí","2016","390","3","2","12","42","52","36","33","32","37","26","16","20","15","17","10","13","11","8","2","0","0","3","321","3","2","10","32","46","30","31","26","32","22","12","15","12","13","10","8","7","6","2","0","0","2","69","0","0","2","10","6","6","2","6","5","4","4","5","3","4","0","5","4","2","0","0","0","1","0","0","0","0","0","0","0","0","0","0","0","0","0","0","0","0","0","0","0","0","ND","ND","0",
"Número_de_muertes_por_lesiones_debidas_a_accidentes_de_tráfico",	25,"Sinaloa","2016","484","13","9","14","41","47","45","35","27","24","35","28","30","30","33","20","21","4","6","2","0","0","20","410","7","7","9","32","44","40","30","25","18","32","24","28","28","24","15","18","4","4","2","0","0","19","74","6","2","5","9","3","5","5","2","6","3","4","2","2","9","5","3","0","2","0","0","0","1","0","0","0","0","0","0","0","0","0","0","0","0","0","0","0","0","0","0","0","0","ND","ND","0",
"Número_de_muertes_por_lesiones_debidas_a_accidentes_de_tráfico",	26,"Sonora","2016","369","7","4","5","31","40","30","36","24","25","30","29","30","16","20","14","11","6","3","0","0","0","8","303","2","3","4","19","34","26","35","15","19","24","24","26","15","20","13","10","5","2","0","0","0","7","65","5","1","1","12","6","4","1","9","6","6","5","4","1","0","1","1","1","1","0","0","0","0","1","0","0","0","0","0","0","0","0","0","0","0","0","0","0","0","0","0","0","ND","ND","ND","1",
"Número_de_muertes_por_lesiones_debidas_a_accidentes_de_tráfico",	27,"Tabasco","2016","513","11","7","8","46","66","56","46","45","61","34","30","27","21","21","12","9","6","4","0","0","0","3","432","7","0","6","36","54","52","39","39","55","28","29","22","17","19","10","7","5","4","0","0","0","3","81","4","7","2","10","12","4","7","6","6","6","1","5","4","2","2","2","1","0","0","0","0","0","0","0","0","0","0","0","0","0","0","0","0","0","0","0","0","0","0","0","0","ND","ND","ND","0",
"Número_de_muertes_por_lesiones_debidas_a_accidentes_de_tráfico",	28,"Tamaulipas","2016","415","16","4","4","30","33","31","40","41","39","27","37","29","21","19","17","9","6","1","1","1","0","9","338","10","3","2","23","30","22","34","38","34","22","33","22","16","13","17","6","3","1","0","1","0","8","77","6","1","2","7","3","9","6","3","5","5","4","7","5","6","0","3","3","0","1","0","0","1","0","0","0","0","0","0","0","0","0","0","0","0","0","0","0","0","0","0","0","0","0","ND","0",
"Número_de_muertes_por_lesiones_debidas_a_accidentes_de_tráfico",	29,"Tlaxcala","2016","153","1","1","3","13","23","18","18","14","15","9","6","5","5","6","3","4","3","1","1","0","0","4","122","1","1","1","10","21","16","15","12","11","8","5","3","3","4","3","3","1","1","0","0","0","3","31","0","0","2","3","2","2","3","2","4","1","1","2","2","2","0","1","2","0","1","0","0","1","0","0","0","0","0","0","0","0","0","0","0","0","0","0","0","0","0","0","0","0","ND","ND","0",
"Número_de_muertes_por_lesiones_debidas_a_accidentes_de_tráfico",	30,"Veracruz_de_Ignacio_de_la_Llave","2016","469","9","7","8","32","48","68","41","32","36","26","28","28","24","28","17","8","15","4","1","0","1","8","378","6","5","5","24","42","60","36","30","29","20","24","26","16","22","8","4","10","2","1","0","1","7","91","3","2","3","8","6","8","5","2","7","6","4","2","8","6","9","4","5","2","0","0","0","1","0","0","0","0","0","0","0","0","0","0","0","0","0","0","0","0","0","0","0","0","ND","0","0",
"Número_de_muertes_por_lesiones_debidas_a_accidentes_de_tráfico",	31,"Yucatán","2016","216","1","2","2","16","31","29","15","16","18","18","12","19","8","11","11","3","2","1","1","0","0","ND","184","1","1","1","15","27","26","11","14","13","15","12","18","7","11","8","3","0","1","0","0","0","ND","32","0","1","1","1","4","3","4","2","5","3","0","1","1","0","3","0","2","0","1","0","0","ND","0","0","0","0","0","0","0","0","0","0","0","0","0","0","0","0","0","0","0","0","ND","ND","ND",
"Número_de_muertes_por_lesiones_debidas_a_accidentes_de_tráfico",	32,"Zacatecas","2016","400","11","12","10","47","57","47","39","24","25","27","17","21","17","14","17","7","2","4","0","1","0","1","327","5","8","6","40","50","41","32","20","22","23","14","17","10","10","16","6","1","4","0","1","0","1","73","6","4","4","7","7","6","7","4","3","4","3","4","7","4","1","1","1","0","0","0","0","0","0","0","0","0","0","0","0","0","0","0","0","0","0","0","0","0","0","0","0","ND","0","ND","0",
"Número_de_muertes_por_lesiones_debidas_a_accidentes_de_tráfico",	00,"Estados_Unidos_Mexicanos","2015","11,750","344","185","254","989","1,523","1,191","1,005","985","875","783","721","631","538","425","371","325","212","121","46","11","3","212","9,369","190","119","175","792","1,283","997","853","818","719","641","586","491","419","312","275","218","161","81","32","10","1","196","2,373","154","66","79","197","240","194","152","167","153","140","135","140","119","113","96","107","51","40","14","1","2","13","8","0","0","0","0","0","0","0","0","3","2","0","0","0","0","0","0","0","0","0","0","0","3",
"Número_de_muertes_por_lesiones_debidas_a_accidentes_de_tráfico",	01,"Aguascalientes","2015","165","9","4","5","19","16","14","6","20","15","10","13","7","4","4","6","4","1","2","1","1","0","4","137","8","0","4","18","14","14","6","17","12","8","9","5","3","4","4","4","1","1","0","1","0","4","28","1","4","1","1","2","0","0","3","3","2","4","2","1","0","2","0","0","1","1","0","0","0","0","0","0","0","0","0","0","0","0","0","0","0","0","0","0","0","0","0","0","0","0","ND","0",
"Número_de_muertes_por_lesiones_debidas_a_accidentes_de_tráfico",	02,"Baja_California","2015","415","14","8","3","32","46","32","41","44","37","30","28","24","21","18","11","6","4","1","0","0","0","15","316","6","5","1","24","37","30","36","35","27","22","23","17","15","9","8","4","4","0","0","0","0","13","99","8","3","2","8","9","2","5","9","10","8","5","7","6","9","3","2","0","1","0","0","0","2","0","0","0","0","0","0","0","0","0","0","0","0","0","0","0","0","0","0","0","ND","ND","ND","0",
"Número_de_muertes_por_lesiones_debidas_a_accidentes_de_tráfico",	03,"Baja_California_Sur","2015","118","2","2","7","8","15","11","14","12","7","8","9","7","3","3","1","2","0","1","0","0","0","6","91","2","1","5","7","10","10","10","6","6","7","8","4","2","3","1","2","0","1","0","0","0","6","27","0","1","2","1","5","1","4","6","1","1","1","3","1","0","0","0","0","0","0","0","0","0","0","0","0","0","0","0","0","0","0","0","0","0","0","0","0","0","0","ND","0","ND","ND","ND","0",
"Número_de_muertes_por_lesiones_debidas_a_accidentes_de_tráfico",	04,"Campeche","2015","73","1","0","2","7","10","9","9","10","6","8","3","3","4","0","0","1","0","0","0","0","0","ND","62","0","0","2","6","9","9","9","9","6","7","1","0","3","0","0","1","0","0","0","0","0","ND","11","1","0","0","1","1","0","0","1","0","1","2","3","1","0","0","0","0","0","0","0","0","ND","0","0","ND","0","0","0","0","0","0","0","0","0","0","0","ND","ND","0","ND","ND","ND","ND","ND","ND",
"Número_de_muertes_por_lesiones_debidas_a_accidentes_de_tráfico",	05,"Coahuila_de_Zaragoza","2015","230","12","4","7","13","30","16","24","20","20","17","12","12","12","8","11","5","5","1","0","0","0","1","188","7","4","5","10","23","13","20","17","16","17","10","11","8","7","8","5","5","1","0","0","0","1","42","5","0","2","3","7","3","4","3","4","0","2","1","4","1","3","0","0","0","0","0","0","0","0","0","0","0","0","0","0","0","0","0","0","0","0","0","0","0","0","0","0","ND","ND","ND","0",
"Número_de_muertes_por_lesiones_debidas_a_accidentes_de_tráfico",	06,"Colima","2015","102","3","1","1","10","14","8","5","10","6","8","7","1","6","7","3","3","1","1","3","0","0","4","82","2","0","1","10","11","7","4","5","5","6","7","1","5","4","3","2","1","1","3","0","0","4","20","1","1","0","0","3","1","1","5","1","2","0","0","1","3","0","1","0","0","0","0","0","0","0","0","0","0","0","0","0","0","0","0","0","0","0","0","0","0","0","0","0","0","ND","ND","0",
"Número_de_muertes_por_lesiones_debidas_a_accidentes_de_tráfico",	07,"Chiapas","2015","555","14","10","11","37","87","57","54","53","32","36","38","24","30","27","17","11","7","4","0","0","0","6","464","8","6","8","33","81","50","48","46","27","28","32","22","25","18","11","8","5","2","0","0","0","6","91","6","4","3","4","6","7","6","7","5","8","6","2","5","9","6","3","2","2","0","0","0","0","0","0","0","0","0","0","0","0","0","0","0","0","0","0","0","0","0","0","0","ND","ND","ND","0",
"Número_de_muertes_por_lesiones_debidas_a_accidentes_de_tráfico",	08,"Chihuahua","2015","468","20","4","16","48","55","53","36","40","32","31","26","25","18","20","16","11","4","2","0","0","0","11","374","13","4","7","41","41","45","28","32","30","22","21","23","14","17","12","9","3","1","0","0","0","11","94","7","0","9","7","14","8","8","8","2","9","5","2","4","3","4","2","1","1","0","0","0","0","0","0","0","0","0","0","0","0","0","0","0","0","0","0","0","0","0","0","0","ND","ND","ND","0",
"Número_de_muertes_por_lesiones_debidas_a_accidentes_de_tráfico",	09,"Ciudad_de_México","2015","658","8","9","11","30","92","68","48","64","34","46","48","37","30","28","24","29","25","17","8","1","0","1","465","3","4","9","22","75","53","39","51","28","30","34","24","18","17","14","14","13","11","4","1","0","1","193","5","5","2","8","17","15","9","13","6","16","14","13","12","11","10","15","12","6","4","0","0","0","0","0","0","0","0","0","0","0","0","0","0","0","0","0","0","0","0","0","0","0","0","ND","0",
"Número_de_muertes_por_lesiones_debidas_a_accidentes_de_tráfico",	10,"Durango","2015","330","19","3","8","31","39","37","29","23","19","26","24","17","13","14","12","6","6","4","0","0","0","ND","258","12","2","6","20","34","31","25","18","17","17","20","13","9","11","9","5","5","4","0","0","0","ND","72","7","1","2","11","5","6","4","5","2","9","4","4","4","3","3","1","1","0","0","0","0","ND","0","0","0","0","0","0","0","0","0","0","0","0","0","0","0","0","0","0","0","ND","ND","ND","ND",
"Número_de_muertes_por_lesiones_debidas_a_accidentes_de_tráfico",	11,"Guanajuato","2015","606","23","7","19","58","79","54","53","42","37","36","39","31","29","21","25","18","13","7","2","1","0","12","500","13","4","11","47","70","48","48","36","31","32","34","25","20","14","23","16","10","5","1","0","0","12","106","10","3","8","11","9","6","5","6","6","4","5","6","9","7","2","2","3","2","1","1","0","0","0","0","0","0","0","0","0","0","0","0","0","0","0","0","0","0","0","0","0","0","0","ND","0",
"Número_de_muertes_por_lesiones_debidas_a_accidentes_de_tráfico",	12,"Guerrero","2015","226","10","3","3","26","29","22","23","19","14","12","8","7","6","11","5","10","6","3","1","0","0","8","172","5","2","2","21","24","18","20","14","13","9","4","6","4","6","4","4","5","2","1","0","0","8","54","5","1","1","5","5","4","3","5","1","3","4","1","2","5","1","6","1","1","0","0","0","0","0","0","0","0","0","0","0","0","0","0","0","0","0","0","0","0","0","0","0","0","ND","ND","0",
"Número_de_muertes_por_lesiones_debidas_a_accidentes_de_tráfico",	13,"Hidalgo","2015","317","9","8","10","32","43","30","25","21","34","19","13","14","12","10","7","12","11","1","1","1","0","4","257","6","5","7","22","38","25","20","16","29","17","11","11","10","8","5","10","10","1","1","1","0","4","60","3","3","3","10","5","5","5","5","5","2","2","3","2","2","2","2","1","0","0","0","0","0","0","0","0","0","0","0","0","0","0","0","0","0","0","0","0","0","0","0","0","0","0","ND","0",
"Número_de_muertes_por_lesiones_debidas_a_accidentes_de_tráfico",	14,"Jalisco","2015","1,061","36","18","17","87","124","114","96","81","85","71","46","47","41","41","29","40","18","19","7","1","2","41","860","21","13","15","71","103","92","81","73","72","59","39","34","32","30","24","26","16","14","6","1","0","38","200","15","5","2","16","21","22","15","8","13","12","7","13","9","11","5","14","2","5","1","0","2","2","1","0","0","0","0","0","0","0","0","0","0","0","0","0","0","0","0","0","0","0","0","0","1",
"Número_de_muertes_por_lesiones_debidas_a_accidentes_de_tráfico",	15,"México","2015","1,456","36","19","28","114","199","186","139","123","112","86","90","73","66","40","53","32","21","17","4","0","0","18","1,149","20","11","18","83","166","152","117","107","94","68","71","62","48","35","32","22","15","10","3","0","0","15","304","16","8","10","31","33","34","22","16","17","17","19","11","18","5","21","10","6","7","1","0","0","2","3","0","0","0","0","0","0","0","0","1","1","0","0","0","0","0","0","0","0","0","ND","ND","1",
"Número_de_muertes_por_lesiones_debidas_a_accidentes_de_tráfico",	16,"Michoacán_de_Ocampo","2015","272","11","4","8","23","43","26","23","19","17","15","12","20","15","6","10","9","4","3","2","1","0","1","217","8","3","7","21","35","24","19","15","12","11","10","13","13","5","6","5","3","3","2","1","0","1","55","3","1","1","2","8","2","4","4","5","4","2","7","2","1","4","4","1","0","0","0","0","0","0","0","0","0","0","0","0","0","0","0","0","0","0","0","0","0","0","0","0","0","0","ND","0",
"Número_de_muertes_por_lesiones_debidas_a_accidentes_de_tráfico",	17,"Morelos","2015","77","2","4","1","4","9","5","5","8","9","6","4","4","5","4","4","0","1","0","0","0","0","2","58","0","2","0","4","9","3","5","6","9","5","0","3","5","2","2","0","1","0","0","0","0","2","19","2","2","1","0","0","2","0","2","0","1","4","1","0","2","2","0","0","0","0","0","0","0","0","0","0","0","0","0","0","0","0","0","0","0","0","0","0","0","ND","0","ND","ND","ND","ND","0",
"Número_de_muertes_por_lesiones_debidas_a_accidentes_de_tráfico",	18,"Nayarit","2015","156","5","3","3","24","23","8","10","12","9","11","10","10","9","3","2","5","5","1","0","0","0","3","123","2","3","3","17","19","6","6","8","8","10","8","7","9","3","2","3","5","1","0","0","0","3","33","3","0","0","7","4","2","4","4","1","1","2","3","0","0","0","2","0","0","0","0","0","0","0","0","0","0","0","0","0","0","0","0","0","0","0","0","0","0","0","0","0","ND","ND","ND","0",
"Número_de_muertes_por_lesiones_debidas_a_accidentes_de_tráfico",	19,"Nuevo_León","2015","193","8","3","3","12","19","16","15","13","18","19","11","16","14","12","6","5","1","0","1","0","0","1","145","3","1","3","7","16","13","13","9","14","16","5","15","13","6","4","4","1","0","1","0","0","1","47","5","2","0","5","3","3","2","4","3","3","6","1","1","6","2","1","0","0","0","0","0","0","1","0","0","0","0","0","0","0","0","1","0","0","0","0","0","0","0","0","ND","0","ND","ND","0",
"Número_de_muertes_por_lesiones_debidas_a_accidentes_de_tráfico",	20,"Oaxaca","2015","255","4","3","8","26","28","25","22","19","11","18","12","18","13","11","11","5","8","4","4","0","0","5","210","3","2","6","23","23","20","20","18","8","17","11","15","8","7","10","2","8","2","2","0","0","5","45","1","1","2","3","5","5","2","1","3","1","1","3","5","4","1","3","0","2","2","0","0","0","0","0","0","0","0","0","0","0","0","0","0","0","0","0","0","0","0","0","0","0","ND","ND","0",
"Número_de_muertes_por_lesiones_debidas_a_accidentes_de_tráfico",	21,"Puebla","2015","410","14","4","13","45","41","52","26","27","39","19","21","16","29","13","9","7","8","11","2","1","0","13","314","9","2","11","34","38","43","20","23","31","15","15","13","21","8","5","3","6","4","1","1","0","11","96","5","2","2","11","3","9","6","4","8","4","6","3","8","5","4","4","2","7","1","0","0","2","0","0","0","0","0","0","0","0","0","0","0","0","0","0","0","0","0","0","0","0","0","ND","0",
"Número_de_muertes_por_lesiones_debidas_a_accidentes_de_tráfico",	22,"Querétaro","2015","254","4","2","6","24","45","28","25","22","18","12","17","10","6","8","4","7","7","4","3","0","0","2","204","1","1","4","20","38","25","21","19","12","9","14","8","4","7","4","5","6","3","1","0","0","2","49","3","1","2","4","7","3","4","3","5","3","3","2","2","1","0","2","1","1","2","0","0","0","1","0","0","0","0","0","0","0","0","1","0","0","0","0","0","0","0","0","0","0","ND","ND","0",
"Número_de_muertes_por_lesiones_debidas_a_accidentes_de_tráfico",	23,"Quintana_Roo","2015","79","4","1","0","9","9","8","9","8","4","6","2","4","3","0","2","3","4","1","0","0","0","2","67","1","1","0","9","9","6","8","7","3","6","2","3","3","0","2","2","2","1","0","0","0","2","12","3","0","0","0","0","2","1","1","1","0","0","1","0","0","0","1","2","0","0","0","0","0","0","0","0","ND","0","0","0","0","0","0","0","0","0","0","ND","0","0","0","0","ND","ND","ND","0",
"Número_de_muertes_por_lesiones_debidas_a_accidentes_de_tráfico",	24,"San_Luis_Potosí","2015","356","6","3","7","37","42","31","25","33","19","29","19","25","13","10","23","12","7","2","1","0","0","12","283","3","2","4","22","35","26","19","29","17","26","19","21","11","9","16","6","5","2","1","0","0","10","73","3","1","3","15","7","5","6","4","2","3","0","4","2","1","7","6","2","0","0","0","0","2","0","0","0","0","0","0","0","0","0","0","0","0","0","0","0","0","0","0","0","0","ND","ND","0",
"Número_de_muertes_por_lesiones_debidas_a_accidentes_de_tráfico",	25,"Sinaloa","2015","484","19","7","14","36","56","44","42","39","30","32","39","32","29","15","15","18","6","3","1","0","0","7","396","11","4","9","33","45","36","37","35","28","25","34","24","26","12","13","13","2","2","1","0","0","6","88","8","3","5","3","11","8","5","4","2","7","5","8","3","3","2","5","4","1","0","0","0","1","0","0","0","0","0","0","0","0","0","0","0","0","0","0","0","0","0","0","0","0","ND","ND","0",
"Número_de_muertes_por_lesiones_debidas_a_accidentes_de_tráfico",	26,"Sonora","2015","357","16","8","7","33","42","32","30","30","25","24","27","19","17","14","7","7","3","1","0","1","0","14","279","7","7","4","25","35","25","24","26","18","23","25","14","11","11","5","2","2","1","0","1","0","13","78","9","1","3","8","7","7","6","4","7","1","2","5","6","3","2","5","1","0","0","0","0","1","0","0","0","0","0","0","0","0","0","0","0","0","0","0","0","0","0","0","0","ND","0","ND","0",
"Número_de_muertes_por_lesiones_debidas_a_accidentes_de_tráfico",	27,"Tabasco","2015","472","3","8","9","39","68","51","42","44","47","37","30","32","18","15","13","6","5","3","0","0","0","2","396","1","6","7","35","60","47","34","37","41","31","28","23","17","9","10","5","2","2","0","0","0","1","76","2","2","2","4","8","4","8","7","6","6","2","9","1","6","3","1","3","1","0","0","0","1","0","0","0","0","0","0","0","0","0","0","0","0","0","0","0","0","0","0","0","ND","ND","ND","0",
"Número_de_muertes_por_lesiones_debidas_a_accidentes_de_tráfico",	28,"Tamaulipas","2015","404","12","10","7","35","44","31","31","36","43","23","31","19","16","24","11","9","12","3","1","0","0","6","315","6","6","3","27","32","25","28","31","31","19","25","18","13","16","10","6","10","3","1","0","0","5","87","6","4","4","8","12","6","3","5","12","3","6","1","3","8","1","3","2","0","0","0","0","0","2","0","0","0","0","0","0","0","0","0","1","0","0","0","0","0","0","0","0","0","ND","ND","1",
"Número_de_muertes_por_lesiones_debidas_a_accidentes_de_tráfico",	29,"Tlaxcala","2015","158","4","4","4","7","28","18","9","15","12","13","10","11","7","2","4","4","3","0","0","1","0","2","125","0","3","3","7","27","16","8","10","7","12","7","6","6","2","3","3","2","0","0","1","0","2","33","4","1","1","0","1","2","1","5","5","1","3","5","1","0","1","1","1","0","0","0","0","0","0","0","0","0","0","0","0","0","0","0","0","0","0","0","0","0","0","0","ND","ND","0","ND","0",
"Número_de_muertes_por_lesiones_debidas_a_accidentes_de_tráfico",	30,"Veracruz_de_Ignacio_de_la_Llave","2015","522","7","10","10","31","68","59","48","41","49","44","32","33","23","21","15","17","4","0","4","0","1","5","432","2","8","8","28","60","49","42","33","37","41","26","24","18","20","12","13","2","0","3","0","1","5","90","5","2","2","3","8","10","6","8","12","3","6","9","5","1","3","4","2","0","1","0","0","0","0","0","0","0","0","0","0","0","0","0","0","0","0","0","0","0","0","0","ND","0","ND","0","0",
"Número_de_muertes_por_lesiones_debidas_a_accidentes_de_tráfico",	31,"Yucatán","2015","177","0","3","2","10","23","8","17","17","15","13","14","10","15","6","7","10","5","0","0","1","0","1","145","0","1","1","9","18","7","15","12","13","11","12","9","14","5","6","5","5","0","0","1","0","1","32","0","2","1","1","5","1","2","5","2","2","2","1","1","1","1","5","0","0","0","0","0","0","0","ND","0","0","0","0","0","0","0","0","0","0","0","0","0","0","0","0","ND","ND","0","ND","0",
"Número_de_muertes_por_lesiones_debidas_a_accidentes_de_tráfico",	32,"Zacatecas","2015","344","9","8","4","42","57","38","24","20","20","18","26","23","11","9","8","11","7","5","0","1","0","3","285","7","6","1","36","48","29","23","18","17","15","21","17","11","7","7","9","6","3","0","1","0","3","59","2","2","3","6","9","9","1","2","3","3","5","6","0","2","1","2","1","2","0","0","0","0","0","0","0","0","0","0","0","0","0","0","0","0","0","0","0","0","0","0","0","ND","0","ND","0",
"Número_de_muertes_por_lesiones_debidas_a_accidentes_de_tráfico",	00,"Estados_Unidos_Mexicanos","2014","12,070","317","217","292","1,023","1,438","1,290","1,128","1,027","924","812","705","634","519","425","374","322","250","124","41","21","2","185","9,642","194","129","206","823","1,199","1,078","937","867","787","679","563","509","398","313","273","218","171","83","34","15","2","164","2,416","123","88","86","200","239","211","191","160","137","133","141","125","120","112","101","104","79","41","6","6","0","13","12","0","0","0","0","0","1","0","0","0","0","1","0","1","0","0","0","0","0","1","0","0","8",
"Número_de_muertes_por_lesiones_debidas_a_accidentes_de_tráfico",	01,"Aguascalientes","2014","171","3","5","2","17","16","14","5","14","17","7","19","11","7","8","6","7","5","5","1","0","0","2","136","2","2","1","16","14","10","5","13","14","5","14","11","5","6","4","4","3","4","1","0","0","2","35","1","3","1","1","2","4","0","1","3","2","5","0","2","2","2","3","2","1","0","0","0","0","0","0","0","0","0","0","0","0","0","0","0","0","0","0","0","0","0","0","0","0","ND","ND","0",
"Número_de_muertes_por_lesiones_debidas_a_accidentes_de_tráfico",	02,"Baja_California","2014","321","11","4","6","18","42","25","33","26","41","29","18","25","17","6","7","6","3","1","0","0","0","3","242","6","2","6","13","32","18","23","21","36","24","14","17","12","5","4","4","2","1","0","0","0","2","79","5","2","0","5","10","7","10","5","5","5","4","8","5","1","3","2","1","0","0","0","0","1","0","0","0","0","0","0","0","0","0","0","0","0","0","0","0","0","0","0","0","ND","ND","ND","0",
"Número_de_muertes_por_lesiones_debidas_a_accidentes_de_tráfico",	03,"Baja_California_Sur","2014","113","3","1","2","9","13","16","16","7","8","9","4","7","6","6","2","2","2","0","0","0","0","ND","88","3","0","1","8","9","13","14","6","7","6","2","6","5","3","2","2","1","0","0","0","0","ND","25","0","1","1","1","4","3","2","1","1","3","2","1","1","3","0","0","1","0","0","0","0","ND","0","0","0","0","0","0","0","0","0","0","0","0","0","0","0","0","0","0","ND","ND","ND","ND","ND",
"Número_de_muertes_por_lesiones_debidas_a_accidentes_de_tráfico",	04,"Campeche","2014","68","0","3","1","6","10","4","12","3","7","7","2","1","4","1","2","2","2","0","0","0","0","1","59","0","2","1","5","10","4","10","3","7","5","1","0","3","1","2","2","2","0","0","0","0","1","9","0","1","0","1","0","0","2","0","0","2","1","1","1","0","0","0","0","0","0","0","0","0","0","ND","0","0","0","0","0","0","0","0","0","0","0","0","0","0","0","0","ND","ND","ND","ND","0",
"Número_de_muertes_por_lesiones_debidas_a_accidentes_de_tráfico",	05,"Coahuila_de_Zaragoza","2014","393","7","8","14","29","44","47","50","26","32","39","23","20","13","12","10","6","6","2","1","0","0","4","306","6","5","12","21","37","40","39","26","27","31","15","13","8","8","8","3","2","1","1","0","0","3","86","1","3","2","8","7","7","11","0","5","8","8","7","5","4","2","3","4","1","0","0","0","0","1","0","0","0","0","0","0","0","0","0","0","0","0","0","0","0","0","0","0","0","ND","ND","1",
"Número_de_muertes_por_lesiones_debidas_a_accidentes_de_tráfico",	06,"Colima","2014","89","3","0","0","11","13","6","9","4","8","3","11","5","5","3","0","2","3","2","0","0","0","1","75","0","0","0","9","11","6","7","4","6","2","11","5","5","2","0","1","3","2","0","0","0","1","14","3","0","0","2","2","0","2","0","2","1","0","0","0","1","0","1","0","0","0","0","0","0","0","0","ND","ND","0","0","0","0","0","0","0","0","0","0","0","ND","0","0","0","ND","ND","ND","0",
"Número_de_muertes_por_lesiones_debidas_a_accidentes_de_tráfico",	07,"Chiapas","2014","438","13","10","10","37","59","47","49","47","25","27","30","26","22","12","7","7","4","5","0","1","0","ND","373","10","6","8","31","55","40","44","41","19","23","28","22","18","10","5","5","3","4","0","1","0","ND","65","3","4","2","6","4","7","5","6","6","4","2","4","4","2","2","2","1","1","0","0","0","ND","0","0","0","0","0","0","0","0","0","0","0","0","0","0","0","0","0","0","0","ND","0","ND","ND",
"Número_de_muertes_por_lesiones_debidas_a_accidentes_de_tráfico",	08,"Chihuahua","2014","407","13","10","11","45","39","50","36","30","38","28","22","15","16","9","13","10","7","2","1","0","0","12","332","12","4","8","35","32","45","30","24","29","27","20","13","12","7","9","9","6","1","1","0","0","8","72","1","6","3","10","7","5","6","6","9","1","2","2","4","2","4","1","1","1","0","0","0","1","3","0","0","0","0","0","0","0","0","0","0","0","0","0","0","0","0","0","0","0","ND","ND","3",
"Número_de_muertes_por_lesiones_debidas_a_accidentes_de_tráfico",	09,"Ciudad_de_México","2014","748","2","8","8","44","89","81","70","59","54","60","33","43","49","29","35","32","30","14","6","2","0","ND","547","1","6","5","32","70","70","60","51","46","44","20","27","29","14","21","19","18","10","3","1","0","ND","201","1","2","3","12","19","11","10","8","8","16","13","16","20","15","14","13","12","4","3","1","0","ND","0","0","0","0","0","0","0","0","0","0","0","0","0","0","0","0","0","0","0","0","0","ND","ND",
"Número_de_muertes_por_lesiones_debidas_a_accidentes_de_tráfico",	10,"Durango","2014","325","4","5","5","21","46","37","31","25","30","14","28","16","17","20","7","6","8","4","1","0","0","ND","255","2","2","3","13","36","28","28","18","26","11","25","16","12","15","5","5","6","3","1","0","0","ND","70","2","3","2","8","10","9","3","7","4","3","3","0","5","5","2","1","2","1","0","0","0","ND","0","0","0","0","0","0","0","0","0","0","0","0","0","0","0","0","0","0","0","0","ND","ND","ND",
"Número_de_muertes_por_lesiones_debidas_a_accidentes_de_tráfico",	11,"Guanajuato","2014","599","22","8","12","63","89","59","39","48","44","21","31","35","21","17","25","19","20","6","7","3","1","9","494","17","8","9","56","76","48","33","42","36","15","27","29","18","12","20","16","10","5","5","3","1","8","105","5","0","3","7","13","11","6","6","8","6","4","6","3","5","5","3","10","1","2","0","0","1","0","0","0","0","0","0","0","0","0","0","0","0","0","0","0","0","0","0","0","0","0","0","0",
"Número_de_muertes_por_lesiones_debidas_a_accidentes_de_tráfico",	12,"Guerrero","2014","200","4","9","4","17","28","18","20","11","17","16","8","8","5","6","6","7","7","4","0","0","0","5","160","2","5","3","11","24","16","16","11","16","14","6","7","5","4","5","3","6","2","0","0","0","4","39","2","4","1","6","4","2","4","0","1","2","2","1","0","2","1","4","1","2","0","0","0","0","1","0","0","0","0","0","0","0","0","0","0","0","0","0","0","0","0","0","0","ND","ND","ND","1",
"Número_de_muertes_por_lesiones_debidas_a_accidentes_de_tráfico",	13,"Hidalgo","2014","321","8","4","8","29","44","47","35","27","16","26","21","17","5","7","8","7","3","2","1","0","0","6","252","3","0","6","22","37","41","29","23","13","21","16","15","4","5","5","2","1","2","1","0","0","6","69","5","4","2","7","7","6","6","4","3","5","5","2","1","2","3","5","2","0","0","0","0","0","0","0","0","0","0","0","0","0","0","0","0","0","0","0","0","0","0","0","0","0","ND","ND","0",
"Número_de_muertes_por_lesiones_debidas_a_accidentes_de_tráfico",	14,"Jalisco","2014","1,047","35","22","35","94","140","110","79","74","61","62","49","54","46","41","26","48","19","13","6","1","0","32","832","23","12","22","68","113","94","68","62","53","49","40","46","37","34","22","31","16","11","4","0","0","27","214","12","10","13","26","27","16","11","12","8","13","9","8","9","7","4","17","3","2","1","1","0","5","1","0","0","0","0","0","0","0","0","0","0","0","0","0","0","0","0","0","0","1","0","ND","0",
"Número_de_muertes_por_lesiones_debidas_a_accidentes_de_tráfico",	15,"México","2014","1,502","42","29","38","129","171","172","162","135","112","99","74","78","62","41","43","37","35","19","5","2","0","17","1,180","28","15","27","94","149","151","135","113","92","78","56","55","46","31","29","23","27","9","5","1","0","16","321","14","14","11","35","22","21","27","22","20","21","17","23","16","10","14","14","8","10","0","1","0","1","1","0","0","0","0","0","0","0","0","0","0","1","0","0","0","0","0","0","0","0","0","ND","0",
"Número_de_muertes_por_lesiones_debidas_a_accidentes_de_tráfico",	16,"Michoacán_de_Ocampo","2014","344","11","7","11","31","41","54","35","27","20","24","18","11","9","11","9","7","9","5","1","0","0","3","278","7","6","6","28","36","45","28","23","17","24","12","7","6","10","4","6","6","3","1","0","0","3","66","4","1","5","3","5","9","7","4","3","0","6","4","3","1","5","1","3","2","0","0","0","0","0","0","0","0","0","0","0","0","0","0","0","0","0","0","0","0","0","0","0","0","ND","ND","0",
"Número_de_muertes_por_lesiones_debidas_a_accidentes_de_tráfico",	17,"Morelos","2014","68","4","1","1","2","9","7","7","9","3","4","5","1","1","5","3","1","2","2","0","0","0","1","50","3","1","0","2","7","4","6","9","2","4","2","1","1","2","3","0","1","1","0","0","0","1","18","1","0","1","0","2","3","1","0","1","0","3","0","0","3","0","1","1","1","0","0","0","0","0","0","0","0","0","0","0","0","0","0","0","0","0","0","0","0","0","0","0","ND","ND","ND","0",
"Número_de_muertes_por_lesiones_debidas_a_accidentes_de_tráfico",	18,"Nayarit","2014","158","3","4","2","17","19","13","13","16","14","14","7","7","9","8","2","1","5","3","0","0","0","1","131","3","1","2","14","17","11","11","10","13","12","7","7","7","4","2","1","5","3","0","0","0","1","27","0","3","0","3","2","2","2","6","1","2","0","0","2","4","0","0","0","0","0","0","0","0","0","0","0","0","0","0","0","0","0","0","0","0","0","0","0","0","0","0","0","ND","ND","ND","0",
"Número_de_muertes_por_lesiones_debidas_a_accidentes_de_tráfico",	19,"Nuevo_León","2014","289","11","3","5","17","25","22","19","19","27","31","17","21","18","15","17","5","6","3","0","0","0","8","217","5","0","2","11","19","15","17","12","24","25","14","20","12","8","12","5","5","3","0","0","0","8","72","6","3","3","6","6","7","2","7","3","6","3","1","6","7","5","0","1","0","0","0","0","0","0","0","0","0","0","0","0","0","0","0","0","0","0","0","0","0","0","0","0","ND","ND","ND","0",
"Número_de_muertes_por_lesiones_debidas_a_accidentes_de_tráfico",	20,"Oaxaca","2014","309","7","5","6","15","39","37","26","31","26","18","19","16","18","11","18","8","5","1","1","1","0","1","252","3","4","6","13","35","27","20","25","25","14","16","13","17","8","14","6","2","1","1","1","0","1","57","4","1","0","2","4","10","6","6","1","4","3","3","1","3","4","2","3","0","0","0","0","0","0","0","0","0","0","0","0","0","0","0","0","0","0","0","0","0","0","0","0","0","0","ND","0",
"Número_de_muertes_por_lesiones_debidas_a_accidentes_de_tráfico",	21,"Puebla","2014","459","13","8","10","50","51","34","36","26","39","31","34","28","15","22","16","13","13","7","0","0","0","13","368","5","5","7","48","44","29","33","23","33","27","27","25","9","13","11","7","8","2","0","0","0","12","91","8","3","3","2","7","5","3","3","6","4","7","3","6","9","5","6","5","5","0","0","0","1","0","0","0","0","0","0","0","0","0","0","0","0","0","0","0","0","0","0","0","ND","ND","ND","0",
"Número_de_muertes_por_lesiones_debidas_a_accidentes_de_tráfico",	22,"Querétaro","2014","276","11","8","9","23","31","25","27","24","19","18","10","15","9","14","7","7","8","2","3","2","0","4","224","11","4","7","21","25","19","24","22","18","16","6","9","8","10","6","6","4","0","3","1","0","4","52","0","4","2","2","6","6","3","2","1","2","4","6","1","4","1","1","4","2","0","1","0","0","0","0","0","0","0","0","0","0","0","0","0","0","0","0","0","0","0","0","0","0","0","ND","0",
"Número_de_muertes_por_lesiones_debidas_a_accidentes_de_tráfico",	23,"Quintana_Roo","2014","71","1","1","2","2","8","11","11","7","7","2","5","4","4","3","0","1","0","0","0","0","0","2","60","1","1","1","2","8","10","8","6","7","2","3","3","3","3","0","0","0","0","0","0","0","2","11","0","0","1","0","0","1","3","1","0","0","2","1","1","0","0","1","0","0","0","0","0","0","0","0","0","0","0","0","0","0","0","0","0","0","0","0","0","ND","0","ND","ND","ND","ND","ND","0",
"Número_de_muertes_por_lesiones_debidas_a_accidentes_de_tráfico",	24,"San_Luis_Potosí","2014","433","18","4","9","46","51","42","31","43","31","23","26","13","22","21","23","9","10","4","2","1","0","4","344","6","3","6","35","44","33","23","35","25","23","22","12","18","16","18","7","8","4","2","0","0","4","88","12","1","3","11","7","8","8","8","6","0","4","1","4","5","5","2","2","0","0","1","0","0","1","0","0","0","0","0","1","0","0","0","0","0","0","0","0","0","0","0","0","0","0","ND","0",
"Número_de_muertes_por_lesiones_debidas_a_accidentes_de_tráfico",	25,"Sinaloa","2014","428","13","11","8","39","44","43","34","35","30","27","28","27","19","12","21","11","7","3","0","7","0","9","357","5","7","5","32","34","38","31","28","26","25","26","26","16","10","16","9","5","2","0","7","0","9","71","8","4","3","7","10","5","3","7","4","2","2","1","3","2","5","2","2","1","0","0","0","0","0","0","0","0","0","0","0","0","0","0","0","0","0","0","0","0","0","0","0","ND","0","ND","0",
"Número_de_muertes_por_lesiones_debidas_a_accidentes_de_tráfico",	26,"Sonora","2014","409","10","9","11","23","29","28","36","44","37","28","39","20","22","16","13","9","5","6","1","0","0","23","339","6","9","7","20","24","22","28","37","33","24","36","16","18","14","8","6","4","4","1","0","0","22","68","4","0","4","3","5","6","8","7","4","4","3","4","3","2","5","3","1","2","0","0","0","0","2","0","0","0","0","0","0","0","0","0","0","0","0","1","0","0","0","0","0","0","ND","ND","1",
"Número_de_muertes_por_lesiones_debidas_a_accidentes_de_tráfico",	27,"Tabasco","2014","459","9","4","10","44","51","53","48","54","43","35","36","18","18","10","11","7","3","3","1","0","0","1","387","5","1","7","40","43","46","40","47","35","31","30","15","15","10","9","6","3","2","1","0","0","1","72","4","3","3","4","8","7","8","7","8","4","6","3","3","0","2","1","0","1","0","0","0","0","0","0","0","0","0","0","0","0","0","0","0","0","0","0","0","0","0","0","0","0","ND","ND","0",
"Número_de_muertes_por_lesiones_debidas_a_accidentes_de_tráfico",	28,"Tamaulipas","2014","454","7","10","15","28","44","50","55","48","27","33","33","29","15","16","15","13","4","1","1","1","1","8","352","6","6","13","21","35","37","37","40","26","29","24","21","12","14","11","10","1","1","1","0","1","6","101","1","4","2","7","9","13","18","8","1","4","9","8","3","2","4","3","3","0","0","1","0","1","1","0","0","0","0","0","0","0","0","0","0","0","0","0","0","0","0","0","0","0","0","0","1",
"Número_de_muertes_por_lesiones_debidas_a_accidentes_de_tráfico",	29,"Tlaxcala","2014","140","3","1","4","13","13","13","15","12","11","10","12","8","1","12","3","4","1","0","1","0","0","3","114","1","1","2","9","11","12","12","12","10","9","9","7","1","11","2","1","1","0","1","0","0","2","26","2","0","2","4","2","1","3","0","1","1","3","1","0","1","1","3","0","0","0","0","0","1","0","0","0","0","0","0","0","0","0","0","0","0","0","0","0","0","0","0","ND","0","ND","ND","0",
"Número_de_muertes_por_lesiones_debidas_a_accidentes_de_tráfico",	30,"Veracruz_de_Ignacio_de_la_Llave","2014","565","12","5","13","41","83","75","58","59","42","38","25","29","28","9","11","17","9","2","0","0","0","9","456","3","2","9","39","66","65","51","45","36","32","19","23","26","6","10","9","7","1","0","0","0","7","108","9","3","4","2","17","10","7","14","6","6","6","6","2","3","1","8","2","1","0","0","0","1","1","0","0","0","0","0","0","0","0","0","0","0","0","0","0","0","0","0","0","ND","ND","ND","1",
"Número_de_muertes_por_lesiones_debidas_a_accidentes_de_tráfico",	31,"Yucatán","2014","131","2","1","1","15","14","11","14","9","12","11","4","12","9","10","2","1","3","0","0","0","0","ND","106","2","1","0","10","12","10","11","7","11","11","4","9","5","8","1","1","3","0","0","0","0","ND","25","0","0","1","5","2","1","3","2","1","0","0","3","4","2","1","0","0","0","0","0","0","ND","0","0","0","0","0","0","0","0","0","0","0","0","0","0","0","0","0","0","ND","ND","ND","ND","ND",
"Número_de_muertes_por_lesiones_debidas_a_accidentes_de_tráfico",	32,"Zacatecas","2014","335","12","9","19","48","43","39","17","28","26","18","14","14","7","12","6","10","6","3","1","0","0","3","276","7","8","14","44","34","31","16","28","19","16","11","13","5","9","5","9","2","1","1","0","0","3","59","5","1","5","4","9","8","1","0","7","2","3","1","2","3","1","1","4","2","0","0","0","0","0","0","0","0","0","0","0","0","0","0","0","0","0","0","0","0","0","0","0","0","ND","ND","0",
"Número_de_muertes_por_lesiones_debidas_a_accidentes_de_tráfico",	00,"Estados_Unidos_Mexicanos","2013","12,724","369","234","296","1,109","1,530","1,380","1,192","1,120","931","822","724","606","546","491","398","351","214","140","44","8","1","218","10,183","208","161","214","884","1,297","1,170","1,007","938","773","673","560","491","413","371","296","243","155","93","28","6","0","202","2,531","161","73","82","225","233","209","181","181","158","149","164","115","133","120","102","108","59","47","16","2","1","12","10","0","0","0","0","0","1","4","1","0","0","0","0","0","0","0","0","0","0","0","0","0","4",
"Número_de_muertes_por_lesiones_debidas_a_accidentes_de_tráfico",	01,"Aguascalientes","2013","169","6","4","9","15","20","12","15","17","15","9","8","12","9","5","4","4","2","2","1","0","0","ND","124","4","3","9","8","18","10","10","12","15","6","5","10","4","3","4","2","0","1","0","0","0","ND","45","2","1","0","7","2","2","5","5","0","3","3","2","5","2","0","2","2","1","1","0","0","ND","0","0","0","0","0","0","0","0","0","0","0","0","0","0","0","0","0","0","0","0","ND","ND","ND",
"Número_de_muertes_por_lesiones_debidas_a_accidentes_de_tráfico",	02,"Baja_California","2013","221","7","4","7","17","25","27","21","21","17","14","10","8","7","7","8","6","2","2","0","0","0","11","165","4","3","5","13","19","19","15","17","15","10","9","7","3","5","6","1","2","1","0","0","0","11","56","3","1","2","4","6","8","6","4","2","4","1","1","4","2","2","5","0","1","0","0","0","0","0","0","0","0","0","0","0","0","0","0","0","0","0","0","0","0","0","0","0","ND","ND","ND","0",
"Número_de_muertes_por_lesiones_debidas_a_accidentes_de_tráfico",	03,"Baja_California_Sur","2013","122","2","6","1","4","18","11","16","13","9","11","5","6","3","4","2","1","3","0","0","0","0","7","99","1","6","0","4","15","10","14","10","7","9","3","5","3","2","0","1","3","0","0","0","0","6","23","1","0","1","0","3","1","2","3","2","2","2","1","0","2","2","0","0","0","0","0","0","1","0","0","0","0","0","0","0","0","0","0","0","0","0","0","0","0","0","0","ND","ND","ND","ND","0",
"Número_de_muertes_por_lesiones_debidas_a_accidentes_de_tráfico",	04,"Campeche","2013","56","2","1","0","6","5","10","3","9","4","4","2","3","1","1","3","2","0","0","0","0","0","ND","45","1","1","0","5","5","8","3","7","3","4","1","2","0","1","2","2","0","0","0","0","0","ND","11","1","0","0","1","0","2","0","2","1","0","1","1","1","0","1","0","0","0","0","0","0","ND","0","0","0","ND","0","0","0","0","0","0","0","0","0","0","0","0","0","ND","ND","ND","ND","ND","ND",
"Número_de_muertes_por_lesiones_debidas_a_accidentes_de_tráfico",	05,"Coahuila_de_Zaragoza","2013","401","16","10","12","42","42","36","40","46","29","23","19","17","20","18","10","11","2","1","3","0","0","4","301","9","6","9","27","33","32","31","36","24","19","15","14","11","13","8","7","2","0","1","0","0","4","100","7","4","3","15","9","4","9","10","5","4","4","3","9","5","2","4","0","1","2","0","0","0","0","0","0","0","0","0","0","0","0","0","0","0","0","0","0","0","0","0","0","0","ND","ND","0",
"Número_de_muertes_por_lesiones_debidas_a_accidentes_de_tráfico",	06,"Colima","2013","100","1","0","2","12","11","13","16","10","8","2","2","5","4","3","2","2","3","0","1","0","0","3","79","1","0","1","10","9","12","12","7","6","1","2","4","3","2","2","1","2","0","1","0","0","3","21","0","0","1","2","2","1","4","3","2","1","0","1","1","1","0","1","1","0","0","0","0","0","0","0","ND","0","0","0","0","0","0","0","0","0","0","0","0","0","0","0","ND","0","ND","ND","0",
"Número_de_muertes_por_lesiones_debidas_a_accidentes_de_tráfico",	07,"Chiapas","2013","377","8","7","3","33","39","49","42","39","29","28","26","21","10","9","13","6","8","4","0","0","0","3","331","5","7","2","32","34","43","33","37","24","26","25","20","10","9","9","4","7","2","0","0","0","2","46","3","0","1","1","5","6","9","2","5","2","1","1","0","0","4","2","1","2","0","0","0","1","0","0","0","0","0","0","0","0","0","0","0","0","0","0","0","0","0","0","0","ND","ND","ND","0",
"Número_de_muertes_por_lesiones_debidas_a_accidentes_de_tráfico",	08,"Chihuahua","2013","611","21","19","15","54","73","57","59","49","33","41","49","26","26","16","10","19","8","3","0","0","0","33","459","11","9","12","39","53","48","48","43","27","31","36","15","20","9","9","12","8","2","0","0","0","27","151","10","10","3","15","20","9","11","6","6","10","13","11","6","7","1","7","0","1","0","0","0","5","1","0","0","0","0","0","0","0","0","0","0","0","0","0","0","0","0","0","0","ND","ND","ND","1",
"Número_de_muertes_por_lesiones_debidas_a_accidentes_de_tráfico",	09,"Ciudad_de_México","2013","845","11","8","10","54","98","118","70","66","57","51","43","54","32","42","35","41","33","16","6","0","0","ND","616","6","5","6","41","81","91","59","53","44","41","33","39","23","24","17","22","18","8","5","0","0","ND","229","5","3","4","13","17","27","11","13","13","10","10","15","9","18","18","19","15","8","1","0","0","ND","0","0","0","0","0","0","0","0","0","0","0","0","0","0","0","0","0","0","0","0","ND","ND","ND",
"Número_de_muertes_por_lesiones_debidas_a_accidentes_de_tráfico",	10,"Durango","2013","359","11","6","6","32","59","44","39","22","25","22","20","10","17","12","12","9","4","5","1","0","0","3","297","3","4","5","25","53","41","33","19","21","20","18","8","11","10","12","5","2","4","0","0","0","3","62","8","2","1","7","6","3","6","3","4","2","2","2","6","2","0","4","2","1","1","0","0","0","0","0","0","0","0","0","0","0","0","0","0","0","0","0","0","0","0","0","0","0","ND","ND","0",
"Número_de_muertes_por_lesiones_debidas_a_accidentes_de_tráfico",	11,"Guanajuato","2013","677","28","11","17","70","83","52","52","54","44","43","42","34","33","32","19","25","11","9","3","3","0","12","562","16","8","15","58","77","44","44","45","40","34","34","30","27","25","16","19","7","7","2","2","0","12","115","12","3","2","12","6","8","8","9","4","9","8","4","6","7","3","6","4","2","1","1","0","0","0","0","0","0","0","0","0","0","0","0","0","0","0","0","0","0","0","0","0","0","0","ND","0",
"Número_de_muertes_por_lesiones_debidas_a_accidentes_de_tráfico",	12,"Guerrero","2013","243","7","7","4","19","28","26","19","27","17","10","12","8","10","15","8","4","11","4","1","0","1","5","196","5","6","3","15","24","22","18","23","15","8","7","5","8","13","4","3","7","4","1","0","0","5","47","2","1","1","4","4","4","1","4","2","2","5","3","2","2","4","1","4","0","0","0","1","0","0","0","0","0","0","0","0","0","0","0","0","0","0","0","0","0","0","0","0","0","ND","0","0",
"Número_de_muertes_por_lesiones_debidas_a_accidentes_de_tráfico",	13,"Hidalgo","2013","349","9","5","8","34","44","33","38","39","22","20","21","19","21","7","7","5","10","1","1","2","0","3","282","5","2","7","30","34","29","35","27","18","17","17","16","18","7","4","4","6","1","1","1","0","3","67","4","3","1","4","10","4","3","12","4","3","4","3","3","0","3","1","4","0","0","1","0","0","0","0","0","0","0","0","0","0","0","0","0","0","0","0","0","0","0","0","0","0","0","ND","0",
"Número_de_muertes_por_lesiones_debidas_a_accidentes_de_tráfico",	14,"Jalisco","2013","1,219","50","29","31","106","148","122","106","107","86","67","87","52","40","49","43","35","18","21","3","1","0","18","1,008","29","22","27","93","128","107","90","93","66","56","69","45","35","34","37","28","13","15","2","1","0","18","211","21","7","4","13","20","15","16","14","20","11","18","7","5","15","6","7","5","6","1","0","0","0","0","0","0","0","0","0","0","0","0","0","0","0","0","0","0","0","0","0","0","0","0","ND","0",
"Número_de_muertes_por_lesiones_debidas_a_accidentes_de_tráfico",	15,"México","2013","1,631","41","29","42","135","182","178","156","130","124","121","91","85","65","57","57","55","31","20","4","0","0","28","1,265","23","18","27","108","156","148","136","102","103","97","65","68","43","42","33","33","25","10","0","0","0","28","365","18","11","15","27","26","29","20","28","21","24","26","17","22","15","24","22","6","10","4","0","0","0","1","0","0","0","0","0","1","0","0","0","0","0","0","0","0","0","0","0","0","0","ND","ND","0",
"Número_de_muertes_por_lesiones_debidas_a_accidentes_de_tráfico",	16,"Michoacán_de_Ocampo","2013","386","22","9","8","44","64","48","28","31","24","18","19","15","11","8","12","9","5","3","1","0","0","7","305","13","7","6","34","55","41","24","27","21","14","12","11","9","6","7","7","3","1","0","0","0","7","81","9","2","2","10","9","7","4","4","3","4","7","4","2","2","5","2","2","2","1","0","0","0","0","0","0","0","0","0","0","0","0","0","0","0","0","0","0","0","0","0","0","0","ND","ND","0",
"Número_de_muertes_por_lesiones_debidas_a_accidentes_de_tráfico",	17,"Morelos","2013","98","0","3","2","11","13","10","5","8","5","7","7","8","6","2","3","1","2","3","0","1","0","1","73","0","3","1","9","8","6","4","8","5","7","5","5","2","1","1","1","2","3","0","1","0","1","25","0","0","1","2","5","4","1","0","0","0","2","3","4","1","2","0","0","0","0","0","0","0","0","ND","0","0","0","0","0","0","0","0","0","0","0","0","0","0","0","0","0","ND","0","ND","0",
"Número_de_muertes_por_lesiones_debidas_a_accidentes_de_tráfico",	18,"Nayarit","2013","162","4","4","3","14","17","15","14","12","15","20","6","13","3","7","5","5","3","1","1","0","0","ND","132","2","0","3","14","15","14","10","12","14","17","3","10","1","6","4","3","3","0","1","0","0","ND","30","2","4","0","0","2","1","4","0","1","3","3","3","2","1","1","2","0","1","0","0","0","ND","0","0","0","0","0","0","0","0","0","0","0","0","0","0","0","0","0","0","0","0","ND","ND","ND",
"Número_de_muertes_por_lesiones_debidas_a_accidentes_de_tráfico",	19,"Nuevo_León","2013","371","2","8","11","17","24","30","42","43","44","24","22","25","23","16","14","11","6","4","1","0","0","4","300","1","4","8","14","20","25","34","36","36","20","15","21","17","16","10","9","5","4","1","0","0","4","70","1","4","3","3","4","5","7","7","8","4","7","4","6","0","4","2","1","0","0","0","0","0","1","0","0","0","0","0","0","1","0","0","0","0","0","0","0","0","0","0","0","0","ND","ND","0",
"Número_de_muertes_por_lesiones_debidas_a_accidentes_de_tráfico",	20,"Oaxaca","2013","308","10","4","12","17","33","31","28","27","29","21","12","17","23","12","8","8","5","6","4","0","0","1","238","4","3","6","9","32","26","25","19","26","16","12","12","20","8","6","6","1","3","3","0","0","1","70","6","1","6","8","1","5","3","8","3","5","0","5","3","4","2","2","4","3","1","0","0","0","0","0","0","0","0","0","0","0","0","0","0","0","0","0","0","0","0","0","0","0","ND","ND","0",
"Número_de_muertes_por_lesiones_debidas_a_accidentes_de_tráfico",	21,"Puebla","2013","444","14","8","11","43","56","51","39","34","31","31","19","18","21","17","13","8","3","5","1","0","0","21","359","6","5","8","31","46","44","31","30","24","27","17","15","20","15","10","6","2","3","1","0","0","18","85","8","3","3","12","10","7","8","4","7","4","2","3","1","2","3","2","1","2","0","0","0","3","0","0","0","0","0","0","0","0","0","0","0","0","0","0","0","0","0","0","0","0","ND","ND","0",
"Número_de_muertes_por_lesiones_debidas_a_accidentes_de_tráfico",	22,"Querétaro","2013","251","6","2","5","22","28","30","31","24","17","19","17","8","8","10","8","5","6","3","2","0","0","ND","214","6","0","2","17","23","26","29","22","14","16","17","8","7","10","6","4","5","1","1","0","0","ND","37","0","2","3","5","5","4","2","2","3","3","0","0","1","0","2","1","1","2","1","0","0","ND","0","0","0","0","0","0","0","0","0","0","0","0","0","0","0","0","0","0","0","0","ND","ND","ND",
"Número_de_muertes_por_lesiones_debidas_a_accidentes_de_tráfico",	23,"Quintana_Roo","2013","49","1","2","0","5","9","7","7","4","3","3","2","2","1","2","0","0","0","0","0","0","0","1","38","0","0","0","4","8","7","5","3","2","3","2","2","0","1","0","0","0","0","0","0","0","1","11","1","2","0","1","1","0","2","1","1","0","0","0","1","1","0","0","0","0","0","0","0","0","0","0","0","ND","0","0","0","0","0","0","0","0","0","0","0","ND","ND","ND","ND","ND","ND","ND","0",
"Número_de_muertes_por_lesiones_debidas_a_accidentes_de_tráfico",	24,"San_Luis_Potosí","2013","411","13","5","7","42","54","48","38","33","30","30","19","14","22","13","14","11","4","4","2","1","0","7","334","9","4","3","35","46","43","30","27","27","24","14","14","17","8","12","8","2","3","0","1","0","7","73","4","1","4","7","8","5","5","5","3","6","5","0","5","5","2","3","2","1","2","0","0","0","4","0","0","0","0","0","0","3","1","0","0","0","0","0","0","0","0","0","0","0","0","ND","0",
"Número_de_muertes_por_lesiones_debidas_a_accidentes_de_tráfico",	25,"Sinaloa","2013","440","14","10","8","36","53","48","42","41","32","34","27","19","15","25","14","9","4","2","1","0","0","6","370","7","7","5","28","48","43","38","37","30","26","22","17","10","20","13","7","4","2","1","0","0","5","70","7","3","3","8","5","5","4","4","2","8","5","2","5","5","1","2","0","0","0","0","0","1","0","0","0","0","0","0","0","0","0","0","0","0","0","0","0","0","0","0","0","0","ND","ND","0",
"Número_de_muertes_por_lesiones_debidas_a_accidentes_de_tráfico",	26,"Sonora","2013","408","17","10","9","29","38","48","27","32","37","30","24","17","21","25","7","7","7","3","0","0","0","20","327","10","7","8","19","32","38","23","28","28","24","19","15","16","19","5","7","6","3","0","0","0","20","81","7","3","1","10","6","10","4","4","9","6","5","2","5","6","2","0","1","0","0","0","0","0","0","0","0","0","0","0","0","0","0","0","0","0","0","0","0","0","0","0","0","ND","ND","ND","0",
"Número_de_muertes_por_lesiones_debidas_a_accidentes_de_tráfico",	27,"Tabasco","2013","421","7","7","14","51","58","53","38","38","34","32","23","17","9","13","11","9","3","0","0","0","0","4","364","4","6","9","47","54","50","36","31","27","28","15","14","6","11","11","8","3","0","0","0","0","4","57","3","1","5","4","4","3","2","7","7","4","8","3","3","2","0","1","0","0","0","0","0","0","0","0","0","0","0","0","0","0","0","0","0","0","0","0","0","0","0","0","ND","ND","ND","ND","0",
"Número_de_muertes_por_lesiones_debidas_a_accidentes_de_tráfico",	28,"Tamaulipas","2013","426","14","5","10","43","47","41","52","26","29","23","35","18","26","13","14","16","5","2","3","0","0","4","341","7","5","7","33","35","35","44","23","23","20","27","16","19","10","11","14","5","1","3","0","0","3","85","7","0","3","10","12","6","8","3","6","3","8","2","7","3","3","2","0","1","0","0","0","1","0","0","0","0","0","0","0","0","0","0","0","0","0","0","0","0","0","0","0","0","ND","ND","0",
"Número_de_muertes_por_lesiones_debidas_a_accidentes_de_tráfico",	29,"Tlaxcala","2013","170","7","3","6","16","28","17","15","13","5","9","10","9","10","5","4","6","2","3","1","0","0","1","131","5","3","4","11","20","14","12","9","5","7","7","7","8","4","4","5","2","2","1","0","0","1","39","2","0","2","5","8","3","3","4","0","2","3","2","2","1","0","1","0","1","0","0","0","0","0","0","0","0","0","0","0","0","0","0","0","0","0","0","0","0","0","0","0","0","ND","ND","0",
"Número_de_muertes_por_lesiones_debidas_a_accidentes_de_tráfico",	30,"Veracruz_de_Ignacio_de_la_Llave","2013","526","5","2","13","39","76","55","48","50","39","37","28","28","25","29","20","10","7","7","1","0","0","7","430","4","1","7","34","70","43","41","43","31","30","21","21","21","24","17","6","5","6","1","0","0","4","93","1","1","6","5","6","12","7","7","8","7","7","7","4","5","3","4","2","1","0","0","0","0","3","0","0","0","0","0","0","0","0","0","0","0","0","0","0","0","0","0","0","0","ND","ND","3",
"Número_de_muertes_por_lesiones_debidas_a_accidentes_de_tráfico",	31,"Yucatán","2013","140","2","2","2","4","17","18","17","16","12","6","6","8","7","8","8","2","2","1","1","0","0","1","123","2","2","2","3","15","18","15","15","10","5","5","7","5","6","7","1","2","1","1","0","0","1","17","0","0","0","1","2","0","2","1","2","1","1","1","2","2","1","1","0","0","0","0","0","0","0","0","0","0","0","0","0","0","0","0","0","0","0","0","0","0","0","0","0","0","ND","ND","0",
"Número_de_muertes_por_lesiones_debidas_a_accidentes_de_tráfico",	32,"Zacatecas","2013","333","11","4","8","43","40","42","29","39","26","12","11","10","17","9","10","9","4","5","1","0","0","3","275","5","4","7","34","31","33","25","37","22","10","8","8","16","7","9","7","3","5","1","0","0","3","58","6","0","1","9","9","9","4","2","4","2","3","2","1","2","1","2","1","0","0","0","0","0","0","0","0","0","0","0","0","0","0","0","0","0","0","0","0","0","0","0","0","0","ND","ND","0",
"Número_de_muertes_por_lesiones_debidas_a_accidentes_de_tráfico",	00,"Estados_Unidos_Mexicanos","2012","14,079","447","297","367","1,238","1,770","1,494","1,230","1,220","1,019","862","805","690","570","526","423","380","281","145","50","10","4","251","11,075","246","184","236","979","1,469","1,270","1,035","1,009","843","692","639","566","416","388","305","266","184","90","33","8","3","214","2,985","201","113","131","259","300","224","195","211","176","169","166","123","154","137","118","114","97","55","17","2","1","22","19","0","0","0","0","1","0","0","0","0","1","0","1","0","1","0","0","0","0","0","0","0","15",
"Número_de_muertes_por_lesiones_debidas_a_accidentes_de_tráfico",	01,"Aguascalientes","2012","188","6","1","11","25","18","23","16","14","14","12","11","13","2","3","5","11","2","0","1","0","0","ND","145","4","0","5","17","13","20","14","11","12","10","10","12","2","2","4","7","2","0","0","0","0","ND","43","2","1","6","8","5","3","2","3","2","2","1","1","0","1","1","4","0","0","1","0","0","ND","0","0","0","0","0","0","0","0","0","0","0","0","0","0","0","0","0","0","ND","0","ND","ND","ND",
"Número_de_muertes_por_lesiones_debidas_a_accidentes_de_tráfico",	02,"Baja_California","2012","230","8","11","2","19","25","27","22","21","23","12","9","9","12","10","4","4","0","1","0","0","1","10","173","2","7","2","10","21","24","20","14","19","9","9","7","6","6","3","4","0","0","0","0","1","9","57","6","4","0","9","4","3","2","7","4","3","0","2","6","4","1","0","0","1","0","0","0","1","0","0","0","0","0","0","0","0","0","0","0","0","0","0","0","0","0","ND","0","ND","ND","0","0",
"Número_de_muertes_por_lesiones_debidas_a_accidentes_de_tráfico",	03,"Baja_California_Sur","2012","133","9","2","1","7","13","20","15","12","11","9","8","8","5","4","2","2","1","1","0","0","0","3","99","5","0","1","4","9","19","11","9","8","6","7","6","3","4","2","2","0","0","0","0","0","3","34","4","2","0","3","4","1","4","3","3","3","1","2","2","0","0","0","1","1","0","0","0","0","0","0","0","0","0","0","0","0","0","0","0","0","0","0","0","0","0","0","0","ND","ND","ND","0",
"Número_de_muertes_por_lesiones_debidas_a_accidentes_de_tráfico",	04,"Campeche","2012","53","1","2","3","5","10","8","3","6","2","1","1","3","4","1","1","0","2","0","0","0","0","ND","48","0","2","3","5","9","7","3","5","2","1","1","3","4","1","1","0","1","0","0","0","0","ND","5","1","0","0","0","1","1","0","1","0","0","0","0","0","0","0","0","1","0","0","0","0","ND","0","0","0","0","0","0","0","0","0","0","0","0","0","0","0","0","ND","0","ND","ND","ND","ND","ND",
"Número_de_muertes_por_lesiones_debidas_a_accidentes_de_tráfico",	05,"Coahuila_de_Zaragoza","2012","293","17","9","6","30","28","28","24","33","20","20","14","15","17","5","4","6","2","1","1","0","0","13","219","11","7","3","18","20","21","18","28","19","13","10","15","13","2","3","5","1","0","1","0","0","11","73","6","2","3","12","8","7","6","5","1","7","4","0","4","3","1","1","1","1","0","0","0","1","1","0","0","0","0","0","0","0","0","0","0","0","0","0","0","0","0","0","0","0","ND","ND","1",
"Número_de_muertes_por_lesiones_debidas_a_accidentes_de_tráfico",	06,"Colima","2012","128","5","6","5","15","10","8","17","4","15","5","13","4","3","4","2","3","2","3","1","0","0","3","105","4","4","4","13","10","8","13","4","12","4","10","4","3","4","2","1","1","1","0","0","0","3","23","1","2","1","2","0","0","4","0","3","1","3","0","0","0","0","2","1","2","1","0","0","0","0","0","0","0","0","0","0","0","0","0","0","0","0","0","0","0","0","0","0","0","ND","ND","0",
"Número_de_muertes_por_lesiones_debidas_a_accidentes_de_tráfico",	07,"Chiapas","2012","530","14","11","14","43","69","70","51","48","36","38","28","27","26","15","15","6","6","3","2","1","2","5","431","6","5","9","34","56","59","42","44","34","33","24","23","19","13","11","4","5","3","1","1","1","4","98","8","6","5","9","13","11","9","4","2","5","4","4","7","1","4","2","1","0","1","0","1","1","1","0","0","0","0","0","0","0","0","0","0","0","0","0","1","0","0","0","0","0","0","0","0",
"Número_de_muertes_por_lesiones_debidas_a_accidentes_de_tráfico",	08,"Chihuahua","2012","654","37","22","16","51","75","63","57","56","65","44","38","34","21","28","16","9","12","2","0","0","0","8","487","21","16","12","37","54","52","40","45","56","37","28","23","12","19","14","5","7","2","0","0","0","7","166","16","6","4","14","21","11","17","11","9","7","10","11","9","9","2","4","5","0","0","0","0","0","1","0","0","0","0","0","0","0","0","0","0","0","0","0","0","0","0","0","0","ND","ND","ND","1",
"Número_de_muertes_por_lesiones_debidas_a_accidentes_de_tráfico",	09,"Ciudad_de_México","2012","885","11","10","17","56","121","86","77","62","64","45","47","36","37","38","40","57","41","31","5","2","0","2","626","6","6","7","41","98","72","70","50","46","33","31","27","23","22","18","31","22","16","4","2","0","1","259","5","4","10","15","23","14","7","12","18","12","16","9","14","16","22","26","19","15","1","0","0","1","0","0","0","0","0","0","0","0","0","0","0","0","0","0","0","0","0","0","0","0","0","ND","0",
"Número_de_muertes_por_lesiones_debidas_a_accidentes_de_tráfico",	10,"Durango","2012","303","9","10","7","35","45","25","26","36","19","20","12","9","11","12","7","11","4","1","1","0","0","3","240","4","7","3","26","41","22","18","30","15","19","10","6","9","8","5","10","3","1","1","0","0","2","63","5","3","4","9","4","3","8","6","4","1","2","3","2","4","2","1","1","0","0","0","0","1","0","0","0","0","0","0","0","0","0","0","0","0","0","0","0","0","0","0","0","0","ND","ND","0",
"Número_de_muertes_por_lesiones_debidas_a_accidentes_de_tráfico",	11,"Guanajuato","2012","872","23","20","31","98","114","78","58","81","51","47","41","39","38","39","28","26","26","8","2","1","0","23","697","13","12","19","85","97","67","51","66","44","37","35","32","23","32","26","18","14","4","1","1","0","20","175","10","8","12","13","17","11","7","15","7","10","6","7","15","7","2","8","12","4","1","0","0","3","0","0","0","0","0","0","0","0","0","0","0","0","0","0","0","0","0","0","0","0","0","ND","0",
"Número_de_muertes_por_lesiones_debidas_a_accidentes_de_tráfico",	12,"Guerrero","2012","252","12","6","11","19","33","33","25","17","13","11","17","10","14","9","6","4","7","2","1","0","0","2","191","6","3","8","17","26","29","21","15","11","8","10","6","8","5","4","3","7","1","1","0","0","2","61","6","3","3","2","7","4","4","2","2","3","7","4","6","4","2","1","0","1","0","0","0","0","0","0","0","0","0","0","0","0","0","0","0","0","0","0","0","0","0","0","0","0","ND","ND","0",
"Número_de_muertes_por_lesiones_debidas_a_accidentes_de_tráfico",	13,"Hidalgo","2012","344","13","5","9","30","45","47","25","25","23","29","25","12","16","11","9","5","5","3","2","0","0","5","267","6","4","3","26","36","38","21","21","20","24","18","9","10","9","6","3","5","2","2","0","0","4","77","7","1","6","4","9","9","4","4","3","5","7","3","6","2","3","2","0","1","0","0","0","1","0","0","0","0","0","0","0","0","0","0","0","0","0","0","0","0","0","0","0","0","ND","ND","0",
"Número_de_muertes_por_lesiones_debidas_a_accidentes_de_tráfico",	14,"Jalisco","2012","1,365","43","24","36","131","168","162","115","107","111","79","73","59","61","56","44","31","20","14","6","3","0","22","1,108","24","15","26","105","145","134","95","98","94","69","62","49","49","40","30","21","18","7","3","3","0","21","257","19","9","10","26","23","28","20","9","17","10","11","10","12","16","14","10","2","7","3","0","0","1","0","0","0","0","0","0","0","0","0","0","0","0","0","0","0","0","0","0","0","0","0","ND","0",
"Número_de_muertes_por_lesiones_debidas_a_accidentes_de_tráfico",	15,"México","2012","1,744","53","40","45","135","212","195","155","149","140","100","114","92","62","64","68","42","30","15","4","2","0","27","1,362","34","21","32","102","182","171","133","126","108","73","80","81","49","42","47","28","18","9","3","0","0","23","378","19","19","13","33","30","24","22","23","32","26","34","10","13","22","21","14","12","6","1","2","0","2","4","0","0","0","0","0","0","0","0","0","1","0","1","0","0","0","0","0","0","0","0","ND","2",
"Número_de_muertes_por_lesiones_debidas_a_accidentes_de_tráfico",	16,"Michoacán_de_Ocampo","2012","427","13","9","13","36","73","45","27","36","34","20","22","14","16","13","11","15","11","9","3","0","0","7","349","8","5","7","31","62","39","22","34","29","17","19","14","14","9","8","13","7","5","0","0","0","6","78","5","4","6","5","11","6","5","2","5","3","3","0","2","4","3","2","4","4","3","0","0","1","0","0","0","0","0","0","0","0","0","0","0","0","0","0","0","0","0","0","0","0","ND","ND","0",
"Número_de_muertes_por_lesiones_debidas_a_accidentes_de_tráfico",	17,"Morelos","2012","123","4","3","4","14","19","12","9","5","5","7","7","8","5","7","3","7","3","1","0","0","0","ND","103","2","2","2","11","16","10","9","4","4","7","7","8","4","4","2","7","3","1","0","0","0","ND","20","2","1","2","3","3","2","0","1","1","0","0","0","1","3","1","0","0","0","0","0","0","ND","0","0","0","0","0","0","0","0","0","0","0","0","0","0","0","0","0","0","0","ND","ND","ND","ND",
"Número_de_muertes_por_lesiones_debidas_a_accidentes_de_tráfico",	18,"Nayarit","2012","238","8","3","7","26","24","23","25","17","16","18","14","15","9","11","4","8","4","2","2","0","1","1","191","6","2","4","20","21","17","21","15","12","13","12","15","7","9","3","6","2","2","2","0","1","1","47","2","1","3","6","3","6","4","2","4","5","2","0","2","2","1","2","2","0","0","0","0","0","0","0","0","0","0","0","0","0","0","0","0","0","0","0","0","0","0","0","0","0","ND","0","0",
"Número_de_muertes_por_lesiones_debidas_a_accidentes_de_tráfico",	19,"Nuevo_León","2012","429","6","6","7","30","51","45","36","44","25","29","26","18","20","16","15","9","10","4","2","0","0","30","348","1","4","3","25","44","41","31","38","21","21","20","15","13","12","11","8","8","4","2","0","0","26","80","5","2","4","5","7","4","5","6","4","8","6","3","7","4","4","1","2","0","0","0","0","3","1","0","0","0","0","0","0","0","0","0","0","0","0","0","0","0","0","0","0","0","ND","ND","1",
"Número_de_muertes_por_lesiones_debidas_a_accidentes_de_tráfico",	20,"Oaxaca","2012","278","6","9","5","20","26","20","29","28","24","23","20","17","6","13","6","11","5","6","2","0","0","2","218","3","3","5","16","22","16","27","22","20","21","16","15","5","8","4","6","3","5","0","0","0","1","59","3","6","0","4","4","4","2","6","4","2","4","2","1","5","2","5","2","1","2","0","0","0","1","0","0","0","0","0","0","0","0","0","0","0","0","0","0","0","0","0","0","0","ND","ND","1",
"Número_de_muertes_por_lesiones_debidas_a_accidentes_de_tráfico",	21,"Puebla","2012","561","23","8","14","51","71","55","48","49","28","34","36","38","16","17","21","14","11","6","2","0","0","19","421","12","4","9","45","63","46","39","32","23","28","29","20","9","12","15","9","6","3","1","0","0","16","140","11","4","5","6","8","9","9","17","5","6","7","18","7","5","6","5","5","3","1","0","0","3","0","0","0","0","0","0","0","0","0","0","0","0","0","0","0","0","0","0","0","0","ND","ND","0",
"Número_de_muertes_por_lesiones_debidas_a_accidentes_de_tráfico",	22,"Querétaro","2012","326","11","8","5","28","55","47","27","30","22","13","20","19","10","4","3","6","8","7","2","1","0","ND","261","6","5","2","26","44","41","23","25","17","9","17","15","10","3","3","5","4","4","1","1","0","ND","65","5","3","3","2","11","6","4","5","5","4","3","4","0","1","0","1","4","3","1","0","0","ND","0","0","0","0","0","0","0","0","0","0","0","0","0","0","0","0","0","0","0","0","0","ND","ND",
"Número_de_muertes_por_lesiones_debidas_a_accidentes_de_tráfico",	23,"Quintana_Roo","2012","63","2","3","3","7","7","10","5","5","1","3","6","3","2","1","2","0","1","0","1","0","0","1","46","1","1","1","6","4","9","3","3","1","3","4","3","2","1","2","0","0","0","1","0","0","1","17","1","2","2","1","3","1","2","2","0","0","2","0","0","0","0","0","1","0","0","0","0","0","0","0","0","0","0","0","0","0","0","0","0","0","0","0","0","0","ND","0","ND","0","ND","ND","0",
"Número_de_muertes_por_lesiones_debidas_a_accidentes_de_tráfico",	24,"San_Luis_Potosí","2012","414","9","8","14","37","40","41","37","40","24","25","26","19","17","16","22","18","9","5","2","0","0","5","332","7","6","9","31","33","35","34","33","16","21","23","16","9","15","15","13","7","4","2","0","0","3","81","2","2","5","6","7","6","3","7","8","4","3","3","8","1","7","5","2","1","0","0","0","1","1","0","0","0","0","0","0","0","0","0","0","0","0","0","0","0","0","0","0","0","ND","ND","1",
"Número_de_muertes_por_lesiones_debidas_a_accidentes_de_tráfico",	25,"Sinaloa","2012","548","20","10","18","63","73","51","50","43","38","43","29","25","21","20","13","10","6","3","1","0","0","11","452","11","6","12","51","66","43","47","34","32","36","28","21","14","16","10","9","3","3","1","0","0","9","95","9","4","6","12","7","8","3","9","6","7","1","4","7","4","3","1","3","0","0","0","0","1","1","0","0","0","0","0","0","0","0","0","0","0","0","0","0","0","0","0","0","0","ND","ND","1",
"Número_de_muertes_por_lesiones_debidas_a_accidentes_de_tráfico",	26,"Sonora","2012","407","17","10","10","34","52","38","25","40","22","30","24","15","14","17","12","9","10","0","0","0","0","28","319","8","6","5","24","45","33","19","35","19","26","18","11","9","12","10","7","7","0","0","0","0","25","85","9","4","5","10","7","5","6","5","3","4","6","4","5","5","2","2","3","0","0","0","0","0","3","0","0","0","0","0","0","0","0","0","0","0","0","0","0","0","0","0","ND","ND","ND","ND","3",
"Número_de_muertes_por_lesiones_debidas_a_accidentes_de_tráfico",	27,"Tabasco","2012","409","8","6","7","27","66","54","46","33","33","21","25","18","24","15","12","6","8","0","0","0","0","ND","346","3","5","5","23","55","47","42","27","30","20","20","15","21","15","8","4","6","0","0","0","0","ND","63","5","1","2","4","11","7","4","6","3","1","5","3","3","0","4","2","2","0","0","0","0","ND","0","0","0","0","0","0","0","0","0","0","0","0","0","0","0","0","0","0","ND","ND","ND","ND","ND",
"Número_de_muertes_por_lesiones_debidas_a_accidentes_de_tráfico",	28,"Tamaulipas","2012","488","22","11","15","38","57","53","50","38","30","36","19","36","21","17","9","14","10","5","0","0","0","7","377","13","9","13","25","37","44","38","32","26","29","14","30","19","16","6","12","6","5","0","0","0","3","107","9","2","2","13","19","9","12","6","4","7","5","6","2","1","3","2","4","0","0","0","0","1","4","0","0","0","0","1","0","0","0","0","0","0","0","0","0","0","0","0","0","ND","ND","ND","3",
"Número_de_muertes_por_lesiones_debidas_a_accidentes_de_tráfico",	29,"Tlaxcala","2012","177","8","2","5","12","22","22","24","16","11","12","6","7","6","6","5","4","5","0","0","0","0","4","137","5","2","3","10","18","20","19","10","9","9","3","6","4","6","4","2","4","0","0","0","0","3","39","3","0","2","2","4","2","5","6","2","3","3","1","2","0","1","2","1","0","0","0","0","0","1","0","0","0","0","0","0","0","0","0","0","0","0","0","0","0","0","0","ND","ND","ND","ND","1",
"Número_de_muertes_por_lesiones_debidas_a_accidentes_de_tráfico",	30,"Veracruz_de_Ignacio_de_la_Llave","2012","653","12","11","13","51","83","56","60","74","55","47","42","32","30","25","20","19","9","5","2","0","0","7","507","3","7","10","41","68","44","51","55","47","33","33","28","23","17","16","14","6","2","2","0","0","7","146","9","4","3","10","15","12","9","19","8","14","9","4","7","8","4","5","3","3","0","0","0","0","0","0","0","0","0","0","0","0","0","0","0","0","0","0","0","0","0","0","0","0","ND","ND","0",
"Número_de_muertes_por_lesiones_debidas_a_accidentes_de_tráfico",	31,"Yucatán","2012","183","5","1","3","11","14","18","16","18","21","10","13","14","14","7","7","3","4","3","1","0","0","ND","169","4","1","2","11","13","17","14","18","18","8","13","14","14","6","7","2","3","3","1","0","0","ND","14","1","0","1","0","1","1","2","0","3","2","0","0","0","1","0","1","1","0","0","0","0","ND","0","0","0","0","0","0","0","0","0","0","0","0","0","0","0","0","0","0","0","0","ND","ND","ND",
"Número_de_muertes_por_lesiones_debidas_a_accidentes_de_tráfico",	32,"Zacatecas","2012","381","12","10","10","54","51","31","30","33","23","19","19","22","10","22","7","10","7","4","4","0","0","3","301","7","7","7","43","41","25","26","26","19","15","18","17","6","18","5","7","5","3","3","0","0","3","80","5","3","3","11","10","6","4","7","4","4","1","5","4","4","2","3","2","1","1","0","0","0","0","0","0","0","0","0","0","0","0","0","0","0","0","0","0","0","0","0","0","0","ND","ND","0",
"Número_de_muertes_por_lesiones_debidas_a_accidentes_de_tráfico",	00,"Estados_Unidos_Mexicanos","2011","12,957","412","282","340","1,192","1,582","1,362","1,188","1,093","926","781","693","643","531","485","463","339","232","139","47","15","3","209","10,353","247","163","236","951","1,353","1,136","1,028","934","770","632","545","521","431","381","318","231","161","88","37","12","1","177","2,587","165","119","104","241","229","225","160","159","156","149","148","122","100","104","145","108","71","50","10","3","2","17","17","0","0","0","0","0","1","0","0","0","0","0","0","0","0","0","0","0","1","0","0","0","15",
"Número_de_muertes_por_lesiones_debidas_a_accidentes_de_tráfico",	01,"Aguascalientes","2011","195","7","4","7","19","23","19","20","13","12","19","7","12","8","6","7","5","3","1","2","1","0","ND","156","5","2","5","17","19","17","16","11","10","13","7","10","7","4","4","4","2","1","1","1","0","ND","39","2","2","2","2","4","2","4","2","2","6","0","2","1","2","3","1","1","0","1","0","0","ND","0","0","0","0","0","0","0","0","0","0","0","0","0","0","0","0","0","0","0","0","0","ND","ND",
"Número_de_muertes_por_lesiones_debidas_a_accidentes_de_tráfico",	02,"Baja_California","2011","192","10","5","5","8","27","15","19","17","8","16","11","8","11","10","2","3","3","0","2","0","0","12","153","6","2","5","7","22","12","16","15","6","11","7","6","9","8","2","3","3","0","2","0","0","11","39","4","3","0","1","5","3","3","2","2","5","4","2","2","2","0","0","0","0","0","0","0","1","0","0","0","0","0","0","0","0","0","0","0","0","0","0","0","0","0","0","ND","0","ND","ND","0",
"Número_de_muertes_por_lesiones_debidas_a_accidentes_de_tráfico",	03,"Baja_California_Sur","2011","133","5","0","5","14","21","14","17","14","7","5","9","8","1","6","3","2","1","0","0","0","0","1","107","2","0","5","9","17","12","15","13","5","5","6","8","1","4","2","1","1","0","0","0","0","1","26","3","0","0","5","4","2","2","1","2","0","3","0","0","2","1","1","0","0","0","0","0","0","0","0","ND","0","0","0","0","0","0","0","0","0","0","0","0","0","0","0","ND","ND","ND","ND","0",
"Número_de_muertes_por_lesiones_debidas_a_accidentes_de_tráfico",	04,"Campeche","2011","53","1","1","0","4","9","4","5","4","7","1","3","1","2","2","4","3","1","1","0","0","0","ND","41","0","0","0","4","6","4","3","4","6","0","2","1","2","2","3","2","1","1","0","0","0","ND","12","1","1","0","0","3","0","2","0","1","1","1","0","0","0","1","1","0","0","0","0","0","ND","0","0","0","ND","0","0","0","0","0","0","0","0","0","0","0","0","0","0","0","ND","ND","ND","ND",
"Número_de_muertes_por_lesiones_debidas_a_accidentes_de_tráfico",	05,"Coahuila_de_Zaragoza","2011","297","6","10","7","23","33","24","28","25","18","18","28","16","15","13","9","7","3","3","0","0","0","11","232","0","6","5","21","28","17","21","21","15","15","24","15","10","8","7","4","3","2","0","0","0","10","65","6","4","2","2","5","7","7","4","3","3","4","1","5","5","2","3","0","1","0","0","0","1","0","0","0","0","0","0","0","0","0","0","0","0","0","0","0","0","0","0","0","ND","ND","ND","0",
"Número_de_muertes_por_lesiones_debidas_a_accidentes_de_tráfico",	06,"Colima","2011","115","1","1","1","14","12","12","11","8","9","7","6","12","9","5","0","2","0","0","1","0","0","4","101","1","0","0","11","12","9","10","8","8","7","3","12","8","5","0","2","0","0","1","0","0","4","14","0","1","1","3","0","3","1","0","1","0","3","0","1","0","0","0","0","0","0","0","0","0","0","0","0","0","0","0","0","0","0","0","0","0","0","0","0","ND","0","ND","ND","0","ND","ND","0",
"Número_de_muertes_por_lesiones_debidas_a_accidentes_de_tráfico",	07,"Chiapas","2011","258","6","3","7","25","37","27","30","21","23","15","15","12","8","8","13","1","1","1","0","0","0","5","221","6","1","5","20","34","23","29","20","17","13","15","9","8","5","11","1","1","0","0","0","0","3","36","0","2","2","5","3","4","1","1","6","2","0","3","0","3","2","0","0","1","0","0","0","1","1","0","0","0","0","0","0","0","0","0","0","0","0","0","0","0","0","0","0","ND","ND","ND","1",
"Número_de_muertes_por_lesiones_debidas_a_accidentes_de_tráfico",	08,"Chihuahua","2011","656","25","16","18","59","72","74","63","57","63","31","40","23","22","26","27","15","9","2","1","3","0","10","509","14","10","14","42","60","63","52","49","51","24","32","17","20","21","12","8","5","2","1","2","0","10","146","11","6","4","17","12","10","11","8","12","7","8","6","2","5","15","7","4","0","0","1","0","0","1","0","0","0","0","0","1","0","0","0","0","0","0","0","0","0","0","0","0","0","0","ND","0",
"Número_de_muertes_por_lesiones_debidas_a_accidentes_de_tráfico",	09,"Ciudad_de_México","2011","847","16","16","13","51","111","80","79","76","65","41","51","45","45","32","48","34","22","16","4","1","0","1","623","5","11","11","31","91","65","70","59","46","33","34","32","35","16","33","25","11","10","3","1","0","1","224","11","5","2","20","20","15","9","17","19","8","17","13","10","16","15","9","11","6","1","0","0","0","0","0","0","0","0","0","0","0","0","0","0","0","0","0","0","0","0","0","0","0","0","ND","0",
"Número_de_muertes_por_lesiones_debidas_a_accidentes_de_tráfico",	10,"Durango","2011","301","14","6","7","28","39","28","29","20","14","20","15","14","19","8","10","9","3","3","1","0","0","14","231","9","3","3","23","33","24","23","16","11","16","10","12","12","8","4","8","2","1","1","0","0","12","70","5","3","4","5","6","4","6","4","3","4","5","2","7","0","6","1","1","2","0","0","0","2","0","0","0","0","0","0","0","0","0","0","0","0","0","0","0","0","0","0","0","0","ND","ND","0",
"Número_de_muertes_por_lesiones_debidas_a_accidentes_de_tráfico",	11,"Guanajuato","2011","802","36","16","15","89","106","96","59","67","47","38","34","36","39","30","20","27","15","13","5","1","1","12","682","21","9","12","78","97","82","55","57","41","33","28","33","35","26","18","22","12","10","3","1","1","8","119","15","7","3","11","9","14","4","10","6","5","6","3","4","4","2","5","3","3","2","0","0","3","1","0","0","0","0","0","0","0","0","0","0","0","0","0","0","0","0","0","0","0","0","0","1",
"Número_de_muertes_por_lesiones_debidas_a_accidentes_de_tráfico",	12,"Guerrero","2011","194","7","7","8","18","22","21","16","12","8","8","6","15","10","5","4","10","5","4","2","0","0","6","141","4","3","5","12","16","16","13","12","5","6","5","11","8","3","2","8","2","3","2","0","0","5","53","3","4","3","6","6","5","3","0","3","2","1","4","2","2","2","2","3","1","0","0","0","1","0","0","0","0","0","0","0","0","0","0","0","0","0","0","0","0","0","0","0","0","ND","ND","0",
"Número_de_muertes_por_lesiones_debidas_a_accidentes_de_tráfico",	13,"Hidalgo","2011","396","8","10","7","46","54","45","36","33","30","28","18","15","12","15","24","1","7","2","3","0","0","2","310","6","5","4","38","44","34","31","27","23","21","15","10","9","14","20","1","3","2","1","0","0","2","86","2","5","3","8","10","11","5","6","7","7","3","5","3","1","4","0","4","0","2","0","0","0","0","0","0","0","0","0","0","0","0","0","0","0","0","0","0","0","0","0","0","0","ND","ND","0",
"Número_de_muertes_por_lesiones_debidas_a_accidentes_de_tráfico",	14,"Jalisco","2011","1,230","41","31","34","123","145","142","99","95","86","79","68","65","39","47","38","34","29","12","5","1","0","17","995","26","17","22","99","123","129","90","81","73","62","54","50","32","35","28","22","22","9","5","1","0","15","235","15","14","12","24","22","13","9","14","13","17","14","15","7","12","10","12","7","3","0","0","0","2","0","0","0","0","0","0","0","0","0","0","0","0","0","0","0","0","0","0","0","0","0","ND","0",
"Número_de_muertes_por_lesiones_debidas_a_accidentes_de_tráfico",	15,"México","2011","1,698","44","37","63","139","206","191","156","136","123","101","88","80","67","60","68","58","28","17","6","2","0","28","1,328","28","26","38","115","183","155","132","111","100","79","66","61","53","47","45","30","18","11","5","1","0","24","367","16","11","25","24","23","36","24","25","23","22","22","19","14","13","23","28","10","6","1","1","0","1","3","0","0","0","0","0","0","0","0","0","0","0","0","0","0","0","0","0","0","0","0","ND","3",
"Número_de_muertes_por_lesiones_debidas_a_accidentes_de_tráfico",	16,"Michoacán_de_Ocampo","2011","404","22","9","7","46","51","43","32","22","30","25","16","17","14","12","18","10","10","9","0","0","0","11","320","17","4","6","37","40","35","31","20","28","21","11","14","10","10","10","6","8","2","0","0","0","10","83","5","5","1","9","11","8","1","2","2","4","5","3","4","2","8","4","2","7","0","0","0","0","1","0","0","0","0","0","0","0","0","0","0","0","0","0","0","0","0","0","0","ND","ND","ND","1",
"Número_de_muertes_por_lesiones_debidas_a_accidentes_de_tráfico",	17,"Morelos","2011","139","4","2","3","11","13","18","11","12","8","6","7","7","7","5","7","6","4","3","0","0","0","5","104","3","1","2","8","11","16","9","9","7","3","6","5","7","5","3","3","4","0","0","0","0","2","33","1","1","1","3","2","2","2","3","1","3","1","2","0","0","4","3","0","3","0","0","0","1","2","0","0","0","0","0","0","0","0","0","0","0","0","0","0","0","0","0","0","ND","ND","ND","2",
"Número_de_muertes_por_lesiones_debidas_a_accidentes_de_tráfico",	18,"Nayarit","2011","237","11","8","6","28","26","27","17","25","16","14","9","15","3","4","7","7","8","2","1","0","1","2","185","8","3","5","22","21","23","15","20","12","10","7","13","2","4","3","6","7","1","1","0","0","2","52","3","5","1","6","5","4","2","5","4","4","2","2","1","0","4","1","1","1","0","0","1","0","0","0","0","0","0","0","0","0","0","0","0","0","0","0","0","0","0","0","0","0","ND","0","0",
"Número_de_muertes_por_lesiones_debidas_a_accidentes_de_tráfico",	19,"Nuevo_León","2011","274","10","8","9","16","30","23","29","23","34","15","19","16","13","11","7","3","3","2","0","0","0","3","218","4","5","6","11","27","19","22","21","31","13","11","14","12","10","3","2","3","1","0","0","0","3","56","6","3","3","5","3","4","7","2","3","2","8","2","1","1","4","1","0","1","0","0","0","0","0","0","0","0","0","0","0","0","0","0","0","0","0","0","0","0","0","0","0","ND","ND","ND","0",
"Número_de_muertes_por_lesiones_debidas_a_accidentes_de_tráfico",	20,"Oaxaca","2011","255","8","7","8","26","23","19","22","19","14","17","28","11","12","14","5","10","5","3","0","2","1","1","198","6","5","4","20","18","19","20","16","10","13","23","10","10","10","3","4","3","2","0","1","0","1","57","2","2","4","6","5","0","2","3","4","4","5","1","2","4","2","6","2","1","0","1","1","0","0","0","0","0","0","0","0","0","0","0","0","0","0","0","0","0","0","0","0","ND","0","0","0",
"Número_de_muertes_por_lesiones_debidas_a_accidentes_de_tráfico",	21,"Puebla","2011","525","11","16","13","55","61","52","45","42","30","37","24","27","23","26","21","8","13","7","2","0","0","12","409","4","14","11","41","50","41","36","34","24","31","20","22","19","21","15","5","6","3","1","0","0","11","116","7","2","2","14","11","11","9","8","6","6","4","5","4","5","6","3","7","4","1","0","0","1","0","0","0","0","0","0","0","0","0","0","0","0","0","0","0","0","0","0","0","0","ND","ND","0",
"Número_de_muertes_por_lesiones_debidas_a_accidentes_de_tráfico",	22,"Querétaro","2011","318","7","7","9","30","43","43","36","26","22","17","8","21","8","15","7","5","9","2","2","0","0","1","262","2","1","7","25","37","41","30","22","21","16","6","16","5","13","7","4","6","1","2","0","0","0","55","5","6","2","5","6","2","6","4","1","1","2","5","3","2","0","1","3","1","0","0","0","0","1","0","0","0","0","0","0","0","0","0","0","0","0","0","0","0","0","0","0","0","ND","ND","1",
"Número_de_muertes_por_lesiones_debidas_a_accidentes_de_tráfico",	23,"Quintana_Roo","2011","54","2","2","0","2","7","5","6","7","5","4","4","3","2","1","1","0","0","0","0","0","0","3","47","2","1","0","2","7","4","6","6","5","2","4","2","2","1","1","0","0","0","0","0","0","2","7","0","1","0","0","0","1","0","1","0","2","0","1","0","0","0","0","0","0","0","0","0","1","0","0","0","ND","0","0","0","0","0","0","0","0","0","0","0","0","ND","ND","ND","ND","ND","ND","0",
"Número_de_muertes_por_lesiones_debidas_a_accidentes_de_tráfico",	24,"San_Luis_Potosí","2011","390","11","5","10","41","37","31","28","39","33","36","20","17","28","16","12","13","6","5","1","0","0","1","316","7","4","3","31","34","27","23","35","27","31","16","14","26","12","7","10","4","3","1","0","0","1","73","4","1","7","10","3","4","5","4","6","5","4","3","2","4","5","3","2","1","0","0","0","0","1","0","0","0","0","0","0","0","0","0","0","0","0","0","0","0","0","0","1","0","ND","ND","0",
"Número_de_muertes_por_lesiones_debidas_a_accidentes_de_tráfico",	25,"Sinaloa","2011","525","24","8","21","42","54","46","46","51","33","24","31","34","27","23","22","17","6","4","2","1","0","9","436","15","5","19","38","43","37","40","48","30","17","27","30","23","20","16","13","4","2","2","1","0","6","87","9","3","2","4","11","9","6","3","3","7","4","4","4","3","6","4","2","2","0","0","0","1","2","0","0","0","0","0","0","0","0","0","0","0","0","0","0","0","0","0","0","0","0","ND","2",
"Número_de_muertes_por_lesiones_debidas_a_accidentes_de_tráfico",	26,"Sonora","2011","352","13","8","9","30","47","36","39","26","18","27","21","19","18","7","15","4","4","2","0","0","0","9","292","10","7","6","21","38","28","34","23","15","25","19","17","14","5","12","4","3","2","0","0","0","9","60","3","1","3","9","9","8","5","3","3","2","2","2","4","2","3","0","1","0","0","0","0","0","0","0","0","0","0","0","0","0","0","0","0","0","0","0","0","0","0","0","0","ND","ND","ND","0",
"Número_de_muertes_por_lesiones_debidas_a_accidentes_de_tráfico",	27,"Tabasco","2011","364","8","6","3","29","63","46","43","27","30","25","18","16","12","11","13","4","7","2","1","0","0","ND","321","4","3","3","23","59","40","42","23","27","21","17","16","10","11","12","1","6","2","1","0","0","ND","43","4","3","0","6","4","6","1","4","3","4","1","0","2","0","1","3","1","0","0","0","0","ND","0","0","0","0","0","0","0","0","0","0","0","0","0","0","0","0","0","0","0","0","ND","ND","ND",
"Número_de_muertes_por_lesiones_debidas_a_accidentes_de_tráfico",	28,"Tamaulipas","2011","389","14","5","7","37","58","34","38","37","36","23","24","18","12","12","12","7","5","6","1","1","0","2","316","11","3","5","30","47","29","32","30","31","19","19","16","8","9","9","6","4","5","1","1","0","1","72","3","2","2","7","11","5","6","7","5","4","5","2","4","3","3","1","1","1","0","0","0","0","1","0","0","0","0","0","0","0","0","0","0","0","0","0","0","0","0","0","0","0","0","ND","1",
"Número_de_muertes_por_lesiones_debidas_a_accidentes_de_tráfico",	29,"Tlaxcala","2011","171","7","2","4","14","17","22","13","20","8","13","9","8","4","9","1","3","4","3","0","1","0","9","135","3","0","3","8","16","19","12","17","5","12","6","7","4","8","1","2","3","2","0","1","0","6","33","4","2","1","6","1","3","1","3","3","1","3","1","0","1","0","1","1","1","0","0","0","0","3","0","0","0","0","0","0","0","0","0","0","0","0","0","0","0","0","0","0","ND","0","ND","3",
"Número_de_muertes_por_lesiones_debidas_a_accidentes_de_tráfico",	30,"Veracruz_de_Ignacio_de_la_Llave","2011","699","14","18","19","76","81","69","70","68","53","44","34","33","26","27","20","18","8","8","2","1","0","10","563","10","9","11","66","70","54","58","60","47","36","28","26","19","20","12","15","6","5","1","1","0","9","136","4","9","8","10","11","15","12","8","6","8","6","7","7","7","8","3","2","3","1","0","0","1","0","0","0","0","0","0","0","0","0","0","0","0","0","0","0","0","0","0","0","0","0","ND","0",
"Número_de_muertes_por_lesiones_debidas_a_accidentes_de_tráfico",	31,"Yucatán","2011","160","5","1","5","6","17","21","19","16","11","11","9","7","6","6","6","5","3","4","2","0","0","ND","136","3","1","3","6","17","16","18","14","10","11","8","4","4","6","4","3","3","3","2","0","0","ND","24","2","0","2","0","0","5","1","2","1","0","1","3","2","0","2","2","0","1","0","0","0","ND","0","0","0","0","0","0","0","0","0","0","0","0","0","0","0","0","0","0","0","0","ND","ND","ND",
"Número_de_muertes_por_lesiones_debidas_a_accidentes_de_tráfico",	32,"Zacatecas","2011","334","14","7","10","43","37","35","27","35","25","16","13","12","9","13","12","8","7","2","1","0","0","8","265","5","2","8","35","33","26","24","32","23","13","9","8","7","10","9","6","5","2","0","0","0","8","69","9","5","2","8","4","9","3","3","2","3","4","4","2","3","3","2","2","0","1","0","0","0","0","0","0","0","0","0","0","0","0","0","0","0","0","0","0","0","0","0","0","0","ND","ND","0",
"Número_de_muertes_por_lesiones_debidas_a_accidentes_de_tráfico",	00,"Estados_Unidos_Mexicanos","2010","14,445","471","295","392","1,426","1,700","1,534","1,364","1,266","1,016","875","801","660","612","520","448","363","281","154","49","13","2","203","11,372","263","168","271","1,116","1,410","1,285","1,150","1,046","850","697","674","523","464","363","327","252","194","103","29","10","1","176","3,061","208","127","121","310","289","248","214","219","166","177","127","137","148","157","120","111","87","51","20","3","1","20","12","0","0","0","0","1","1","0","1","0","1","0","0","0","0","1","0","0","0","0","0","0","7",
"Número_de_muertes_por_lesiones_debidas_a_accidentes_de_tráfico",	01,"Aguascalientes","2010","219","6","7","5","32","19","21","15","17","19","13","5","16","11","9","5","4","8","2","2","0","0","3","174","3","7","3","25","11","20","13","15","16","10","5","11","9","8","2","3","7","2","1","0","0","3","45","3","0","2","7","8","1","2","2","3","3","0","5","2","1","3","1","1","0","1","0","0","0","0","0","0","0","0","0","0","0","0","0","0","0","0","0","0","0","0","0","0","0","ND","ND","0",
"Número_de_muertes_por_lesiones_debidas_a_accidentes_de_tráfico",	02,"Baja_California","2010","305","17","6","9","31","39","23","24","32","23","19","21","8","9","6","10","4","3","2","0","0","0","19","232","11","3","7","23","29","17","20","22","21","18","16","6","4","4","7","3","3","2","0","0","0","16","73","6","3","2","8","10","6","4","10","2","1","5","2","5","2","3","1","0","0","0","0","0","3","0","0","0","0","0","0","0","0","0","0","0","0","0","0","0","0","0","0","0","ND","ND","ND","0",
"Número_de_muertes_por_lesiones_debidas_a_accidentes_de_tráfico",	03,"Baja_California_Sur","2010","126","2","2","2","3","21","13","15","8","10","7","16","7","2","1","3","3","4","0","0","0","0","7","108","1","2","1","2","20","12","15","6","7","6","13","6","1","1","3","1","4","0","0","0","0","7","18","1","0","1","1","1","1","0","2","3","1","3","1","1","0","0","2","0","0","0","0","0","0","0","0","0","0","0","0","0","0","0","0","0","0","0","0","0","0","0","0","ND","ND","ND","ND","0",
"Número_de_muertes_por_lesiones_debidas_a_accidentes_de_tráfico",	04,"Campeche","2010","47","1","0","0","3","8","7","4","5","2","2","6","3","0","2","1","2","0","0","0","0","0","1","44","1","0","0","3","8","7","3","4","2","2","6","3","0","2","1","1","0","0","0","0","0","1","3","0","0","0","0","0","0","1","1","0","0","0","0","0","0","0","1","0","0","0","0","0","0","0","0","ND","ND","0","0","0","0","0","0","0","0","0","ND","0","0","0","ND","ND","ND","ND","ND","0",
"Número_de_muertes_por_lesiones_debidas_a_accidentes_de_tráfico",	05,"Coahuila_de_Zaragoza","2010","320","10","2","9","27","15","35","36","33","17","19","25","17","14","12","12","7","3","1","0","0","0","26","258","4","1","5","22","12","29","31","29","13","15","23","14","10","9","10","7","1","0","0","0","0","23","62","6","1","4","5","3","6","5","4","4","4","2","3","4","3","2","0","2","1","0","0","0","3","0","0","0","0","0","0","0","0","0","0","0","0","0","0","0","0","0","0","0","ND","ND","ND","0",
"Número_de_muertes_por_lesiones_debidas_a_accidentes_de_tráfico",	06,"Colima","2010","110","3","1","0","5","14","12","18","8","9","7","10","3","8","5","1","0","4","0","0","0","0","2","89","2","0","0","4","12","11","11","7","8","7","8","3","6","5","1","0","2","0","0","0","0","2","21","1","1","0","1","2","1","7","1","1","0","2","0","2","0","0","0","2","0","0","0","0","0","0","0","0","ND","0","0","0","0","0","0","0","0","0","0","0","0","ND","0","ND","ND","ND","ND","0",
"Número_de_muertes_por_lesiones_debidas_a_accidentes_de_tráfico",	07,"Chiapas","2010","183","2","4","5","16","20","22","25","18","16","13","13","9","5","6","2","3","2","0","0","0","0","2","152","2","2","3","15","19","19","20","16","12","9","12","6","4","6","2","2","2","0","0","0","0","1","31","0","2","2","1","1","3","5","2","4","4","1","3","1","0","0","1","0","0","0","0","0","1","0","0","0","0","0","0","0","0","0","0","0","0","0","0","0","0","0","0","ND","ND","ND","ND","0",
"Número_de_muertes_por_lesiones_debidas_a_accidentes_de_tráfico",	08,"Chihuahua","2010","803","20","27","30","85","92","97","86","83","64","37","43","33","28","21","12","14","10","3","1","0","0","17","585","10","12","19","52","68","74","68","67","50","30","34","23","23","12","7","12","8","3","1","0","0","12","211","10","15","11","33","23","23","18","16","14","6","9","10","5","9","5","2","2","0","0","0","0","0","7","0","0","0","0","1","0","0","0","0","1","0","0","0","0","0","0","0","0","0","ND","ND","5",
"Número_de_muertes_por_lesiones_debidas_a_accidentes_de_tráfico",	09,"Ciudad_de_México","2010","967","19","15","27","74","101","88","73","81","67","56","52","58","51","51","41","44","36","29","3","0","1","ND","699","10","9","17","55","76","76","60","66","54","44","42","39","32","27","22","25","28","15","1","0","1","ND","268","9","6","10","19","25","12","13","15","13","12","10","19","19","24","19","19","8","14","2","0","0","ND","0","0","0","0","0","0","0","0","0","0","0","0","0","0","0","0","0","0","0","0","ND","0","ND",
"Número_de_muertes_por_lesiones_debidas_a_accidentes_de_tráfico",	10,"Durango","2010","315","16","9","6","26","46","44","30","31","16","13","21","7","12","9","12","8","4","2","0","0","0","3","245","8","5","4","21","36","37","23","26","16","8","19","5","8","7","9","7","1","2","0","0","0","3","70","8","4","2","5","10","7","7","5","0","5","2","2","4","2","3","1","3","0","0","0","0","0","0","0","0","0","0","0","0","0","0","0","0","0","0","0","0","0","0","0","0","ND","ND","ND","0",
"Número_de_muertes_por_lesiones_debidas_a_accidentes_de_tráfico",	11,"Guanajuato","2010","857","30","23","32","100","116","81","64","58","55","49","39","33","32","34","25","34","15","9","8","2","0","18","674","17","14","24","83","99","71","56","45","46","35","31","24","27","22","16","27","9","6","5","1","0","16","183","13","9","8","17","17","10","8","13","9","14","8","9","5","12","9","7","6","3","3","1","0","2","0","0","0","0","0","0","0","0","0","0","0","0","0","0","0","0","0","0","0","0","0","ND","0",
"Número_de_muertes_por_lesiones_debidas_a_accidentes_de_tráfico",	12,"Guerrero","2010","202","3","7","9","11","20","18","17","17","11","12","11","18","13","7","8","10","5","3","1","0","0","1","152","1","1","9","9","17","16","14","15","9","10","6","14","10","5","5","4","4","2","0","0","0","1","50","2","6","0","2","3","2","3","2","2","2","5","4","3","2","3","6","1","1","1","0","0","0","0","0","0","0","0","0","0","0","0","0","0","0","0","0","0","0","0","0","0","0","ND","ND","0",
"Número_de_muertes_por_lesiones_debidas_a_accidentes_de_tráfico",	13,"Hidalgo","2010","327","10","3","6","32","42","47","34","34","24","20","21","12","16","8","5","5","3","1","0","1","0","3","264","5","2","5","25","35","38","25","27","19","17","20","11","12","7","3","5","3","1","0","1","0","3","63","5","1","1","7","7","9","9","7","5","3","1","1","4","1","2","0","0","0","0","0","0","0","0","0","0","0","0","0","0","0","0","0","0","0","0","0","0","0","0","0","0","ND","0","ND","0",
"Número_de_muertes_por_lesiones_debidas_a_accidentes_de_tráfico",	14,"Jalisco","2010","1,420","55","29","37","142","183","165","128","112","95","69","78","70","61","55","36","36","39","21","5","1","0","3","1,110","33","16","25","119","150","142","104","93","80","55","71","50","43","38","25","24","21","13","5","0","0","3","310","22","13","12","23","33","23","24","19","15","14","7","20","18","17","11","12","18","8","0","1","0","0","0","0","0","0","0","0","0","0","0","0","0","0","0","0","0","0","0","0","0","0","0","ND","0",
"Número_de_muertes_por_lesiones_debidas_a_accidentes_de_tráfico",	15,"México","2010","1,733","53","44","42","175","211","191","154","146","132","110","88","73","69","62","54","51","31","21","7","2","0","17","1,314","28","25","20","132","172","154","132","116","105","83","72","59","52","38","40","33","18","15","4","2","0","14","417","25","19","22","43","39","36","22","30","27","27","16","14","17","24","14","18","13","6","3","0","0","2","2","0","0","0","0","0","1","0","0","0","0","0","0","0","0","0","0","0","0","0","0","ND","1",
"Número_de_muertes_por_lesiones_debidas_a_accidentes_de_tráfico",	16,"Michoacán_de_Ocampo","2010","721","29","9","26","102","78","76","66","53","37","41","34","27","26","25","39","21","11","7","5","1","0","8","585","19","9","19","84","67","63","60","46","31","31","27","21","23","19","32","15","7","4","3","0","0","5","136","10","0","7","18","11","13","6","7","6","10","7","6","3","6","7","6","4","3","2","1","0","3","0","0","0","0","0","0","0","0","0","0","0","0","0","0","0","0","0","0","0","0","0","ND","0",
"Número_de_muertes_por_lesiones_debidas_a_accidentes_de_tráfico",	17,"Morelos","2010","138","7","0","2","12","15","15","14","15","9","4","5","8","7","2","3","5","6","3","3","1","0","2","103","5","0","1","10","13","12","11","12","7","3","4","8","4","2","2","3","2","1","1","1","0","1","35","2","0","1","2","2","3","3","3","2","1","1","0","3","0","1","2","4","2","2","0","0","1","0","0","ND","0","0","0","0","0","0","0","0","0","0","0","0","0","0","0","0","0","0","ND","0",
"Número_de_muertes_por_lesiones_debidas_a_accidentes_de_tráfico",	18,"Nayarit","2010","249","12","2","9","18","32","34","20","26","20","16","13","9","12","5","5","4","7","3","0","0","0","2","189","3","2","4","13","24","33","19","23","18","11","8","8","10","3","2","3","2","1","0","0","0","2","60","9","0","5","5","8","1","1","3","2","5","5","1","2","2","3","1","5","2","0","0","0","0","0","0","0","0","0","0","0","0","0","0","0","0","0","0","0","0","0","0","0","ND","ND","ND","0",
"Número_de_muertes_por_lesiones_debidas_a_accidentes_de_tráfico",	19,"Nuevo_León","2010","292","14","6","3","19","31","28","38","28","22","22","19","16","11","9","7","6","4","2","1","1","0","5","242","9","3","2","13","28","24","35","25","20","16","15","13","10","9","5","4","4","2","1","1","0","3","49","5","3","1","6","3","4","3","3","2","6","4","3","1","0","2","2","0","0","0","0","0","1","1","0","0","0","0","0","0","0","0","0","0","0","0","0","0","0","0","0","0","0","0","ND","1",
"Número_de_muertes_por_lesiones_debidas_a_accidentes_de_tráfico",	20,"Oaxaca","2010","314","7","0","6","20","42","32","36","29","25","25","21","10","13","10","13","8","10","3","1","0","0","3","255","4","0","6","15","36","26","29","23","23","22","20","9","7","6","10","6","8","2","0","0","0","3","59","3","0","0","5","6","6","7","6","2","3","1","1","6","4","3","2","2","1","1","0","0","0","0","0","ND","0","0","0","0","0","0","0","0","0","0","0","0","0","0","0","0","0","ND","ND","0",
"Número_de_muertes_por_lesiones_debidas_a_accidentes_de_tráfico",	21,"Puebla","2010","539","20","16","21","62","56","56","46","38","19","34","28","23","29","25","24","14","10","5","3","0","0","10","414","10","8","17","46","50","42","38","34","12","29","23","18","21","15","20","13","6","2","1","0","0","9","125","10","8","4","16","6","14","8","4","7","5","5","5","8","10","4","1","4","3","2","0","0","1","0","0","0","0","0","0","0","0","0","0","0","0","0","0","0","0","0","0","0","0","ND","ND","0",
"Número_de_muertes_por_lesiones_debidas_a_accidentes_de_tráfico",	22,"Querétaro","2010","347","10","11","9","47","41","30","24","32","26","21","19","20","11","13","13","11","2","6","0","0","0","1","284","3","7","7","39","38","29","21","25","22","18","16","17","8","10","10","6","2","5","0","0","0","1","63","7","4","2","8","3","1","3","7","4","3","3","3","3","3","3","5","0","1","0","0","0","0","0","0","0","0","0","0","0","0","0","0","0","0","0","0","0","0","0","0","0","ND","ND","ND","0",
"Número_de_muertes_por_lesiones_debidas_a_accidentes_de_tráfico",	23,"Quintana_Roo","2010","61","2","0","2","5","8","6","11","6","6","5","5","1","2","1","0","0","1","0","0","0","0","ND","47","0","0","2","3","6","3","10","5","6","3","5","1","2","1","0","0","0","0","0","0","0","ND","14","2","0","0","2","2","3","1","1","0","2","0","0","0","0","0","0","1","0","0","0","0","ND","0","0","ND","0","0","0","0","0","0","0","0","0","0","0","0","ND","ND","0","ND","ND","ND","ND","ND",
"Número_de_muertes_por_lesiones_debidas_a_accidentes_de_tráfico",	24,"San_Luis_Potosí","2010","377","11","6","7","34","49","34","29","33","28","30","12","25","18","19","11","14","5","9","1","0","0","2","304","6","2","3","25","42","31","27","27","24","25","11","24","13","14","6","11","3","7","1","0","0","2","72","5","4","4","9","7","3","2","6","4","5","1","1","5","5","4","3","2","2","0","0","0","0","1","0","0","0","0","0","0","0","0","0","0","0","0","0","0","1","0","0","0","0","ND","ND","0",
"Número_de_muertes_por_lesiones_debidas_a_accidentes_de_tráfico",	25,"Sinaloa","2010","626","28","14","19","69","71","56","61","63","37","36","43","27","22","21","16","12","10","7","1","0","1","12","517","19","9","13","54","57","47","56","58","35","29","37","24","17","16","11","8","9","5","1","0","0","12","109","9","5","6","15","14","9","5","5","2","7","6","3","5","5","5","4","1","2","0","0","1","0","0","0","0","0","0","0","0","0","0","0","0","0","0","0","0","0","0","0","0","0","ND","0","0",
"Número_de_muertes_por_lesiones_debidas_a_accidentes_de_tráfico",	26,"Sonora","2010","527","18","11","10","59","58","52","59","42","29","35","30","23","28","21","17","9","9","1","0","0","0","16","403","9","6","9","39","47","42","46","31","24","31","26","18","21","17","12","4","6","1","0","0","0","14","124","9","5","1","20","11","10","13","11","5","4","4","5","7","4","5","5","3","0","0","0","0","2","0","0","0","0","0","0","0","0","0","0","0","0","0","0","0","0","0","0","0","ND","ND","ND","0",
"Número_de_muertes_por_lesiones_debidas_a_accidentes_de_tráfico",	27,"Tabasco","2010","511","8","11","21","45","66","55","58","44","43","36","30","30","23","10","11","4","6","1","1","0","0","8","446","3","6","16","37","57","50","49","40","40","36","28","26","21","10","11","2","5","1","1","0","0","7","65","5","5","5","8","9","5","9","4","3","0","2","4","2","0","0","2","1","0","0","0","0","1","0","0","0","0","0","0","0","0","0","0","0","0","0","0","0","0","0","0","0","0","ND","ND","0",
"Número_de_muertes_por_lesiones_debidas_a_accidentes_de_tráfico",	28,"Tamaulipas","2010","499","23","9","16","45","46","62","47","55","37","33","18","26","19","16","19","7","12","6","0","1","0","2","407","16","4","12","38","40","54","44","43","31","24","15","24","12","11","15","6","11","4","0","1","0","2","92","7","5","4","7","6","8","3","12","6","9","3","2","7","5","4","1","1","2","0","0","0","0","0","0","0","0","0","0","0","0","0","0","0","0","0","0","0","0","0","0","0","ND","0","ND","0",
"Número_de_muertes_por_lesiones_debidas_a_accidentes_de_tráfico",	29,"Tlaxcala","2010","163","4","5","2","18","18","21","11","15","12","15","12","6","6","7","2","2","3","1","1","0","0","2","133","3","4","2","16","18","17","10","11","10","11","10","5","6","4","1","0","2","1","0","0","0","2","30","1","1","0","2","0","4","1","4","2","4","2","1","0","3","1","2","1","0","1","0","0","0","0","0","0","0","0","0","0","0","0","0","0","0","0","0","0","0","0","0","0","0","ND","ND","0",
"Número_de_muertes_por_lesiones_debidas_a_accidentes_de_tráfico",	30,"Veracruz_de_Ignacio_de_la_Llave","2010","603","11","8","9","51","63","64","71","58","58","40","27","24","35","28","24","14","8","2","4","2","0","2","486","5","6","7","43","55","51","58","45","53","26","24","18","29","19","21","11","7","2","2","2","0","2","116","6","2","2","8","8","13","13","12","5","14","3","6","6","9","3","3","1","0","2","0","0","0","1","0","0","0","0","0","0","0","1","0","0","0","0","0","0","0","0","0","0","0","0","ND","0",
"Número_de_muertes_por_lesiones_debidas_a_accidentes_de_tráfico",	31,"Yucatán","2010","169","4","1","2","13","31","13","15","13","17","9","13","5","12","7","4","1","4","2","1","1","0","1","158","3","1","1","13","30","10","14","13","16","9","12","5","12","6","4","0","4","2","1","1","0","1","11","1","0","1","0","1","3","1","0","1","0","1","0","0","1","0","1","0","0","0","0","0","0","0","0","0","0","0","0","0","0","0","0","0","0","0","0","0","0","0","0","0","0","0","ND","0",
"Número_de_muertes_por_lesiones_debidas_a_accidentes_de_tráfico",	32,"Zacatecas","2010","375","16","7","9","45","48","36","35","33","31","27","23","13","7","13","13","6","6","2","0","0","0","5","299","10","2","8","38","38","28","28","31","20","24","15","10","7","10","12","6","5","2","0","0","0","5","76","6","5","1","7","10","8","7","2","11","3","8","3","0","3","1","0","1","0","0","0","0","0","0","0","0","0","0","0","0","0","0","0","0","0","0","0","0","0","0","0","0","ND","ND","ND","0",
"Número_de_muertes_por_lesiones_debidas_a_accidentes_de_tráfico",	00,"Estados_Unidos_Mexicanos","2009","14,996","531","337","451","1,453","1,818","1,601","1,395","1,235","1,037","960","840","674","594","543","444","379","256","167","58","14","3","206","11,829","306","189","317","1,168","1,522","1,343","1,176","1,032","857","761","676","509","437","411","325","278","172","119","34","11","3","183","3,162","225","148","134","285","296","258","219","201","180","198","164","165","157","132","119","101","84","48","24","3","0","21","5","0","0","0","0","0","0","0","2","0","1","0","0","0","0","0","0","0","0","0","0","0","2",
"Número_de_muertes_por_lesiones_debidas_a_accidentes_de_tráfico",	01,"Aguascalientes","2009","218","14","6","9","21","27","25","21","26","9","13","7","9","8","5","8","4","2","1","1","0","0","2","163","9","2","7","15","22","19","18","18","6","10","5","8","6","5","8","1","0","1","1","0","0","2","55","5","4","2","6","5","6","3","8","3","3","2","1","2","0","0","3","2","0","0","0","0","0","0","0","0","0","0","0","0","0","0","0","0","0","0","0","0","0","0","0","0","0","ND","ND","0",
"Número_de_muertes_por_lesiones_debidas_a_accidentes_de_tráfico",	02,"Baja_California","2009","258","7","4","13","26","23","20","32","24","23","13","15","9","5","10","6","5","1","1","0","0","0","21","199","5","3","9","18","18","17","24","18","21","11","12","4","3","8","5","5","1","0","0","0","0","17","59","2","1","4","8","5","3","8","6","2","2","3","5","2","2","1","0","0","1","0","0","0","4","0","0","0","0","0","0","0","0","0","0","0","0","0","0","0","0","0","0","0","ND","ND","ND","0",
"Número_de_muertes_por_lesiones_debidas_a_accidentes_de_tráfico",	03,"Baja_California_Sur","2009","104","6","0","2","9","12","15","12","15","13","2","4","5","3","2","4","0","0","0","0","0","0","ND","90","4","0","2","8","11","13","10","13","12","2","4","4","3","1","3","0","0","0","0","0","0","ND","14","2","0","0","1","1","2","2","2","1","0","0","1","0","1","1","0","0","0","0","0","0","ND","0","0","ND","0","0","0","0","0","0","0","0","0","0","0","0","0","ND","ND","ND","ND","ND","ND","ND",
"Número_de_muertes_por_lesiones_debidas_a_accidentes_de_tráfico",	04,"Campeche","2009","51","0","0","1","2","8","6","4","8","0","5","3","3","2","5","2","1","1","0","0","0","0","ND","46","0","0","1","1","7","6","4","8","0","4","1","3","2","5","2","1","1","0","0","0","0","ND","5","0","0","0","1","1","0","0","0","0","1","2","0","0","0","0","0","0","0","0","0","0","ND","0","ND","ND","0","0","0","0","0","0","ND","0","0","0","0","0","0","0","0","ND","ND","ND","ND","ND",
"Número_de_muertes_por_lesiones_debidas_a_accidentes_de_tráfico",	05,"Coahuila_de_Zaragoza","2009","295","9","10","6","24","39","29","38","21","20","13","15","18","5","9","6","4","7","2","1","0","0","19","222","5","4","5","17","30","23","31","16","14","12","13","15","3","7","4","4","5","0","1","0","0","13","73","4","6","1","7","9","6","7","5","6","1","2","3","2","2","2","0","2","2","0","0","0","6","0","0","0","0","0","0","0","0","0","0","0","0","0","0","0","0","0","0","0","0","ND","ND","0",
"Número_de_muertes_por_lesiones_debidas_a_accidentes_de_tráfico",	06,"Colima","2009","134","5","3","3","13","9","18","17","13","17","6","6","3","6","2","4","2","1","3","0","0","0","3","109","3","1","3","9","7","16","17","12","16","4","6","3","4","1","0","1","1","2","0","0","0","3","25","2","2","0","4","2","2","0","1","1","2","0","0","2","1","4","1","0","1","0","0","0","0","0","0","0","0","0","0","0","0","0","0","0","0","0","0","0","0","0","0","0","ND","ND","ND","0",
"Número_de_muertes_por_lesiones_debidas_a_accidentes_de_tráfico",	07,"Chiapas","2009","215","7","4","6","21","29","28","19","22","17","13","14","8","11","4","6","1","0","2","1","0","0","2","176","4","3","3","19","21","26","16","19","13","13","11","6","8","4","6","1","0","2","0","0","0","1","39","3","1","3","2","8","2","3","3","4","0","3","2","3","0","0","0","0","0","1","0","0","1","0","0","0","0","0","0","0","0","0","0","0","0","0","0","0","0","0","ND","0","0","ND","ND","0",
"Número_de_muertes_por_lesiones_debidas_a_accidentes_de_tráfico",	08,"Chihuahua","2009","562","33","19","23","55","67","71","50","47","50","34","29","14","15","17","15","11","4","0","1","0","0","7","443","20","11","19","45","56","56","43","35","38","29","26","12","11","16","10","7","2","0","1","0","0","6","118","13","8","4","10","11","15","7","11","12","5","3","2","4","1","5","4","2","0","0","0","0","1","1","0","0","0","0","0","0","0","1","0","0","0","0","0","0","0","0","0","ND","0","ND","ND","0",
"Número_de_muertes_por_lesiones_debidas_a_accidentes_de_tráfico",	09,"Ciudad_de_México","2009","1,002","21","20","26","72","103","101","91","72","61","70","58","44","38","53","39","47","42","30","11","1","1","1","746","11","15","20","60","91","81","69","62","51","51","44","29","25","30","25","28","23","21","7","1","1","1","256","10","5","6","12","12","20","22","10","10","19","14","15","13","23","14","19","19","9","4","0","0","0","0","0","0","0","0","0","0","0","0","0","0","0","0","0","0","0","0","0","0","0","0","0","0",
"Número_de_muertes_por_lesiones_debidas_a_accidentes_de_tráfico",	10,"Durango","2009","374","7","16","0","37","47","40","42","34","31","22","24","16","19","11","7","10","5","2","1","0","0","3","300","3","11","0","27","39","39","34","34","24","17","19","12","14","6","5","7","4","2","0","0","0","3","74","4","5","0","10","8","1","8","0","7","5","5","4","5","5","2","3","1","0","1","0","0","0","0","0","0","ND","0","0","0","0","0","0","0","0","0","0","0","0","0","0","0","0","ND","ND","0",
"Número_de_muertes_por_lesiones_debidas_a_accidentes_de_tráfico",	11,"Guanajuato","2009","959","36","20","36","124","126","100","88","67","56","47","49","46","41","28","25","31","13","11","7","2","0","6","784","23","8","29","106","113","86","76","56","46","42","41","36","33","21","19","21","8","9","5","2","0","4","175","13","12","7","18","13","14","12","11","10","5","8","10","8","7","6","10","5","2","2","0","0","2","0","0","0","0","0","0","0","0","0","0","0","0","0","0","0","0","0","0","0","0","0","ND","0",
"Número_de_muertes_por_lesiones_debidas_a_accidentes_de_tráfico",	12,"Guerrero","2009","329","8","5","9","32","37","27","41","25","21","31","16","17","15","10","13","2","7","6","1","1","0","5","252","3","2","9","27","33","23","31","22","16","20","11","12","11","8","8","2","5","4","1","0","0","4","77","5","3","0","5","4","4","10","3","5","11","5","5","4","2","5","0","2","2","0","1","0","1","0","0","0","0","0","0","0","0","0","0","0","0","0","0","0","0","0","0","0","0","0","ND","0",
"Número_de_muertes_por_lesiones_debidas_a_accidentes_de_tráfico",	13,"Hidalgo","2009","377","17","10","11","27","45","49","44","27","27","28","14","20","18","11","11","7","4","2","2","0","0","3","275","8","6","8","20","34","38","34","20","20","20","12","15","13","8","5","7","3","1","0","0","0","3","102","9","4","3","7","11","11","10","7","7","8","2","5","5","3","6","0","1","1","2","0","0","0","0","0","0","0","0","0","0","0","0","0","0","0","0","0","0","0","0","0","0","0","ND","ND","0",
"Número_de_muertes_por_lesiones_debidas_a_accidentes_de_tráfico",	14,"Jalisco","2009","1,524","58","36","48","157","209","164","130","125","87","82","79","64","63","63","42","47","26","23","7","2","1","11","1,196","36","23","30","125","177","134","107","108","70","66","59","52","43","48","31","36","18","15","5","1","1","11","328","22","13","18","32","32","30","23","17","17","16","20","12","20","15","11","11","8","8","2","1","0","0","0","0","0","0","0","0","0","0","0","0","0","0","0","0","0","0","0","0","0","0","0","0","0",
"Número_de_muertes_por_lesiones_debidas_a_accidentes_de_tráfico",	15,"México","2009","1,697","66","38","52","142","203","203","153","154","115","111","93","80","66","57","59","38","24","19","2","2","0","20","1,309","37","25","25","109","161","170","132","124","92","87","74","60","50","47","42","27","17","8","2","1","0","19","387","29","13","27","33","42","33","21","30","23","24","19","20","16","10","17","11","7","11","0","1","0","0","1","0","0","0","0","0","0","0","0","0","0","0","0","0","0","0","0","0","0","0","0","ND","1",
"Número_de_muertes_por_lesiones_debidas_a_accidentes_de_tráfico",	16,"Michoacán_de_Ocampo","2009","610","21","15","19","74","80","71","49","39","38","36","34","28","16","12","21","18","13","8","1","0","0","17","492","9","11","16","61","71","61","42","36","31","29","28","21","14","7","14","13","10","5","0","0","0","13","118","12","4","3","13","9","10","7","3","7","7","6","7","2","5","7","5","3","3","1","0","0","4","0","0","0","0","0","0","0","0","0","0","0","0","0","0","0","0","0","0","0","0","ND","ND","0",
"Número_de_muertes_por_lesiones_debidas_a_accidentes_de_tráfico",	17,"Morelos","2009","149","4","6","2","7","14","13","9","21","8","14","11","8","4","6","5","3","6","5","1","0","0","2","118","2","6","2","7","11","12","9","18","7","11","9","6","1","3","3","2","4","4","0","0","0","1","30","2","0","0","0","3","1","0","3","1","3","2","2","3","3","2","1","2","1","1","0","0","0","1","0","0","0","0","0","0","0","0","0","0","0","0","0","0","0","0","0","0","0","ND","ND","1",
"Número_de_muertes_por_lesiones_debidas_a_accidentes_de_tráfico",	18,"Nayarit","2009","241","17","4","12","30","30","23","17","19","16","11","17","11","10","7","5","5","2","3","1","0","1","ND","193","10","1","9","25","27","20","15","17","15","7","13","10","6","7","4","2","1","3","0","0","1","ND","48","7","3","3","5","3","3","2","2","1","4","4","1","4","0","1","3","1","0","1","0","0","ND","0","0","0","0","0","0","0","0","0","0","0","0","0","0","0","0","0","0","0","0","ND","0","ND",
"Número_de_muertes_por_lesiones_debidas_a_accidentes_de_tráfico",	19,"Nuevo_León","2009","315","12","7","5","20","32","28","45","30","29","17","23","16","15","6","11","7","5","3","0","3","0","1","245","9","4","2","12","25","25","33","23","27","15","20","12","10","5","8","6","3","2","0","3","0","1","70","3","3","3","8","7","3","12","7","2","2","3","4","5","1","3","1","2","1","0","0","0","0","0","0","0","0","0","0","0","0","0","0","0","0","0","0","0","0","0","0","0","ND","0","ND","0",
"Número_de_muertes_por_lesiones_debidas_a_accidentes_de_tráfico",	20,"Oaxaca","2009","299","9","10","5","28","24","40","32","21","21","17","20","18","9","13","12","8","6","3","0","1","0","2","237","7","4","3","22","20","33","27","17","20","12","17","13","8","11","9","7","2","2","0","1","0","2","61","2","6","2","6","4","7","5","4","1","4","3","5","1","2","3","1","4","1","0","0","0","0","1","0","0","0","0","0","0","0","0","0","1","0","0","0","0","0","0","0","0","ND","0","ND","0",
"Número_de_muertes_por_lesiones_debidas_a_accidentes_de_tráfico",	21,"Puebla","2009","680","17","21","25","67","78","68","45","58","36","46","35","42","31","34","25","10","17","7","3","1","0","14","525","7","7","18","52","69","61","39","44","31","35","29","29","22","21","19","7","12","6","2","1","0","14","154","10","14","7","15","9","7","6","13","5","11","6","13","9","13","6","3","5","1","1","0","0","0","1","0","0","0","0","0","0","0","1","0","0","0","0","0","0","0","0","0","0","0","0","ND","0",
"Número_de_muertes_por_lesiones_debidas_a_accidentes_de_tráfico",	22,"Querétaro","2009","293","11","7","6","46","46","28","21","26","17","20","9","8","12","9","8","6","8","3","1","0","0","1","231","7","4","5","40","37","22","19","22","14","14","8","5","9","8","6","3","4","3","0","0","0","1","62","4","3","1","6","9","6","2","4","3","6","1","3","3","1","2","3","4","0","1","0","0","0","0","0","0","0","0","0","0","0","0","0","0","0","0","0","0","0","0","0","0","0","ND","ND","0",
"Número_de_muertes_por_lesiones_debidas_a_accidentes_de_tráfico",	23,"Quintana_Roo","2009","58","1","2","3","2","7","7","7","6","3","2","5","5","3","0","3","0","0","1","0","0","0","1","49","0","1","2","2","7","4","6","6","3","2","4","4","3","0","3","0","0","1","0","0","0","1","9","1","1","1","0","0","3","1","0","0","0","1","1","0","0","0","0","0","0","0","0","0","0","0","0","0","0","0","0","0","0","0","0","0","0","0","0","ND","0","ND","ND","0","ND","ND","ND","0",
"Número_de_muertes_por_lesiones_debidas_a_accidentes_de_tráfico",	24,"San_Luis_Potosí","2009","417","17","7","14","26","53","56","32","28","28","33","25","20","18","15","14","16","5","5","3","0","0","2","335","10","4","10","23","42","50","27","26","25","24","22","16","13","11","12","12","1","4","1","0","0","2","82","7","3","4","3","11","6","5","2","3","9","3","4","5","4","2","4","4","1","2","0","0","0","0","0","0","0","0","0","0","0","0","0","0","0","0","0","0","0","0","0","0","0","ND","ND","0",
"Número_de_muertes_por_lesiones_debidas_a_accidentes_de_tráfico",	25,"Sinaloa","2009","600","24","6","21","65","83","59","53","47","48","33","43","18","26","20","17","11","10","4","2","0","0","10","500","12","4","15","57","74","50","47","39","41","26","36","13","21","16","15","9","10","4","1","0","0","10","100","12","2","6","8","9","9","6","8","7","7","7","5","5","4","2","2","0","0","1","0","0","0","0","0","0","0","0","0","0","0","0","0","0","0","0","0","0","0","0","0","0","0","ND","ND","0",
"Número_de_muertes_por_lesiones_debidas_a_accidentes_de_tráfico",	26,"Sonora","2009","490","25","17","12","45","51","42","46","37","38","32","33","29","17","18","14","11","5","1","3","0","0","14","379","18","5","8","35","34","32","42","33","32","25","28","21","10","17","10","10","3","1","1","0","0","14","111","7","12","4","10","17","10","4","4","6","7","5","8","7","1","4","1","2","0","2","0","0","0","0","0","0","0","0","0","0","0","0","0","0","0","0","0","0","0","0","0","0","0","ND","ND","0",
"Número_de_muertes_por_lesiones_debidas_a_accidentes_de_tráfico",	27,"Tabasco","2009","459","10","0","16","51","55","55","52","33","39","36","29","18","17","21","13","8","4","0","0","0","0","2","392","5","0","10","41","51","48","47","29","29","35","25","14","15","19","13","7","2","0","0","0","0","2","67","5","0","6","10","4","7","5","4","10","1","4","4","2","2","0","1","2","0","0","0","0","0","0","0","ND","0","0","0","0","0","0","0","0","0","0","0","0","0","0","0","ND","ND","ND","ND","0",
"Número_de_muertes_por_lesiones_debidas_a_accidentes_de_tráfico",	28,"Tamaulipas","2009","613","26","14","13","53","67","62","71","62","55","44","35","23","26","18","12","13","10","5","0","0","0","4","477","17","4","10","39","53","47","61","49","47","33","29","19","21","12","8","10","9","5","0","0","0","4","136","9","10","3","14","14","15","10","13","8","11","6","4","5","6","4","3","1","0","0","0","0","0","0","0","0","0","0","0","0","0","0","0","0","0","0","0","0","0","0","0","0","ND","ND","ND","0",
"Número_de_muertes_por_lesiones_debidas_a_accidentes_de_tráfico",	29,"Tlaxcala","2009","173","8","0","5","19","26","21","14","15","7","4","5","7","4","11","4","5","3","3","4","0","0","8","135","5","0","2","14","20","18","11","13","7","4","3","4","3","9","3","3","2","2","4","0","0","8","38","3","0","3","5","6","3","3","2","0","0","2","3","1","2","1","2","1","1","0","0","0","0","0","0","ND","0","0","0","0","0","0","0","0","0","0","0","0","0","0","0","0","0","ND","ND","0",
"Número_de_muertes_por_lesiones_debidas_a_accidentes_de_tráfico",	30,"Veracruz_de_Ignacio_de_la_Llave","2009","967","19","19","24","75","110","90","83","79","67","81","70","47","46","49","25","30","17","8","2","1","0","25","778","7","12","17","62","96","80","74","64","54","65","52","35","34","37","18","25","13","7","2","1","0","23","189","12","7","7","13","14","10","9","15","13","16","18","12","12","12","7","5","4","1","0","0","0","2","0","0","0","0","0","0","0","0","0","0","0","0","0","0","0","0","0","0","0","0","0","ND","0",
"Número_de_muertes_por_lesiones_debidas_a_accidentes_de_tráfico",	31,"Yucatán","2009","174","3","3","1","24","22","11","15","8","19","19","6","8","9","9","5","7","2","2","1","0","0","ND","153","3","3","0","21","21","10","14","8","15","18","5","7","7","9","4","4","2","2","0","0","0","ND","21","0","0","1","3","1","1","1","0","4","1","1","1","2","0","1","3","0","0","1","0","0","ND","0","0","0","0","0","0","0","0","0","0","0","0","0","0","0","0","0","0","0","0","ND","ND","ND",
"Número_de_muertes_por_lesiones_debidas_a_accidentes_de_tráfico",	32,"Zacatecas","2009","359","13","8","23","59","56","31","22","26","21","25","14","12","16","8","3","11","6","4","1","0","0","ND","280","7","5","18","49","44","23","17","23","20","18","10","9","11","4","3","10","6","3","0","0","0","ND","79","6","3","5","10","12","8","5","3","1","7","4","3","5","4","0","1","0","1","1","0","0","ND","0","0","0","0","0","0","0","0","0","0","0","0","0","0","0","0","0","0","0","0","ND","ND","ND",
"Número_de_muertes_por_lesiones_debidas_a_accidentes_de_tráfico",	00,"Estados_Unidos_Mexicanos","2008","13,971","432","311","453","1,421","1,694","1,423","1,275","1,189","952","882","771","656","576","466","439","402","291","149","48","17","1","123","11,086","241","196","332","1,125","1,443","1,184","1,097","999","790","714","594","515","430","340","322","302","212","98","33","11","1","107","2,881","191","115","121","296","251","239","178","189","162","168","177","141","146","126","117","100","79","51","15","6","0","13","4","0","0","0","0","0","0","0","1","0","0","0","0","0","0","0","0","0","0","0","0","0","3",
"Número_de_muertes_por_lesiones_debidas_a_accidentes_de_tráfico",	01,"Aguascalientes","2008","226","9","4","8","22","36","27","11","22","21","11","8","6","13","6","9","4","2","5","0","0","0","2","182","5","2","5","17","32","25","7","21","18","9","4","5","10","6","7","4","1","3","0","0","0","1","43","4","2","3","5","4","2","4","1","3","2","4","1","3","0","2","0","1","2","0","0","0","0","1","0","0","0","0","0","0","0","0","0","0","0","0","0","0","0","0","0","0","ND","ND","ND","1",
"Número_de_muertes_por_lesiones_debidas_a_accidentes_de_tráfico",	02,"Baja_California","2008","178","2","7","9","15","30","16","16","16","19","13","9","8","2","5","2","2","3","0","0","0","0","4","140","0","4","8","12","26","13","15","14","13","11","6","5","2","3","2","0","2","0","0","0","0","4","38","2","3","1","3","4","3","1","2","6","2","3","3","0","2","0","2","1","0","0","0","0","0","0","0","0","0","0","0","0","0","0","0","0","0","0","0","0","0","0","0","ND","ND","ND","ND","0",
"Número_de_muertes_por_lesiones_debidas_a_accidentes_de_tráfico",	03,"Baja_California_Sur","2008","183","9","2","3","20","33","20","15","20","12","20","10","3","7","3","1","1","0","0","0","0","0","4","142","4","0","3","15","27","16","12","19","7","18","9","2","6","0","0","1","0","0","0","0","0","3","41","5","2","0","5","6","4","3","1","5","2","1","1","1","3","1","0","0","0","0","0","0","1","0","0","0","0","0","0","0","0","0","0","0","0","0","0","0","0","0","ND","ND","ND","ND","ND","0",
"Número_de_muertes_por_lesiones_debidas_a_accidentes_de_tráfico",	04,"Campeche","2008","56","1","0","1","3","6","10","4","6","6","7","0","2","1","4","1","2","0","1","0","0","0","1","48","1","0","0","3","4","7","3","5","6","7","0","2","1","4","1","2","0","1","0","0","0","1","8","0","0","1","0","2","3","1","1","0","0","0","0","0","0","0","0","0","0","0","0","0","0","0","0","ND","0","0","0","0","0","0","0","0","ND","0","0","0","0","0","ND","0","ND","ND","ND","0",
"Número_de_muertes_por_lesiones_debidas_a_accidentes_de_tráfico",	05,"Coahuila_de_Zaragoza","2008","305","15","9","11","25","33","32","31","25","19","28","9","13","9","11","11","11","4","2","1","0","0","6","241","6","5","9","20","29","26","27","18","18","25","7","11","6","6","8","10","2","1","1","0","0","6","64","9","4","2","5","4","6","4","7","1","3","2","2","3","5","3","1","2","1","0","0","0","0","0","0","0","0","0","0","0","0","0","0","0","0","0","0","0","0","0","0","0","0","ND","ND","0",
"Número_de_muertes_por_lesiones_debidas_a_accidentes_de_tráfico",	06,"Colima","2008","116","5","3","4","14","10","8","13","9","6","5","4","6","4","7","3","4","3","4","0","0","0","4","90","3","2","3","12","9","7","11","6","2","4","3","3","4","4","3","3","3","4","0","0","0","4","26","2","1","1","2","1","1","2","3","4","1","1","3","0","3","0","1","0","0","0","0","0","0","0","0","0","0","0","0","0","0","0","0","0","0","0","0","0","0","0","0","0","ND","ND","ND","0",
"Número_de_muertes_por_lesiones_debidas_a_accidentes_de_tráfico",	07,"Chiapas","2008","132","2","2","4","12","16","16","17","15","7","12","3","5","6","6","4","1","1","0","0","0","0","3","110","2","2","3","9","15","15","15","13","6","8","3","3","5","4","3","1","1","0","0","0","0","2","22","0","0","1","3","1","1","2","2","1","4","0","2","1","2","1","0","0","0","0","0","0","1","0","0","0","0","0","0","0","0","0","0","0","0","0","0","0","0","0","0","ND","ND","ND","ND","0",
"Número_de_muertes_por_lesiones_debidas_a_accidentes_de_tráfico",	08,"Chihuahua","2008","762","29","22","16","82","112","87","66","60","58","51","46","39","22","23","17","15","9","1","2","0","0","5","612","18","12","9","63","99","72","53","51","53","38","36","35","14","16","14","12","9","1","2","0","0","5","150","11","10","7","19","13","15","13","9","5","13","10","4","8","7","3","3","0","0","0","0","0","0","0","0","0","0","0","0","0","0","0","0","0","0","0","0","0","0","0","0","0","0","ND","ND","0",
"Número_de_muertes_por_lesiones_debidas_a_accidentes_de_tráfico",	09,"Ciudad_de_México","2008","962","9","14","29","88","101","99","73","85","68","43","57","46","40","42","45","43","45","23","7","2","0","3","727","6","6","23","67","81","80","64","72","57","39","44","35","24","31","28","26","26","12","4","2","0","0","233","3","8","6","21","20","19","9","13","11","4","13","11","16","11","17","17","19","11","3","0","0","1","2","0","0","0","0","0","0","0","0","0","0","0","0","0","0","0","0","0","0","0","0","ND","2",
"Número_de_muertes_por_lesiones_debidas_a_accidentes_de_tráfico",	10,"Durango","2008","366","8","3","13","38","49","39","34","30","31","21","19","17","16","13","17","8","8","1","0","0","0","1","297","6","2","9","31","41","34","26","29","28","15","15","13","15","7","12","6","7","0","0","0","0","1","69","2","1","4","7","8","5","8","1","3","6","4","4","1","6","5","2","1","1","0","0","0","0","0","0","0","0","0","0","0","0","0","0","0","0","0","0","0","0","0","0","0","ND","ND","ND","0",
"Número_de_muertes_por_lesiones_debidas_a_accidentes_de_tráfico",	11,"Guanajuato","2008","922","41","26","40","116","119","84","70","78","56","39","60","35","32","27","25","34","23","7","4","1","0","5","734","20","17","28","96","109","69","63","69","47","30","41","24","23","21","21","26","18","7","1","1","0","3","188","21","9","12","20","10","15","7","9","9","9","19","11","9","6","4","8","5","0","3","0","0","2","0","0","0","0","0","0","0","0","0","0","0","0","0","0","0","0","0","0","0","0","0","ND","0",
"Número_de_muertes_por_lesiones_debidas_a_accidentes_de_tráfico",	12,"Guerrero","2008","226","8","5","5","24","22","21","19","15","12","15","12","13","11","15","11","1","3","7","3","2","0","2","175","3","2","4","18","19","18","16","11","11","13","10","8","10","10","8","1","3","4","3","1","0","2","51","5","3","1","6","3","3","3","4","1","2","2","5","1","5","3","0","0","3","0","1","0","0","0","0","0","0","0","0","0","0","0","0","0","0","0","0","0","0","0","0","0","0","0","ND","0",
"Número_de_muertes_por_lesiones_debidas_a_accidentes_de_tráfico",	13,"Hidalgo","2008","354","8","5","12","34","33","37","36","27","28","21","22","23","17","15","14","7","9","5","0","0","0","1","272","2","3","8","22","25","32","30","24","20","16","19","18","14","11","11","6","7","3","0","0","0","1","82","6","2","4","12","8","5","6","3","8","5","3","5","3","4","3","1","2","2","0","0","0","0","0","0","0","0","0","0","0","0","0","0","0","0","0","0","0","0","0","0","0","ND","ND","ND","0",
"Número_de_muertes_por_lesiones_debidas_a_accidentes_de_tráfico",	14,"Jalisco","2008","1,403","47","32","45","147","185","146","106","116","86","85","73","74","61","37","44","55","39","17","4","0","0","4","1,104","31","20","35","116","160","119","93","94","69","75","57","50","40","27","30","41","26","14","4","0","0","3","299","16","12","10","31","25","27","13","22","17","10","16","24","21","10","14","14","13","3","0","0","0","1","0","0","0","0","0","0","0","0","0","0","0","0","0","0","0","0","0","0","0","0","ND","ND","0",
"Número_de_muertes_por_lesiones_debidas_a_accidentes_de_tráfico",	15,"México","2008","1,707","50","37","49","165","229","185","157","126","105","116","109","90","68","63","49","50","32","19","5","2","0","1","1,332","29","26","36","122","189","150","135","101","82","95","81","76","49","48","35","36","25","13","2","1","0","1","374","21","11","13","43","40","35","22","24","23","21","28","14","19","15","14","14","7","6","3","1","0","0","1","0","0","0","0","0","0","0","1","0","0","0","0","0","0","0","0","0","0","0","0","ND","0",
"Número_de_muertes_por_lesiones_debidas_a_accidentes_de_tráfico",	16,"Michoacán_de_Ocampo","2008","573","23","12","23","66","49","63","40","35","37","31","25","33","26","29","21","22","14","9","4","2","0","9","451","12","7","20","51","41","54","34","33","29","23","15","25","21","22","15","20","11","6","2","1","0","9","122","11","5","3","15","8","9","6","2","8","8","10","8","5","7","6","2","3","3","2","1","0","0","0","0","0","0","0","0","0","0","0","0","0","0","0","0","0","0","0","0","0","0","0","ND","0",
"Número_de_muertes_por_lesiones_debidas_a_accidentes_de_tráfico",	17,"Morelos","2008","166","2","7","7","16","16","17","10","19","11","13","8","8","7","5","6","5","3","2","2","0","0","2","124","0","3","6","13","15","12","9","15","6","9","6","7","5","5","3","4","2","0","2","0","0","2","42","2","4","1","3","1","5","1","4","5","4","2","1","2","0","3","1","1","2","0","0","0","0","0","0","0","0","0","0","0","0","0","0","0","0","0","0","0","0","0","0","0","0","ND","ND","0",
"Número_de_muertes_por_lesiones_debidas_a_accidentes_de_tráfico",	18,"Nayarit","2008","237","9","6","5","19","23","25","28","32","18","7","14","10","8","5","8","6","5","1","1","2","1","4","193","4","3","2","17","18","21","25","32","14","5","13","8","7","2","7","3","4","0","1","2","1","4","44","5","3","3","2","5","4","3","0","4","2","1","2","1","3","1","3","1","1","0","0","0","0","0","0","0","0","0","0","0","0","0","0","0","0","0","0","0","0","0","0","0","0","0","0","0",
"Número_de_muertes_por_lesiones_debidas_a_accidentes_de_tráfico",	19,"Nuevo_León","2008","297","14","8","11","22","23","23","33","26","25","17","21","17","20","8","9","9","5","2","2","1","0","1","233","8","6","7","19","17","19","27","19","22","15","19","14","15","6","8","5","4","1","1","0","0","1","64","6","2","4","3","6","4","6","7","3","2","2","3","5","2","1","4","1","1","1","1","0","0","0","0","0","0","0","0","0","0","0","0","0","0","0","0","0","0","0","0","0","0","0","ND","0",
"Número_de_muertes_por_lesiones_debidas_a_accidentes_de_tráfico",	20,"Oaxaca","2008","323","6","4","9","36","45","33","31","27","17","26","13","17","17","10","9","9","6","5","0","0","0","3","263","4","3","7","27","38","27","29","24","14","19","12","15","11","7","7","9","4","3","0","0","0","3","60","2","1","2","9","7","6","2","3","3","7","1","2","6","3","2","0","2","2","0","0","0","0","0","0","0","0","0","0","0","0","0","0","0","0","0","0","0","0","0","0","0","ND","ND","ND","0",
"Número_de_muertes_por_lesiones_debidas_a_accidentes_de_tráfico",	21,"Puebla","2008","696","23","19","29","63","63","74","61","56","42","45","26","31","31","26","30","23","13","9","3","3","0","26","539","16","14","21","53","55","61","53","45","35","25","16","25","25","17","21","15","10","7","2","1","0","22","157","7","5","8","10","8","13","8","11","7","20","10","6","6","9","9","8","3","2","1","2","0","4","0","0","0","0","0","0","0","0","0","0","0","0","0","0","0","0","0","0","0","0","0","ND","0",
"Número_de_muertes_por_lesiones_debidas_a_accidentes_de_tráfico",	22,"Querétaro","2008","283","5","4","9","35","45","21","29","27","24","15","15","13","8","9","6","7","6","2","1","0","0","2","238","2","2","6","31","38","19","23","22","23","14","14","10","6","7","6","5","6","2","1","0","0","1","45","3","2","3","4","7","2","6","5","1","1","1","3","2","2","0","2","0","0","0","0","0","1","0","0","0","0","0","0","0","0","0","0","0","0","0","0","0","0","0","0","0","0","ND","ND","0",
"Número_de_muertes_por_lesiones_debidas_a_accidentes_de_tráfico",	23,"Quintana_Roo","2008","62","3","3","1","6","8","4","7","8","4","3","7","2","1","3","0","1","0","0","0","1","0","ND","52","3","3","1","6","6","4","5","6","2","3","7","1","0","3","0","1","0","0","0","1","0","ND","10","0","0","0","0","2","0","2","2","2","0","0","1","1","0","0","0","0","0","0","0","0","ND","0","0","0","0","0","0","0","0","0","0","0","0","0","0","0","ND","0","ND","ND","ND","0","ND","ND",
"Número_de_muertes_por_lesiones_debidas_a_accidentes_de_tráfico",	24,"San_Luis_Potosí","2008","385","12","9","9","46","47","27","43","31","22","30","20","15","14","14","14","14","11","4","0","0","0","3","319","8","3","8","36","45","23","41","27","20","24","14","13","13","9","11","11","8","3","0","0","0","2","66","4","6","1","10","2","4","2","4","2","6","6","2","1","5","3","3","3","1","0","0","0","1","0","0","0","0","0","0","0","0","0","0","0","0","0","0","0","0","0","0","0","ND","ND","ND","0",
"Número_de_muertes_por_lesiones_debidas_a_accidentes_de_tráfico",	25,"Sinaloa","2008","441","19","7","7","50","58","43","48","29","25","24","30","22","21","12","25","12","6","0","2","1","0","ND","377","12","5","2","44","51","39","44","24","23","22","24","20","18","11","19","11","5","0","2","1","0","ND","64","7","2","5","6","7","4","4","5","2","2","6","2","3","1","6","1","1","0","0","0","0","ND","0","0","0","0","0","0","0","0","0","0","0","0","0","0","0","0","0","0","ND","0","0","ND","ND",
"Número_de_muertes_por_lesiones_debidas_a_accidentes_de_tráfico",	26,"Sonora","2008","533","16","15","19","51","45","57","66","59","48","42","34","14","12","18","10","8","7","3","0","0","0","9","417","8","9","11","37","36","42","52","50","38","37","34","11","8","14","9","6","4","2","0","0","0","9","116","8","6","8","14","9","15","14","9","10","5","0","3","4","4","1","2","3","1","0","0","0","0","0","0","0","0","0","0","0","0","0","0","0","0","0","0","0","0","0","0","0","ND","ND","ND","0",
"Número_de_muertes_por_lesiones_debidas_a_accidentes_de_tráfico",	27,"Tabasco","2008","389","6","12","7","49","54","39","56","33","28","35","17","12","11","14","7","1","2","1","0","0","0","5","330","5","7","6","41","48","37","50","26","27","31","10","11","7","10","6","1","1","1","0","0","0","5","59","1","5","1","8","6","2","6","7","1","4","7","1","4","4","1","0","1","0","0","0","0","0","0","0","0","0","0","0","0","0","0","0","0","0","0","0","0","0","0","0","0","ND","ND","ND","0",
"Número_de_muertes_por_lesiones_debidas_a_accidentes_de_tráfico",	28,"Tamaulipas","2008","453","19","9","12","33","50","44","38","41","31","37","34","20","28","10","7","12","13","5","3","0","0","7","353","5","7","8","29","40","38","31","34","26","25","28","14","24","8","6","9","9","4","2","0","0","6","100","14","2","4","4","10","6","7","7","5","12","6","6","4","2","1","3","4","1","1","0","0","1","0","0","0","0","0","0","0","0","0","0","0","0","0","0","0","0","0","0","0","0","ND","ND","0",
"Número_de_muertes_por_lesiones_debidas_a_accidentes_de_tráfico",	29,"Tlaxcala","2008","171","3","3","4","11","22","23","23","18","11","8","13","4","6","3","6","7","4","1","0","0","0","1","123","3","3","3","7","15","17","20","12","10","6","7","2","2","2","3","6","3","1","0","0","0","1","48","0","0","1","4","7","6","3","6","1","2","6","2","4","1","3","1","1","0","0","0","0","0","0","0","0","0","0","0","0","0","0","0","0","0","0","0","0","0","0","0","0","ND","ND","ND","0",
"Número_de_muertes_por_lesiones_debidas_a_accidentes_de_tráfico",	30,"Veracruz_de_Ignacio_de_la_Llave","2008","579","10","11","24","54","79","58","45","62","49","29","26","34","30","10","15","18","9","10","1","0","0","5","466","5","10","21","41","68","49","38","52","42","26","19","29","23","8","7","14","5","4","0","0","0","5","113","5","1","3","13","11","9","7","10","7","3","7","5","7","2","8","4","4","6","1","0","0","0","0","0","0","0","0","0","0","0","0","0","0","0","0","0","0","0","0","0","0","0","ND","ND","0",
"Número_de_muertes_por_lesiones_debidas_a_accidentes_de_tráfico",	31,"Yucatán","2008","159","2","2","9","13","10","15","16","11","11","18","11","12","9","4","6","4","3","1","2","0","0","ND","141","2","2","6","13","9","14","16","8","10","16","9","10","9","4","5","2","3","1","2","0","0","ND","18","0","0","3","0","1","1","0","3","1","2","2","2","0","0","1","2","0","0","0","0","0","ND","0","0","0","0","0","0","0","0","0","0","0","0","0","0","0","0","0","0","0","0","ND","ND","ND",
"Número_de_muertes_por_lesiones_debidas_a_accidentes_de_tráfico",	32,"Zacatecas","2008","326","17","9","19","46","43","30","33","25","15","15","16","12","18","9","7","6","3","2","1","0","0","ND","261","8","6","14","37","38","25","30","23","12","11","12","10","13","7","6","5","3","0","1","0","0","ND","65","9","3","5","9","5","5","3","2","3","4","4","2","5","2","1","1","0","2","0","0","0","ND","0","0","0","0","0","0","0","0","0","0","0","0","0","0","0","0","0","0","0","0","ND","ND","ND",
"Número_de_muertes_por_lesiones_debidas_a_accidentes_de_tráfico",	00,"Estados_Unidos_Mexicanos","2007","12,766","481","304","393","1,263","1,576","1,304","1,150","1,056","854","789","673","580","543","460","463","314","244","127","36","11","4","141","10,043","297","190","279","990","1,319","1,093","988","874","698","633","534","441","403","348","333","210","168","85","25","9","2","124","2,720","184","114","114","273","257","211","162","182","156","156","139","139","140","112","130","104","76","42","11","2","2","14","3","0","0","0","0","0","0","0","0","0","0","0","0","0","0","0","0","0","0","0","0","0","3",
"Número_de_muertes_por_lesiones_debidas_a_accidentes_de_tráfico",	01,"Aguascalientes","2007","162","10","6","6","27","27","16","9","10","6","7","15","3","4","1","5","4","3","0","2","0","1","ND","133","8","5","5","24","25","12","6","9","5","7","12","2","3","1","2","3","2","0","2","0","0","ND","29","2","1","1","3","2","4","3","1","1","0","3","1","1","0","3","1","1","0","0","0","1","ND","0","0","0","0","0","0","0","0","0","0","0","0","0","0","0","0","0","0","ND","0","ND","0","ND",
"Número_de_muertes_por_lesiones_debidas_a_accidentes_de_tráfico",	02,"Baja_California","2007","153","10","5","6","16","16","14","13","17","15","7","4","7","5","2","1","3","3","2","0","2","0","5","111","7","3","4","9","13","14","11","10","11","5","3","6","2","1","1","1","2","1","0","2","0","5","42","3","2","2","7","3","0","2","7","4","2","1","1","3","1","0","2","1","1","0","0","0","0","0","0","0","0","0","0","0","0","0","0","0","0","0","0","0","0","0","0","0","ND","0","ND","0",
"Número_de_muertes_por_lesiones_debidas_a_accidentes_de_tráfico",	03,"Baja_California_Sur","2007","177","7","2","5","14","30","20","22","15","17","11","11","6","5","5","1","2","1","1","0","0","0","2","146","5","1","4","13","24","16","21","14","14","9","8","4","5","4","1","1","0","0","0","0","0","2","31","2","1","1","1","6","4","1","1","3","2","3","2","0","1","0","1","1","1","0","0","0","0","0","0","0","0","0","0","0","0","0","0","0","0","0","0","0","0","0","0","0","ND","ND","ND","0",
"Número_de_muertes_por_lesiones_debidas_a_accidentes_de_tráfico",	04,"Campeche","2007","52","1","1","1","2","5","7","2","12","3","3","3","1","4","1","0","1","3","1","0","0","0","1","42","0","1","1","1","3","6","2","11","3","3","2","1","4","1","0","0","1","1","0","0","0","1","10","1","0","0","1","2","1","0","1","0","0","1","0","0","0","0","1","2","0","0","0","0","0","0","0","0","0","0","0","0","0","0","0","0","0","0","0","0","ND","0","0","0","ND","ND","ND","0",
"Número_de_muertes_por_lesiones_debidas_a_accidentes_de_tráfico",	05,"Coahuila_de_Zaragoza","2007","235","11","7","7","35","33","28","18","15","13","15","10","11","12","5","11","1","1","0","0","0","0","2","189","6","4","7","27","30","24","14","11","10","13","9","8","11","5","8","0","1","0","0","0","0","1","46","5","3","0","8","3","4","4","4","3","2","1","3","1","0","3","1","0","0","0","0","0","1","0","0","0","0","0","0","0","0","0","0","0","0","0","0","0","0","0","0","ND","ND","ND","ND","0",
"Número_de_muertes_por_lesiones_debidas_a_accidentes_de_tráfico",	06,"Colima","2007","116","3","1","4","14","14","8","14","11","9","12","3","3","6","4","5","4","0","1","0","0","0","ND","94","2","0","3","12","11","8","14","9","6","11","2","3","4","3","3","3","0","0","0","0","0","ND","22","1","1","1","2","3","0","0","2","3","1","1","0","2","1","2","1","0","1","0","0","0","ND","0","0","0","0","0","0","0","0","0","0","0","0","0","0","0","0","0","ND","0","ND","ND","ND","ND",
"Número_de_muertes_por_lesiones_debidas_a_accidentes_de_tráfico",	07,"Chiapas","2007","107","9","3","1","8","14","9","17","12","4","7","3","3","5","7","1","3","1","0","0","0","0","ND","89","5","2","0","5","13","8","16","11","2","7","3","3","3","7","0","3","1","0","0","0","0","ND","18","4","1","1","3","1","1","1","1","2","0","0","0","2","0","1","0","0","0","0","0","0","ND","0","0","0","0","0","0","0","0","0","0","0","0","0","0","0","0","0","0","ND","ND","ND","ND","ND",
"Número_de_muertes_por_lesiones_debidas_a_accidentes_de_tráfico",	08,"Chihuahua","2007","491","18","11","13","63","60","36","39","46","36","36","28","23","16","20","16","9","5","3","2","0","0","11","392","12","5","9","45","56","28","32","41","31","29","21","18","11","17","13","7","5","3","2","0","0","7","98","6","6","4","18","4","8","7","5","5","7","7","5","5","3","3","2","0","0","0","0","0","3","1","0","0","0","0","0","0","0","0","0","0","0","0","0","0","0","0","0","0","0","ND","ND","1",
"Número_de_muertes_por_lesiones_debidas_a_accidentes_de_tráfico",	09,"Ciudad_de_México","2007","867","19","10","14","62","91","99","65","57","55","60","51","42","46","44","50","45","36","17","3","1","0","ND","633","12","5","7","43","74","77","58","45","48","49","33","29","33","27","31","28","23","10","1","0","0","ND","234","7","5","7","19","17","22","7","12","7","11","18","13","13","17","19","17","13","7","2","1","0","ND","0","0","0","0","0","0","0","0","0","0","0","0","0","0","0","0","0","0","0","0","0","ND","ND",
"Número_de_muertes_por_lesiones_debidas_a_accidentes_de_tráfico",	10,"Durango","2007","336","9","6","21","37","45","34","29","19","34","16","15","19","12","13","13","6","3","4","0","0","1","ND","266","6","4","12","29","41","31","26","15","28","12","12","14","7","10","10","4","1","3","0","0","1","ND","70","3","2","9","8","4","3","3","4","6","4","3","5","5","3","3","2","2","1","0","0","0","ND","0","0","0","0","0","0","0","0","0","0","0","0","0","0","0","0","0","0","0","ND","ND","0","ND",
"Número_de_muertes_por_lesiones_debidas_a_accidentes_de_tráfico",	11,"Guanajuato","2007","790","32","30","33","96","99","79","75","53","43","47","35","29","34","13","32","21","21","6","3","0","0","9","643","21","18","24","78","85","65","60","46","41","36","29","26","28","9","28","14","21","2","3","0","0","9","147","11","12","9","18","14","14","15","7","2","11","6","3","6","4","4","7","0","4","0","0","0","0","0","0","0","0","0","0","0","0","0","0","0","0","0","0","0","0","0","0","0","0","ND","ND","0",
"Número_de_muertes_por_lesiones_debidas_a_accidentes_de_tráfico",	12,"Guerrero","2007","196","6","10","6","13","13","16","17","18","15","11","14","11","9","11","13","3","5","3","2","0","0","ND","140","4","6","6","13","8","15","11","11","11","7","10","8","8","9","7","1","3","1","1","0","0","ND","56","2","4","0","0","5","1","6","7","4","4","4","3","1","2","6","2","2","2","1","0","0","ND","0","0","0","0","0","0","0","0","0","0","0","0","0","0","0","0","0","0","0","0","ND","ND","ND",
"Número_de_muertes_por_lesiones_debidas_a_accidentes_de_tráfico",	13,"Hidalgo","2007","351","15","2","10","43","47","35","38","23","28","21","16","12","18","10","12","7","5","1","0","1","0","7","270","7","1","8","28","37","30","33","19","18","16","14","10","14","9","9","6","3","1","0","1","0","6","81","8","1","2","15","10","5","5","4","10","5","2","2","4","1","3","1","2","0","0","0","0","1","0","0","0","0","0","0","0","0","0","0","0","0","0","0","0","0","0","0","0","ND","0","ND","0",
"Número_de_muertes_por_lesiones_debidas_a_accidentes_de_tráfico",	14,"Jalisco","2007","1,391","64","29","48","149","188","150","116","97","88","70","68","60","46","61","56","33","28","22","7","2","1","8","1,069","45","22","32","115","146","123","94","78","73","53","52","46","34","46","43","19","20","14","5","2","0","7","322","19","7","16","34","42","27","22","19","15","17","16","14","12","15","13","14","8","8","2","0","1","1","0","0","0","0","0","0","0","0","0","0","0","0","0","0","0","0","0","0","0","0","0","0","0",
"Número_de_muertes_por_lesiones_debidas_a_accidentes_de_tráfico",	15,"México","2007","1,613","67","52","38","165","197","169","164","137","101","95","82","81","76","60","51","32","27","12","4","0","0","3","1,248","38","35","25","128","160","145","141","108","80","80","66","63","49","45","32","23","18","6","3","0","0","3","365","29","17","13","37","37","24","23","29","21","15","16","18","27","15","19","9","9","6","1","0","0","0","0","0","0","0","0","0","0","0","0","0","0","0","0","0","0","0","0","0","0","0","ND","ND","0",
"Número_de_muertes_por_lesiones_debidas_a_accidentes_de_tráfico",	16,"Michoacán_de_Ocampo","2007","408","16","12","17","46","50","35","30","24","30","32","12","11","18","16","21","13","14","4","2","0","0","5","317","10","6","15","40","45","26","25","23","25","25","10","10","10","9","11","9","8","4","1","0","0","5","91","6","6","2","6","5","9","5","1","5","7","2","1","8","7","10","4","6","0","1","0","0","0","0","0","0","0","0","0","0","0","0","0","0","0","0","0","0","0","0","0","0","0","ND","ND","0",
"Número_de_muertes_por_lesiones_debidas_a_accidentes_de_tráfico",	17,"Morelos","2007","123","4","1","6","15","15","9","5","13","7","7","4","7","6","4","6","4","3","4","1","0","0","2","93","2","1","2","13","10","8","4","8","7","7","3","4","6","3","5","3","2","3","1","0","0","1","29","2","0","4","2","5","1","1","5","0","0","1","3","0","1","1","1","1","1","0","0","0","0","1","0","0","0","0","0","0","0","0","0","0","0","0","0","0","0","0","0","0","0","ND","ND","1",
"Número_de_muertes_por_lesiones_debidas_a_accidentes_de_tráfico",	18,"Nayarit","2007","274","7","5","8","24","19","36","21","28","11","14","16","20","17","12","9","9","8","5","0","2","0","3","222","3","2","5","22","18","33","17","23","9","12","13","14","12","11","8","9","3","4","0","1","0","3","52","4","3","3","2","1","3","4","5","2","2","3","6","5","1","1","0","5","1","0","1","0","0","0","0","0","0","0","0","0","0","0","0","0","0","0","0","0","0","0","0","0","ND","0","ND","0",
"Número_de_muertes_por_lesiones_debidas_a_accidentes_de_tráfico",	19,"Nuevo_León","2007","333","12","11","4","21","42","32","33","25","24","23","22","17","22","10","10","9","6","5","1","0","0","4","252","5","6","2","20","34","24","27","21","21","19","14","14","14","9","5","7","3","4","1","0","0","2","80","7","5","2","1","8","8","6","4","3","4","8","3","8","1","5","2","3","1","0","0","0","1","1","0","0","0","0","0","0","0","0","0","0","0","0","0","0","0","0","0","0","0","ND","ND","1",
"Número_de_muertes_por_lesiones_debidas_a_accidentes_de_tráfico",	20,"Oaxaca","2007","359","15","9","6","32","41","38","28","32","29","28","21","7","15","19","15","8","2","4","2","0","0","8","296","12","8","4","26","35","30","27","28","28","20","18","6","12","15","11","3","0","3","2","0","0","8","63","3","1","2","6","6","8","1","4","1","8","3","1","3","4","4","5","2","1","0","0","0","0","0","0","0","0","0","0","0","0","0","0","0","0","0","0","0","0","0","0","0","0","ND","ND","0",
"Número_de_muertes_por_lesiones_debidas_a_accidentes_de_tráfico",	21,"Puebla","2007","688","28","21","28","64","77","69","53","54","45","50","36","30","29","19","27","18","12","4","1","1","1","21","533","17","10","23","53","66","59","43","43","36","36","31","21","21","14","17","13","8","2","1","1","1","17","155","11","11","5","11","11","10","10","11","9","14","5","9","8","5","10","5","4","2","0","0","0","4","0","0","0","0","0","0","0","0","0","0","0","0","0","0","0","0","0","0","0","0","0","0","0",
"Número_de_muertes_por_lesiones_debidas_a_accidentes_de_tráfico",	22,"Querétaro","2007","283","11","2","10","27","39","36","30","23","19","20","16","9","10","11","7","3","6","3","1","0","0","ND","229","7","2","5","23","32","30","26","21","16","14","13","8","9","9","6","3","4","1","0","0","0","ND","54","4","0","5","4","7","6","4","2","3","6","3","1","1","2","1","0","2","2","1","0","0","ND","0","0","0","0","0","0","0","0","0","0","0","0","0","0","0","0","0","0","0","0","ND","ND","ND",
"Número_de_muertes_por_lesiones_debidas_a_accidentes_de_tráfico",	23,"Quintana_Roo","2007","82","3","0","2","7","15","9","12","7","4","2","4","5","1","4","0","1","1","1","0","0","0","4","67","2","0","2","6","13","7","12","5","3","2","2","4","1","2","0","0","1","1","0","0","0","4","15","1","0","0","1","2","2","0","2","1","0","2","1","0","2","0","1","0","0","0","0","0","0","0","0","ND","0","0","0","0","0","0","0","0","0","0","0","0","ND","0","0","0","ND","ND","ND","0",
"Número_de_muertes_por_lesiones_debidas_a_accidentes_de_tráfico",	24,"San_Luis_Potosí","2007","346","13","15","11","28","49","27","23","31","25","19","17","10","22","7","19","12","8","5","1","1","0","3","265","7","8","8","16","40","23","23","22","21","14","14","8","17","5","14","9","7","4","1","1","0","3","81","6","7","3","12","9","4","0","9","4","5","3","2","5","2","5","3","1","1","0","0","0","0","0","0","0","0","0","0","0","0","0","0","0","0","0","0","0","0","0","0","0","0","0","ND","0",
"Número_de_muertes_por_lesiones_debidas_a_accidentes_de_tráfico",	25,"Sinaloa","2007","430","12","14","11","41","43","40","48","44","30","25","24","23","22","20","14","11","4","4","0","0","0","ND","354","6","10","8","36","33","35","41","40","25","21","21","17","19","16","11","8","3","4","0","0","0","ND","76","6","4","3","5","10","5","7","4","5","4","3","6","3","4","3","3","1","0","0","0","0","ND","0","0","0","0","0","0","0","0","0","0","0","0","0","0","0","0","0","0","0","ND","ND","ND","ND",
"Número_de_muertes_por_lesiones_debidas_a_accidentes_de_tráfico",	26,"Sonora","2007","509","23","10","18","48","54","45","61","37","36","32","37","24","24","16","11","11","9","2","0","0","0","11","411","13","6","12","39","46","37","54","30","29","29","27","17","20","12","10","8","9","2","0","0","0","11","98","10","4","6","9","8","8","7","7","7","3","10","7","4","4","1","3","0","0","0","0","0","0","0","0","0","0","0","0","0","0","0","0","0","0","0","0","0","0","0","0","0","ND","ND","ND","0",
"Número_de_muertes_por_lesiones_debidas_a_accidentes_de_tráfico",	27,"Tabasco","2007","317","8","5","12","32","38","35","30","41","23","22","19","10","11","10","6","5","1","1","1","0","0","7","275","4","3","7","27","35","26","29","41","19","20","17","9","11","10","5","4","1","0","0","0","0","7","42","4","2","5","5","3","9","1","0","4","2","2","1","0","0","1","1","0","1","1","0","0","0","0","0","0","0","0","0","0","0","0","0","0","0","0","0","0","0","0","0","0","0","ND","ND","0",
"Número_de_muertes_por_lesiones_debidas_a_accidentes_de_tráfico",	28,"Tamaulipas","2007","345","13","6","9","31","43","41","20","40","20","23","25","26","12","7","7","11","3","2","0","0","0","6","257","10","4","7","18","36","32","17","33","13","17","22","16","9","3","7","4","1","2","0","0","0","6","88","3","2","2","13","7","9","3","7","7","6","3","10","3","4","0","7","2","0","0","0","0","0","0","0","0","0","0","0","0","0","0","0","0","0","0","0","0","0","0","0","0","ND","ND","ND","0",
"Número_de_muertes_por_lesiones_debidas_a_accidentes_de_tráfico",	29,"Tlaxcala","2007","145","5","1","6","14","29","17","12","10","12","7","2","5","2","5","2","5","6","0","1","0","0","4","117","3","1","6","11","26","17","10","7","8","3","2","4","2","5","2","4","3","0","0","0","0","3","28","2","0","0","3","3","0","2","3","4","4","0","1","0","0","0","1","3","0","1","0","0","1","0","0","0","0","0","0","0","0","0","0","0","0","0","0","0","0","0","0","ND","0","ND","ND","0",
"Número_de_muertes_por_lesiones_debidas_a_accidentes_de_tráfico",	30,"Veracruz_de_Ignacio_de_la_Llave","2007","647","13","8","17","46","74","67","62","74","47","37","40","43","18","23","32","15","10","6","1","1","0","13","529","8","5","16","37","66","58","54","63","37","31","34","34","9","17","25","10","8","5","0","1","0","11","118","5","3","1","9","8","9","8","11","10","6","6","9","9","6","7","5","2","1","1","0","0","2","0","0","0","0","0","0","0","0","0","0","0","0","0","0","0","0","0","0","0","0","0","ND","0",
"Número_de_muertes_por_lesiones_debidas_a_accidentes_de_tráfico",	31,"Yucatán","2007","186","3","3","4","14","27","25","16","16","18","13","4","9","9","11","3","2","5","3","1","0","0","ND","162","2","1","3","13","22","24","15","15","15","10","4","8","9","9","3","2","3","3","1","0","0","ND","24","1","2","1","1","5","1","1","1","3","3","0","1","0","2","0","0","2","0","0","0","0","ND","0","0","0","0","0","0","0","0","0","0","0","0","0","0","0","0","0","0","0","0","ND","ND","ND",
"Número_de_muertes_por_lesiones_debidas_a_accidentes_de_tráfico",	32,"Zacatecas","2007","254","14","6","11","29","42","23","28","15","7","17","16","13","7","9","7","3","4","1","0","0","0","2","199","8","5","7","20","36","22","25","13","5","16","13","6","6","5","5","1","3","1","0","0","0","2","55","6","1","4","9","6","1","3","2","2","1","3","7","1","4","2","2","1","0","0","0","0","0","0","0","0","0","0","0","0","0","0","0","0","0","0","0","0","0","0","0","0","ND","ND","ND","0",
"Número_de_muertes_por_lesiones_debidas_a_accidentes_de_tráfico",	00,"Estados_Unidos_Mexicanos","2006","13,992","517","383","442","1,359","1,651","1,444","1,278","1,105","947","863","814","681","570","524","418","368","299","119","47","25","3","135","10,964","297","238","321","1,067","1,347","1,205","1,082","908","788","696","647","520","433","392","302","257","214","79","32","17","1","121","3,027","220","145","121","292","304","239","196","196","159","167","167","161","137","132","116","111","85","40","15","8","2","14","1","0","0","0","0","0","0","0","1","0","0","0","0","0","0","0","0","0","0","0","0","0","0",
"Número_de_muertes_por_lesiones_debidas_a_accidentes_de_tráfico",	01,"Aguascalientes","2006","213","12","10","14","29","23","12","22","22","12","10","11","9","5","8","3","4","2","3","0","1","0","1","168","8","5","12","24","14","9","18","19","11","9","9","6","5","7","3","3","1","3","0","1","0","1","45","4","5","2","5","9","3","4","3","1","1","2","3","0","1","0","1","1","0","0","0","0","0","0","0","0","0","0","0","0","0","0","0","0","0","0","0","0","0","0","0","0","ND","0","ND","0",
"Número_de_muertes_por_lesiones_debidas_a_accidentes_de_tráfico",	02,"Baja_California","2006","154","11","4","6","8","16","20","12","16","10","12","7","2","6","4","3","2","1","2","0","0","0","12","108","7","4","3","4","12","15","10","12","5","9","4","1","3","3","2","0","1","1","0","0","0","12","46","4","0","3","4","4","5","2","4","5","3","3","1","3","1","1","2","0","1","0","0","0","0","0","0","0","0","0","0","0","0","0","0","0","0","0","0","0","0","0","0","0","ND","ND","ND","0",
"Número_de_muertes_por_lesiones_debidas_a_accidentes_de_tráfico",	03,"Baja_California_Sur","2006","118","6","2","0","13","21","22","9","9","6","7","7","2","4","3","2","2","0","0","0","0","0","3","97","3","1","0","9","18","21","7","7","6","7","5","2","3","2","2","1","0","0","0","0","0","3","21","3","1","0","4","3","1","2","2","0","0","2","0","1","1","0","1","0","0","0","0","0","0","0","0","0","ND","0","0","0","0","0","0","0","0","0","0","0","0","0","ND","ND","ND","ND","ND","0",
"Número_de_muertes_por_lesiones_debidas_a_accidentes_de_tráfico",	04,"Campeche","2006","76","2","0","2","11","6","11","5","5","2","6","6","7","4","1","4","0","1","1","0","0","0","2","69","1","0","2","10","6","10","4","5","2","6","5","6","3","1","4","0","1","1","0","0","0","2","7","1","0","0","1","0","1","1","0","0","0","1","1","1","0","0","0","0","0","0","0","0","0","0","0","ND","0","0","0","0","0","0","0","0","0","0","0","0","0","ND","0","0","ND","ND","ND","0",
"Número_de_muertes_por_lesiones_debidas_a_accidentes_de_tráfico",	05,"Coahuila_de_Zaragoza","2006","323","20","12","5","26","40","41","34","26","24","21","12","15","15","7","8","2","7","1","3","0","0","4","258","12","8","3","18","33","35","30","22","20","16","11","12","12","5","7","2","6","1","2","0","0","3","65","8","4","2","8","7","6","4","4","4","5","1","3","3","2","1","0","1","0","1","0","0","1","0","0","0","0","0","0","0","0","0","0","0","0","0","0","0","0","0","0","0","0","ND","ND","0",
"Número_de_muertes_por_lesiones_debidas_a_accidentes_de_tráfico",	06,"Colima","2006","124","4","1","7","16","11","12","12","12","6","10","10","5","5","4","1","1","4","1","1","0","0","1","95","2","1","5","10","9","9","10","10","5","10","8","3","3","3","1","1","2","1","1","0","0","1","29","2","0","2","6","2","3","2","2","1","0","2","2","2","1","0","0","2","0","0","0","0","0","0","0","0","0","0","0","0","0","0","0","0","0","0","0","0","0","0","0","0","0","ND","ND","0",
"Número_de_muertes_por_lesiones_debidas_a_accidentes_de_tráfico",	07,"Chiapas","2006","116","3","3","2","15","24","10","6","10","12","5","4","4","7","2","0","4","1","1","1","0","0","2","95","2","2","2","12","20","8","6","9","11","4","3","3","5","1","0","3","1","0","1","0","0","2","21","1","1","0","3","4","2","0","1","1","1","1","1","2","1","0","1","0","1","0","0","0","0","0","0","0","0","0","0","0","0","0","0","0","0","0","0","0","ND","0","0","0","0","ND","ND","0",
"Número_de_muertes_por_lesiones_debidas_a_accidentes_de_tráfico",	08,"Chihuahua","2006","723","39","26","33","67","93","54","68","54","52","51","29","30","35","26","16","12","11","5","0","1","0","21","564","23","14","21","54","79","45","55","45","44","37","23","24","29","19","9","12","7","3","0","1","0","20","159","16","12","12","13","14","9","13","9","8","14","6","6","6","7","7","0","4","2","0","0","0","1","0","0","0","0","0","0","0","0","0","0","0","0","0","0","0","0","0","0","0","ND","0","ND","0",
"Número_de_muertes_por_lesiones_debidas_a_accidentes_de_tráfico",	09,"Ciudad_de_México","2006","1,026","21","23","13","65","121","104","97","85","67","58","51","60","44","59","31","46","43","26","10","2","0","ND","753","12","11","11","47","91","86","81","68","57","42","37","46","27","42","19","27","29","14","5","1","0","ND","273","9","12","2","18","30","18","16","17","10","16","14","14","17","17","12","19","14","12","5","1","0","ND","0","0","0","0","0","0","0","0","0","0","0","0","0","0","0","0","0","0","0","0","0","ND","ND",
"Número_de_muertes_por_lesiones_debidas_a_accidentes_de_tráfico",	10,"Durango","2006","297","14","7","7","32","23","34","27","22","27","20","23","9","11","16","15","5","2","1","0","0","1","1","234","7","5","6","27","18","25","23","18","23","14","21","6","9","13","10","4","2","1","0","0","1","1","63","7","2","1","5","5","9","4","4","4","6","2","3","2","3","5","1","0","0","0","0","0","0","0","0","0","0","0","0","0","0","0","0","0","0","0","0","0","0","0","0","0","ND","ND","0","0",
"Número_de_muertes_por_lesiones_debidas_a_accidentes_de_tráfico",	11,"Guanajuato","2006","882","42","29","28","103","94","79","85","53","46","46","37","49","38","32","25","34","33","9","7","4","0","9","706","21","22","24","82","81","65","79","44","38","37","31","30","32","24","18","29","26","5","6","4","0","8","176","21","7","4","21","13","14","6","9","8","9","6","19","6","8","7","5","7","4","1","0","0","1","0","0","0","0","0","0","0","0","0","0","0","0","0","0","0","0","0","0","0","0","0","ND","0",
"Número_de_muertes_por_lesiones_debidas_a_accidentes_de_tráfico",	12,"Guerrero","2006","198","8","8","9","20","14","21","9","17","16","14","10","9","14","7","7","6","5","3","0","0","0","1","156","7","5","9","15","12","16","8","16","9","9","7","8","11","5","6","4","5","3","0","0","0","1","42","1","3","0","5","2","5","1","1","7","5","3","1","3","2","1","2","0","0","0","0","0","0","0","0","0","0","0","0","0","0","0","0","0","0","0","0","0","0","0","0","0","ND","ND","ND","0",
"Número_de_muertes_por_lesiones_debidas_a_accidentes_de_tráfico",	13,"Hidalgo","2006","336","16","6","8","33","43","35","24","32","20","18","30","22","11","11","12","7","2","1","0","0","0","5","258","6","4","7","25","37","29","18","25","14","16","23","14","10","9","10","5","1","1","0","0","0","4","78","10","2","1","8","6","6","6","7","6","2","7","8","1","2","2","2","1","0","0","0","0","1","0","0","0","0","0","0","0","0","0","0","0","0","0","0","0","0","0","0","0","ND","ND","ND","0",
"Número_de_muertes_por_lesiones_debidas_a_accidentes_de_tráfico",	14,"Jalisco","2006","1,333","47","42","40","141","169","127","107","106","86","79","75","65","58","52","35","27","33","16","8","4","1","15","1,042","26","30","25","116","133","106","84","92","71","64","60","53","40","38","28","18","23","13","5","3","0","14","291","21","12","15","25","36","21","23","14","15","15","15","12","18","14","7","9","10","3","3","1","1","1","0","0","0","0","0","0","0","0","0","0","0","0","0","0","0","0","0","0","0","0","0","0","0",
"Número_de_muertes_por_lesiones_debidas_a_accidentes_de_tráfico",	15,"México","2006","1,782","53","48","57","165","234","205","169","138","127","105","106","83","73","60","55","52","29","12","5","2","0","4","1,384","30","34","39","126","193","175","147","111","101","79","83","62","51","42","39","38","19","7","3","2","0","3","397","23","14","18","39","41","30","22","26","26","26","23","21","22","18","16","14","10","5","2","0","0","1","1","0","0","0","0","0","0","0","1","0","0","0","0","0","0","0","0","0","0","0","0","ND","0",
"Número_de_muertes_por_lesiones_debidas_a_accidentes_de_tráfico",	16,"Michoacán_de_Ocampo","2006","378","22","12","18","47","38","48","28","21","17","15","19","15","18","10","15","16","14","3","1","0","0","1","299","14","5","15","41","33","38","23","19","13","12","15","14","15","7","9","12","11","1","1","0","0","1","79","8","7","3","6","5","10","5","2","4","3","4","1","3","3","6","4","3","2","0","0","0","0","0","0","0","0","0","0","0","0","0","0","0","0","0","0","0","0","0","0","0","0","ND","ND","0",
"Número_de_muertes_por_lesiones_debidas_a_accidentes_de_tráfico",	17,"Morelos","2006","162","8","4","5","15","18","15","14","14","7","7","8","9","9","5","7","2","10","0","0","1","0","4","126","6","4","3","11","13","13","11","11","6","6","7","6","7","4","7","1","6","0","0","1","0","3","36","2","0","2","4","5","2","3","3","1","1","1","3","2","1","0","1","4","0","0","0","0","1","0","0","0","0","0","0","0","0","0","0","0","0","0","0","0","0","0","0","ND","ND","0","ND","0",
"Número_de_muertes_por_lesiones_debidas_a_accidentes_de_tráfico",	18,"Nayarit","2006","246","6","5","8","19","34","27","22","15","20","19","21","14","9","10","4","3","7","1","0","1","0","1","208","4","5","7","16","26","26","18","12","16","18","18","11","8","9","4","2","5","1","0","1","0","1","38","2","0","1","3","8","1","4","3","4","1","3","3","1","1","0","1","2","0","0","0","0","0","0","0","0","0","0","0","0","0","0","0","0","0","0","0","0","0","0","0","0","ND","0","ND","0",
"Número_de_muertes_por_lesiones_debidas_a_accidentes_de_tráfico",	19,"Nuevo_León","2006","481","14","11","8","43","71","65","40","35","26","34","29","22","16","19","20","10","10","2","2","1","0","3","376","5","7","4","33","56","57","34","25","23","30","25","20","14","10","14","6","8","2","1","0","0","2","105","9","4","4","10","15","8","6","10","3","4","4","2","2","9","6","4","2","0","1","1","0","1","0","0","0","0","0","0","0","0","0","0","0","0","0","0","0","0","0","0","0","0","0","ND","0",
"Número_de_muertes_por_lesiones_debidas_a_accidentes_de_tráfico",	20,"Oaxaca","2006","339","11","7","13","24","31","41","27","31","27","22","17","16","7","21","18","11","7","1","1","2","0","4","263","7","6","11","23","21","33","20","25","24","18","11","14","6","17","12","5","4","0","1","1","0","4","76","4","1","2","1","10","8","7","6","3","4","6","2","1","4","6","6","3","1","0","1","0","0","0","0","0","0","0","0","0","0","0","0","0","0","0","0","0","0","0","0","0","0","0","ND","0",
"Número_de_muertes_por_lesiones_debidas_a_accidentes_de_tráfico",	21,"Puebla","2006","670","27","21","18","64","77","61","72","54","49","34","38","29","30","27","23","20","10","7","1","2","0","6","528","16","15","16","53","65","46","63","44","42","31","28","24","20","19","15","12","8","5","0","1","0","5","142","11","6","2","11","12","15","9","10","7","3","10","5","10","8","8","8","2","2","1","1","0","1","0","0","0","0","0","0","0","0","0","0","0","0","0","0","0","0","0","0","0","0","0","ND","0",
"Número_de_muertes_por_lesiones_debidas_a_accidentes_de_tráfico",	22,"Querétaro","2006","303","16","6","10","31","42","40","29","22","17","15","19","17","9","9","11","6","1","2","0","1","0","ND","237","7","3","5","22","36","31","28","17","15","13","14","15","8","8","8","5","1","1","0","0","0","ND","66","9","3","5","9","6","9","1","5","2","2","5","2","1","1","3","1","0","1","0","1","0","ND","0","0","0","0","0","0","0","0","0","0","0","0","0","0","0","0","0","0","0","ND","0","ND","ND",
"Número_de_muertes_por_lesiones_debidas_a_accidentes_de_tráfico",	23,"Quintana_Roo","2006","86","3","5","3","5","15","12","8","5","4","10","4","2","3","2","1","1","1","0","0","0","0","2","68","2","2","3","3","15","10","6","4","2","8","3","2","3","2","0","1","0","0","0","0","0","2","18","1","3","0","2","0","2","2","1","2","2","1","0","0","0","1","0","1","0","0","0","0","0","0","0","0","0","0","0","0","0","0","0","0","0","0","0","0","0","0","0","ND","ND","ND","ND","0",
"Número_de_muertes_por_lesiones_debidas_a_accidentes_de_tráfico",	24,"San_Luis_Potosí","2006","430","15","15","16","46","40","41","37","35","36","27","26","23","13","10","16","19","9","4","0","0","0","2","351","8","11","13","41","36","34","32","29","31","23","21","17","10","9","14","15","4","1","0","0","0","2","79","7","4","3","5","4","7","5","6","5","4","5","6","3","1","2","4","5","3","0","0","0","0","0","0","0","0","0","0","0","0","0","0","0","0","0","0","0","0","0","0","0","ND","ND","ND","0",
"Número_de_muertes_por_lesiones_debidas_a_accidentes_de_tráfico",	25,"Sinaloa","2006","503","15","9","16","51","48","59","54","52","34","36","37","26","15","20","9","10","4","7","0","0","0","1","396","6","6","12","38","36","51","50","40","28","30","32","19","13","13","7","7","3","5","0","0","0","0","107","9","3","4","13","12","8","4","12","6","6","5","7","2","7","2","3","1","2","0","0","0","1","0","0","0","0","0","0","0","0","0","0","0","0","0","0","0","0","0","0","0","ND","ND","ND","0",
"Número_de_muertes_por_lesiones_debidas_a_accidentes_de_tráfico",	26,"Sonora","2006","517","21","12","11","41","63","44","56","44","37","37","35","34","25","18","13","12","6","2","1","2","1","2","401","15","5","8","29","50","39","40","36","33","31","31","23","20","15","9","7","5","2","1","1","0","1","116","6","7","3","12","13","5","16","8","4","6","4","11","5","3","4","5","1","0","0","1","1","1","0","0","0","0","0","0","0","0","0","0","0","0","0","0","0","0","0","0","0","0","0","0","0",
"Número_de_muertes_por_lesiones_debidas_a_accidentes_de_tráfico",	27,"Tabasco","2006","376","12","9","18","56","43","36","35","24","32","23","21","15","15","15","8","4","3","1","0","0","0","6","290","6","3","9","40","29","26","32","18","29","21","18","13","13","15","6","3","3","0","0","0","0","6","86","6","6","9","16","14","10","3","6","3","2","3","2","2","0","2","1","0","1","0","0","0","0","0","0","0","0","0","0","0","0","0","0","0","0","0","0","0","0","0","0","0","ND","ND","ND","0",
"Número_de_muertes_por_lesiones_debidas_a_accidentes_de_tráfico",	28,"Tamaulipas","2006","564","15","12","15","62","70","58","60","42","39","33","41","20","17","22","19","17","11","0","1","0","0","10","446","7","7","9","47","64","50","53","38","32","28","30","13","15","13","11","13","7","0","1","0","0","8","118","8","5","6","15","6","8","7","4","7","5","11","7","2","9","8","4","4","0","0","0","0","2","0","0","0","0","0","0","0","0","0","0","0","0","0","0","0","0","0","0","ND","0","ND","ND","0",
"Número_de_muertes_por_lesiones_debidas_a_accidentes_de_tráfico",	29,"Tlaxcala","2006","175","9","9","4","21","20","22","14","15","12","12","7","5","11","2","3","5","2","0","1","0","0","1","127","5","3","2","16","15","19","10","14","9","5","5","5","9","1","1","4","2","0","1","0","0","1","48","4","6","2","5","5","3","4","1","3","7","2","0","2","1","2","1","0","0","0","0","0","0","0","0","0","0","0","0","0","0","0","0","0","0","0","0","0","0","0","0","ND","0","ND","ND","0",
"Número_de_muertes_por_lesiones_debidas_a_accidentes_de_tráfico",	30,"Veracruz_de_Ignacio_de_la_Llave","2006","594","13","11","20","35","65","52","50","53","50","48","36","46","24","21","22","17","13","5","2","0","0","11","477","11","7","13","27","55","45","43","43","46","37","28","37","16","16","17","9","10","5","2","0","0","10","117","2","4","7","8","10","7","7","10","4","11","8","9","8","5","5","8","3","0","0","0","0","1","0","0","0","0","0","0","0","0","0","0","0","0","0","0","0","0","0","0","0","0","ND","ND","0",
"Número_de_muertes_por_lesiones_debidas_a_accidentes_de_tráfico",	31,"Yucatán","2006","176","1","1","5","18","9","13","20","19","12","18","21","9","8","6","2","1","11","0","1","1","0","ND","148","1","0","3","15","9","13","16","16","11","17","18","5","6","6","2","1","9","0","0","0","0","ND","28","0","1","2","3","0","0","4","3","1","1","3","4","2","0","0","0","2","0","1","1","0","ND","0","0","0","0","0","0","0","0","0","0","0","0","0","0","0","0","0","0","ND","0","0","ND","ND",
"Número_de_muertes_por_lesiones_debidas_a_accidentes_de_tráfico",	32,"Zacatecas","2006","291","11","13","23","37","35","23","26","17","15","11","17","8","11","15","10","10","6","2","1","0","0","ND","236","10","3","19","33","32","20","23","14","11","9","13","6","7","14","8","7","4","2","1","0","0","ND","55","1","10","4","4","3","3","3","3","4","2","4","2","4","1","2","3","2","0","0","0","0","ND","0","0","0","0","0","0","0","0","0","0","0","0","0","0","0","0","0","0","0","0","ND","ND","ND",
"Número_de_muertes_por_lesiones_debidas_a_accidentes_de_tráfico",	00,"Estados_Unidos_Mexicanos","2005","13,388","459","338","426","1,294","1,559","1,424","1,205","1,095","973","830","734","608","529","496","411","347","278","126","69","21","4","162","10,507","265","210","283","994","1,316","1,193","1,032","914","808","672","575","472","380","376","298","233","197","84","50","15","3","137","2,875","193","128","143","300","243","231","173","180","165","158","159","136","149","120","113","114","81","42","19","6","1","21","6","1","0","0","0","0","0","0","1","0","0","0","0","0","0","0","0","0","0","0","0","0","4",
"Número_de_muertes_por_lesiones_debidas_a_accidentes_de_tráfico",	01,"Aguascalientes","2005","215","10","6","4","25","24","24","23","16","18","11","8","8","6","7","8","2","5","4","2","1","1","2","159","8","4","3","18","20","16","18","15","10","10","5","5","4","6","5","1","5","1","2","1","1","1","56","2","2","1","7","4","8","5","1","8","1","3","3","2","1","3","1","0","3","0","0","0","1","0","0","0","0","0","0","0","0","0","0","0","0","0","0","0","0","0","0","0","0","0","0","0",
"Número_de_muertes_por_lesiones_debidas_a_accidentes_de_tráfico",	02,"Baja_California","2005","156","3","6","1","16","14","25","14","11","14","11","8","3","4","2","4","4","4","1","0","1","0","10","125","3","4","0","14","12","18","11","10","10","8","6","2","2","2","4","4","3","1","0","1","0","10","31","0","2","1","2","2","7","3","1","4","3","2","1","2","0","0","0","1","0","0","0","0","0","0","0","0","0","0","0","0","0","0","0","0","0","0","0","0","0","0","0","0","ND","0","ND","0",
"Número_de_muertes_por_lesiones_debidas_a_accidentes_de_tráfico",	03,"Baja_California_Sur","2005","151","8","3","2","18","14","14","12","15","10","11","8","9","7","11","1","1","1","0","1","0","0","5","109","5","2","0","15","10","10","11","10","9","5","7","5","4","9","1","0","1","0","1","0","0","4","42","3","1","2","3","4","4","1","5","1","6","1","4","3","2","0","1","0","0","0","0","0","1","0","0","0","0","0","0","0","0","0","0","0","0","0","0","0","0","0","0","ND","0","ND","ND","0",
"Número_de_muertes_por_lesiones_debidas_a_accidentes_de_tráfico",	04,"Campeche","2005","68","0","1","4","0","8","9","9","8","8","6","1","1","5","2","2","2","1","1","0","0","0","ND","59","0","1","2","0","8","9","9","6","7","6","1","1","4","1","2","1","1","0","0","0","0","ND","9","0","0","2","0","0","0","0","2","1","0","0","0","1","1","0","1","0","1","0","0","0","ND","0","ND","0","0","ND","0","0","0","0","0","0","0","0","0","0","0","0","0","0","ND","ND","ND","ND",
"Número_de_muertes_por_lesiones_debidas_a_accidentes_de_tráfico",	05,"Coahuila_de_Zaragoza","2005","306","15","5","4","24","40","39","24","27","22","23","20","11","17","12","5","6","3","3","1","0","0","5","254","10","4","3","23","31","31","20","24","18","23","16","7","12","10","5","5","3","3","1","0","0","5","52","5","1","1","1","9","8","4","3","4","0","4","4","5","2","0","1","0","0","0","0","0","0","0","0","0","0","0","0","0","0","0","0","0","0","0","0","0","0","0","0","0","0","ND","ND","0",
"Número_de_muertes_por_lesiones_debidas_a_accidentes_de_tráfico",	06,"Colima","2005","99","3","2","1","9","12","12","15","8","12","7","5","1","1","3","3","2","2","0","0","0","0","1","82","1","1","1","8","10","9","13","5","11","7","3","1","1","3","3","2","2","0","0","0","0","1","17","2","1","0","1","2","3","2","3","1","0","2","0","0","0","0","0","0","0","0","0","0","0","0","0","0","0","0","0","0","0","0","0","0","0","0","0","0","0","0","0","ND","ND","ND","ND","0",
"Número_de_muertes_por_lesiones_debidas_a_accidentes_de_tráfico",	07,"Chiapas","2005","72","5","2","1","5","13","10","12","4","6","3","2","2","1","4","2","0","0","0","0","0","0","ND","59","4","2","1","4","9","9","11","2","6","3","1","2","1","4","0","0","0","0","0","0","0","ND","13","1","0","0","1","4","1","1","2","0","0","1","0","0","0","2","0","0","0","0","0","0","ND","0","0","0","0","0","0","0","0","0","0","0","0","0","0","0","0","ND","ND","ND","ND","ND","ND","ND",
"Número_de_muertes_por_lesiones_debidas_a_accidentes_de_tráfico",	08,"Chihuahua","2005","649","30","17","18","77","72","75","53","53","43","39","32","24","26","33","14","12","6","4","0","3","0","18","508","22","9","9","59","62","57","42","51","34","34","23","19","18","27","9","8","4","3","0","2","0","16","140","8","8","9","18","10","18","11","2","9","5","9","5","8","6","5","4","2","1","0","1","0","1","1","0","0","0","0","0","0","0","0","0","0","0","0","0","0","0","0","0","0","ND","0","ND","1",
"Número_de_muertes_por_lesiones_debidas_a_accidentes_de_tráfico",	09,"Ciudad_de_México","2005","1,073","21","17","28","102","125","108","109","91","69","69","60","54","35","41","36","38","44","14","12","0","0","ND","799","8","8","18","77","100","89","90","80","55","49","44","36","21","31","23","20","35","8","7","0","0","ND","274","13","9","10","25","25","19","19","11","14","20","16","18","14","10","13","18","9","6","5","0","0","ND","0","0","0","0","0","0","0","0","0","0","0","0","0","0","0","0","0","0","0","0","ND","ND","ND",
"Número_de_muertes_por_lesiones_debidas_a_accidentes_de_tráfico",	10,"Durango","2005","301","10","7","16","20","38","40","25","24","19","21","19","16","9","13","12","2","7","2","0","0","0","1","244","5","6","10","14","34","36","22","20","17","19","17","13","4","11","8","2","4","2","0","0","0","0","57","5","1","6","6","4","4","3","4","2","2","2","3","5","2","4","0","3","0","0","0","0","1","0","0","0","0","0","0","0","0","0","0","0","0","0","0","0","0","0","0","0","ND","ND","ND","0",
"Número_de_muertes_por_lesiones_debidas_a_accidentes_de_tráfico",	11,"Guanajuato","2005","854","30","25","39","101","96","72","71","54","50","60","47","38","33","29","27","32","25","10","7","0","1","7","684","23","16","30","80","82","57","62","48","47","45","33","31","24","24","23","26","17","6","3","0","0","7","170","7","9","9","21","14","15","9","6","3","15","14","7","9","5","4","6","8","4","4","0","1","0","0","0","0","0","0","0","0","0","0","0","0","0","0","0","0","0","0","0","0","0","ND","0","0",
"Número_de_muertes_por_lesiones_debidas_a_accidentes_de_tráfico",	12,"Guerrero","2005","168","4","7","5","25","20","11","8","13","7","7","12","9","9","7","6","5","8","1","3","0","0","1","128","2","4","5","19","19","10","7","10","5","3","12","7","6","4","3","3","5","1","2","0","0","1","40","2","3","0","6","1","1","1","3","2","4","0","2","3","3","3","2","3","0","1","0","0","0","0","0","0","0","0","0","0","0","0","0","0","0","0","0","0","0","0","0","0","0","ND","ND","0",
"Número_de_muertes_por_lesiones_debidas_a_accidentes_de_tráfico",	13,"Hidalgo","2005","349","9","16","12","31","43","39","33","23","31","29","16","6","14","14","15","6","4","1","1","0","0","6","281","6","11","9","27","39","33","26","18","26","24","13","5","11","10","9","6","4","0","1","0","0","3","67","3","5","3","4","4","6","7","5","5","5","3","1","3","4","6","0","0","1","0","0","0","2","1","0","0","0","0","0","0","0","0","0","0","0","0","0","0","0","0","0","0","0","ND","ND","1",
"Número_de_muertes_por_lesiones_debidas_a_accidentes_de_tráfico",	14,"Jalisco","2005","1,258","53","21","38","148","179","112","92","102","96","70","74","49","53","41","35","35","27","22","8","2","0","1","1,000","33","12","26","112","157","98","82","86","80","57","63","34","40","32","25","20","19","16","6","2","0","0","258","20","9","12","36","22","14","10","16","16","13","11","15","13","9","10","15","8","6","2","0","0","1","0","0","0","0","0","0","0","0","0","0","0","0","0","0","0","0","0","0","0","0","0","ND","0",
"Número_de_muertes_por_lesiones_debidas_a_accidentes_de_tráfico",	15,"México","2005","1,674","46","39","44","145","197","195","150","154","117","116","91","81","63","69","47","54","34","15","7","3","0","7","1,300","21","26","31","111","164","157","132","127","106","88","68","62","47","50","31","34","22","11","5","1","0","6","373","25","13","13","34","33","38","18","26","11","28","23","19","16","19","16","20","12","4","2","2","0","1","1","0","0","0","0","0","0","0","1","0","0","0","0","0","0","0","0","0","0","0","0","ND","0",
"Número_de_muertes_por_lesiones_debidas_a_accidentes_de_tráfico",	16,"Michoacán_de_Ocampo","2005","382","14","14","16","41","45","31","33","30","25","17","17","21","13","14","15","8","12","6","6","2","0","2","289","7","11","11","28","40","28","28","23","16","13","17","16","10","8","11","6","6","4","4","0","0","2","93","7","3","5","13","5","3","5","7","9","4","0","5","3","6","4","2","6","2","2","2","0","0","0","0","0","0","0","0","0","0","0","0","0","0","0","0","0","0","0","0","0","0","0","ND","0",
"Número_de_muertes_por_lesiones_debidas_a_accidentes_de_tráfico",	17,"Morelos","2005","135","3","3","4","15","14","14","9","8","8","7","7","9","6","7","4","7","3","3","1","0","0","3","102","3","1","2","13","12","10","8","5","7","6","5","8","3","4","4","4","1","2","1","0","0","3","33","0","2","2","2","2","4","1","3","1","1","2","1","3","3","0","3","2","1","0","0","0","0","0","0","0","0","0","0","0","0","0","0","0","0","0","0","0","0","0","0","0","0","ND","ND","0",
"Número_de_muertes_por_lesiones_debidas_a_accidentes_de_tráfico",	18,"Nayarit","2005","215","7","3","5","29","17","22","17","14","19","12","14","8","6","13","11","5","4","5","4","0","0","ND","175","4","2","2","27","15","20","17","13","15","12","10","7","5","10","7","3","2","1","3","0","0","ND","39","2","1","3","2","2","2","0","1","4","0","4","1","1","3","4","2","2","4","1","0","0","ND","1","1","0","0","0","0","0","0","0","0","0","0","0","0","0","0","0","0","0","0","ND","ND","ND",
"Número_de_muertes_por_lesiones_debidas_a_accidentes_de_tráfico",	19,"Nuevo_León","2005","488","18","15","13","42","54","43","33","46","47","29","32","22","18","13","15","11","8","3","0","1","0","25","362","7","8","7","29","43","36","30","33","31","22","25","17","13","11","10","9","5","3","0","0","0","23","126","11","7","6","13","11","7","3","13","16","7","7","5","5","2","5","2","3","0","0","1","0","2","0","0","0","0","0","0","0","0","0","0","0","0","0","0","0","0","0","0","0","ND","0","ND","0",
"Número_de_muertes_por_lesiones_debidas_a_accidentes_de_tráfico",	20,"Oaxaca","2005","312","6","13","19","16","32","34","30","19","22","23","18","15","11","9","14","11","10","0","1","2","0","7","244","4","8","9","11","27","26","26","17","18","21","16","13","8","7","12","6","7","0","1","2","0","5","68","2","5","10","5","5","8","4","2","4","2","2","2","3","2","2","5","3","0","0","0","0","2","0","0","0","0","0","0","0","0","0","0","0","0","0","0","0","0","0","0","ND","0","0","ND","0",
"Número_de_muertes_por_lesiones_debidas_a_accidentes_de_tráfico",	21,"Puebla","2005","690","19","19","24","58","81","70","65","54","51","50","36","39","29","30","21","10","9","9","7","0","1","8","543","10","10","16","47","73","61","57","45","39","42","24","34","21","21","13","8","5","4","5","0","1","7","147","9","9","8","11","8","9","8","9","12","8","12","5","8","9","8","2","4","5","2","0","0","1","0","0","0","0","0","0","0","0","0","0","0","0","0","0","0","0","0","0","0","0","ND","0","0",
"Número_de_muertes_por_lesiones_debidas_a_accidentes_de_tráfico",	22,"Querétaro","2005","325","9","8","13","37","44","51","32","17","22","21","15","11","12","9","9","6","6","1","0","0","0","2","262","7","5","9","28","39","40","26","16","20","18","12","10","7","8","6","4","5","1","0","0","0","1","62","2","3","4","9","5","11","6","1","2","3","3","1","5","1","3","2","1","0","0","0","0","0","1","0","0","0","0","0","0","0","0","0","0","0","0","0","0","0","0","0","0","ND","ND","ND","1",
"Número_de_muertes_por_lesiones_debidas_a_accidentes_de_tráfico",	23,"Quintana_Roo","2005","95","6","3","2","7","6","14","17","5","6","7","7","2","3","2","0","0","2","2","0","1","0","3","73","2","2","2","5","5","12","13","4","6","4","5","2","3","1","0","0","2","2","0","1","0","2","21","4","1","0","2","1","2","4","1","0","3","2","0","0","1","0","0","0","0","0","0","0","0","1","0","0","0","0","0","0","0","0","0","0","0","0","0","0","ND","ND","0","0","ND","0","ND","1",
"Número_de_muertes_por_lesiones_debidas_a_accidentes_de_tráfico",	24,"San_Luis_Potosí","2005","469","15","7","17","42","50","51","47","42","32","21","30","33","21","20","8","14","13","2","1","2","0","1","381","8","6","15","30","44","45","41","37","29","19","25","24","15","13","5","9","10","2","1","2","0","1","88","7","1","2","12","6","6","6","5","3","2","5","9","6","7","3","5","3","0","0","0","0","0","0","0","0","0","0","0","0","0","0","0","0","0","0","0","0","0","0","0","0","0","0","ND","0",
"Número_de_muertes_por_lesiones_debidas_a_accidentes_de_tráfico",	25,"Sinaloa","2005","407","25","10","12","35","44","54","35","30","27","31","26","20","18","9","14","7","4","3","0","1","0","2","308","17","5","8","23","34","45","32","23","18","24","20","15","12","8","11","5","3","3","0","1","0","1","99","8","5","4","12","10","9","3","7","9","7","6","5","6","1","3","2","1","0","0","0","0","1","0","0","0","0","0","0","0","0","0","0","0","0","0","0","0","0","0","0","0","ND","0","ND","0",
"Número_de_muertes_por_lesiones_debidas_a_accidentes_de_tráfico",	26,"Sonora","2005","468","14","16","12","51","52","50","39","31","39","24","22","24","25","20","18","11","3","1","1","0","1","14","379","9","13","6","34","41","44","36","28","32","20","17","23","21","14","16","8","1","1","1","0","1","13","89","5","3","6","17","11","6","3","3","7","4","5","1","4","6","2","3","2","0","0","0","0","1","0","0","0","0","0","0","0","0","0","0","0","0","0","0","0","0","0","0","0","0","ND","0","0",
"Número_de_muertes_por_lesiones_debidas_a_accidentes_de_tráfico",	27,"Tabasco","2005","276","9","5","6","22","37","34","27","20","27","17","24","14","9","5","6","2","5","1","1","0","0","5","231","6","3","3","16","31","31","26","18","22","14","16","12","8","5","6","2","5","1","1","0","0","5","45","3","2","3","6","6","3","1","2","5","3","8","2","1","0","0","0","0","0","0","0","0","0","0","0","0","0","0","0","0","0","0","0","0","0","0","0","0","0","0","0","0","0","ND","ND","0",
"Número_de_muertes_por_lesiones_debidas_a_accidentes_de_tráfico",	28,"Tamaulipas","2005","474","19","13","11","34","56","59","41","46","42","25","27","22","22","12","17","13","8","2","0","0","0","5","363","8","6","4","26","45","54","34","33","37","21","22","17","16","8","14","9","5","2","0","0","0","2","111","11","7","7","8","11","5","7","13","5","4","5","5","6","4","3","4","3","0","0","0","0","3","0","0","0","0","0","0","0","0","0","0","0","0","0","0","0","0","0","0","0","ND","ND","ND","0",
"Número_de_muertes_por_lesiones_debidas_a_accidentes_de_tráfico",	29,"Tlaxcala","2005","128","9","5","0","13","14","12","12","6","11","6","5","7","4","4","5","5","4","2","2","0","0","2","101","4","2","0","11","10","11","10","5","10","5","5","7","4","3","4","1","3","2","2","0","0","2","27","5","3","0","2","4","1","2","1","1","1","0","0","0","1","1","4","1","0","0","0","0","0","0","0","0","ND","0","0","0","0","0","0","0","0","0","0","0","0","0","0","0","0","ND","ND","0",
"Número_de_muertes_por_lesiones_debidas_a_accidentes_de_tráfico",	30,"Veracruz_de_Ignacio_de_la_Llave","2005","590","13","16","26","46","69","52","68","71","36","24","29","26","25","27","17","18","9","3","2","0","0","13","464","6","11","16","32","59","47","55","56","33","21","25","19","17","19","13","14","7","1","2","0","0","11","126","7","5","10","14","10","5","13","15","3","3","4","7","8","8","4","4","2","2","0","0","0","2","0","0","0","0","0","0","0","0","0","0","0","0","0","0","0","0","0","0","0","0","ND","ND","0",
"Número_de_muertes_por_lesiones_debidas_a_accidentes_de_tráfico",	31,"Yucatán","2005","170","6","3","2","11","17","15","17","13","15","10","10","7","10","7","6","10","3","3","1","0","0","4","145","3","3","2","10","13","14","14","12","15","9","9","7","9","5","5","7","2","2","1","0","0","3","25","3","0","0","1","4","1","3","1","0","1","1","0","1","2","1","3","1","1","0","0","0","1","0","0","0","0","0","0","0","0","0","0","0","0","0","0","0","0","0","0","0","0","ND","ND","0",
"Número_de_muertes_por_lesiones_debidas_a_accidentes_de_tráfico",	32,"Zacatecas","2005","371","20","11","27","49","32","33","33","40","22","23","12","16","14","7","14","8","4","2","0","2","0","2","294","9","4","23","43","28","30","23","34","19","20","10","11","9","7","10","6","3","1","0","2","0","2","77","11","7","4","6","4","3","10","6","3","3","2","5","5","0","4","2","1","1","0","0","0","0","0","0","0","0","0","0","0","0","0","0","0","0","0","0","0","0","0","0","0","ND","0","ND","0",
"Número_de_muertes_por_lesiones_debidas_a_accidentes_de_tráfico",	00,"Estados_Unidos_Mexicanos","2004","13,046","484","397","442","1,288","1,485","1,368","1,150","1,022","892","813","694","591","547","487","468","358","244","123","48","26","3","116","10,219","279","244","315","1,022","1,252","1,139","969","857","734","644","555","464","434","360","329","238","152","84","26","21","3","98","2,821","205","153","127","266","232","229","181","164","157","169","139","127","113","127","139","120","92","39","22","5","0","15","6","0","0","0","0","1","0","0","1","1","0","0","0","0","0","0","0","0","0","0","0","0","3",
"Número_de_muertes_por_lesiones_debidas_a_accidentes_de_tráfico",	01,"Aguascalientes","2004","206","11","7","10","28","29","18","14","11","11","15","8","11","6","6","13","3","1","1","1","0","0","2","166","6","4","9","26","23","12","14","11","8","13","7","10","4","2","12","2","1","1","1","0","0","0","39","5","3","1","2","6","6","0","0","3","2","1","1","2","4","1","1","0","0","0","0","0","1","1","0","0","0","0","0","0","0","0","0","0","0","0","0","0","0","0","0","0","0","ND","ND","1",
"Número_de_muertes_por_lesiones_debidas_a_accidentes_de_tráfico",	02,"Baja_California","2004","181","21","4","4","21","17","20","16","12","15","12","5","5","8","7","3","2","2","2","0","0","0","5","117","8","2","2","8","11","13","14","9","10","9","4","3","8","5","2","2","1","1","0","0","0","5","64","13","2","2","13","6","7","2","3","5","3","1","2","0","2","1","0","1","1","0","0","0","0","0","0","0","0","0","0","0","0","0","0","0","0","0","0","0","0","0","0","0","ND","ND","ND","0",
"Número_de_muertes_por_lesiones_debidas_a_accidentes_de_tráfico",	03,"Baja_California_Sur","2004","99","4","2","4","10","12","14","9","9","4","9","4","5","2","4","2","2","1","0","0","0","0","2","74","2","2","3","6","9","12","7","7","3","6","3","4","2","2","2","2","0","0","0","0","0","2","25","2","0","1","4","3","2","2","2","1","3","1","1","0","2","0","0","1","0","0","0","0","0","0","0","0","0","0","0","0","0","0","0","0","0","0","0","0","0","0","0","ND","ND","ND","ND","0",
"Número_de_muertes_por_lesiones_debidas_a_accidentes_de_tráfico",	04,"Campeche","2004","60","2","1","2","3","8","6","6","3","5","6","6","4","2","2","1","2","1","0","0","0","0","ND","49","1","1","1","2","6","5","5","2","4","6","6","4","2","2","1","1","0","0","0","0","0","ND","11","1","0","1","1","2","1","1","1","1","0","0","0","0","0","0","1","1","0","0","0","0","ND","0","0","0","0","0","0","0","0","0","0","0","0","0","0","0","0","0","0","ND","ND","ND","ND","ND",
"Número_de_muertes_por_lesiones_debidas_a_accidentes_de_tráfico",	05,"Coahuila_de_Zaragoza","2004","265","8","9","4","20","30","24","20","31","16","21","15","16","15","7","11","9","5","0","0","0","0","4","215","6","5","3","17","22","19","20","27","12","18","14","12","14","5","8","6","3","0","0","0","0","4","50","2","4","1","3","8","5","0","4","4","3","1","4","1","2","3","3","2","0","0","0","0","0","0","0","0","0","0","0","0","0","0","0","0","0","0","0","0","0","0","0","ND","ND","ND","ND","0",
"Número_de_muertes_por_lesiones_debidas_a_accidentes_de_tráfico",	06,"Colima","2004","87","5","6","0","5","12","7","6","9","5","6","6","5","1","1","4","2","3","2","0","0","0","2","69","4","3","0","4","10","7","5","6","4","6","6","3","0","1","4","0","3","2","0","0","0","1","18","1","3","0","1","2","0","1","3","1","0","0","2","1","0","0","2","0","0","0","0","0","1","0","0","0","ND","0","0","0","0","0","0","0","0","0","0","0","0","0","0","0","ND","ND","ND","0",
"Número_de_muertes_por_lesiones_debidas_a_accidentes_de_tráfico",	07,"Chiapas","2004","72","2","3","1","7","15","10","4","4","6","2","6","3","1","4","1","1","0","0","0","1","0","1","58","1","2","1","5","12","8","4","3","4","2","6","2","1","4","1","0","0","0","0","1","0","1","14","1","1","0","2","3","2","0","1","2","0","0","1","0","0","0","1","0","0","0","0","0","0","0","0","0","0","0","0","0","0","0","0","0","0","0","0","0","0","0","ND","ND","ND","0","ND","0",
"Número_de_muertes_por_lesiones_debidas_a_accidentes_de_tráfico",	08,"Chihuahua","2004","659","23","27","28","63","66","84","73","51","46","36","39","30","32","22","12","6","7","5","0","1","0","8","530","16","15","20","55","59","72","65","44","38","27","32","22","22","14","8","4","6","3","0","1","0","7","128","7","12","8","8","7","12","8","6","8","9","7","8","10","8","4","2","1","2","0","0","0","1","1","0","0","0","0","0","0","0","1","0","0","0","0","0","0","0","0","0","0","ND","0","ND","0",
"Número_de_muertes_por_lesiones_debidas_a_accidentes_de_tráfico",	09,"Ciudad_de_México","2004","998","17","12","30","86","127","95","89","67","61","52","61","51","34","51","48","49","37","20","5","0","2","4","726","10","6","23","66","103","81","79","59","48","34","42","30","21","33","25","29","14","16","2","0","2","3","272","7","6","7","20","24","14","10","8","13","18","19","21","13","18","23","20","23","4","3","0","0","1","0","0","0","0","0","0","0","0","0","0","0","0","0","0","0","0","0","0","0","0","ND","0","0",
"Número_de_muertes_por_lesiones_debidas_a_accidentes_de_tráfico",	10,"Durango","2004","260","10","6","13","23","38","24","21","34","21","8","14","15","8","5","8","7","2","0","1","0","0","2","212","8","3","9","21","32","19","18","27","20","7","10","10","5","5","6","7","2","0","1","0","0","2","48","2","3","4","2","6","5","3","7","1","1","4","5","3","0","2","0","0","0","0","0","0","0","0","0","0","0","0","0","0","0","0","0","0","0","0","0","0","0","0","0","ND","0","ND","ND","0",
"Número_de_muertes_por_lesiones_debidas_a_accidentes_de_tráfico",	11,"Guanajuato","2004","889","38","34","33","114","90","90","74","64","48","46","33","37","31","33","45","30","17","11","5","3","0","13","717","28","26","23","99","80","70","62","57","37","39","22","29","26","25","38","21","10","7","3","3","0","12","172","10","8","10","15","10","20","12","7","11","7","11","8","5","8","7","9","7","4","2","0","0","1","0","0","0","0","0","0","0","0","0","0","0","0","0","0","0","0","0","0","0","0","0","ND","0",
"Número_de_muertes_por_lesiones_debidas_a_accidentes_de_tráfico",	12,"Guerrero","2004","210","2","4","6","22","17","22","22","15","19","13","16","7","9","15","5","9","3","1","0","1","0","2","168","2","2","6","17","12","20","19","14","16","11","15","6","6","10","3","3","2","1","0","1","0","2","42","0","2","0","5","5","2","3","1","3","2","1","1","3","5","2","6","1","0","0","0","0","0","0","0","0","0","0","0","0","0","0","0","0","0","0","0","0","0","0","0","0","ND","0","ND","0",
"Número_de_muertes_por_lesiones_debidas_a_accidentes_de_tráfico",	13,"Hidalgo","2004","294","11","8","10","24","48","35","26","24","20","16","18","11","13","7","9","6","6","1","1","0","0","ND","231","6","3","5","21","42","28","21","15","18","15","14","10","13","6","5","3","5","1","0","0","0","ND","63","5","5","5","3","6","7","5","9","2","1","4","1","0","1","4","3","1","0","1","0","0","ND","0","0","0","0","0","0","0","0","0","0","0","0","0","0","0","0","0","0","0","0","ND","ND","ND",
"Número_de_muertes_por_lesiones_debidas_a_accidentes_de_tráfico",	14,"Jalisco","2004","1,187","50","41","50","145","146","118","101","85","70","66","51","44","59","32","39","34","26","14","10","2","0","4","927","29","20","36","117","131","96","83","71","59","54","41","34","49","23","28","21","16","9","6","1","0","3","259","21","21","14","28","14","22","18","14","11","12","10","10","10","9","11","13","10","5","4","1","0","1","1","0","0","0","0","1","0","0","0","0","0","0","0","0","0","0","0","0","0","0","0","ND","0",
"Número_de_muertes_por_lesiones_debidas_a_accidentes_de_tráfico",	15,"México","2004","1,721","58","50","70","181","192","208","150","130","117","107","98","69","67","65","65","41","27","13","8","2","0","3","1,328","31","36","46","139","162","177","121","105","94","81","78","58","57","48","42","26","14","7","2","2","0","2","392","27","14","24","42","30","31","29","25","22","26","20","11","10","17","23","15","13","6","6","0","0","1","1","0","0","0","0","0","0","0","0","1","0","0","0","0","0","0","0","0","0","0","0","ND","0",
"Número_de_muertes_por_lesiones_debidas_a_accidentes_de_tráfico",	16,"Michoacán_de_Ocampo","2004","539","25","31","22","56","55","43","37","29","34","38","25","26","22","21","25","17","13","10","3","5","0","2","409","12","22","18","41","48","35","29","27","27","29","20","21","11","14","18","14","8","9","2","3","0","1","130","13","9","4","15","7","8","8","2","7","9","5","5","11","7","7","3","5","1","1","2","0","1","0","0","0","0","0","0","0","0","0","0","0","0","0","0","0","0","0","0","0","0","0","ND","0",
"Número_de_muertes_por_lesiones_debidas_a_accidentes_de_tráfico",	17,"Morelos","2004","126","2","4","3","10","9","17","6","18","7","10","7","4","6","10","6","4","2","1","0","0","0","ND","94","1","2","2","8","7","12","5","16","7","9","5","3","4","8","2","2","0","1","0","0","0","ND","32","1","2","1","2","2","5","1","2","0","1","2","1","2","2","4","2","2","0","0","0","0","ND","0","0","0","0","0","0","0","0","0","0","0","0","0","0","0","0","0","0","0","ND","ND","ND","ND",
"Número_de_muertes_por_lesiones_debidas_a_accidentes_de_tráfico",	18,"Nayarit","2004","204","9","7","4","21","20","24","16","20","10","21","10","15","7","4","6","4","2","1","0","0","0","3","153","5","2","2","15","17","19","13","14","8","17","8","13","6","3","4","4","1","0","0","0","0","2","51","4","5","2","6","3","5","3","6","2","4","2","2","1","1","2","0","1","1","0","0","0","1","0","0","0","0","0","0","0","0","0","0","0","0","0","0","0","0","0","0","0","ND","ND","ND","0",
"Número_de_muertes_por_lesiones_debidas_a_accidentes_de_tráfico",	19,"Nuevo_León","2004","330","17","13","6","19","34","35","32","45","29","15","20","16","10","16","5","5","6","5","0","0","0","2","258","5","9","3","17","26","30","27","39","23","11","13","15","7","12","4","5","5","5","0","0","0","2","72","12","4","3","2","8","5","5","6","6","4","7","1","3","4","1","0","1","0","0","0","0","0","0","0","0","0","0","0","0","0","0","0","0","0","0","0","0","0","0","0","0","ND","ND","ND","0",
"Número_de_muertes_por_lesiones_debidas_a_accidentes_de_tráfico",	20,"Oaxaca","2004","238","8","10","14","18","25","26","14","17","16","13","22","10","12","6","12","5","2","4","1","0","1","2","181","4","8","8","16","23","21","11","13","11","8","17","6","9","6","10","2","1","3","1","0","1","2","57","4","2","6","2","2","5","3","4","5","5","5","4","3","0","2","3","1","1","0","0","0","0","0","0","0","0","0","0","0","0","0","0","0","0","0","0","0","0","0","0","0","0","ND","0","0",
"Número_de_muertes_por_lesiones_debidas_a_accidentes_de_tráfico",	21,"Puebla","2004","778","33","23","27","62","81","73","63","55","60","53","33","38","37","32","31","28","23","14","4","3","0","5","594","22","16","20","48","70","61","55","46","53","39","27","27","28","18","20","16","12","6","3","2","0","5","184","11","7","7","14","11","12","8","9","7","14","6","11","9","14","11","12","11","8","1","1","0","0","0","0","0","0","0","0","0","0","0","0","0","0","0","0","0","0","0","0","0","0","0","ND","0",
"Número_de_muertes_por_lesiones_debidas_a_accidentes_de_tráfico",	22,"Querétaro","2004","348","13","9","10","55","46","41","34","29","22","13","13","9","11","8","9","8","3","5","2","0","0","8","282","7","8","10","41","42","38","27","22","17","7","11","9","11","8","7","6","2","2","0","0","0","7","65","6","1","0","14","4","3","7","7","5","6","2","0","0","0","2","2","1","3","2","0","0","0","1","0","0","0","0","0","0","0","0","0","0","0","0","0","0","0","0","0","0","0","ND","ND","1",
"Número_de_muertes_por_lesiones_debidas_a_accidentes_de_tráfico",	23,"Quintana_Roo","2004","81","0","3","2","10","10","15","7","9","5","8","3","0","3","0","0","1","2","0","0","0","0","3","68","0","2","2","6","10","13","5","7","5","8","3","0","3","0","0","0","2","0","0","0","0","2","13","0","1","0","4","0","2","2","2","0","0","0","0","0","0","0","1","0","0","0","0","0","1","0","ND","0","0","0","0","0","0","0","0","0","0","ND","0","ND","ND","0","0","ND","ND","ND","ND","0",
"Número_de_muertes_por_lesiones_debidas_a_accidentes_de_tráfico",	24,"San_Luis_Potosí","2004","407","12","10","12","31","52","43","37","33","19","26","22","21","22","28","13","13","7","0","2","2","0","2","328","8","7","5","29","41","38","32","29","15","22","17","17","18","24","8","10","5","0","0","1","0","2","79","4","3","7","2","11","5","5","4","4","4","5","4","4","4","5","3","2","0","2","1","0","0","0","0","0","0","0","0","0","0","0","0","0","0","0","0","0","0","0","0","ND","0","0","ND","0",
"Número_de_muertes_por_lesiones_debidas_a_accidentes_de_tráfico",	25,"Sinaloa","2004","369","13","11","6","44","45","28","39","26","37","32","17","16","16","14","11","8","3","2","0","0","0","1","305","5","8","5","34","36","24","34","25","32","28","16","16","14","11","8","4","3","2","0","0","0","0","63","8","3","1","10","9","4","5","1","5","4","1","0","2","3","3","4","0","0","0","0","0","0","1","0","0","0","0","0","0","0","0","0","0","0","0","0","0","0","0","0","0","ND","ND","ND","1",
"Número_de_muertes_por_lesiones_debidas_a_accidentes_de_tráfico",	26,"Sonora","2004","426","20","8","13","35","58","33","42","23","26","35","28","26","23","21","13","7","5","1","0","2","0","7","339","12","3","7","30","50","27","35","17","21","25","26","23","15","17","13","5","3","1","0","2","0","7","87","8","5","6","5","8","6","7","6","5","10","2","3","8","4","0","2","2","0","0","0","0","0","0","0","0","0","0","0","0","0","0","0","0","0","0","0","0","0","0","0","0","ND","0","ND","0",
"Número_de_muertes_por_lesiones_debidas_a_accidentes_de_tráfico",	27,"Tabasco","2004","253","9","7","6","22","22","38","20","24","26","9","18","12","12","9","9","5","1","1","0","1","0","2","215","6","2","5","21","18","33","17","23","24","9","17","10","10","7","5","3","1","1","0","1","0","2","38","3","5","1","1","4","5","3","1","2","0","1","2","2","2","4","2","0","0","0","0","0","0","0","0","0","0","0","0","0","0","0","0","0","0","0","0","0","0","0","0","0","ND","0","ND","0",
"Número_de_muertes_por_lesiones_debidas_a_accidentes_de_tráfico",	28,"Tamaulipas","2004","478","17","10","14","36","42","57","44","36","43","34","29","31","25","14","14","9","6","4","1","0","0","12","377","10","4","9","26","35","48","36","29","34","27","23","25","21","11","12","8","6","3","1","0","0","9","101","7","6","5","10","7","9","8","7","9","7","6","6","4","3","2","1","0","1","0","0","0","3","0","0","0","0","0","0","0","0","0","0","0","0","0","0","0","0","0","0","0","0","ND","ND","0",
"Número_de_muertes_por_lesiones_debidas_a_accidentes_de_tráfico",	29,"Tlaxcala","2004","146","4","8","1","12","21","11","18","11","7","7","5","3","5","7","10","8","4","1","1","1","0","1","113","2","3","1","11","17","9","16","9","6","4","3","2","3","7","7","6","4","0","1","1","0","1","33","2","5","0","1","4","2","2","2","1","3","2","1","2","0","3","2","0","1","0","0","0","0","0","0","0","0","0","0","0","0","0","0","0","0","0","0","0","0","0","0","0","0","0","ND","0",
"Número_de_muertes_por_lesiones_debidas_a_accidentes_de_tráfico",	30,"Veracruz_de_Ignacio_de_la_Llave","2004","584","14","15","21","42","53","54","59","48","51","55","42","28","26","20","21","13","10","2","0","1","0","9","471","9","9","17","30","45","44","47","43","42","48","32","24","22","17","14","11","8","1","0","1","0","7","113","5","6","4","12","8","10","12","5","9","7","10","4","4","3","7","2","2","1","0","0","0","2","0","0","0","0","0","0","0","0","0","0","0","0","0","0","0","0","0","0","0","ND","0","ND","0",
"Número_de_muertes_por_lesiones_debidas_a_accidentes_de_tráfico",	31,"Yucatán","2004","185","6","6","4","15","20","14","13","17","14","13","11","9","10","7","7","6","10","1","1","0","0","1","155","2","3","3","10","17","12","13","16","13","11","9","7","10","7","5","5","9","1","1","0","0","1","30","4","3","1","5","3","2","0","1","1","2","2","2","0","0","2","1","1","0","0","0","0","0","0","0","0","0","0","0","0","0","0","0","0","0","0","0","0","0","0","0","0","0","ND","ND","0",
"Número_de_muertes_por_lesiones_debidas_a_accidentes_de_tráfico",	32,"Zacatecas","2004","366","20","8","12","48","45","41","38","33","22","16","9","14","12","9","10","14","7","1","2","1","0","4","290","11","6","11","36","36","36","30","25","21","14","8","9","12","5","7","10","5","1","2","1","0","4","76","9","2","1","12","9","5","8","8","1","2","1","5","0","4","3","4","2","0","0","0","0","0","0","0","0","0","0","0","0","0","0","0","0","0","0","0","0","0","0","0","0","0","0","ND","0",
"Número_de_muertes_por_lesiones_debidas_a_accidentes_de_tráfico",	00,"Estados_Unidos_Mexicanos","2003","12,965","492","434","487","1,239","1,501","1,387","1,179","1,025","828","762","674","586","510","485","444","359","263","114","41","16","6","133","10,110","279","278","339","987","1,233","1,168","1,004","843","701","605","517","448","386","339","316","247","186","79","27","8","5","115","2,843","212","156","148","252","266","217","175","180","127","156","157","138","124","146","127","112","77","35","14","8","1","15","12","1","0","0","0","2","2","0","2","0","1","0","0","0","0","1","0","0","0","0","0","0","3",
"Número_de_muertes_por_lesiones_debidas_a_accidentes_de_tráfico",	01,"Aguascalientes","2003","195","11","9","8","18","28","19","14","10","13","13","5","11","7","6","7","7","7","1","1","0","0","ND","147","8","7","3","17","23","16","12","6","11","10","3","9","5","2","3","7","4","1","0","0","0","ND","47","3","2","5","1","5","3","2","3","2","3","2","2","2","4","4","0","3","0","1","0","0","ND","1","0","0","0","0","0","0","0","1","0","0","0","0","0","0","0","0","0","0","0","ND","ND","ND",
"Número_de_muertes_por_lesiones_debidas_a_accidentes_de_tráfico",	02,"Baja_California","2003","157","7","6","9","20","17","10","16","16","10","9","10","2","8","5","2","2","3","0","0","0","0","5","123","4","4","8","15","13","10","12","14","6","9","6","1","7","3","1","2","3","0","0","0","0","5","34","3","2","1","5","4","0","4","2","4","0","4","1","1","2","1","0","0","0","0","0","0","0","0","0","0","0","0","0","0","0","0","0","0","0","0","0","0","0","0","0","ND","ND","ND","ND","0",
"Número_de_muertes_por_lesiones_debidas_a_accidentes_de_tráfico",	03,"Baja_California_Sur","2003","89","5","3","0","8","14","15","7","6","4","8","5","4","3","3","1","1","2","0","0","0","0","ND","74","3","2","0","8","12","15","4","4","3","8","4","4","1","3","0","1","2","0","0","0","0","ND","15","2","1","0","0","2","0","3","2","1","0","1","0","2","0","1","0","0","0","0","0","0","ND","0","0","0","ND","0","0","0","0","0","0","0","0","0","0","0","0","0","0","ND","ND","ND","ND","ND",
"Número_de_muertes_por_lesiones_debidas_a_accidentes_de_tráfico",	04,"Campeche","2003","99","2","1","4","5","11","11","14","10","8","6","9","4","3","2","3","1","3","1","0","0","0","1","81","1","0","2","5","11","10","9","7","8","4","7","4","3","1","3","1","3","1","0","0","0","1","18","1","1","2","0","0","1","5","3","0","2","2","0","0","1","0","0","0","0","0","0","0","0","0","0","0","0","0","0","0","0","0","0","0","0","0","0","0","0","0","0","0","ND","ND","ND","0",
"Número_de_muertes_por_lesiones_debidas_a_accidentes_de_tráfico",	05,"Coahuila_de_Zaragoza","2003","246","8","5","9","18","35","21","21","20","19","14","17","11","9","9","16","5","4","2","1","0","0","2","186","6","3","6","13","31","15","20","17","13","8","14","8","9","7","10","2","1","1","1","0","0","1","59","2","2","3","5","4","6","1","3","6","6","3","3","0","2","6","3","3","1","0","0","0","0","1","0","0","0","0","0","0","0","0","0","0","0","0","0","0","0","0","0","0","0","ND","ND","1",
"Número_de_muertes_por_lesiones_debidas_a_accidentes_de_tráfico",	06,"Colima","2003","93","3","1","5","8","16","14","9","6","6","3","1","3","3","3","6","3","2","0","0","0","0","1","75","2","0","4","8","14","9","7","6","5","2","0","2","2","3","5","3","2","0","0","0","0","1","18","1","1","1","0","2","5","2","0","1","1","1","1","1","0","1","0","0","0","0","0","0","0","0","0","0","0","0","0","0","0","0","0","0","0","0","0","0","0","0","0","ND","ND","ND","ND","0",
"Número_de_muertes_por_lesiones_debidas_a_accidentes_de_tráfico",	07,"Chiapas","2003","80","8","5","2","5","11","7","8","5","6","7","7","2","0","2","2","1","0","0","0","0","0","2","70","7","3","2","4","11","5","8","4","5","6","6","2","0","2","2","1","0","0","0","0","0","2","10","1","2","0","1","0","2","0","1","1","1","1","0","0","0","0","0","0","0","0","0","0","0","0","0","0","0","0","0","0","0","0","0","0","0","0","ND","0","0","0","ND","ND","ND","ND","ND","0",
"Número_de_muertes_por_lesiones_debidas_a_accidentes_de_tráfico",	08,"Chihuahua","2003","564","29","30","20","44","77","52","63","47","31","25","29","21","22","20","17","15","9","2","2","1","0","8","428","17","15","14","30","64","40","60","41","25","21","18","9","20","14","8","12","7","2","2","1","0","8","134","12","15","6","14","12","12","3","6","6","3","11","12","2","6","9","3","2","0","0","0","0","0","2","0","0","0","0","1","0","0","0","0","1","0","0","0","0","0","0","0","0","0","0","ND","0",
"Número_de_muertes_por_lesiones_debidas_a_accidentes_de_tráfico",	09,"Ciudad_de_México","2003","1,162","18","27","23","86","144","124","101","95","75","70","65","60","52","55","52","55","37","10","10","0","0","3","873","13","19","15","69","120","99","84","80","63","40","53","42","37","27","40","37","21","6","6","0","0","2","289","5","8","8","17","24","25","17","15","12","30","12","18","15","28","12","18","16","4","4","0","0","1","0","0","0","0","0","0","0","0","0","0","0","0","0","0","0","0","0","0","0","0","ND","ND","0",
"Número_de_muertes_por_lesiones_debidas_a_accidentes_de_tráfico",	10,"Durango","2003","238","6","5","10","42","29","17","20","16","22","14","10","10","10","9","9","6","1","2","0","0","0","ND","194","3","4","5","35","24","16","18","14","19","10","8","9","7","7","6","6","1","2","0","0","0","ND","43","3","1","5","7","5","1","2","2","3","4","2","1","3","2","2","0","0","0","0","0","0","ND","1","0","0","0","0","0","0","0","0","0","0","0","0","0","0","1","0","0","0","ND","ND","ND","ND",
"Número_de_muertes_por_lesiones_debidas_a_accidentes_de_tráfico",	11,"Guanajuato","2003","860","43","35","45","92","96","74","66","57","47","55","40","35","27","35","34","28","20","21","2","1","0","7","677","20","20","35","78","86","66","58","46","40","42","31","30","20","24","25","22","13","14","2","0","0","5","183","23","15","10","14","10","8","8","11","7","13","9","5","7","11","9","6","7","7","0","1","0","2","0","0","0","0","0","0","0","0","0","0","0","0","0","0","0","0","0","0","0","0","0","ND","0",
"Número_de_muertes_por_lesiones_debidas_a_accidentes_de_tráfico",	12,"Guerrero","2003","241","8","6","7","23","23","25","21","22","14","18","12","8","7","11","15","10","4","1","0","2","1","3","195","6","4","7","21","18","22","16","17","11","17","10","7","6","8","13","4","3","1","0","1","1","2","46","2","2","0","2","5","3","5","5","3","1","2","1","1","3","2","6","1","0","0","1","0","1","0","0","0","0","0","0","0","0","0","0","0","0","0","0","0","0","0","0","0","ND","0","0","0",
"Número_de_muertes_por_lesiones_debidas_a_accidentes_de_tráfico",	13,"Hidalgo","2003","273","10","13","12","26","46","28","26","23","17","12","17","9","13","5","6","2","7","0","0","0","0","1","209","5","8","9","21","35","22","20","17","15","11","12","7","9","5","5","1","6","0","0","0","0","1","64","5","5","3","5","11","6","6","6","2","1","5","2","4","0","1","1","1","0","0","0","0","0","0","0","0","0","0","0","0","0","0","0","0","0","0","0","0","0","0","0","ND","ND","ND","ND","0",
"Número_de_muertes_por_lesiones_debidas_a_accidentes_de_tráfico",	14,"Jalisco","2003","1,314","67","44","65","154","167","121","99","94","78","57","67","62","58","53","41","28","32","14","4","4","0","5","1,023","38","29","49","130","133","100","87","84","63","48","47","48","42","41","24","20","22","8","3","2","0","5","291","29","15","16","24","34","21","12","10","15","9","20","14","16","12","17","8","10","6","1","2","0","0","0","0","0","0","0","0","0","0","0","0","0","0","0","0","0","0","0","0","0","0","0","ND","0",
"Número_de_muertes_por_lesiones_debidas_a_accidentes_de_tráfico",	15,"México","2003","1,639","58","55","58","164","195","203","170","145","101","96","89","78","48","51","46","43","19","14","1","1","1","3","1,245","29","38","39","122","160","173","136","111","85","75","65","56","37","38","33","25","12","8","0","0","1","2","392","29","17","19","42","34","30","34","33","16","21","24","22","11","13","13","18","7","6","1","1","0","1","2","0","0","0","0","1","0","0","1","0","0","0","0","0","0","0","0","0","0","0","0","0","0",
"Número_de_muertes_por_lesiones_debidas_a_accidentes_de_tráfico",	16,"Michoacán_de_Ocampo","2003","514","24","20","28","64","53","57","41","26","23","31","22","19","22","13","19","23","13","5","5","1","2","3","407","14","13","23","56","45","51","30","21","20","25","16","13","15","11","13","19","9","3","5","0","2","3","107","10","7","5","8","8","6","11","5","3","6","6","6","7","2","6","4","4","2","0","1","0","0","0","0","0","0","0","0","0","0","0","0","0","0","0","0","0","0","0","0","0","0","0","0","0",
"Número_de_muertes_por_lesiones_debidas_a_accidentes_de_tráfico",	17,"Morelos","2003","126","5","5","4","8","10","7","5","11","12","8","12","5","4","6","5","3","5","3","2","2","0","4","98","3","4","2","5","7","7","5","11","10","6","10","4","2","4","1","1","5","3","2","2","0","4","28","2","1","2","3","3","0","0","0","2","2","2","1","2","2","4","2","0","0","0","0","0","0","0","0","0","0","0","0","0","0","0","0","0","0","0","0","0","0","0","0","0","0","0","ND","0",
"Número_de_muertes_por_lesiones_debidas_a_accidentes_de_tráfico",	18,"Nayarit","2003","210","11","3","7","23","20","24","14","20","16","13","15","14","3","6","11","4","2","1","1","1","0","1","165","6","2","4","20","16","21","8","16","14","12","11","11","3","4","9","3","2","1","1","1","0","0","45","5","1","3","3","4","3","6","4","2","1","4","3","0","2","2","1","0","0","0","0","0","1","0","0","0","0","0","0","0","0","0","0","0","0","0","0","0","0","0","0","0","0","0","ND","0",
"Número_de_muertes_por_lesiones_debidas_a_accidentes_de_tráfico",	19,"Nuevo_León","2003","367","13","11","17","17","34","43","30","36","23","28","13","12","10","26","15","13","13","1","0","1","0","11","285","8","6","9","15","28","37","30","28","20","22","13","10","6","16","9","8","11","1","0","0","0","8","80","5","5","8","2","6","5","0","8","3","6","0","2","4","10","6","5","2","0","0","1","0","2","2","0","0","0","0","0","1","0","0","0","0","0","0","0","0","0","0","0","0","ND","0","ND","1",
"Número_de_muertes_por_lesiones_debidas_a_accidentes_de_tráfico",	20,"Oaxaca","2003","295","11","14","14","30","28","26","29","22","31","16","13","11","15","13","7","5","4","1","0","0","0","5","229","5","11","7","23","24","20","23","20","25","15","9","7","12","9","7","4","3","0","0","0","0","5","66","6","3","7","7","4","6","6","2","6","1","4","4","3","4","0","1","1","1","0","0","0","0","0","0","0","0","0","0","0","0","0","0","0","0","0","0","0","0","0","0","0","ND","ND","ND","0",
"Número_de_muertes_por_lesiones_debidas_a_accidentes_de_tráfico",	21,"Puebla","2003","758","28","26","32","60","73","98","75","49","40","44","39","43","32","33","29","19","19","8","2","0","1","8","610","20","16","25","48","63","83","69","45","37","34","28","33","20","22","23","15","14","6","1","0","1","7","147","7","10","7","12","10","15","6","4","3","10","11","10","12","11","6","4","5","2","1","0","0","1","1","1","0","0","0","0","0","0","0","0","0","0","0","0","0","0","0","0","0","0","ND","0","0",
"Número_de_muertes_por_lesiones_debidas_a_accidentes_de_tráfico",	22,"Querétaro","2003","297","9","7","6","37","44","35","28","23","21","13","19","11","7","9","7","3","8","2","1","0","0","7","245","5","7","4","29","35","31","24","20","19","11","16","7","7","8","6","2","6","1","0","0","0","7","52","4","0","2","8","9","4","4","3","2","2","3","4","0","1","1","1","2","1","1","0","0","0","0","0","0","0","0","0","0","0","0","0","0","0","0","0","0","0","0","0","0","0","ND","ND","0",
"Número_de_muertes_por_lesiones_debidas_a_accidentes_de_tráfico",	23,"Quintana_Roo","2003","91","4","1","1","7","11","15","8","8","8","8","5","1","0","3","0","1","1","0","0","0","0","9","71","1","0","0","7","7","12","8","7","7","7","3","1","0","2","0","1","0","0","0","0","0","8","20","3","1","1","0","4","3","0","1","1","1","2","0","0","1","0","0","1","0","0","0","0","1","0","0","0","0","0","0","0","0","0","0","0","0","0","ND","0","ND","0","0","ND","ND","ND","ND","0",
"Número_de_muertes_por_lesiones_debidas_a_accidentes_de_tráfico",	24,"San_Luis_Potosí","2003","435","13","22","12","34","49","53","39","30","31","22","17","22","25","20","15","15","5","5","4","1","0","1","330","5","12","8","28","41","47","30","22","28","14","14","17","24","13","9","10","3","3","2","0","0","0","104","8","10","4","6","8","6","9","8","3","8","3","5","1","7","6","5","2","2","2","1","0","0","1","0","0","0","0","0","0","0","0","0","0","0","0","0","0","0","0","0","0","0","0","ND","1",
"Número_de_muertes_por_lesiones_debidas_a_accidentes_de_tráfico",	25,"Sinaloa","2003","343","17","9","9","39","33","40","33","30","16","19","16","24","16","15","11","9","3","1","0","0","0","3","279","10","5","7","28","27","38","29","25","13","15","14","22","13","11","10","6","3","1","0","0","0","2","64","7","4","2","11","6","2","4","5","3","4","2","2","3","4","1","3","0","0","0","0","0","1","0","0","0","0","0","0","0","0","0","0","0","0","0","0","0","0","0","0","0","ND","ND","ND","0",
"Número_de_muertes_por_lesiones_debidas_a_accidentes_de_tráfico",	26,"Sonora","2003","332","20","10","7","27","43","38","30","23","20","27","16","20","11","12","8","7","6","0","0","0","0","7","254","10","5","5","19","27","32","25","18","17","26","15","15","8","10","7","4","4","0","0","0","0","7","78","10","5","2","8","16","6","5","5","3","1","1","5","3","2","1","3","2","0","0","0","0","0","0","0","0","0","0","0","0","0","0","0","0","0","0","0","0","0","0","0","ND","ND","ND","ND","0",
"Número_de_muertes_por_lesiones_debidas_a_accidentes_de_tráfico",	27,"Tabasco","2003","229","5","11","9","16","20","28","27","21","21","19","9","14","10","5","7","4","2","0","0","0","0","1","198","3","9","7","16","16","23","26","18","20","14","9","13","9","3","6","3","2","0","0","0","0","1","31","2","2","2","0","4","5","1","3","1","5","0","1","1","2","1","1","0","0","0","0","0","0","0","0","0","0","0","0","0","0","0","0","0","0","0","0","0","0","0","0","ND","ND","ND","ND","0",
"Número_de_muertes_por_lesiones_debidas_a_accidentes_de_tráfico",	28,"Tamaulipas","2003","443","12","10","16","40","39","46","53","44","26","35","21","14","26","13","16","6","9","1","0","1","1","14","356","9","6","12","32","29","39","47","36","22","30","18","10","20","10","12","4","7","1","0","1","0","11","87","3","4","4","8","10","7","6","8","4","5","3","4","6","3","4","2","2","0","0","0","1","3","0","0","0","0","0","0","0","0","0","0","0","0","0","0","0","0","0","0","0","ND","0","0","0",
"Número_de_muertes_por_lesiones_debidas_a_accidentes_de_tráfico",	29,"Tlaxcala","2003","157","5","6","5","22","25","14","11","13","11","9","4","5","6","2","7","4","1","1","2","0","0","4","124","2","5","1","17","20","10","10","12","11","9","3","4","3","2","6","3","0","1","1","0","0","4","33","3","1","4","5","5","4","1","1","0","0","1","1","3","0","1","1","1","0","1","0","0","0","0","0","0","0","0","0","0","0","0","0","0","0","0","0","0","0","0","0","0","0","ND","ND","0",
"Número_de_muertes_por_lesiones_debidas_a_accidentes_de_tráfico",	30,"Veracruz_de_Ignacio_de_la_Llave","2003","562","11","13","18","47","55","55","45","56","44","37","33","32","31","18","12","21","12","10","1","0","0","11","445","7","8","13","34","45","45","40","46","38","34","23","27","24","16","6","12","8","9","0","0","0","10","117","4","5","5","13","10","10","5","10","6","3","10","5","7","2","6","9","4","1","1","0","0","1","0","0","0","0","0","0","0","0","0","0","0","0","0","0","0","0","0","0","0","0","ND","ND","0",
"Número_de_muertes_por_lesiones_debidas_a_accidentes_de_tráfico",	31,"Yucatán","2003","178","6","3","10","13","8","23","23","12","11","10","15","5","9","7","8","5","5","4","1","0","0","ND","142","1","2","6","9","7","19","20","11","11","8","13","5","7","5","7","3","4","3","1","0","0","ND","36","5","1","4","4","1","4","3","1","0","2","2","0","2","2","1","2","1","1","0","0","0","ND","0","0","0","0","0","0","0","0","0","0","0","0","0","0","0","0","0","0","0","0","ND","ND","ND",
"Número_de_muertes_por_lesiones_debidas_a_accidentes_de_tráfico",	32,"Zacatecas","2003","378","15","18","15","42","47","44","33","29","23","16","22","14","13","15","10","10","5","3","1","0","0","3","272","8","11","8","25","41","35","29","19","17","12","18","11","8","8","7","5","5","2","0","0","0","3","105","7","7","7","17","6","8","4","10","6","4","4","3","5","7","3","5","0","1","1","0","0","0","1","0","0","0","0","0","1","0","0","0","0","0","0","0","0","0","0","0","0","0","ND","ND","0",
"Número_de_muertes_por_lesiones_debidas_a_accidentes_de_tráfico",	00,"Estados_Unidos_Mexicanos","2002","12,694","559","413","500","1,267","1,468","1,294","1,119","953","881","723","645","562","497","475","434","324","249","106","54","15","6","150","9,872","325","268","364","996","1,205","1,083","928","795","720","583","500","429","367","350","320","229","167","68","39","8","4","124","2,809","233","144","136","269","263","210","189","157","161","140","145","133","130","125","113","95","82","38","15","6","2","23","13","1","1","0","2","0","1","2","1","0","0","0","0","0","0","1","0","0","0","0","1","0","3",
"Número_de_muertes_por_lesiones_debidas_a_accidentes_de_tráfico",	01,"Aguascalientes","2002","165","12","6","8","14","13","20","11","13","11","12","4","4","10","6","7","6","1","1","2","1","0","3","129","5","5","6","12","11","17","7","9","9","11","2","4","9","6","4","5","1","1","1","1","0","3","36","7","1","2","2","2","3","4","4","2","1","2","0","1","0","3","1","0","0","1","0","0","0","0","0","0","0","0","0","0","0","0","0","0","0","0","0","0","0","0","0","0","0","0","ND","0",
"Número_de_muertes_por_lesiones_debidas_a_accidentes_de_tráfico",	02,"Baja_California","2002","185","8","4","6","12","24","20","17","17","9","11","12","3","9","4","6","2","4","0","0","0","0","17","149","6","2","4","10","18","17","15","13","8","9","10","2","5","4","6","2","2","0","0","0","0","16","36","2","2","2","2","6","3","2","4","1","2","2","1","4","0","0","0","2","0","0","0","0","1","0","0","0","0","0","0","0","0","0","0","0","0","0","0","0","0","0","0","ND","ND","ND","ND","0",
"Número_de_muertes_por_lesiones_debidas_a_accidentes_de_tráfico",	03,"Baja_California_Sur","2002","93","8","5","3","10","11","8","12","9","5","5","4","5","4","1","2","0","0","1","0","0","0","ND","70","4","3","2","8","7","6","11","5","5","5","4","4","4","0","1","0","0","1","0","0","0","ND","23","4","2","1","2","4","2","1","4","0","0","0","1","0","1","1","0","0","0","0","0","0","ND","0","0","0","0","0","0","0","0","0","0","0","0","0","0","0","0","ND","ND","0","ND","ND","ND","ND",
"Número_de_muertes_por_lesiones_debidas_a_accidentes_de_tráfico",	04,"Campeche","2002","76","1","2","3","3","9","8","13","7","5","5","3","4","6","3","1","2","1","0","0","0","0","ND","64","1","2","3","3","6","5","12","7","5","3","2","4","5","2","1","2","1","0","0","0","0","ND","12","0","0","0","0","3","3","1","0","0","2","1","0","1","1","0","0","0","0","0","0","0","ND","0","0","0","0","0","0","0","0","0","0","0","0","0","0","0","0","0","0","ND","ND","ND","ND","ND",
"Número_de_muertes_por_lesiones_debidas_a_accidentes_de_tráfico",	05,"Coahuila_de_Zaragoza","2002","277","12","11","6","29","26","35","30","24","20","14","21","8","12","9","7","7","3","1","0","0","0","2","212","9","7","4","20","21","30","24","20","13","12","20","5","8","5","5","5","2","0","0","0","0","2","65","3","4","2","9","5","5","6","4","7","2","1","3","4","4","2","2","1","1","0","0","0","0","0","0","0","0","0","0","0","0","0","0","0","0","0","0","0","0","0","0","0","ND","ND","ND","0",
"Número_de_muertes_por_lesiones_debidas_a_accidentes_de_tráfico",	06,"Colima","2002","94","3","4","6","15","12","6","4","5","8","7","1","4","6","3","2","5","2","0","0","0","0","1","74","2","2","3","13","9","5","4","4","8","5","0","4","6","2","0","5","1","0","0","0","0","1","20","1","2","3","2","3","1","0","1","0","2","1","0","0","1","2","0","1","0","0","0","0","0","0","0","0","0","0","0","0","0","0","0","0","0","0","0","0","0","0","0","ND","ND","ND","ND","0",
"Número_de_muertes_por_lesiones_debidas_a_accidentes_de_tráfico",	07,"Chiapas","2002","65","1","3","2","4","9","9","4","8","2","3","4","3","4","3","2","1","0","0","0","0","0","3","55","1","3","0","2","8","9","4","7","2","2","3","3","4","2","2","1","0","0","0","0","0","2","10","0","0","2","2","1","0","0","1","0","1","1","0","0","1","0","0","0","0","0","0","0","1","0","0","0","0","0","0","0","0","0","0","0","0","0","0","0","0","0","ND","ND","ND","ND","ND","0",
"Número_de_muertes_por_lesiones_debidas_a_accidentes_de_tráfico",	08,"Chihuahua","2002","478","12","16","20","50","69","47","37","52","27","23","23","25","16","10","14","12","7","4","1","0","0","13","363","9","8","14","38","54","42","33","39","22","17","18","18","12","9","7","8","5","2","0","0","0","8","113","3","8","6","11","15","5","4","13","5","6","5","7","4","1","7","4","2","2","1","0","0","4","2","0","0","0","1","0","0","0","0","0","0","0","0","0","0","0","0","0","0","0","ND","ND","1",
"Número_de_muertes_por_lesiones_debidas_a_accidentes_de_tráfico",	09,"Ciudad_de_México","2002","1,118","29","19","28","90","152","139","79","66","84","56","57","50","40","56","52","49","41","20","8","2","1","ND","827","19","11","18","66","127","116","65","55","69","38","38","30","27","35","35","29","27","15","6","1","0","ND","291","10","8","10","24","25","23","14","11","15","18","19","20","13","21","17","20","14","5","2","1","1","ND","0","0","0","0","0","0","0","0","0","0","0","0","0","0","0","0","0","0","0","0","0","0","ND",
"Número_de_muertes_por_lesiones_debidas_a_accidentes_de_tráfico",	10,"Durango","2002","195","12","6","9","21","26","22","21","9","12","9","8","6","9","7","9","4","2","1","0","0","0","2","151","6","4","6","16","20","16","20","8","11","6","7","5","6","6","7","2","2","1","0","0","0","2","44","6","2","3","5","6","6","1","1","1","3","1","1","3","1","2","2","0","0","0","0","0","0","0","0","0","0","0","0","0","0","0","0","0","0","0","0","0","0","0","0","0","ND","ND","ND","0",
"Número_de_muertes_por_lesiones_debidas_a_accidentes_de_tráfico",	11,"Guanajuato","2002","937","61","27","52","109","100","92","76","73","59","43","34","41","31","27","39","23","19","11","6","2","0","12","754","42","20","44","87","86","77","63","63","42","37","24","36","27","25","30","17","10","9","6","0","0","9","183","19","7","8","22","14","15","13","10","17","6","10","5","4","2","9","6","9","2","0","2","0","3","0","0","0","0","0","0","0","0","0","0","0","0","0","0","0","0","0","0","0","0","0","ND","0",
"Número_de_muertes_por_lesiones_debidas_a_accidentes_de_tráfico",	12,"Guerrero","2002","249","14","15","10","25","25","24","23","15","14","9","13","20","9","10","10","4","5","0","1","0","0","3","172","7","9","7","18","19","16","13","15","10","6","9","14","5","4","9","4","3","0","1","0","0","3","77","7","6","3","7","6","8","10","0","4","3","4","6","4","6","1","0","2","0","0","0","0","0","0","0","0","0","0","0","0","0","0","0","0","0","0","0","0","0","0","0","ND","0","ND","ND","0",
"Número_de_muertes_por_lesiones_debidas_a_accidentes_de_tráfico",	13,"Hidalgo","2002","253","10","5","10","31","30","29","21","13","18","20","12","13","8","11","5","9","2","1","2","0","1","2","204","5","4","9","22","27","25","16","13","15","19","7","9","5","9","3","9","2","1","1","0","1","2","49","5","1","1","9","3","4","5","0","3","1","5","4","3","2","2","0","0","0","1","0","0","0","0","0","0","0","0","0","0","0","0","0","0","0","0","0","0","0","0","0","0","0","ND","0","0",
"Número_de_muertes_por_lesiones_debidas_a_accidentes_de_tráfico",	14,"Jalisco","2002","1,205","55","53","55","138","156","99","88","76","80","60","70","46","48","46","44","32","31","9","9","1","1","8","927","28","31","36","108","130","88","73","63","60","51","59","38","31","34","31","23","21","7","6","1","1","7","277","27","21","19","30","26","11","15","13","20","9","11","8","17","12","13","9","10","2","3","0","0","1","1","0","1","0","0","0","0","0","0","0","0","0","0","0","0","0","0","0","0","0","0","0","0",
"Número_de_muertes_por_lesiones_debidas_a_accidentes_de_tráfico",	15,"México","2002","1,603","74","50","53","156","195","158","155","115","105","108","96","69","63","63","43","44","33","15","3","0","0","5","1,206","42","34","37","127","162","130","119","97","87","77","69","53","44","40","26","29","19","7","3","0","0","4","396","32","16","16","29","33","27","36","18","18","31","27","16","19","23","17","15","14","8","0","0","0","1","1","0","0","0","0","0","1","0","0","0","0","0","0","0","0","0","0","0","0","0","ND","ND","0",
"Número_de_muertes_por_lesiones_debidas_a_accidentes_de_tráfico",	16,"Michoacán_de_Ocampo","2002","499","25","18","23","67","59","40","42","31","37","22","22","7","26","18","16","16","13","3","6","3","1","4","390","14","14","17","57","48","38","35","28","28","18","17","7","14","12","11","11","10","1","4","2","0","4","109","11","4","6","10","11","2","7","3","9","4","5","0","12","6","5","5","3","2","2","1","1","0","0","0","0","0","0","0","0","0","0","0","0","0","0","0","0","0","0","0","0","0","0","0","0",
"Número_de_muertes_por_lesiones_debidas_a_accidentes_de_tráfico",	17,"Morelos","2002","120","4","5","3","6","9","13","9","7","11","8","10","7","3","9","2","4","4","2","0","0","0","4","95","3","4","2","4","5","13","9","4","9","5","9","6","3","7","2","2","3","2","0","0","0","3","24","1","1","1","2","4","0","0","3","2","3","1","1","0","2","0","2","1","0","0","0","0","0","1","0","0","0","0","0","0","0","0","0","0","0","0","0","0","0","0","0","0","ND","ND","ND","1",
"Número_de_muertes_por_lesiones_debidas_a_accidentes_de_tráfico",	18,"Nayarit","2002","224","9","3","10","31","17","27","23","15","13","21","10","6","8","8","7","6","3","4","0","0","0","3","189","8","1","8","29","12","23","21","13","13","16","8","4","7","6","6","6","1","4","0","0","0","3","35","1","2","2","2","5","4","2","2","0","5","2","2","1","2","1","0","2","0","0","0","0","0","0","0","0","0","0","0","0","0","0","0","0","0","0","0","0","0","0","0","0","ND","ND","ND","0",
"Número_de_muertes_por_lesiones_debidas_a_accidentes_de_tráfico",	19,"Nuevo_León","2002","256","5","10","13","16","26","28","19","27","22","13","16","15","12","12","7","4","2","0","0","0","0","9","188","1","4","7","11","22","23","15","24","16","10","14","8","6","11","6","2","2","0","0","0","0","6","68","4","6","6","5","4","5","4","3","6","3","2","7","6","1","1","2","0","0","0","0","0","3","0","0","0","0","0","0","0","0","0","0","0","0","0","0","0","0","0","0","ND","ND","ND","ND","0",
"Número_de_muertes_por_lesiones_debidas_a_accidentes_de_tráfico",	20,"Oaxaca","2002","265","10","9","12","29","32","25","17","21","18","17","10","14","12","10","10","9","3","2","1","1","0","3","199","4","7","9","21","26","21","15","17","17","13","6","9","10","7","6","6","2","1","0","0","0","2","65","6","2","3","8","6","4","2","4","1","4","4","5","2","3","4","3","1","1","1","0","0","1","1","0","0","0","0","0","0","0","0","0","0","0","0","0","0","0","0","0","0","0","1","ND","0",
"Número_de_muertes_por_lesiones_debidas_a_accidentes_de_tráfico",	21,"Puebla","2002","741","37","27","28","82","69","63","64","48","58","34","33","42","33","36","33","12","17","4","5","1","1","14","577","15","19","23","65","54","50","57","43","47","29","21","36","28","29","25","8","8","2","4","1","1","12","163","22","8","5","17","15","13","7","5","11","5","12","6","5","7","8","4","9","2","1","0","0","1","1","0","0","0","0","0","0","0","0","0","0","0","0","0","0","0","0","0","0","0","0","0","1",
"Número_de_muertes_por_lesiones_debidas_a_accidentes_de_tráfico",	22,"Querétaro","2002","319","11","12","11","40","37","41","21","21","23","16","18","19","13","8","9","4","7","3","0","0","0","5","245","8","5","7","32","34","29","17","15","22","14","15","14","9","7","5","1","5","1","0","0","0","5","73","3","7","4","8","3","12","4","6","1","2","3","5","4","1","3","3","2","2","0","0","0","0","1","0","0","0","0","0","0","0","0","0","0","0","0","0","0","1","0","0","0","ND","ND","ND","0",
"Número_de_muertes_por_lesiones_debidas_a_accidentes_de_tráfico",	23,"Quintana_Roo","2002","75","1","2","1","8","8","12","8","7","8","5","5","2","2","3","2","1","0","0","0","0","0","ND","63","0","2","1","7","5","11","8","7","6","3","4","2","2","2","2","1","0","0","0","0","0","ND","12","1","0","0","1","3","1","0","0","2","2","1","0","0","1","0","0","0","0","0","0","0","ND","0","0","0","0","0","0","0","0","0","0","0","0","0","0","0","0","0","ND","ND","ND","ND","ND","ND",
"Número_de_muertes_por_lesiones_debidas_a_accidentes_de_tráfico",	24,"San_Luis_Potosí","2002","425","21","13","23","47","49","39","33","37","21","23","22","25","5","20","18","12","10","3","1","1","0","2","345","14","8","18","36","44","37","23","31","18","18","20","19","4","16","16","9","9","2","0","1","0","2","78","6","5","5","10","5","2","10","6","3","5","2","6","1","4","2","3","1","1","1","0","0","0","2","1","0","0","1","0","0","0","0","0","0","0","0","0","0","0","0","0","0","0","0","ND","0",
"Número_de_muertes_por_lesiones_debidas_a_accidentes_de_tráfico",	25,"Sinaloa","2002","373","23","13","8","40","43","27","46","28","28","21","17","19","13","17","12","8","3","4","0","1","0","2","307","14","7","6","31","41","23","40","21","23","18","15","16","10","14","12","7","3","4","0","0","0","2","66","9","6","2","9","2","4","6","7","5","3","2","3","3","3","0","1","0","0","0","1","0","0","0","0","0","0","0","0","0","0","0","0","0","0","0","0","0","0","0","0","0","ND","0","ND","0",
"Número_de_muertes_por_lesiones_debidas_a_accidentes_de_tráfico",	26,"Sonora","2002","371","23","15","14","35","42","45","30","26","32","20","13","18","19","14","11","7","3","1","0","1","0","2","291","11","13","12","28","30","29","27","22","28","19","12","15","15","11","9","5","2","0","0","1","0","2","80","12","2","2","7","12","16","3","4","4","1","1","3","4","3","2","2","1","1","0","0","0","0","0","0","0","0","0","0","0","0","0","0","0","0","0","0","0","0","0","0","0","ND","0","ND","0",
"Número_de_muertes_por_lesiones_debidas_a_accidentes_de_tráfico",	27,"Tabasco","2002","250","6","16","9","16","27","30","28","21","27","21","13","10","3","6","8","3","1","1","0","0","1","3","206","4","9","7","12","24","26","22","19","22","17","11","9","3","5","8","3","1","1","0","0","1","2","43","2","7","2","4","3","4","5","2","5","4","2","1","0","1","0","0","0","0","0","0","0","1","1","0","0","0","0","0","0","1","0","0","0","0","0","0","0","0","0","0","0","ND","ND","0","0",
"Número_de_muertes_por_lesiones_debidas_a_accidentes_de_tráfico",	28,"Tamaulipas","2002","458","32","12","14","32","48","49","65","37","36","25","20","22","21","13","11","6","5","3","2","0","0","5","347","15","9","7","23","41","40","52","31","30","22","19","14","15","7","7","4","4","1","2","0","0","4","111","17","3","7","9","7","9","13","6","6","3","1","8","6","6","4","2","1","2","0","0","0","1","0","0","0","0","0","0","0","0","0","0","0","0","0","0","0","0","0","0","0","0","ND","ND","0",
"Número_de_muertes_por_lesiones_debidas_a_accidentes_de_tráfico",	29,"Tlaxcala","2002","168","1","6","8","17","25","16","13","13","15","7","11","6","9","7","4","4","1","1","0","0","0","4","133","1","3","6","14","22","13","9","11","12","6","7","5","8","6","4","2","1","0","0","0","0","3","35","0","3","2","3","3","3","4","2","3","1","4","1","1","1","0","2","0","1","0","0","0","1","0","0","0","0","0","0","0","0","0","0","0","0","0","0","0","0","0","0","0","ND","ND","ND","0",
"Número_de_muertes_por_lesiones_debidas_a_accidentes_de_tráfico",	30,"Veracruz_de_Ignacio_de_la_Llave","2002","589","16","15","27","32","59","64","60","61","40","45","32","27","22","22","17","13","10","5","4","1","0","17","469","11","11","21","22","40","55","55","47","34","41","26","22","17","17","14","11","8","2","2","0","0","13","120","5","4","6","10","19","9","5","14","6","4","6","5","5","5","3","2","2","3","2","1","0","4","0","0","0","0","0","0","0","0","0","0","0","0","0","0","0","0","0","0","0","0","0","ND","0",
"Número_de_muertes_por_lesiones_debidas_a_accidentes_de_tráfico",	31,"Yucatán","2002","221","5","7","7","21","29","28","19","23","14","20","13","2","8","2","11","3","5","3","1","0","0","ND","185","4","4","4","17","27","25","17","20","12","16","10","2","7","2","9","3","3","2","1","0","0","ND","36","1","3","3","4","2","3","2","3","2","4","3","0","1","0","2","0","2","1","0","0","0","ND","0","0","0","0","0","0","0","0","0","0","0","0","0","0","0","0","0","0","0","0","ND","ND","ND",
"Número_de_muertes_por_lesiones_debidas_a_accidentes_de_tráfico",	32,"Zacatecas","2002","347","18","4","18","41","32","31","31","28","19","20","18","20","13","11","13","12","11","3","2","0","0","2","286","12","3","16","37","25","28","27","24","17","20","14","12","11","8","11","7","9","1","2","0","0","2","59","6","1","2","4","7","3","3","3","2","0","4","8","2","3","2","5","2","2","0","0","0","0","2","0","0","0","0","0","0","1","1","0","0","0","0","0","0","0","0","0","0","0","ND","ND","0",
"Número_de_muertes_por_lesiones_debidas_a_accidentes_de_tráfico",	00,"Estados_Unidos_Mexicanos","2001","12,191","470","444","487","1,148","1,406","1,292","1,033","942","832","713","616","543","448","495","396","360","227","119","61","19","4","136","9,535","254","303","323","887","1,195","1,108","859","787","695","582","479","441","324","355","291","247","147","81","35","18","3","121","2,647","214","140","163","261","209","182","174","155","137","131","137","102","124","140","105","113","80","38","26","1","1","14","9","2","1","1","0","2","2","0","0","0","0","0","0","0","0","0","0","0","0","0","0","0","1",
"Número_de_muertes_por_lesiones_debidas_a_accidentes_de_tráfico",	01,"Aguascalientes","2001","174","7","11","8","25","20","11","11","11","16","6","9","11","5","6","8","5","0","0","1","1","0","2","142","6","9","7","22","16","9","10","8","14","4","5","10","5","5","6","3","0","0","0","1","0","2","32","1","2","1","3","4","2","1","3","2","2","4","1","0","1","2","2","0","0","1","0","0","0","0","0","0","0","0","0","0","0","0","0","0","0","0","0","0","0","0","ND","ND","0","0","ND","0",
"Número_de_muertes_por_lesiones_debidas_a_accidentes_de_tráfico",	02,"Baja_California","2001","138","8","3","3","9","18","16","10","14","15","6","10","3","2","6","4","3","1","0","0","0","0","7","115","8","3","2","6","18","13","6","9","15","3","9","3","1","4","4","3","1","0","0","0","0","7","23","0","0","1","3","0","3","4","5","0","3","1","0","1","2","0","0","0","0","0","0","0","0","0","0","0","0","0","0","0","0","0","0","0","0","0","0","0","0","0","0","ND","ND","ND","ND","0",
"Número_de_muertes_por_lesiones_debidas_a_accidentes_de_tráfico",	03,"Baja_California_Sur","2001","95","7","9","3","10","14","10","13","5","6","3","0","4","1","2","0","5","1","0","0","1","0","1","74","4","7","2","8","12","8","9","4","4","2","0","4","1","1","0","5","1","0","0","1","0","1","21","3","2","1","2","2","2","4","1","2","1","0","0","0","1","0","0","0","0","0","0","0","0","0","0","0","0","0","0","0","0","0","0","0","ND","0","0","0","ND","0","0","ND","ND","0","ND","0",
"Número_de_muertes_por_lesiones_debidas_a_accidentes_de_tráfico",	04,"Campeche","2001","54","1","3","1","3","5","10","3","4","2","5","4","1","1","2","1","2","2","1","1","0","0","2","38","0","2","0","3","3","8","2","3","2","3","4","0","0","2","1","1","1","0","1","0","0","2","16","1","1","1","0","2","2","1","1","0","2","0","1","1","0","0","1","1","1","0","0","0","0","0","0","0","0","0","0","0","0","0","0","0","0","0","0","0","0","0","0","0","0","ND","ND","0",
"Número_de_muertes_por_lesiones_debidas_a_accidentes_de_tráfico",	05,"Coahuila_de_Zaragoza","2001","285","5","8","12","22","43","21","26","22","23","18","15","16","13","8","12","8","5","4","1","0","0","3","238","3","5","10","18","39","19","24","19","22","14","13","12","10","4","11","6","4","2","0","0","0","3","47","2","3","2","4","4","2","2","3","1","4","2","4","3","4","1","2","1","2","1","0","0","0","0","0","0","0","0","0","0","0","0","0","0","0","0","0","0","0","0","0","0","0","ND","ND","0",
"Número_de_muertes_por_lesiones_debidas_a_accidentes_de_tráfico",	06,"Colima","2001","88","3","2","4","7","9","14","4","10","5","4","4","7","1","3","7","1","1","1","0","0","0","1","66","0","0","3","7","8","12","4","9","3","2","2","5","0","2","7","0","0","1","0","0","0","1","22","3","2","1","0","1","2","0","1","2","2","2","2","1","1","0","1","1","0","0","0","0","0","0","0","0","0","0","0","0","0","0","0","0","0","0","0","0","0","0","0","0","ND","ND","ND","0",
"Número_de_muertes_por_lesiones_debidas_a_accidentes_de_tráfico",	07,"Chiapas","2001","65","1","2","5","8","10","9","2","4","2","3","4","2","1","1","2","2","1","0","0","0","0","6","56","1","0","4","5","8","9","2","4","2","3","4","2","1","0","2","2","1","0","0","0","0","6","9","0","2","1","3","2","0","0","0","0","0","0","0","0","1","0","0","0","0","0","0","0","0","0","0","0","0","0","0","0","0","0","0","0","0","0","0","0","0","0","0","ND","ND","ND","ND","0",
"Número_de_muertes_por_lesiones_debidas_a_accidentes_de_tráfico",	08,"Chihuahua","2001","576","28","25","19","49","74","79","58","47","43","28","15","17","23","22","10","18","7","2","0","1","0","11","445","14","18","11","39","64","66","44","38","33","23","13","15","17","13","8","10","7","1","0","0","0","11","131","14","7","8","10","10","13","14","9","10","5","2","2","6","9","2","8","0","1","0","1","0","0","0","0","0","0","0","0","0","0","0","0","0","0","0","0","0","0","0","0","0","ND","0","ND","0",
"Número_de_muertes_por_lesiones_debidas_a_accidentes_de_tráfico",	09,"Ciudad_de_México","2001","1,149","31","16","21","99","164","113","97","69","59","80","70","62","45","57","55","45","34","21","9","0","0","2","813","15","9","9","65","131","92","80","52","49","60","49","44","28","36","36","23","17","13","4","0","0","1","336","16","7","12","34","33","21","17","17","10","20","21","18","17","21","19","22","17","8","5","0","0","1","0","0","0","0","0","0","0","0","0","0","0","0","0","0","0","0","0","0","0","0","ND","ND","0",
"Número_de_muertes_por_lesiones_debidas_a_accidentes_de_tráfico",	10,"Durango","2001","130","6","4","2","19","18","16","9","5","8","8","9","4","3","7","5","3","3","0","0","1","0","ND","104","5","1","1","16","17","13","7","2","8","8","8","3","3","4","3","3","1","0","0","1","0","ND","25","1","3","1","3","1","2","2","3","0","0","1","1","0","3","2","0","2","0","0","0","0","ND","1","0","0","0","0","0","1","0","0","0","0","0","0","0","0","0","0","0","ND","ND","0","ND","ND",
"Número_de_muertes_por_lesiones_debidas_a_accidentes_de_tráfico",	11,"Guanajuato","2001","847","48","39","36","101","109","81","66","52","50","35","50","33","25","28","27","35","9","10","6","1","1","5","666","22","26","21","81","93","70","57","44","42","27","46","29","21","23","20","21","5","8","4","1","1","4","180","26","13","15","20","15","11","9","8","8","8","4","4","4","5","7","14","4","2","2","0","0","1","1","0","0","0","0","1","0","0","0","0","0","0","0","0","0","0","0","0","0","0","0","0","0",
"Número_de_muertes_por_lesiones_debidas_a_accidentes_de_tráfico",	12,"Guerrero","2001","194","2","5","4","19","17","21","15","18","10","8","13","11","9","16","8","7","6","0","3","0","0","2","150","1","4","2","14","15","18","13","14","9","8","9","8","6","8","7","5","5","0","2","0","0","2","43","1","1","2","5","1","3","2","4","1","0","4","3","3","8","1","2","1","0","1","0","0","0","1","0","0","0","0","1","0","0","0","0","0","0","0","0","0","0","0","0","ND","0","ND","ND","0",
"Número_de_muertes_por_lesiones_debidas_a_accidentes_de_tráfico",	13,"Hidalgo","2001","237","11","6","10","19","28","22","15","19","23","15","14","13","11","13","5","3","4","3","0","0","0","3","183","7","5","7","13","22","20","12","16","16","11","10","12","10","9","4","3","2","2","0","0","0","2","54","4","1","3","6","6","2","3","3","7","4","4","1","1","4","1","0","2","1","0","0","0","1","0","0","0","0","0","0","0","0","0","0","0","0","0","0","0","0","0","0","0","ND","ND","ND","0",
"Número_de_muertes_por_lesiones_debidas_a_accidentes_de_tráfico",	14,"Jalisco","2001","1,271","68","64","64","115","117","118","88","88","87","67","61","61","48","61","45","49","34","16","6","1","1","12","970","34","45","42","91","96","101","74","74","67","55","43","49","38","48","30","34","22","11","3","1","0","12","300","34","18","22","24","21","17","14","14","20","12","18","12","10","13","15","15","12","5","3","0","1","0","1","0","1","0","0","0","0","0","0","0","0","0","0","0","0","0","0","0","0","0","0","0","0",
"Número_de_muertes_por_lesiones_debidas_a_accidentes_de_tráfico",	15,"México","2001","1,580","55","43","73","155","172","184","146","130","96","98","79","72","59","68","47","42","33","11","10","1","0","6","1,194","30","30","44","111","146","146","119","109","81","76","58","57","35","48","33","30","21","10","5","1","0","4","386","25","13","29","44","26","38","27","21","15","22","21","15","24","20","14","12","12","1","5","0","0","2","0","0","0","0","0","0","0","0","0","0","0","0","0","0","0","0","0","0","0","0","0","ND","0",
"Número_de_muertes_por_lesiones_debidas_a_accidentes_de_tráfico",	16,"Michoacán_de_Ocampo","2001","522","23","20","25","49","58","49","34","39","33","34","31","19","30","19","17","12","16","7","3","2","1","1","407","11","17","16","42","45","42","28","30","31","27","24","14","21","12","15","10","13","3","2","2","1","1","115","12","3","9","7","13","7","6","9","2","7","7","5","9","7","2","2","3","4","1","0","0","0","0","0","0","0","0","0","0","0","0","0","0","0","0","0","0","0","0","0","0","0","0","0","0",
"Número_de_muertes_por_lesiones_debidas_a_accidentes_de_tráfico",	17,"Morelos","2001","142","3","5","4","13","11","8","7","6","11","15","8","6","9","11","9","6","5","2","1","0","0","2","107","2","4","3","11","9","6","5","5","9","11","5","5","7","7","7","3","4","2","1","0","0","1","35","1","1","1","2","2","2","2","1","2","4","3","1","2","4","2","3","1","0","0","0","0","1","0","0","0","0","0","0","0","0","0","0","0","0","0","0","0","0","0","0","0","0","ND","ND","0",
"Número_de_muertes_por_lesiones_debidas_a_accidentes_de_tráfico",	18,"Nayarit","2001","175","6","13","6","14","17","24","15","11","11","18","7","5","7","6","3","7","2","2","0","0","0","1","151","4","10","5","11","17","22","14","10","7","17","7","5","4","6","3","6","1","1","0","0","0","1","24","2","3","1","3","0","2","1","1","4","1","0","0","3","0","0","1","1","1","0","0","0","0","0","0","0","0","0","0","0","0","0","0","0","0","0","0","0","0","0","0","0","ND","ND","ND","0",
"Número_de_muertes_por_lesiones_debidas_a_accidentes_de_tráfico",	19,"Nuevo_León","2001","141","4","3","9","17","15","25","7","22","9","7","2","3","5","2","2","4","1","0","0","2","0","2","118","2","1","8","13","11","23","6","20","9","7","2","3","1","2","2","4","0","0","0","2","0","2","23","2","2","1","4","4","2","1","2","0","0","0","0","4","0","0","0","1","0","0","0","0","0","0","0","0","0","0","0","0","0","0","0","0","0","0","0","0","0","0","0","ND","ND","0","ND","0",
"Número_de_muertes_por_lesiones_debidas_a_accidentes_de_tráfico",	20,"Oaxaca","2001","274","9","14","17","26","23","19","25","18","23","27","11","11","10","12","10","8","3","4","3","0","0","1","210","2","11","10","20","20","18","20","14","19","22","7","9","7","9","10","4","1","4","2","0","0","1","63","6","3","7","6","3","1","5","4","4","5","4","2","3","3","0","4","2","0","1","0","0","0","1","1","0","0","0","0","0","0","0","0","0","0","0","0","0","0","0","0","0","0","ND","ND","0",
"Número_de_muertes_por_lesiones_debidas_a_accidentes_de_tráfico",	21,"Puebla","2001","663","27","30","36","59","69","57","64","53","46","35","29","29","21","29","24","14","11","12","6","3","0","9","514","11","19","29","47","61","52","54","42","33","25","22","26","15","20","15","11","9","7","4","3","0","9","149","16","11","7","12","8","5","10","11","13","10","7","3","6","9","9","3","2","5","2","0","0","0","0","0","0","0","0","0","0","0","0","0","0","0","0","0","0","0","0","0","0","0","0","ND","0",
"Número_de_muertes_por_lesiones_debidas_a_accidentes_de_tráfico",	22,"Querétaro","2001","325","9","8","17","42","49","29","38","25","20","19","8","17","7","8","8","4","5","2","0","0","0","10","264","6","5","13","37","37","27","31","22","17","15","7","15","4","6","6","3","5","1","0","0","0","7","61","3","3","4","5","12","2","7","3","3","4","1","2","3","2","2","1","0","1","0","0","0","3","0","0","0","0","0","0","0","0","0","0","0","0","0","0","0","0","0","0","0","ND","ND","ND","0",
"Número_de_muertes_por_lesiones_debidas_a_accidentes_de_tráfico",	23,"Quintana_Roo","2001","70","8","2","1","2","7","13","1","7","3","9","1","2","3","0","3","0","1","0","0","0","0","7","55","7","2","0","1","3","10","0","6","3","8","1","2","3","0","2","0","1","0","0","0","0","6","14","1","0","1","1","4","3","1","1","0","1","0","0","0","0","1","0","0","0","0","0","0","0","1","0","0","0","0","0","0","0","0","0","0","0","0","0","ND","0","ND","0","ND","ND","ND","ND","1",
"Número_de_muertes_por_lesiones_debidas_a_accidentes_de_tráfico",	24,"San_Luis_Potosí","2001","342","11","10","16","33","39","48","31","19","25","22","16","15","16","8","14","6","4","2","2","2","0","3","292","7","8","13","27","35","41","23","18","22","21","14","12","16","6","10","6","4","2","2","2","0","3","50","4","2","3","6","4","7","8","1","3","1","2","3","0","2","4","0","0","0","0","0","0","0","0","0","0","0","0","0","0","0","0","0","0","0","0","0","0","0","0","0","0","0","0","ND","0",
"Número_de_muertes_por_lesiones_debidas_a_accidentes_de_tráfico",	25,"Sinaloa","2001","333","7","12","9","29","40","40","31","26","35","15","17","17","16","13","11","5","7","1","0","1","0","1","285","3","11","6","21","31","40","28","22","34","14","14","16","15","11","9","4","3","1","0","1","0","1","47","3","1","3","8","9","0","3","4","1","1","3","1","1","2","2","1","4","0","0","0","0","0","1","1","0","0","0","0","0","0","0","0","0","0","0","0","0","0","0","0","0","ND","0","ND","0",
"Número_de_muertes_por_lesiones_debidas_a_accidentes_de_tráfico",	26,"Sonora","2001","394","20","14","10","31","47","46","43","36","29","20","24","20","13","11","9","11","4","4","0","0","0","2","311","13","7","6","19","41","37","39","32","25","18","18","18","8","9","5","10","2","2","0","0","0","2","83","7","7","4","12","6","9","4","4","4","2","6","2","5","2","4","1","2","2","0","0","0","0","0","0","0","0","0","0","0","0","0","0","0","0","0","0","0","0","0","0","0","ND","ND","ND","0",
"Número_de_muertes_por_lesiones_debidas_a_accidentes_de_tráfico",	27,"Tabasco","2001","233","2","5","4","13","31","27","15","26","30","19","12","12","10","14","1","2","3","1","0","0","0","6","204","1","3","1","11","28","24","14","23","29","19","11","8","10","11","1","1","2","1","0","0","0","6","28","1","2","2","2","3","3","1","3","1","0","1","4","0","3","0","1","1","0","0","0","0","0","1","0","0","1","0","0","0","0","0","0","0","0","0","0","0","0","0","0","0","ND","ND","ND","0",
"Número_de_muertes_por_lesiones_debidas_a_accidentes_de_tráfico",	28,"Tamaulipas","2001","484","23","14","22","35","56","55","56","50","33","25","24","23","14","16","12","12","2","5","0","0","0","7","392","12","7","14","25","49","51","47","47","26","25","19","19","9","13","9","11","2","3","0","0","0","4","92","11","7","8","10","7","4","9","3","7","0","5","4","5","3","3","1","0","2","0","0","0","3","0","0","0","0","0","0","0","0","0","0","0","0","0","0","0","0","0","0","0","ND","ND","ND","0",
"Número_de_muertes_por_lesiones_debidas_a_accidentes_de_tráfico",	29,"Tlaxcala","2001","136","4","4","9","19","17","18","11","12","9","7","5","3","4","1","2","4","3","2","1","0","0","1","116","2","4","6","17","17","18","10","11","8","6","5","3","2","1","0","1","2","1","1","0","0","1","20","2","0","3","2","0","0","1","1","1","1","0","0","2","0","2","3","1","1","0","0","0","0","0","0","0","0","0","0","0","0","0","0","0","0","0","0","0","0","0","0","0","0","ND","ND","0",
"Número_de_muertes_por_lesiones_debidas_a_accidentes_de_tráfico",	30,"Veracruz_de_Ignacio_de_la_Llave","2001","644","13","33","21","54","60","65","52","64","53","38","43","23","20","24","21","25","11","2","4","0","1","17","507","8","18","15","41","56","55","43","56","42","31","33","18","13","19","17","15","6","2","3","0","1","15","137","5","15","6","13","4","10","9","8","11","7","10","5","7","5","4","10","5","0","1","0","0","2","0","0","0","0","0","0","0","0","0","0","0","0","0","0","0","0","0","0","0","0","ND","0","0",
"Número_de_muertes_por_lesiones_debidas_a_accidentes_de_tráfico",	31,"Yucatán","2001","106","4","4","4","8","12","11","9","8","8","2","4","8","6","5","4","4","3","0","2","0","0","ND","88","3","3","4","7","11","10","9","7","7","2","4","7","5","5","1","2","1","0","0","0","0","ND","18","1","1","0","1","1","1","0","1","1","0","0","1","1","0","3","2","2","0","2","0","0","ND","0","0","0","0","0","0","0","0","0","0","0","0","0","0","0","0","0","0","ND","0","ND","ND","ND",
"Número_de_muertes_por_lesiones_debidas_a_accidentes_de_tráfico",	32,"Zacatecas","2001","324","16","13","12","44","37","33","31","22","9","17","17","13","10","16","10","8","5","4","2","2","0","3","260","10","9","9","38","36","28","25","17","7","15","13","8","8","11","7","7","3","3","1","2","0","3","63","6","4","3","6","1","4","6","5","2","2","4","5","2","5","3","1","2","1","1","0","0","0","1","0","0","0","0","0","1","0","0","0","0","0","0","0","0","0","0","0","0","0","0","ND","0",
"Número_de_muertes_por_lesiones_debidas_a_accidentes_de_tráfico",	00,"Estados_Unidos_Mexicanos","2000","12,101","479","401","484","1,118","1,411","1,328","1,048","1,002","844","732","576","505","502","432","368","317","184","142","62","27","5","134","9,565","285","282","346","906","1,188","1,131","873","831","703","614","450","393","372","321","272","214","121","97","39","17","3","107","2,532","194","119","138","212","223","197","175","171","141","117","126","112","130","111","96","103","63","45","23","9","2","25","4","0","0","0","0","0","0","0","0","0","1","0","0","0","0","0","0","0","0","0","1","0","2",
"Número_de_muertes_por_lesiones_debidas_a_accidentes_de_tráfico",	01,"Aguascalientes","2000","134","7","6","7","12","10","14","9","9","8","14","8","4","5","8","5","4","1","0","1","1","0","1","96","5","4","4","11","6","10","6","8","7","10","8","2","5","6","1","2","0","0","0","0","0","1","38","2","2","3","1","4","4","3","1","1","4","0","2","0","2","4","2","1","0","1","1","0","0","0","0","0","0","0","0","0","0","0","0","0","0","0","0","0","0","0","0","ND","0","0","ND","0",
"Número_de_muertes_por_lesiones_debidas_a_accidentes_de_tráfico",	02,"Baja_California","2000","154","10","5","9","15","17","21","8","20","11","9","7","4","10","3","0","1","0","0","0","0","0","4","116","6","2","8","11","12","16","5","17","9","8","5","3","9","2","0","0","0","0","0","0","0","3","38","4","3","1","4","5","5","3","3","2","1","2","1","1","1","0","1","0","0","0","0","0","1","0","0","0","0","0","0","0","0","0","0","0","0","0","0","0","ND","0","ND","ND","ND","ND","ND","0",
"Número_de_muertes_por_lesiones_debidas_a_accidentes_de_tráfico",	03,"Baja_California_Sur","2000","99","1","3","6","11","18","13","9","12","4","10","1","4","0","1","1","0","2","0","1","1","0","1","85","1","3","4","10","15","11","8","11","4","8","1","3","0","1","1","0","2","0","0","1","0","1","14","0","0","2","1","3","2","1","1","0","2","0","1","0","0","0","0","0","0","1","0","0","0","0","0","0","0","0","0","0","0","0","0","0","0","0","ND","0","0","ND","0","ND","0","0","ND","0",
"Número_de_muertes_por_lesiones_debidas_a_accidentes_de_tráfico",	04,"Campeche","2000","60","0","1","5","3","6","8","3","11","3","6","2","2","3","1","2","3","0","1","0","0","0","ND","52","0","1","3","2","6","8","3","10","3","5","2","2","2","1","2","1","0","1","0","0","0","ND","8","0","0","2","1","0","0","0","1","0","1","0","0","1","0","0","2","0","0","0","0","0","ND","0","ND","0","0","0","0","0","0","0","0","0","0","0","0","0","0","0","ND","0","ND","ND","ND","ND",
"Número_de_muertes_por_lesiones_debidas_a_accidentes_de_tráfico",	05,"Coahuila_de_Zaragoza","2000","326","15","8","15","37","37","35","27","29","26","14","19","14","11","8","12","8","6","2","0","0","0","3","262","8","5","10","34","28","29","22","24","22","12","18","14","8","7","10","5","2","2","0","0","0","2","64","7","3","5","3","9","6","5","5","4","2","1","0","3","1","2","3","4","0","0","0","0","1","0","0","0","0","0","0","0","0","0","0","0","0","0","0","0","0","0","0","0","ND","ND","ND","0",
"Número_de_muertes_por_lesiones_debidas_a_accidentes_de_tráfico",	06,"Colima","2000","88","3","4","3","12","9","14","14","8","6","2","4","2","1","1","1","1","1","1","0","0","0","1","73","3","2","1","10","7","13","13","6","5","1","3","2","1","1","1","1","1","1","0","0","0","1","15","0","2","2","2","2","1","1","2","1","1","1","0","0","0","0","0","0","0","0","0","0","0","0","0","0","0","0","0","0","0","0","0","0","0","0","0","0","0","0","0","0","ND","ND","ND","0",
"Número_de_muertes_por_lesiones_debidas_a_accidentes_de_tráfico",	07,"Chiapas","2000","76","1","1","3","8","15","9","5","7","4","3","7","5","1","2","0","1","1","1","0","0","0","2","64","1","1","2","6","15","9","5","5","4","3","5","3","0","1","0","1","0","1","0","0","0","2","12","0","0","1","2","0","0","0","2","0","0","2","2","1","1","0","0","1","0","0","0","0","0","0","0","0","0","0","0","0","0","0","0","0","0","0","0","0","ND","0","0","0","ND","ND","ND","0",
"Número_de_muertes_por_lesiones_debidas_a_accidentes_de_tráfico",	08,"Chihuahua","2000","529","21","16","12","59","48","61","45","42","41","30","21","36","33","17","14","10","5","2","2","0","0","14","405","9","10","7","42","38","48","40","34","33","27","17","29","24","10","9","9","5","1","2","0","0","11","124","12","6","5","17","10","13","5","8","8","3","4","7","9","7","5","1","0","1","0","0","0","3","0","0","0","0","0","0","0","0","0","0","0","0","0","0","0","0","0","0","0","0","ND","ND","0",
"Número_de_muertes_por_lesiones_debidas_a_accidentes_de_tráfico",	09,"Ciudad_de_México","2000","1,065","15","28","32","76","123","124","97","75","84","52","61","42","52","43","60","32","33","18","7","3","0","8","782","9","16","24","60","99","101","81","61","64","37","43","32","30","31","38","19","15","11","3","2","0","6","283","6","12","8","16","24","23","16","14","20","15","18","10","22","12","22","13","18","7","4","1","0","2","0","0","0","0","0","0","0","0","0","0","0","0","0","0","0","0","0","0","0","0","0","ND","0",
"Número_de_muertes_por_lesiones_debidas_a_accidentes_de_tráfico",	10,"Durango","2000","178","5","3","4","18","25","20","17","16","14","11","10","6","9","8","3","6","1","1","1","0","0","ND","143","3","2","0","16","22","18","15","14","14","9","8","6","3","4","2","4","1","1","1","0","0","ND","35","2","1","4","2","3","2","2","2","0","2","2","0","6","4","1","2","0","0","0","0","0","ND","0","0","0","0","0","0","0","0","0","0","0","0","0","0","0","0","0","0","0","0","ND","ND","ND",
"Número_de_muertes_por_lesiones_debidas_a_accidentes_de_tráfico",	11,"Guanajuato","2000","887","35","38","40","93","116","83","56","69","47","50","39","38","32","42","30","27","16","17","6","0","0","13","733","20","31","37","82","96","69","51","62","40","39","32","31","28","33","24","18","11","12","6","0","0","11","154","15","7","3","11","20","14","5","7","7","11","7","7","4","9","6","9","5","5","0","0","0","2","0","0","0","0","0","0","0","0","0","0","0","0","0","0","0","0","0","0","0","0","ND","ND","0",
"Número_de_muertes_por_lesiones_debidas_a_accidentes_de_tráfico",	12,"Guerrero","2000","237","12","8","16","18","20","20","15","22","17","14","9","16","16","13","6","8","1","2","1","0","1","2","183","7","8","12","15","18","16","13","17","12","11","7","12","12","9","5","4","0","1","1","0","1","2","54","5","0","4","3","2","4","2","5","5","3","2","4","4","4","1","4","1","1","0","0","0","0","0","0","0","0","0","0","0","0","0","0","0","0","0","0","0","0","0","0","0","0","ND","0","0",
"Número_de_muertes_por_lesiones_debidas_a_accidentes_de_tráfico",	13,"Hidalgo","2000","258","12","7","11","25","29","30","21","24","19","8","15","11","11","10","5","8","6","3","1","1","0","1","210","9","4","8","22","22","24","17","21","16","7","14","8","10","8","5","5","6","2","0","1","0","1","48","3","3","3","3","7","6","4","3","3","1","1","3","1","2","0","3","0","1","1","0","0","0","0","0","0","0","0","0","0","0","0","0","0","0","0","0","0","0","0","0","0","0","0","ND","0",
"Número_de_muertes_por_lesiones_debidas_a_accidentes_de_tráfico",	14,"Jalisco","2000","1,319","69","42","57","133","167","123","114","81","84","69","56","48","55","49","50","50","27","25","11","3","1","5","1,032","41","32","40","101","143","101","92","64","74","63","39","33","42","42","38","33","19","19","9","2","1","4","286","28","10","17","32","24","22","22","17","10","5","17","15","13","7","12","17","8","6","2","1","0","1","1","0","0","0","0","0","0","0","0","0","1","0","0","0","0","0","0","0","0","0","0","0","0",
"Número_de_muertes_por_lesiones_debidas_a_accidentes_de_tráfico",	15,"México","2000","1,658","55","50","58","140","188","190","152","148","122","141","89","76","57","55","42","50","16","11","5","2","3","8","1,313","36","31","39","117","156","165","122","117","102","118","67","59","39","45","34","35","12","8","2","2","1","6","345","19","19","19","23","32","25","30","31","20","23","22","17","18","10","8","15","4","3","3","0","2","2","0","0","0","0","0","0","0","0","0","0","0","0","0","0","0","0","0","0","0","0","0","0","0",
"Número_de_muertes_por_lesiones_debidas_a_accidentes_de_tráfico",	16,"Michoacán_de_Ocampo","2000","549","29","37","24","65","61","48","31","28","26","29","34","20","13","17","22","17","16","18","6","5","0","3","419","18","32","15","47","51","39","25","21","24","26","24","14","10","12","15","14","12","13","3","3","0","1","129","11","5","9","18","10","9","6","7","2","3","10","6","3","5","7","3","4","5","3","1","0","2","1","0","0","0","0","0","0","0","0","0","0","0","0","0","0","0","0","0","0","0","1","ND","0",
"Número_de_muertes_por_lesiones_debidas_a_accidentes_de_tráfico",	17,"Morelos","2000","117","4","5","4","14","11","14","11","5","8","3","6","6","2","8","6","2","3","4","0","0","0","1","97","3","3","3","12","9","14","10","4","6","3","5","6","2","4","3","2","3","4","0","0","0","1","20","1","2","1","2","2","0","1","1","2","0","1","0","0","4","3","0","0","0","0","0","0","0","0","0","0","0","0","0","0","0","0","0","0","0","0","0","0","0","0","0","0","ND","ND","ND","0",
"Número_de_muertes_por_lesiones_debidas_a_accidentes_de_tráfico",	18,"Nayarit","2000","164","14","6","1","18","25","14","21","21","11","8","4","4","4","6","2","1","2","0","0","0","0","2","135","10","5","1","13","25","13","16","16","11","8","2","2","4","3","1","1","2","0","0","0","0","2","29","4","1","0","5","0","1","5","5","0","0","2","2","0","3","1","0","0","0","0","0","0","0","0","0","0","0","0","0","0","0","0","0","0","0","0","0","0","0","0","0","ND","ND","ND","ND","0",
"Número_de_muertes_por_lesiones_debidas_a_accidentes_de_tráfico",	19,"Nuevo_León","2000","130","4","3","5","19","10","16","11","10","14","6","5","7","6","2","2","2","1","1","2","0","0","4","98","1","2","3","16","9","14","6","8","11","5","5","5","5","2","1","1","1","0","0","0","0","3","32","3","1","2","3","1","2","5","2","3","1","0","2","1","0","1","1","0","1","2","0","0","1","0","0","0","0","0","0","0","0","0","0","0","0","0","0","0","0","0","0","0","0","ND","ND","0",
"Número_de_muertes_por_lesiones_debidas_a_accidentes_de_tráfico",	20,"Oaxaca","2000","227","10","13","15","16","21","20","24","24","16","15","7","9","8","7","2","6","3","0","1","2","0","8","184","6","10","13","14","19","18","22","19","15","13","3","6","6","5","2","4","2","0","1","0","0","6","42","4","3","2","2","2","2","2","5","1","2","4","3","2","2","0","2","1","0","0","2","0","1","1","0","0","0","0","0","0","0","0","0","0","0","0","0","0","0","0","0","ND","0","0","ND","1",
"Número_de_muertes_por_lesiones_debidas_a_accidentes_de_tráfico",	21,"Puebla","2000","742","24","24","38","57","79","83","60","59","49","47","43","32","41","27","17","22","8","11","6","3","0","12","578","14","15","25","44","66","78","49","52","43","38","34","25","29","17","12","13","5","3","4","1","0","11","164","10","9","13","13","13","5","11","7","6","9","9","7","12","10","5","9","3","8","2","2","0","1","0","0","0","0","0","0","0","0","0","0","0","0","0","0","0","0","0","0","0","0","0","ND","0",
"Número_de_muertes_por_lesiones_debidas_a_accidentes_de_tráfico",	22,"Querétaro","2000","298","7","8","6","39","43","33","29","25","23","15","12","5","15","12","8","6","3","3","1","1","0","4","236","2","5","6","29","38","27","26","20","21","12","10","5","10","7","6","4","2","2","1","1","0","2","62","5","3","0","10","5","6","3","5","2","3","2","0","5","5","2","2","1","1","0","0","0","2","0","0","0","0","0","0","0","0","0","0","0","0","0","0","0","0","0","0","0","0","0","ND","0",
"Número_de_muertes_por_lesiones_debidas_a_accidentes_de_tráfico",	23,"Quintana_Roo","2000","73","6","1","2","7","9","11","9","5","3","5","3","2","1","3","1","0","0","0","0","0","0","5","64","4","1","1","6","7","10","9","5","3","3","3","2","1","3","1","0","0","0","0","0","0","5","9","2","0","1","1","2","1","0","0","0","2","0","0","0","0","0","0","0","0","0","0","0","0","0","0","0","0","0","0","0","0","0","0","0","0","0","0","0","0","ND","ND","ND","ND","ND","ND","0",
"Número_de_muertes_por_lesiones_debidas_a_accidentes_de_tráfico",	24,"San_Luis_Potosí","2000","250","9","6","12","21","40","25","24","17","16","14","6","15","19","8","7","7","1","1","1","0","0","1","202","5","4","8","18","37","22","19","14","13","11","5","13","16","5","5","5","0","1","1","0","0","0","48","4","2","4","3","3","3","5","3","3","3","1","2","3","3","2","2","1","0","0","0","0","1","0","0","0","0","0","0","0","0","0","0","0","0","0","0","0","0","0","0","0","0","ND","ND","0",
"Número_de_muertes_por_lesiones_debidas_a_accidentes_de_tráfico",	25,"Sinaloa","2000","340","10","10","15","27","42","45","41","23","24","33","17","11","14","12","7","4","1","1","2","0","0","1","280","5","8","15","21","38","39","37","19","17","28","13","8","9","11","5","4","0","1","1","0","0","1","60","5","2","0","6","4","6","4","4","7","5","4","3","5","1","2","0","1","0","1","0","0","0","0","0","0","0","0","0","0","0","0","0","0","0","0","0","0","0","0","0","0","0","ND","ND","0",
"Número_de_muertes_por_lesiones_debidas_a_accidentes_de_tráfico",	26,"Sonora","2000","313","36","10","9","22","38","43","27","22","27","15","10","11","15","8","9","2","1","1","0","0","0","7","229","20","3","4","13","32","34","22","17","22","13","7","7","10","8","8","2","0","1","0","0","0","6","84","16","7","5","9","6","9","5","5","5","2","3","4","5","0","1","0","1","0","0","0","0","1","0","0","0","0","0","0","0","0","0","0","0","0","0","0","0","0","0","0","0","ND","ND","ND","0",
"Número_de_muertes_por_lesiones_debidas_a_accidentes_de_tráfico",	27,"Tabasco","2000","247","4","8","9","23","27","29","25","37","21","24","9","12","7","7","2","1","2","0","0","0","0","ND","214","2","6","7","21","23","25","24","36","17","22","7","9","6","5","2","1","1","0","0","0","0","ND","33","2","2","2","2","4","4","1","1","4","2","2","3","1","2","0","0","1","0","0","0","0","ND","0","0","0","0","0","0","0","0","0","0","0","0","0","0","0","0","0","0","ND","ND","ND","ND","ND",
"Número_de_muertes_por_lesiones_debidas_a_accidentes_de_tráfico",	28,"Tamaulipas","2000","451","18","7","12","33","52","57","48","46","44","15","21","18","16","16","19","10","5","6","1","0","0","7","359","13","6","7","28","44","48","40","39","29","13","20","16","14","9","15","7","4","3","0","0","0","4","92","5","1","5","5","8","9","8","7","15","2","1","2","2","7","4","3","1","3","1","0","0","3","0","0","0","0","0","0","0","0","0","0","0","0","0","0","0","0","0","0","0","0","ND","ND","0",
"Número_de_muertes_por_lesiones_debidas_a_accidentes_de_tráfico",	29,"Tlaxcala","2000","136","10","3","9","15","18","14","5","14","8","10","5","5","1","5","5","1","3","1","0","0","0","4","107","6","2","7","13","14","10","5","11","8","9","5","3","1","4","4","0","1","0","0","0","0","4","29","4","1","2","2","4","4","0","3","0","1","0","2","0","1","1","1","2","1","0","0","0","0","0","0","0","0","0","0","0","0","0","0","0","0","0","0","0","0","0","0","0","ND","ND","ND","0",
"Número_de_muertes_por_lesiones_debidas_a_accidentes_de_tráfico",	30,"Veracruz_de_Ignacio_de_la_Llave","2000","567","15","18","27","43","50","56","55","56","39","42","30","26","30","17","19","15","7","8","2","3","0","9","457","5","12","18","38","43","52","44","51","33","34","23","22","24","11","15","10","5","6","2","2","0","7","109","10","6","9","5","7","4","11","5","6","8","7","4","6","6","4","5","2","2","0","1","0","1","1","0","0","0","0","0","0","0","0","0","0","0","0","0","0","0","0","0","0","0","0","ND","1",
"Número_de_muertes_por_lesiones_debidas_a_accidentes_de_tráfico",	31,"Yucatán","2000","97","1","3","4","4","11","18","7","11","6","5","3","2","1","6","2","6","4","1","0","0","0","2","85","1","3","3","4","10","15","6","8","5","5","3","2","1","6","1","5","4","1","0","0","0","2","12","0","0","1","0","1","3","1","3","1","0","0","0","0","0","1","1","0","0","0","0","0","0","0","0","0","0","0","0","0","0","0","0","0","0","0","0","0","0","0","0","0","ND","ND","ND","0",
"Número_de_muertes_por_lesiones_debidas_a_accidentes_de_tráfico",	32,"Zacatecas","2000","332","17","19","14","35","46","37","28","26","19","13","13","12","13","10","7","6","8","2","4","2","0","1","272","12","13","11","30","40","35","20","20","16","13","12","9","11","8","6","4","5","2","2","2","0","1","60","5","6","3","5","6","2","8","6","3","0","1","3","2","2","1","2","3","0","2","0","0","0","0","0","0","0","0","0","0","0","0","0","0","0","0","0","0","0","0","0","0","0","0","ND","0",
"Número_de_muertes_por_lesiones_debidas_a_accidentes_de_tráfico",	00,"Estados_Unidos_Mexicanos","1999","11,846","479","432","450","1,123","1,370","1,315","977","941","805","705","598","519","461","430","393","325","184","131","44","21","4","139","9,381","293","281","326","904","1,151","1,133","828","790","660","591","462","411","344","308","275","228","121","96","39","15","3","122","2,461","186","151","124","219","219","182","149","151","145","114","136","108","117","122","118","97","63","35","5","6","1","13","4","0","0","0","0","0","0","0","0","0","0","0","0","0","0","0","0","0","0","0","0","0","4",
"Número_de_muertes_por_lesiones_debidas_a_accidentes_de_tráfico",	01,"Aguascalientes","1999","89","6","3","2","7","13","8","7","9","7","3","5","3","1","3","5","2","1","2","0","0","0","2","74","4","2","0","4","12","7","7","9","7","2","4","2","1","2","4","2","1","2","0","0","0","2","15","2","1","2","3","1","1","0","0","0","1","1","1","0","1","1","0","0","0","0","0","0","0","0","0","0","0","0","0","0","0","0","0","0","0","0","0","0","0","0","0","0","ND","ND","ND","0",
"Número_de_muertes_por_lesiones_debidas_a_accidentes_de_tráfico",	02,"Baja_California","1999","179","8","7","8","19","26","28","12","9","14","10","8","6","4","2","4","4","0","1","0","0","0","9","135","4","4","5","16","20","25","9","7","11","7","5","5","1","2","4","2","0","0","0","0","0","8","44","4","3","3","3","6","3","3","2","3","3","3","1","3","0","0","2","0","1","0","0","0","1","0","0","0","0","0","0","0","0","0","0","0","0","0","0","0","0","0","ND","0","ND","ND","ND","0",
"Número_de_muertes_por_lesiones_debidas_a_accidentes_de_tráfico",	03,"Baja_California_Sur","1999","94","6","1","2","7","13","11","10","7","8","12","6","0","5","2","1","2","0","0","0","0","0","1","74","2","0","1","5","13","9","10","5","6","11","6","0","2","1","0","2","0","0","0","0","0","1","20","4","1","1","2","0","2","0","2","2","1","0","0","3","1","1","0","0","0","0","0","0","0","0","0","0","0","0","0","0","0","0","0","0","0","ND","0","0","0","0","ND","ND","ND","ND","ND","0",
"Número_de_muertes_por_lesiones_debidas_a_accidentes_de_tráfico",	04,"Campeche","1999","75","4","2","1","5","10","10","6","7","4","7","8","3","1","0","3","1","2","0","0","0","0","1","60","4","1","1","4","9","9","3","5","3","5","7","3","0","0","3","1","2","0","0","0","0","0","14","0","1","0","1","1","1","3","2","1","2","1","0","1","0","0","0","0","0","0","0","0","0","1","0","0","0","0","0","0","0","0","0","0","0","0","0","ND","0","0","0","ND","ND","ND","ND","1",
"Número_de_muertes_por_lesiones_debidas_a_accidentes_de_tráfico",	05,"Coahuila_de_Zaragoza","1999","279","9","6","4","27","29","40","27","27","24","16","15","12","7","14","9","3","6","2","0","1","0","1","226","7","4","4","21","22","34","22","24","23","14","11","9","5","10","7","1","4","2","0","1","0","1","53","2","2","0","6","7","6","5","3","1","2","4","3","2","4","2","2","2","0","0","0","0","0","0","0","0","0","0","0","0","0","0","0","0","0","0","0","0","0","0","0","0","ND","0","ND","0",
"Número_de_muertes_por_lesiones_debidas_a_accidentes_de_tráfico",	06,"Colima","1999","82","4","1","1","9","10","14","7","6","6","5","2","2","3","3","2","1","0","2","1","0","0","3","70","4","1","0","7","10","14","6","6","4","5","2","1","3","1","2","0","0","1","1","0","0","2","12","0","0","1","2","0","0","1","0","2","0","0","1","0","2","0","1","0","1","0","0","0","1","0","0","0","0","0","0","0","0","0","0","0","0","0","0","0","0","0","ND","0","0","ND","ND","0",
"Número_de_muertes_por_lesiones_debidas_a_accidentes_de_tráfico",	07,"Chiapas","1999","133","3","6","6","9","17","15","15","16","10","10","8","5","4","2","1","1","1","0","0","1","0","3","110","2","4","5","9","13","13","13","16","8","10","6","3","4","0","0","0","1","0","0","1","0","2","22","1","2","1","0","4","2","2","0","2","0","2","2","0","2","1","1","0","0","0","0","0","0","1","0","0","0","0","0","0","0","0","0","0","0","0","0","0","0","0","0","ND","ND","0","ND","1",
"Número_de_muertes_por_lesiones_debidas_a_accidentes_de_tráfico",	08,"Chihuahua","1999","526","30","19","21","53","63","54","43","49","34","37","21","27","25","10","15","8","5","6","2","0","0","4","422","19","15","16","45","52","43","37","41","30","36","17","17","17","8","10","7","2","4","2","0","0","4","104","11","4","5","8","11","11","6","8","4","1","4","10","8","2","5","1","3","2","0","0","0","0","0","0","0","0","0","0","0","0","0","0","0","0","0","0","0","0","0","0","0","0","ND","ND","0",
"Número_de_muertes_por_lesiones_debidas_a_accidentes_de_tráfico",	09,"Ciudad_de_México","1999","1,021","17","20","30","83","120","131","71","82","55","65","49","52","53","49","50","41","27","15","5","4","0","2","752","9","10","20","61","99","110","57","63","44","53","30","36","33","32","35","29","15","9","4","1","0","2","269","8","10","10","22","21","21","14","19","11","12","19","16","20","17","15","12","12","6","1","3","0","0","0","0","0","0","0","0","0","0","0","0","0","0","0","0","0","0","0","0","0","0","0","ND","0",
"Número_de_muertes_por_lesiones_debidas_a_accidentes_de_tráfico",	10,"Durango","1999","171","6","3","10","14","26","18","17","16","14","8","7","10","8","2","6","2","2","1","0","0","0","1","136","4","2","7","9","22","15","13","16","12","7","5","6","6","1","6","1","2","1","0","0","0","1","35","2","1","3","5","4","3","4","0","2","1","2","4","2","1","0","1","0","0","0","0","0","0","0","0","0","0","0","0","0","0","0","0","0","0","0","0","0","0","0","0","0","ND","ND","ND","0",
"Número_de_muertes_por_lesiones_debidas_a_accidentes_de_tráfico",	11,"Guanajuato","1999","899","49","36","39","114","111","87","59","56","57","41","46","33","36","36","29","29","12","13","6","1","1","8","737","30","27","31","97","96","75","47","51","47","33","38","29","31","30","24","19","6","11","6","1","1","7","162","19","9","8","17","15","12","12","5","10","8","8","4","5","6","5","10","6","2","0","0","0","1","0","0","0","0","0","0","0","0","0","0","0","0","0","0","0","0","0","0","0","0","0","0","0",
"Número_de_muertes_por_lesiones_debidas_a_accidentes_de_tráfico",	12,"Guerrero","1999","262","8","11","8","25","31","21","20","22","19","15","16","14","6","12","10","9","5","4","2","0","0","4","215","4","7","6","23","26","20","16","19","14","12","13","12","6","10","6","9","3","3","2","0","0","4","47","4","4","2","2","5","1","4","3","5","3","3","2","0","2","4","0","2","1","0","0","0","0","0","0","0","0","0","0","0","0","0","0","0","0","0","0","0","0","0","0","0","0","ND","ND","0",
"Número_de_muertes_por_lesiones_debidas_a_accidentes_de_tráfico",	13,"Hidalgo","1999","269","7","13","8","35","31","26","23","18","24","19","14","13","9","8","7","6","3","3","0","0","0","2","218","4","9","8","24","28","25","20","14","22","15","12","9","8","4","4","5","3","2","0","0","0","2","51","3","4","0","11","3","1","3","4","2","4","2","4","1","4","3","1","0","1","0","0","0","0","0","0","0","0","0","0","0","0","0","0","0","0","0","0","0","0","0","0","0","ND","ND","ND","0",
"Número_de_muertes_por_lesiones_debidas_a_accidentes_de_tráfico",	14,"Jalisco","1999","1,214","64","56","56","120","141","109","90","89","71","65","70","54","47","37","42","44","20","17","7","3","0","12","950","35","38","42","95","121","95","80","75","59","51","55","44","33","28","26","23","14","14","7","3","0","12","264","29","18","14","25","20","14","10","14","12","14","15","10","14","9","16","21","6","3","0","0","0","0","0","0","0","0","0","0","0","0","0","0","0","0","0","0","0","0","0","0","0","0","0","ND","0",
"Número_de_muertes_por_lesiones_debidas_a_accidentes_de_tráfico",	15,"México","1999","1,648","54","66","65","137","194","187","155","123","122","103","95","67","73","57","51","39","23","17","5","2","0","13","1,297","36","46","47","106","161","152","134","103","100","88","68","55","54","40","35","32","14","10","4","1","0","11","351","18","20","18","31","33","35","21","20","22","15","27","12","19","17","16","7","9","7","1","1","0","2","0","0","0","0","0","0","0","0","0","0","0","0","0","0","0","0","0","0","0","0","0","ND","0",
"Número_de_muertes_por_lesiones_debidas_a_accidentes_de_tráfico",	16,"Michoacán_de_Ocampo","1999","460","19","19","31","45","42","48","32","32","30","21","24","18","19","21","20","12","9","8","1","4","1","4","361","11","11","25","38","33","43","29","27","27","19","18","15","12","13","13","10","5","4","1","3","1","3","99","8","8","6","7","9","5","3","5","3","2","6","3","7","8","7","2","4","4","0","1","0","1","0","0","0","0","0","0","0","0","0","0","0","0","0","0","0","0","0","0","0","0","0","0","0",
"Número_de_muertes_por_lesiones_debidas_a_accidentes_de_tráfico",	17,"Morelos","1999","154","4","7","2","19","14","16","12","18","8","11","7","7","4","4","7","5","3","2","0","0","0","4","124","1","6","2","16","11","16","8","14","6","11","6","7","4","3","3","2","2","2","0","0","0","4","30","3","1","0","3","3","0","4","4","2","0","1","0","0","1","4","3","1","0","0","0","0","0","0","0","0","0","0","0","0","0","0","0","0","0","0","0","0","0","0","0","0","ND","ND","ND","0",
"Número_de_muertes_por_lesiones_debidas_a_accidentes_de_tráfico",	18,"Nayarit","1999","147","8","5","8","12","17","15","10","18","9","7","9","1","4","8","3","5","4","1","0","1","1","1","119","3","3","5","12","16","14","8","14","6","7","9","1","2","5","2","5","3","1","0","1","1","1","28","5","2","3","0","1","1","2","4","3","0","0","0","2","3","1","0","1","0","0","0","0","0","0","0","0","0","0","0","0","0","0","0","0","0","0","0","0","0","0","0","0","ND","0","0","0",
"Número_de_muertes_por_lesiones_debidas_a_accidentes_de_tráfico",	19,"Nuevo_León","1999","148","5","2","5","22","16","15","13","14","17","9","6","4","6","5","3","0","1","1","1","0","0","3","124","5","2","3","16","14","14","12","12","12","8","4","4","5","5","3","0","0","1","1","0","0","3","24","0","0","2","6","2","1","1","2","5","1","2","0","1","0","0","0","1","0","0","0","0","0","0","0","0","0","0","0","0","0","0","0","0","0","0","0","0","0","ND","0","0","0","ND","ND","0",
"Número_de_muertes_por_lesiones_debidas_a_accidentes_de_tráfico",	20,"Oaxaca","1999","283","9","17","9","24","25","29","26","30","19","15","11","14","14","13","2","9","4","1","3","0","1","8","215","6","6","7","17","21","25","22","25","13","15","7","12","11","10","0","6","3","1","1","0","0","7","68","3","11","2","7","4","4","4","5","6","0","4","2","3","3","2","3","1","0","2","0","1","1","0","0","0","0","0","0","0","0","0","0","0","0","0","0","0","0","0","0","0","0","ND","0","0",
"Número_de_muertes_por_lesiones_debidas_a_accidentes_de_tráfico",	21,"Puebla","1999","664","24","29","26","51","74","77","50","52","35","35","31","36","29","34","22","29","8","11","4","0","0","7","521","10","20","18","43","60","68","40","47","31","30","24","27","26","25","12","17","6","8","4","0","0","5","143","14","9","8","8","14","9","10","5","4","5","7","9","3","9","10","12","2","3","0","0","0","2","0","0","0","0","0","0","0","0","0","0","0","0","0","0","0","0","0","0","0","0","ND","ND","0",
"Número_de_muertes_por_lesiones_debidas_a_accidentes_de_tráfico",	22,"Querétaro","1999","234","8","7","9","27","21","27","18","20","14","17","16","8","5","9","11","6","5","1","2","0","0","3","190","4","3","5","25","20","26","16","17","10","13","12","5","3","7","10","6","3","1","1","0","0","3","44","4","4","4","2","1","1","2","3","4","4","4","3","2","2","1","0","2","0","1","0","0","0","0","0","0","0","0","0","0","0","0","0","0","0","0","0","0","0","0","0","0","0","ND","ND","0",
"Número_de_muertes_por_lesiones_debidas_a_accidentes_de_tráfico",	23,"Quintana_Roo","1999","81","2","2","1","9","11","10","13","10","5","3","5","3","1","2","0","1","0","1","0","0","0","2","65","1","1","1","9","11","5","11","8","4","3","4","2","1","0","0","1","0","1","0","0","0","2","16","1","1","0","0","0","5","2","2","1","0","1","1","0","2","0","0","0","0","0","0","0","0","0","0","0","0","0","0","0","0","0","0","0","0","0","0","0","ND","0","ND","0","ND","ND","ND","0",
"Número_de_muertes_por_lesiones_debidas_a_accidentes_de_tráfico",	24,"San_Luis_Potosí","1999","253","8","7","10","21","31","34","21","19","14","13","12","13","13","7","14","7","4","4","0","0","0","1","193","5","4","7","17","23","25","18","14","10","10","9","10","9","7","12","5","3","4","0","0","0","1","60","3","3","3","4","8","9","3","5","4","3","3","3","4","0","2","2","1","0","0","0","0","0","0","0","0","0","0","0","0","0","0","0","0","0","0","0","0","0","0","0","0","ND","ND","ND","0",
"Número_de_muertes_por_lesiones_debidas_a_accidentes_de_tráfico",	25,"Sinaloa","1999","387","21","15","18","45","37","40","31","30","33","23","13","19","14","13","13","6","10","3","1","0","0","2","296","11","7","12","35","27","36","30","19","27","18","12","14","12","8","9","4","10","3","1","0","0","1","91","10","8","6","10","10","4","1","11","6","5","1","5","2","5","4","2","0","0","0","0","0","1","0","0","0","0","0","0","0","0","0","0","0","0","0","0","0","0","0","0","0","0","ND","ND","0",
"Número_de_muertes_por_lesiones_debidas_a_accidentes_de_tráfico",	26,"Sonora","1999","360","20","16","11","31","32","37","40","34","25","22","16","21","16","10","12","5","4","1","0","0","0","7","293","15","11","6","24","29","32","36","28","20","19","12","19","12","6","8","4","4","1","0","0","0","7","67","5","5","5","7","3","5","4","6","5","3","4","2","4","4","4","1","0","0","0","0","0","0","0","0","0","0","0","0","0","0","0","0","0","0","0","0","0","0","0","0","0","ND","ND","ND","0",
"Número_de_muertes_por_lesiones_debidas_a_accidentes_de_tráfico",	27,"Tabasco","1999","216","7","5","6","12","23","27","19","20","26","18","9","10","10","8","7","4","3","0","0","1","0","1","189","7","3","2","9","22","23","18","18","24","18","8","9","8","7","6","3","2","0","0","1","0","1","27","0","2","4","3","1","4","1","2","2","0","1","1","2","1","1","1","1","0","0","0","0","0","0","0","0","0","0","0","0","0","0","0","0","0","0","0","0","0","0","0","ND","ND","0","ND","0",
"Número_de_muertes_por_lesiones_debidas_a_accidentes_de_tráfico",	28,"Tamaulipas","1999","414","24","9","8","29","62","54","39","30","25","30","16","19","12","19","12","9","3","2","2","0","0","10","320","14","4","6","21","52","50","29","24","20","22","14","18","7","16","5","6","1","2","2","0","0","7","92","10","5","2","8","10","4","10","6","5","8","2","1","5","3","7","3","2","0","0","0","0","1","2","0","0","0","0","0","0","0","0","0","0","0","0","0","0","0","0","0","0","0","ND","ND","2",
"Número_de_muertes_por_lesiones_debidas_a_accidentes_de_tráfico",	29,"Tlaxcala","1999","156","6","5","3","17","18","16","12","10","8","9","12","7","6","4","6","3","6","4","0","1","0","3","125","4","4","2","16","13","14","11","10","7","5","8","6","6","2","5","3","3","3","0","0","0","3","31","2","1","1","1","5","2","1","0","1","4","4","1","0","2","1","0","3","1","0","1","0","0","0","0","0","0","0","0","0","0","0","0","0","0","0","0","0","0","0","0","0","ND","0","ND","0",
"Número_de_muertes_por_lesiones_debidas_a_accidentes_de_tráfico",	30,"Veracruz_de_Ignacio_de_la_Llave","1999","549","18","22","24","47","62","67","49","45","37","35","23","29","15","20","13","15","4","6","0","2","0","16","444","14","16","18","39","52","59","40","38","27","30","19","24","11","15","9","11","2","4","0","2","0","14","105","4","6","6","8","10","8","9","7","10","5","4","5","4","5","4","4","2","2","0","0","0","2","0","0","0","0","0","0","0","0","0","0","0","0","0","0","0","0","0","0","0","ND","0","ND","0",
"Número_de_muertes_por_lesiones_debidas_a_accidentes_de_tráfico",	31,"Yucatán","1999","102","4","3","2","11","12","11","7","4","6","9","6","1","2","3","4","10","3","1","2","0","0","1","83","4","2","1","9","10","10","6","4","6","7","6","1","2","0","3","6","2","1","2","0","0","1","19","0","1","1","2","2","1","1","0","0","2","0","0","0","3","1","4","1","0","0","0","0","0","0","0","0","0","0","0","0","0","0","0","0","0","0","0","0","0","0","0","0","0","ND","ND","0",
"Número_de_muertes_por_lesiones_debidas_a_accidentes_de_tráfico",	32,"Zacatecas","1999","297","17","12","16","37","38","33","23","19","25","12","12","8","9","13","9","7","6","1","0","0","0","ND","243","10","8","13","32","33","27","20","17","20","7","11","6","9","10","9","6","5","0","0","0","0","ND","54","7","4","3","5","5","6","3","2","5","5","1","2","0","3","0","1","1","1","0","0","0","ND","0","0","0","0","0","0","0","0","0","0","0","0","0","0","0","0","0","0","0","ND","ND","ND","ND",
"Número_de_muertes_por_lesiones_debidas_a_accidentes_de_tráfico",	00,"Estados_Unidos_Mexicanos","1998","11,760","480","439","496","1,036","1,377","1,257","1,063","932","774","674","570","528","475","394","359","317","199","162","54","11","4","159","9,266","275","288","352","817","1,147","1,076","906","801","631","551","459","419","350","288","263","212","143","98","33","9","4","144","2,489","205","151","144","218","230","181","157","131","142","123","111","109","125","106","96","105","56","64","21","2","0","12","5","0","0","0","1","0","0","0","0","1","0","0","0","0","0","0","0","0","0","0","0","0","3",
"Número_de_muertes_por_lesiones_debidas_a_accidentes_de_tráfico",	01,"Aguascalientes","1998","97","2","4","7","10","18","10","10","7","3","6","6","3","2","4","3","1","1","0","0","0","0","ND","78","0","3","6","9","14","7","8","7","2","5","6","2","2","3","2","1","1","0","0","0","0","ND","19","2","1","1","1","4","3","2","0","1","1","0","1","0","1","1","0","0","0","0","0","0","ND","0","0","0","0","0","0","0","0","0","0","0","0","0","0","0","0","0","0","ND","ND","ND","ND","ND",
"Número_de_muertes_por_lesiones_debidas_a_accidentes_de_tráfico",	02,"Baja_California","1998","151","9","2","4","14","19","24","9","19","13","5","8","4","4","4","5","0","3","0","0","0","0","5","110","3","2","2","10","15","20","7","12","8","5","6","2","3","3","5","0","2","0","0","0","0","5","41","6","0","2","4","4","4","2","7","5","0","2","2","1","1","0","0","1","0","0","0","0","0","0","0","0","0","0","0","0","0","0","0","0","0","0","0","0","0","ND","0","ND","ND","ND","ND","0",
"Número_de_muertes_por_lesiones_debidas_a_accidentes_de_tráfico",	03,"Baja_California_Sur","1998","93","6","3","4","13","16","13","10","5","2","4","4","3","4","2","1","1","1","0","0","0","0","1","68","0","1","3","12","14","9","10","4","2","3","2","2","1","2","1","0","1","0","0","0","0","1","25","6","2","1","1","2","4","0","1","0","1","2","1","3","0","0","1","0","0","0","0","0","0","0","0","0","0","0","0","0","0","0","0","0","0","0","0","0","0","0","0","ND","ND","ND","ND","0",
"Número_de_muertes_por_lesiones_debidas_a_accidentes_de_tráfico",	04,"Campeche","1998","83","5","4","3","3","6","9","6","8","5","5","7","7","5","2","3","0","2","0","1","0","0","2","70","0","3","1","2","6","9","5","8","4","4","7","7","5","2","3","0","2","0","0","0","0","2","13","5","1","2","1","0","0","1","0","1","1","0","0","0","0","0","0","0","0","1","0","0","0","0","0","0","0","0","0","0","0","0","0","0","0","0","0","0","0","ND","0","ND","0","ND","ND","0",
"Número_de_muertes_por_lesiones_debidas_a_accidentes_de_tráfico",	05,"Coahuila_de_Zaragoza","1998","266","10","7","11","19","33","33","26","19","21","17","13","11","10","10","5","8","5","4","2","0","0","2","207","6","2","7","15","24","28","20","18","17","16","10","10","7","6","4","6","3","4","2","0","0","2","59","4","5","4","4","9","5","6","1","4","1","3","1","3","4","1","2","2","0","0","0","0","0","0","0","0","0","0","0","0","0","0","0","0","0","0","0","0","0","0","0","0","0","ND","ND","0",
"Número_de_muertes_por_lesiones_debidas_a_accidentes_de_tráfico",	06,"Colima","1998","68","2","1","1","8","8","5","5","6","3","4","1","5","4","3","4","5","0","1","1","0","0","1","51","1","1","1","5","7","4","2","5","3","3","1","4","4","3","3","3","0","0","0","0","0","1","17","1","0","0","3","1","1","3","1","0","1","0","1","0","0","1","2","0","1","1","0","0","0","0","0","0","0","0","0","0","0","0","0","0","0","0","0","0","0","0","ND","0","0","ND","ND","0",
"Número_de_muertes_por_lesiones_debidas_a_accidentes_de_tráfico",	07,"Chiapas","1998","135","2","6","5","9","21","20","15","16","4","10","6","7","5","2","0","1","1","0","1","0","0","4","100","0","6","2","5","17","17","13","16","3","7","3","5","4","0","0","0","0","0","0","0","0","2","34","2","0","3","4","4","3","2","0","1","3","3","2","1","2","0","1","1","0","1","0","0","1","1","0","0","0","0","0","0","0","0","0","0","0","0","0","0","ND","0","0","ND","0","ND","ND","1",
"Número_de_muertes_por_lesiones_debidas_a_accidentes_de_tráfico",	08,"Chihuahua","1998","510","24","16","20","59","69","62","42","50","38","22","28","12","11","13","14","4","5","7","0","0","1","13","388","12","7","19","43","58","49","36","43","29","13","19","10","6","9","11","3","4","3","0","0","1","13","122","12","9","1","16","11","13","6","7","9","9","9","2","5","4","3","1","1","4","0","0","0","0","0","0","0","0","0","0","0","0","0","0","0","0","0","0","0","0","0","0","0","ND","ND","0","0",
"Número_de_muertes_por_lesiones_debidas_a_accidentes_de_tráfico",	09,"Ciudad_de_México","1998","1,066","27","25","36","87","122","118","103","70","61","66","64","49","48","33","41","54","32","20","9","0","0","1","780","12","19","24","63","106","89","87","59","44","49","50","34","35","20","22","32","19","11","4","0","0","1","286","15","6","12","24","16","29","16","11","17","17","14","15","13","13","19","22","13","9","5","0","0","0","0","0","0","0","0","0","0","0","0","0","0","0","0","0","0","0","0","0","0","0","ND","ND","0",
"Número_de_muertes_por_lesiones_debidas_a_accidentes_de_tráfico",	10,"Durango","1998","191","6","15","6","14","23","19","12","12","12","9","8","13","8","11","6","4","1","3","1","0","0","8","152","5","9","5","12","19","16","12","11","12","5","6","8","6","7","3","4","1","2","1","0","0","8","39","1","6","1","2","4","3","0","1","0","4","2","5","2","4","3","0","0","1","0","0","0","0","0","0","0","0","0","0","0","0","0","0","0","0","0","0","0","0","0","0","0","0","ND","ND","0",
"Número_de_muertes_por_lesiones_debidas_a_accidentes_de_tráfico",	11,"Guanajuato","1998","786","57","33","45","80","81","78","49","57","43","40","32","47","20","28","31","16","19","19","4","1","0","6","636","41","21","38","68","73","63","40","50","35","32","29","41","16","20","25","9","14","11","3","1","0","6","150","16","12","7","12","8","15","9","7","8","8","3","6","4","8","6","7","5","8","1","0","0","0","0","0","0","0","0","0","0","0","0","0","0","0","0","0","0","0","0","0","0","0","0","ND","0",
"Número_de_muertes_por_lesiones_debidas_a_accidentes_de_tráfico",	12,"Guerrero","1998","229","6","10","14","17","30","21","19","22","13","15","12","8","8","10","5","9","2","3","0","0","0","5","186","4","9","11","14","25","20","14","20","12","12","7","7","6","7","4","6","2","2","0","0","0","4","43","2","1","3","3","5","1","5","2","1","3","5","1","2","3","1","3","0","1","0","0","0","1","0","0","0","0","0","0","0","0","0","0","0","0","0","0","0","0","0","0","0","ND","ND","ND","0",
"Número_de_muertes_por_lesiones_debidas_a_accidentes_de_tráfico",	13,"Hidalgo","1998","274","9","6","11","36","32","29","32","21","20","17","16","8","10","8","5","7","3","2","0","1","0","1","218","5","3","7","29","25","24","28","20","18","15","12","7","7","4","4","6","2","0","0","1","0","1","56","4","3","4","7","7","5","4","1","2","2","4","1","3","4","1","1","1","2","0","0","0","0","0","0","0","0","0","0","0","0","0","0","0","0","0","0","0","0","0","0","0","ND","0","ND","0",
"Número_de_muertes_por_lesiones_debidas_a_accidentes_de_tráfico",	14,"Jalisco","1998","1,278","65","52","63","106","148","133","87","76","89","69","59","54","49","44","43","46","37","18","10","0","0","30","973","35","34","46","79","122","109","77","67","71","49","45","45","35","24","32","31","26","13","6","0","0","27","305","30","18","17","27","26","24","10","9","18","20","14","9","14","20","11","15","11","5","4","0","0","3","0","0","0","0","0","0","0","0","0","0","0","0","0","0","0","0","0","0","0","0","ND","ND","0",
"Número_de_muertes_por_lesiones_debidas_a_accidentes_de_tráfico",	15,"México","1998","1,618","64","68","54","151","218","158","161","149","98","84","69","69","68","48","40","44","25","21","8","3","0","18","1,277","38","48","37","119","184","134","136","124","82","70","59","52","49","38","27","26","20","11","5","3","0","15","341","26","20","17","32","34","24","25","25","16","14","10","17","19","10","13","18","5","10","3","0","0","3","0","0","0","0","0","0","0","0","0","0","0","0","0","0","0","0","0","0","0","0","0","ND","0",
"Número_de_muertes_por_lesiones_debidas_a_accidentes_de_tráfico",	16,"Michoacán_de_Ocampo","1998","349","23","22","17","39","36","35","21","16","22","20","18","17","15","15","6","11","5","6","2","1","1","1","278","14","12","14","35","31","33","17","13","16","17","16","16","10","12","5","7","4","3","1","0","1","1","71","9","10","3","4","5","2","4","3","6","3","2","1","5","3","1","4","1","3","1","1","0","0","0","0","0","0","0","0","0","0","0","0","0","0","0","0","0","0","0","0","0","0","0","0","0",
"Número_de_muertes_por_lesiones_debidas_a_accidentes_de_tráfico",	17,"Morelos","1998","127","1","7","2","13","9","17","11","8","16","4","2","5","6","4","8","4","4","2","0","0","1","3","98","1","3","1","12","7","15","10","8","8","4","1","3","6","3","7","2","3","1","0","0","1","2","29","0","4","1","1","2","2","1","0","8","0","1","2","0","1","1","2","1","1","0","0","0","1","0","0","0","0","0","0","0","0","0","0","0","0","0","0","0","0","0","0","0","ND","ND","0","0",
"Número_de_muertes_por_lesiones_debidas_a_accidentes_de_tráfico",	18,"Nayarit","1998","147","3","5","5","14","14","19","12","13","16","4","8","13","4","4","6","5","2","0","0","0","0","ND","122","2","4","5","10","13","16","11","11","14","2","7","11","4","3","3","4","2","0","0","0","0","ND","24","1","1","0","3","1","3","1","2","2","2","1","2","0","1","3","1","0","0","0","0","0","ND","1","0","0","0","1","0","0","0","0","0","0","0","0","0","0","0","0","0","ND","ND","ND","ND","ND",
"Número_de_muertes_por_lesiones_debidas_a_accidentes_de_tráfico",	19,"Nuevo_León","1998","302","10","8","12","14","32","41","28","28","18","18","18","15","14","11","13","10","2","6","1","0","0","3","241","7","6","7","9","24","39","23","23","15","12","15","14","10","10","11","7","2","4","1","0","0","2","61","3","2","5","5","8","2","5","5","3","6","3","1","4","1","2","3","0","2","0","0","0","1","0","0","0","0","0","0","0","0","0","0","0","0","0","0","0","0","0","0","0","0","ND","ND","0",
"Número_de_muertes_por_lesiones_debidas_a_accidentes_de_tráfico",	20,"Oaxaca","1998","313","14","16","13","18","35","23","29","35","26","27","17","11","12","3","10","9","4","5","0","0","0","6","244","9","10","7","14","27","20","22","29","23","24","14","11","9","3","7","4","2","3","0","0","0","6","69","5","6","6","4","8","3","7","6","3","3","3","0","3","0","3","5","2","2","0","0","0","0","0","0","0","0","0","0","0","0","0","0","0","0","0","0","0","0","0","0","0","ND","ND","ND","0",
"Número_de_muertes_por_lesiones_debidas_a_accidentes_de_tráfico",	21,"Puebla","1998","638","13","22","32","61","68","62","52","47","39","40","36","27","32","26","21","23","9","9","5","0","0","14","496","7","16","19","50","54","54","43","40","33","34","25","20","19","22","16","17","4","7","4","0","0","12","140","6","6","13","11","14","8","9","7","5","6","11","7","13","4","5","6","5","2","1","0","0","1","2","0","0","0","0","0","0","0","0","1","0","0","0","0","0","0","0","0","0","0","ND","ND","1",
"Número_de_muertes_por_lesiones_debidas_a_accidentes_de_tráfico",	22,"Querétaro","1998","231","8","7","16","15","30","22","27","23","12","12","6","10","14","9","6","3","5","4","2","0","0","ND","194","7","4","12","15","25","19","25","20","11","11","5","8","12","8","4","1","5","2","0","0","0","ND","37","1","3","4","0","5","3","2","3","1","1","1","2","2","1","2","2","0","2","2","0","0","ND","0","0","0","0","0","0","0","0","0","0","0","0","0","0","0","0","0","0","0","0","ND","ND","ND",
"Número_de_muertes_por_lesiones_debidas_a_accidentes_de_tráfico",	23,"Quintana_Roo","1998","57","3","2","5","5","4","8","9","2","4","2","3","0","0","0","1","1","1","0","0","0","0","7","45","2","1","5","4","3","7","6","2","3","2","3","0","0","0","0","1","0","0","0","0","0","6","11","1","1","0","1","1","1","3","0","1","0","0","0","0","0","1","0","1","0","0","0","0","0","1","0","0","0","0","0","0","0","0","0","0","0","ND","ND","ND","0","0","0","ND","ND","ND","ND","1",
"Número_de_muertes_por_lesiones_debidas_a_accidentes_de_tráfico",	24,"San_Luis_Potosí","1998","265","11","8","10","24","22","36","26","15","14","17","18","16","17","6","11","5","5","2","0","0","0","2","214","5","6","3","16","17","36","25","15","8","16","15","13","15","5","7","4","4","2","0","0","0","2","51","6","2","7","8","5","0","1","0","6","1","3","3","2","1","4","1","1","0","0","0","0","0","0","0","0","0","0","0","0","0","0","0","0","0","0","0","0","0","0","0","0","ND","ND","ND","0",
"Número_de_muertes_por_lesiones_debidas_a_accidentes_de_tráfico",	25,"Sinaloa","1998","414","24","13","12","34","47","50","34","30","41","21","25","25","14","16","11","6","4","5","0","0","0","2","342","16","7","8","26","40","47","32","25","35","19","22","22","7","14","9","5","3","3","0","0","0","2","72","8","6","4","8","7","3","2","5","6","2","3","3","7","2","2","1","1","2","0","0","0","0","0","0","0","0","0","0","0","0","0","0","0","0","0","0","0","0","0","0","0","ND","ND","ND","0",
"Número_de_muertes_por_lesiones_debidas_a_accidentes_de_tráfico",	26,"Sonora","1998","343","21","15","18","28","41","41","40","25","22","20","17","12","13","12","6","5","2","1","1","1","0","2","286","13","12","12","25","34","40","36","22","18","15","15","10","10","7","6","4","2","1","1","1","0","2","57","8","3","6","3","7","1","4","3","4","5","2","2","3","5","0","1","0","0","0","0","0","0","0","0","0","0","0","0","0","0","0","0","0","0","0","0","0","0","0","0","0","0","0","ND","0",
"Número_de_muertes_por_lesiones_debidas_a_accidentes_de_tráfico",	27,"Tabasco","1998","220","6","11","15","10","23","22","27","17","14","26","6","11","9","11","2","3","1","2","0","0","0","4","180","4","3","11","9","18","20","25","14","12","25","6","7","7","9","2","2","1","1","0","0","0","4","40","2","8","4","1","5","2","2","3","2","1","0","4","2","2","0","1","0","1","0","0","0","0","0","0","0","0","0","0","0","0","0","0","0","0","0","0","0","0","0","0","0","ND","ND","ND","0",
"Número_de_muertes_por_lesiones_debidas_a_accidentes_de_tráfico",	28,"Tamaulipas","1998","456","9","12","13","42","67","64","54","37","30","27","16","15","24","11","13","6","6","5","2","0","0","3","381","6","10","9","34","55","57","44","30","29","24","14","12","18","8","12","5","6","3","2","0","0","3","75","3","2","4","8","12","7","10","7","1","3","2","3","6","3","1","1","0","2","0","0","0","0","0","0","0","0","0","0","0","0","0","0","0","0","0","0","0","0","0","0","0","0","ND","ND","0",
"Número_de_muertes_por_lesiones_debidas_a_accidentes_de_tráfico",	29,"Tlaxcala","1998","127","6","6","6","13","9","7","9","14","11","11","4","9","6","3","5","4","2","2","0","0","0","ND","92","1","2","2","8","9","7","7","11","9","10","4","5","3","3","3","4","2","2","0","0","0","ND","35","5","4","4","5","0","0","2","3","2","1","0","4","3","0","2","0","0","0","0","0","0","ND","0","0","0","0","0","0","0","0","0","0","0","0","0","0","0","0","0","0","0","ND","ND","ND","ND",
"Número_de_muertes_por_lesiones_debidas_a_accidentes_de_tráfico",	30,"Veracruz_de_Ignacio_de_la_Llave","1998","506","15","14","20","42","50","48","65","42","40","31","20","28","22","20","17","7","5","7","1","3","0","9","409","6","8","15","30","38","42","57","37","34","29","17","22","20","16","12","7","3","4","0","3","0","9","97","9","6","5","12","12","6","8","5","6","2","3","6","2","4","5","0","2","3","1","0","0","0","0","0","0","0","0","0","0","0","0","0","0","0","0","0","0","0","0","0","0","0","0","ND","0",
"Número_de_muertes_por_lesiones_debidas_a_accidentes_de_tráfico",	31,"Yucatán","1998","118","5","3","2","9","11","11","8","13","9","7","4","3","5","8","5","7","2","3","1","0","0","2","102","3","3","2","8","9","11","7","13","7","7","2","3","4","6","4","7","1","2","1","0","0","2","16","2","0","0","1","2","0","1","0","2","0","2","0","1","2","1","0","1","1","0","0","0","0","0","0","0","0","0","0","0","0","0","0","0","0","0","0","0","0","0","0","0","0","ND","ND","0",
"Número_de_muertes_por_lesiones_debidas_a_accidentes_de_tráfico",	32,"Zacatecas","1998","302","14","16","14","29","35","19","25","30","15","14","19","11","12","13","12","8","3","5","2","1","1","4","248","10","13","11","27","34","15","21","24","14","12","16","6","10","11","9","4","2","3","2","0","1","3","54","4","3","3","2","1","4","4","6","1","2","3","5","2","2","3","4","1","2","0","1","0","1","0","0","0","0","0","0","0","0","0","0","0","0","0","0","0","0","0","0","0","0","0","0","0",
