"Serie","cvegeo","Entidad_federativa","Periodo","Sexo|Total_Grupo_de_edad|Total","Sexo|Total_Grupo_de_edad|De_0_a_14_años","Sexo|Total_Grupo_de_edad|De_15_a_24_años","Sexo|Total_Grupo_de_edad|De_25_a_64_años","Sexo|Total_Grupo_de_edad|De_65_años_y_más","Sexo|Hombres_Grupo_de_edad|Total","Sexo|Hombres_Grupo_de_edad|De_0_a_14_años","Sexo|Hombres_Grupo_de_edad|De_15_a_24_años","Sexo|Hombres_Grupo_de_edad|De_25_a_64_años","Sexo|Hombres_Grupo_de_edad|De_65_años_y_más","Sexo|Mujeres_Grupo_de_edad|Total","Sexo|Mujeres_Grupo_de_edad|De_0_a_14_años","Sexo|Mujeres_Grupo_de_edad|De_15_a_24_años","Sexo|Mujeres_Grupo_de_edad|De_25_a_64_años","Sexo|Mujeres_Grupo_de_edad|De_65_años_y_más",
"Número_de_defunciones_por_homicidio_por_cada_100_000_habitantes,_desglosado_por_sexo_y_edad",	00,"Estados_Unidos_Mexicanos","2024","25.3639373467353","1.1236247184579","28.8891649270778","35.3221374273461","8.6293475910124","45.5108157887912","1.3973636405981","50.5988632509382","65.6635758211446","15.836123068967","5.533609403069","0.8331887973378","6.7277928716475","7.4015667370994","2.475883655256",
"Número_de_defunciones_por_homicidio_por_cada_100_000_habitantes,_desglosado_por_sexo_y_edad",	01,"Aguascalientes","2024","9.8680878455873","0.5040398796353","7.6810814962747","15.34720720865","2.7107617240445","17.5996245413431","0.9892419933226","12.2879426369925","29.2405803558996","3.9679390524562","1.9226603466685","0","2.9618221129639","2.5625781586338","1.6593103906017",
"Número_de_defunciones_por_homicidio_por_cada_100_000_habitantes,_desglosado_por_sexo_y_edad",	02,"Baja_California","2024","60.414472753564","1.3431382425036","43.5902858400625","81.413969762478","18.7254228824668","102.300701151778","1.7498769617761","73.4877040820603","139.676198655773","32.3619834953884","15.4082820762785","0.9168949353016","11.8614816176689","20.9352692590582","6.5609909720764",
"Número_de_defunciones_por_homicidio_por_cada_100_000_habitantes,_desglosado_por_sexo_y_edad",	03,"Baja_California_Sur","2024","9.5931380847582","0","6.6429733948916","12.7788178315624","8.5962348491361","15.2641696844741","0","8.9928057553957","21.2743768901867","10.5924722830309","3.6865425069872","0","4.1268312813811","3.9164150007398","6.7017391012968",
"Número_de_defunciones_por_homicidio_por_cada_100_000_habitantes,_desglosado_por_sexo_y_edad",	04,"Campeche","2024","11.3129400131356","0","7.5064273784428","17.9177513428016","5.3006108954057","21.541887239951","0","13.610829270707","35.7373519913886","8.1868791616636","1.2350634513848","0","1.2651021569992","1.5791426834372","2.5760581158711",
"Número_de_defunciones_por_homicidio_por_cada_100_000_habitantes,_desglosado_por_sexo_y_edad",	05,"Coahuila_de_Zaragoza","2024","3.5725013850886","0.4711464052118","4.2436266032952","5.005324115592","2.6292956117056","5.726017232926","0.461218446893","5.8894447292934","8.4512483701164","4.7622071242619","1.4265055428656","0.4815111746706","2.5279701843974","1.6471886607533","0.7130684046521",
"Número_de_defunciones_por_homicidio_por_cada_100_000_habitantes,_desglosado_por_sexo_y_edad",	06,"Colima","2024","119.361951344921","4.7786585110895","124.883167476967","174.725109203193","46.1647214968911","204.52227358828","4.6715328467153","208.503868905123","302.911661068639","94.004912514783","35.5916263554694","4.8908126085149","38.3558141021543","52.8831087433406","2.7517886626307",
"Número_de_defunciones_por_homicidio_por_cada_100_000_habitantes,_desglosado_por_sexo_y_edad",	07,"Chiapas","2024","15.4607861710235","0.9738261166838","14.6329182492486","23.847382874134","9.0564297907141","28.4620249338207","0.9082028884888","25.775457377265","46.3424864495058","15.1295255492858","2.9832548607598","1.0415592558684","3.6151525503998","3.8999560171627","3.2271424191735",
"Número_de_defunciones_por_homicidio_por_cada_100_000_habitantes,_desglosado_por_sexo_y_edad",	08,"Chihuahua","2024","58.451086249382","2.8686051354407","64.2988320731244","79.5162979014654","16.143653681374","104.65100543654","2.9137225927969","113.348805445277","145.192822789639","27.9874989171503","11.4425566169207","2.8215540685725","12.9721570338573","14.9611447413033","5.8125679343877",
"Número_de_defunciones_por_homicidio_por_cada_100_000_habitantes,_desglosado_por_sexo_y_edad",	09,"Ciudad_de_México","2024","10.6257940825409","1.1140805362266","15.4358272261147","13.4414667144925","4.0651287832799","19.4084477250333","1.5424739482577","27.7408389181953","24.8821014482267","7.682556754888","2.5060484523585","0.668492989514","2.7283888863626","3.0630641143077","1.4098141864902",
"Número_de_defunciones_por_homicidio_por_cada_100_000_habitantes,_desglosado_por_sexo_y_edad",	10,"Durango","2024","5.7478051222349","0.7950721428586","5.0273249899454","8.3022272909505","8.2746680585083","9.595512252731","1.1666342601594","8.1516201345017","13.9399458140816","16.0642570281125","1.9680675855125","0.406588357749","1.8028087760731","2.9745969421143","1.2135038710774",
"Número_de_defunciones_por_homicidio_por_cada_100_000_habitantes,_desglosado_por_sexo_y_edad",	11,"Guanajuato","2024","62.253742861648","2.9572496371334","87.2521905587842","86.5483942987028","16.5202009823476","107.939694727495","4.2762657746693","149.090111817584","159.050545746739","31.9694494685626","15.9081242790693","1.5949178555961","24.7999617372019","21.5557426755012","3.3579708901235",
"Número_de_defunciones_por_homicidio_por_cada_100_000_habitantes,_desglosado_por_sexo_y_edad",	12,"Guerrero","2024","47.7163127960955","1.1739064083551","43.929842644235","72.1745749496904","18.8773632099068","86.6138920850797","1.3464205409918","77.6003955116933","137.491781832148","31.9519225539784","11.1212640172037","0.9953596333891","10.7817375848292","16.0441535104608","7.6136929339073",
"Número_de_defunciones_por_homicidio_por_cada_100_000_habitantes,_desglosado_por_sexo_y_edad",	13,"Hidalgo","2024","11.4569468461997","0.6455069488823","10.8667266089328","17.7434275896839","5.6169322422443","20.5039107536944","1.0182288418411","18.6026268313058","32.973799733826","11.3066747069687","3.1197758470486","0.2619542837384","3.1507861211372","4.6629961683819","0.6570820301206",
"Número_de_defunciones_por_homicidio_por_cada_100_000_habitantes,_desglosado_por_sexo_y_edad",	14,"Jalisco","2024","21.1769413944018","0.9277552359026","23.1113448810363","28.5820966283561","8.5212218366961","38.265924286298","0.9092851654672","39.194936014267","53.437410383924","16.2786911932281","4.3651777903336","0.8522920975477","6.4834287613004","5.0358050153968","1.9653218951599",
"Número_de_defunciones_por_homicidio_por_cada_100_000_habitantes,_desglosado_por_sexo_y_edad",	15,"México","2024","18.7159209305985","1.1904257036718","21.1515723661824","24.1383293306576","6.770775054184","32.8541883185706","1.5595210710791","36.6719695602972","44.87232912944","12.4748923053601","4.4797157697581","0.8079751184062","5.344996114856","5.4398920991173","2.0784160391366",
"Número_de_defunciones_por_homicidio_por_cada_100_000_habitantes,_desglosado_por_sexo_y_edad",	16,"Michoacán_de_Ocampo","2024","32.6887998249129","1.2603805311244","43.0762296679022","47.2589591934132","8.0197974428303","59.5012800361518","1.4588338957138","78.0002055095235","88.5613990025471","15.7121533506167","6.7967395962034","1.0552975939215","7.7871695762364","9.9177472038807","1.2889034009864",
"Número_de_defunciones_por_homicidio_por_cada_100_000_habitantes,_desglosado_por_sexo_y_edad",	17,"Morelos","2024","75.1021095130643","2.8063873375803","99.9721485216728","109.332608305807","20.7552950711116","142.231670589426","3.384839304754","180.051459868853","214.769569720985","39.8982056590752","12.3099182905501","2.2037984670378","18.3516652656256","16.1631864359992","4.5611282406816",
"Número_de_defunciones_por_homicidio_por_cada_100_000_habitantes,_desglosado_por_sexo_y_edad",	18,"Nayarit","2024","14.4337392090616","0.3041473533097","16.3994007570318","19.1708151053452","11.8002056607272","26.4919430608052","0","31.5534831539459","35.7584660584506","19.2045811655435","2.4235887896901","0.6198859409869","0.8966519017987","3.3745643744171","4.8888599178672",
"Número_de_defunciones_por_homicidio_por_cada_100_000_habitantes,_desglosado_por_sexo_y_edad",	19,"Nuevo_León","2024","26.6003022415748","1.2663036596176","33.5922818373251","38.8301788027065","4.5731373909655","47.1418850754728","1.5656210492531","57.4048505222716","69.5947846720239","8.1780226402101","5.8895364902947","0.9537291490965","8.646949002653","7.9250693904332","1.4781583624962",
"Número_de_defunciones_por_homicidio_por_cada_100_000_habitantes,_desglosado_por_sexo_y_edad",	20,"Oaxaca","2024","19.9603439027996","0.9493610799932","14.3672180366324","35.3478100040277","8.0704754266633","37.1850842724547","1.0217322448479","25.4469458250766","69.1586883443258","15.3796296804882","4.1409010600707","0.8749886251479","3.4633879927002","6.5458964144161","1.8652540476013",
"Número_de_defunciones_por_homicidio_por_cada_100_000_habitantes,_desglosado_por_sexo_y_edad",	21,"Puebla","2024","15.094281313337","0.6976356056041","13.3345114829423","22.1513008583106","8.2105023521223","27.7073956473552","0.9493200231634","24.0064145139581","42.2464026255786","15.0445066655523","3.2578056194386","0.4369722194911","2.5804079302387","4.6927007274803","2.6971534916338",
"Número_de_defunciones_por_homicidio_por_cada_100_000_habitantes,_desglosado_por_sexo_y_edad",	22,"Querétaro","2024","8.4014335377554","0.4860818561846","9.0668407500091","11.5118928118128","3.7931538990913","14.6341730635741","0.6365737056865","14.7765384391498","20.4077592128088","7.1676880622155","2.408066420492","0.3300351817504","3.2133528582774","3.2522900363974","0.9917289803043",
"Número_de_defunciones_por_homicidio_por_cada_100_000_habitantes,_desglosado_por_sexo_y_edad",	23,"Quintana_Roo","2024","32.215322558343","1.7947056184256","40.1223440752672","40.9539675612316","13.0233117279931","56.0742801151161","2.3481711660235","71.4469434997571","72.2359899727863","24.9179783213589","7.0365961638823","1.2197253991551","7.6926263218003","9.5219444888602","1.9356212376362",
"Número_de_defunciones_por_homicidio_por_cada_100_000_habitantes,_desglosado_por_sexo_y_edad",	24,"San_Luis_Potosí","2024","17.2878040462934","0.6790461303198","24.3062906248285","23.7637152317101","6.3914339746072","32.0575450318107","0.8027206879851","43.7660703539581","45.673865180119","12.7693535514765","2.9648135922867","0.5515750224767","4.7197640117994","3.814419294122","0.710828043588",
"Número_de_defunciones_por_homicidio_por_cada_100_000_habitantes,_desglosado_por_sexo_y_edad",	25,"Sinaloa","2024","32.5995692560791","0.4037109106911","32.3166813168955","42.9986948854284","12.1091844800619","61.2479265024882","0.7904930041369","59.7321522878507","82.9850808101208","22.0009510088501","3.5037533958253","0","4.1205137906105","4.9301095347086","3.1970944805361",
"Número_de_defunciones_por_homicidio_por_cada_100_000_habitantes,_desglosado_por_sexo_y_edad",	26,"Sonora","2024","51.5794561436435","1.3956792561588","55.7211037623858","71.813602682724","10.9509833983092","92.98339390665","1.639026309104","102.2316961761","132.548792319226","20.7236387639501","7.5040447448075","1.1414678134613","6.51947982221","10.7460543017087","2.0882348846598",
"Número_de_defunciones_por_homicidio_por_cada_100_000_habitantes,_desglosado_por_sexo_y_edad",	27,"Tabasco","2024","34.2872696324072","0.4760877017025","50.6486561615857","49.6534907387227","6.4354205547333","61.9962286321052","0.9334540600584","88.9067742282658","93.0972788549555","10.0249509891285","7.7785865038349","0","11.8603702333172","10.7202451051982","3.1026351714723",
"Número_de_defunciones_por_homicidio_por_cada_100_000_habitantes,_desglosado_por_sexo_y_edad",	28,"Tamaulipas","2024","15.7627814369309","0.8101054873074","17.2731183896336","16.3926415953823","8.307922373235","28.2611153140462","0.680983976447","30.1922871286506","30.5231933278879","15.2274517852532","2.662925788519","0.9444074551525","3.9051440510012","2.8781326675253","1.7246533446777",
"Número_de_defunciones_por_homicidio_por_cada_100_000_habitantes,_desglosado_por_sexo_y_edad",	29,"Tlaxcala","2024","12.30341622527","0.8130984743562","14.1930091544909","17.3693667015003","4.7390669724945","21.9452120456114","0.5322376334586","23.4422617094097","32.2734842879891","10.345327015787","3.2526363295083","1.1045269035141","4.7743331847985","4.2787269717577","0",
"Número_de_defunciones_por_homicidio_por_cada_100_000_habitantes,_desglosado_por_sexo_y_edad",	30,"Veracruz_de_Ignacio_de_la_Llave","2024","10.3719034854394","0.3771472474447","11.0608143001382","15.7907802408131","4.9471771054067","18.8740417646435","0.6347721855524","19.3530138597353","30.0392093511161","7.8741757516028","2.5101275357912","0.1097914182636","2.701376351251","3.4695734387718","2.4161115101356",
"Número_de_defunciones_por_homicidio_por_cada_100_000_habitantes,_desglosado_por_sexo_y_edad",	31,"Yucatán","2024","2.6173793992108","0.1775763667165","2.1717570238242","3.1902220472355","5.8910428958554","4.1711342786269","0","3.8198191315641","5.2992553743282","8.6837382528319","1.1104844805828","0.3619857088042","0.4878596135176","1.2076419583122","3.4178686171304",
"Número_de_defunciones_por_homicidio_por_cada_100_000_habitantes,_desglosado_por_sexo_y_edad",	32,"Zacatecas","2024","33.5050392992324","1.7106664328756","53.4257110383644","44.9401891527512","7.6088760998285","62.2518055431801","2.9446655280627","97.8413746713141","85.5895846512889","12.9703555318566","5.877241706751","0.4349036253566","8.8622868790434","8.1740593821373","2.6603173758629",
"Número_de_defunciones_por_homicidio_por_cada_100_000_habitantes,_desglosado_por_sexo_y_edad",	00,"Estados_Unidos_Mexicanos","2023","24.594438644711","1.1782334816537","27.1800542650361","34.3340893527164","8.7639291175644","44.0346325532636","1.4332292501199","46.5688281117265","64.1389254417111","15.1684793336548","5.5808315764436","0.9073590791011","7.4083222365456","6.9346507667136","3.3186886880863",
"Número_de_defunciones_por_homicidio_por_cada_100_000_habitantes,_desglosado_por_sexo_y_edad",	01,"Aguascalientes","2023","7.545476387623","0.5005606279033","8.790403809175","10.3657047929109","6.6619081608375","13.2352663124657","0.9824196012359","14.4836226436956","19.9447246203379","6.2748379000209","1.8172543104623","0","2.9643243563711","1.5697888895575","6.9850694141273",
"Número_de_defunciones_por_homicidio_por_cada_100_000_habitantes,_desglosado_por_sexo_y_edad",	02,"Baja_California","2023","66.1511877541759","0.888965932603","42.7544827427361","74.711542093798","19.1403762556271","113.550750152942","1.303531701891","70.5114035406798","131.865627547143","33.713326956549","14.7694200170152","0.4549238684906","13.3422281521014","15.6247336693125","6.2443194038756",
"Número_de_defunciones_por_homicidio_por_cada_100_000_habitantes,_desglosado_por_sexo_y_edad",	03,"Baja_California_Sur","2023","5.7619219927953","0.9644782654823","2.6920799009315","7.6558624219649","3.6596523330284","9.7130362499548","0","5.2036581716947","12.8587042712329","7.5187969924812","1.6468185817598","1.9716865807011","0","2.2335288415579","0",
"Número_de_defunciones_por_homicidio_por_cada_100_000_habitantes,_desglosado_por_sexo_y_edad",	04,"Campeche","2023","12.1015562601351","0","8.7591423548329","20.4009834106697","4.1489185152404","21.1925633368654","0","16.1026606550067","36.0833481869204","8.5287846481876","3.3116283690644","0","1.2642065207772","5.991707476852","0",
"Número_de_defunciones_por_homicidio_por_cada_100_000_habitantes,_desglosado_por_sexo_y_edad",	05,"Coahuila_de_Zaragoza","2023","3.9496637961756","0.3522325674232","4.9609326553392","5.6433100379922","1.9790301960427","6.8291273765212","0.4598208537954","7.9878029721573","9.970494721177","4.1879905183895","1.0829927421436","0.2399474035291","1.8085079447754","1.4361419482702","0",
"Número_de_defunciones_por_homicidio_por_cada_100_000_habitantes,_desglosado_por_sexo_y_edad",	06,"Colima","2023","118.166634759475","1.1697753446451","139.052557152958","169.724420468714","51.3967831660418","200.838025332796","1.1436675129806","216.493729413766","298.354608298543","95.4168124423523","36.6036038862569","1.1971030107141","59.0837232326781","47.121379713998","11.523724467748",
"Número_de_defunciones_por_homicidio_por_cada_100_000_habitantes,_desglosado_por_sexo_y_edad",	07,"Chiapas","2023","10.6283650883769","0.6690519225464","7.9897804279767","17.786410948004","5.703563015816","19.3405359049134","0.9120740360898","13.3173278781612","34.4048010863627","10.4544187343184","2.104890647642","0.4182849063983","2.7360180358309","3.0201955318785","1.1205611770375",
"Número_de_defunciones_por_homicidio_por_cada_100_000_habitantes,_desglosado_por_sexo_y_edad",	08,"Chihuahua","2023","63.7548329050927","1.891014529295","75.7756865813285","82.6390503258318","14.7248417897554","112.417198358191","1.8526485669763","126.583358697415","149.223703113579","26.7411666185795","15.1562916798021","1.9310031132061","23.0327655855047","17.5048904905919","4.2812670103913",
"Número_de_defunciones_por_homicidio_por_cada_100_000_habitantes,_desglosado_por_sexo_y_edad",	09,"Ciudad_de_México","2023","8.1330462259575","0.5711808783873","9.5866892844232","11.1824554754136","2.3453213653148","14.9266524652384","0.6226688833679","16.2813884998646","21.2111356442024","3.559771907615","1.8749937500208","0.5176733688112","2.6768426343701","2.1180181631013","1.4598895350252",
"Número_de_defunciones_por_homicidio_por_cada_100_000_habitantes,_desglosado_por_sexo_y_edad",	10,"Durango","2023","4.8434894814676","0.3918042389301","2.3725284925844","8.1010927597316","5.9724471106628","8.1829494963235","0.3832445483463","4.6745354680379","14.1812176633928","8.3666838648502","1.5649844127553","0.4007550224623","0","2.3711240205641","3.7984780764507",
"Número_de_defunciones_por_homicidio_por_cada_100_000_habitantes,_desglosado_por_sexo_y_edad",	11,"Guanajuato","2023","60.1325063842131","2.9354096064574","87.9206974632112","85.5462529848758","16.7644593461861","105.595403381167","4.0076475344717","148.517969099866","156.276557572095","28.6831693536271","16.8475250500881","1.8272738900834","26.63712474289","22.1771561996935","6.6004294161726",
"Número_de_defunciones_por_homicidio_por_cada_100_000_habitantes,_desglosado_por_sexo_y_edad",	12,"Guerrero","2023","48.3600451138459","0.9633103969128","44.7224423095969","79.3921962068173","17.4086849995164","91.0394690670356","1.8946247600931","80.6736562989553","157.186232098235","29.257079168263","8.5085706457524","0","9.497519921814","12.4799223471498","7.2013682599694",
"Número_de_defunciones_por_homicidio_por_cada_100_000_habitantes,_desglosado_por_sexo_y_edad",	13,"Hidalgo","2023","12.299395160978","1.1461259668846","9.1901531044161","18.3402795582613","8.0381446500667","21.5605027082961","1.2550767855977","15.5756071831868","34.8295176111811","14.9016101581924","3.0381158439528","1.0339337041709","2.8235626301486","4.1749876489949","2.0520958739192",
"Número_de_defunciones_por_homicidio_por_cada_100_000_habitantes,_desglosado_por_sexo_y_edad",	14,"Jalisco","2023","20.3079132978025","1.1970230956398","22.1748038459342","28.4364321202993","7.6255970495872","36.7832715714742","1.1734641836165","38.6970089565273","53.6067515068293","14.536732505951","4.0212475491287","1.2215473434164","5.1261505172691","4.6638674492995","1.7900203806606",
"Número_de_defunciones_por_homicidio_por_cada_100_000_habitantes,_desglosado_por_sexo_y_edad",	15,"México","2023","16.8102566563931","1.5403057678094","17.3213831157348","23.2180171813327","6.9714044981301","29.5065141394792","1.5857067278653","28.9772782895574","42.8908327962256","12.1425030855265","4.5548460117657","1.4932757791664","5.4504099107063","5.4467891808681","2.7291570861882",
"Número_de_defunciones_por_homicidio_por_cada_100_000_habitantes,_desglosado_por_sexo_y_edad",	16,"Michoacán_de_Ocampo","2023","38.0963846611755","1.6298155493293","43.8985179248359","54.858052105269","10.6322151393293","70.01594209143","2.7703375583411","76.455826825207","104.63359218446","19.7311504272553","7.331884037976","0.4518011051055","11.1033151664198","9.9675319900586","2.6597513132522",
"Número_de_defunciones_por_homicidio_por_cada_100_000_habitantes,_desglosado_por_sexo_y_edad",	17,"Morelos","2023","76.6671410148523","2.7675885575116","88.4165557812172","115.039399529491","26.2290360572102","142.460594054563","2.5038392201375","158.025434569945","222.362081325753","44.8999292826114","15.1495951056327","3.042274578319","17.6533932764109","20.3988245866481","10.4409894261253",
"Número_de_defunciones_por_homicidio_por_cada_100_000_habitantes,_desglosado_por_sexo_y_edad",	18,"Nayarit","2023","11.590852190362","0.6041091504413","8.9572827187145","16.305546763349","13.1323212691075","20.4072730898169","0.5926031277593","15.9471264164149","30.4820090593842","18.1126607498642","2.7599065311655","0.6160708235019","1.811446530627","2.808497890506","8.4728529790551",
"Número_de_defunciones_por_homicidio_por_cada_100_000_habitantes,_desglosado_por_sexo_y_edad",	19,"Nuevo_León","2023","22.6534237384985","0.8044739477816","29.252089503696","32.915021307074","5.4372602900151","39.8403430382053","0.7875431672099","49.8499797778384","58.9857946193446","8.1716036772217","5.3079071634091","0.8221486855898","7.6825037870804","6.773788699188","3.1018933181341",
"Número_de_defunciones_por_homicidio_por_cada_100_000_habitantes,_desglosado_por_sexo_y_edad",	20,"Oaxaca","2023","19.8514345759614","1.0281604581483","14.4572322642188","34.0400209787389","14.227989300552","36.6810443987166","1.3527315030876","26.204377768861","66.332191615611","23.6545089999775","4.3958212784663","0.6947616706934","2.94304144605","6.5366556975359","6.2199171315656",
"Número_de_defunciones_por_homicidio_por_cada_100_000_habitantes,_desglosado_por_sexo_y_edad",	21,"Puebla","2023","14.7956813404019","0.9666292724343","14.374635113138","21.4121283411905","8.7066722131393","27.325254396916","1.0558580588894","25.3063185713142","42.1759926116582","16.0463522738115","3.0439887087568","0.7649905359742","3.2211358046961","3.4117621637851","2.7946329075011",
"Número_de_defunciones_por_homicidio_por_cada_100_000_habitantes,_desglosado_por_sexo_y_edad",	22,"Querétaro","2023","8.8744152952698","0.8098608659032","7.9716119510406","12.2816614450769","6.3115012766446","15.6342853496377","0.9546053343346","12.6071608673727","23.0288048050306","6.3321597730554","2.3768267063316","0.6597959910796","3.2263714383164","2.322708394123","6.2943885526054",
"Número_de_defunciones_por_homicidio_por_cada_100_000_habitantes,_desglosado_por_sexo_y_edad",	23,"Quintana_Roo","2023","35.2048864976634","1.0024660665237","48.0327091033699","48.8752704937875","10.7569678259092","63.0913586458747","1.5742391505406","87.5419711917803","87.1633202068431","22.2736992159658","6.8859938884309","0.4086987440688","7.1512428264095","10.341930062698","0",
"Número_de_defunciones_por_homicidio_por_cada_100_000_habitantes,_desglosado_por_sexo_y_edad",	24,"San_Luis_Potosí","2023","19.1057681678797","1.2136347822335","23.2491349954186","27.7360290313157","8.9460746180415","34.9150750393671","0.7968741284189","41.7082449794187","53.7152022950229","15.6713955790168","3.7215880016003","1.6433718704037","4.7002972938038","4.2753770348123","2.9442939583088",
"Número_de_defunciones_por_homicidio_por_cada_100_000_habitantes,_desglosado_por_sexo_y_edad",	25,"Sinaloa","2023","20.7783182544685","1.1961309151996","17.1151259065956","28.6887634182405","4.9069949212603","38.0433630075849","1.3007960872054","28.699512471573","55.4396548553051","8.1309827401412","2.962346682802","1.0868206691555","5.2216789189633","3.2483798705396","1.9997067096826",
"Número_de_defunciones_por_homicidio_por_cada_100_000_habitantes,_desglosado_por_sexo_y_edad",	26,"Sonora","2023","48.4792003462985","1.789519472725","53.3222959909464","70.449510221916","9.2180766483073","84.9456438247228","2.1558809738114","92.9121798431381","126.951771163335","13.7559373052928","9.7878771269057","1.4069684332562","11.5016562384983","13.8545553906407","5.117894352038",
"Número_de_defunciones_por_homicidio_por_cada_100_000_habitantes,_desglosado_por_sexo_y_edad",	27,"Tabasco","2023","11.3248114805887","0.7781217075725","11.7971828327395","17.1090499435484","3.9216125670876","20.6781430360517","1.220278589602","20.1795510753824","32.4910693230154","8.1406707912732","2.3099231910713","0.3176831999593","3.3215812624856","3.2945259098775","0",
"Número_de_defunciones_por_homicidio_por_cada_100_000_habitantes,_desglosado_por_sexo_y_edad",	28,"Tamaulipas","2023","19.0200315390651","0.6846907708249","19.0797163375282","21.0130195389082","7.0841370072097","30.9393380517652","0.895201050966","32.8222736998908","39.2223700799962","9.726072125772","3.7043678254717","0.4656783419988","4.8885253274497","3.4384527379461","4.8016325550687",
"Número_de_defunciones_por_homicidio_por_cada_100_000_habitantes,_desglosado_por_sexo_y_edad",	29,"Tlaxcala","2023","9.9087334869187","0.5410860137382","8.2840890263434","14.956864692651","6.9222629866598","17.8303399310463","1.0624621497859","12.5065463953788","28.5973615825531","12.9466597617815","2.4702608046463","0","3.9820013538805","2.997773471885","1.8255170777123",
"Número_de_defunciones_por_homicidio_por_cada_100_000_habitantes,_desglosado_por_sexo_y_edad",	30,"Veracruz_de_Ignacio_de_la_Llave","2023","9.9734565860723","0.5791265928614","9.9645588897994","14.9566257852229","6.9316249917915","18.3420289558474","0.8269015894082","16.4610518167218","29.2679512752237","12.0656687134587","2.1787890621947","0.321907408699","3.4305470827672","2.5240171706594","2.4939295487575",
"Número_de_defunciones_por_homicidio_por_cada_100_000_habitantes,_desglosado_por_sexo_y_edad",	31,"Yucatán","2023","2.1203909022182","0.3521889423238","1.9295055159739","2.5437262568989","3.7755439142952","3.2298644864805","0.3458520237531","3.3394397374246","3.7762180355457","6.0211341809752","1.0442630996781","0.3587624131795","0.4878096371672","1.3869155306801","1.7818800616531",
"Número_de_defunciones_por_homicidio_por_cada_100_000_habitantes,_desglosado_por_sexo_y_edad",	32,"Zacatecas","2023","64.7053825490356","4.0473842181838","105.351731120491","78.2459586794746","12.1126620068543","116.559607659631","5.8672656865539","184.713898694688","147.629560457949","20.7564233717327","14.0655477775272","2.1661244135218","25.9949925435416","15.3527850683199","4.1152263374486",
"Número_de_defunciones_por_homicidio_por_cada_100_000_habitantes,_desglosado_por_sexo_y_edad",	00,"Estados_Unidos_Mexicanos","2022","25.6131473692796","1.2633620855532","29.0206118751473","34.8370597056577","9.3648374082159","45.2296040054941","1.5598500616713","49.9221793550298","64.7607898729189","16.727886230123","5.9150308825449","0.9558177911426","7.7433821641409","7.3863518698181","3.0795271779911",
"Número_de_defunciones_por_homicidio_por_cada_100_000_habitantes,_desglosado_por_sexo_y_edad",	01,"Aguascalientes","2022","5.9015804164102","0.2487945902104","5.1366344770906","9.4856543427558","3.0070967483261","9.9906389082011","0.4882884026621","9.4344415173485","16.6301969365427","4.4107268877911","1.8410345562186","0","0.7420654650153","2.9402173622508","1.8375597206909",
"Número_de_defunciones_por_homicidio_por_cada_100_000_habitantes,_desglosado_por_sexo_y_edad",	02,"Baja_California","2022","74.0843741238098","1.435377642337","47.4101656617825","82.3358730183002","12.8944530407465","123.74808190473","1.9437815189573","80.1511100648495","145.115847518038","26.742883885741","16.1690201573785","0.9036076535568","12.7551777122551","17.7305651690314","0.7338587762171",
"Número_de_defunciones_por_homicidio_por_cada_100_000_habitantes,_desglosado_por_sexo_y_edad",	03,"Baja_California_Sur","2022","10.5979105630552","0.9679183464083","6.1440996163351","14.1638919677243","9.742790335152","17.3113809634822","0","9.2309315328621","23.361087480661","16.0205062479974","3.6059165879375","1.9790027804989","2.8308563340411","4.5888399412629","3.7947783849423",
"Número_de_defunciones_por_homicidio_por_cada_100_000_habitantes,_desglosado_por_sexo_y_edad",	04,"Campeche","2022","11.6347328506682","0.8289159023371","7.5027666452004","17.4770692428849","10.0985328274449","20.4215875527199","0.8127768521153","13.6275226402706","32.0649380883147","17.7635669242384","2.706917840879","0.8457088731775","1.2622756305067","4.0445711743412","2.8137310073157",
"Número_de_defunciones_por_homicidio_por_cada_100_000_habitantes,_desglosado_por_sexo_y_edad",	05,"Coahuila_de_Zaragoza","2022","5.1929676221524","0.4686782336455","4.2606147001859","7.8532639277945","4.5884379705756","8.821307869158","0.6884460395994","6.6134803614441","13.6893055126457","7.9566451247867","1.5841613114906","0.2394062724443","1.811548257834","2.1926618915363","1.5795293002685",
"Número_de_defunciones_por_homicidio_por_cada_100_000_habitantes,_desglosado_por_sexo_y_edad",	06,"Colima","2022","117.913398125882","2.8669560380961","135.174430027585","169.559326408155","31.6816626536561","207.891273401198","3.3640584000538","230.678721823136","307.054293987251","60.0520451057583","29.2153699165914","2.3467843187872","36.711305485946","39.2139118893564","6.0324546057791",
"Número_de_defunciones_por_homicidio_por_cada_100_000_habitantes,_desglosado_por_sexo_y_edad",	07,"Chiapas","2022","8.5793983232137","0.3621949219237","7.5177711757516","14.8707930864331","6.8092262054551","15.2100858218627","0.3057165946025","12.5400063635853","27.9403174560299","13.2322867797426","2.1692965772171","0.4204507231752","2.5775236257657","3.2322831419897","0.5830325856912",
"Número_de_defunciones_por_homicidio_por_cada_100_000_habitantes,_desglosado_por_sexo_y_edad",	08,"Chihuahua","2022","55.3321803444294","3.2232406045136","65.1580446187164","77.7968186001779","16.551667063217","98.4300129643298","4.2796441781555","106.608284578383","142.91790551274","28.2280229984103","12.316070223064","2.1228267561084","22.2103766879886","14.4057381177845","6.4357104702574",
"Número_de_defunciones_por_homicidio_por_cada_100_000_habitantes,_desglosado_por_sexo_y_edad",	09,"Ciudad_de_México","2022","8.0864774611362","0.2459449821075","9.8394870826208","10.861110848998","3.6059707078228","14.456925590204","0.2414033258136","16.8287315944587","19.7929583400902","6.4986306456854","2.2242085351404","0.250660804546","2.6268743843263","2.8180684300211","1.5120561275235",
"Número_de_defunciones_por_homicidio_por_cada_100_000_habitantes,_desglosado_por_sexo_y_edad",	10,"Durango","2022","6.7399534890139","0.7737886821798","7.1385442723593","10.1518032986593","6.22389422146","10.9301914390883","0.3784295175024","12.3126714979244","16.9961909906218","10.1624540874842","2.6285602534353","1.1872395493239","1.8110801885938","3.7196357382602","2.6412054461656",
"Número_de_defunciones_por_homicidio_por_cada_100_000_habitantes,_desglosado_por_sexo_y_edad",	11,"Guanajuato","2022","68.0573272540275","2.7386788375142","86.9733535716444","84.9593951228697","14.8100394643993","112.110268919174","3.9817728492278","145.568283568413","155.791392096078","28.3803343203383","17.7815537650221","1.4532225816257","27.9534882085506","21.5365530685281","3.2292701042247",
"Número_de_defunciones_por_homicidio_por_cada_100_000_habitantes,_desglosado_por_sexo_y_edad",	12,"Guerrero","2022","39.0005308405587","1.6148214007531","40.6219639715615","60.0607371249883","15.8388136728559","71.9268019336601","1.6820574927251","75.7052001964581","116.411441349615","31.3774709758393","7.340947914635","1.545329338657","6.1018024724504","11.539026385907","2.4566252111162",
"Número_de_defunciones_por_homicidio_por_cada_100_000_habitantes,_desglosado_por_sexo_y_edad",	13,"Hidalgo","2022","12.224436900121","0.8802351988451","11.60316462927","16.5425235110615","7.9790265587598","21.1449328517858","1.4866535675969","18.2372124957089","31.3862825426193","13.0494001353875","3.4377753612831","0.2553293621107","4.9903045511578","3.7857501996392","3.5567189978589",
"Número_de_defunciones_por_homicidio_por_cada_100_000_habitantes,_desglosado_por_sexo_y_edad",	14,"Jalisco","2022","21.5425880661694","0.6401764692164","26.3603816080231","30.4521201408868","7.9409539540175","38.7730362970038","0.6277531459401","45.4039908406935","56.313416090833","14.82972634422","4.7209464516956","0.6531014387825","6.7403794564019","6.0580497816825","2.129466222673",
"Número_de_defunciones_por_homicidio_por_cada_100_000_habitantes,_desglosado_por_sexo_y_edad",	15,"México","2022","18.7403148188766","1.9052713552581","21.2907649256792","25.222796697866","11.5889836855491","32.5824216236421","1.9437451702673","35.622351075171","46.0368758926302","19.9776040544022","5.539117865826","1.8654326011838","6.6891404123425","6.479578776225","4.7291013131138",
"Número_de_defunciones_por_homicidio_por_cada_100_000_habitantes,_desglosado_por_sexo_y_edad",	16,"Michoacán_de_Ocampo","2022","47.5160083451902","2.1487832329703","56.9873849043603","67.9304284282303","15.334959325846","86.6267767595724","3.0634037040927","97.4791973741836","129.073360068643","28.1271974372998","10.067251628368","1.2046578094201","16.3178432068109","12.9211914995126","4.1125748831343",
"Número_de_defunciones_por_homicidio_por_cada_100_000_habitantes,_desglosado_por_sexo_y_edad",	17,"Morelos","2022","58.2525812090559","2.1018956997316","71.7747840944754","87.9935781514618","14.9825560240577","108.882492085238","2.0603433356135","126.974599308566","171.489228531071","28.0413142029256","10.9338568796499","2.1451585915747","15.8015789874114","14.5147333848172","3.9488232506713",
"Número_de_defunciones_por_homicidio_por_cada_100_000_habitantes,_desglosado_por_sexo_y_edad",	18,"Nayarit","2022","15.3292064398309","1.2010208677376","11.3199003848766","23.9125872931439","11.8218358401688","28.2104785379723","1.7659732278459","20.6028575267613","45.6988081617404","18.7920472056226","2.4841287461826","0.6128502439144","1.8312502861329","3.1751071598667","5.2861573160417",
"Número_de_defunciones_por_homicidio_por_cada_100_000_habitantes,_desglosado_por_sexo_y_edad",	19,"Nuevo_León","2022","23.1318261444758","0.7421395613685","30.4897169570105","33.9509197816636","4.1783219858905","41.0792325509746","1.1890967753017","52.6251261399753","60.9001698288648","6.7020278421385","5.0362212935386","0.2757388422277","7.3086419753086","6.984573703913","2.0338762426984",
"Número_de_defunciones_por_homicidio_por_cada_100_000_habitantes,_desglosado_por_sexo_y_edad",	20,"Oaxaca","2022","18.9655505499067","1.2763328744208","13.7481742832913","32.5442668445958","12.7213312873192","33.4663456522295","0.8398308244787","24.5266899991733","60.4239674332587","22.4966687625102","5.6041499634374","1.7244828276","3.2277760891727","8.7982448920512","3.9223377132771",
"Número_de_defunciones_por_homicidio_por_cada_100_000_habitantes,_desglosado_por_sexo_y_edad",	21,"Puebla","2022","15.9565466164868","0.8597583649115","13.9041034786781","19.8099056359182","10.0210642771105","28.8540556992847","1.2682603062003","24.7109699055688","38.360115120513","17.9873908390218","3.5317867874444","0.4372492648747","3.0594236689897","3.7061229784257","3.6157080821923",
"Número_de_defunciones_por_homicidio_por_cada_100_000_habitantes,_desglosado_por_sexo_y_edad",	22,"Querétaro","2022","7.6548492273785","0.4864917458567","7.5544435007749","11.2396130472529","3.0368368307571","13.506872231498","0.3186073037538","11.7736559918852","20.8125275281977","5.3700645750265","2.0325044363318","0.6605150696513","3.240785751654","2.3871297897386","1.109163912243",
"Número_de_defunciones_por_homicidio_por_cada_100_000_habitantes,_desglosado_por_sexo_y_edad",	23,"Quintana_Roo","2022","32.7236881569078","1.4141556985424","46.8595275144999","44.0236269598798","13.8563329214923","58.6905093934913","1.1899473249984","82.8721277273913","80.3459780802592","23.8777459407832","6.3239042560896","1.6468834788767","9.5947996186067","7.4138285010379","4.4719719160164",
"Número_de_defunciones_por_homicidio_por_cada_100_000_habitantes,_desglosado_por_sexo_y_edad",	24,"San_Luis_Potosí","2022","26.1205419995258","2.0086774867427","36.2645204309629","36.9987633682186","8.0399747544793","49.0671930666784","3.1646738012479","66.1761843590642","72.6293331719348","13.6261827100774","4.2242981630338","0.81616218775","6.2498046936033","5.0240748234106","3.045623439118",
"Número_de_defunciones_por_homicidio_por_cada_100_000_habitantes,_desglosado_por_sexo_y_edad",	25,"Sinaloa","2022","18.8233332371323","0.3942051837982","16.5206122171763","24.9530667903923","10.2271150039082","35.0983076399043","0.5143225985635","29.0077885912367","47.8860126157634","19.2473515644247","2.4773922080298","0.2686987457143","3.7176656034143","3.1677969366137","1.3899120185692",
"Número_de_defunciones_por_homicidio_por_cada_100_000_habitantes,_desglosado_por_sexo_y_edad",	26,"Sonora","2022","57.6496761261515","0.9507795033671","59.0139074863624","82.7585486709029","12.1302791985929","101.152749788558","1.8616971763373","104.766512548336","151.776438539701","16.2176926491174","9.7442015416907","0","10.7456729477684","13.6739047202319","8.4512019914105",
"Número_de_defunciones_por_homicidio_por_cada_100_000_habitantes,_desglosado_por_sexo_y_edad",	27,"Tabasco","2022","14.4655529825396","0.4584926595325","16.545529752408","20.687457561516","9.9411716547957","25.9075368367566","0.5991037408038","26.8324946217324","39.6209769300258","14.559396270368","3.5182268136859","0.3120261103449","6.1714915070782","3.6455105537531","5.644296438449",
"Número_de_defunciones_por_homicidio_por_cada_100_000_habitantes,_desglosado_por_sexo_y_edad",	28,"Tamaulipas","2022","13.1958230018526","0.5630630630631","12.2262368608172","15.9793817225123","8.0827675396056","21.3238747640527","0.8833180960962","20.6002598802016","28.7819351684132","13.8433515482696","3.0316433185017","0.2297994769764","3.5937847126933","3.8044552284311","3.1313017447613",
"Número_de_defunciones_por_homicidio_por_cada_100_000_habitantes,_desglosado_por_sexo_y_edad",	29,"Tlaxcala","2022","11.1109518143109","1.8910741301059","13.4389476513463","14.3747573333491","12.3622128360977","20.7198060626153","3.1824667299624","23.486675226255","27.6263269369389","26.9662921348315","2.0852506054178","0.5505789337488","3.1932558436582","2.7787271762297","0",
"Número_de_defunciones_por_homicidio_por_cada_100_000_habitantes,_desglosado_por_sexo_y_edad",	30,"Veracruz_de_Ignacio_de_la_Llave","2022","9.676348876271","0.5664861635755","10.7364223130992","14.5654248467354","5.269285585242","17.3815422335691","0.5054788856415","18.1831083358464","27.6480462313689","8.9330186023345","2.5349221056342","0.629832653464","3.2636543137351","3.230785136173","2.1044952017509",
"Número_de_defunciones_por_homicidio_por_cada_100_000_habitantes,_desglosado_por_sexo_y_edad",	31,"Yucatán","2022","2.272350738576","0","1.4463895705669","3.2507058094989","0.4915285061957","4.027578846149","0","2.8591578826983","5.5439636315986","1.0437977537472","0.569745844518","0","0","1.1019110285552","0",
"Número_de_defunciones_por_homicidio_por_cada_100_000_habitantes,_desglosado_por_sexo_y_edad",	32,"Zacatecas","2022","87.4927364237839","6.3705629029381","156.84763765444","109.298423685397","14.655235582912","157.554131623961","8.7736523043371","285.279180821521","203.118318476366","21.3180655378243","19.5869384442341","3.8866312839271","28.8447670785058","24.7132643503748","8.4748156727591",
"Número_de_defunciones_por_homicidio_por_cada_100_000_habitantes,_desglosado_por_sexo_y_edad",	00,"Estados_Unidos_Mexicanos","2021","27.6780791915433","1.348279083057","32.1350044956592","37.9518328970527","9.9025995071637","49.551395272065","1.608339641632","55.8754084083682","71.0847699696252","17.6798178479822","6.0736790078249","1.0600459626011","7.9611125175644","7.5418645828372","3.2484947103063",
"Número_de_defunciones_por_homicidio_por_cada_100_000_habitantes,_desglosado_por_sexo_y_edad",	01,"Aguascalientes","2021","6.9942178868634","0.4952100804964","6.2470831633759","10.8392426221839","5.2359858837821","12.4696917215102","0.972025117129","10.905204690692","19.4042593841984","11.5029792716314","1.7312673542906","0","1.4861270044138","3.004003517415","0",
"Número_de_defunciones_por_homicidio_por_cada_100_000_habitantes,_desglosado_por_sexo_y_edad",	02,"Baja_California","2021","83.4977538127342","1.9763193029302","57.9662497999299","90.817405608648","14.3989073286324","139.853250572439","2.3637207543278","99.8533053968468","160.156132887037","25.5901169203618","18.1702884025661","1.5715645598721","13.65049972699","19.3343241761347","4.6243130968254",
"Número_de_defunciones_por_homicidio_por_cada_100_000_habitantes,_desglosado_por_sexo_y_edad",	03,"Baja_California_Sur","2021","9.2566768289751","0","9.6966338828093","12.9303378050752","2.0513241297257","15.314332566046","0","16.0432097114896","21.2804491533098","4.2128322871467","2.7000954851949","0","2.8743065735391","4.2406822786599","0",
"Número_de_defunciones_por_homicidio_por_cada_100_000_habitantes,_desglosado_por_sexo_y_edad",	04,"Campeche","2021","11.3626227057059","1.2285666313113","8.7307922570345","16.813840983631","11.8881326715606","20.0461276485677","0","16.0765739584235","30.5836151606083","24.3005984022357","2.930378395576","2.5072710861498","1.2580357030533","4.0943334425156","0",
"Número_de_defunciones_por_homicidio_por_cada_100_000_habitantes,_desglosado_por_sexo_y_edad",	05,"Coahuila_de_Zaragoza","2021","5.2894504848663","0.3512058066027","5.3341298967312","8.0635559399744","2.1848849658066","8.9967785328178","0","8.7166327299099","14.0860400939923","4.6316023491487","1.6037879002839","0.7173789841435","1.8141708513541","2.2319380414","0",
"Número_de_defunciones_por_homicidio_por_cada_100_000_habitantes,_desglosado_por_sexo_y_edad",	06,"Colima","2021","81.1155729873115","1.6885141638196","89.549424998429","111.712843052612","27.818687612502","145.53839756554","1.1010790574763","154.834713942866","208.09696135419","44.8693611293273","17.4618881063376","2.3027944410542","22.3217844672268","20.3812309244417","12.4467125120578",
"Número_de_defunciones_por_homicidio_por_cada_100_000_habitantes,_desglosado_por_sexo_y_edad",	07,"Chiapas","2021","9.8175576301868","0.7293531835485","8.9963705267656","16.3222655142526","6.6681417404456","17.5891865354424","0.9237296920593","16.6473078654746","30.8110075113632","11.6427275846855","2.2340559488848","0.5289896931648","1.4856550717479","3.3746161374144","1.799262302456",
"Número_de_defunciones_por_homicidio_por_cada_100_000_habitantes,_desglosado_por_sexo_y_edad",	08,"Chihuahua","2021","71.1079311434306","2.4715183257935","83.5249881356551","99.4302044781113","19.128809069221","125.023350563179","3.0287060761901","141.848451870591","178.489571699134","35.8453662071706","17.3086451774239","1.891543120878","23.1752464598325","22.7846308427953","4.7061987360495",
"Número_de_defunciones_por_homicidio_por_cada_100_000_habitantes,_desglosado_por_sexo_y_edad",	09,"Ciudad_de_México","2021","11.604019520204","1.0726058840775","13.9446734516659","15.8972347117569","3.2077145535012","21.3318884054211","1.4043776792893","24.8182651339424","29.9188558180542","5.2584152570529","2.6301630411146","0.728433806613","2.7195149530383","3.3002804138258","1.7264656830416",
"Número_de_defunciones_por_homicidio_por_cada_100_000_habitantes,_desglosado_por_sexo_y_edad",	10,"Durango","2021","7.6462982826307","0.574257198314","8.0480018599827","11.460135917212","7.8742975768639","14.3605247530098","0.7489178137591","15.2780307793559","22.0245538251677","16.5009075499152","0.9533534738082","0.3916009429751","0.6049314007792","1.5544018439647","0",
"Número_de_defunciones_por_homicidio_por_cada_100_000_habitantes,_desglosado_por_sexo_y_edad",	11,"Guanajuato","2021","68.6800558697117","3.2587629617297","103.295862751844","90.7048054058214","13.5993757663583","120.404627289544","4.1951147888284","176.481645212718","168.108109241612","25.5855716685655","17.6317066874501","2.2902161964089","29.6132751581419","21.3555313957625","3.3139742007109",
"Número_de_defunciones_por_homicidio_por_cada_100_000_habitantes,_desglosado_por_sexo_y_edad",	12,"Guerrero","2021","40.7966802396221","1.0323539735304","43.7980969418441","65.4938348722492","15.359239250202","75.1042634071493","0.7390832780561","78.5885373452103","127.380378244794","28.063206976945","8.2048883974298","1.33507528871","9.1172939871446","12.1053992431187","4.3607729781588",
"Número_de_defunciones_por_homicidio_por_cada_100_000_habitantes,_desglosado_por_sexo_y_edad",	13,"Hidalgo","2021","9.0881829239059","0.7461693530836","9.0196212841415","13.6044373787747","8.2070040917778","15.9984831067869","0.9798517974156","15.1771388925025","25.334811430619","13.3885611480691","2.6844769510199","0.5052010447558","2.8816886695604","3.4974227612273","3.6663880211771",
"Número_de_defunciones_por_homicidio_por_cada_100_000_habitantes,_desglosado_por_sexo_y_edad",	14,"Jalisco","2021","26.5237540979725","0.8637164537075","32.5255491507513","37.6723001061262","8.3199619658882","47.5913251734681","0.9810855622557","55.0942556713713","70.0468669163676","15.548522728377","5.8879175102757","0.741709770821","9.2946442643289","7.2136526700226","2.1955764623225",
"Número_de_defunciones_por_homicidio_por_cada_100_000_habitantes,_desglosado_por_sexo_y_edad",	15,"México","2021","18.03823365267","1.7382102910621","19.6180432375134","24.5552106826859","9.7206497641721","31.5551065392219","2.0132547071534","33.2223546942928","45.1375485976949","16.6846812863164","4.9304691285092","1.4535749950215","5.6793117202503","5.9361951838245","4.0131154558453",
"Número_de_defunciones_por_homicidio_por_cada_100_000_habitantes,_desglosado_por_sexo_y_edad",	16,"Michoacán_de_Ocampo","2021","55.4436240552117","1.4837488695688","69.6956309108392","82.3969971264876","13.3435469124515","102.009334888163","2.0454558736727","121.54539661561","157.632286526779","24.7686502666582","11.0700840604427","0.9043049436844","17.7377089502114","14.6818115845366","3.2568137195604",
"Número_de_defunciones_por_homicidio_por_cada_100_000_habitantes,_desglosado_por_sexo_y_edad",	17,"Morelos","2021","59.7030086532017","2.7013211538382","69.1230911614993","85.2325365944043","22.9730394972186","113.110635181116","4.0747803693381","123.621476787912","169.016856757144","38.0988665587199","9.7345363035556","1.2720812096644","13.9663178966725","11.4869801670697","10.1182827250559",
"Número_de_defunciones_por_homicidio_por_cada_100_000_habitantes,_desglosado_por_sexo_y_edad",	18,"Nayarit","2021","17.5503505326769","2.0918001434377","20.1274433115134","21.004303401374","23.3542275822769","29.6076980014804","1.171069889451","31.6687628371592","38.6507497906418","36.5644785712911","4.8687250379682","3.0514598183771","8.3265487380653","4.197759687945","7.2616367729286",
"Número_de_defunciones_por_homicidio_por_cada_100_000_habitantes,_desglosado_por_sexo_y_edad",	19,"Nuevo_León","2021","17.8425341334348","0.6114990355301","20.6007487840239","26.2170212947019","7.5704916001955","32.1494767813952","0.798555147553","34.7773493611552","48.5158789656493","12.4966883775799","3.4458751703283","0.41641450455","5.7441325666567","3.926876326957","3.3919864320543",
"Número_de_defunciones_por_homicidio_por_cada_100_000_habitantes,_desglosado_por_sexo_y_edad",	20,"Oaxaca","2021","18.6196888285184","1.1838062075415","16.1785453294048","30.4379866072859","16.0312502504883","34.3710760718459","1.3356796772998","28.9293900349378","59.4898019887553","27.794184066984","4.1377008660526","1.0279605263158","3.785164857448","5.6504046743212","5.9532373208448",
"Número_de_defunciones_por_homicidio_por_cada_100_000_habitantes,_desglosado_por_sexo_y_edad",	21,"Puebla","2021","12.5320885087998","1.0753324121319","12.3105245329443","18.542689884094","8.7709815136266","22.463298933654","1.0580118476167","21.7065531279947","35.2822100013486","15.0730357093919","3.2244689827485","1.0932295202581","2.8989848721306","4.0647868107683","3.6856983845584",
"Número_de_defunciones_por_homicidio_por_cada_100_000_habitantes,_desglosado_por_sexo_y_edad",	22,"Querétaro","2021","9.3800097779496","0.3251773435938","10.8071317872237","13.7059546795078","4.4357700496806","16.902346691987","0","20.0199289292523","25.2197185014841","6.9978026899554","2.1501077841069","0.6621398373122","1.3945899208338","3.066421761782","2.3159674374978",
"Número_de_defunciones_por_homicidio_por_cada_100_000_habitantes,_desglosado_por_sexo_y_edad",	23,"Quintana_Roo","2021","34.9561344401571","2.0399420656453","48.52372484681","48.1064184089825","8.5748585148345","61.4955177850972","3.205192411707","83.7340745349561","85.4417688189855","17.6776604879034","7.9215681369514","0.8312033746857","12.0477573099767","10.3769170375272","0",
"Número_de_defunciones_por_homicidio_por_cada_100_000_habitantes,_desglosado_por_sexo_y_edad",	24,"San_Luis_Potosí","2021","27.6180489667662","2.3939990424004","36.9779300144019","39.2285345454466","10.675645157979","50.0756113278999","2.6188156668029","66.4756625213325","74.4485054270658","19.0760266370699","5.6759824855398","1.3512490946631","7.405011243925","7.3094172877373","3.1197111147508",
"Número_de_defunciones_por_homicidio_por_cada_100_000_habitantes,_desglosado_por_sexo_y_edad",	25,"Sinaloa","2021","20.504223062698","0.9106970475202","17.0324055250926","25.6291326152784","7.5626089488352","38.9863801928326","1.2729415898022","31.4884252891868","50.0583788932228","12.7338856656241","2.3031833832996","0.5321257626027","2.2244796571335","2.4400674486013","2.8816367696852",
"Número_de_defunciones_por_homicidio_por_cada_100_000_habitantes,_desglosado_por_sexo_y_edad",	26,"Sonora","2021","69.0773299049286","1.4752803367931","74.0841903215366","94.6637380832815","14.7955258329881","122.2937725718","2.6267540149935","131.582784160495","175.023343105692","28.6097451944569","10.4215759812544","0.2740304118951","13.4524839050639","14.5371119251894","2.4056195272156",
"Número_de_defunciones_por_homicidio_por_cada_100_000_habitantes,_desglosado_por_sexo_y_edad",	27,"Tabasco","2021","18.5522450468987","0.7517496974207","15.1415140094492","29.8741834039234","9.0556742855073","34.0569529319522","0.2946740610211","25.9467007590589","57.6461907397159","16.2617897976033","3.6897527544806","1.2279091470022","4.2713543990204","4.8035892418815","2.3337222870478",
"Número_de_defunciones_por_homicidio_por_cada_100_000_habitantes,_desglosado_por_sexo_y_edad",	28,"Tamaulipas","2021","20.4034640056942","0.7788621269389","24.2142476633251","22.216161047371","9.8169489623836","35.3711314571174","0.6545587837425","42.9624349198671","41.7890219110007","15.1926042402558","3.4382284064248","0.9082177815418","4.9141337037498","3.5366135960287","5.2090794254385",
"Número_de_defunciones_por_homicidio_por_cada_100_000_habitantes,_desglosado_por_sexo_y_edad",	29,"Tlaxcala","2021","11.5888703386485","1.0796687576252","9.5090177184697","17.3554517246792","14.7146926205817","19.5735652277855","1.5897071759382","14.8995067479082","30.3963162251656","29.6891771530363","4.076669501592","0.550145788634","4.004132264497","5.9428131579543","1.9471921489213",
"Número_de_defunciones_por_homicidio_por_cada_100_000_habitantes,_desglosado_por_sexo_y_edad",	30,"Veracruz_de_Ignacio_de_la_Llave","2021","11.6373506908265","0.5549798340509","12.161926095292","17.8832891839632","6.2713417599689","21.2914555476481","0.6933212365285","21.2137818869659","34.4255976770205","10.4792029187338","2.6512496499522","0.4113444691137","3.0978523032532","3.5260211078758","2.6271228944207",
"Número_de_defunciones_por_homicidio_por_cada_100_000_habitantes,_desglosado_por_sexo_y_edad",	31,"Yucatán","2021","2.3004832687943","0.1741344213252","2.4077181814023","2.5740666932377","6.0950213833667","3.9908939687403","0.3423989152802","4.2792546489347","4.4646536802484","11.8336829648755","0.6594560641519","0","0.4877715668198","0.8038998790935","0.9622138616529",
"Número_de_defunciones_por_homicidio_por_cada_100_000_habitantes,_desglosado_por_sexo_y_edad",	32,"Zacatecas","2021","107.285053850935","6.7779090997666","167.923211410486","140.89069252384","23.0639317307621","195.965289678955","8.7524433904465","303.511166854917","270.677693659479","41.6178556014551","20.21095031652","4.7375198652822","33.0790382269636","23.7947936991386","5.7526642026088",
"Número_de_defunciones_por_homicidio_por_cada_100_000_habitantes,_desglosado_por_sexo_y_edad",	00,"Estados_Unidos_Mexicanos","2020","28.6820357701403","1.3786257441367","33.0158226722603","39.4596285272165","10.6179882106864","51.5193910617011","1.6753782374308","57.5946716263593","74.2018643226741","18.758499258556","6.0463489548916","1.0649825906126","7.994689523013","7.4534668113296","3.353414887881",
"Número_de_defunciones_por_homicidio_por_cada_100_000_habitantes,_desglosado_por_sexo_y_edad",	01,"Aguascalientes","2020","6.3871432986505","0.246629803732","6.2540927518744","9.9093873958421","3.2417012448133","12.042760200638","0","10.9160771984979","19.8265633245181","4.7252279922506","0.9434877777898","0.5027020233756","1.4879845249609","0.8371119637251","1.9913178541559",
"Número_de_defunciones_por_homicidio_por_cada_100_000_habitantes,_desglosado_por_sexo_y_edad",	02,"Baja_California","2020","77.2934224521892","1.2014793487545","52.0463140108389","91.4191774780035","27.7465925050051","131.937326938431","1.4972717569629","84.9615289710402","164.557764629889","41.2586643195071","15.717050890545","0.8928152921403","17.2116528825067","16.4328035275752","10.3838012700188",
"Número_de_defunciones_por_homicidio_por_cada_100_000_habitantes,_desglosado_por_sexo_y_edad",	03,"Baja_California_Sur","2020","9.5694014707434","0.4892032835324","7.0249385317879","11.8607922534794","8.5512110652671","17.0676769449339","0.9576342603233","10.8399615181366","21.4003256571296","13.148667601683","1.7539156166141","0","2.9176209718596","1.9360428252673","4.1734485205125",
"Número_de_defunciones_por_homicidio_por_cada_100_000_habitantes,_desglosado_por_sexo_y_edad",	04,"Campeche","2020","8.0921741222919","0","8.6872347290824","11.8237868794662","6.0305447089508","14.8859284828219","0","14.7755956411993","22.781790648745","12.2275547947299","1.4716579698689","0","2.5018451107692","1.65768065611","0",
"Número_de_defunciones_por_homicidio_por_cada_100_000_habitantes,_desglosado_por_sexo_y_edad",	05,"Coahuila_de_Zaragoza","2020","7.5693076460642","1.0535372513213","9.7883404847542","10.7064871054147","4.0694151798229","13.1095551093707","1.376579338003","17.7952706451309","18.6385029762952","6.6939524920629","2.058813437189","0.7170137810049","1.4529604068289","3.0281122369801","1.7154129856763",
"Número_de_defunciones_por_homicidio_por_cada_100_000_habitantes,_desglosado_por_sexo_y_edad",	06,"Colima","2020","93.1391101054592","1.1063660301374","91.7280146764823","128.878623385371","20.1005025125628","159.430821122957","1.0827549617246","145.312886470443","226.191319703717","38.8775005301477","27.9025271717467","1.1310298026353","36.5874998011549","36.6686292130189","3.1841049480991",
"Número_de_defunciones_por_homicidio_por_cada_100_000_habitantes,_desglosado_por_sexo_y_edad",	07,"Chiapas","2020","9.3784009826325","0.9453617663139","9.4455196594323","14.5550564596","8.2505729564553","16.4588542923692","1.0351870427708","16.0279038173124","27.3620937404418","14.0883030332729","2.5391718731128","0.8528566433268","2.9927967124128","3.0523573199051","2.4391136261083",
"Número_de_defunciones_por_homicidio_por_cada_100_000_habitantes,_desglosado_por_sexo_y_edad",	08,"Chihuahua","2020","90.9609043842999","3.1632556226869","100.953120535682","112.537638739302","18.2773077898632","163.876148240665","3.202382572634","177.534916160865","207.182992189298","30.6271308020278","18.6259282312203","3.1225604996097","21.7572074475219","21.0082276999231","7.6378811129087",
"Número_de_defunciones_por_homicidio_por_cada_100_000_habitantes,_desglosado_por_sexo_y_edad",	09,"Ciudad_de_México","2020","14.3582817765652","1.2124522308255","17.9325927632332","19.4256809049426","5.2938278039981","26.7118713720655","1.5882397652128","32.9825599624297","36.8401985854345","8.948437651156","2.9659026240618","0.8229988195846","2.3838871664136","3.7829845029856","2.6371493470418",
"Número_de_defunciones_por_homicidio_por_cada_100_000_habitantes,_desglosado_por_sexo_y_edad",	10,"Durango","2020","9.041226377778","1.1390408137308","7.7565863859976","13.8457099242326","10.2395319071128","15.9692000843","1.1140323514995","13.5235250538001","25.9839621211574","16.7900480805922","2.1330307273741","1.1651978700183","1.8168054504164","2.4784208403649","4.2128914478304",
"Número_de_defunciones_por_homicidio_por_cada_100_000_habitantes,_desglosado_por_sexo_y_edad",	11,"Guanajuato","2020","85.7033966634088","3.6008616094435","105.414037114091","116.038572080905","19.1577357810158","148.157560522232","4.5275974478282","182.497248676332","216.807053077631","33.9739856338575","19.9234813793275","2.6421507106785","27.7604638616377","25.1715328443896","6.3119358707316",
"Número_de_defunciones_por_homicidio_por_cada_100_000_habitantes,_desglosado_por_sexo_y_edad",	12,"Guerrero","2020","41.8616343815409","1.0220730614991","78.4732490848634","59.6518845612156","13.3477934428965","77.7113573218903","1.0984444196277","142.145075643723","115.8456596219","26.4266838082994","8.2616075586199","0.9433659675067","15.7332131154485","11.0209029793174","1.8789340181004",
"Número_de_defunciones_por_homicidio_por_cada_100_000_habitantes,_desglosado_por_sexo_y_edad",	13,"Hidalgo","2020","11.6926706123573","0.4928287260008","13.6640146332487","17.8543663478795","5.5599240673227","21.4760830010837","0.7278497135911","22.6213801231041","34.6485093330872","10.9992385142567","2.5901766932201","0.2503329428139","4.7305411011244","3.3184984163388","0.7484357692423",
"Número_de_defunciones_por_homicidio_por_cada_100_000_habitantes,_desglosado_por_sexo_y_edad",	14,"Jalisco","2020","26.3409618294662","1.1760395511148","29.4352996864875","37.9302761110955","9.8510073033853","47.4293144639856","1.5982837983747","49.9336614314752","70.9589313925215","17.7604120415594","5.6791142807008","0.7375977547524","8.3403060085179","6.9474141771375","2.8106941290221",
"Número_de_defunciones_por_homicidio_por_cada_100_000_habitantes,_desglosado_por_sexo_y_edad",	15,"México","2020","17.9209722832351","1.6943273449843","19.3548071769189","24.6519758174327","9.5757126620065","31.5414276641191","1.9441429222783","32.6982435819217","45.5285086961867","16.1714764558004","4.886059799943","1.4359982748874","5.7294777679799","5.7678556096001","4.1109218056996",
"Número_de_defunciones_por_homicidio_por_cada_100_000_habitantes,_desglosado_por_sexo_y_edad",	16,"Michoacán_de_Ocampo","2020","49.6866943380149","2.0817364060754","56.0705521001668","75.5952229186824","16.1491485671979","91.2680009037613","2.6367097378085","98.1917146020049","144.635633458728","28.4581980690586","10.0175185394781","1.509748445714","13.9319835838729","13.5081290901383","5.1704849914922",
"Número_de_defunciones_por_homicidio_por_cada_100_000_habitantes,_desglosado_por_sexo_y_edad",	17,"Morelos","2020","49.3320697399681","1.8505115636412","65.2780933045381","72.8038599209182","15.4632912510907","93.3681770301904","2.4199207879262","121.26758952065","142.402122850463","29.8525285091647","7.8376503304876","1.2583364791745","8.6743810829097","11.432687195962","3.0823290077983",
"Número_de_defunciones_por_homicidio_por_cada_100_000_habitantes,_desglosado_por_sexo_y_edad",	18,"Nayarit","2020","14.7682187931571","0.8933277351462","10.6111564776497","17.479990453236","46.6009814737323","26.0110177533224","0.5831311811905","15.5051486214099","32.3664710905435","89.7385875926648","3.4927454090243","1.2170261964889","5.6016132646202","3.2836193365776","5.5671021377672",
"Número_de_defunciones_por_homicidio_por_cada_100_000_habitantes,_desglosado_por_sexo_y_edad",	19,"Nuevo_León","2020","15.5605234092751","0.8215554234981","20.254410906758","22.6296752257201","3.5561371815479","27.7416101878532","0.8049315472797","35.7691696253511","40.7883246429684","7.2262167142393","3.1601341935694","0.8388804301779","3.9723050889201","4.4114079008316","0.4384676432803",
"Número_de_defunciones_por_homicidio_por_cada_100_000_habitantes,_desglosado_por_sexo_y_edad",	20,"Oaxaca","2020","20.8113080323324","0.8407649952539","17.9265343044918","34.2599715579565","20.2613176787995","37.9366621390624","0.9963682377733","30.833744449926","66.0047324147769","36.142504732947","5.0275923408744","0.6811919496735","5.4284395950384","7.0770653639696","6.4744582621558",
"Número_de_defunciones_por_homicidio_por_cada_100_000_habitantes,_desglosado_por_sexo_y_edad",	21,"Puebla","2020","15.3760870080715","0.9142901397573","15.6238423054993","21.8223525715557","7.1708380455983","27.9189113481708","1.1648445673767","28.1854376312636","41.2706379113324","12.7844541038098","3.6840554081933","0.6557133396136","3.0605472902881","4.9714828555718","2.60153416186",
"Número_de_defunciones_por_homicidio_por_cada_100_000_habitantes,_desglosado_por_sexo_y_edad",	22,"Querétaro","2020","9.3808669160793","0.3264176317748","9.2300521267194","14.3354025462952","5.8828912449505","17.0228974825494","0.6415849715136","15.5253977241593","27.1138115027361","8.6335904224704","2.0272757792443","0","2.7988860433547","2.5223185782951","3.5932446999641",
"Número_de_defunciones_por_homicidio_por_cada_100_000_habitantes,_desglosado_por_sexo_y_edad",	23,"Quintana_Roo","2020","33.0832597125444","2.476120908984","44.4350966167117","44.8897345794243","20.5023065094823","58.3776030156202","2.8382137093831","77.3435682716911","80.7828374275243","31.4993700125998","7.2419856246585","2.1008844723629","10.2650186279897","8.4776724348481","10.0140196274785",
"Número_de_defunciones_por_homicidio_por_cada_100_000_habitantes,_desglosado_por_sexo_y_edad",	24,"San_Luis_Potosí","2020","27.9625601168926","2.5096058465891","40.5837851273049","39.3269639362903","14.0626615655051","52.0319214767644","3.1204736879058","75.2468795817204","76.2878428874405","21.7253395670574","4.2158688021629","1.6105912480472","5.8328083805791","5.4604106228788","1.578507048034",
"Número_de_defunciones_por_homicidio_por_cada_100_000_habitantes,_desglosado_por_sexo_y_edad",	25,"Sinaloa","2020","28.1189555204231","0.5157756427532","24.6645168951941","36.2385336407714","8.1240425235597","53.3361988981554","0.5046134282679","44.7794072506527","70.991190514042","16.2279705300055","2.5746570074118","0.527442851567","4.0675659685244","2.9919205137778","0.7393824677629",
"Número_de_defunciones_por_homicidio_por_cada_100_000_habitantes,_desglosado_por_sexo_y_edad",	26,"Sonora","2020","52.6931811293128","2.2525327743519","51.3317209427801","78.0475059478395","9.6152165171938","96.1989146584839","2.8555111364934","90.1463144026073","148.469960886218","18.4902694956779","6.2164445680306","1.6238774946818","10.3932497767376","7.1033864389652","1.6578386757185",
"Número_de_defunciones_por_homicidio_por_cada_100_000_habitantes,_desglosado_por_sexo_y_edad",	27,"Tabasco","2020","23.970998779323","1.6298879970603","26.713127019737","37.3952551272202","10.4135400523127","44.3091204890389","2.3234875548198","48.6069163394745","71.5076705796758","18.9515976196793","4.4201310448306","0.9074876808547","4.7368894741579","6.4671026571708","2.3781212841855",
"Número_de_defunciones_por_homicidio_por_cada_100_000_habitantes,_desglosado_por_sexo_y_edad",	28,"Tamaulipas","2020","22.247120457868","1.1005277030336","31.8931240367305","30.3942044665538","5.7861371386829","39.6766661245127","1.5107337633889","57.7953469955999","54.5466838251893","9.3976866028146","4.1228997948445","0.6736970698669","5.254274023526","5.4320783783725","2.6875940657923",
"Número_de_defunciones_por_homicidio_por_cada_100_000_habitantes,_desglosado_por_sexo_y_edad",	29,"Tlaxcala","2020","11.2412861783277","1.0788563044317","5.9575346927104","17.9424736690365","8.392694159734","18.7894484470145","1.5883520847121","8.6384268639369","31.4975097281371","15.8127767235927","3.8315100548757","0.5497888810697","3.2142971939186","6.0466803724755","1.9587487512977",
"Número_de_defunciones_por_homicidio_por_cada_100_000_habitantes,_desglosado_por_sexo_y_edad",	30,"Veracruz_de_Ignacio_de_la_Llave","2020","14.4321040502066","0.5941188178224","14.6569647331443","22.56289000454","6.9772940761481","26.359809366265","0.583267229714","24.1915619831803","43.7702410577719","12.2051350331758","3.2849073396174","0.6053818445985","5.1283328668993","4.1036239662831","2.4187599017984",
"Número_de_defunciones_por_homicidio_por_cada_100_000_habitantes,_desglosado_por_sexo_y_edad",	31,"Yucatán","2020","3.0468155910632","0.5209355307552","2.1627960627499","4.1565157201121","5.2019392829647","5.1506213366206","1.024950716953","2.8437366699844","7.5436611317246","7.6749336666447","1.0014897159525","0","1.4624301689594","0.9854530702612","2.96941502524",
"Número_de_defunciones_por_homicidio_por_cada_100_000_habitantes,_desglosado_por_sexo_y_edad",	32,"Zacatecas","2020","75.529526337583","1.9022336450178","125.083591181087","90.9669668709761","10.4103925461589","134.956616657467","2.9115350860775","224.58004227389","174.697224192902","19.9017161402918","13.5576610893937","0.8594572527449","26.2461753106373","15.2205070965614","1.4459224985541",
"Número_de_defunciones_por_homicidio_por_cada_100_000_habitantes,_desglosado_por_sexo_y_edad",	00,"Estados_Unidos_Mexicanos","2019","28.8179916457773","1.3850559909636","33.8406899287256","41.6518210984794","10.5081016005328","52.2067234749001","1.7009255515517","58.6019446012772","78.8522267571664","18.6607564516921","5.9979338635427","1.0579813532315","8.6667835923773","7.4897973644798","3.4692363048021",
"Número_de_defunciones_por_homicidio_por_cada_100_000_habitantes,_desglosado_por_sexo_y_edad",	01,"Aguascalientes","2019","8.3545794931277","0.4928791287869","7.0070623812948","13.7264263547386","2.2430577363061","15.3204745375132","0.9678902412466","11.6612976108917","26.2323751229643","4.8920089034562","1.503967054918","0","2.2396583774422","2.2855510320691","0",
"Número_de_defunciones_por_homicidio_por_cada_100_000_habitantes,_desglosado_por_sexo_y_edad",	02,"Baja_California","2019","74.9259499113522","2.2874222276443","66.817247565165","97.3112664764494","16.5084237578527","129.604938530829","2.5616777281334","112.474813272028","176.604412248661","34.5283996086781","14.1729747141247","2.0016858643168","18.530252130979","15.8560438127526","0.8342649291709",
"Número_de_defunciones_por_homicidio_por_cada_100_000_habitantes,_desglosado_por_sexo_y_edad",	03,"Baja_California_Sur","2019","13.0365348890265","0.4928730556158","8.5353970026531","16.8475129164266","8.9447438448981","21.3698832025349","0.9658942732129","15.0744816433926","27.2929684694391","13.7816979051819","4.0958112650169","0","1.4788524105294","5.9787455595359","4.357108622718",
"Número_de_defunciones_por_homicidio_por_cada_100_000_habitantes,_desglosado_por_sexo_y_edad",	04,"Campeche","2019","8.8657217017913","0","7.3628214331732","14.3597509235931","4.6279155868197","15.7800648063483","0","13.4048257372654","25.7149430887707","9.3300988990483","2.1115711990135","0","1.2357731614785","3.7821959429645","0",
"Número_de_defunciones_por_homicidio_por_cada_100_000_habitantes,_desglosado_por_sexo_y_edad",	05,"Coahuila_de_Zaragoza","2019","9.6759964141896","0.8194082701706","11.3993402631823","14.0945706539294","3.733973087389","16.1014161005286","0.6883717941952","18.1466669458462","24.5478876210974","3.9406149329603","3.2808316151029","0.9558767301369","4.3655095641039","3.9800943924322","3.5479235777261",
"Número_de_defunciones_por_homicidio_por_cada_100_000_habitantes,_desglosado_por_sexo_y_edad",	06,"Colima","2019","111.991148651384","1.6371077762619","113.635479175909","154.890756302521","24.337667756067","197.801838521772","1.0673839486802","185.896451067752","282.345400698404","36.6663000036666","27.5330396475771","2.2330649933566","39.4377750784812","34.050845770623","13.2227033817064",
"Número_de_defunciones_por_homicidio_por_cada_100_000_habitantes,_desglosado_por_sexo_y_edad",	07,"Chiapas","2019","10.9592843994498","0.4758211483468","10.1348407409232","18.9887164173837","11.229401067417","19.7798873918017","0.7297261233612","17.9893633105022","35.9883454491142","19.308265806307","2.4672584380239","0.2145455442645","2.4379586409693","3.6734817739403","3.1243360785833",
"Número_de_defunciones_por_homicidio_por_cada_100_000_habitantes,_desglosado_por_sexo_y_edad",	08,"Chihuahua","2019","77.7687571434815","2.5309843099221","113.261096943272","109.407650415219","17.7203194280189","139.836447291248","2.3841075391441","188.409356894135","204.211405642318","32.3887984586254","16.2267359709858","2.6835939515921","35.5570960310512","17.8756303021726","5.0295666669062",
"Número_de_defunciones_por_homicidio_por_cada_100_000_habitantes,_desglosado_por_sexo_y_edad",	09,"Ciudad_de_México","2019","13.9247577161728","0.900876552886","15.7918524932068","19.5828235667407","4.683811498445","25.8025783845311","1.2176250113461","27.9997963651173","37.1328958348171","8.146076429945","2.9635587236364","0.572967398155","3.1826069148362","3.8404131102841","2.1596212024411",
"Número_de_defunciones_por_homicidio_por_cada_100_000_habitantes,_desglosado_por_sexo_y_edad",	10,"Durango","2019","9.4782879503879","0.5660526881842","8.3362113110479","15.4731841450652","9.7138886190587","16.6188510251207","0.7388225385204","11.7350920324593","28.8362613542779","18.6662933407999","2.4686031248222","0.3856759935978","4.8351515517815","2.9719788120772","1.4379799258002",
"Número_de_defunciones_por_homicidio_por_cada_100_000_habitantes,_desglosado_por_sexo_y_edad",	11,"Guanajuato","2019","64.6708544759344","2.7598906848405","85.5763192654988","94.0700639033571","13.4060960754809","118.337220157719","3.9268814670829","152.237476655194","179.855335322894","22.8573700111305","12.9387922893591","1.5529081789285","18.4294300611822","16.9422651743625","5.1860271142784",
"Número_de_defunciones_por_homicidio_por_cada_100_000_habitantes,_desglosado_por_sexo_y_edad",	12,"Guerrero","2019","53.7380545880979","2.0192730433474","60.4479850417883","86.7920543026393","19.2630693166342","99.8711099541846","2.1706452785752","109.70145091015","170.764321824644","33.1959789566359","10.4598077862809","1.8633424637114","12.8715923955829","13.8721466429405","6.9915846744464",
"Número_de_defunciones_por_homicidio_por_cada_100_000_habitantes,_desglosado_por_sexo_y_edad",	13,"Hidalgo","2019","15.4759400825879","0.7339718888767","18.5362935121137","22.2511434802133","9.3794858410544","27.4507860967794","0.9632867343376","32.3340400280718","41.8276815306905","14.7507982784951","4.0585809327868","0.4972341351234","4.7668287388438","5.2721827087471","4.6165209897821",
"Número_de_defunciones_por_homicidio_por_cada_100_000_habitantes,_desglosado_por_sexo_y_edad",	14,"Jalisco","2019","29.9760654473076","1.3500876206866","34.6911658681299","43.5311243837718","9.2394666165543","54.4261330208406","1.3262505658669","59.5005088859313","82.5448295459473","12.886510536418","6.1578517292325","1.3747972174104","9.1386671791488","6.9785471811927","5.819316055784",
"Número_de_defunciones_por_homicidio_por_cada_100_000_habitantes,_desglosado_por_sexo_y_edad",	15,"México","2019","18.9131440984398","2.2571383162726","20.0054193542511","26.9232552434986","10.6535524872179","33.1051229429988","2.6096905593757","32.9590888871866","49.4451897749401","19.4627524489056","5.3738374949265","1.8927653775357","6.7730807522197","6.5122856261895","3.3085715636152",
"Número_de_defunciones_por_homicidio_por_cada_100_000_habitantes,_desglosado_por_sexo_y_edad",	16,"Michoacán_de_Ocampo","2019","51.3092828537798","1.6328142221088","61.02527150378","78.8467863583264","14.4448611772815","96.5911326005121","2.3409849401513","111.152104487678","154.396564364966","26.8397292408114","8.0906543591145","0.9037587325688","11.0183021030891","10.9401838984613","3.3603279680097",
"Número_de_defunciones_por_homicidio_por_cada_100_000_habitantes,_desglosado_por_sexo_y_edad",	17,"Morelos","2019","53.1386155157732","1.832732604313","68.5109431958642","78.2570523655579","18.1272304990653","98.951425729443","1.9983453700336","119.852995472851","153.145387479708","33.0145997896848","9.924293210324","1.6606950839274","16.6417996097785","12.1642756463478","5.2771562460421",
"Número_de_defunciones_por_homicidio_por_cada_100_000_habitantes,_desglosado_por_sexo_y_edad",	18,"Nayarit","2019","17.5677668547815","0.5939300350419","18.0077849039354","27.330151648179","8.8095377929171","31.2498988021412","1.1626893003517","29.1709967364947","50.3419054411209","16.0497542381382","3.8504300449056","0","6.5497076023392","5.3441998730753","1.911424584743",
"Número_de_defunciones_por_homicidio_por_cada_100_000_habitantes,_desglosado_por_sexo_y_edad",	19,"Nuevo_León","2019","17.0395602654028","1.035992449687","24.6326846400549","23.3514670104807","5.4296855718446","30.5951847515526","1.0832299751399","42.5324142771588","42.8370776875118","9.6687902194815","3.3948599741506","0.9868119629805","5.8148278109178","3.9051179653924","1.8263672641932",
"Número_de_defunciones_por_homicidio_por_cada_100_000_habitantes,_desglosado_por_sexo_y_edad",	20,"Oaxaca","2019","27.8453577913177","1.5056499514428","24.9022140957538","46.5984458359258","21.1144647618532","51.0368098006624","1.9829794265885","44.4928237832332","89.4569276362269","38.3819116518179","6.4402312043002","1.0163514001088","5.9542819406629","9.8372234633519","6.0772109653143",
"Número_de_defunciones_por_homicidio_por_cada_100_000_habitantes,_desglosado_por_sexo_y_edad",	21,"Puebla","2019","19.1951217270547","0.5906284447733","20.5635874508893","29.2163093094351","14.850076969413","35.951363744644","1.0577712336998","37.1069486794766","57.3017837558958","27.9397247005793","3.577310775529","0.109046616338","4.0307887769942","4.8848756921258","4.1767287860148",
"Número_de_defunciones_por_homicidio_por_cada_100_000_habitantes,_desglosado_por_sexo_y_edad",	22,"Querétaro","2019","9.472880707252","1.3107748973499","7.9026027454572","14.2594507055882","6.1679745057054","16.8924305535805","2.2525711490687","12.8755167450694","26.3427277275773","10.5359803729737","2.3248823858607","0.3338117969089","2.8199331675839","3.1018129280298","2.5164829634103",
"Número_de_defunciones_por_homicidio_por_cada_100_000_habitantes,_desglosado_por_sexo_y_edad",	23,"Quintana_Roo","2019","40.7283311702064","1.4710054322129","65.8550530282847","53.1585471946595","16.2107396149949","72.5927087281994","1.6525306441151","114.521973536615","96.1564365750901","30.2613480055021","8.1296615094584","1.2830821343644","15.2630743494878","9.4743623754121","2.6542800265428",
"Número_de_defunciones_por_homicidio_por_cada_100_000_habitantes,_desglosado_por_sexo_y_edad",	24,"San_Luis_Potosí","2019","18.2790005798855","0.785145055549","23.784247866669","26.638172800929","11.3460156575016","33.4875049299057","1.0307817190862","41.3004627967747","51.9043697484295","20.2536104262064","3.3534402875472","0.5317239820809","6.1998202052141","3.8430334343909","3.2152014725623",
"Número_de_defunciones_por_homicidio_por_cada_100_000_habitantes,_desglosado_por_sexo_y_edad",	25,"Sinaloa","2019","36.9487928213029","0.5106378632869","33.9775130640812","52.0002890405677","8.3350863475255","70.4321217824654","0.7495783621713","60.6297602433801","102.187109172437","16.6083988673072","3.7521194623083","0.2610223200186","6.6268320429419","4.3447635724489","0.7603059471131",
"Número_de_defunciones_por_homicidio_por_cada_100_000_habitantes,_desglosado_por_sexo_y_edad",	26,"Sonora","2019","46.4168785722383","1.8354806271575","44.0224120909896","67.9480972142646","9.0596532870687","80.4638140249164","2.3134997853586","73.795345778687","126.809403954585","15.315841366173","7.7358145341829","1.3378928722419","12.6879645044581","9.7761134246404","3.4396175145324",
"Número_de_defunciones_por_homicidio_por_cada_100_000_habitantes,_desglosado_por_sexo_y_edad",	27,"Tabasco","2019","28.2944390576273","1.9027100445527","28.1144351224267","45.8989932081434","6.2510157900659","50.9747353860606","2.87037940675","50.547598989048","85.0136200768165","10.2757761422167","6.4332315006397","0.8959235478572","5.6293891643641","10.2705390402752","2.4354306450238",
"Número_de_defunciones_por_homicidio_por_cada_100_000_habitantes,_desglosado_por_sexo_y_edad",	28,"Tamaulipas","2019","24.6993559705868","1.7427561252432","36.9113609283531","29.8221515326778","8.1871432080204","42.5497243321051","1.0680542827909","64.1244460892064","53.6222279223244","15.3019723436984","6.3618580608614","2.4447432463968","8.8744851976874","7.2614210601015","2.0754495077726",
"Número_de_defunciones_por_homicidio_por_cada_100_000_habitantes,_desglosado_por_sexo_y_edad",	29,"Tlaxcala","2019","13.9154968568648","1.3442377902882","17.5063062489556","21.0562107243181","5.3327076289715","24.6845900010752","2.1112190178609","25.9535981124656","40.6749372372382","9.1370094568048","3.7256382663172","0.5479632207086","8.8575385705543","3.8100597300133","2.0006802312786",
"Número_de_defunciones_por_homicidio_por_cada_100_000_habitantes,_desglosado_por_sexo_y_edad",	30,"Veracruz_de_Ignacio_de_la_Llave","2019","18.2338183716284","0.8757896703528","20.461060721632","27.5328603059329","9.4976157027246","33.4185282338498","1.3372304047988","36.0029496392476","52.668520455271","16.6830197962409","4.0139923049406","0.3966884448623","4.9168118813313","5.5844948143977","3.2143846184278",
"Número_de_defunciones_por_homicidio_por_cada_100_000_habitantes,_desglosado_por_sexo_y_edad",	31,"Yucatán","2019","1.9769249877302","0.1738036227627","0.2405407355736","3.3053451780668","3.2240557546709","3.659598123846","0.3421517237604","0.4741246473698","6.2968440217763","5.6401579244219","0.3392190668253","0","0","0.50520444782","1.0261567351797",
"Número_de_defunciones_por_homicidio_por_cada_100_000_habitantes,_desglosado_por_sexo_y_edad",	32,"Zacatecas","2019","41.6470525106526","0.6319740974883","71.8576941280518","57.9070766487693","5.2537170047809","74.405502523317","0.4144682579485","123.332755932791","110.160539871602","7.6940832499808","9.4467323872252","0.8567879021548","20.6702678866718","10.527721287566","2.9302311952413",
"Número_de_defunciones_por_homicidio_por_cada_100_000_habitantes,_desglosado_por_sexo_y_edad",	00,"Estados_Unidos_Mexicanos","2018","29.1160441228906","1.3944324879241","33.706676033215","41.599748154303","10.802022052112","53.0955929879981","1.6383583977701","58.9609673839565","79.0134921445307","19.2341085481473","5.8363847317438","1.1360125328305","7.9898122322867","7.2201549534438","3.5551670536844",
"Número_de_defunciones_por_homicidio_por_cada_100_000_habitantes,_desglosado_por_sexo_y_edad",	01,"Aguascalientes","2018","5.8032431636734","0.9876640756946","5.9253772798815","8.7303471461721","2.3505353344224","10.5229320636623","0.9704403858471","8.7699424837939","17.3188496435203","5.1280736391375","1.2512512512513","1.0055101958734","3.0031382795021","0.8795177897132","0",
"Número_de_defunciones_por_homicidio_por_cada_100_000_habitantes,_desglosado_por_sexo_y_edad",	02,"Baja_California","2018","79.2503008626635","1.7429098970049","69.6472338096004","118.465581517655","14.6558937967748","140.344482892854","2.3509447592098","122.724072024947","212.321222766109","28.4743832245205","14.9474202511167","1.1108445084291","13.6460399192154","22.2305436878745","2.6505278968061",
"Número_de_defunciones_por_homicidio_por_cada_100_000_habitantes,_desglosado_por_sexo_y_edad",	03,"Baja_California_Sur","2018","25.62735771691","1.4911352012287","25.8910848364546","33.9620932724867","4.6859258217942","42.4479133962098","0.9764385380762","40.1300768006642","58.1859781654651","9.6810106975168","8.1092180882649","2.0247833481817","10.482337261714","8.7312022351878","0",
"Número_de_defunciones_por_homicidio_por_cada_100_000_habitantes,_desglosado_por_sexo_y_edad",	04,"Campeche","2018","8.4734854985413","0.398498457811","9.6624775800325","13.240999430637","3.1922874335605","14.1050150923662","0.7840861867536","14.4118176905062","23.2976711465195","3.2132643552585","2.9693037618958","0","4.8588503959963","3.8423443423614","3.1715826197272",
"Número_de_defunciones_por_homicidio_por_cada_100_000_habitantes,_desglosado_por_sexo_y_edad",	05,"Coahuila_de_Zaragoza","2018","7.8052350735276","0.9362287768639","8.737564573277","11.5696874189623","6.2835930551796","13.7225052934244","1.1468968412167","14.3128938227645","21.1096075778078","12.2364073907901","1.9149445463975","0.7167893571116","2.9160682651581","2.3531564979802","0.9189487226613",
"Número_de_defunciones_por_homicidio_por_cada_100_000_habitantes,_desglosado_por_sexo_y_edad",	06,"Colima","2018","101.392208680639","2.6988659365335","98.4872966775926","143.767527635011","25.4777070063694","180.757538410977","3.1620220076732","168.9240602648","266.093026121932","30.7278663337814","22.8732579323113","2.2127075796298","26.4566733067729","27.6514849379171","20.7504755317309",
"Número_de_defunciones_por_homicidio_por_cada_100_000_habitantes,_desglosado_por_sexo_y_edad",	07,"Chiapas","2018","11.8575390125572","0.8500957154645","14.0959927646877","18.5522238675003","11.9426109129642","22.2741628109847","1.0480169946436","25.2304669356642","36.875689159632","22.607044355021","1.828187629709","0.6465809875016","3.184349484229","2.0366067849962","1.2903558801518",
"Número_de_defunciones_por_homicidio_por_cada_100_000_habitantes,_desglosado_por_sexo_y_edad",	08,"Chihuahua","2018","79.7234255694282","4.0239829383123","84.9532609831904","101.933029944138","26.7782560560825","145.123812959907","4.9391496759918","146.864571746385","190.948501256684","46.3861734842888","14.8532324946137","3.0745265229155","20.9592761264862","16.1477530239106","9.7167928603996",
"Número_de_defunciones_por_homicidio_por_cada_100_000_habitantes,_desglosado_por_sexo_y_edad",	09,"Ciudad_de_México","2018","15.8020401305126","0.387156792417","20.3223806991576","22.0857837825389","3.7560942629416","29.8561967646739","0.4352538182641","36.8288246934601","42.5424538237116","6.8875091195723","2.8522815772373","0.3374392187607","3.302182742793","3.8023012123377","1.4820166541622",
"Número_de_defunciones_por_homicidio_por_cada_100_000_habitantes,_desglosado_por_sexo_y_edad",	10,"Durango","2018","9.7081342165918","0.5633527752636","8.5978914412438","16.076900373608","6.9123362160336","17.2985408625692","0.3683743272564","14.6123632282802","30.8043921101009","6.4","2.2680071669027","0.7660986045514","2.406680946307","2.3204332713004","7.3853061947948",
"Número_de_defunciones_por_homicidio_por_cada_100_000_habitantes,_desglosado_por_sexo_y_edad",	11,"Guanajuato","2018","57.123450158937","2.5068851893223","75.156050191471","85.2906145077102","11.2670383990258","105.035436130324","3.3267448489945","131.825769700725","164.193671751453","20.1445240468799","11.4704008207991","1.6596467560426","18.1707426815171","14.5599037458","3.5786978013375",
"Número_de_defunciones_por_homicidio_por_cada_100_000_habitantes,_desglosado_por_sexo_y_edad",	12,"Guerrero","2018","65.5462059214226","1.8986672260201","85.1238259943331","99.7587066106124","22.5710902531087","121.511555628632","2.4940810113142","155.070344164946","194.48290020891","36.4542647769966","12.756742849792","1.101503552349","17.3756828790623","17.2736398216587","10.4191086452554",
"Número_de_defunciones_por_homicidio_por_cada_100_000_habitantes,_desglosado_por_sexo_y_edad",	13,"Hidalgo","2018","11.1345883542685","0.972891591906","11.2557755044802","16.6529612336954","6.3527558254771","19.3362968752544","0.9575150569243","18.1006172679889","30.9742513567908","10.8400104786768","3.4185090742424","0.9887700442227","4.4242077902926","4.239242280404","2.3920202205443",
"Número_de_defunciones_por_homicidio_por_cada_100_000_habitantes,_desglosado_por_sexo_y_edad",	14,"Jalisco","2018","35.1686153738978","1.1632740078503","36.1167722718442","43.03706002674","10.1237382066614","63.7646793382216","1.3200785710766","61.4973296869239","81.8249519689096","18.0316508506696","6.7275430349557","1.0011148779322","9.8085320792744","6.7355153474574","3.3375204043861",
"Número_de_defunciones_por_homicidio_por_cada_100_000_habitantes,_desglosado_por_sexo_y_edad",	15,"México","2018","18.6407724971338","1.909688748344","20.0437904760107","26.7799552801893","10.9569454909924","32.6388740685653","1.901789765292","33.5025642347241","49.2632732117792","19.1743561765148","5.2571516201554","1.9178487163511","6.3110105439894","6.3886063255301","4.1147860722721",
"Número_de_defunciones_por_homicidio_por_cada_100_000_habitantes,_desglosado_por_sexo_y_edad",	16,"Michoacán_de_Ocampo","2018","43.5276520102604","2.0665899568157","56.2480679253528","63.9448931387775","13.8236828377673","81.2336843845354","2.0384213300408","100.51634148503","125.54346979165","25.4706533776301","7.5210897077975","2.0955480082565","12.2773855191713","8.6547312968197","3.4516765285996",
"Número_de_defunciones_por_homicidio_por_cada_100_000_habitantes,_desglosado_por_sexo_y_edad",	17,"Morelos","2018","41.5571562382442","2.6231942838579","53.7879452721812","60.7561856351154","18.7828700225394","76.6381802029504","3.9639753916408","96.362458087966","116.717702924599","35.5939744486112","8.2243847132186","1.2330101476735","10.8087197924726","11.3600974618017","4.3619074621332",
"Número_de_defunciones_por_homicidio_por_cada_100_000_habitantes,_desglosado_por_sexo_y_edad",	18,"Nayarit","2018","32.2749008583335","1.183995927054","28.4676593614979","49.8237074046362","14.2280760592294","57.7720549715791","1.7386063331633","47.9581587686516","93.3375447612085","25.0443493686737","6.3177845635464","0.6050082583627","8.3894181472436","8.1561079053076","3.9618081692484",
"Número_de_defunciones_por_homicidio_por_cada_100_000_habitantes,_desglosado_por_sexo_y_edad",	19,"Nuevo_León","2018","15.0252096502856","0.9763248204783","16.6781328830237","22.8276536882386","4.6631882736359","26.727861009481","1.3681855806922","29.2297477530841","41.1011129897942","7.8941729726072","3.2610618229974","0.568946339826","3.4643679566343","4.6519922156664","1.9170309025382",
"Número_de_defunciones_por_homicidio_por_cada_100_000_habitantes,_desglosado_por_sexo_y_edad",	20,"Oaxaca","2018","27.1718903903285","1.6644598702886","26.9951899479729","45.6179072098375","16.4086248181841","49.982285394835","1.808794027691","47.9540528104401","88.6920030155281","28.7587025032054","6.1149527735712","1.5165531779372","6.7077718928259","8.7014879544402","5.7095104873327",
"Número_de_defunciones_por_homicidio_por_cada_100_000_habitantes,_desglosado_por_sexo_y_edad",	21,"Puebla","2018","19.0435415559351","1.0697938881605","21.9769387578667","28.5768972851278","10.7980632593738","35.095103299541","1.6869095816464","39.1283117588661","55.642640015935","19.2864960776089","4.0309897786457","0.4342921418094","4.8450942613089","5.1784377339656","3.9116437900699",
"Número_de_defunciones_por_homicidio_por_cada_100_000_habitantes,_desglosado_por_sexo_y_edad",	22,"Querétaro","2018","9.9608828735016","0.8224888182645","11.9931427442662","14.44424653759","6.5520304014211","17.7196416025289","0.322519262463","20.4642596356432","26.8026639999556","14.3696512964619","2.4779928599626","1.3429488470784","3.3296231817879","3.0639027993859","0",
"Número_de_defunciones_por_homicidio_por_cada_100_000_habitantes,_desglosado_por_sexo_y_edad",	23,"Quintana_Roo","2018","47.5932581688084","1.0773075928639","73.7271361749383","63.0976767479546","14.3833153541891","83.7299686124556","1.6952600528921","125.482567529434","112.362503778271","29.1706776348415","10.5298217140947","0.4382735528207","19.9595818467603","12.889662268625","0",
"Número_de_defunciones_por_homicidio_por_cada_100_000_habitantes,_desglosado_por_sexo_y_edad",	24,"San_Luis_Potosí","2018","19.8435006895881","0.6466297656614","27.1119434840963","28.275434744336","9.9222612401964","36.2254783458956","1.0195550661691","47.9338589440746","54.0196399976849","16.2653052003795","4.1338371102825","0.2625278279498","6.1706969030815","5.071750782861","4.127558054104",
"Número_de_defunciones_por_homicidio_por_cada_100_000_habitantes,_desglosado_por_sexo_y_edad",	25,"Sinaloa","2018","39.7375618812691","1.0097414809373","36.5823111010194","59.5570241431336","9.4376010438807","76.4599630828341","1.4833750738597","68.5369318181818","117.354929257551","18.0223477111618","3.3783388707772","0.5157310874964","3.6588087650423","4.6609368216672","1.5725248458926",
"Número_de_defunciones_por_homicidio_por_cada_100_000_habitantes,_desglosado_por_sexo_y_edad",	26,"Sonora","2018","31.6132590601878","0.7789607884122","26.0025478755544","49.0218479574922","13.6980477920164","58.5996109093729","0.7646760449935","46.0753661346059","92.6198443596049","26.933205649988","4.2629841701188","0.7937893917986","4.978973412282","6.0493988409902","1.7943495931312",
"Número_de_defunciones_por_homicidio_por_cada_100_000_habitantes,_desglosado_por_sexo_y_edad",	27,"Tabasco","2018","23.2784101950436","1.303945303841","28.8262858829607","35.0033716482985","10.9763814098839","43.2228056514443","1.990728891164","52.082853218536","67.3531297652339","21.2212849488036","3.8598550946067","0.5906971111958","5.5383763326718","5.4201877355934","1.2581464985783",
"Número_de_defunciones_por_homicidio_por_cada_100_000_habitantes,_desglosado_por_sexo_y_edad",	28,"Tamaulipas","2018","40.4064943949697","1.6170275153402","54.2693504152574","53.2877452479853","15.3490763693295","72.1954757880818","1.4801250917149","94.0303438460952","99.2998479360909","27.4018101801877","7.3445705262385","1.7594211504415","11.8287978655591","8.3515489896296","4.9938646805353",
"Número_de_defunciones_por_homicidio_por_cada_100_000_habitantes,_desglosado_por_sexo_y_edad",	29,"Tlaxcala","2018","11.3009387957511","0.2674147147621","11.5509316423832","16.9953223154935","16.5886997777114","19.8763082050929","0.5252045671789","20.4819561843691","31.242465302186","26.0472164997277","3.1839021905247","0","2.4169963181089","4.4760887339831","8.3001328021248",
"Número_de_defunciones_por_homicidio_por_cada_100_000_habitantes,_desglosado_por_sexo_y_edad",	30,"Veracruz_de_Ignacio_de_la_Llave","2018","18.4792458322353","0.7653001435416","23.4571602095695","27.1987642333478","7.8918006912129","34.4135837095927","0.9386084379021","42.4544322427261","52.9693906036297","14.0188144171824","3.4219573076606","0.5852082756253","4.4006399382207","4.5388375564222","2.5474916123839",
"Número_de_defunciones_por_homicidio_por_cada_100_000_habitantes,_desglosado_por_sexo_y_edad",	31,"Yucatán","2018","2.5845883188874","0.1744865732582","1.6908457610497","4.0282190169534","3.3606102868281","4.3506402988268","0","1.9048253989419","7.5912992601261","4.6935686375744","0.8646846365428","0.3544251755291","1.4705810265636","0.6932084633821","2.1432551759613",
"Número_de_defunciones_por_homicidio_por_cada_100_000_habitantes,_desglosado_por_sexo_y_edad",	32,"Zacatecas","2018","47.3248887283502","2.7254582962951","75.0686415318116","60.1899387478859","16.1128204341254","81.8692139307456","2.0619406985855","125.635903033798","113.867193087861","26.7299800311326","12.4983175341781","3.4116011497096","24.6450429234498","11.4341548600355","5.9941257567584",
"Número_de_defunciones_por_homicidio_por_cada_100_000_habitantes,_desglosado_por_sexo_y_edad",	00,"Estados_Unidos_Mexicanos","2017","25.7090295330623","1.3495846260303","30.9955320396965","37.1187656176109","12.2539159094884","46.678809725375","1.5933514870347","54.3483158365061","70.205098905291","21.6311434144808","5.3867717846234","1.091651633337","7.2549552188778","6.7956850074654","4.1976337398319",
"Número_de_defunciones_por_homicidio_por_cada_100_000_habitantes,_desglosado_por_sexo_y_edad",	01,"Aguascalientes","2017","6.043291550687","0.9889093812888","6.6962292788905","9.1280077178879","3.6913990402363","11.1341934009394","0.9723842862699","11.7308072994948","18.1343391846801","5.3738882768627","1.1309194799467","1.0060058549541","1.5104028999736","0.9033015672282","2.2699929630218",
"Número_de_defunciones_por_homicidio_por_cada_100_000_habitantes,_desglosado_por_sexo_y_edad",	02,"Baja_California","2017","60.5570748336356","2.2890703431316","54.8891868301944","92.5039535288617","17.0184650345625","108.335277457451","2.1414055757918","94.185369677576","168.448984654641","31.2577470709335","11.5352455206672","2.4421650903601","13.5418365808094","15.5339024627382","4.6726351793357",
"Número_de_defunciones_por_homicidio_por_cada_100_000_habitantes,_desglosado_por_sexo_y_edad",	03,"Baja_California_Sur","2017","98.3764609100936","4.0057482487369","116.401731475756","134.137292242869","19.6078431372549","172.886380509308","4.9304802287743","195.752177742977","240.450603414094","35.6597045338767","20.5815765487636","3.0517888569016","30.3324435816549","23.3159523506719","4.723665564478",
"Número_de_defunciones_por_homicidio_por_cada_100_000_habitantes,_desglosado_por_sexo_y_edad",	04,"Campeche","2017","8.4052539302644","0","4.1634201902088","15.4585129358629","0","15.6943097228429","0","8.2909900626562","29.1693675340309","0","1.2787015212286","0","0","2.6044379622877","0",
"Número_de_defunciones_por_homicidio_por_cada_100_000_habitantes,_desglosado_por_sexo_y_edad",	05,"Coahuila_de_Zaragoza","2017","8.9003763079103","0.5847590734142","12.1427487254578","12.4101030445441","6.9967115455736","15.1821566837498","0.4584684860224","19.9132898501612","22.3769887203401","8.4344589821717","2.6477680606843","0.7163015916221","4.0180593503894","2.7975866152799","5.7009834196399",
"Número_de_defunciones_por_homicidio_por_cada_100_000_habitantes,_desglosado_por_sexo_y_edad",	06,"Colima","2017","118.367592127395","3.1989933834154","127.854854298739","164.262742827701","17.1431836796891","216.387052015483","4.1579177148084","214.177978883861","312.118024958072","32.2048226721952","20.8544360364655","2.1892137438839","39.9391695724973","23.7693936643762","3.6155904259166",
"Número_de_defunciones_por_homicidio_por_cada_100_000_habitantes,_desglosado_por_sexo_y_edad",	07,"Chiapas","2017","10.7114796794531","0.6405606186534","10.8705002037037","18.6759005217443","10.673497705198","19.3994234121849","0.8427271070548","19.8636664890396","35.4237006697293","17.4055081738944","2.3477693878618","0.4328723243079","2.0586143653853","3.5763326621472","3.9885661104833",
"Número_de_defunciones_por_homicidio_por_cada_100_000_habitantes,_desglosado_por_sexo_y_edad",	08,"Chihuahua","2017","60.8287813218841","4.0965220527772","79.261524655205","86.1030567429844","26.916562796341","108.346019073255","5.3024456057455","139.722414263887","156.101752153147","48.8155570742618","13.8790937274566","2.8475541543781","16.8042010502626","18.7805252581494","7.7628902793088",
"Número_de_defunciones_por_homicidio_por_cada_100_000_habitantes,_desglosado_por_sexo_y_edad",	09,"Ciudad_de_México","2017","14.2752735607442","0.9786395605256","19.9609682148555","18.5474904408705","8.2870272665296","26.5673854532617","1.3916737231661","35.7659973062487","35.3166934608287","15.8025731856671","2.9689522339186","0.5523879177296","3.6946672267965","3.6155114479897","2.8552719741731",
"Número_de_defunciones_por_homicidio_por_cada_100_000_habitantes,_desglosado_por_sexo_y_edad",	10,"Durango","2017","10.9879121977912","0.934761149831","12.995029401254","16.7108834202421","11.034917632222","19.1069924927293","1.1024831595697","22.1354925147085","30.5874561095284","16.4408786005524","3.0435179589299","0.7610842406092","3.5945147704603","3.771467902451","6.056384943827",
"Número_de_defunciones_por_homicidio_por_cada_100_000_habitantes,_desglosado_por_sexo_y_edad",	11,"Guanajuato","2017","37.4661656748927","1.5623725147427","46.8645468413295","57.9304257369374","11.6717989470547","69.5722769117987","2.050543621898","84.6301080621765","111.981998308566","19.8561768809703","6.9057571954953","1.0584188398554","8.9594773178771","9.5896118840954","4.6223537025053",
"Número_de_defunciones_por_homicidio_por_cada_100_000_habitantes,_desglosado_por_sexo_y_edad",	12,"Guerrero","2017","72.9154194959297","2.9396123453029","89.1320654811808","112.158064621304","21.0352179462497","136.466188615931","3.8610377416439","166.594515517473","222.443888878785","38.3562064177605","11.5180525383913","1.9898625547664","13.9152618533389","15.8776104929021","5.9950041631973",
"Número_de_defunciones_por_homicidio_por_cada_100_000_habitantes,_desglosado_por_sexo_y_edad",	13,"Hidalgo","2017","10.4243749773834","0.7251999738928","9.093372230697","15.1590359135188","9.6634059992181","17.7420552726913","0.475805300471","12.6322203356455","28.8631416162448","15.0375939849624","3.4017993593064","0.9827575193235","5.5617146395453","3.289400105524","4.9479231092749",
"Número_de_defunciones_por_homicidio_por_cada_100_000_habitantes,_desglosado_por_sexo_y_edad",	14,"Jalisco","2017","19.2732478691577","1.0222867398743","20.3635690460527","26.916269518485","7.9936730927861","35.2066405443913","1.4880613711523","36.5753497761875","51.1227527734627","13.2631369529417","3.4028521652444","0.5417939882539","3.6279204759832","4.2398794078535","3.4751181540172",
"Número_de_defunciones_por_homicidio_por_cada_100_000_habitantes,_desglosado_por_sexo_y_edad",	15,"México","2017","18.2334825898398","1.9100428918322","21.9424469800161","25.1485184391073","13.0382132207482","31.5369160566289","2.2382360551179","35.670952556343","45.8023670784503","23.3579659965893","5.4388007051","1.5712334876069","7.8875187246408","6.332886220897","4.4648836897799",
"Número_de_defunciones_por_homicidio_por_cada_100_000_habitantes,_desglosado_por_sexo_y_edad",	16,"Michoacán_de_Ocampo","2017","36.5387739258297","1.3936852853241","43.523065497608","57.0847889408173","13.9427756312458","68.7100798770935","1.737783023308","80.8186535936512","111.169789560146","25.1197469756396","5.9587996265271","1.0404945619295","6.6411098439568","8.6133944499549","4.0446529687753",
"Número_de_defunciones_por_homicidio_por_cada_100_000_habitantes,_desglosado_por_sexo_y_edad",	17,"Morelos","2017","33.2349159725787","2.1982282280482","40.4458026244832","47.9519044510774","19.4418960709143","59.9268074334429","2.3577676655742","69.360540564729","92.5900894812252","30.3899158331461","7.7833969305829","1.6265121480126","11.2831159452995","8.5505776611187","10.1225958834777",
"Número_de_defunciones_por_homicidio_por_cada_100_000_habitantes,_desglosado_por_sexo_y_edad",	18,"Nayarit","2017","38.8633853616222","2.6501064459422","42.9386479807416","57.2163200723327","7.3793735966013","68.2515274362917","2.306578939781","74.5946723226804","103.861633224182","15.1949292350438","9.6466387186648","3.0085684028112","10.2183949688339","12.4576095231504","0",
"Número_de_defunciones_por_homicidio_por_cada_100_000_habitantes,_desglosado_por_sexo_y_edad",	19,"Nuevo_León","2017","12.0211608639521","0.6334726973267","16.1381587772924","17.0967713713287","5.1601549132822","21.7936341625877","0.6910372469076","27.7165676274422","31.7099963383376","10.6450926123057","2.2127665748913","0.5737316943731","3.9360454758265","2.613035563414","0.5022248561126",
"Número_de_defunciones_por_homicidio_por_cada_100_000_habitantes,_desglosado_por_sexo_y_edad",	20,"Oaxaca","2017","24.6915975803205","1.3235041094803","23.3863423760524","39.6434393397805","26.2524861389727","44.7701537698137","1.4712974391251","43.4105289765281","75.9593884734303","42.5699937070444","6.1104650810243","1.1721228987604","3.9916866472759","8.5494616892515","12.2108549191164",
"Número_de_defunciones_por_homicidio_por_cada_100_000_habitantes,_desglosado_por_sexo_y_edad",	21,"Puebla","2017","16.7077366385546","0.2661022460626","19.5155922293932","24.3574230874113","18.0355902313899","29.8866996178475","0.3148988072683","34.0418909784126","46.5320320146298","28.9335973939808","4.2556522054843","0.2159151021818","5.0159945503646","5.232024327637","8.8476712527096",
"Número_de_defunciones_por_homicidio_por_cada_100_000_habitantes,_desglosado_por_sexo_y_edad",	22,"Querétaro","2017","9.7600155443917","1.1573327778136","10.4775874878555","14.452085315477","5.409958961597","16.6807495946031","1.6182958050536","15.0677578234624","26.3217994820799","10.1608806096528","3.0795491540039","0.6759679861562","5.7811822517705","3.5539949568812","1.4216459817176",
"Número_de_defunciones_por_homicidio_por_cada_100_000_habitantes,_desglosado_por_sexo_y_edad",	23,"Quintana_Roo","2017","26.8626439217807","1.9891261105954","39.4536607360926","35.3714527861148","13.7705219027801","47.4309593320412","2.1751424718319","70.0878557419783","63.0936778742998","24.7272277686768","5.729147395446","1.7970259220989","7.6575053123943","7.28523822729","3.0299357653618",
"Número_de_defunciones_por_homicidio_por_cada_100_000_habitantes,_desglosado_por_sexo_y_edad",	24,"San_Luis_Potosí","2017","17.9870982482269","0.6386838004241","24.6748278500383","26.1086664454682","8.8457217666676","33.1922601750256","0.7559531309059","44.9772255150464","49.6968981262793","17.6046550414173","3.3983881930285","0.5181212921945","4.2235404787959","4.8727690469897","0.8462241478523",
"Número_de_defunciones_por_homicidio_por_cada_100_000_habitantes,_desglosado_por_sexo_y_edad",	25,"Sinaloa","2017","53.8874363742167","0.9977699840856","64.904529549441","75.017094909416","11.8657643035432","102.800230622024","0.9780238050994","120.984901506332","145.477976763264","24.8222549245581","5.5458267979571","1.0183299389002","6.9103473358793","8.0888370004975","0",
"Número_de_defunciones_por_homicidio_por_cada_100_000_habitantes,_desglosado_por_sexo_y_edad",	26,"Sonora","2017","25.881255033411","0.6420042860206","25.0386791536179","39.4893368250714","11.3188976377953","46.977657398947","0.5049051535669","41.0097178384949","74.5640272513091","21.8163685096304","4.4234538327526","0.7839099862293","8.394831836255","5.0157788041547","1.8701726169325",
"Número_de_defunciones_por_homicidio_por_cada_100_000_habitantes,_desglosado_por_sexo_y_edad",	27,"Tabasco","2017","18.4042982625115","0.1435430736878","23.6202589143766","27.3737912787274","13.3258708456598","33.5267569310123","0.2820341430534","41.3313227840052","52.1430994291323","24.6433558774404","3.7810042347247","0","5.9056548916994","4.6373124786766","2.5959866047091",
"Número_de_defunciones_por_homicidio_por_cada_100_000_habitantes,_desglosado_por_sexo_y_edad",	28,"Tamaulipas","2017","34.033546222022","1.7057314709589","57.0586737243196","41.2468840354283","15.0157863332635","59.8637528403866","2.5099246604281","99.3645730487836","74.6753053410113","24.8081644524667","7.8901246975452","0.869731600828","13.1403454596821","9.5876628210739","6.6093853271646",
"Número_de_defunciones_por_homicidio_por_cada_100_000_habitantes,_desglosado_por_sexo_y_edad",	29,"Tlaxcala","2017","9.4601980935448","0.7974418066842","7.1790944768833","14.247159067912","13.7460193818873","16.6739229108964","1.044620985391","11.0502470519519","27.0072815786102","24.5362645990774","2.6308942994367","0.5412837084429","3.224922198752","3.040844625003","4.2971939323622",
"Número_de_defunciones_por_homicidio_por_cada_100_000_habitantes,_desglosado_por_sexo_y_edad",	30,"Veracruz_de_Ignacio_de_la_Llave","2017","22.5212510086503","1.1744648785674","27.943911980848","33.8182649097418","8.6959082946342","40.9886018513981","0.8294372820999","47.2700506108372","65.5540758667585","16.2912145100417","5.0238823100141","1.5332191085098","8.5051916526424","5.959555121594","2.0969196250708",
"Número_de_defunciones_por_homicidio_por_cada_100_000_habitantes,_desglosado_por_sexo_y_edad",	31,"Yucatán","2017","2.3225120647802","0.1751519004857","2.6694882348373","2.9507963922826","4.0815136584939","3.5297567545063","0.3452061225758","3.8285022420666","4.3871696270524","7.3175193609366","1.1463207952292","0","1.4770685113611","1.606577686064","1.1171936096526",
"Número_de_defunciones_por_homicidio_por_cada_100_000_habitantes,_desglosado_por_sexo_y_edad",	32,"Zacatecas","2017","43.5832969626929","2.710044048639","65.667030727407","60.2336569686344","14.1001739021448","76.8726118158463","2.8699227990767","111.617777172803","111.10950362408","27.296082209377","11.2312600990766","2.5446587612601","19.7309783163352","13.9509295793926","1.529566520848",
"Número_de_defunciones_por_homicidio_por_cada_100_000_habitantes,_desglosado_por_sexo_y_edad",	00,"Estados_Unidos_Mexicanos","2016","19.8717657374266","1.1573333425999","23.0855655915108","28.6678970129733","10.8055928082417","35.8189487907861","1.3277344299222","40.0570819976601","53.9472609938602","18.5774587141085","4.4593934968029","0.9814512887772","5.8515434133909","5.5274488412934","4.1627774737949",
"Número_de_defunciones_por_homicidio_por_cada_100_000_habitantes,_desglosado_por_sexo_y_edad",	01,"Aguascalientes","2016","3.3640190374225","0","3.7399535497769","5.5007369369632","1.285925544911","6.2533872514279","0","7.3627943277033","10.173940468883","2.8100148930789","0.5748976682151","0","0","1.2375165517839","0",
"Número_de_defunciones_por_homicidio_por_cada_100_000_habitantes,_desglosado_por_sexo_y_edad",	02,"Baja_California","2016","33.0028370407571","1.5276988163608","31.4283098892381","50.2973323913664","9.5226003047232","58.0552020081744","1.5027134711823","51.858717778301","90.3982719267762","17.102202763716","7.4911417249103","1.5535290631998","10.0020941884707","9.9589252235258","2.9610328082435",
"Número_de_defunciones_por_homicidio_por_cada_100_000_habitantes,_desglosado_por_sexo_y_edad",	03,"Baja_California_Sur","2016","31.8681568823837","2.015824220128","25.7800300521493","51.4003929988381","5.1157437012406","58.8505747126437","1.9898517560442","46.6754359910044","95.4278523489933","10.6986198780357","3.8230266355727","2.0424836601307","3.0739437160906","5.4699209049437","0",
"Número_de_defunciones_por_homicidio_por_cada_100_000_habitantes,_desglosado_por_sexo_y_edad",	04,"Campeche","2016","10.0714858907146","0","9.3821282185098","15.4725850821526","6.8065410859836","17.961383026493","0","16.3721626457415","28.6399767124124","10.2557090113497","2.1419514034066","0","2.3522216733705","3.0905350157617","3.3881077418262",
"Número_de_defunciones_por_homicidio_por_cada_100_000_habitantes,_desglosado_por_sexo_y_edad",	05,"Coahuila_de_Zaragoza","2016","8.4153805651206","0.4673596051746","13.4214256059326","11.6933977277445","2.5774258732319","14.1143631041358","0.6870900362784","21.3469580584767","20.453994030255","4.3485823621499","2.7439125972374","0.2385223066061","5.1272097358388","3.259310764417","0.9803152693906",
"Número_de_defunciones_por_homicidio_por_cada_100_000_habitantes,_desglosado_por_sexo_y_edad",	06,"Colima","2016","84.1404225413976","4.7317616874514","92.6707250919173","115.083217265296","25.8876476093753","150.755297873106","8.1881640089251","154.124706340062","217.61215395627","46.339202965709","17.1647626494765","1.0810577068604","30.3494741953596","17.5678420650998","7.5531553306394",
"Número_de_defunciones_por_homicidio_por_cada_100_000_habitantes,_desglosado_por_sexo_y_edad",	07,"Chiapas","2016","10.1221683371606","0.321548750274","9.8308061544628","18.1357195056364","9.9713581333618","17.6482245213106","0.2116196095195","16.2395971051485","33.4434927441752","16.6096862153446","2.8788504174513","0.4343685421614","3.554810500536","4.3323728491043","3.4167241815237",
"Número_de_defunciones_por_homicidio_por_cada_100_000_habitantes,_desglosado_por_sexo_y_edad",	08,"Chihuahua","2016","48.8819217265926","1.8825674256386","54.4893767925598","64.3840971280094","23.5432103521636","88.8127322461202","1.7542560200219","93.0042711992886","121.020184899122","46.639231824417","9.2366857250282","2.0152270556324","14.742783557885","10.0266325385631","3.2189791007782",
"Número_de_defunciones_por_homicidio_por_cada_100_000_habitantes,_desglosado_por_sexo_y_edad",	09,"Ciudad_de_México","2016","13.9069566968466","1.1230559100015","18.0050293152781","18.4367157714001","8.1728466251819","25.7379616533903","1.5808077295175","32.2248685808857","35.4011768638505","12.4773170513387","3.0449793504517","0.6514544807039","3.4041533394063","3.3878072436648","5.0751809985223",
"Número_de_defunciones_por_homicidio_por_cada_100_000_habitantes,_desglosado_por_sexo_y_edad",	10,"Durango","2016","11.8447474633422","0.744701449189","11.1888441335124","20.0985324349372","7.2623399259241","22.6282106574391","0.7334389485419","20.9206236670367","39.6323966533787","15.163513217529","1.3128858653614","0.7563152321888","1.1937091527649","1.9163604482367","0",
"Número_de_defunciones_por_homicidio_por_cada_100_000_habitantes,_desglosado_por_sexo_y_edad",	11,"Guanajuato","2016","20.3887127953571","0.9756623886741","22.2980164199162","31.4071267215623","9.4986265499448","37.5273169294089","1.8087618685867","40.4505783061492","59.8103686760581","15.5766705979216","3.9990943986233","0.1165741650667","4.119499824063","5.9978903971707","4.2903314996139",
"Número_de_defunciones_por_homicidio_por_cada_100_000_habitantes,_desglosado_por_sexo_y_edad",	12,"Guerrero","2016","71.6367788856532","2.7214204761432","87.4372630399504","112.29209652112","26.6732923612075","132.918440765761","3.6318796014617","160.864204778959","218.871217587644","45.7936915242193","13.3344900601819","1.7828553498141","15.9944704830616","19.0289784157016","10.2022077577588",
"Número_de_defunciones_por_homicidio_por_cada_100_000_habitantes,_desglosado_por_sexo_y_edad",	13,"Hidalgo","2016","7.369881213668","0.7206454100292","7.0977755944854","10.0464812380156","9.0901240347425","12.2672789154053","0.7092282414686","11.9694629077566","17.7609654486903","13.656937724364","2.7979435765397","0.7324361803941","2.2385386819484","3.3705804948552","5.1060787867957",
"Número_de_defunciones_por_homicidio_por_cada_100_000_habitantes,_desglosado_por_sexo_y_edad",	14,"Jalisco","2016","15.9808642672669","0.7943838824806","17.3939268079433","21.8927004461363","8.4868330321686","29.1103604446327","0.7831684908691","30.328550620694","41.5210697575825","15.3224416310739","3.1751056207368","0.8059251617895","4.0335104044401","3.5699313859188","2.6270248615065",
"Número_de_defunciones_por_homicidio_por_cada_100_000_habitantes,_desglosado_por_sexo_y_edad",	15,"México","2016","16.5378125313482","1.7521695453165","19.7517730149713","23.0621002569289","11.9323105452283","28.6252354048964","2.0792642059091","32.3824359218814","42.0234226639305","21.3588546476005","4.9106082668982","1.414744097893","6.9036072334024","5.8342284186429","4.1150349062309",
"Número_de_defunciones_por_homicidio_por_cada_100_000_habitantes,_desglosado_por_sexo_y_edad",	16,"Michoacán_de_Ocampo","2016","30.2995903826384","1.4557958508363","36.4239658276975","47.9112869657487","12.9261148774082","56.4240997672342","1.8696454433145","65.1438805035645","93.7939659215257","21.1395385708497","5.4514795604621","1.0316875460575","8.1563481310635","6.8580978343751","5.6904008111408",
"Número_de_defunciones_por_homicidio_por_cada_100_000_habitantes,_desglosado_por_sexo_y_edad",	17,"Morelos","2016","33.7001139871837","1.7804964419746","33.747789659231","51.2795205901221","23.2239922670383","60.4214289034144","1.1682106517447","56.1366844896008","98.3963680298759","39.7505311493386","8.6241163997982","2.4127974778224","11.1967036904335","9.6942670528216","9.2632261500874",
"Número_de_defunciones_por_homicidio_por_cada_100_000_habitantes,_desglosado_por_sexo_y_edad",	18,"Nayarit","2016","12.3162176482306","1.4626126943081","12.2802628885907","16.893166893706","16.3701844374113","20.3789152783876","0.5729838132073","19.6584786124688","30.0639408693612","31.5478738986412","4.2888578771473","2.3905001523944","4.6316023491487","4.2300289756985","2.1162677501958",
"Número_de_defunciones_por_homicidio_por_cada_100_000_habitantes,_desglosado_por_sexo_y_edad",	19,"Nuevo_León","2016","11.6266218859382","0.6391419022851","15.0768766865333","16.9698538635955","5.1136218363016","20.1922524735509","0.8374204101685","24.1797373800755","30.215484110366","10.5175240511028","3.044093697204","0.4337441372251","5.4784822075755","3.88890010687","0.5253038882994",
"Número_de_defunciones_por_homicidio_por_cada_100_000_habitantes,_desglosado_por_sexo_y_edad",	20,"Oaxaca","2016","19.4365452956968","0.7393721416078","17.4414470497792","32.6740072407834","14.8964260261009","34.7973132811272","0.6496016317993","31.9020144622466","61.6699844068232","24.0814205503238","5.0711153495618","0.8312731613485","3.4336759085374","7.8752151436242","7.0435508165101",
"Número_de_defunciones_por_homicidio_por_cada_100_000_habitantes,_desglosado_por_sexo_y_edad",	21,"Puebla","2016","11.4701215817282","0.8993329065911","12.4263353843555","17.5453248376531","8.9317408879067","20.7150686077237","1.1484616356391","21.4732958418264","33.537263162048","15.44369742708","2.888745387787","0.6434406056063","3.4061105623489","3.7863332952524","3.7130091463792",
"Número_de_defunciones_por_homicidio_por_cada_100_000_habitantes,_desglosado_por_sexo_y_edad",	22,"Querétaro","2016","6.316536877971","0.9981534161801","6.7606232328817","8.8215734972789","6.5533483514233","10.9784522071381","0.9755843750406","12.4128119315768","16.2279705300055","10.7567364061744","1.7222843654651","1.0217914046907","0.9770300241326","2.042385060139","3.0167732593218",
"Número_de_defunciones_por_homicidio_por_cada_100_000_habitantes,_desglosado_por_sexo_y_edad",	23,"Quintana_Roo","2016","11.8966385523825","0.6800670092693","12.845710175087","16.5791928655032","21.1230989210971","20.0129840335437","0.8930445227347","19.5605810123547","29.2787583838125","29.4165713351855","3.612181271712","0.4604475550235","5.8859691575216","3.7331634329175","12.9244886749168",
"Número_de_defunciones_por_homicidio_por_cada_100_000_habitantes,_desglosado_por_sexo_y_edad",	24,"San_Luis_Potosí","2016","11.8540946613728","0.7566223370046","17.9012498500294","17.2011167250342","4.9757319980278","21.855335223564","0.9959489775339","31.4804138726219","33.6531217037521","7.5804953853734","2.2336495110751","0.5110240666784","4.2073536892755","2.4086373736218","2.5965258484148",
"Número_de_defunciones_por_homicidio_por_cada_100_000_habitantes,_desglosado_por_sexo_y_edad",	25,"Sinaloa","2016","42.9645613262234","0.9845596433925","51.844013436832","57.1406963602217","13.5427952329361","80.6778801173183","1.2073765880021","96.5870259564556","109.10580675766","23.7605665981266","5.5674072191587","0.7529647988957","5.4261322529301","7.7826430675083","4.1848358288904",
"Número_de_defunciones_por_homicidio_por_cada_100_000_habitantes,_desglosado_por_sexo_y_edad",	26,"Sonora","2016","19.8574848852015","1.5224639556659","19.4238947523734","31.0308667955458","6.6542454085707","36.0450247586834","1.4988458886657","35.2272894068605","57.5056388674704","11.8768692572638","3.557922638446","1.5468382625913","3.0429011019106","5.0848534926587","1.9465288524239",
"Número_de_defunciones_por_homicidio_por_cada_100_000_habitantes,_desglosado_por_sexo_y_edad",	27,"Tabasco","2016","17.6276388289031","1.1384804985406","19.4785131849384","26.956943673901","12.3537284238701","31.8426325459972","1.6793363262839","36.2937373139946","50.2338503611578","18.3341325134685","3.8640062983303","0.5790270608297","2.6849601954651","5.5132225454047","6.6845813446704",
"Número_de_defunciones_por_homicidio_por_cada_100_000_habitantes,_desglosado_por_sexo_y_edad",	28,"Tamaulipas","2016","22.9287484170782","2.8447553773779","32.675214803321","29.1848044060246","14.6176865886786","38.3389148594862","1.8609690686263","53.6394357131363","51.6867637202394","21.9799542816951","7.4834969199502","3.8668431092856","10.8433141110947","7.7725300499728","8.2995691769091",
"Número_de_defunciones_por_homicidio_por_cada_100_000_habitantes,_desglosado_por_sexo_y_edad",	29,"Tlaxcala","2016","7.2769832053292","0.791884764929","5.1953242082126","10.4010685034183","10.6568150332137","13.0929835636296","1.5568321579251","8.7070091423596","20.1333747774732","15.2210862781907","1.7707916766889","0","1.6143352974413","1.8599172336831","6.6616334325177",
"Número_de_defunciones_por_homicidio_por_cada_100_000_habitantes,_desglosado_por_sexo_y_edad",	30,"Veracruz_de_Ignacio_de_la_Llave","2016","15.7021540610834","0.5994858256188","19.7953029159164","22.4399175684852","7.5057086688048","28.7089322606981","0.6330968565837","34.4017361318851","43.3512423711654","13.3772605237042","3.3468858641212","0.5645204539873","5.0715082665585","3.9442608599451","2.4234917130047",
"Número_de_defunciones_por_homicidio_por_cada_100_000_habitantes,_desglosado_por_sexo_y_edad",	31,"Yucatán","2016","2.9145610101869","0.1758028476545","1.7083337400795","4.2767941151313","6.6623865880101","5.0747557658452","0.3467045730333","2.8888236228737","7.8648040189149","10.1171054961176","0.8092979340422","0","0.4949049535037","0.9198024264388","3.4870745769016",
"Número_de_defunciones_por_homicidio_por_cada_100_000_habitantes,_desglosado_por_sexo_y_edad",	32,"Zacatecas","2016","36.0359026191437","1.2422617445496","57.8017097137294","47.7372941329191","13.5613771977408","62.4106065381703","0.4071412576593","96.5922523557027","86.9646695049749","26.1604617321496","9.9482327935002","2.1063717746182","18.9452887126676","12.0031048031091","1.557753719137",
"Número_de_defunciones_por_homicidio_por_cada_100_000_habitantes,_desglosado_por_sexo_y_edad",	00,"Estados_Unidos_Mexicanos","2015","16.9667861391442","1.1319244822104","19.4246974226433","24.472661329004","10.8529745507895","30.5412016805024","1.3655604839293","33.7630652380174","46.0121523581797","19.1574903843138","3.8144873461065","0.8851108844937","4.8749300727244","4.7892529431885","3.7626560810609",
"Número_de_defunciones_por_homicidio_por_cada_100_000_habitantes,_desglosado_por_sexo_y_edad",	01,"Aguascalientes","2015","3.3465982572404","0.4952542263758","5.2732881588314","4.3275128285789","4.0257648953301","5.753705083247","0","9.6341969526294","8.3798882681564","2.9328953542938","1.0230851864573","1.0059299570971","0.7659724403116","0.6361181525857","4.9475559073818",
"Número_de_defunciones_por_homicidio_por_cada_100_000_habitantes,_desglosado_por_sexo_y_edad",	02,"Baja_California","2015","25.0722073700546","1.7460596344842","20.7952797818668","39.3144283952211","13.3793434087222","43.5124361349728","2.1494698332656","34.3118798051814","69.9498212193143","20.4160061488207","6.4257274336116","1.3300289502968","6.6657144217493","8.752682757215","7.283093858271",
"Número_de_defunciones_por_homicidio_por_cada_100_000_habitantes,_desglosado_por_sexo_y_edad",	03,"Baja_California_Sur","2015","24.6438619669909","1.5218692612847","26.8881453154876","36.4789016534339","7.991901539773","42.4626167721961","2.0077902260772","47.2948763883913","61.6709583883323","16.803898504453","6.1398832864004","1.0254937752528","4.6792382200178","10.1694340709939","0",
"Número_de_defunciones_por_homicidio_por_cada_100_000_habitantes,_desglosado_por_sexo_y_edad",	04,"Campeche","2015","7.3058364910176","1.1742740050964","3.4786238564024","11.3399938440033","12.2770401809987","12.790910514349","1.5512895094047","5.7908573943458","21.4554418152257","17.5796357499473","1.941211488521","0.790189013212","1.1609143361311","1.7988685117061","6.9991251093613",
"Número_de_defunciones_por_homicidio_por_cada_100_000_habitantes,_desglosado_por_sexo_y_edad",	05,"Coahuila_de_Zaragoza","2015","10.3734439834025","1.0510286066631","16.1650414812926","13.9143062376352","7.9596710002653","16.7469122880469","0.9157488192564","26.3408363742366","23.206203695696","12.2980602604953","4.0328845371934","1.1918865896072","5.5141382504742","4.9859493178252","4.0401999898995",
"Número_de_defunciones_por_homicidio_por_cada_100_000_habitantes,_desglosado_por_sexo_y_edad",	06,"Colima","2015","31.353114800742","1.5553067064825","25.4268342843468","48.9438433797012","12.4932328322159","56.1944662360279","2.0156210632401","38.7066039421187","91.561117045628","26.4422017539994","6.8578639125485","1.0676574527829","12.021940040574","8.379794639166","0",
"Número_de_defunciones_por_homicidio_por_cada_100_000_habitantes,_desglosado_por_sexo_y_edad",	07,"Chiapas","2015","10.0068804265048","0.5384055442849","10.3222531679374","17.2120654295894","13.0897924383453","17.9078348481166","0.8507760140718","17.2352710246369","32.927230819888","20.6928538299618","2.4043785919959","0.2180982270795","3.5594788922902","3.0390650099421","5.6133260360095",
"Número_de_defunciones_por_homicidio_por_cada_100_000_habitantes,_desglosado_por_sexo_y_edad",	08,"Chihuahua","2015","42.5232877128408","3.0432076586738","46.9889174556393","52.7614051788342","18.9856371447368","77.4970132517669","4.0586533388222","84.9704800832125","97.4084786163198","34.752226020964","7.7903581699461","1.9950164489106","7.8501467373583","9.9966218312432","4.9992084586607",
"Número_de_defunciones_por_homicidio_por_cada_100_000_habitantes,_desglosado_por_sexo_y_edad",	09,"Ciudad_de_México","2015","11.8004066114182","0.893365291287","15.1415669511852","15.7033604578765","7.9098371620435","21.5901203609228","1.1399719774161","27.4114821004346","29.2903764357398","15.0323613334261","2.8270919171348","0.6396718057189","2.5765436886884","3.6932196334633","2.7974040090796",
"Número_de_defunciones_por_homicidio_por_cada_100_000_habitantes,_desglosado_por_sexo_y_edad",	10,"Durango","2015","11.0516480351509","0.742895136637","12.645943005029","17.4277191661973","9.8942959383915","21.3698165474743","1.0996140354736","24.4003044228457","34.3472321636921","20.6632916623618","0.9921039548571","0.3764904314957","0.5955890673671","1.7054743289568","0",
"Número_de_defunciones_por_homicidio_por_cada_100_000_habitantes,_desglosado_por_sexo_y_edad",	11,"Guanajuato","2015","16.2069490385019","0.8537498114636","19.4500019278636","24.6313220237929","10.067238556464","29.6390424837724","1.0096613371506","34.6447455755058","47.4105452450152","17.2593329843113","3.4815010280189","0.6931872402714","4.2805727063835","4.3657575328682","3.9284434034069",
"Número_de_defunciones_por_homicidio_por_cada_100_000_habitantes,_desglosado_por_sexo_y_edad",	12,"Guerrero","2015","66.9476405375697","2.2535426123239","86.1280923270296","105.83189067639","31.0474202586288","124.837898757661","2.7318532380144","156.003531063226","208.101692931536","59.2200796631757","11.7384480806833","1.7603898207219","18.0477419172906","16.1466162825483","6.9413593958241",
"Número_de_defunciones_por_homicidio_por_cada_100_000_habitantes,_desglosado_por_sexo_y_edad",	13,"Hidalgo","2015","7.949168987733","0.8357939505234","5.4590187696125","12.5994989846286","8.4465008024176","12.7888170626843","0.9400550402226","7.9206128291298","21.738817696037","14.1339902273553","3.4304751537941","0.728119994175","3.0063885757234","4.6983974319112","3.5071106668771",
"Número_de_defunciones_por_homicidio_por_cada_100_000_habitantes,_desglosado_por_sexo_y_edad",	14,"Jalisco","2015","15.2981002744454","1.008151562876","15.6358904639619","21.2987830539431","8.4399643319768","27.315106768744","0.951897998072","26.2120121435949","39.6185649909543","14.6984630174753","3.603792660815","1.06589259178","4.7136523533246","4.2244794502544","3.0685409769553",
"Número_de_defunciones_por_homicidio_por_cada_100_000_habitantes,_desglosado_por_sexo_y_edad",	15,"México","2015","16.2279505809793","1.86590454832","18.9271292448337","22.8750682247047","11.5135651193997","28.0919107033021","1.9692482197996","31.4752753599863","41.6319733555371","20.4565635221257","4.8000180706563","1.7142583892648","6.1915059125588","5.8413825772133","4.0998423424263",
"Número_de_defunciones_por_homicidio_por_cada_100_000_habitantes,_desglosado_por_sexo_y_edad",	16,"Michoacán_de_Ocampo","2015","18.6593173721447","0.9392866767965","19.5110441584841","29.9046975578477","12.1063671044667","34.4095358799613","1.1429436800215","34.6227042395616","58.3509088051316","18.6708746401339","3.6537946525885","0.7309065287495","4.4901239723229","4.4962378418058","6.3441377523777",
"Número_de_defunciones_por_homicidio_por_cada_100_000_habitantes,_desglosado_por_sexo_y_edad",	17,"Morelos","2015","24.1555846269533","1.9604191376116","24.9803626593539","34.1400417970096","24.6129930694993","44.267327838935","2.3175597640724","44.2913930750407","66.7778855841204","45.4242196261019","4.8910249691816","1.5923440099999","5.566038260947","5.3384911370781","7.1477073728602",
"Número_de_defunciones_por_homicidio_por_cada_100_000_habitantes,_desglosado_por_sexo_y_edad",	18,"Nayarit","2015","12.0119719320256","0.5821958681559","5.4454861457757","20.6849463015133","10.155721056195","22.0563171297379","1.1406475456116","9.7966744743194","38.8039430776004","18.677624206201","1.8323072412782","0","0.9252148811561","3.2341875181923","2.1839783349349",
"Número_de_defunciones_por_homicidio_por_cada_100_000_habitantes,_desglosado_por_sexo_y_edad",	19,"Nuevo_León","2015","8.981774403652","0.8595711456293","13.7802447663779","11.8837766642239","4.1500787032783","15.6444725268633","0.9863072375225","23.5951719396452","21.1410365528522","7.7400878499971","2.2410436122281","0.7285157075272","3.4315102720115","2.7739208292174","1.0970565971499",
"Número_de_defunciones_por_homicidio_por_cada_100_000_habitantes,_desglosado_por_sexo_y_edad",	20,"Oaxaca","2015","19.8670383704308","1.4690675583363","18.539414261211","32.6733208673799","19.9861588392516","36.4781008435048","2.2593581808939","32.536549390482","63.759749310505","35.6894884722952","4.4913392795514","0.6604779879199","4.9876882852328","6.1213914133765","6.6252587991718",
"Número_de_defunciones_por_homicidio_por_cada_100_000_habitantes,_desglosado_por_sexo_y_edad",	21,"Puebla","2015","9.9780640471722","0.8939370037335","9.6258795851409","15.5348855273123","9.6358585549973","17.653356976144","1.2461512100648","16.1895121396811","29.5885171636759","15.8877267311002","2.8603466192377","0.5326316798671","3.0926744309072","3.4746444503246","4.6478415001542",
"Número_de_defunciones_por_homicidio_por_cada_100_000_habitantes,_desglosado_por_sexo_y_edad",	22,"Querétaro","2015","6.6455938051673","0.3348199338396","8.8232699038264","9.8390054692698","4.3312918511075","11.4943194879909","0","14.0604015456745","18.0761452301306","9.4598429666068","1.8667774287941","0.686381841082","3.4694858717579","2.1332754116737","0",
"Número_de_defunciones_por_homicidio_por_cada_100_000_habitantes,_desglosado_por_sexo_y_edad",	23,"Quintana_Roo","2015","9.3242311689113","0.4643970037105","10.2185450110426","12.5832163487438","18.9227778637904","15.7903047528817","0.457605169108","16.2037787211978","22.1691900421215","30.9672091662939","2.7279954689294","0.4713934862848","4.0245497534963","2.8985048984733","6.8804183294344",
"Número_de_defunciones_por_homicidio_por_cada_100_000_habitantes,_desglosado_por_sexo_y_edad",	24,"San_Luis_Potosí","2015","9.5624874402479","1.2453207074418","13.8662796771626","12.867721442156","8.310632993213","16.5590085790384","1.2305208548675","23.0719770036688","23.9494734537194","14.4940139722295","2.6705534932948","1.2604808986725","4.5789817107839","2.7646117409989","2.6525433469792",
"Número_de_defunciones_por_homicidio_por_cada_100_000_habitantes,_desglosado_por_sexo_y_edad",	25,"Sinaloa","2015","36.3627211237604","1.3359485538357","42.7681225501112","53.5464966813955","8.5498161789522","69.3326400069333","1.9079281569653","77.9947379550126","105.26085593696","16.9306595432484","3.487849451256","0.7424235674937","6.1291962460476","4.4308626197198","0.862730888354",
"Número_de_defunciones_por_homicidio_por_cada_100_000_habitantes,_desglosado_por_sexo_y_edad",	26,"Sonora","2015","20.1775555908902","1.0036847777403","19.8258690183389","29.574218240334","11.172411591643","35.5875083008727","0.9892395468294","34.2628513323828","53.5141181972926","17.9187385208081","4.4762017568748","1.0185581291124","4.9387593836428","6.1647243006264","5.0673450152527",
"Número_de_defunciones_por_homicidio_por_cada_100_000_habitantes,_desglosado_por_sexo_y_edad",	27,"Tabasco","2015","15.2428530687305","0.7071395638929","16.8223471601222","23.5064006701078","13.4257590853525","28.1382938869973","1.3921876000635","29.7108293755848","45.1019633048966","23.2193649503686","2.7435329280436","0","3.97749621033","3.5445012127258","4.1316054041399",
"Número_de_defunciones_por_homicidio_por_cada_100_000_habitantes,_desglosado_por_sexo_y_edad",	28,"Tamaulipas","2015","19.4848458183007","0.6247494494395","25.7644804431491","24.9001610766401","6.6650837092857","33.290273297566","0.8176548024955","45.7170963022751","45.101189666435","11.7197360354838","4.4710645717937","0.4244653328551","4.9367763508666","5.795347726659","2.3231861723959",
"Número_de_defunciones_por_homicidio_por_cada_100_000_habitantes,_desglosado_por_sexo_y_edad",	29,"Tlaxcala","2015","6.1277138112542","0","6.0190684087188","8.9323785238655","8.5554700008556","10.5534746133805","0","7.1614427920078","18.0382338404482","10.4662724370715","1.93832546572","0","4.8569231391913","0.9488926422865","6.8805761335749",
"Número_de_defunciones_por_homicidio_por_cada_100_000_habitantes,_desglosado_por_sexo_y_edad",	30,"Veracruz_de_Ignacio_de_la_Llave","2015","12.2118560370269","0.5441401995362","14.050061242133","17.4862654037984","6.6821692994414","22.2888246434851","0.8003457493637","24.6256301953053","33.4650987137714","11.5389793131743","2.6648573935761","0.2775721687639","3.3767858131773","3.4017241882028","2.4899847280937",
"Número_de_defunciones_por_homicidio_por_cada_100_000_habitantes,_desglosado_por_sexo_y_edad",	31,"Yucatán","2015","2.6923973198577","0.1764455744803","4.4220720355535","3.3299707158458","3.1369990212563","4.6081605821706","0.3482100263595","6.7904468114002","5.8770957419428","6.5329587770301","0.8250197317219","0","1.9912682885547","0.9477074010262","0",
"Número_de_defunciones_por_homicidio_por_cada_100_000_habitantes,_desglosado_por_sexo_y_edad",	32,"Zacatecas","2015","20.8912440270879","1.0288849151067","31.9706005088373","28.0182203335866","12.1632798689609","39.2139556289679","1.2140342357655","57.1374794977279","55.7861846107282","23.2519515030726","2.926718624052","0.8373350973193","6.7392710804399","2.7050275642309","1.5844847255673",
"Número_de_defunciones_por_homicidio_por_cada_100_000_habitantes,_desglosado_por_sexo_y_edad",	00,"Estados_Unidos_Mexicanos","2014","16.5305499929599","1.1924583928726","18.5596606880214","23.5390381638299","11.8495099900864","29.5474017691538","1.404426994646","31.8649194567145","44.3181500440745","20.3317204573271","3.895709841448","0.9741459308389","5.0891205545931","4.576674525399","4.6150784666151",
"Número_de_defunciones_por_homicidio_por_cada_100_000_habitantes,_desglosado_por_sexo_y_edad",	01,"Aguascalientes","2014","3.4847534461181","0.7443042120175","4.2032862055789","4.9679822111975","4.1936340634916","6.4838228619594","0.9779951100245","8.2836939250401","9.3601272977313","9.1740313751873","0.5949990331266","0.5036235715976","0","0.9805075106875","0",
"Número_de_defunciones_por_homicidio_por_cada_100_000_habitantes,_desglosado_por_sexo_y_edad",	02,"Baja_California","2014","21.3973578888656","1.4126933759894","16.4606731004383","33.4282523006594","12.2530428389717","37.4502001505141","1.4988523073761","26.6866253995325","61.1418329950975","21.3538330130258","4.6145170308639","1.3239071146768","5.7714875688571","5.66649010212","4.3584854263144",
"Número_de_defunciones_por_homicidio_por_cada_100_000_habitantes,_desglosado_por_sexo_y_edad",	03,"Baja_California_Sur","2014","12.8800850085611","0.5107747942855","12.1168060099358","19.9590554234456","8.3953657581015","22.5278438655582","1.0112245929821","18.8777881040892","35.1472278321413","17.6532893962575","2.8548019195688","0","4.7480374778425","4.0822991508818","0",
"Número_de_defunciones_por_homicidio_por_cada_100_000_habitantes,_desglosado_por_sexo_y_edad",	04,"Campeche","2014","8.6157761488806","0.3918909916018","5.7871040174076","13.4989200863931","9.0762221133076","14.067963896692","0.7769223000008","5.7829541643053","24.3757373660553","10.8972030512169","3.2787601914796","0","5.7912598306636","3.2238157082723","7.2571573714576",
"Número_de_defunciones_por_homicidio_por_cada_100_000_habitantes,_desglosado_por_sexo_y_edad",	05,"Coahuila_de_Zaragoza","2014","15.7439186177041","1.7516468399707","26.4303144845365","20.8304352119407","7.6585595343596","27.2743986331822","1.8325800665685","43.9032853111645","37.3960566299969","16.1455870650782","4.2168138423942","1.6674845281257","8.1494460228851","4.8010596221001","0",
"Número_de_defunciones_por_homicidio_por_cada_100_000_habitantes,_desglosado_por_sexo_y_edad",	06,"Colima","2014","19.5705932266177","0.5156765676568","24.7024477880081","26.0511187345596","25.9667193214031","34.3372764910681","1.0027575833542","35.7653791130186","49.2105310536455","45.789642382893","4.9991668055324","0","13.536684414764","3.9998857175509","8.2054648395832",
"Número_de_defunciones_por_homicidio_por_cada_100_000_habitantes,_desglosado_por_sexo_y_edad",	07,"Chiapas","2014","8.6654459690606","0.5416261349776","8.5604711683331","14.8350108127106","12.41025378969","15.1711963890248","0.5350695269343","13.8553729981873","27.6177155809288","22.1134567755632","2.403115620917","0.5483454225221","3.3854313603792","3.294760884955","2.8922004584138",
"Número_de_defunciones_por_homicidio_por_cada_100_000_habitantes,_desglosado_por_sexo_y_edad",	08,"Chihuahua","2014","48.8791631887262","2.3366738032579","46.2904892456741","61.4917210271807","22.2417909634781","88.5920867081031","2.6849087035151","79.7342583684193","114.008783441966","41.4318061376885","9.5183704549781","1.9775821289858","11.8251694182926","11.2275711722754","5.1492863947271",
"Número_de_defunciones_por_homicidio_por_cada_100_000_habitantes,_desglosado_por_sexo_y_edad",	09,"Ciudad_de_México","2014","12.0355775615219","1.1824852343583","15.4141352935861","15.7245131333734","9.6987868134816","21.6671472681186","1.7242306128017","26.5496379654566","29.4568448416838","16.6593901514281","3.1897899859062","0.6255806170102","4.0307790286629","3.6119057735343","4.7227538172171",
"Número_de_defunciones_por_homicidio_por_cada_100_000_habitantes,_desglosado_por_sexo_y_edad",	10,"Durango","2014","19.6363328584124","0.9278692966194","23.8995863306168","31.3145136972003","11.8203309692671","36.5959373935001","1.099489104063","46.0727366039144","58.6624951114587","24.6609124537608","3.1186964739795","0.7518373024078","1.1943863839952","5.9601267520289","0",
"Número_de_defunciones_por_homicidio_por_cada_100_000_habitantes,_desglosado_por_sexo_y_edad",	11,"Guanajuato","2014","13.5135089481389","1.0733959932952","15.9153201732275","20.5312244433004","9.2613274206114","25.3829346010429","1.6715736640226","28.8407403953426","40.7899932883398","14.805690122828","2.266714059606","0.4583345269128","3.085573230938","2.590477835224","4.539402009442",
"Número_de_defunciones_por_homicidio_por_cada_100_000_habitantes,_desglosado_por_sexo_y_edad",	12,"Guerrero","2014","47.959063097928","2.3165526264988","56.526222202023","73.4965082378466","26.0901260383295","87.6004231352031","2.3673521842206","99.802982584811","142.518710111434","44.9801337742497","10.2353704234427","2.2642284989733","14.3092423677026","12.8635218539774","9.9586006743395",
"Número_de_defunciones_por_homicidio_por_cada_100_000_habitantes,_desglosado_por_sexo_y_edad",	13,"Hidalgo","2014","7.2618527268603","0.8323444288809","7.7601544460007","9.7235178472132","12.1306225435489","11.9594096205215","1.4048067805341","12.9167062399088","16.5455781532841","21.9607843137255","2.8754194434525","0.241608338387","2.6403636157894","3.824573878727","3.6210564432173",
"Número_de_defunciones_por_homicidio_por_cada_100_000_habitantes,_desglosado_por_sexo_y_edad",	14,"Jalisco","2014","13.0633309782421","0.5672540800841","13.565868275419","18.8243087517855","9.6698046130656","23.746606075757","0.603335410531","23.4482559868375","35.873349883211","14.7837871134656","2.7021881278249","0.5302578378737","3.3765942589794","2.981979789632","5.2834574945845",
"Número_de_defunciones_por_homicidio_por_cada_100_000_habitantes,_desglosado_por_sexo_y_edad",	15,"México","2014","17.7120167384649","1.9140852916406","21.623622314397","24.7525819656644","11.2845069043084","31.6874820212868","2.1682238127349","37.1604706471398","46.9264760673637","19.2762474317926","4.3050342737812","1.6523633037799","5.8796132667858","4.7079944885078","4.6697422107727",
"Número_de_defunciones_por_homicidio_por_cada_100_000_habitantes,_desglosado_por_sexo_y_edad",	16,"Michoacán_de_Ocampo","2014","20.0503582388041","1.5087355790024","21.2455065188673","31.8639208035834","13.8218592704362","37.317286013951","1.7057254094807","37.5327267068236","62.8080109048967","24.050024050024","3.7625905686905","1.3074155155357","5.3578484666507","4.2969249897014","4.8618689024061",
"Número_de_defunciones_por_homicidio_por_cada_100_000_habitantes,_desglosado_por_sexo_y_edad",	17,"Morelos","2014","22.7952848109501","0.7785342535608","30.0166759310728","31.9329563686777","10.7306211688329","40.9754083021985","1.1509554848784","51.6173434273916","60.0864484871515","17.6623835386585","5.6473017998758","0.3950492428881","8.3505912218585","7.117467521321","4.9282326125793",
"Número_de_defunciones_por_homicidio_por_cada_100_000_habitantes,_desglosado_por_sexo_y_edad",	18,"Nayarit","2014","14.6968769136558","1.4555405149702","15.0169281735775","20.948950027402","15.111886079628","25.372639498772","2.2824927102889","27.6810429502634","36.5928964039856","26.4391299122702","4.04901330607","0.594290061093","1.8559417976652","5.8761527359","4.5024763619991",
"Número_de_defunciones_por_homicidio_por_cada_100_000_habitantes,_desglosado_por_sexo_y_edad",	19,"Nuevo_León","2014","11.1317067078423","1.0102672012423","13.8189966558028","15.2075531645681","3.3887653187596","18.5079704555366","1.4201459057904","22.9937916762474","26.9915754055988","5.360205831904","3.0629961375231","0.5868381016374","4.1485169052064","3.5595464663196","1.7108249597956",
"Número_de_defunciones_por_homicidio_por_cada_100_000_habitantes,_desglosado_por_sexo_y_edad",	20,"Oaxaca","2014","18.4519666824355","2.0252098117365","15.9402770951502","30.5377547667345","21.3543541528118","31.4356003786725","2.5639587523136","26.4922861491299","56.1233047924257","31.241068045705","6.4755244222499","1.4744309106249","5.7457605428177","8.7137907033535","12.9680478577349",
"Número_de_defunciones_por_homicidio_por_cada_100_000_habitantes,_desglosado_por_sexo_y_edad",	21,"Puebla","2014","9.0738795915348","0.5229176504055","8.9477745489172","12.7431088692406","14.9756283725357","15.7452276015833","0.8265624095947","14.3447893789201","24.0311686652722","25.607497003378","2.8313877800997","0.2117560612526","3.596604805064","3.0766012171034","6.5085522376403",
"Número_de_defunciones_por_homicidio_por_cada_100_000_habitantes,_desglosado_por_sexo_y_edad",	22,"Querétaro","2014","5.160169720903","0.3364890397108","5.4764103623641","7.4899808319786","9.9848411956394","8.6283245083095","0","8.3913322473962","13.3008497026152","19.8341862033401","1.8166363734584","0.6892440027156","2.51088468511","2.2140191693805","1.6736681785469",
"Número_de_defunciones_por_homicidio_por_cada_100_000_habitantes,_desglosado_por_sexo_y_edad",	23,"Quintana_Roo","2014","8.3111757388137","0","9.4126189603762","12.4945422191955","5.4866673982223","13.5516686972241","0","13.8676105446669","21.0208488600967","7.2859744990893","2.9572078581078","0","4.7931745194843","3.8672430700385","3.6726898780667",
"Número_de_defunciones_por_homicidio_por_cada_100_000_habitantes,_desglosado_por_sexo_y_edad",	24,"San_Luis_Potosí","2014","9.7501461615777","1.3552305740018","12.7396286113044","13.470450954336","10.885564321853","16.7713266713072","0.7307110549276","21.97485773174","24.6487121484936","18.8113224359672","3.0466311698709","1.9944603862771","3.4353767463165","3.4481785780339","3.6269336089803",
"Número_de_defunciones_por_homicidio_por_cada_100_000_habitantes,_desglosado_por_sexo_y_edad",	25,"Sinaloa","2014","38.627442659466","1.3252054068381","49.7914429595608","55.5924243935799","18.1399567431801","71.4051827253247","0.9468508922886","87.8859774970213","106.97821413151","32.0413235979494","6.2441709999442","1.7173404774697","10.1272781854811","6.7671112752762","5.3569993660884",
"Número_de_defunciones_por_homicidio_por_cada_100_000_habitantes,_desglosado_por_sexo_y_edad",	26,"Sonora","2014","23.316823349446","1.4958434250826","19.5718654434251","37.2957687396467","10.4663589189904","42.4236461588807","0.9828058123136","35.1838820784415","70.1711429386182","19.6841276457783","3.8300568937542","2.0241634511987","3.4434602949898","5.1150895140665","2.1015025743407",
"Número_de_defunciones_por_homicidio_por_cada_100_000_habitantes,_desglosado_por_sexo_y_edad",	27,"Tabasco","2014","9.7105752710077","0.7054295501617","8.366561057181","15.7107648196699","8.0401128539477","17.4585401638753","1.111802899582","15.4506286198616","28.9735560582591","14.9997000059999","2.1975374558051","0.2865230994923","1.3177487580218","3.4374360851728","1.4255980383771",
"Número_de_defunciones_por_homicidio_por_cada_100_000_habitantes,_desglosado_por_sexo_y_edad",	28,"Tamaulipas","2014","26.2838872861699","2.4822852745666","34.1742013795416","29.2138569246821","17.5902249832678","42.7298751008658","3.0475045001483","56.1891744295063","51.2810938307102","29.7121634168988","8.0410469785338","1.8961539677022","11.2002740772951","8.2361661823017","7.1779493396287",
"Número_de_defunciones_por_homicidio_por_cada_100_000_habitantes,_desglosado_por_sexo_y_edad",	29,"Tlaxcala","2014","6.8342454721182","1.3074835126329","6.0682066426635","9.3301795022868","8.8314703136434","10.3858088308136","1.54388492911","5.6265121251336","16.6592625499778","10.8084738434933","3.4754804851771","1.063269873843","6.5157722411813","2.9159525282928","7.0999195342453",
"Número_de_defunciones_por_homicidio_por_cada_100_000_habitantes,_desglosado_por_sexo_y_edad",	30,"Veracruz_de_Ignacio_de_la_Llave","2014","10.7779428849587","0.3136719287373","10.5580320897353","15.7407023606331","8.2725403745929","19.6929608354041","0.439701530601","18.3728571656806","30.2955637438821","14.8978504057181","2.2767061185054","0.1827325088443","2.6831843495223","2.9120932817514","2.5662593917965",
"Número_de_defunciones_por_homicidio_por_cada_100_000_habitantes,_desglosado_por_sexo_y_edad",	31,"Yucatán","2014","2.2174727415984","0.1765826662923","2.9663981252364","3.218296012833","1.295529774513","3.7277909684227","0.348639781891","4.8814777209357","5.4134637006438","2.6944373341237","0.745341151962","0","1.001627644923","1.167244777066","0",
"Número_de_defunciones_por_homicidio_por_cada_100_000_habitantes,_desglosado_por_sexo_y_edad",	32,"Zacatecas","2014","12.4339796295174","0.8201225263054","17.4788153396772","16.5661652640647","9.0885055192015","21.99984994322","0.8069331697949","30.2500672223716","32.0538989334519","13.5446295543817","3.1937736154991","0.8337502084376","4.7061038166502","2.4759761535986","4.8412083656081",
"Número_de_defunciones_por_homicidio_por_cada_100_000_habitantes,_desglosado_por_sexo_y_edad",	00,"Estados_Unidos_Mexicanos","2013","19.28382307566","1.3528119325776","22.677491685512","27.8132994313559","13.2142199802833","34.6575301123181","1.6393300292361","39.5632660908072","52.4379145441386","23.0124009115129","4.3351395541669","1.0521033927278","5.6171833299502","5.3426219996463","4.6535931408399",
"Número_de_defunciones_por_homicidio_por_cada_100_000_habitantes,_desglosado_por_sexo_y_edad",	01,"Aguascalientes","2013","3.4793850302939","0.7472222014661","4.6842064173628","4.4099566236667","5.816828083646","5.6817823119804","0.4910361353492","8.494602066505","7.4326508921039","9.5614482406935","1.3641985788082","1.0109383529792","0.7893532039847","1.6788889784296","2.674511901578",
"Número_de_defunciones_por_homicidio_por_cada_100_000_habitantes,_desglosado_por_sexo_y_edad",	02,"Baja_California","2013","23.124356882089","1.9438255999672","20.4773103525405","35.6891749328786","15.8081618755776","41.0134151043294","1.9145718060156","35.7093382998045","65.1695664403102","30.0893522939861","4.6085687847083","1.9739872348826","4.5160707603773","6.0367107472316","3.4078129792237",
"Número_de_defunciones_por_homicidio_por_cada_100_000_habitantes,_desglosado_por_sexo_y_edad",	03,"Baja_California_Sur","2013","6.7315087602709","1.029235432459","4.6072333563695","9.7062820233774","5.9393003504187","9.8273199494595","0","5.8865081233812","14.3845981230976","12.4239035905081","3.5081667197764","2.0829861689718","3.2114069173705","4.8137963403113","0",
"Número_de_defunciones_por_homicidio_por_cada_100_000_habitantes,_desglosado_por_sexo_y_edad",	04,"Campeche","2013","7.9852800921344","1.9676750345327","7.5728890571753","12.1836514890859","3.775151949866","13.4041557426584","2.3373223635004","11.6348066876869","22.0715116979012","3.7723037458976","2.6727605607452","1.5903940201185","3.4999300014","2.8431437588256","3.7780044580453",
"Número_de_defunciones_por_homicidio_por_cada_100_000_habitantes,_desglosado_por_sexo_y_edad",	05,"Coahuila_de_Zaragoza","2013","27.2287868179997","1.6363666115757","43.417407999062","38.6104361434867","13.0007404769576","47.4203727213964","2.0658216690921","75.9935620548372","68.4062398518216","20.3035985142543","7.1885801943765","1.1907823916626","9.3670497165531","10.0778586565926","6.4388736263736",
"Número_de_defunciones_por_homicidio_por_cada_100_000_habitantes,_desglosado_por_sexo_y_edad",	06,"Colima","2013","32.0060541229488","1.5523209785831","26.4192815465093","49.6270452358037","13.40063429669","59.2747858805742","2.0165355918532","47.9860840356297","93.7288031078498","28.3219258909606","5.0880371765916","1.0629364682873","4.5597555971","7.6331395690212","0",
"Número_de_defunciones_por_homicidio_por_cada_100_000_habitantes,_desglosado_por_sexo_y_edad",	07,"Chiapas","2013","9.4243882480177","0.8728516937687","8.0430109586024","16.4547357643682","15.494384230496","15.8491720954635","0.6468493584871","14.5357288214431","28.9732918927461","25.1929551336372","3.1968708276134","1.104363450429","1.7032067598384","5.1314334201095","5.9869932571488",
"Número_de_defunciones_por_homicidio_por_cada_100_000_habitantes,_desglosado_por_sexo_y_edad",	08,"Chihuahua","2013","59.8844087727149","3.193070456551","65.092449275884","81.426401098801","27.9402451290839","109.442200731799","4.5755160324175","113.692404461467","152.561455950207","52.401055930712","10.435395970263","1.7683222747698","14.9339705160754","13.312587883881","6.1619175887536",
"Número_de_defunciones_por_homicidio_por_cada_100_000_habitantes,_desglosado_por_sexo_y_edad",	09,"Ciudad_de_México","2013","12.1800289404504","1.1048885795201","15.9338202219194","16.1893314181167","8.5626744334674","22.0968944236057","1.3872236699993","28.812422047473","30.2912496986443","14.0416289484612","3.0679455376627","0.8147129002659","2.7830899454912","3.7236167057908","4.6698818095368",
"Número_de_defunciones_por_homicidio_por_cada_100_000_habitantes,_desglosado_por_sexo_y_edad",	10,"Durango","2013","27.0427572863937","1.4849959719484","32.3993983818135","42.0501490868922","18.2108293732006","49.1403338992971","1.0992393263861","57.5965771177027","79.8619020305781","32.4962539040638","5.416097318242","1.8810711571597","6.6154669617566","7.1022907424177","5.0062578222779",
"Número_de_defunciones_por_homicidio_por_cada_100_000_habitantes,_desglosado_por_sexo_y_edad",	11,"Guanajuato","2013","12.007257720222","0.6738203931742","13.450751159368","18.9821274463951","8.0963295708666","22.0483674154057","0.5542536752561","24.1397587073684","37.2858571232707","11.5341654120732","2.5566217000073","0.7965624914654","2.9275970799802","2.8700296054592","5.1690539080632",
"Número_de_defunciones_por_homicidio_por_cada_100_000_habitantes,_desglosado_por_sexo_y_edad",	12,"Guerrero","2013","63.8367657828225","3.6592723834713","74.5131052056789","99.9710610086554","45.7481799323242","116.991874508214","5.2048179824782","133.546701051105","193.792142394324","77.7844260193179","12.6067018748665","2.0707685139648","16.8639751762285","17.1777480492845","11.7154321530035",
"Número_de_defunciones_por_homicidio_por_cada_100_000_habitantes,_desglosado_por_sexo_y_edad",	13,"Hidalgo","2013","5.8554742723784","0.4748580471225","4.7473732783651","8.7203711763703","13.0838017502101","9.9477633506971","0.9357863412626","7.2634134220234","15.6027178927942","22.7985799741616","2.0341217137069","0","2.2639629917516","2.7604282441207","4.6900795437491",
"Número_de_defunciones_por_homicidio_por_cada_100_000_habitantes,_desglosado_por_sexo_y_edad",	14,"Jalisco","2013","18.9985702015008","0.9584682631553","20.3976402939668","28.6295742091256","12.6934778957729","35.1788317726505","1.2905268446791","35.3570867871358","55.2859728570523","22.0235397757834","3.2600384734694","0.6178216843055","5.0183781144462","3.9100323283645","4.7107764446683",
"Número_de_defunciones_por_homicidio_por_cada_100_000_habitantes,_desglosado_por_sexo_y_edad",	15,"México","2013","20.4265969221665","1.8771529962636","24.318737587311","28.8406562834241","14.6256122381764","35.8466582379604","2.2386003581761","41.4634977113197","53.2259000239722","26.4245160238759","5.638165658945","1.4611299582117","6.9626200140181","6.7767584884465","4.8903541839018",
"Número_de_defunciones_por_homicidio_por_cada_100_000_habitantes,_desglosado_por_sexo_y_edad",	16,"Michoacán_de_Ocampo","2013","20.0203938762783","0.85888578179","22.3484369638633","31.4738540036861","14.724114270906","37.2925851775181","0.8500305302632","40.2789316013393","62.1013420968802","27.1240325236074","3.7527154480321","0.8679274759801","4.8996135986548","4.2846900407617","3.866377977111",
"Número_de_defunciones_por_homicidio_por_cada_100_000_habitantes,_desglosado_por_sexo_y_edad",	17,"Morelos","2013","33.1806705977057","2.1295007482291","46.4556572356085","47.1315231337226","18.1303432213436","61.5993816076239","4.1971436529649","82.2672173533461","91.7149974699311","33.6432591142647","6.2342546744135","0","10.6356776605987","7.9171989378115","5.1272848463096",
"Número_de_defunciones_por_homicidio_por_cada_100_000_habitantes,_desglosado_por_sexo_y_edad",	18,"Nayarit","2013","19.2164822513482","1.1692795191923","21.5467840278733","27.98854386725","27.4453181866998","35.0485353491968","0.5733977832442","37.8048012097536","53.931108870495","46.7151848937844","3.4269108454874","1.7889941082461","4.6714564666972","3.0102347983143","9.2740720131692",
"Número_de_defunciones_por_homicidio_por_cada_100_000_habitantes,_desglosado_por_sexo_y_edad",	19,"Nuevo_León","2013","18.3070740827583","0.7994999491227","29.6835881174647","23.5072872590503","5.4282749261595","31.3352123910191","1.4305824187143","47.5184794086589","41.8656039794619","11.1131176462417","4.7418722334139","0.1477445319749","10.8993280230621","5.1820519630261","0.5910130554784",
"Número_de_defunciones_por_homicidio_por_cada_100_000_habitantes,_desglosado_por_sexo_y_edad",	20,"Oaxaca","2013","19.0230063539837","2.4911083503559","17.3611801361594","30.9431801408804","22.206236512057","34.2959264870199","3.0218591750006","29.1824062515199","60.5651371607064","37.5045175896188","4.9420271427646","1.9490834435107","5.9822457350489","5.7083954029853","9.244226691549",
"Número_de_defunciones_por_homicidio_por_cada_100_000_habitantes,_desglosado_por_sexo_y_edad",	21,"Puebla","2013","9.0084582468473","0.728710842853","8.276419157593","13.5376627960515","13.6896287372686","15.0729997490076","0.5144117598644","14.3402166373192","24.0529164161155","24.1300553868946","3.3324239241877","0.9481498961776","2.3005882932921","4.5468662997462","5.3676144979268",
"Número_de_defunciones_por_homicidio_por_cada_100_000_habitantes,_desglosado_por_sexo_y_edad",	22,"Querétaro","2013","5.924766419818","0.5073000476862","7.3413818505852","8.5137688380779","8.4931300015099","9.6585253770129","0.6625236852217","13.1053010942926","13.7943718962663","14.4753711898755","2.3416210457094","0.3454350754776","1.5257237016091","3.7406250584473","3.4716195105017",
"Número_de_defunciones_por_homicidio_por_cada_100_000_habitantes,_desglosado_por_sexo_y_edad",	23,"Quintana_Roo","2013","11.1948143435607","0.7166694935297","13.6435885366569","15.8083627663211","11.7594026223468","18.2056755856496","0.9417437326955","22.0561697122004","26.2811346667948","19.4772311168244","4.0086420794071","0.4848931537936","4.8760100306492","5.1680476838533","3.9444619753866",
"Número_de_defunciones_por_homicidio_por_cada_100_000_habitantes,_desglosado_por_sexo_y_edad",	24,"San_Luis_Potosí","2013","11.0537357966815","0.8551550579368","18.3312806118065","15.1924888335207","7.3152176033396","20.0859348241394","0.9659759133906","33.1535925918869","28.5842404363384","13.2634113493991","2.4323224172134","0.7417003728281","3.4445805266381","3.1997593780948","1.8684953007343",
"Número_de_defunciones_por_homicidio_por_cada_100_000_habitantes,_desglosado_por_sexo_y_edad",	25,"Sinaloa","2013","41.3041549948573","1.3212292717144","51.8488587887391","60.7573779980038","13.0274928348789","78.7825139588724","1.6526506154943","95.0067135740404","119.184096268039","24.1273926331028","4.2421442894678","0.9780046748623","6.9324090121317","5.1854892725191","2.783396114379",
"Número_de_defunciones_por_homicidio_por_cada_100_000_habitantes,_desglosado_por_sexo_y_edad",	26,"Sonora","2013","23.2409628681467","2.1154935010795","20.5356378882519","36.1324544874396","7.3855243722304","41.7738061300238","1.4702278853222","36.1531552013954","68.4944017242324","11.9381603294932","3.9602504009754","2.7813246690856","4.2699874229461","4.1872915700848","3.251856267953",
"Número_de_defunciones_por_homicidio_por_cada_100_000_habitantes,_desglosado_por_sexo_y_edad",	27,"Tabasco","2013","10.3080342327303","0.9877351515186","10.7836642891254","16.0292813752574","8.3552976384891","18.4710876406292","0.5561379555813","18.5424733010459","30.3161459217157","15.5748683923621","2.393373162364","1.4323815635304","3.0717382527953","2.8204816324948","1.4826456328673",
"Número_de_defunciones_por_homicidio_por_cada_100_000_habitantes,_desglosado_por_sexo_y_edad",	28,"Tamaulipas","2013","25.5851438699158","1.5499070055797","30.8294742686877","32.8835559478362","13.3211370922622","43.9265135267823","2.8439330781919","52.2247754334656","60.7120767704211","23.0749262083089","5.4702957184283","0.2102943279414","8.5640409097647","6.5763042604886","4.9506175895443",
"Número_de_defunciones_por_homicidio_por_cada_100_000_habitantes,_desglosado_por_sexo_y_edad",	29,"Tlaxcala","2013","7.1876360023158","2.8744718158039","6.1385595665359","8.5368543114671","11.7250094451465","12.0346532962753","4.1161791566978","10.5990933698594","14.1167493323159","22.3563603845294","2.6106773632773","1.5929992990803","1.6433178587568","3.6646144825564","2.4405125076266",
"Número_de_defunciones_por_homicidio_por_cada_100_000_habitantes,_desglosado_por_sexo_y_edad",	30,"Veracruz_de_Ignacio_de_la_Llave","2013","9.4380941218563","0.4003277349724","11.9182967280928","13.288096651614","5.3871968513419","16.9150078088833","0.4370411614107","20.1830913812853","25.1812765762621","9.5929176859142","2.2999355538892","0.362285696689","3.6224543872618","2.8206840763317","1.7686385020811",
"Número_de_defunciones_por_homicidio_por_cada_100_000_habitantes,_desglosado_por_sexo_y_edad",	31,"Yucatán","2013","2.345076583501","0","1.9901933224039","3.707800594484","3.338117969089","3.4907770760669","0","3.9287134936576","5.5482053689557","2.7771991946122","1.2285070332028","0","0","1.9908183457892","3.8575286100039",
"Número_de_defunciones_por_homicidio_por_cada_100_000_habitantes,_desglosado_por_sexo_y_edad",	32,"Zacatecas","2013","27.2254430925071","2.0477787743635","45.4426110314463","29.297752023238","11.8210296116792","46.3533438143394","2.8236167303325","75.5924218597086","57.3003778727622","13.8621753218624","6.9441430493468","1.2477903712176","15.4450525467549","3.928468206065","9.881097460558",
"Número_de_defunciones_por_homicidio_por_cada_100_000_habitantes,_desglosado_por_sexo_y_edad",	00,"Estados_Unidos_Mexicanos","2012","21.9946526744751","1.4936329489766","28.0798646231426","30.9147252256607","12.8146745726603","39.8021445885888","1.9319793938155","49.4524833667721","58.7572967077556","23.5351658194677","4.5829987625406","1.0371000573042","6.5234083130475","5.5267933801868","3.6678870134303",
"Número_de_defunciones_por_homicidio_por_cada_100_000_habitantes,_desglosado_por_sexo_y_edad",	01,"Aguascalientes","2012","3.5545809859934","0.2504069112308","4.7911268331051","5.0896228044185","6.0587700696759","5.3301029678982","0.4938198446443","7.13838149097","8.0616988686749","6.6551311060828","1.8551527641003","0","2.4118857730898","2.4167265094183","5.5604982206406",
"Número_de_defunciones_por_homicidio_por_cada_100_000_habitantes,_desglosado_por_sexo_y_edad",	02,"Baja_California","2012","17.712221219241","2.5791780804252","14.4205703890226","26.7760084402078","13.9638210092034","30.2691288786862","2.3279733510542","22.8959687624729","48.282645071466","24.5757273732643","4.7286463236617","2.8383349890287","5.1974714301492","5.1400073759106","4.7445645082852",
"Número_de_defunciones_por_homicidio_por_cada_100_000_habitantes,_desglosado_por_sexo_y_edad",	03,"Baja_California_Sur","2012","5.4267875031351","0","3.898909085238","8.8068535541728","3.1592582061732","9.4794353703587","0","7.4703799435239","14.847104517677","6.5715975553657","1.1987497040587","0","0","2.4859234584167","0",
"Número_de_defunciones_por_homicidio_por_cada_100_000_habitantes,_desglosado_por_sexo_y_edad",	04,"Campeche","2012","9.1692436061718","2.3737933217281","9.9829702272594","11.7928374821539","15.7217254593692","15.0372808894667","1.564296496758","17.5864373395238","21.1754983989257","27.4585180245558","3.4073639950661","3.202382572634","2.3530242243844","2.9278718763267","3.9382482671708",
"Número_de_defunciones_por_homicidio_por_cada_100_000_habitantes,_desglosado_por_sexo_y_edad",	05,"Coahuila_de_Zaragoza","2012","40.0675621997092","3.0458018307612","66.0756975069417","50.1621634610691","11.6946070319672","70.9894105727728","3.9150931446719","113.030899958567","92.1724115682521","21.0544567330914","9.0780922251642","2.1458357672674","17.0693775366992","9.9893202414478","3.3231423634189",
"Número_de_defunciones_por_homicidio_por_cada_100_000_habitantes,_desglosado_por_sexo_y_edad",	06,"Colima","2012","38.3967265703899","1.0399334442596","37.3524008446216","60.929593843946","23.0755030459664","69.9896182066327","0","61.9756632151765","118.55777948253","34.0981051195869","7.1993203841557","2.1316280309086","12.3023928154026","6.038829674809","13.1538562721971",
"Número_de_defunciones_por_homicidio_por_cada_100_000_habitantes,_desglosado_por_sexo_y_edad",	07,"Chiapas","2012","7.6026889346177","0.7699584222452","7.9140495612528","12.8214648152273","9.7923243844545","13.183894681331","0.9783650867158","12.5113384004254","23.9468338641548","15.8321789036216","2.182620216424","0.5565585978285","3.4312118277684","2.7369102548252","3.876660179722",
"Número_de_defunciones_por_homicidio_por_cada_100_000_habitantes,_desglosado_por_sexo_y_edad",	08,"Chihuahua","2012","78.5166583060966","4.9098985480178","110.102425420689","116.324084827672","25.8236056448489","142.34664542294","6.8304066937986","195.313659489335","216.03177888037","47.7419092700567","15.1498938381045","2.9316170995362","22.0774243004983","20.5528225674828","6.3253964668143",
"Número_de_defunciones_por_homicidio_por_cada_100_000_habitantes,_desglosado_por_sexo_y_edad",	09,"Ciudad_de_México","2012","11.9312194859886","0.8849775068217","17.4383289283726","15.4954251652021","7.088971751092","22.1153835112937","1.0671116198754","30.8190153324601","29.8123575144678","13.3970993722057","2.5696458269794","0.697815836432","3.7966115896151","2.8900830166449","2.6380119941612",
"Número_de_defunciones_por_homicidio_por_cada_100_000_habitantes,_desglosado_por_sexo_y_edad",	10,"Durango","2012","47.6604626891633","2.7886638953545","49.1702519975415","62.2065094186862","25.8483149572611","87.1110860318961","2.5675918555986","85.4158387064246","120.142933513407","51.8403317781234","8.2374019234334","3.0158748110366","12.1250333438417","8.8158270023595","1.7187741702618",
"Número_de_defunciones_por_homicidio_por_cada_100_000_habitantes,_desglosado_por_sexo_y_edad",	11,"Guanajuato","2012","11.8565646886542","1.0618309766274","16.1262898840835","16.068006229566","10.8826081602378","21.9949017680462","1.5458595807408","29.6333625526569","31.7610604234808","18.6849530073432","2.2838718344865","0.5657919899696","2.9440288168468","2.3350072573532","4.2412418356095",
"Número_de_defunciones_por_homicidio_por_cada_100_000_habitantes,_desglosado_por_sexo_y_edad",	12,"Guerrero","2012","74.6454973615948","2.7041415618108","97.5043727289963","119.211267127334","32.464765584102","139.44757619088","4.172327123798","175.948173167615","233.824142493762","64.9812520306641","12.9459708682742","1.1982526053435","20.8559977903916","18.2321228712","4.5268669553802",
"Número_de_defunciones_por_homicidio_por_cada_100_000_habitantes,_desglosado_por_sexo_y_edad",	13,"Hidalgo","2012","5.7650260778464","0.2374284598372","4.3877889740586","9.0246652887414","7.3151742840273","9.1384167987684","0","5.7788325217284","16.3338571629981","12.4131082423039","2.2709458627151","0.4816398874889","3.0232716333981","2.5353835140416","2.9192250430586",
"Número_de_defunciones_por_homicidio_por_cada_100_000_habitantes,_desglosado_por_sexo_y_edad",	14,"Jalisco","2012","20.1454475485509","1.5248385304913","22.7629661357104","31.4117550344621","12.6853214722222","37.1324205713084","2.1504099971701","40.3228489490109","60.1456366445712","22.7406905298144","3.6817121738987","0.8828026512329","4.7720787038489","4.877443155617","4.1049064827669",
"Número_de_defunciones_por_homicidio_por_cada_100_000_habitantes,_desglosado_por_sexo_y_edad",	15,"México","2012","18.1810665362617","1.6698317568604","22.7310456711772","25.6537647499158","13.1401573768492","32.144573680669","2.1398796531683","38.7590511942468","47.9793133402693","22.6227283010331","4.7514868550544","1.1869890177138","6.4630731979686","5.4011097378712","5.3443926632178",
"Número_de_defunciones_por_homicidio_por_cada_100_000_habitantes,_desglosado_por_sexo_y_edad",	16,"Michoacán_de_Ocampo","2012","18.1421515450993","1.6422424749594","19.5302798361714","28.2934270606788","12.6606317655251","33.3158606129575","2.2623506671814","35.7604599345309","54.3439477858958","23.8974862427985","3.7458173479869","1.0096712077831","3.78140792939","5.2451882682622","2.8263118326371",
"Número_de_defunciones_por_homicidio_por_cada_100_000_habitantes,_desglosado_por_sexo_y_edad",	17,"Morelos","2012","35.9066043001236","3.0846941332974","51.6354032640347","50.8211817090371","24.6861590514706","67.2553724100321","4.5594610717013","92.1247470808324","100.486223662885","44.5547705429317","6.5303922381624","1.5655516025378","11.269256341774","7.2232193669833","8.0122855044401",
"Número_de_defunciones_por_homicidio_por_cada_100_000_habitantes,_desglosado_por_sexo_y_edad",	18,"Nayarit","2012","24.8592833722795","2.0583936883768","31.9126795088222","37.5543653508875","20.8407399688615","46.469294452859","2.8860195441244","58.1670120333006","72.5692314477361","37.7576962770911","3.3099200044597","1.1988826413782","4.708674319832","3.8583372881291","4.7796577765032",
"Número_de_defunciones_por_homicidio_por_cada_100_000_habitantes,_desglosado_por_sexo_y_edad",	19,"Nuevo_León","2012","36.9550864581596","1.1725640531435","52.6225602644394","41.4004064614804","7.2887987728313","62.9523564936628","1.7311895436152","93.8104511312247","75.2825211599775","12.9753108668229","6.7717551704165","0.5958002043595","9.3001311091654","7.9630712570455","2.4523628516075",
"Número_de_defunciones_por_homicidio_por_cada_100_000_habitantes,_desglosado_por_sexo_y_edad",	20,"Oaxaca","2012","17.5017432491747","1.6755871736196","16.2846180528893","28.9540793147938","20.2223170923518","31.76913657263","1.7380175539773","29.754498339158","55.8652593188918","35.7147859213715","4.3548337929296","1.6118970900422","3.3711769556716","6.054347862647","7.1115746804236",
"Número_de_defunciones_por_homicidio_por_cada_100_000_habitantes,_desglosado_por_sexo_y_edad",	21,"Puebla","2012","7.6195682310214","0.6223340118503","7.2685772720779","11.6303421329816","11.2967660439752","13.9146472807437","0.820360527943","13.1724938063947","22.7348993288591","20.2501764658235","1.7662572944849","0.41970779943","1.4881198432514","2.0772775916187","4.1540890082805",
"Número_de_defunciones_por_homicidio_por_cada_100_000_habitantes,_desglosado_por_sexo_y_edad",	22,"Querétaro","2012","5.7086236916038","0.6808035524329","7.4762500161126","8.1383795808056","5.8932728290656","9.9116196525508","1.0028715555541","13.920754814261","14.0790958834155","10.7958716586777","1.6941163339721","0.3467406380028","1.0312467773538","2.7918803528937","1.8018992017587",
"Número_de_defunciones_por_homicidio_por_cada_100_000_habitantes,_desglosado_por_sexo_y_edad",	23,"Quintana_Roo","2012","10.8043031996172","0.2420715515092","11.439426503418","16.4125433231999","14.7464661147275","17.2968724487113","0","18.9767467078733","26.0550082702695","25.0668449197861","4.1270329194916","0.4914077357406","3.5479361655325","6.5725202926564","4.249351973824",
"Número_de_defunciones_por_homicidio_por_cada_100_000_habitantes,_desglosado_por_sexo_y_edad",	24,"San_Luis_Potosí","2012","16.7936858700368","0.4851048554145","28.7990784294903","22.9469192898187","10.564124234101","29.9229729647833","0.7191381847993","48.7484694132143","43.1162842532387","18.944975371532","4.1204590914315","0.245460213354","8.8349742057166","4.7398012552301","1.9272650182127",
"Número_de_defunciones_por_homicidio_por_cada_100_000_habitantes,_desglosado_por_sexo_y_edad",	25,"Sinaloa","2012","47.8948579119215","1.5588445843941","62.3151993092947","67.8234628442097","17.0390193543214","91.1768299037915","2.8293945802947","115.16042733377","131.004636976407","35.4325374907511","4.9870303054317","0.244002420504","7.3685994503025","7.6587948002675","0",
"Número_de_defunciones_por_homicidio_por_cada_100_000_habitantes,_desglosado_por_sexo_y_edad",	26,"Sonora","2012","18.8095456473637","1.2441416480149","16.1576369840616","29.7611475158309","9.970791446234","34.2144323475672","1.4684179998678","27.4218570983167","56.3640090182414","18.483832807571","2.9472189036058","1.0122379568989","4.3363937760923","3.5223940027413","2.2384885725158",
"Número_de_defunciones_por_homicidio_por_cada_100_000_habitantes,_desglosado_por_sexo_y_edad",	27,"Tabasco","2012","8.2917822909642","0.9885274330484","6.6087446909751","13.5445276345987","11.0673686540499","15.11732774021","1.3918698100655","11.4989805711455","25.854875798661","19.4382350082612","1.6748819626937","0.5732383668439","1.7556410942911","2.1714819278417","3.0881353838552",
"Número_de_defunciones_por_homicidio_por_cada_100_000_habitantes,_desglosado_por_sexo_y_edad",	28,"Tamaulipas","2012","45.8734334046169","2.1699729476706","70.5578112837476","55.131340104112","17.4842871472085","80.7454706837538","3.2529912270893","123.320630460831","101.479230198367","33.8901957657191","10.0085188788597","1.0506430986407","15.825601867421","11.1878995569835","3.4183943801596",
"Número_de_defunciones_por_homicidio_por_cada_100_000_habitantes,_desglosado_por_sexo_y_edad",	29,"Tlaxcala","2012","6.029850170283","2.3529350250065","6.2176423529217","7.3288261052786","9.4248168892719","9.7745718654688","2.5750630890457","10.7674722944655","13.3789266165875","17.3550850399167","2.1867995407721","1.5929400895232","1.6595444550471","2.0571969320336","2.5188916876574",
"Número_de_defunciones_por_homicidio_por_cada_100_000_habitantes,_desglosado_por_sexo_y_edad",	30,"Veracruz_de_Ignacio_de_la_Llave","2012","12.7199337714616","1.1059597961495","13.7049249050732","16.6731004574836","7.7117195165572","22.2493701162118","1.2186077928228","22.9826971203084","31.1937795038726","15.2648992516649","3.4400958187816","0.9895396661473","4.4326360214808","3.9096339553767","1.2203679409342",
"Número_de_defunciones_por_homicidio_por_cada_100_000_habitantes,_desglosado_por_sexo_y_edad",	31,"Yucatán","2012","1.9922293337791","0.3530512453883","2.0055905837522","2.849787690817","2.7551624857076","3.2491699847584","0","2.4742921050288","5.2520778533007","5.7313980312648","0.7674950496569","0.7151106454946","1.5243360246333","0.6116494759183","0",
"Número_de_defunciones_por_homicidio_por_cada_100_000_habitantes,_desglosado_por_sexo_y_edad",	32,"Zacatecas","2012","29.6593837112454","0.8192138414371","49.9559510026632","33.278220985457","15.5444441565844","53.5032911048821","1.2114799843315","82.1246530063732","64.7627271457415","24.847366179185","6.3900085325408","0.4155550568895","18.1300529128952","4.8696369542426","6.728003633122",
"Número_de_defunciones_por_homicidio_por_cada_100_000_habitantes,_desglosado_por_sexo_y_edad",	00,"Estados_Unidos_Mexicanos","2011","23.3695944340982","1.4307529559544","28.5792363042512","33.874609730847","12.6531229865752","42.6009715206262","1.8331959100602","51.1787611287735","64.6656672540933","22.0631028593781","4.5255815851279","0.999876740341","5.8676556585234","5.8039621739458","4.5080079188984",
"Número_de_defunciones_por_homicidio_por_cada_100_000_habitantes,_desglosado_por_sexo_y_edad",	01,"Aguascalientes","2011","6.6229444641876","0.7560636303151","8.9997586428364","10.3086020598461","1.578731331502","11.4171873345335","0.9944608530485","16.3307966162589","18.2528093454384","0","2.0512237916714","0.5110436533489","1.6395727273473","3.1969423022958","2.8911761304499",
"Número_de_defunciones_por_homicidio_por_cada_100_000_habitantes,_desglosado_por_sexo_y_edad",	02,"Baja_California","2011","24.9605767898724","2.1415546187444","22.5173791048304","37.6390144067248","17.9163901791639","43.3184635161254","2.5298255896075","38.0248283428343","67.0858230494407","34.2568406628699","5.8504864617254","1.7407955435634","5.8950677932796","7.8826742760749","3.7201919619052",
"Número_de_defunciones_por_homicidio_por_cada_100_000_habitantes,_desglosado_por_sexo_y_edad",	03,"Baja_California_Sur","2011","6.3147259408942","1.5733413049293","1.586848202101","10.3548578403532","10.0982900228895","10.0027360425057","0","3.041177543945","17.7884644874775","13.9256370978972","2.4599867775711","3.1941058100785","0","2.569637167232","6.5163560536948",
"Número_de_defunciones_por_homicidio_por_cada_100_000_habitantes,_desglosado_por_sexo_y_edad",	04,"Campeche","2011","5.4930542082639","0","4.1515678099294","9.3064136700876","8.1888345241264","9.1942533559025","0","4.7373719429147","17.5582348121269","8.1622658449986","1.8542211344125","0","3.5639612241019","1.508416966674","8.2155767334867",
"Número_de_defunciones_por_homicidio_por_cada_100_000_habitantes,_desglosado_por_sexo_y_edad",	05,"Coahuila_de_Zaragoza","2011","25.6109797427675","0.9403390157236","38.0490984058935","30.3040299756724","7.2624717822711","47.265380295839","1.6194107195736","68.6912108487796","56.0705389368272","15.4247593094849","4.1875696183449","0.2389480550823","6.1511018161128","5.6992106593237","0",
"Número_de_defunciones_por_homicidio_por_cada_100_000_habitantes,_desglosado_por_sexo_y_edad",	06,"Colima","2011","24.083959934929","1.0472191096543","16.9678459319589","39.7791461804064","14.3112701252236","43.1199835846683","1.0244851961889","30.5502092689335","73.701580344506","25.1584985408071","4.9922473335526","1.0709848776935","3.1157015781029","7.4573996047578","4.5349417259988",
"Número_de_defunciones_por_homicidio_por_cada_100_000_habitantes,_desglosado_por_sexo_y_edad",	07,"Chiapas","2011","3.6928567642117","0.4438979567377","2.7286645233657","6.4213768655119","5.2803457407919","6.4691526542125","0.5485427413533","3.9525457358949","12.3122779105957","10.678495153606","0.9362291420825","0.3368099605932","1.5380474487638","0.9726027530494","0",
"Número_de_defunciones_por_homicidio_por_cada_100_000_habitantes,_desglosado_por_sexo_y_edad",	08,"Chihuahua","2011","128.708116591248","5.2742009106148","175.944791623934","196.632989864292","53.0681237470026","234.95313306321","6.8057561573188","312.200023325289","367.474348673216","100.259002422926","23.3211077639949","3.6975915056593","35.2112676056338","32.7305659188676","9.2798812175204",
"Número_de_defunciones_por_homicidio_por_cada_100_000_habitantes,_desglosado_por_sexo_y_edad",	09,"Ciudad_de_México","2011","12.1331860159576","1.2535708689416","16.377849183773","15.9871183421422","8.9848705508128","21.996975243153","1.6175055970451","29.2997363023733","30.0663233071318","14.6559754040164","2.9580922840276","0.8797017615539","3.2383797220434","3.4412953035523","4.5593813831339",
"Número_de_defunciones_por_homicidio_por_cada_100_000_habitantes,_desglosado_por_sexo_y_edad",	10,"Durango","2011","62.554470349593","2.0500090386762","49.0773756327801","70.7641701104308","19.2457498968978","107.301772209915","2.9404737838384","88.2024696691507","138.834368577828","36.0935392564731","6.8485597710956","1.1341383195095","9.1782976093594","8.2211979611429","3.5414527038991",
"Número_de_defunciones_por_homicidio_por_cada_100_000_habitantes,_desglosado_por_sexo_y_edad",	11,"Guanajuato","2011","10.8135328462379","0.8912606324608","13.1224752534943","15.4291511120334","9.6976393594856","20.027944444667","0.660995326763","24.174024109079","30.592781699664","15.9836327600537","2.176015884916","1.0140982187928","2.4410571869954","2.2371951435894","4.3506871366497",
"Número_de_defunciones_por_homicidio_por_cada_100_000_habitantes,_desglosado_por_sexo_y_edad",	12,"Guerrero","2011","68.8140485475137","3.9472744909486","83.4544114173651","111.771450894714","33.0066096780393","130.175822346635","5.147312770649","153.25870300839","223.159857152999","58.6833267126503","10.416914853357","2.7190583900795","15.2794008211263","13.4818791288255","10.8879936538551",
"Número_de_defunciones_por_homicidio_por_cada_100_000_habitantes,_desglosado_por_sexo_y_edad",	13,"Hidalgo","2011","7.6284186432767","1.3078811730505","7.2963969239927","11.3941337425385","5.4292648232503","13.4042134160451","1.877577268172","12.4528639641358","21.3336906579592","10.566728892959","2.0271611635066","0.7229368586948","2.2741399960582","2.6043741229387","1.009958187731",
"Número_de_defunciones_por_homicidio_por_cada_100_000_habitantes,_desglosado_por_sexo_y_edad",	14,"Jalisco","2011","20.0300175161128","1.3089467821507","24.5937780459088","30.3689876266297","9.7635557623675","37.763665109149","1.9811037159476","44.9389220847892","59.6355509288838","17.6253660652952","2.855999722119","0.6189486714709","3.8425329977521","3.5091512438526","3.0756218522933",
"Número_de_defunciones_por_homicidio_por_cada_100_000_habitantes,_desglosado_por_sexo_y_edad",	15,"México","2011","16.6440811413867","1.531593428817","20.1609471105591","23.8180123479245","11.3611244549439","29.2850025026193","1.661412626736","35.3700592448492","44.2434060917154","18.6566140440406","4.4117211499771","1.3547204359578","4.8264036455436","5.3329490141458","5.3896612822453",
"Número_de_defunciones_por_homicidio_por_cada_100_000_habitantes,_desglosado_por_sexo_y_edad",	16,"Michoacán_de_Ocampo","2011","18.9678137276391","0.7134000790447","25.2263584903099","28.9261445453669","8.3342336363496","35.419624029626","1.1308363524308","46.0307669646392","55.7712568884811","17.2041872344931","3.4835263608331","0.2880611611457","5.1167509076671","5.2548607461902","0.5785731229641",
"Número_de_defunciones_por_homicidio_por_cada_100_000_habitantes,_desglosado_por_sexo_y_edad",	17,"Morelos","2011","24.7718921596961","1.3453052689842","28.4989597879677","37.9737765995558","15.8900709756504","45.3824992052446","2.2725723246142","50.3446894934066","74.6678940841037","23.2045480914259","4.9443237585276","0.3901525496469","6.8145035350237","5.8249599534003","9.7459101983989",
"Número_de_defunciones_por_homicidio_por_cada_100_000_habitantes,_desglosado_por_sexo_y_edad",	18,"Nayarit","2011","52.1153782981621","2.3705319177307","70.1232767204746","80.1076711670901","26.4556930131775","94.7970134494374","3.4925753668659","121.429557058093","151.048076092012","43.8291180034548","9.5728895767187","1.2071171627918","17.1096156039694","11.8758263595842","9.8544012219458",
"Número_de_defunciones_por_homicidio_por_cada_100_000_habitantes,_desglosado_por_sexo_y_edad",	19,"Nuevo_León","2011","44.7815580727616","1.9228493669388","66.1123027649634","57.2430262995607","10.6625208951014","78.3357994603534","2.7667391358163","118.526824143274","101.404808516961","15.7238590842724","9.5042250600494","1.0519497889338","10.8847696597467","13.3493412057601","6.3620111589676",
"Número_de_defunciones_por_homicidio_por_cada_100_000_habitantes,_desglosado_por_sexo_y_edad",	20,"Oaxaca","2011","17.3369040915856","2.2201183957425","13.2507546304762","29.9159566014235","18.7862128972295","32.0305286999371","2.5136917648316","23.6130072386081","59.9894580323188","30.2269177899805","3.7595747090968","1.7609015816098","3.3658439335841","4.3541730165023","9.1204815614264",
"Número_de_defunciones_por_homicidio_por_cada_100_000_habitantes,_desglosado_por_sexo_y_edad",	21,"Puebla","2011","7.2600961854757","0.5688273314293","7.0964166475176","11.0130195283021","10.8632292936251","12.7671411845139","0.7160671139017","12.5133704506185","20.9163063696609","16.7143223834624","2.1732377279183","0.4183045905792","1.8323560767591","2.5687847152906","6.1934549473795",
"Número_de_defunciones_por_homicidio_por_cada_100_000_habitantes,_desglosado_por_sexo_y_edad",	22,"Querétaro","2011","5.6924410649565","0.3429743420895","8.4163129185143","7.8480247575897","8.1838083352088","9.7533370345997","0.3377351480969","13.7446144899955","14.8718787644443","9.026696454765","1.8333560805292","0.3483786457825","3.1405555642793","1.5546158766257","7.4848898785577",
"Número_de_defunciones_por_homicidio_por_cada_100_000_habitantes,_desglosado_por_sexo_y_edad",	23,"Quintana_Roo","2011","11.7666931838362","0.9826947455312","10.9433908979229","16.1315597835606","24.972756992372","19.617710527887","0.9683119901232","17.2241551551896","27.3139465010834","49.4293160780084","3.3733243378018","0.9975112095322","4.3437027169861","4.6671396034798","0",
"Número_de_defunciones_por_homicidio_por_cada_100_000_habitantes,_desglosado_por_sexo_y_edad",	24,"San_Luis_Potosí","2011","13.6176580621025","1.6870864378736","16.8235250892904","21.0863809329709","7.7881215570013","24.0643821853065","1.6673177145362","27.8998395759224","39.820080537515","15.213257267047","3.6545246303997","1.7073295658261","5.790007990211","4.3439978480503","0.9942729875915",
"Número_de_defunciones_por_homicidio_por_cada_100_000_habitantes,_desglosado_por_sexo_y_edad",	25,"Sinaloa","2011","69.3503751715899","2.3975497042023","87.1949547573348","105.994800546174","20.3165209781103","130.760244403293","4.0088383094021","157.940456447919","205.950597146091","37.8464300003244","8.0461516158545","0.731489654298","13.7821085881161","10.698990678316","4.0207874712262",
"Número_de_defunciones_por_homicidio_por_cada_100_000_habitantes,_desglosado_por_sexo_y_edad",	26,"Sonora","2011","19.7147902757343","1.1208626158692","18.3225509669044","30.4376076355814","12.7230317167005","34.9586828900046","1.7132298053037","29.2174652141412","56.1054274869048","22.915340547422","3.8754758426235","0.5071405387861","6.8139549797986","5.0218686687183","1.1560025432056",
"Número_de_defunciones_por_homicidio_por_cada_100_000_habitantes,_desglosado_por_sexo_y_edad",	27,"Tabasco","2011","9.9303193806589","0.282721476937","11.4880314595323","16.0440883816637","6.5878865236546","18.0725534061499","0.5575285872783","18.2090307910269","31.208158416639","10.1187263896384","2.0403149226083","0","4.8355474279284","2.0446704734713","3.2185905791854",
"Número_de_defunciones_por_homicidio_por_cada_100_000_habitantes,_desglosado_por_sexo_y_edad",	28,"Tamaulipas","2011","32.017675421633","0.9308829735298","38.6852225700641","38.9277813327295","11.4515290176974","58.7020537307048","1.0184170540046","71.3380849403063","73.680008899184","20.6893698017958","4.530930959204","0.8405727662829","4.9566131132157","5.8166373153372","3.5426132086334",
"Número_de_defunciones_por_homicidio_por_cada_100_000_habitantes,_desglosado_por_sexo_y_edad",	29,"Tlaxcala","2011","7.1252137564127","0.5236191508468","5.0469789625094","10.3880209120305","16.7044837618497","11.8248636339833","1.0321248871113","10.1201771030993","17.0559760891459","32.9588014981273","2.5435463076451","0","0","4.5902658117002","2.5999688003744",
"Número_de_defunciones_por_homicidio_por_cada_100_000_habitantes,_desglosado_por_sexo_y_edad",	30,"Veracruz_de_Ignacio_de_la_Llave","2011","12.6416768526978","0.9694653662905","17.3552725588155","16.6566167080143","9.5225301362572","22.0018212183685","1.0418764890152","30.3434636250957","30.6000117369908","15.0966183574879","3.7020311156941","0.894835368189","4.4438279942311","4.3633228543491","4.7394113651085",
"Número_de_defunciones_por_homicidio_por_cada_100_000_habitantes,_desglosado_por_sexo_y_edad",	31,"Yucatán","2011","2.6169053070346","0.8841779885658","1.7716719774643","3.8959942685595","3.5545950249888","4.6034065208254","1.3974433773412","2.9989053995292","7.1852468918194","5.917772550412","0.6822392652088","0.3580892358376","0.5127311135494","0.8356505225949","1.3685507048036",
"Número_de_defunciones_por_homicidio_por_cada_100_000_habitantes,_desglosado_por_sexo_y_edad",	32,"Zacatecas","2011","18.7759261549299","1.230706117635","27.8051873628814","22.6538264162109","3.5335689045936","34.4249119847683","2.4293465057899","50.6256370962777","44.6060827068404","7.2749759016423","2.4073060471528","0","5.3785851631728","2.9259957163423","0",
"Número_de_defunciones_por_homicidio_por_cada_100_000_habitantes,_desglosado_por_sexo_y_edad",	00,"Estados_Unidos_Mexicanos","2010","22.4450022285969","1.2742537773841","27.5129515877171","34.6577795020038","12.0063284420554","41.5156401906057","1.4801372975357","49.1431717756872","66.9581379564758","21.71768983179","4.1214436377327","1.0396570767063","5.8776040811317","5.2686755290102","3.7756666673659",
"Número_de_defunciones_por_homicidio_por_cada_100_000_habitantes,_desglosado_por_sexo_y_edad",	01,"Aguascalientes","2010","6.1955002494721","1.0152593480005","7.9764233717601","9.8546154381246","1.6436014595181","11.0198815617037","2.003686783682","10.1076464345277","20.0869889603548","0","1.6110505177111","0","5.8587211248745","0.7310342306779","3.003724618527",
"Número_de_defunciones_por_homicidio_por_cada_100_000_habitantes,_desglosado_por_sexo_y_edad",	02,"Baja_California","2010","47.8357455739413","2.0322855296992","48.3174537509857","77.0358888358093","25.0300708490061","87.3257361596771","2.7378046597435","85.5118880456905","142.480001061304","46.3960727969349","7.3961224089866","1.3041351953486","9.2743177579999","10.4991822752266","6.4925789822233",
"Número_de_defunciones_por_homicidio_por_cada_100_000_habitantes,_desglosado_por_sexo_y_edad",	03,"Baja_California_Sur","2010","8.5136814861482","2.1286559666227","11.3690809722188","10.0910472879497","7.2038324388575","13.6206792178703","3.1413941507241","17.1355578402966","16.5399662839149","7.4117995849392","3.1681763026749","1.082098838908","5.0893175225202","3.3331555650365","7.007217433957",
"Número_de_defunciones_por_homicidio_por_cada_100_000_habitantes,_desglosado_por_sexo_y_edad",	04,"Campeche","2010","5.7158711880796","0.3994471651235","0.5997073428167","9.0495087979857","23.4231932200503","9.3632284411665","0","1.1986096128491","15.8848403847418","33.9256180823544","2.1264329795579","0.8103859057683","0","2.5887018695605","12.8309310979",
"Número_de_defunciones_por_homicidio_por_cada_100_000_habitantes,_desglosado_por_sexo_y_edad",	05,"Coahuila_de_Zaragoza","2010","16.0171515511488","0.8264794572627","18.973368290327","22.7477207176043","5.011212588166","27.9244389090087","0.9304186418679","31.9918100966153","41.1254229010773","8.0051232788985","4.2547156431712","0.7193347592147","5.4668067210484","5.211790295953","2.3615539024678",
"Número_de_defunciones_por_homicidio_por_cada_100_000_habitantes,_desglosado_por_sexo_y_edad",	06,"Colima","2010","19.7854711207639","1.0582514511273","14.8800200488691","32.1430562798676","9.8677718571147","38.3169725942415","2.0754207915655","29.4591912676755","63.1886045401685","15.6144277312236","1.5003030612184","0","0","2.562033229571","4.6897716081227",
"Número_de_defunciones_por_homicidio_por_cada_100_000_habitantes,_desglosado_por_sexo_y_edad",	07,"Chiapas","2010","4.0290871748689","0.672582402554","3.2566121562424","6.2495371928865","9.2650304061452","7.2549017991332","0.886740022235","5.212227886622","12.1196762944641","17.0469558398609","0.875399600022","0.4535214237852","1.3605547953726","0.9031374996739","1.6648769239734",
"Número_de_defunciones_por_homicidio_por_cada_100_000_habitantes,_desglosado_por_sexo_y_edad",	08,"Chihuahua","2010","185.068146210479","8.4068775901303","259.254035225433","285.873149781425","51.9493619811368","337.875520523498","11.1160096916532","459.554938252967","534.993173909979","96.5561635017702","33.321383595768","5.4263986542531","52.3256900450375","46.2115310919697","12.3738815914715",
"Número_de_defunciones_por_homicidio_por_cada_100_000_habitantes,_desglosado_por_sexo_y_edad",	09,"Ciudad_de_México","2010","11.9082487676289","1.2320774199541","17.1435199406541","15.8349720521349","6.4169810057362","21.5374355061263","1.1222609817913","30.1382560840022","29.9340072393396","10.558547143913","3.0741167426574","1.3448775056749","3.9773572898544","3.4369041014801","3.5440298454567",
"Número_de_defunciones_por_homicidio_por_cada_100_000_habitantes,_desglosado_por_sexo_y_edad",	10,"Durango","2010","66.2475172115112","3.5485497637413","88.334074562547","106.465816261521","17.8857196648781","122.689866205004","3.6828614360213","159.458571202512","206.41576933556","31.1635697869191","11.0694893079332","3.4103568749005","16.0762757452281","14.9188145238728","5.4656755574989",
"Número_de_defunciones_por_homicidio_por_cada_100_000_habitantes,_desglosado_por_sexo_y_edad",	11,"Guanajuato","2010","7.9549318253404","0.7794470936367","10.1733429604968","12.0981349769817","6.6387437082815","14.7303328721292","0.8817681214371","18.7874713352919","23.7943146230706","11.1667257846267","1.6558033319593","0.6750090282458","1.9371961023614","1.9793561075408","2.7909572983533",
"Número_de_defunciones_por_homicidio_por_cada_100_000_habitantes,_desglosado_por_sexo_y_edad",	12,"Guerrero","2010","44.7901688603768","2.1729646425222","45.2935788418403","79.3556704850254","27.5450081128657","84.5902323474945","2.8129395218003","82.4363749042627","158.787338724203","49.2555900447947","6.7795166708875","1.5198286984187","9.1123178604278","9.2088997039199","8.8179886969418",
"Número_de_defunciones_por_homicidio_por_cada_100_000_habitantes,_desglosado_por_sexo_y_edad",	13,"Hidalgo","2010","4.1235078976221","0.4777117606664","4.0739598307561","5.6479934449557","9.6002891381199","6.8660831513186","0.2359759493312","6.3179425620047","10.1443945879655","18.3501951237415","1.5654541275689","0.725420925492","1.9067812769333","1.7343783751397","2.0978654219332",
"Número_de_defunciones_por_homicidio_por_cada_100_000_habitantes,_desglosado_por_sexo_y_edad",	14,"Jalisco","2010","14.2607162231877","0.6562799427724","15.59749395683","23.2969646865153","8.1416126392109","26.9197046539339","0.8637443316778","28.5230777629173","45.8103174452522","14.4783362056484","2.0354263343981","0.4433174330147","2.4909288673746","2.6604758550249","2.7709054923305",
"Número_de_defunciones_por_homicidio_por_cada_100_000_habitantes,_desglosado_por_sexo_y_edad",	15,"México","2010","13.5932557875975","1.4372405324998","17.8909923065364","19.3937347439109","9.103843642786","24.1886796187611","1.4411048018036","29.9170122249652","36.798136821143","15.9357932403262","3.4834726827204","1.3898480288046","5.8087463509591","3.6580859185587","3.5396475926857",
"Número_de_defunciones_por_homicidio_por_cada_100_000_habitantes,_desglosado_por_sexo_y_edad",	16,"Michoacán_de_Ocampo","2010","16.251664784126","1.0002536357434","16.1520017107472","27.5669645265495","12.6456622217164","30.5459069646993","0.9918751257556","28.7795164112871","55.0267577703665","25.0993799774784","2.7851346917248","1.0087749005276","4.0152938079708","3.4454209848432","1.7761989342806",
"Número_de_defunciones_por_homicidio_por_cada_100_000_habitantes,_desglosado_por_sexo_y_edad",	17,"Morelos","2010","27.2230100145337","1.3429668824367","39.2619900632522","37.8407967875735","24.4548925562463","51.6378450567616","1.890759480268","72.0703965034233","75.3399485483278","46.6409853340013","4.3820225919984","0.7788465282916","6.8832204293982","5.0500529107816","5.8076225045372",
"Número_de_defunciones_por_homicidio_por_cada_100_000_habitantes,_desglosado_por_sexo_y_edad",	18,"Nayarit","2010","48.7974462368025","1.7944730230889","58.331713007972","78.1956509113838","22.0153071135342","89.1044009589158","1.1763875491142","104.754155092268","146.020620651125","42.2810633687437","8.6716637128812","2.4338598583494","10.5824177938545","13.0157490563582","2.5395535464865",
"Número_de_defunciones_por_homicidio_por_cada_100_000_habitantes,_desglosado_por_sexo_y_edad",	19,"Nuevo_León","2010","20.0058523955168","0.8954128002245","26.849365799463","26.9719729469348","8.9176473106159","36.2443747466055","1.0285843593462","47.3201833034469","50.0061059148933","15.5400155400155","3.5701880061004","0.7580156363465","5.2082346925248","4.3585937084572","3.2972178076139",
"Número_de_defunciones_por_homicidio_por_cada_100_000_habitantes,_desglosado_por_sexo_y_edad",	20,"Oaxaca","2010","18.8335046248715","0.8677391923084","17.5598698441162","33.0985995868382","21.3184983655818","34.6931771872252","1.2510360141993","33.0686023186283","64.0584920299639","36.9806073694954","4.2425557945419","0.4775610004585","2.8511591257828","6.8013809148561","8.1091870851839",
"Número_de_defunciones_por_homicidio_por_cada_100_000_habitantes,_desglosado_por_sexo_y_edad",	21,"Puebla","2010","6.3344046788339","0.7220086280031","6.2471278188025","10.0725385233983","6.5551203683978","11.3032388693812","0.6122905073541","10.9850254922338","19.3334634001647","12.3035280366645","1.7492161729936","0.8341083590169","1.6805903577809","2.1814532841779","1.9649164173679",
"Número_de_defunciones_por_homicidio_por_cada_100_000_habitantes,_desglosado_por_sexo_y_edad",	22,"Querétaro","2010","3.9636586068704","0.5189916338549","3.496653971123","6.802407080334","1.0650080940615","7.4923699027094","0.3415545513852","7.0646414694454","13.3892937147565","2.3570452081271","0.6254091218005","0.7011024836555","0","0.9198193474802","0",
"Número_de_defunciones_por_homicidio_por_cada_100_000_habitantes,_desglosado_por_sexo_y_edad",	23,"Quintana_Roo","2010","10.7920067699375","0.999420336205","10.1009007839021","16.3090924789501","12.2747581872637","16.8348196771228","0.9849645166533","14.069347815382","26.4739530969798","19.4089960696783","4.5421580398468","1.014306797377","5.9237319511292","5.841784989858","4.9689440993789",
"Número_de_defunciones_por_homicidio_por_cada_100_000_habitantes,_desglosado_por_sexo_y_edad",	24,"San_Luis_Potosí","2010","13.8552025339121","1.4374356148631","18.1542762104803","21.7550846868577","9.6398963175596","25.5267114922962","1.6575383660934","31.7810326089089","43.0619537112706","15.7019324592591","2.7351468589056","1.2121006431406","4.6618778821089","2.7337155978978","4.0999149267653",
"Número_de_defunciones_por_homicidio_por_cada_100_000_habitantes,_desglosado_por_sexo_y_edad",	25,"Sinaloa","2010","85.6633856729667","2.2767415275258","103.878501038785","132.47099783523","27.0305336908572","163.400666248456","2.358295895386","190.117530511678","261.567630803986","48.176032983777","8.1636674572287","1.9488856028512","14.689984820349","9.2416886413486","7.3129962390305",
"Número_de_defunciones_por_homicidio_por_cada_100_000_habitantes,_desglosado_por_sexo_y_edad",	26,"Sonora","2010","27.2910120490928","0.9985919853007","29.7173287687516","40.854125741894","11.8935837245696","50.2692417649207","1.4711940210675","53.503724090148","76.162449643657","23.7016749183609","3.7215838465398","0.5085228428461","4.4905107343618","5.7928943713986","1.1932319881631",
"Número_de_defunciones_por_homicidio_por_cada_100_000_habitantes,_desglosado_por_sexo_y_edad",	27,"Tabasco","2010","8.4742078920781","0.4249370030893","10.0049357683124","12.832284037136","10.3042324634844","15.2590287048208","0.2793920429146","17.9101537138942","24.0415504312971","19.3345402773628","1.9017142224885","0.5746020162785","2.2080806921008","2.4867104455229","1.6788664293869",
"Número_de_defunciones_por_homicidio_por_cada_100_000_habitantes,_desglosado_por_sexo_y_edad",	28,"Tamaulipas","2010","28.1477119673234","0.8291057576213","40.2652926271958","39.2528485844037","13.3609128967449","50.8819125756229","0.8169917953599","70.7250121104473","73.2719802618607","22.5464618159565","5.6589994174209","0.8415843667288","8.9612277545818","7.059929980623","5.5075683167953",
"Número_de_defunciones_por_homicidio_por_cada_100_000_habitantes,_desglosado_por_sexo_y_edad",	29,"Tlaxcala","2010","4.7545961095726","1.0482235231841","3.4191833280621","6.0347445551031","10.0609405542141","8.436435760846","1.0334475292853","6.881898027476","10.8888209500915","18.5971546353408","1.1326384326873","0.5317140867013","0","1.8187439754106","2.6800310883606",
"Número_de_defunciones_por_homicidio_por_cada_100_000_habitantes,_desglosado_por_sexo_y_edad",	30,"Veracruz_de_Ignacio_de_la_Llave","2010","5.9050478552251","0.1757348021248","5.6459205163228","9.5909749784346","5.4599766101647","10.5866877694643","0.1733422200111","8.6239820621173","18.565289158974","9.162263689949","1.4893696243065","0.1781943565847","2.7042850749155","1.6659599771925","2.2888981898085",
"Número_de_defunciones_por_homicidio_por_cada_100_000_habitantes,_desglosado_por_sexo_y_edad",	31,"Yucatán","2010","1.7058750336158","0.1772320605708","2.0471195748133","2.3291537962434","2.9310041620259","3.1528320059233","0.3501596728108","3.0347018152575","4.6041999511955","6.1012812690665","0.2970682336026","0","1.0358400662938","0.2140278107737","0",
"Número_de_defunciones_por_homicidio_por_cada_100_000_habitantes,_desglosado_por_sexo_y_edad",	32,"Zacatecas","2010","9.3871010728209","0.8226931683559","11.9533477911921","14.3619657269838","8.1274382314694","16.947260394656","1.6260493099453","22.8299445854981","26.0636822636642","16.7678950702389","2.051587159116","0","1.3489997167101","3.8881295405128","0",
