"Serie","cvegeo","Entidad_federativa","Periodo","Mensual","Sexo|Total_Edades_IMSS|Total","Sexo|Total_Edades_IMSS|Menos_de_31_años","Sexo|Total_Edades_IMSS|Entre_31_y_50_años","Sexo|Total_Edades_IMSS|Entre_51_y_70_años","Sexo|Total_Edades_IMSS|Más_de_70_años","Sexo|Hombres_Edades_IMSS|Total","Sexo|Hombres_Edades_IMSS|Menos_de_31_años","Sexo|Hombres_Edades_IMSS|Entre_31_y_50_años","Sexo|Hombres_Edades_IMSS|Entre_51_y_70_años","Sexo|Hombres_Edades_IMSS|Más_de_70_años","Sexo|Mujeres_Edades_IMSS|Total","Sexo|Mujeres_Edades_IMSS|Menos_de_31_años","Sexo|Mujeres_Edades_IMSS|Entre_31_y_50_años","Sexo|Mujeres_Edades_IMSS|Entre_51_y_70_años","Sexo|Mujeres_Edades_IMSS|Más_de_70_años",
"Número_de_Personas_Trabajadoras_del_Hogar_afiliadas_ante_el_Instituto_Mexicano_del_Seguro_Social",	00,"Estados_Unidos_Mexicanos","2026","2","59,017","6,498","23,705","27,091","1,723","20,374","2,631","8,159","8,866","718","38,643","3,867","15,546","18,225","1,005",
"Número_de_Personas_Trabajadoras_del_Hogar_afiliadas_ante_el_Instituto_Mexicano_del_Seguro_Social",	01,"Aguascalientes","2026","2","712","60","299","340","13","202","22","67","111","2","510","38","232","229","11",
"Número_de_Personas_Trabajadoras_del_Hogar_afiliadas_ante_el_Instituto_Mexicano_del_Seguro_Social",	02,"Baja_California","2026","2","2,876","225","773","1,759","119","938","81","236","568","53","1,938","144","537","1,191","66",
"Número_de_Personas_Trabajadoras_del_Hogar_afiliadas_ante_el_Instituto_Mexicano_del_Seguro_Social",	03,"Baja_California_Sur","2026","2","482","69","196","202","15","133","12","50","60","11","349","57","146","142","4",
"Número_de_Personas_Trabajadoras_del_Hogar_afiliadas_ante_el_Instituto_Mexicano_del_Seguro_Social",	04,"Campeche","2026","2","238","24","100","109","5","98","11","40","45","2","140","13","60","64","3",
"Número_de_Personas_Trabajadoras_del_Hogar_afiliadas_ante_el_Instituto_Mexicano_del_Seguro_Social",	05,"Coahuila_de_Zaragoza","2026","2","2,829","388","996","1,387","58","1,281","192","471","596","22","1,548","196","525","791","36",
"Número_de_Personas_Trabajadoras_del_Hogar_afiliadas_ante_el_Instituto_Mexicano_del_Seguro_Social",	06,"Colima","2026","2","481","24","191","246","20","117","9","41","60","7","364","15","150","186","13",
"Número_de_Personas_Trabajadoras_del_Hogar_afiliadas_ante_el_Instituto_Mexicano_del_Seguro_Social",	07,"Chiapas","2026","2","879","166","425","251","37","425","93","213","104","15","454","73","212","147","22",
"Número_de_Personas_Trabajadoras_del_Hogar_afiliadas_ante_el_Instituto_Mexicano_del_Seguro_Social",	08,"Chihuahua","2026","2","2,157","258","712","1,146","41","623","107","213","290","13","1,534","151","499","856","28",
"Número_de_Personas_Trabajadoras_del_Hogar_afiliadas_ante_el_Instituto_Mexicano_del_Seguro_Social",	09,"Ciudad_de_México","2026","2","11,118","1,044","4,464","5,254","356","2,842","287","1,129","1,311","115","8,276","757","3,335","3,943","241",
"Número_de_Personas_Trabajadoras_del_Hogar_afiliadas_ante_el_Instituto_Mexicano_del_Seguro_Social",	10,"Durango","2026","2","922","150","435","324","13","375","76","184","111","4","547","74","251","213","9",
"Número_de_Personas_Trabajadoras_del_Hogar_afiliadas_ante_el_Instituto_Mexicano_del_Seguro_Social",	11,"Guanajuato","2026","2","2,369","244","1,108","975","42","826","117","384","307","18","1,543","127","724","668","24",
"Número_de_Personas_Trabajadoras_del_Hogar_afiliadas_ante_el_Instituto_Mexicano_del_Seguro_Social",	12,"Guerrero","2026","2","1,155","116","537","472","30","417","42","184","176","15","738","74","353","296","15",
"Número_de_Personas_Trabajadoras_del_Hogar_afiliadas_ante_el_Instituto_Mexicano_del_Seguro_Social",	13,"Hidalgo","2026","2","632","48","214","342","28","253","13","76","151","13","379","35","138","191","15",
"Número_de_Personas_Trabajadoras_del_Hogar_afiliadas_ante_el_Instituto_Mexicano_del_Seguro_Social",	14,"Jalisco","2026","2","4,330","465","1,909","1,826","130","1,283","169","572","485","57","3,047","296","1,337","1,341","73",
"Número_de_Personas_Trabajadoras_del_Hogar_afiliadas_ante_el_Instituto_Mexicano_del_Seguro_Social",	15,"México","2026","2","6,116","510","2,149","3,179","278","2,457","205","827","1,280","145","3,659","305","1,322","1,899","133",
"Número_de_Personas_Trabajadoras_del_Hogar_afiliadas_ante_el_Instituto_Mexicano_del_Seguro_Social",	16,"Michoacán_de_Ocampo","2026","2","980","74","438","432","36","211","20","86","93","12","769","54","352","339","24",
"Número_de_Personas_Trabajadoras_del_Hogar_afiliadas_ante_el_Instituto_Mexicano_del_Seguro_Social",	17,"Morelos","2026","2","1,125","89","464","535","37","394","33","161","186","14","731","56","303","349","23",
"Número_de_Personas_Trabajadoras_del_Hogar_afiliadas_ante_el_Instituto_Mexicano_del_Seguro_Social",	18,"Nayarit","2026","2","760","77","303","350","30","205","19","81","90","15","555","58","222","260","15",
"Número_de_Personas_Trabajadoras_del_Hogar_afiliadas_ante_el_Instituto_Mexicano_del_Seguro_Social",	19,"Nuevo_León","2026","2","3,617","597","1,722","1,246","52","1,424","258","716","431","19","2,193","339","1,006","815","33",
"Número_de_Personas_Trabajadoras_del_Hogar_afiliadas_ante_el_Instituto_Mexicano_del_Seguro_Social",	20,"Oaxaca","2026","2","676","104","273","276","23","280","53","98","117","12","396","51","175","159","11",
"Número_de_Personas_Trabajadoras_del_Hogar_afiliadas_ante_el_Instituto_Mexicano_del_Seguro_Social",	21,"Puebla","2026","2","1,426","160","602","623","41","533","73","224","221","15","893","87","378","402","26",
"Número_de_Personas_Trabajadoras_del_Hogar_afiliadas_ante_el_Instituto_Mexicano_del_Seguro_Social",	22,"Querétaro","2026","2","893","76","386","410","21","250","22","94","128","6","643","54","292","282","15",
"Número_de_Personas_Trabajadoras_del_Hogar_afiliadas_ante_el_Instituto_Mexicano_del_Seguro_Social",	23,"Quintana_Roo","2026","2","645","126","306","205","8","294","70","140","80","4","351","56","166","125","4",
"Número_de_Personas_Trabajadoras_del_Hogar_afiliadas_ante_el_Instituto_Mexicano_del_Seguro_Social",	24,"San_Luis_Potosí","2026","2","792","137","341","298","16","261","69","116","74","2","531","68","225","224","14",
"Número_de_Personas_Trabajadoras_del_Hogar_afiliadas_ante_el_Instituto_Mexicano_del_Seguro_Social",	25,"Sinaloa","2026","2","1,337","79","533","693","32","408","25","155","216","12","929","54","378","477","20",
"Número_de_Personas_Trabajadoras_del_Hogar_afiliadas_ante_el_Instituto_Mexicano_del_Seguro_Social",	26,"Sonora","2026","2","2,174","195","804","1,135","40","759","100","290","357","12","1,415","95","514","778","28",
"Número_de_Personas_Trabajadoras_del_Hogar_afiliadas_ante_el_Instituto_Mexicano_del_Seguro_Social",	27,"Tabasco","2026","2","666","133","367","160","6","382","72","223","83","4","284","61","144","77","2",
"Número_de_Personas_Trabajadoras_del_Hogar_afiliadas_ante_el_Instituto_Mexicano_del_Seguro_Social",	28,"Tamaulipas","2026","2","1,620","200","546","813","61","609","66","216","293","34","1,011","134","330","520","27",
"Número_de_Personas_Trabajadoras_del_Hogar_afiliadas_ante_el_Instituto_Mexicano_del_Seguro_Social",	29,"Tlaxcala","2026","2","848","135","296","383","34","455","73","151","208","23","393","62","145","175","11",
"Número_de_Personas_Trabajadoras_del_Hogar_afiliadas_ante_el_Instituto_Mexicano_del_Seguro_Social",	30,"Veracruz_de_Ignacio_de_la_Llave","2026","2","2,384","289","995","1,036","64","895","121","355","393","26","1,489","168","640","643","38",
"Número_de_Personas_Trabajadoras_del_Hogar_afiliadas_ante_el_Instituto_Mexicano_del_Seguro_Social",	31,"Yucatán","2026","2","1,519","217","706","565","31","667","112","330","213","12","852","105","376","352","19",
"Número_de_Personas_Trabajadoras_del_Hogar_afiliadas_ante_el_Instituto_Mexicano_del_Seguro_Social",	32,"Zacatecas","2026","2","259","19","115","119","6","77","9","36","28","4","182","10","79","91","2",
"Número_de_Personas_Trabajadoras_del_Hogar_afiliadas_ante_el_Instituto_Mexicano_del_Seguro_Social",	00,"Estados_Unidos_Mexicanos","2026","1","61,264","6,721","24,645","28,104","1,794","21,712","2,826","8,731","9,386","769","39,552","3,895","15,914","18,718","1,025",
"Número_de_Personas_Trabajadoras_del_Hogar_afiliadas_ante_el_Instituto_Mexicano_del_Seguro_Social",	01,"Aguascalientes","2026","1","824","58","338","408","20","264","20","101","136","7","560","38","237","272","13",
"Número_de_Personas_Trabajadoras_del_Hogar_afiliadas_ante_el_Instituto_Mexicano_del_Seguro_Social",	02,"Baja_California","2026","1","2,927","203","781","1,815","128","987","74","253","600","60","1,940","129","528","1,215","68",
"Número_de_Personas_Trabajadoras_del_Hogar_afiliadas_ante_el_Instituto_Mexicano_del_Seguro_Social",	03,"Baja_California_Sur","2026","1","458","60","189","196","13","134","11","58","56","9","324","49","131","140","4",
"Número_de_Personas_Trabajadoras_del_Hogar_afiliadas_ante_el_Instituto_Mexicano_del_Seguro_Social",	04,"Campeche","2026","1","288","36","127","120","5","140","22","63","51","4","148","14","64","69","1",
"Número_de_Personas_Trabajadoras_del_Hogar_afiliadas_ante_el_Instituto_Mexicano_del_Seguro_Social",	05,"Coahuila_de_Zaragoza","2026","1","3,138","467","1,173","1,435","63","1,435","225","564","621","25","1,703","242","609","814","38",
"Número_de_Personas_Trabajadoras_del_Hogar_afiliadas_ante_el_Instituto_Mexicano_del_Seguro_Social",	06,"Colima","2026","1","597","63","248","267","19","189","31","82","68","8","408","32","166","199","11",
"Número_de_Personas_Trabajadoras_del_Hogar_afiliadas_ante_el_Instituto_Mexicano_del_Seguro_Social",	07,"Chiapas","2026","1","854","150","406","263","35","405","73","209","111","12","449","77","197","152","23",
"Número_de_Personas_Trabajadoras_del_Hogar_afiliadas_ante_el_Instituto_Mexicano_del_Seguro_Social",	08,"Chihuahua","2026","1","2,515","424","887","1,166","38","831","189","330","298","14","1,684","235","557","868","24",
"Número_de_Personas_Trabajadoras_del_Hogar_afiliadas_ante_el_Instituto_Mexicano_del_Seguro_Social",	09,"Ciudad_de_México","2026","1","10,933","915","4,364","5,295","359","2,729","239","1,040","1,337","113","8,204","676","3,324","3,958","246",
"Número_de_Personas_Trabajadoras_del_Hogar_afiliadas_ante_el_Instituto_Mexicano_del_Seguro_Social",	10,"Durango","2026","1","947","157","471","304","15","405","84","219","96","6","542","73","252","208","9",
"Número_de_Personas_Trabajadoras_del_Hogar_afiliadas_ante_el_Instituto_Mexicano_del_Seguro_Social",	11,"Guanajuato","2026","1","2,334","251","1,074","958","51","777","117","345","291","24","1,557","134","729","667","27",
"Número_de_Personas_Trabajadoras_del_Hogar_afiliadas_ante_el_Instituto_Mexicano_del_Seguro_Social",	12,"Guerrero","2026","1","1,201","110","562","500","29","467","43","210","201","13","734","67","352","299","16",
"Número_de_Personas_Trabajadoras_del_Hogar_afiliadas_ante_el_Instituto_Mexicano_del_Seguro_Social",	13,"Hidalgo","2026","1","704","54","246","374","30","286","15","82","175","14","418","39","164","199","16",
"Número_de_Personas_Trabajadoras_del_Hogar_afiliadas_ante_el_Instituto_Mexicano_del_Seguro_Social",	14,"Jalisco","2026","1","4,762","526","2,109","1,988","139","1,533","214","700","558","61","3,229","312","1,409","1,430","78",
"Número_de_Personas_Trabajadoras_del_Hogar_afiliadas_ante_el_Instituto_Mexicano_del_Seguro_Social",	15,"México","2026","1","5,832","443","1,860","3,234","295","2,287","181","639","1,308","159","3,545","262","1,221","1,926","136",
"Número_de_Personas_Trabajadoras_del_Hogar_afiliadas_ante_el_Instituto_Mexicano_del_Seguro_Social",	16,"Michoacán_de_Ocampo","2026","1","948","65","411","435","37","203","16","75","97","15","745","49","336","338","22",
"Número_de_Personas_Trabajadoras_del_Hogar_afiliadas_ante_el_Instituto_Mexicano_del_Seguro_Social",	17,"Morelos","2026","1","1,143","91","452","563","37","406","34","152","207","13","737","57","300","356","24",
"Número_de_Personas_Trabajadoras_del_Hogar_afiliadas_ante_el_Instituto_Mexicano_del_Seguro_Social",	18,"Nayarit","2026","1","811","79","341","357","34","231","20","101","94","16","580","59","240","263","18",
"Número_de_Personas_Trabajadoras_del_Hogar_afiliadas_ante_el_Instituto_Mexicano_del_Seguro_Social",	19,"Nuevo_León","2026","1","3,569","558","1,698","1,260","53","1,386","236","695","434","21","2,183","322","1,003","826","32",
"Número_de_Personas_Trabajadoras_del_Hogar_afiliadas_ante_el_Instituto_Mexicano_del_Seguro_Social",	20,"Oaxaca","2026","1","704","98","299","285","22","310","53","117","128","12","394","45","182","157","10",
"Número_de_Personas_Trabajadoras_del_Hogar_afiliadas_ante_el_Instituto_Mexicano_del_Seguro_Social",	21,"Puebla","2026","1","1,554","196","663","655","40","614","94","272","231","17","940","102","391","424","23",
"Número_de_Personas_Trabajadoras_del_Hogar_afiliadas_ante_el_Instituto_Mexicano_del_Seguro_Social",	22,"Querétaro","2026","1","875","71","356","429","19","223","22","73","123","5","652","49","283","306","14",
"Número_de_Personas_Trabajadoras_del_Hogar_afiliadas_ante_el_Instituto_Mexicano_del_Seguro_Social",	23,"Quintana_Roo","2026","1","795","128","381","275","11","391","74","200","110","7","404","54","181","165","4",
"Número_de_Personas_Trabajadoras_del_Hogar_afiliadas_ante_el_Instituto_Mexicano_del_Seguro_Social",	24,"San_Luis_Potosí","2026","1","663","81","273","297","12","187","31","85","69","2","476","50","188","228","10",
"Número_de_Personas_Trabajadoras_del_Hogar_afiliadas_ante_el_Instituto_Mexicano_del_Seguro_Social",	25,"Sinaloa","2026","1","1,828","197","820","775","36","721","108","339","259","15","1,107","89","481","516","21",
"Número_de_Personas_Trabajadoras_del_Hogar_afiliadas_ante_el_Instituto_Mexicano_del_Seguro_Social",	26,"Sonora","2026","1","2,240","198","817","1,178","47","771","87","299","372","13","1,469","111","518","806","34",
"Número_de_Personas_Trabajadoras_del_Hogar_afiliadas_ante_el_Instituto_Mexicano_del_Seguro_Social",	27,"Tabasco","2026","1","552","92","301","157","2","312","57","167","87","1","240","35","134","70","1",
"Número_de_Personas_Trabajadoras_del_Hogar_afiliadas_ante_el_Instituto_Mexicano_del_Seguro_Social",	28,"Tamaulipas","2026","1","1,983","281","791","852","59","867","137","377","319","34","1,116","144","414","533","25",
"Número_de_Personas_Trabajadoras_del_Hogar_afiliadas_ante_el_Instituto_Mexicano_del_Seguro_Social",	29,"Tlaxcala","2026","1","867","129","324","383","31","471","74","158","219","20","396","55","166","164","11",
"Número_de_Personas_Trabajadoras_del_Hogar_afiliadas_ante_el_Instituto_Mexicano_del_Seguro_Social",	30,"Veracruz_de_Ignacio_de_la_Llave","2026","1","2,550","294","1,068","1,114","74","978","120","386","441","31","1,572","174","682","673","43",
"Número_de_Personas_Trabajadoras_del_Hogar_afiliadas_ante_el_Instituto_Mexicano_del_Seguro_Social",	31,"Yucatán","2026","1","1,614","223","701","657","33","708","116","312","266","14","906","107","389","391","19",
"Número_de_Personas_Trabajadoras_del_Hogar_afiliadas_ante_el_Instituto_Mexicano_del_Seguro_Social",	32,"Zacatecas","2026","1","254","23","114","109","8","64","9","28","23","4","190","14","86","86","4",
"Número_de_Personas_Trabajadoras_del_Hogar_afiliadas_ante_el_Instituto_Mexicano_del_Seguro_Social",	00,"Estados_Unidos_Mexicanos","2025","12","57,851","6,059","22,879","27,153","1,760","19,616","2,366","7,648","8,860","742","38,235","3,693","15,231","18,293","1,018",
"Número_de_Personas_Trabajadoras_del_Hogar_afiliadas_ante_el_Instituto_Mexicano_del_Seguro_Social",	01,"Aguascalientes","2025","12","743","56","321","350","16","214","19","81","109","5","529","37","240","241","11",
"Número_de_Personas_Trabajadoras_del_Hogar_afiliadas_ante_el_Instituto_Mexicano_del_Seguro_Social",	02,"Baja_California","2025","12","2,846","221","732","1,771","122","934","74","225","584","51","1,912","147","507","1,187","71",
"Número_de_Personas_Trabajadoras_del_Hogar_afiliadas_ante_el_Instituto_Mexicano_del_Seguro_Social",	03,"Baja_California_Sur","2025","12","583","82","249","237","15","197","20","91","77","9","386","62","158","160","6",
"Número_de_Personas_Trabajadoras_del_Hogar_afiliadas_ante_el_Instituto_Mexicano_del_Seguro_Social",	04,"Campeche","2025","12","415","66","176","160","13","181","21","76","76","8","234","45","100","84","5",
"Número_de_Personas_Trabajadoras_del_Hogar_afiliadas_ante_el_Instituto_Mexicano_del_Seguro_Social",	05,"Coahuila_de_Zaragoza","2025","12","3,093","425","1,159","1,448","61","1,432","238","552","614","28","1,661","187","607","834","33",
"Número_de_Personas_Trabajadoras_del_Hogar_afiliadas_ante_el_Instituto_Mexicano_del_Seguro_Social",	06,"Colima","2025","12","483","25","185","252","21","119","11","38","60","10","364","14","147","192","11",
"Número_de_Personas_Trabajadoras_del_Hogar_afiliadas_ante_el_Instituto_Mexicano_del_Seguro_Social",	07,"Chiapas","2025","12","665","115","281","234","35","279","51","124","91","13","386","64","157","143","22",
"Número_de_Personas_Trabajadoras_del_Hogar_afiliadas_ante_el_Instituto_Mexicano_del_Seguro_Social",	08,"Chihuahua","2025","12","2,337","336","804","1,154","43","746","139","301","293","13","1,591","197","503","861","30",
"Número_de_Personas_Trabajadoras_del_Hogar_afiliadas_ante_el_Instituto_Mexicano_del_Seguro_Social",	09,"Ciudad_de_México","2025","12","10,526","890","4,190","5,097","349","2,547","222","954","1,262","109","7,979","668","3,236","3,835","240",
"Número_de_Personas_Trabajadoras_del_Hogar_afiliadas_ante_el_Instituto_Mexicano_del_Seguro_Social",	10,"Durango","2025","12","802","124","348","316","14","328","67","152","105","4","474","57","196","211","10",
"Número_de_Personas_Trabajadoras_del_Hogar_afiliadas_ante_el_Instituto_Mexicano_del_Seguro_Social",	11,"Guanajuato","2025","12","2,192","215","1,003","925","49","736","93","333","288","22","1,456","122","670","637","27",
"Número_de_Personas_Trabajadoras_del_Hogar_afiliadas_ante_el_Instituto_Mexicano_del_Seguro_Social",	12,"Guerrero","2025","12","1,120","105","525","463","27","406","38","181","174","13","714","67","344","289","14",
"Número_de_Personas_Trabajadoras_del_Hogar_afiliadas_ante_el_Instituto_Mexicano_del_Seguro_Social",	13,"Hidalgo","2025","12","667","60","225","349","33","255","17","70","150","18","412","43","155","199","15",
"Número_de_Personas_Trabajadoras_del_Hogar_afiliadas_ante_el_Instituto_Mexicano_del_Seguro_Social",	14,"Jalisco","2025","12","4,488","481","1,930","1,940","137","1,330","170","553","547","60","3,158","311","1,377","1,393","77",
"Número_de_Personas_Trabajadoras_del_Hogar_afiliadas_ante_el_Instituto_Mexicano_del_Seguro_Social",	15,"México","2025","12","6,128","488","2,140","3,220","280","2,451","182","805","1,316","148","3,677","306","1,335","1,904","132",
"Número_de_Personas_Trabajadoras_del_Hogar_afiliadas_ante_el_Instituto_Mexicano_del_Seguro_Social",	16,"Michoacán_de_Ocampo","2025","12","976","64","433","444","35","214","13","85","100","16","762","51","348","344","19",
"Número_de_Personas_Trabajadoras_del_Hogar_afiliadas_ante_el_Instituto_Mexicano_del_Seguro_Social",	17,"Morelos","2025","12","1,110","89","459","530","32","384","34","151","187","12","726","55","308","343","20",
"Número_de_Personas_Trabajadoras_del_Hogar_afiliadas_ante_el_Instituto_Mexicano_del_Seguro_Social",	18,"Nayarit","2025","12","785","82","322","346","35","221","24","93","89","15","564","58","229","257","20",
"Número_de_Personas_Trabajadoras_del_Hogar_afiliadas_ante_el_Instituto_Mexicano_del_Seguro_Social",	19,"Nuevo_León","2025","12","3,600","579","1,709","1,257","55","1,426","250","722","433","21","2,174","329","987","824","34",
"Número_de_Personas_Trabajadoras_del_Hogar_afiliadas_ante_el_Instituto_Mexicano_del_Seguro_Social",	20,"Oaxaca","2025","12","615","88","241","266","20","259","46","90","113","10","356","42","151","153","10",
"Número_de_Personas_Trabajadoras_del_Hogar_afiliadas_ante_el_Instituto_Mexicano_del_Seguro_Social",	21,"Puebla","2025","12","1,298","141","534","585","38","437","59","178","186","14","861","82","356","399","24",
"Número_de_Personas_Trabajadoras_del_Hogar_afiliadas_ante_el_Instituto_Mexicano_del_Seguro_Social",	22,"Querétaro","2025","12","856","76","347","418","15","227","26","75","122","4","629","50","272","296","11",
"Número_de_Personas_Trabajadoras_del_Hogar_afiliadas_ante_el_Instituto_Mexicano_del_Seguro_Social",	23,"Quintana_Roo","2025","12","768","118","391","249","10","343","52","185","101","5","425","66","206","148","5",
"Número_de_Personas_Trabajadoras_del_Hogar_afiliadas_ante_el_Instituto_Mexicano_del_Seguro_Social",	24,"San_Luis_Potosí","2025","12","630","92","234","290","14","164","33","63","66","2","466","59","171","224","12",
"Número_de_Personas_Trabajadoras_del_Hogar_afiliadas_ante_el_Instituto_Mexicano_del_Seguro_Social",	25,"Sinaloa","2025","12","1,352","85","524","711","32","411","29","148","221","13","941","56","376","490","19",
"Número_de_Personas_Trabajadoras_del_Hogar_afiliadas_ante_el_Instituto_Mexicano_del_Seguro_Social",	26,"Sonora","2025","12","2,167","181","782","1,153","51","717","72","276","353","16","1,450","109","506","800","35",
"Número_de_Personas_Trabajadoras_del_Hogar_afiliadas_ante_el_Instituto_Mexicano_del_Seguro_Social",	27,"Tabasco","2025","12","463","78","240","142","3","242","49","126","65","2","221","29","114","77","1",
"Número_de_Personas_Trabajadoras_del_Hogar_afiliadas_ante_el_Instituto_Mexicano_del_Seguro_Social",	28,"Tamaulipas","2025","12","1,293","94","377","763","59","436","28","109","265","34","857","66","268","498","25",
"Número_de_Personas_Trabajadoras_del_Hogar_afiliadas_ante_el_Instituto_Mexicano_del_Seguro_Social",	29,"Tlaxcala","2025","12","831","124","294","378","35","433","65","144","203","21","398","59","150","175","14",
"Número_de_Personas_Trabajadoras_del_Hogar_afiliadas_ante_el_Instituto_Mexicano_del_Seguro_Social",	30,"Veracruz_de_Ignacio_de_la_Llave","2025","12","2,310","270","966","1,004","70","838","116","329","365","28","1,472","154","637","639","42",
"Número_de_Personas_Trabajadoras_del_Hogar_afiliadas_ante_el_Instituto_Mexicano_del_Seguro_Social",	31,"Yucatán","2025","12","1,455","184","645","592","34","640","98","305","223","14","815","86","340","369","20",
"Número_de_Personas_Trabajadoras_del_Hogar_afiliadas_ante_el_Instituto_Mexicano_del_Seguro_Social",	32,"Zacatecas","2025","12","254","25","113","109","7","69","10","33","22","4","185","15","80","87","3",
"Número_de_Personas_Trabajadoras_del_Hogar_afiliadas_ante_el_Instituto_Mexicano_del_Seguro_Social",	00,"Estados_Unidos_Mexicanos","2025","11","59,614","6,515","23,847","27,470","1,782","20,103","2,503","7,978","8,868","754","39,511","4,012","15,869","18,602","1,028",
"Número_de_Personas_Trabajadoras_del_Hogar_afiliadas_ante_el_Instituto_Mexicano_del_Seguro_Social",	01,"Aguascalientes","2025","11","746","63","320","350","13","208","20","81","103","4","538","43","239","247","9",
"Número_de_Personas_Trabajadoras_del_Hogar_afiliadas_ante_el_Instituto_Mexicano_del_Seguro_Social",	02,"Baja_California","2025","11","2,943","219","807","1,783","134","972","72","250","590","60","1,971","147","557","1,193","74",
"Número_de_Personas_Trabajadoras_del_Hogar_afiliadas_ante_el_Instituto_Mexicano_del_Seguro_Social",	03,"Baja_California_Sur","2025","11","479","63","196","203","17","123","9","51","50","13","356","54","145","153","4",
"Número_de_Personas_Trabajadoras_del_Hogar_afiliadas_ante_el_Instituto_Mexicano_del_Seguro_Social",	04,"Campeche","2025","11","485","90","187","189","19","222","38","84","88","12","263","52","103","101","7",
"Número_de_Personas_Trabajadoras_del_Hogar_afiliadas_ante_el_Instituto_Mexicano_del_Seguro_Social",	05,"Coahuila_de_Zaragoza","2025","11","3,358","545","1,295","1,453","65","1,546","293","614","610","29","1,812","252","681","843","36",
"Número_de_Personas_Trabajadoras_del_Hogar_afiliadas_ante_el_Instituto_Mexicano_del_Seguro_Social",	06,"Colima","2025","11","506","29","193","264","20","125","11","41","64","9","381","18","152","200","11",
"Número_de_Personas_Trabajadoras_del_Hogar_afiliadas_ante_el_Instituto_Mexicano_del_Seguro_Social",	07,"Chiapas","2025","11","814","132","393","251","38","361","63","177","109","12","453","69","216","142","26",
"Número_de_Personas_Trabajadoras_del_Hogar_afiliadas_ante_el_Instituto_Mexicano_del_Seguro_Social",	08,"Chihuahua","2025","11","2,296","361","745","1,154","36","640","109","255","264","12","1,656","252","490","890","24",
"Número_de_Personas_Trabajadoras_del_Hogar_afiliadas_ante_el_Instituto_Mexicano_del_Seguro_Social",	09,"Ciudad_de_México","2025","11","10,551","861","4,146","5,204","340","2,455","202","890","1,259","104","8,096","659","3,256","3,945","236",
"Número_de_Personas_Trabajadoras_del_Hogar_afiliadas_ante_el_Instituto_Mexicano_del_Seguro_Social",	10,"Durango","2025","11","768","106","347","299","16","310","56","158","92","4","458","50","189","207","12",
"Número_de_Personas_Trabajadoras_del_Hogar_afiliadas_ante_el_Instituto_Mexicano_del_Seguro_Social",	11,"Guanajuato","2025","11","2,125","210","990","881","44","681","90","314","258","19","1,444","120","676","623","25",
"Número_de_Personas_Trabajadoras_del_Hogar_afiliadas_ante_el_Instituto_Mexicano_del_Seguro_Social",	12,"Guerrero","2025","11","1,147","120","539","465","23","421","44","191","176","10","726","76","348","289","13",
"Número_de_Personas_Trabajadoras_del_Hogar_afiliadas_ante_el_Instituto_Mexicano_del_Seguro_Social",	13,"Hidalgo","2025","11","780","87","300","357","36","317","32","104","159","22","463","55","196","198","14",
"Número_de_Personas_Trabajadoras_del_Hogar_afiliadas_ante_el_Instituto_Mexicano_del_Seguro_Social",	14,"Jalisco","2025","11","4,630","525","2,007","1,963","135","1,366","177","585","546","58","3,264","348","1,422","1,417","77",
"Número_de_Personas_Trabajadoras_del_Hogar_afiliadas_ante_el_Instituto_Mexicano_del_Seguro_Social",	15,"México","2025","11","6,141","471","2,140","3,231","299","2,435","169","799","1,311","156","3,706","302","1,341","1,920","143",
"Número_de_Personas_Trabajadoras_del_Hogar_afiliadas_ante_el_Instituto_Mexicano_del_Seguro_Social",	16,"Michoacán_de_Ocampo","2025","11","969","61","425","445","38","212","12","80","102","18","757","49","345","343","20",
"Número_de_Personas_Trabajadoras_del_Hogar_afiliadas_ante_el_Instituto_Mexicano_del_Seguro_Social",	17,"Morelos","2025","11","1,153","101","471","547","34","403","38","158","194","13","750","63","313","353","21",
"Número_de_Personas_Trabajadoras_del_Hogar_afiliadas_ante_el_Instituto_Mexicano_del_Seguro_Social",	18,"Nayarit","2025","11","751","71","302","344","34","201","18","84","84","15","550","53","218","260","19",
"Número_de_Personas_Trabajadoras_del_Hogar_afiliadas_ante_el_Instituto_Mexicano_del_Seguro_Social",	19,"Nuevo_León","2025","11","3,311","490","1,539","1,225","57","1,209","188","583","418","20","2,102","302","956","807","37",
"Número_de_Personas_Trabajadoras_del_Hogar_afiliadas_ante_el_Instituto_Mexicano_del_Seguro_Social",	20,"Oaxaca","2025","11","696","117","276","283","20","302","65","108","119","10","394","52","168","164","10",
"Número_de_Personas_Trabajadoras_del_Hogar_afiliadas_ante_el_Instituto_Mexicano_del_Seguro_Social",	21,"Puebla","2025","11","1,501","185","650","626","40","549","82","245","207","15","952","103","405","419","25",
"Número_de_Personas_Trabajadoras_del_Hogar_afiliadas_ante_el_Instituto_Mexicano_del_Seguro_Social",	22,"Querétaro","2025","11","1,064","117","478","451","18","328","52","136","135","5","736","65","342","316","13",
"Número_de_Personas_Trabajadoras_del_Hogar_afiliadas_ante_el_Instituto_Mexicano_del_Seguro_Social",	23,"Quintana_Roo","2025","11","916","179","478","252","7","457","93","254","107","3","459","86","224","145","4",
"Número_de_Personas_Trabajadoras_del_Hogar_afiliadas_ante_el_Instituto_Mexicano_del_Seguro_Social",	24,"San_Luis_Potosí","2025","11","797","131","347","307","12","238","48","119","70","1","559","83","228","237","11",
"Número_de_Personas_Trabajadoras_del_Hogar_afiliadas_ante_el_Instituto_Mexicano_del_Seguro_Social",	25,"Sinaloa","2025","11","1,458","88","583","751","36","457","34","179","230","14","1,001","54","404","521","22",
"Número_de_Personas_Trabajadoras_del_Hogar_afiliadas_ante_el_Instituto_Mexicano_del_Seguro_Social",	26,"Sonora","2025","11","2,137","186","752","1,148","51","677","71","242","352","12","1,460","115","510","796","39",
"Número_de_Personas_Trabajadoras_del_Hogar_afiliadas_ante_el_Instituto_Mexicano_del_Seguro_Social",	27,"Tabasco","2025","11","522","101","270","148","3","280","65","140","73","2","242","36","130","75","1",
"Número_de_Personas_Trabajadoras_del_Hogar_afiliadas_ante_el_Instituto_Mexicano_del_Seguro_Social",	28,"Tamaulipas","2025","11","1,338","107","411","763","57","467","33","127","271","36","871","74","284","492","21",
"Número_de_Personas_Trabajadoras_del_Hogar_afiliadas_ante_el_Instituto_Mexicano_del_Seguro_Social",	29,"Tlaxcala","2025","11","788","117","281","359","31","403","63","131","191","18","385","54","150","168","13",
"Número_de_Personas_Trabajadoras_del_Hogar_afiliadas_ante_el_Instituto_Mexicano_del_Seguro_Social",	30,"Veracruz_de_Ignacio_de_la_Llave","2025","11","2,394","273","1,012","1,034","75","876","105","364","374","33","1,518","168","648","660","42",
"Número_de_Personas_Trabajadoras_del_Hogar_afiliadas_ante_el_Instituto_Mexicano_del_Seguro_Social",	31,"Yucatán","2025","11","1,797","284","855","629","29","800","143","407","238","12","997","141","448","391","17",
"Número_de_Personas_Trabajadoras_del_Hogar_afiliadas_ante_el_Instituto_Mexicano_del_Seguro_Social",	32,"Zacatecas","2025","11","253","25","112","111","5","62","8","27","24","3","191","17","85","87","2",
"Número_de_Personas_Trabajadoras_del_Hogar_afiliadas_ante_el_Instituto_Mexicano_del_Seguro_Social",	00,"Estados_Unidos_Mexicanos","2025","10","60,241","6,731","24,873","26,944","1,693","21,084","2,732","8,740","8,888","724","39,157","3,999","16,133","18,056","969",
"Número_de_Personas_Trabajadoras_del_Hogar_afiliadas_ante_el_Instituto_Mexicano_del_Seguro_Social",	01,"Aguascalientes","2025","10","785","71","332","366","16","253","25","104","121","3","532","46","228","245","13",
"Número_de_Personas_Trabajadoras_del_Hogar_afiliadas_ante_el_Instituto_Mexicano_del_Seguro_Social",	02,"Baja_California","2025","10","2,866","218","792","1,722","134","980","68","258","589","65","1,886","150","534","1,133","69",
"Número_de_Personas_Trabajadoras_del_Hogar_afiliadas_ante_el_Instituto_Mexicano_del_Seguro_Social",	03,"Baja_California_Sur","2025","10","395","42","160","182","11","102","6","46","42","8","293","36","114","140","3",
"Número_de_Personas_Trabajadoras_del_Hogar_afiliadas_ante_el_Instituto_Mexicano_del_Seguro_Social",	04,"Campeche","2025","10","402","60","181","150","11","195","28","93","66","8","207","32","88","84","3",
"Número_de_Personas_Trabajadoras_del_Hogar_afiliadas_ante_el_Instituto_Mexicano_del_Seguro_Social",	05,"Coahuila_de_Zaragoza","2025","10","3,250","542","1,233","1,412","63","1,462","269","563","600","30","1,788","273","670","812","33",
"Número_de_Personas_Trabajadoras_del_Hogar_afiliadas_ante_el_Instituto_Mexicano_del_Seguro_Social",	06,"Colima","2025","10","1,051","165","562","307","17","480","106","267","100","7","571","59","295","207","10",
"Número_de_Personas_Trabajadoras_del_Hogar_afiliadas_ante_el_Instituto_Mexicano_del_Seguro_Social",	07,"Chiapas","2025","10","797","132","381","248","36","346","55","174","106","11","451","77","207","142","25",
"Número_de_Personas_Trabajadoras_del_Hogar_afiliadas_ante_el_Instituto_Mexicano_del_Seguro_Social",	08,"Chihuahua","2025","10","2,110","319","657","1,100","34","590","116","202","264","8","1,520","203","455","836","26",
"Número_de_Personas_Trabajadoras_del_Hogar_afiliadas_ante_el_Instituto_Mexicano_del_Seguro_Social",	09,"Ciudad_de_México","2025","10","10,118","829","3,992","4,981","316","2,393","209","882","1,201","101","7,725","620","3,110","3,780","215",
"Número_de_Personas_Trabajadoras_del_Hogar_afiliadas_ante_el_Instituto_Mexicano_del_Seguro_Social",	10,"Durango","2025","10","734","106","330","282","16","263","47","124","87","5","471","59","206","195","11",
"Número_de_Personas_Trabajadoras_del_Hogar_afiliadas_ante_el_Instituto_Mexicano_del_Seguro_Social",	11,"Guanajuato","2025","10","2,562","324","1,290","904","44","897","152","455","272","18","1,665","172","835","632","26",
"Número_de_Personas_Trabajadoras_del_Hogar_afiliadas_ante_el_Instituto_Mexicano_del_Seguro_Social",	12,"Guerrero","2025","10","1,095","118","504","452","21","408","44","182","173","9","687","74","322","279","12",
"Número_de_Personas_Trabajadoras_del_Hogar_afiliadas_ante_el_Instituto_Mexicano_del_Seguro_Social",	13,"Hidalgo","2025","10","1,059","173","468","387","31","465","86","191","171","17","594","87","277","216","14",
"Número_de_Personas_Trabajadoras_del_Hogar_afiliadas_ante_el_Instituto_Mexicano_del_Seguro_Social",	14,"Jalisco","2025","10","4,707","532","2,111","1,943","121","1,506","200","698","553","55","3,201","332","1,413","1,390","66",
"Número_de_Personas_Trabajadoras_del_Hogar_afiliadas_ante_el_Instituto_Mexicano_del_Seguro_Social",	15,"México","2025","10","6,690","533","2,589","3,285","283","2,844","223","1,110","1,364","147","3,846","310","1,479","1,921","136",
"Número_de_Personas_Trabajadoras_del_Hogar_afiliadas_ante_el_Instituto_Mexicano_del_Seguro_Social",	16,"Michoacán_de_Ocampo","2025","10","984","76","440","431","37","234","19","94","106","15","750","57","346","325","22",
"Número_de_Personas_Trabajadoras_del_Hogar_afiliadas_ante_el_Instituto_Mexicano_del_Seguro_Social",	17,"Morelos","2025","10","1,130","87","461","540","42","393","30","152","192","19","737","57","309","348","23",
"Número_de_Personas_Trabajadoras_del_Hogar_afiliadas_ante_el_Instituto_Mexicano_del_Seguro_Social",	18,"Nayarit","2025","10","699","69","278","321","31","180","12","70","85","13","519","57","208","236","18",
"Número_de_Personas_Trabajadoras_del_Hogar_afiliadas_ante_el_Instituto_Mexicano_del_Seguro_Social",	19,"Nuevo_León","2025","10","3,314","518","1,537","1,210","49","1,239","226","587","408","18","2,075","292","950","802","31",
"Número_de_Personas_Trabajadoras_del_Hogar_afiliadas_ante_el_Instituto_Mexicano_del_Seguro_Social",	20,"Oaxaca","2025","10","679","106","278","272","23","298","52","116","116","14","381","54","162","156","9",
"Número_de_Personas_Trabajadoras_del_Hogar_afiliadas_ante_el_Instituto_Mexicano_del_Seguro_Social",	21,"Puebla","2025","10","1,433","163","647","584","39","537","73","240","209","15","896","90","407","375","24",
"Número_de_Personas_Trabajadoras_del_Hogar_afiliadas_ante_el_Instituto_Mexicano_del_Seguro_Social",	22,"Querétaro","2025","10","929","91","398","426","14","263","33","102","126","2","666","58","296","300","12",
"Número_de_Personas_Trabajadoras_del_Hogar_afiliadas_ante_el_Instituto_Mexicano_del_Seguro_Social",	23,"Quintana_Roo","2025","10","969","181","547","234","7","483","98","286","96","3","486","83","261","138","4",
"Número_de_Personas_Trabajadoras_del_Hogar_afiliadas_ante_el_Instituto_Mexicano_del_Seguro_Social",	24,"San_Luis_Potosí","2025","10","687","106","267","304","10","183","41","73","68","1","504","65","194","236","9",
"Número_de_Personas_Trabajadoras_del_Hogar_afiliadas_ante_el_Instituto_Mexicano_del_Seguro_Social",	25,"Sinaloa","2025","10","1,450","89","576","746","39","440","28","168","227","17","1,010","61","408","519","22",
"Número_de_Personas_Trabajadoras_del_Hogar_afiliadas_ante_el_Instituto_Mexicano_del_Seguro_Social",	26,"Sonora","2025","10","2,186","201","794","1,146","45","713","78","260","365","10","1,473","123","534","781","35",
"Número_de_Personas_Trabajadoras_del_Hogar_afiliadas_ante_el_Instituto_Mexicano_del_Seguro_Social",	27,"Tabasco","2025","10","527","89","289","147","2","270","47","151","70","2","257","42","138","77","0",
"Número_de_Personas_Trabajadoras_del_Hogar_afiliadas_ante_el_Instituto_Mexicano_del_Seguro_Social",	28,"Tamaulipas","2025","10","1,389","116","463","750","60","512","46","162","268","36","877","70","301","482","24",
"Número_de_Personas_Trabajadoras_del_Hogar_afiliadas_ante_el_Instituto_Mexicano_del_Seguro_Social",	29,"Tlaxcala","2025","10","730","107","281","316","26","375","58","127","175","15","355","49","154","141","11",
"Número_de_Personas_Trabajadoras_del_Hogar_afiliadas_ante_el_Instituto_Mexicano_del_Seguro_Social",	30,"Veracruz_de_Ignacio_de_la_Llave","2025","10","2,467","282","1,053","1,052","80","919","114","367","404","34","1,548","168","686","648","46",
"Número_de_Personas_Trabajadoras_del_Hogar_afiliadas_ante_el_Instituto_Mexicano_del_Seguro_Social",	31,"Yucatán","2025","10","1,814","272","874","638","30","804","138","411","240","15","1,010","134","463","398","15",
"Número_de_Personas_Trabajadoras_del_Hogar_afiliadas_ante_el_Instituto_Mexicano_del_Seguro_Social",	32,"Zacatecas","2025","10","233","14","108","106","5","57","5","25","24","3","176","9","83","82","2",
"Número_de_Personas_Trabajadoras_del_Hogar_afiliadas_ante_el_Instituto_Mexicano_del_Seguro_Social",	00,"Estados_Unidos_Mexicanos","2025","9","56,170","5,852","22,549","26,092","1,677","19,204","2,285","7,627","8,566","726","36,966","3,567","14,922","17,526","951",
"Número_de_Personas_Trabajadoras_del_Hogar_afiliadas_ante_el_Instituto_Mexicano_del_Seguro_Social",	01,"Aguascalientes","2025","9","788","60","327","384","17","237","16","84","133","4","551","44","243","251","13",
"Número_de_Personas_Trabajadoras_del_Hogar_afiliadas_ante_el_Instituto_Mexicano_del_Seguro_Social",	02,"Baja_California","2025","9","2,805","228","771","1,688","118","947","76","250","564","57","1,858","152","521","1,124","61",
"Número_de_Personas_Trabajadoras_del_Hogar_afiliadas_ante_el_Instituto_Mexicano_del_Seguro_Social",	03,"Baja_California_Sur","2025","9","357","32","145","171","9","75","3","30","36","6","282","29","115","135","3",
"Número_de_Personas_Trabajadoras_del_Hogar_afiliadas_ante_el_Instituto_Mexicano_del_Seguro_Social",	04,"Campeche","2025","9","301","43","129","119","10","133","17","56","53","7","168","26","73","66","3",
"Número_de_Personas_Trabajadoras_del_Hogar_afiliadas_ante_el_Instituto_Mexicano_del_Seguro_Social",	05,"Coahuila_de_Zaragoza","2025","9","2,992","464","1,123","1,342","63","1,347","228","510","578","31","1,645","236","613","764","32",
"Número_de_Personas_Trabajadoras_del_Hogar_afiliadas_ante_el_Instituto_Mexicano_del_Seguro_Social",	06,"Colima","2025","9","525","34","209","266","16","134","15","44","67","8","391","19","165","199","8",
"Número_de_Personas_Trabajadoras_del_Hogar_afiliadas_ante_el_Instituto_Mexicano_del_Seguro_Social",	07,"Chiapas","2025","9","802","122","400","242","38","375","60","197","105","13","427","62","203","137","25",
"Número_de_Personas_Trabajadoras_del_Hogar_afiliadas_ante_el_Instituto_Mexicano_del_Seguro_Social",	08,"Chihuahua","2025","9","1,851","163","585","1,063","40","526","60","200","254","12","1,325","103","385","809","28",
"Número_de_Personas_Trabajadoras_del_Hogar_afiliadas_ante_el_Instituto_Mexicano_del_Seguro_Social",	09,"Ciudad_de_México","2025","9","9,572","704","3,728","4,827","313","2,183","169","756","1,159","99","7,389","535","2,972","3,668","214",
"Número_de_Personas_Trabajadoras_del_Hogar_afiliadas_ante_el_Instituto_Mexicano_del_Seguro_Social",	10,"Durango","2025","9","625","81","260","269","15","218","32","101","81","4","407","49","159","188","11",
"Número_de_Personas_Trabajadoras_del_Hogar_afiliadas_ante_el_Instituto_Mexicano_del_Seguro_Social",	11,"Guanajuato","2025","9","2,130","211","1,032","844","43","695","89","338","250","18","1,435","122","694","594","25",
"Número_de_Personas_Trabajadoras_del_Hogar_afiliadas_ante_el_Instituto_Mexicano_del_Seguro_Social",	12,"Guerrero","2025","9","1,091","107","514","449","21","405","32","186","178","9","686","75","328","271","12",
"Número_de_Personas_Trabajadoras_del_Hogar_afiliadas_ante_el_Instituto_Mexicano_del_Seguro_Social",	13,"Hidalgo","2025","9","870","116","353","369","32","400","58","155","168","19","470","58","198","201","13",
"Número_de_Personas_Trabajadoras_del_Hogar_afiliadas_ante_el_Instituto_Mexicano_del_Seguro_Social",	14,"Jalisco","2025","9","4,207","444","1,811","1,844","108","1,186","149","501","492","44","3,021","295","1,310","1,352","64",
"Número_de_Personas_Trabajadoras_del_Hogar_afiliadas_ante_el_Instituto_Mexicano_del_Seguro_Social",	15,"México","2025","9","6,089","455","2,242","3,096","296","2,523","184","907","1,276","156","3,566","271","1,335","1,820","140",
"Número_de_Personas_Trabajadoras_del_Hogar_afiliadas_ante_el_Instituto_Mexicano_del_Seguro_Social",	16,"Michoacán_de_Ocampo","2025","9","979","69","436","436","38","214","12","89","97","16","765","57","347","339","22",
"Número_de_Personas_Trabajadoras_del_Hogar_afiliadas_ante_el_Instituto_Mexicano_del_Seguro_Social",	17,"Morelos","2025","9","1,104","81","455","527","41","390","35","140","196","19","714","46","315","331","22",
"Número_de_Personas_Trabajadoras_del_Hogar_afiliadas_ante_el_Instituto_Mexicano_del_Seguro_Social",	18,"Nayarit","2025","9","703","78","279","317","29","196","18","76","90","12","507","60","203","227","17",
"Número_de_Personas_Trabajadoras_del_Hogar_afiliadas_ante_el_Instituto_Mexicano_del_Seguro_Social",	19,"Nuevo_León","2025","9","3,174","499","1,447","1,179","49","1,206","210","560","417","19","1,968","289","887","762","30",
"Número_de_Personas_Trabajadoras_del_Hogar_afiliadas_ante_el_Instituto_Mexicano_del_Seguro_Social",	20,"Oaxaca","2025","9","588","84","232","250","22","246","42","84","106","14","342","42","148","144","8",
"Número_de_Personas_Trabajadoras_del_Hogar_afiliadas_ante_el_Instituto_Mexicano_del_Seguro_Social",	21,"Puebla","2025","9","1,406","164","612","593","37","517","70","232","199","16","889","94","380","394","21",
"Número_de_Personas_Trabajadoras_del_Hogar_afiliadas_ante_el_Instituto_Mexicano_del_Seguro_Social",	22,"Querétaro","2025","9","894","88","373","418","15","250","28","100","118","4","644","60","273","300","11",
"Número_de_Personas_Trabajadoras_del_Hogar_afiliadas_ante_el_Instituto_Mexicano_del_Seguro_Social",	23,"Quintana_Roo","2025","9","778","155","381","231","11","360","74","191","88","7","418","81","190","143","4",
"Número_de_Personas_Trabajadoras_del_Hogar_afiliadas_ante_el_Instituto_Mexicano_del_Seguro_Social",	24,"San_Luis_Potosí","2025","9","775","99","346","315","15","244","30","128","83","3","531","69","218","232","12",
"Número_de_Personas_Trabajadoras_del_Hogar_afiliadas_ante_el_Instituto_Mexicano_del_Seguro_Social",	25,"Sinaloa","2025","9","1,494","120","602","734","38","471","49","191","215","16","1,023","71","411","519","22",
"Número_de_Personas_Trabajadoras_del_Hogar_afiliadas_ante_el_Instituto_Mexicano_del_Seguro_Social",	26,"Sonora","2025","9","2,113","171","730","1,162","50","700","60","244","381","15","1,413","111","486","781","35",
"Número_de_Personas_Trabajadoras_del_Hogar_afiliadas_ante_el_Instituto_Mexicano_del_Seguro_Social",	27,"Tabasco","2025","9","520","106","273","137","4","275","58","146","69","2","245","48","127","68","2",
"Número_de_Personas_Trabajadoras_del_Hogar_afiliadas_ante_el_Instituto_Mexicano_del_Seguro_Social",	28,"Tamaulipas","2025","9","1,269","97","373","737","62","447","25","120","264","38","822","72","253","473","24",
"Número_de_Personas_Trabajadoras_del_Hogar_afiliadas_ante_el_Instituto_Mexicano_del_Seguro_Social",	29,"Tlaxcala","2025","9","735","110","286","317","22","380","55","138","174","13","355","55","148","143","9",
"Número_de_Personas_Trabajadoras_del_Hogar_afiliadas_ante_el_Instituto_Mexicano_del_Seguro_Social",	30,"Veracruz_de_Ignacio_de_la_Llave","2025","9","2,773","397","1,245","1,059","72","1,130","187","497","418","28","1,643","210","748","641","44",
"Número_de_Personas_Trabajadoras_del_Hogar_afiliadas_ante_el_Instituto_Mexicano_del_Seguro_Social",	31,"Yucatán","2025","9","1,625","252","747","600","26","737","136","355","234","12","888","116","392","366","14",
"Número_de_Personas_Trabajadoras_del_Hogar_afiliadas_ante_el_Instituto_Mexicano_del_Seguro_Social",	32,"Zacatecas","2025","9","235","18","103","107","7","57","8","21","23","5","178","10","82","84","2",
"Número_de_Personas_Trabajadoras_del_Hogar_afiliadas_ante_el_Instituto_Mexicano_del_Seguro_Social",	00,"Estados_Unidos_Mexicanos","2025","8","58,180","5,940","22,634","27,779","1,827","19,300","2,223","7,199","9,085","793","38,880","3,717","15,435","18,694","1,034",
"Número_de_Personas_Trabajadoras_del_Hogar_afiliadas_ante_el_Instituto_Mexicano_del_Seguro_Social",	01,"Aguascalientes","2025","8","755","57","309","375","14","219","14","79","123","3","536","43","230","252","11",
"Número_de_Personas_Trabajadoras_del_Hogar_afiliadas_ante_el_Instituto_Mexicano_del_Seguro_Social",	02,"Baja_California","2025","8","3,032","228","832","1,845","127","1,043","82","266","635","60","1,989","146","566","1,210","67",
"Número_de_Personas_Trabajadoras_del_Hogar_afiliadas_ante_el_Instituto_Mexicano_del_Seguro_Social",	03,"Baja_California_Sur","2025","8","435","42","172","206","15","113","4","36","62","11","322","38","136","144","4",
"Número_de_Personas_Trabajadoras_del_Hogar_afiliadas_ante_el_Instituto_Mexicano_del_Seguro_Social",	04,"Campeche","2025","8","316","44","119","141","12","136","16","50","63","7","180","28","69","78","5",
"Número_de_Personas_Trabajadoras_del_Hogar_afiliadas_ante_el_Instituto_Mexicano_del_Seguro_Social",	05,"Coahuila_de_Zaragoza","2025","8","3,047","444","1,134","1,399","70","1,380","252","513","581","34","1,667","192","621","818","36",
"Número_de_Personas_Trabajadoras_del_Hogar_afiliadas_ante_el_Instituto_Mexicano_del_Seguro_Social",	06,"Colima","2025","8","627","65","270","271","21","203","31","88","74","10","424","34","182","197","11",
"Número_de_Personas_Trabajadoras_del_Hogar_afiliadas_ante_el_Instituto_Mexicano_del_Seguro_Social",	07,"Chiapas","2025","8","848","149","400","259","40","372","70","186","99","17","476","79","214","160","23",
"Número_de_Personas_Trabajadoras_del_Hogar_afiliadas_ante_el_Instituto_Mexicano_del_Seguro_Social",	08,"Chihuahua","2025","8","2,093","225","641","1,181","46","555","71","192","279","13","1,538","154","449","902","33",
"Número_de_Personas_Trabajadoras_del_Hogar_afiliadas_ante_el_Instituto_Mexicano_del_Seguro_Social",	09,"Ciudad_de_México","2025","8","10,376","800","4,025","5,218","333","2,359","175","818","1,265","101","8,017","625","3,207","3,953","232",
"Número_de_Personas_Trabajadoras_del_Hogar_afiliadas_ante_el_Instituto_Mexicano_del_Seguro_Social",	10,"Durango","2025","8","692","94","275","302","21","243","42","103","92","6","449","52","172","210","15",
"Número_de_Personas_Trabajadoras_del_Hogar_afiliadas_ante_el_Instituto_Mexicano_del_Seguro_Social",	11,"Guanajuato","2025","8","2,151","208","1,023","877","43","687","90","333","246","18","1,464","118","690","631","25",
"Número_de_Personas_Trabajadoras_del_Hogar_afiliadas_ante_el_Instituto_Mexicano_del_Seguro_Social",	12,"Guerrero","2025","8","1,172","116","558","470","28","435","38","200","182","15","737","78","358","288","13",
"Número_de_Personas_Trabajadoras_del_Hogar_afiliadas_ante_el_Instituto_Mexicano_del_Seguro_Social",	13,"Hidalgo","2025","8","724","61","256","377","30","281","22","77","166","16","443","39","179","211","14",
"Número_de_Personas_Trabajadoras_del_Hogar_afiliadas_ante_el_Instituto_Mexicano_del_Seguro_Social",	14,"Jalisco","2025","8","4,550","474","1,928","2,005","143","1,304","137","533","572","62","3,246","337","1,395","1,433","81",
"Número_de_Personas_Trabajadoras_del_Hogar_afiliadas_ante_el_Instituto_Mexicano_del_Seguro_Social",	15,"México","2025","8","5,897","440","1,923","3,224","310","2,291","166","638","1,318","169","3,606","274","1,285","1,906","141",
"Número_de_Personas_Trabajadoras_del_Hogar_afiliadas_ante_el_Instituto_Mexicano_del_Seguro_Social",	16,"Michoacán_de_Ocampo","2025","8","1,052","89","459","466","38","252","27","99","106","20","800","62","360","360","18",
"Número_de_Personas_Trabajadoras_del_Hogar_afiliadas_ante_el_Instituto_Mexicano_del_Seguro_Social",	17,"Morelos","2025","8","1,182","97","489","551","45","414","39","159","196","20","768","58","330","355","25",
"Número_de_Personas_Trabajadoras_del_Hogar_afiliadas_ante_el_Instituto_Mexicano_del_Seguro_Social",	18,"Nayarit","2025","8","793","85","321","351","36","233","21","95","100","17","560","64","226","251","19",
"Número_de_Personas_Trabajadoras_del_Hogar_afiliadas_ante_el_Instituto_Mexicano_del_Seguro_Social",	19,"Nuevo_León","2025","8","3,228","471","1,433","1,269","55","1,157","171","518","449","19","2,071","300","915","820","36",
"Número_de_Personas_Trabajadoras_del_Hogar_afiliadas_ante_el_Instituto_Mexicano_del_Seguro_Social",	20,"Oaxaca","2025","8","682","105","284","270","23","283","49","105","115","14","399","56","179","155","9",
"Número_de_Personas_Trabajadoras_del_Hogar_afiliadas_ante_el_Instituto_Mexicano_del_Seguro_Social",	21,"Puebla","2025","8","1,376","125","581","627","43","475","50","205","202","18","901","75","376","425","25",
"Número_de_Personas_Trabajadoras_del_Hogar_afiliadas_ante_el_Instituto_Mexicano_del_Seguro_Social",	22,"Querétaro","2025","8","862","80","358","407","17","228","25","74","123","6","634","55","284","284","11",
"Número_de_Personas_Trabajadoras_del_Hogar_afiliadas_ante_el_Instituto_Mexicano_del_Seguro_Social",	23,"Quintana_Roo","2025","8","697","111","344","232","10","310","49","173","83","5","387","62","171","149","5",
"Número_de_Personas_Trabajadoras_del_Hogar_afiliadas_ante_el_Instituto_Mexicano_del_Seguro_Social",	24,"San_Luis_Potosí","2025","8","670","85","256","315","14","179","32","68","76","3","491","53","188","239","11",
"Número_de_Personas_Trabajadoras_del_Hogar_afiliadas_ante_el_Instituto_Mexicano_del_Seguro_Social",	25,"Sinaloa","2025","8","1,547","124","601","784","38","489","41","201","233","14","1,058","83","400","551","24",
"Número_de_Personas_Trabajadoras_del_Hogar_afiliadas_ante_el_Instituto_Mexicano_del_Seguro_Social",	26,"Sonora","2025","8","2,246","196","753","1,243","54","761","87","256","405","13","1,485","109","497","838","41",
"Número_de_Personas_Trabajadoras_del_Hogar_afiliadas_ante_el_Instituto_Mexicano_del_Seguro_Social",	27,"Tabasco","2025","8","487","101","245","141","0","239","53","123","63","0","248","48","122","78","0",
"Número_de_Personas_Trabajadoras_del_Hogar_afiliadas_ante_el_Instituto_Mexicano_del_Seguro_Social",	28,"Tamaulipas","2025","8","1,543","157","512","809","65","605","63","204","300","38","938","94","308","509","27",
"Número_de_Personas_Trabajadoras_del_Hogar_afiliadas_ante_el_Instituto_Mexicano_del_Seguro_Social",	29,"Tlaxcala","2025","8","713","102","256","331","24","369","51","125","179","14","344","51","131","152","10",
"Número_de_Personas_Trabajadoras_del_Hogar_afiliadas_ante_el_Instituto_Mexicano_del_Seguro_Social",	30,"Veracruz_de_Ignacio_de_la_Llave","2025","8","2,500","336","1,014","1,072","78","920","144","325","417","34","1,580","192","689","655","44",
"Número_de_Personas_Trabajadoras_del_Hogar_afiliadas_ante_el_Instituto_Mexicano_del_Seguro_Social",	31,"Yucatán","2025","8","1,623","207","755","635","26","695","103","331","251","10","928","104","424","384","16",
"Número_de_Personas_Trabajadoras_del_Hogar_afiliadas_ante_el_Instituto_Mexicano_del_Seguro_Social",	32,"Zacatecas","2025","8","264","22","108","126","8","70","8","26","30","6","194","14","82","96","2",
"Número_de_Personas_Trabajadoras_del_Hogar_afiliadas_ante_el_Instituto_Mexicano_del_Seguro_Social",	00,"Estados_Unidos_Mexicanos","2025","7","60,073","6,151","23,311","28,706","1,905","20,038","2,353","7,455","9,388","842","40,035","3,798","15,856","19,318","1,063",
"Número_de_Personas_Trabajadoras_del_Hogar_afiliadas_ante_el_Instituto_Mexicano_del_Seguro_Social",	01,"Aguascalientes","2025","7","826","69","350","392","15","251","17","91","139","4","575","52","259","253","11",
"Número_de_Personas_Trabajadoras_del_Hogar_afiliadas_ante_el_Instituto_Mexicano_del_Seguro_Social",	02,"Baja_California","2025","7","3,164","240","879","1,911","134","1,064","92","272","630","70","2,100","148","607","1,281","64",
"Número_de_Personas_Trabajadoras_del_Hogar_afiliadas_ante_el_Instituto_Mexicano_del_Seguro_Social",	03,"Baja_California_Sur","2025","7","417","46","159","200","12","111","12","36","56","7","306","34","123","144","5",
"Número_de_Personas_Trabajadoras_del_Hogar_afiliadas_ante_el_Instituto_Mexicano_del_Seguro_Social",	04,"Campeche","2025","7","333","66","128","129","10","138","17","62","55","4","195","49","66","74","6",
"Número_de_Personas_Trabajadoras_del_Hogar_afiliadas_ante_el_Instituto_Mexicano_del_Seguro_Social",	05,"Coahuila_de_Zaragoza","2025","7","3,085","468","1,044","1,497","76","1,355","243","449","623","40","1,730","225","595","874","36",
"Número_de_Personas_Trabajadoras_del_Hogar_afiliadas_ante_el_Instituto_Mexicano_del_Seguro_Social",	06,"Colima","2025","7","536","39","209","267","21","136","13","40","74","9","400","26","169","193","12",
"Número_de_Personas_Trabajadoras_del_Hogar_afiliadas_ante_el_Instituto_Mexicano_del_Seguro_Social",	07,"Chiapas","2025","7","1,205","223","629","311","42","619","126","334","141","18","586","97","295","170","24",
"Número_de_Personas_Trabajadoras_del_Hogar_afiliadas_ante_el_Instituto_Mexicano_del_Seguro_Social",	08,"Chihuahua","2025","7","2,231","220","715","1,247","49","631","93","221","302","15","1,600","127","494","945","34",
"Número_de_Personas_Trabajadoras_del_Hogar_afiliadas_ante_el_Instituto_Mexicano_del_Seguro_Social",	09,"Ciudad_de_México","2025","7","10,598","792","4,065","5,390","351","2,340","158","759","1,304","119","8,258","634","3,306","4,086","232",
"Número_de_Personas_Trabajadoras_del_Hogar_afiliadas_ante_el_Instituto_Mexicano_del_Seguro_Social",	10,"Durango","2025","7","725","95","281","329","20","251","42","100","102","7","474","53","181","227","13",
"Número_de_Personas_Trabajadoras_del_Hogar_afiliadas_ante_el_Instituto_Mexicano_del_Seguro_Social",	11,"Guanajuato","2025","7","2,154","212","1,017","872","53","711","97","335","257","22","1,443","115","682","615","31",
"Número_de_Personas_Trabajadoras_del_Hogar_afiliadas_ante_el_Instituto_Mexicano_del_Seguro_Social",	12,"Guerrero","2025","7","1,216","133","567","493","23","444","53","199","183","9","772","80","368","310","14",
"Número_de_Personas_Trabajadoras_del_Hogar_afiliadas_ante_el_Instituto_Mexicano_del_Seguro_Social",	13,"Hidalgo","2025","7","741","61","254","393","33","292","22","74","180","16","449","39","180","213","17",
"Número_de_Personas_Trabajadoras_del_Hogar_afiliadas_ante_el_Instituto_Mexicano_del_Seguro_Social",	14,"Jalisco","2025","7","4,697","516","2,013","2,031","137","1,354","157","571","567","59","3,343","359","1,442","1,464","78",
"Número_de_Personas_Trabajadoras_del_Hogar_afiliadas_ante_el_Instituto_Mexicano_del_Seguro_Social",	15,"México","2025","7","6,198","433","2,064","3,390","311","2,465","172","733","1,386","174","3,733","261","1,331","2,004","137",
"Número_de_Personas_Trabajadoras_del_Hogar_afiliadas_ante_el_Instituto_Mexicano_del_Seguro_Social",	16,"Michoacán_de_Ocampo","2025","7","1,080","80","492","471","37","257","15","107","116","19","823","65","385","355","18",
"Número_de_Personas_Trabajadoras_del_Hogar_afiliadas_ante_el_Instituto_Mexicano_del_Seguro_Social",	17,"Morelos","2025","7","1,269","123","523","571","52","457","46","173","216","22","812","77","350","355","30",
"Número_de_Personas_Trabajadoras_del_Hogar_afiliadas_ante_el_Instituto_Mexicano_del_Seguro_Social",	18,"Nayarit","2025","7","744","78","279","344","43","207","17","76","93","21","537","61","203","251","22",
"Número_de_Personas_Trabajadoras_del_Hogar_afiliadas_ante_el_Instituto_Mexicano_del_Seguro_Social",	19,"Nuevo_León","2025","7","3,268","489","1,477","1,247","55","1,192","185","549","441","17","2,076","304","928","806","38",
"Número_de_Personas_Trabajadoras_del_Hogar_afiliadas_ante_el_Instituto_Mexicano_del_Seguro_Social",	20,"Oaxaca","2025","7","657","93","267","272","25","262","34","107","108","13","395","59","160","164","12",
"Número_de_Personas_Trabajadoras_del_Hogar_afiliadas_ante_el_Instituto_Mexicano_del_Seguro_Social",	21,"Puebla","2025","7","1,467","145","616","661","45","540","60","222","237","21","927","85","394","424","24",
"Número_de_Personas_Trabajadoras_del_Hogar_afiliadas_ante_el_Instituto_Mexicano_del_Seguro_Social",	22,"Querétaro","2025","7","970","93","429","431","17","276","35","110","125","6","694","58","319","306","11",
"Número_de_Personas_Trabajadoras_del_Hogar_afiliadas_ante_el_Instituto_Mexicano_del_Seguro_Social",	23,"Quintana_Roo","2025","7","799","156","408","228","7","358","85","201","69","3","441","71","207","159","4",
"Número_de_Personas_Trabajadoras_del_Hogar_afiliadas_ante_el_Instituto_Mexicano_del_Seguro_Social",	24,"San_Luis_Potosí","2025","7","678","96","247","323","12","186","37","67","80","2","492","59","180","243","10",
"Número_de_Personas_Trabajadoras_del_Hogar_afiliadas_ante_el_Instituto_Mexicano_del_Seguro_Social",	25,"Sinaloa","2025","7","1,579","111","609","818","41","490","35","194","247","14","1,089","76","415","571","27",
"Número_de_Personas_Trabajadoras_del_Hogar_afiliadas_ante_el_Instituto_Mexicano_del_Seguro_Social",	26,"Sonora","2025","7","2,178","158","674","1,283","63","695","53","213","410","19","1,483","105","461","873","44",
"Número_de_Personas_Trabajadoras_del_Hogar_afiliadas_ante_el_Instituto_Mexicano_del_Seguro_Social",	27,"Tabasco","2025","7","456","81","248","127","0","236","52","131","53","0","220","29","117","74","0",
"Número_de_Personas_Trabajadoras_del_Hogar_afiliadas_ante_el_Instituto_Mexicano_del_Seguro_Social",	28,"Tamaulipas","2025","7","1,419","99","406","847","67","491","27","120","308","36","928","72","286","539","31",
"Número_de_Personas_Trabajadoras_del_Hogar_afiliadas_ante_el_Instituto_Mexicano_del_Seguro_Social",	29,"Tlaxcala","2025","7","669","109","250","285","25","339","64","116","145","14","330","45","134","140","11",
"Número_de_Personas_Trabajadoras_del_Hogar_afiliadas_ante_el_Instituto_Mexicano_del_Seguro_Social",	30,"Veracruz_de_Ignacio_de_la_Llave","2025","7","2,600","324","1,024","1,163","89","964","125","337","460","42","1,636","199","687","703","47",
"Número_de_Personas_Trabajadoras_del_Hogar_afiliadas_ante_el_Instituto_Mexicano_del_Seguro_Social",	31,"Yucatán","2025","7","1,854","284","882","657","31","858","161","433","250","14","996","123","449","407","17",
"Número_de_Personas_Trabajadoras_del_Hogar_afiliadas_ante_el_Instituto_Mexicano_del_Seguro_Social",	32,"Zacatecas","2025","7","260","19","106","126","9","68","8","23","31","6","192","11","83","95","3",
"Número_de_Personas_Trabajadoras_del_Hogar_afiliadas_ante_el_Instituto_Mexicano_del_Seguro_Social",	00,"Estados_Unidos_Mexicanos","2025","6","60,073","6,151","23,311","28,706","1,905","20,038","2,353","7,455","9,388","842","40,035","3,798","15,856","19,318","1,063",
"Número_de_Personas_Trabajadoras_del_Hogar_afiliadas_ante_el_Instituto_Mexicano_del_Seguro_Social",	01,"Aguascalientes","2025","6","826","69","350","392","15","251","17","91","139","4","575","52","259","253","11",
"Número_de_Personas_Trabajadoras_del_Hogar_afiliadas_ante_el_Instituto_Mexicano_del_Seguro_Social",	02,"Baja_California","2025","6","3,164","240","879","1,911","134","1,064","92","272","630","70","2,100","148","607","1,281","64",
"Número_de_Personas_Trabajadoras_del_Hogar_afiliadas_ante_el_Instituto_Mexicano_del_Seguro_Social",	03,"Baja_California_Sur","2025","6","417","46","159","200","12","111","12","36","56","7","306","34","123","144","5",
"Número_de_Personas_Trabajadoras_del_Hogar_afiliadas_ante_el_Instituto_Mexicano_del_Seguro_Social",	04,"Campeche","2025","6","333","66","128","129","10","138","17","62","55","4","195","49","66","74","6",
"Número_de_Personas_Trabajadoras_del_Hogar_afiliadas_ante_el_Instituto_Mexicano_del_Seguro_Social",	05,"Coahuila_de_Zaragoza","2025","6","3,085","468","1,044","1,497","76","1,355","243","449","623","40","1,730","225","595","874","36",
"Número_de_Personas_Trabajadoras_del_Hogar_afiliadas_ante_el_Instituto_Mexicano_del_Seguro_Social",	06,"Colima","2025","6","536","39","209","267","21","136","13","40","74","9","400","26","169","193","12",
"Número_de_Personas_Trabajadoras_del_Hogar_afiliadas_ante_el_Instituto_Mexicano_del_Seguro_Social",	07,"Chiapas","2025","6","1,205","223","629","311","42","619","126","334","141","18","586","97","295","170","24",
"Número_de_Personas_Trabajadoras_del_Hogar_afiliadas_ante_el_Instituto_Mexicano_del_Seguro_Social",	08,"Chihuahua","2025","6","2,231","220","715","1,247","49","631","93","221","302","15","1,600","127","494","945","34",
"Número_de_Personas_Trabajadoras_del_Hogar_afiliadas_ante_el_Instituto_Mexicano_del_Seguro_Social",	09,"Ciudad_de_México","2025","6","10,598","792","4,065","5,390","351","2,340","158","759","1,304","119","8,258","634","3,306","4,086","232",
"Número_de_Personas_Trabajadoras_del_Hogar_afiliadas_ante_el_Instituto_Mexicano_del_Seguro_Social",	10,"Durango","2025","6","725","95","281","329","20","251","42","100","102","7","474","53","181","227","13",
"Número_de_Personas_Trabajadoras_del_Hogar_afiliadas_ante_el_Instituto_Mexicano_del_Seguro_Social",	11,"Guanajuato","2025","6","2,154","212","1,017","872","53","711","97","335","257","22","1,443","115","682","615","31",
"Número_de_Personas_Trabajadoras_del_Hogar_afiliadas_ante_el_Instituto_Mexicano_del_Seguro_Social",	12,"Guerrero","2025","6","1,216","133","567","493","23","444","53","199","183","9","772","80","368","310","14",
"Número_de_Personas_Trabajadoras_del_Hogar_afiliadas_ante_el_Instituto_Mexicano_del_Seguro_Social",	13,"Hidalgo","2025","6","741","61","254","393","33","292","22","74","180","16","449","39","180","213","17",
"Número_de_Personas_Trabajadoras_del_Hogar_afiliadas_ante_el_Instituto_Mexicano_del_Seguro_Social",	14,"Jalisco","2025","6","4,697","516","2,013","2,031","137","1,354","157","571","567","59","3,343","359","1,442","1,464","78",
"Número_de_Personas_Trabajadoras_del_Hogar_afiliadas_ante_el_Instituto_Mexicano_del_Seguro_Social",	15,"México","2025","6","6,198","433","2,064","3,390","311","2,465","172","733","1,386","174","3,733","261","1,331","2,004","137",
"Número_de_Personas_Trabajadoras_del_Hogar_afiliadas_ante_el_Instituto_Mexicano_del_Seguro_Social",	16,"Michoacán_de_Ocampo","2025","6","1,080","80","492","471","37","257","15","107","116","19","823","65","385","355","18",
"Número_de_Personas_Trabajadoras_del_Hogar_afiliadas_ante_el_Instituto_Mexicano_del_Seguro_Social",	17,"Morelos","2025","6","1,269","123","523","571","52","457","46","173","216","22","812","77","350","355","30",
"Número_de_Personas_Trabajadoras_del_Hogar_afiliadas_ante_el_Instituto_Mexicano_del_Seguro_Social",	18,"Nayarit","2025","6","744","78","279","344","43","207","17","76","93","21","537","61","203","251","22",
"Número_de_Personas_Trabajadoras_del_Hogar_afiliadas_ante_el_Instituto_Mexicano_del_Seguro_Social",	19,"Nuevo_León","2025","6","3,268","489","1,477","1,247","55","1,192","185","549","441","17","2,076","304","928","806","38",
"Número_de_Personas_Trabajadoras_del_Hogar_afiliadas_ante_el_Instituto_Mexicano_del_Seguro_Social",	20,"Oaxaca","2025","6","657","93","267","272","25","262","34","107","108","13","395","59","160","164","12",
"Número_de_Personas_Trabajadoras_del_Hogar_afiliadas_ante_el_Instituto_Mexicano_del_Seguro_Social",	21,"Puebla","2025","6","1,467","145","616","661","45","540","60","222","237","21","927","85","394","424","24",
"Número_de_Personas_Trabajadoras_del_Hogar_afiliadas_ante_el_Instituto_Mexicano_del_Seguro_Social",	22,"Querétaro","2025","6","970","93","429","431","17","276","35","110","125","6","694","58","319","306","11",
"Número_de_Personas_Trabajadoras_del_Hogar_afiliadas_ante_el_Instituto_Mexicano_del_Seguro_Social",	23,"Quintana_Roo","2025","6","799","156","408","228","7","358","85","201","69","3","441","71","207","159","4",
"Número_de_Personas_Trabajadoras_del_Hogar_afiliadas_ante_el_Instituto_Mexicano_del_Seguro_Social",	24,"San_Luis_Potosí","2025","6","678","96","247","323","12","186","37","67","80","2","492","59","180","243","10",
"Número_de_Personas_Trabajadoras_del_Hogar_afiliadas_ante_el_Instituto_Mexicano_del_Seguro_Social",	25,"Sinaloa","2025","6","1,579","111","609","818","41","490","35","194","247","14","1,089","76","415","571","27",
"Número_de_Personas_Trabajadoras_del_Hogar_afiliadas_ante_el_Instituto_Mexicano_del_Seguro_Social",	26,"Sonora","2025","6","2,178","158","674","1,283","63","695","53","213","410","19","1,483","105","461","873","44",
"Número_de_Personas_Trabajadoras_del_Hogar_afiliadas_ante_el_Instituto_Mexicano_del_Seguro_Social",	27,"Tabasco","2025","6","456","81","248","127","0","236","52","131","53","0","220","29","117","74","0",
"Número_de_Personas_Trabajadoras_del_Hogar_afiliadas_ante_el_Instituto_Mexicano_del_Seguro_Social",	28,"Tamaulipas","2025","6","1,419","99","406","847","67","491","27","120","308","36","928","72","286","539","31",
"Número_de_Personas_Trabajadoras_del_Hogar_afiliadas_ante_el_Instituto_Mexicano_del_Seguro_Social",	29,"Tlaxcala","2025","6","669","109","250","285","25","339","64","116","145","14","330","45","134","140","11",
"Número_de_Personas_Trabajadoras_del_Hogar_afiliadas_ante_el_Instituto_Mexicano_del_Seguro_Social",	30,"Veracruz_de_Ignacio_de_la_Llave","2025","6","2,600","324","1,024","1,163","89","964","125","337","460","42","1,636","199","687","703","47",
"Número_de_Personas_Trabajadoras_del_Hogar_afiliadas_ante_el_Instituto_Mexicano_del_Seguro_Social",	31,"Yucatán","2025","6","1,854","284","882","657","31","858","161","433","250","14","996","123","449","407","17",
"Número_de_Personas_Trabajadoras_del_Hogar_afiliadas_ante_el_Instituto_Mexicano_del_Seguro_Social",	32,"Zacatecas","2025","6","260","19","106","126","9","68","8","23","31","6","192","11","83","95","3",
"Número_de_Personas_Trabajadoras_del_Hogar_afiliadas_ante_el_Instituto_Mexicano_del_Seguro_Social",	00,"Estados_Unidos_Mexicanos","2025","5","59,642","5,973","23,302","28,468","1,899","20,058","2,295","7,603","9,308","852","39,584","3,678","15,699","19,160","1,047",
"Número_de_Personas_Trabajadoras_del_Hogar_afiliadas_ante_el_Instituto_Mexicano_del_Seguro_Social",	01,"Aguascalientes","2025","5","824","68","336","408","12","253","22","85","142","4","571","46","251","266","8",
"Número_de_Personas_Trabajadoras_del_Hogar_afiliadas_ante_el_Instituto_Mexicano_del_Seguro_Social",	02,"Baja_California","2025","5","3,048","222","842","1,860","124","1,022","88","254","616","64","2,026","134","588","1,244","60",
"Número_de_Personas_Trabajadoras_del_Hogar_afiliadas_ante_el_Instituto_Mexicano_del_Seguro_Social",	03,"Baja_California_Sur","2025","5","381","30","144","194","13","89","5","28","49","7","292","25","116","145","6",
"Número_de_Personas_Trabajadoras_del_Hogar_afiliadas_ante_el_Instituto_Mexicano_del_Seguro_Social",	04,"Campeche","2025","5","257","46","98","105","8","86","7","35","40","4","171","39","63","65","4",
"Número_de_Personas_Trabajadoras_del_Hogar_afiliadas_ante_el_Instituto_Mexicano_del_Seguro_Social",	05,"Coahuila_de_Zaragoza","2025","5","3,025","419","1,028","1,500","78","1,322","211","467","602","42","1,703","208","561","898","36",
"Número_de_Personas_Trabajadoras_del_Hogar_afiliadas_ante_el_Instituto_Mexicano_del_Seguro_Social",	06,"Colima","2025","5","531","42","207","262","20","141","16","42","74","9","390","26","165","188","11",
"Número_de_Personas_Trabajadoras_del_Hogar_afiliadas_ante_el_Instituto_Mexicano_del_Seguro_Social",	07,"Chiapas","2025","5","803","125","373","261","44","347","56","164","108","19","456","69","209","153","25",
"Número_de_Personas_Trabajadoras_del_Hogar_afiliadas_ante_el_Instituto_Mexicano_del_Seguro_Social",	08,"Chihuahua","2025","5","2,203","213","700","1,236","54","637","91","229","300","17","1,566","122","471","936","37",
"Número_de_Personas_Trabajadoras_del_Hogar_afiliadas_ante_el_Instituto_Mexicano_del_Seguro_Social",	09,"Ciudad_de_México","2025","5","10,586","797","4,121","5,307","361","2,415","169","808","1,308","130","8,171","628","3,313","3,999","231",
"Número_de_Personas_Trabajadoras_del_Hogar_afiliadas_ante_el_Instituto_Mexicano_del_Seguro_Social",	10,"Durango","2025","5","715","72","301","326","16","248","31","107","105","5","467","41","194","221","11",
"Número_de_Personas_Trabajadoras_del_Hogar_afiliadas_ante_el_Instituto_Mexicano_del_Seguro_Social",	11,"Guanajuato","2025","5","2,153","207","992","901","53","725","91","342","269","23","1,428","116","650","632","30",
"Número_de_Personas_Trabajadoras_del_Hogar_afiliadas_ante_el_Instituto_Mexicano_del_Seguro_Social",	12,"Guerrero","2025","5","1,213","125","584","482","22","439","44","208","179","8","774","81","376","303","14",
"Número_de_Personas_Trabajadoras_del_Hogar_afiliadas_ante_el_Instituto_Mexicano_del_Seguro_Social",	13,"Hidalgo","2025","5","713","46","239","396","32","298","15","68","197","18","415","31","171","199","14",
"Número_de_Personas_Trabajadoras_del_Hogar_afiliadas_ante_el_Instituto_Mexicano_del_Seguro_Social",	14,"Jalisco","2025","5","4,511","478","1,897","1,989","147","1,303","159","538","540","66","3,208","319","1,359","1,449","81",
"Número_de_Personas_Trabajadoras_del_Hogar_afiliadas_ante_el_Instituto_Mexicano_del_Seguro_Social",	15,"México","2025","5","6,211","438","2,078","3,386","309","2,463","168","752","1,371","172","3,748","270","1,326","2,015","137",
"Número_de_Personas_Trabajadoras_del_Hogar_afiliadas_ante_el_Instituto_Mexicano_del_Seguro_Social",	16,"Michoacán_de_Ocampo","2025","5","1,083","84","492","466","41","256","15","112","109","20","827","69","380","357","21",
"Número_de_Personas_Trabajadoras_del_Hogar_afiliadas_ante_el_Instituto_Mexicano_del_Seguro_Social",	17,"Morelos","2025","5","1,282","112","547","577","46","477","48","189","219","21","805","64","358","358","25",
"Número_de_Personas_Trabajadoras_del_Hogar_afiliadas_ante_el_Instituto_Mexicano_del_Seguro_Social",	18,"Nayarit","2025","5","727","74","287","328","38","197","18","75","86","18","530","56","212","242","20",
"Número_de_Personas_Trabajadoras_del_Hogar_afiliadas_ante_el_Instituto_Mexicano_del_Seguro_Social",	19,"Nuevo_León","2025","5","3,583","558","1,660","1,306","59","1,367","224","664","461","18","2,216","334","996","845","41",
"Número_de_Personas_Trabajadoras_del_Hogar_afiliadas_ante_el_Instituto_Mexicano_del_Seguro_Social",	20,"Oaxaca","2025","5","656","99","263","266","28","260","40","101","106","13","396","59","162","160","15",
"Número_de_Personas_Trabajadoras_del_Hogar_afiliadas_ante_el_Instituto_Mexicano_del_Seguro_Social",	21,"Puebla","2025","5","1,460","131","629","657","43","534","61","225","227","21","926","70","404","430","22",
"Número_de_Personas_Trabajadoras_del_Hogar_afiliadas_ante_el_Instituto_Mexicano_del_Seguro_Social",	22,"Querétaro","2025","5","921","84","396","425","16","276","33","97","141","5","645","51","299","284","11",
"Número_de_Personas_Trabajadoras_del_Hogar_afiliadas_ante_el_Instituto_Mexicano_del_Seguro_Social",	23,"Quintana_Roo","2025","5","857","166","453","229","9","404","91","237","72","4","453","75","216","157","5",
"Número_de_Personas_Trabajadoras_del_Hogar_afiliadas_ante_el_Instituto_Mexicano_del_Seguro_Social",	24,"San_Luis_Potosí","2025","5","719","111","270","320","18","191","33","79","73","6","528","78","191","247","12",
"Número_de_Personas_Trabajadoras_del_Hogar_afiliadas_ante_el_Instituto_Mexicano_del_Seguro_Social",	25,"Sinaloa","2025","5","1,617","121","615","843","38","530","43","198","276","13","1,087","78","417","567","25",
"Número_de_Personas_Trabajadoras_del_Hogar_afiliadas_ante_el_Instituto_Mexicano_del_Seguro_Social",	26,"Sonora","2025","5","2,086","125","628","1,274","59","632","35","177","400","20","1,454","90","451","874","39",
"Número_de_Personas_Trabajadoras_del_Hogar_afiliadas_ante_el_Instituto_Mexicano_del_Seguro_Social",	27,"Tabasco","2025","5","676","152","374","150","0","391","98","228","65","0","285","54","146","85","0",
"Número_de_Personas_Trabajadoras_del_Hogar_afiliadas_ante_el_Instituto_Mexicano_del_Seguro_Social",	28,"Tamaulipas","2025","5","1,430","96","420","845","69","508","25","130","315","38","922","71","290","530","31",
"Número_de_Personas_Trabajadoras_del_Hogar_afiliadas_ante_el_Instituto_Mexicano_del_Seguro_Social",	29,"Tlaxcala","2025","5","601","95","219","263","24","294","54","102","126","12","307","41","117","137","12",
"Número_de_Personas_Trabajadoras_del_Hogar_afiliadas_ante_el_Instituto_Mexicano_del_Seguro_Social",	30,"Veracruz_de_Ignacio_de_la_Llave","2025","5","2,878","392","1,286","1,122","78","1,192","188","520","449","35","1,686","204","766","673","43",
"Número_de_Personas_Trabajadoras_del_Hogar_afiliadas_ante_el_Instituto_Mexicano_del_Seguro_Social",	31,"Yucatán","2025","5","1,643","228","724","659","32","697","108","324","251","14","946","120","400","408","18",
"Número_de_Personas_Trabajadoras_del_Hogar_afiliadas_ante_el_Instituto_Mexicano_del_Seguro_Social",	32,"Zacatecas","2025","5","249","17","99","125","8","64","8","18","32","6","185","9","81","93","2",
"Número_de_Personas_Trabajadoras_del_Hogar_afiliadas_ante_el_Instituto_Mexicano_del_Seguro_Social",	00,"Estados_Unidos_Mexicanos","2025","4","60,566","5,955","23,142","29,531","1,938","20,287","2,282","7,405","9,743","857","40,279","3,673","15,737","19,788","1,081",
"Número_de_Personas_Trabajadoras_del_Hogar_afiliadas_ante_el_Instituto_Mexicano_del_Seguro_Social",	01,"Aguascalientes","2025","4","834","74","342","405","13","258","25","88","140","5","576","49","254","265","8",
"Número_de_Personas_Trabajadoras_del_Hogar_afiliadas_ante_el_Instituto_Mexicano_del_Seguro_Social",	02,"Baja_California","2025","4","3,114","225","854","1,897","138","1,072","83","274","645","70","2,042","142","580","1,252","68",
"Número_de_Personas_Trabajadoras_del_Hogar_afiliadas_ante_el_Instituto_Mexicano_del_Seguro_Social",	03,"Baja_California_Sur","2025","4","391","34","150","192","15","101","8","31","54","8","290","26","119","138","7",
"Número_de_Personas_Trabajadoras_del_Hogar_afiliadas_ante_el_Instituto_Mexicano_del_Seguro_Social",	04,"Campeche","2025","4","416","64","210","132","10","205","21","119","60","5","211","43","91","72","5",
"Número_de_Personas_Trabajadoras_del_Hogar_afiliadas_ante_el_Instituto_Mexicano_del_Seguro_Social",	05,"Coahuila_de_Zaragoza","2025","4","3,228","418","1,132","1,594","84","1,470","208","544","671","47","1,758","210","588","923","37",
"Número_de_Personas_Trabajadoras_del_Hogar_afiliadas_ante_el_Instituto_Mexicano_del_Seguro_Social",	06,"Colima","2025","4","528","36","195","275","22","139","13","38","77","11","389","23","157","198","11",
"Número_de_Personas_Trabajadoras_del_Hogar_afiliadas_ante_el_Instituto_Mexicano_del_Seguro_Social",	07,"Chiapas","2025","4","960","149","468","298","45","434","66","216","130","22","526","83","252","168","23",
"Número_de_Personas_Trabajadoras_del_Hogar_afiliadas_ante_el_Instituto_Mexicano_del_Seguro_Social",	08,"Chihuahua","2025","4","2,285","220","740","1,273","52","672","100","252","302","18","1,613","120","488","971","34",
"Número_de_Personas_Trabajadoras_del_Hogar_afiliadas_ante_el_Instituto_Mexicano_del_Seguro_Social",	09,"Ciudad_de_México","2025","4","10,917","830","4,204","5,526","357","2,512","168","834","1,389","121","8,405","662","3,370","4,137","236",
"Número_de_Personas_Trabajadoras_del_Hogar_afiliadas_ante_el_Instituto_Mexicano_del_Seguro_Social",	10,"Durango","2025","4","742","94","287","342","19","271","48","103","113","7","471","46","184","229","12",
"Número_de_Personas_Trabajadoras_del_Hogar_afiliadas_ante_el_Instituto_Mexicano_del_Seguro_Social",	11,"Guanajuato","2025","4","2,099","178","954","912","55","663","72","306","262","23","1,436","106","648","650","32",
"Número_de_Personas_Trabajadoras_del_Hogar_afiliadas_ante_el_Instituto_Mexicano_del_Seguro_Social",	12,"Guerrero","2025","4","1,257","135","580","519","23","455","50","205","194","6","802","85","375","325","17",
"Número_de_Personas_Trabajadoras_del_Hogar_afiliadas_ante_el_Instituto_Mexicano_del_Seguro_Social",	13,"Hidalgo","2025","4","720","45","243","399","33","286","17","64","187","18","434","28","179","212","15",
"Número_de_Personas_Trabajadoras_del_Hogar_afiliadas_ante_el_Instituto_Mexicano_del_Seguro_Social",	14,"Jalisco","2025","4","4,568","469","1,896","2,058","145","1,342","167","545","568","62","3,226","302","1,351","1,490","83",
"Número_de_Personas_Trabajadoras_del_Hogar_afiliadas_ante_el_Instituto_Mexicano_del_Seguro_Social",	15,"México","2025","4","6,491","468","2,167","3,550","306","2,537","178","744","1,445","170","3,954","290","1,423","2,105","136",
"Número_de_Personas_Trabajadoras_del_Hogar_afiliadas_ante_el_Instituto_Mexicano_del_Seguro_Social",	16,"Michoacán_de_Ocampo","2025","4","1,087","73","500","477","37","252","15","101","121","15","835","58","399","356","22",
"Número_de_Personas_Trabajadoras_del_Hogar_afiliadas_ante_el_Instituto_Mexicano_del_Seguro_Social",	17,"Morelos","2025","4","1,280","113","526","593","48","469","42","172","232","23","811","71","354","361","25",
"Número_de_Personas_Trabajadoras_del_Hogar_afiliadas_ante_el_Instituto_Mexicano_del_Seguro_Social",	18,"Nayarit","2025","4","734","80","276","342","36","196","20","67","95","14","538","60","209","247","22",
"Número_de_Personas_Trabajadoras_del_Hogar_afiliadas_ante_el_Instituto_Mexicano_del_Seguro_Social",	19,"Nuevo_León","2025","4","3,253","476","1,409","1,306","62","1,197","190","521","466","20","2,056","286","888","840","42",
"Número_de_Personas_Trabajadoras_del_Hogar_afiliadas_ante_el_Instituto_Mexicano_del_Seguro_Social",	20,"Oaxaca","2025","4","721","125","296","279","21","299","58","112","117","12","422","67","184","162","9",
"Número_de_Personas_Trabajadoras_del_Hogar_afiliadas_ante_el_Instituto_Mexicano_del_Seguro_Social",	21,"Puebla","2025","4","1,476","152","588","689","47","553","80","208","244","21","923","72","380","445","26",
"Número_de_Personas_Trabajadoras_del_Hogar_afiliadas_ante_el_Instituto_Mexicano_del_Seguro_Social",	22,"Querétaro","2025","4","914","95","362","440","17","249","32","76","135","6","665","63","286","305","11",
"Número_de_Personas_Trabajadoras_del_Hogar_afiliadas_ante_el_Instituto_Mexicano_del_Seguro_Social",	23,"Quintana_Roo","2025","4","575","86","286","195","8","212","35","122","51","4","363","51","164","144","4",
"Número_de_Personas_Trabajadoras_del_Hogar_afiliadas_ante_el_Instituto_Mexicano_del_Seguro_Social",	24,"San_Luis_Potosí","2025","4","613","65","202","333","13","133","20","40","71","2","480","45","162","262","11",
"Número_de_Personas_Trabajadoras_del_Hogar_afiliadas_ante_el_Instituto_Mexicano_del_Seguro_Social",	25,"Sinaloa","2025","4","1,699","134","630","892","43","555","50","209","281","15","1,144","84","421","611","28",
"Número_de_Personas_Trabajadoras_del_Hogar_afiliadas_ante_el_Instituto_Mexicano_del_Seguro_Social",	26,"Sonora","2025","4","2,154","139","652","1,303","60","668","51","183","413","21","1,486","88","469","890","39",
"Número_de_Personas_Trabajadoras_del_Hogar_afiliadas_ante_el_Instituto_Mexicano_del_Seguro_Social",	27,"Tabasco","2025","4","454","79","243","132","0","225","44","127","54","0","229","35","116","78","0",
"Número_de_Personas_Trabajadoras_del_Hogar_afiliadas_ante_el_Instituto_Mexicano_del_Seguro_Social",	28,"Tamaulipas","2025","4","1,462","98","403","891","70","496","25","118","318","35","966","73","285","573","35",
"Número_de_Personas_Trabajadoras_del_Hogar_afiliadas_ante_el_Instituto_Mexicano_del_Seguro_Social",	29,"Tlaxcala","2025","4","621","100","214","279","28","306","54","101","137","14","315","46","113","142","14",
"Número_de_Personas_Trabajadoras_del_Hogar_afiliadas_ante_el_Instituto_Mexicano_del_Seguro_Social",	30,"Veracruz_de_Ignacio_de_la_Llave","2025","4","2,807","397","1,120","1,199","91","1,121","177","427","477","40","1,686","220","693","722","51",
"Número_de_Personas_Trabajadoras_del_Hogar_afiliadas_ante_el_Instituto_Mexicano_del_Seguro_Social",	31,"Yucatán","2025","4","1,905","275","909","688","33","868","153","436","262","17","1,037","122","473","426","16",
"Número_de_Personas_Trabajadoras_del_Hogar_afiliadas_ante_el_Instituto_Mexicano_del_Seguro_Social",	32,"Zacatecas","2025","4","261","29","104","121","7","71","12","22","32","5","190","17","82","89","2",
"Número_de_Personas_Trabajadoras_del_Hogar_afiliadas_ante_el_Instituto_Mexicano_del_Seguro_Social",	00,"Estados_Unidos_Mexicanos","2025","3","63,411","6,274","24,690","30,467","1,980","21,715","2,404","8,243","10,198","870","41,696","3,870","16,447","20,269","1,110",
"Número_de_Personas_Trabajadoras_del_Hogar_afiliadas_ante_el_Instituto_Mexicano_del_Seguro_Social",	01,"Aguascalientes","2025","3","862","77","328","436","21","269","21","87","153","8","593","56","241","283","13",
"Número_de_Personas_Trabajadoras_del_Hogar_afiliadas_ante_el_Instituto_Mexicano_del_Seguro_Social",	02,"Baja_California","2025","3","3,192","241","851","1,964","136","1,079","97","263","653","66","2,113","144","588","1,311","70",
"Número_de_Personas_Trabajadoras_del_Hogar_afiliadas_ante_el_Instituto_Mexicano_del_Seguro_Social",	03,"Baja_California_Sur","2025","3","423","41","163","208","11","105","8","39","52","6","318","33","124","156","5",
"Número_de_Personas_Trabajadoras_del_Hogar_afiliadas_ante_el_Instituto_Mexicano_del_Seguro_Social",	04,"Campeche","2025","3","719","70","463","175","11","407","33","279","88","7","312","37","184","87","4",
"Número_de_Personas_Trabajadoras_del_Hogar_afiliadas_ante_el_Instituto_Mexicano_del_Seguro_Social",	05,"Coahuila_de_Zaragoza","2025","3","3,308","473","1,100","1,649","86","1,476","237","502","687","50","1,832","236","598","962","36",
"Número_de_Personas_Trabajadoras_del_Hogar_afiliadas_ante_el_Instituto_Mexicano_del_Seguro_Social",	06,"Colima","2025","3","566","45","218","279","24","150","14","44","80","12","416","31","174","199","12",
"Número_de_Personas_Trabajadoras_del_Hogar_afiliadas_ante_el_Instituto_Mexicano_del_Seguro_Social",	07,"Chiapas","2025","3","1,227","217","619","349","42","610","122","310","158","20","617","95","309","191","22",
"Número_de_Personas_Trabajadoras_del_Hogar_afiliadas_ante_el_Instituto_Mexicano_del_Seguro_Social",	08,"Chihuahua","2025","3","2,267","198","716","1,301","52","621","72","220","312","17","1,646","126","496","989","35",
"Número_de_Personas_Trabajadoras_del_Hogar_afiliadas_ante_el_Instituto_Mexicano_del_Seguro_Social",	09,"Ciudad_de_México","2025","3","11,121","838","4,243","5,673","367","2,542","175","823","1,420","124","8,579","663","3,420","4,253","243",
"Número_de_Personas_Trabajadoras_del_Hogar_afiliadas_ante_el_Instituto_Mexicano_del_Seguro_Social",	10,"Durango","2025","3","781","103","315","341","22","270","42","114","106","8","511","61","201","235","14",
"Número_de_Personas_Trabajadoras_del_Hogar_afiliadas_ante_el_Instituto_Mexicano_del_Seguro_Social",	11,"Guanajuato","2025","3","2,264","218","1,037","954","55","788","106","364","293","25","1,476","112","673","661","30",
"Número_de_Personas_Trabajadoras_del_Hogar_afiliadas_ante_el_Instituto_Mexicano_del_Seguro_Social",	12,"Guerrero","2025","3","1,271","133","586","527","25","464","52","207","198","7","807","81","379","329","18",
"Número_de_Personas_Trabajadoras_del_Hogar_afiliadas_ante_el_Instituto_Mexicano_del_Seguro_Social",	13,"Hidalgo","2025","3","716","42","222","416","36","293","16","55","202","20","423","26","167","214","16",
"Número_de_Personas_Trabajadoras_del_Hogar_afiliadas_ante_el_Instituto_Mexicano_del_Seguro_Social",	14,"Jalisco","2025","3","4,741","491","2,003","2,089","158","1,357","156","549","587","65","3,384","335","1,454","1,502","93",
"Número_de_Personas_Trabajadoras_del_Hogar_afiliadas_ante_el_Instituto_Mexicano_del_Seguro_Social",	15,"México","2025","3","6,942","474","2,502","3,677","289","2,906","194","1,009","1,545","158","4,036","280","1,493","2,132","131",
"Número_de_Personas_Trabajadoras_del_Hogar_afiliadas_ante_el_Instituto_Mexicano_del_Seguro_Social",	16,"Michoacán_de_Ocampo","2025","3","1,085","72","491","477","45","253","18","99","118","18","832","54","392","359","27",
"Número_de_Personas_Trabajadoras_del_Hogar_afiliadas_ante_el_Instituto_Mexicano_del_Seguro_Social",	17,"Morelos","2025","3","1,299","119","542","595","43","488","49","186","234","19","811","70","356","361","24",
"Número_de_Personas_Trabajadoras_del_Hogar_afiliadas_ante_el_Instituto_Mexicano_del_Seguro_Social",	18,"Nayarit","2025","3","771","92","291","349","39","197","21","69","91","16","574","71","222","258","23",
"Número_de_Personas_Trabajadoras_del_Hogar_afiliadas_ante_el_Instituto_Mexicano_del_Seguro_Social",	19,"Nuevo_León","2025","3","3,084","413","1,319","1,285","67","1,102","139","472","468","23","1,982","274","847","817","44",
"Número_de_Personas_Trabajadoras_del_Hogar_afiliadas_ante_el_Instituto_Mexicano_del_Seguro_Social",	20,"Oaxaca","2025","3","824","145","360","299","20","362","68","159","122","13","462","77","201","177","7",
"Número_de_Personas_Trabajadoras_del_Hogar_afiliadas_ante_el_Instituto_Mexicano_del_Seguro_Social",	21,"Puebla","2025","3","1,578","199","633","701","45","586","98","224","244","20","992","101","409","457","25",
"Número_de_Personas_Trabajadoras_del_Hogar_afiliadas_ante_el_Instituto_Mexicano_del_Seguro_Social",	22,"Querétaro","2025","3","1,031","98","451","465","17","319","32","126","154","7","712","66","325","311","10",
"Número_de_Personas_Trabajadoras_del_Hogar_afiliadas_ante_el_Instituto_Mexicano_del_Seguro_Social",	23,"Quintana_Roo","2025","3","603","99","297","197","10","223","49","116","52","6","380","50","181","145","4",
"Número_de_Personas_Trabajadoras_del_Hogar_afiliadas_ante_el_Instituto_Mexicano_del_Seguro_Social",	24,"San_Luis_Potosí","2025","3","615","63","214","325","13","142","19","50","71","2","473","44","164","254","11",
"Número_de_Personas_Trabajadoras_del_Hogar_afiliadas_ante_el_Instituto_Mexicano_del_Seguro_Social",	25,"Sinaloa","2025","3","1,765","126","673","920","46","585","49","222","296","18","1,180","77","451","624","28",
"Número_de_Personas_Trabajadoras_del_Hogar_afiliadas_ante_el_Instituto_Mexicano_del_Seguro_Social",	26,"Sonora","2025","3","2,214","133","669","1,347","65","681","40","189","430","22","1,533","93","480","917","43",
"Número_de_Personas_Trabajadoras_del_Hogar_afiliadas_ante_el_Instituto_Mexicano_del_Seguro_Social",	27,"Tabasco","2025","3","483","94","235","152","2","262","63","131","66","2","221","31","104","86","ND",
"Número_de_Personas_Trabajadoras_del_Hogar_afiliadas_ante_el_Instituto_Mexicano_del_Seguro_Social",	28,"Tamaulipas","2025","3","1,502","102","424","900","76","520","33","128","322","37","982","69","296","578","39",
"Número_de_Personas_Trabajadoras_del_Hogar_afiliadas_ante_el_Instituto_Mexicano_del_Seguro_Social",	29,"Tlaxcala","2025","3","664","107","236","296","25","334","65","112","146","11","330","42","124","150","14",
"Número_de_Personas_Trabajadoras_del_Hogar_afiliadas_ante_el_Instituto_Mexicano_del_Seguro_Social",	30,"Veracruz_de_Ignacio_de_la_Llave","2025","3","2,931","413","1,212","1,218","88","1,110","146","439","486","39","1,821","267","773","732","49",
"Número_de_Personas_Trabajadoras_del_Hogar_afiliadas_ante_el_Instituto_Mexicano_del_Seguro_Social",	31,"Yucatán","2025","3","2,294","311","1,175","773","35","1,138","156","634","330","18","1,156","155","541","443","17",
"Número_de_Personas_Trabajadoras_del_Hogar_afiliadas_ante_el_Instituto_Mexicano_del_Seguro_Social",	32,"Zacatecas","2025","3","268","27","102","130","9","76","14","22","34","6","192","13","80","96","3",
"Número_de_Personas_Trabajadoras_del_Hogar_afiliadas_ante_el_Instituto_Mexicano_del_Seguro_Social",	00,"Estados_Unidos_Mexicanos","2025","2","62,303","5,940","23,660","30,687","2,016","21,109","2,237","7,592","10,374","906","41,194","3,703","16,068","20,313","1,110",
"Número_de_Personas_Trabajadoras_del_Hogar_afiliadas_ante_el_Instituto_Mexicano_del_Seguro_Social",	01,"Aguascalientes","2025","2","910","72","349","466","23","300","22","100","170","8","610","50","249","296","15",
"Número_de_Personas_Trabajadoras_del_Hogar_afiliadas_ante_el_Instituto_Mexicano_del_Seguro_Social",	02,"Baja_California","2025","2","3,196","237","856","1,966","137","1,104","87","281","668","68","2,092","150","575","1,298","69",
"Número_de_Personas_Trabajadoras_del_Hogar_afiliadas_ante_el_Instituto_Mexicano_del_Seguro_Social",	03,"Baja_California_Sur","2025","2","375","31","139","194","11","96","5","29","56","6","279","26","110","138","5",
"Número_de_Personas_Trabajadoras_del_Hogar_afiliadas_ante_el_Instituto_Mexicano_del_Seguro_Social",	04,"Campeche","2025","2","795","78","499","204","14","457","43","301","106","7","338","35","198","98","7",
"Número_de_Personas_Trabajadoras_del_Hogar_afiliadas_ante_el_Instituto_Mexicano_del_Seguro_Social",	05,"Coahuila_de_Zaragoza","2025","2","3,596","527","1,281","1,694","94","1,664","280","604","727","53","1,932","247","677","967","41",
"Número_de_Personas_Trabajadoras_del_Hogar_afiliadas_ante_el_Instituto_Mexicano_del_Seguro_Social",	06,"Colima","2025","2","583","46","218","293","26","157","14","47","83","13","426","32","171","210","13",
"Número_de_Personas_Trabajadoras_del_Hogar_afiliadas_ante_el_Instituto_Mexicano_del_Seguro_Social",	07,"Chiapas","2025","2","1,032","169","495","325","43","461","78","214","146","23","571","91","281","179","20",
"Número_de_Personas_Trabajadoras_del_Hogar_afiliadas_ante_el_Instituto_Mexicano_del_Seguro_Social",	08,"Chihuahua","2025","2","2,286","214","729","1,294","49","649","96","225","313","15","1,637","118","504","981","34",
"Número_de_Personas_Trabajadoras_del_Hogar_afiliadas_ante_el_Instituto_Mexicano_del_Seguro_Social",	09,"Ciudad_de_México","2025","2","11,014","799","4,221","5,629","365","2,551","163","810","1,445","133","8,463","636","3,411","4,184","232",
"Número_de_Personas_Trabajadoras_del_Hogar_afiliadas_ante_el_Instituto_Mexicano_del_Seguro_Social",	10,"Durango","2025","2","760","95","307","339","19","271","47","106","110","8","489","48","201","229","11",
"Número_de_Personas_Trabajadoras_del_Hogar_afiliadas_ante_el_Instituto_Mexicano_del_Seguro_Social",	11,"Guanajuato","2025","2","2,129","194","931","953","51","676","78","284","291","23","1,453","116","647","662","28",
"Número_de_Personas_Trabajadoras_del_Hogar_afiliadas_ante_el_Instituto_Mexicano_del_Seguro_Social",	12,"Guerrero","2025","2","1,289","130","600","538","21","485","49","225","204","7","804","81","375","334","14",
"Número_de_Personas_Trabajadoras_del_Hogar_afiliadas_ante_el_Instituto_Mexicano_del_Seguro_Social",	13,"Hidalgo","2025","2","747","49","236","430","32","299","18","62","200","19","448","31","174","230","13",
"Número_de_Personas_Trabajadoras_del_Hogar_afiliadas_ante_el_Instituto_Mexicano_del_Seguro_Social",	14,"Jalisco","2025","2","4,654","488","1,880","2,125","161","1,315","148","492","607","68","3,339","340","1,388","1,518","93",
"Número_de_Personas_Trabajadoras_del_Hogar_afiliadas_ante_el_Instituto_Mexicano_del_Seguro_Social",	15,"México","2025","2","6,300","436","1,930","3,631","303","2,433","165","604","1,494","170","3,867","271","1,326","2,137","133",
"Número_de_Personas_Trabajadoras_del_Hogar_afiliadas_ante_el_Instituto_Mexicano_del_Seguro_Social",	16,"Michoacán_de_Ocampo","2025","2","1,114","77","499","489","49","270","20","102","128","20","844","57","397","361","29",
"Número_de_Personas_Trabajadoras_del_Hogar_afiliadas_ante_el_Instituto_Mexicano_del_Seguro_Social",	17,"Morelos","2025","2","1,290","106","527","612","45","488","44","181","241","22","802","62","346","371","23",
"Número_de_Personas_Trabajadoras_del_Hogar_afiliadas_ante_el_Instituto_Mexicano_del_Seguro_Social",	18,"Nayarit","2025","2","790","97","301","354","38","203","21","69","95","18","587","76","232","259","20",
"Número_de_Personas_Trabajadoras_del_Hogar_afiliadas_ante_el_Instituto_Mexicano_del_Seguro_Social",	19,"Nuevo_León","2025","2","3,376","420","1,559","1,334","63","1,294","145","630","498","21","2,082","275","929","836","42",
"Número_de_Personas_Trabajadoras_del_Hogar_afiliadas_ante_el_Instituto_Mexicano_del_Seguro_Social",	20,"Oaxaca","2025","2","656","105","253","276","22","249","43","86","108","12","407","62","167","168","10",
"Número_de_Personas_Trabajadoras_del_Hogar_afiliadas_ante_el_Instituto_Mexicano_del_Seguro_Social",	21,"Puebla","2025","2","1,415","137","547","682","49","508","59","180","246","23","907","78","367","436","26",
"Número_de_Personas_Trabajadoras_del_Hogar_afiliadas_ante_el_Instituto_Mexicano_del_Seguro_Social",	22,"Querétaro","2025","2","912","80","361","455","16","241","23","68","143","7","671","57","293","312","9",
"Número_de_Personas_Trabajadoras_del_Hogar_afiliadas_ante_el_Instituto_Mexicano_del_Seguro_Social",	23,"Quintana_Roo","2025","2","649","106","313","217","13","268","59","134","68","7","381","47","179","149","6",
"Número_de_Personas_Trabajadoras_del_Hogar_afiliadas_ante_el_Instituto_Mexicano_del_Seguro_Social",	24,"San_Luis_Potosí","2025","2","598","59","188","337","14","118","16","32","68","2","480","43","156","269","12",
"Número_de_Personas_Trabajadoras_del_Hogar_afiliadas_ante_el_Instituto_Mexicano_del_Seguro_Social",	25,"Sinaloa","2025","2","1,737","123","631","934","49","553","43","197","296","17","1,184","80","434","638","32",
"Número_de_Personas_Trabajadoras_del_Hogar_afiliadas_ante_el_Instituto_Mexicano_del_Seguro_Social",	26,"Sonora","2025","2","2,237","122","647","1,400","68","700","36","191","450","23","1,537","86","456","950","45",
"Número_de_Personas_Trabajadoras_del_Hogar_afiliadas_ante_el_Instituto_Mexicano_del_Seguro_Social",	27,"Tabasco","2025","2","329","53","162","112","2","159","29","86","43","1","170","24","76","69","1",
"Número_de_Personas_Trabajadoras_del_Hogar_afiliadas_ante_el_Instituto_Mexicano_del_Seguro_Social",	28,"Tamaulipas","2025","2","1,524","110","405","934","75","525","36","123","331","35","999","74","282","603","40",
"Número_de_Personas_Trabajadoras_del_Hogar_afiliadas_ante_el_Instituto_Mexicano_del_Seguro_Social",	29,"Tlaxcala","2025","2","617","104","212","281","20","305","61","98","138","8","312","43","114","143","12",
"Número_de_Personas_Trabajadoras_del_Hogar_afiliadas_ante_el_Instituto_Mexicano_del_Seguro_Social",	30,"Veracruz_de_Ignacio_de_la_Llave","2025","2","2,669","302","1,044","1,226","97","980","108","335","494","43","1,689","194","709","732","54",
"Número_de_Personas_Trabajadoras_del_Hogar_afiliadas_ante_el_Instituto_Mexicano_del_Seguro_Social",	31,"Yucatán","2025","2","2,467","353","1,240","837","37","1,262","194","676","372","20","1,205","159","564","465","17",
"Número_de_Personas_Trabajadoras_del_Hogar_afiliadas_ante_el_Instituto_Mexicano_del_Seguro_Social",	32,"Zacatecas","2025","2","257","21","100","126","10","68","7","20","35","6","189","14","80","91","4",
"Número_de_Personas_Trabajadoras_del_Hogar_afiliadas_ante_el_Instituto_Mexicano_del_Seguro_Social",	00,"Estados_Unidos_Mexicanos","2025","1","64,956","6,200","24,490","32,156","2,110","22,284","2,299","8,039","10,998","948","42,672","3,901","16,451","21,158","1,162",
"Número_de_Personas_Trabajadoras_del_Hogar_afiliadas_ante_el_Instituto_Mexicano_del_Seguro_Social",	01,"Aguascalientes","2025","1","961","75","337","520","29","313","20","90","191","12","648","55","247","329","17",
"Número_de_Personas_Trabajadoras_del_Hogar_afiliadas_ante_el_Instituto_Mexicano_del_Seguro_Social",	02,"Baja_California","2025","1","3,329","243","857","2,087","142","1,116","84","269","698","65","2,213","159","588","1,389","77",
"Número_de_Personas_Trabajadoras_del_Hogar_afiliadas_ante_el_Instituto_Mexicano_del_Seguro_Social",	03,"Baja_California_Sur","2025","1","409","39","158","202","10","98","9","33","51","5","311","30","125","151","5",
"Número_de_Personas_Trabajadoras_del_Hogar_afiliadas_ante_el_Instituto_Mexicano_del_Seguro_Social",	04,"Campeche","2025","1","1,442","99","1,003","326","14","909","63","651","188","7","533","36","352","138","7",
"Número_de_Personas_Trabajadoras_del_Hogar_afiliadas_ante_el_Instituto_Mexicano_del_Seguro_Social",	05,"Coahuila_de_Zaragoza","2025","1","3,715","525","1,295","1,791","104","1,713","268","608","778","59","2,002","257","687","1,013","45",
"Número_de_Personas_Trabajadoras_del_Hogar_afiliadas_ante_el_Instituto_Mexicano_del_Seguro_Social",	06,"Colima","2025","1","564","42","207","293","22","148","14","39","85","10","416","28","168","208","12",
"Número_de_Personas_Trabajadoras_del_Hogar_afiliadas_ante_el_Instituto_Mexicano_del_Seguro_Social",	07,"Chiapas","2025","1","1,016","158","456","350","52","475","75","213","162","25","541","83","243","188","27",
"Número_de_Personas_Trabajadoras_del_Hogar_afiliadas_ante_el_Instituto_Mexicano_del_Seguro_Social",	08,"Chihuahua","2025","1","2,282","182","654","1,394","52","628","63","195","354","16","1,654","119","459","1,040","36",
"Número_de_Personas_Trabajadoras_del_Hogar_afiliadas_ante_el_Instituto_Mexicano_del_Seguro_Social",	09,"Ciudad_de_México","2025","1","11,484","869","4,342","5,889","384","2,723","184","867","1,537","135","8,761","685","3,475","4,352","249",
"Número_de_Personas_Trabajadoras_del_Hogar_afiliadas_ante_el_Instituto_Mexicano_del_Seguro_Social",	10,"Durango","2025","1","778","88","311","357","22","294","41","123","121","9","484","47","188","236","13",
"Número_de_Personas_Trabajadoras_del_Hogar_afiliadas_ante_el_Instituto_Mexicano_del_Seguro_Social",	11,"Guanajuato","2025","1","2,234","200","989","989","56","730","82","310","313","25","1,504","118","679","676","31",
"Número_de_Personas_Trabajadoras_del_Hogar_afiliadas_ante_el_Instituto_Mexicano_del_Seguro_Social",	12,"Guerrero","2025","1","1,315","128","589","572","26","474","47","196","222","9","841","81","393","350","17",
"Número_de_Personas_Trabajadoras_del_Hogar_afiliadas_ante_el_Instituto_Mexicano_del_Seguro_Social",	13,"Hidalgo","2025","1","804","55","262","454","33","356","24","84","229","19","448","31","178","225","14",
"Número_de_Personas_Trabajadoras_del_Hogar_afiliadas_ante_el_Instituto_Mexicano_del_Seguro_Social",	14,"Jalisco","2025","1","4,773","463","1,959","2,187","164","1,346","134","525","618","69","3,427","329","1,434","1,569","95",
"Número_de_Personas_Trabajadoras_del_Hogar_afiliadas_ante_el_Instituto_Mexicano_del_Seguro_Social",	15,"México","2025","1","6,435","437","1,888","3,804","306","2,446","158","556","1,566","166","3,989","279","1,332","2,238","140",
"Número_de_Personas_Trabajadoras_del_Hogar_afiliadas_ante_el_Instituto_Mexicano_del_Seguro_Social",	16,"Michoacán_de_Ocampo","2025","1","1,152","89","521","498","44","279","22","111","128","18","873","67","410","370","26",
"Número_de_Personas_Trabajadoras_del_Hogar_afiliadas_ante_el_Instituto_Mexicano_del_Seguro_Social",	17,"Morelos","2025","1","1,309","122","501","642","44","480","48","164","249","19","829","74","337","393","25",
"Número_de_Personas_Trabajadoras_del_Hogar_afiliadas_ante_el_Instituto_Mexicano_del_Seguro_Social",	18,"Nayarit","2025","1","803","96","306","359","42","220","24","78","98","20","583","72","228","261","22",
"Número_de_Personas_Trabajadoras_del_Hogar_afiliadas_ante_el_Instituto_Mexicano_del_Seguro_Social",	19,"Nuevo_León","2025","1","3,860","581","1,815","1,392","72","1,614","266","794","529","25","2,246","315","1,021","863","47",
"Número_de_Personas_Trabajadoras_del_Hogar_afiliadas_ante_el_Instituto_Mexicano_del_Seguro_Social",	20,"Oaxaca","2025","1","778","141","313","301","23","307","50","119","126","12","471","91","194","175","11",
"Número_de_Personas_Trabajadoras_del_Hogar_afiliadas_ante_el_Instituto_Mexicano_del_Seguro_Social",	21,"Puebla","2025","1","1,523","176","568","732","47","561","81","196","262","22","962","95","372","470","25",
"Número_de_Personas_Trabajadoras_del_Hogar_afiliadas_ante_el_Instituto_Mexicano_del_Seguro_Social",	22,"Querétaro","2025","1","977","90","391","475","21","273","31","81","149","12","704","59","310","326","9",
"Número_de_Personas_Trabajadoras_del_Hogar_afiliadas_ante_el_Instituto_Mexicano_del_Seguro_Social",	23,"Quintana_Roo","2025","1","560","83","264","200","13","208","31","110","61","6","352","52","154","139","7",
"Número_de_Personas_Trabajadoras_del_Hogar_afiliadas_ante_el_Instituto_Mexicano_del_Seguro_Social",	24,"San_Luis_Potosí","2025","1","664","82","231","334","17","171","29","63","74","5","493","53","168","260","12",
"Número_de_Personas_Trabajadoras_del_Hogar_afiliadas_ante_el_Instituto_Mexicano_del_Seguro_Social",	25,"Sinaloa","2025","1","1,842","135","652","1,000","55","608","38","218","327","25","1,234","97","434","673","30",
"Número_de_Personas_Trabajadoras_del_Hogar_afiliadas_ante_el_Instituto_Mexicano_del_Seguro_Social",	26,"Sonora","2025","1","2,315","138","665","1,446","66","734","39","195","475","25","1,581","99","470","971","41",
"Número_de_Personas_Trabajadoras_del_Hogar_afiliadas_ante_el_Instituto_Mexicano_del_Seguro_Social",	27,"Tabasco","2025","1","443","69","250","120","4","235","44","141","47","3","208","25","109","73","1",
"Número_de_Personas_Trabajadoras_del_Hogar_afiliadas_ante_el_Instituto_Mexicano_del_Seguro_Social",	28,"Tamaulipas","2025","1","1,598","105","431","981","81","543","30","123","348","42","1,055","75","308","633","39",
"Número_de_Personas_Trabajadoras_del_Hogar_afiliadas_ante_el_Instituto_Mexicano_del_Seguro_Social",	29,"Tlaxcala","2025","1","621","91","223","287","20","311","50","109","142","10","310","41","114","145","10",
"Número_de_Personas_Trabajadoras_del_Hogar_afiliadas_ante_el_Instituto_Mexicano_del_Seguro_Social",	30,"Veracruz_de_Ignacio_de_la_Llave","2025","1","2,775","339","1,095","1,245","96","1,054","130","370","509","45","1,721","209","725","736","51",
"Número_de_Personas_Trabajadoras_del_Hogar_afiliadas_ante_el_Instituto_Mexicano_del_Seguro_Social",	31,"Yucatán","2025","1","1,914","236","849","792","37","839","113","387","319","20","1,075","123","462","473","17",
"Número_de_Personas_Trabajadoras_del_Hogar_afiliadas_ante_el_Instituto_Mexicano_del_Seguro_Social",	32,"Zacatecas","2025","1","281","24","108","137","12","78","7","21","42","8","203","17","87","95","4",
"Número_de_Personas_Trabajadoras_del_Hogar_afiliadas_ante_el_Instituto_Mexicano_del_Seguro_Social",	00,"Estados_Unidos_Mexicanos","2024","12","60,475","5,363","21,897","31,152","2,063","19,886","1,828","6,578","10,546","934","40,589","3,535","15,319","20,606","1,129",
"Número_de_Personas_Trabajadoras_del_Hogar_afiliadas_ante_el_Instituto_Mexicano_del_Seguro_Social",	01,"Aguascalientes","2024","12","876","60","310","487","19","270","13","80","171","6","606","47","230","316","13",
"Número_de_Personas_Trabajadoras_del_Hogar_afiliadas_ante_el_Instituto_Mexicano_del_Seguro_Social",	02,"Baja_California","2024","12","3,215","242","803","2,033","137","1,079","77","242","694","66","2,136","165","561","1,339","71",
"Número_de_Personas_Trabajadoras_del_Hogar_afiliadas_ante_el_Instituto_Mexicano_del_Seguro_Social",	03,"Baja_California_Sur","2024","12","399","35","144","207","13","102","7","31","57","7","297","28","113","150","6",
"Número_de_Personas_Trabajadoras_del_Hogar_afiliadas_ante_el_Instituto_Mexicano_del_Seguro_Social",	04,"Campeche","2024","12","639","60","379","189","11","376","33","240","97","6","263","27","139","92","5",
"Número_de_Personas_Trabajadoras_del_Hogar_afiliadas_ante_el_Instituto_Mexicano_del_Seguro_Social",	05,"Coahuila_de_Zaragoza","2024","12","3,182","362","981","1,740","99","1,439","186","446","746","61","1,743","176","535","994","38",
"Número_de_Personas_Trabajadoras_del_Hogar_afiliadas_ante_el_Instituto_Mexicano_del_Seguro_Social",	06,"Colima","2024","12","585","51","209","301","24","159","17","41","89","12","426","34","168","212","12",
"Número_de_Personas_Trabajadoras_del_Hogar_afiliadas_ante_el_Instituto_Mexicano_del_Seguro_Social",	07,"Chiapas","2024","12","951","133","430","343","45","426","61","186","159","20","525","72","244","184","25",
"Número_de_Personas_Trabajadoras_del_Hogar_afiliadas_ante_el_Instituto_Mexicano_del_Seguro_Social",	08,"Chihuahua","2024","12","2,081","137","560","1,326","58","535","38","147","332","18","1,546","99","413","994","40",
"Número_de_Personas_Trabajadoras_del_Hogar_afiliadas_ante_el_Instituto_Mexicano_del_Seguro_Social",	09,"Ciudad_de_México","2024","12","11,054","825","4,132","5,720","377","2,596","164","794","1,506","132","8,458","661","3,338","4,214","245",
"Número_de_Personas_Trabajadoras_del_Hogar_afiliadas_ante_el_Instituto_Mexicano_del_Seguro_Social",	10,"Durango","2024","12","733","74","282","356","21","246","34","89","114","9","487","40","193","242","12",
"Número_de_Personas_Trabajadoras_del_Hogar_afiliadas_ante_el_Instituto_Mexicano_del_Seguro_Social",	11,"Guanajuato","2024","12","2,115","178","919","967","51","680","68","293","295","24","1,435","110","626","672","27",
"Número_de_Personas_Trabajadoras_del_Hogar_afiliadas_ante_el_Instituto_Mexicano_del_Seguro_Social",	12,"Guerrero","2024","12","1,278","131","582","543","22","448","48","194","199","7","830","83","388","344","15",
"Número_de_Personas_Trabajadoras_del_Hogar_afiliadas_ante_el_Instituto_Mexicano_del_Seguro_Social",	13,"Hidalgo","2024","12","777","50","242","448","37","317","18","63","216","20","460","32","179","232","17",
"Número_de_Personas_Trabajadoras_del_Hogar_afiliadas_ante_el_Instituto_Mexicano_del_Seguro_Social",	14,"Jalisco","2024","12","4,557","412","1,858","2,127","160","1,267","125","478","597","67","3,290","287","1,380","1,530","93",
"Número_de_Personas_Trabajadoras_del_Hogar_afiliadas_ante_el_Instituto_Mexicano_del_Seguro_Social",	15,"México","2024","12","6,231","421","1,811","3,693","306","2,392","148","552","1,528","164","3,839","273","1,259","2,165","142",
"Número_de_Personas_Trabajadoras_del_Hogar_afiliadas_ante_el_Instituto_Mexicano_del_Seguro_Social",	16,"Michoacán_de_Ocampo","2024","12","1,097","76","503","479","39","254","17","99","121","17","843","59","404","358","22",
"Número_de_Personas_Trabajadoras_del_Hogar_afiliadas_ante_el_Instituto_Mexicano_del_Seguro_Social",	17,"Morelos","2024","12","1,278","103","517","614","44","457","33","167","235","22","821","70","350","379","22",
"Número_de_Personas_Trabajadoras_del_Hogar_afiliadas_ante_el_Instituto_Mexicano_del_Seguro_Social",	18,"Nayarit","2024","12","792","104","297","356","35","211","23","72","99","17","581","81","225","257","18",
"Número_de_Personas_Trabajadoras_del_Hogar_afiliadas_ante_el_Instituto_Mexicano_del_Seguro_Social",	19,"Nuevo_León","2024","12","3,299","452","1,471","1,304","72","1,275","181","593","475","26","2,024","271","878","829","46",
"Número_de_Personas_Trabajadoras_del_Hogar_afiliadas_ante_el_Instituto_Mexicano_del_Seguro_Social",	20,"Oaxaca","2024","12","677","109","260","286","22","265","43","93","117","12","412","66","167","169","10",
"Número_de_Personas_Trabajadoras_del_Hogar_afiliadas_ante_el_Instituto_Mexicano_del_Seguro_Social",	21,"Puebla","2024","12","1,402","136","492","730","44","492","53","153","266","20","910","83","339","464","24",
"Número_de_Personas_Trabajadoras_del_Hogar_afiliadas_ante_el_Instituto_Mexicano_del_Seguro_Social",	22,"Querétaro","2024","12","927","89","358","457","23","263","25","72","152","14","664","64","286","305","9",
"Número_de_Personas_Trabajadoras_del_Hogar_afiliadas_ante_el_Instituto_Mexicano_del_Seguro_Social",	23,"Quintana_Roo","2024","12","466","79","207","170","10","129","24","62","39","4","337","55","145","131","6",
"Número_de_Personas_Trabajadoras_del_Hogar_afiliadas_ante_el_Instituto_Mexicano_del_Seguro_Social",	24,"San_Luis_Potosí","2024","12","597","53","198","329","17","126","15","37","69","5","471","38","161","260","12",
"Número_de_Personas_Trabajadoras_del_Hogar_afiliadas_ante_el_Instituto_Mexicano_del_Seguro_Social",	25,"Sinaloa","2024","12","1,784","112","639","988","45","586","33","209","323","21","1,198","79","430","665","24",
"Número_de_Personas_Trabajadoras_del_Hogar_afiliadas_ante_el_Instituto_Mexicano_del_Seguro_Social",	26,"Sonora","2024","12","2,288","134","644","1,443","67","732","46","186","476","24","1,556","88","458","967","43",
"Número_de_Personas_Trabajadoras_del_Hogar_afiliadas_ante_el_Instituto_Mexicano_del_Seguro_Social",	27,"Tabasco","2024","12","291","38","147","101","5","122","17","66","38","1","169","21","81","63","4",
"Número_de_Personas_Trabajadoras_del_Hogar_afiliadas_ante_el_Instituto_Mexicano_del_Seguro_Social",	28,"Tamaulipas","2024","12","1,568","94","420","964","90","539","26","120","349","44","1,029","68","300","615","46",
"Número_de_Personas_Trabajadoras_del_Hogar_afiliadas_ante_el_Instituto_Mexicano_del_Seguro_Social",	29,"Tlaxcala","2024","12","619","97","214","285","23","308","54","103","139","12","311","43","111","146","11",
"Número_de_Personas_Trabajadoras_del_Hogar_afiliadas_ante_el_Instituto_Mexicano_del_Seguro_Social",	30,"Veracruz_de_Ignacio_de_la_Llave","2024","12","2,630","289","989","1,257","95","941","92","297","505","47","1,689","197","692","752","48",
"Número_de_Personas_Trabajadoras_del_Hogar_afiliadas_ante_el_Instituto_Mexicano_del_Seguro_Social",	31,"Yucatán","2024","12","1,808","211","795","764","38","782","107","351","302","22","1,026","104","444","462","16",
"Número_de_Personas_Trabajadoras_del_Hogar_afiliadas_ante_el_Instituto_Mexicano_del_Seguro_Social",	32,"Zacatecas","2024","12","279","16","104","145","14","72","2","22","41","7","207","14","82","104","7",
"Número_de_Personas_Trabajadoras_del_Hogar_afiliadas_ante_el_Instituto_Mexicano_del_Seguro_Social",	00,"Estados_Unidos_Mexicanos","2024","11","62,645","5,593","23,349","31,636","2,067","20,943","1,968","7,306","10,723","946","41,702","3,625","16,043","20,913","1,121",
"Número_de_Personas_Trabajadoras_del_Hogar_afiliadas_ante_el_Instituto_Mexicano_del_Seguro_Social",	01,"Aguascalientes","2024","11","895","70","312","489","24","270","18","70","173","9","625","52","242","316","15",
"Número_de_Personas_Trabajadoras_del_Hogar_afiliadas_ante_el_Instituto_Mexicano_del_Seguro_Social",	02,"Baja_California","2024","11","3,253","216","820","2,081","136","1,089","69","252","702","66","2,164","147","568","1,379","70",
"Número_de_Personas_Trabajadoras_del_Hogar_afiliadas_ante_el_Instituto_Mexicano_del_Seguro_Social",	03,"Baja_California_Sur","2024","11","391","40","143","199","9","87","4","26","52","5","304","36","117","147","4",
"Número_de_Personas_Trabajadoras_del_Hogar_afiliadas_ante_el_Instituto_Mexicano_del_Seguro_Social",	04,"Campeche","2024","11","392","52","179","147","14","202","29","102","63","8","190","23","77","84","6",
"Número_de_Personas_Trabajadoras_del_Hogar_afiliadas_ante_el_Instituto_Mexicano_del_Seguro_Social",	05,"Coahuila_de_Zaragoza","2024","11","3,383","422","1,087","1,766","108","1,527","238","474","750","65","1,856","184","613","1,016","43",
"Número_de_Personas_Trabajadoras_del_Hogar_afiliadas_ante_el_Instituto_Mexicano_del_Seguro_Social",	06,"Colima","2024","11","605","47","226","306","26","172","19","52","89","12","433","28","174","217","14",
"Número_de_Personas_Trabajadoras_del_Hogar_afiliadas_ante_el_Instituto_Mexicano_del_Seguro_Social",	07,"Chiapas","2024","11","800","100","329","329","42","318","37","115","146","20","482","63","214","183","22",
"Número_de_Personas_Trabajadoras_del_Hogar_afiliadas_ante_el_Instituto_Mexicano_del_Seguro_Social",	08,"Chihuahua","2024","11","2,098","141","584","1,317","56","538","40","154","326","18","1,560","101","430","991","38",
"Número_de_Personas_Trabajadoras_del_Hogar_afiliadas_ante_el_Instituto_Mexicano_del_Seguro_Social",	09,"Ciudad_de_México","2024","11","11,113","795","4,180","5,769","369","2,541","145","793","1,474","129","8,572","650","3,387","4,295","240",
"Número_de_Personas_Trabajadoras_del_Hogar_afiliadas_ante_el_Instituto_Mexicano_del_Seguro_Social",	10,"Durango","2024","11","781","84","325","352","20","296","40","131","116","9","485","44","194","236","11",
"Número_de_Personas_Trabajadoras_del_Hogar_afiliadas_ante_el_Instituto_Mexicano_del_Seguro_Social",	11,"Guanajuato","2024","11","2,120","162","912","1,000","46","679","61","280","314","24","1,441","101","632","686","22",
"Número_de_Personas_Trabajadoras_del_Hogar_afiliadas_ante_el_Instituto_Mexicano_del_Seguro_Social",	12,"Guerrero","2024","11","1,291","133","589","549","20","461","49","199","205","8","830","84","390","344","12",
"Número_de_Personas_Trabajadoras_del_Hogar_afiliadas_ante_el_Instituto_Mexicano_del_Seguro_Social",	13,"Hidalgo","2024","11","855","61","268","490","36","370","29","74","247","20","485","32","194","243","16",
"Número_de_Personas_Trabajadoras_del_Hogar_afiliadas_ante_el_Instituto_Mexicano_del_Seguro_Social",	14,"Jalisco","2024","11","4,613","448","1,844","2,159","162","1,234","129","439","598","68","3,379","319","1,405","1,561","94",
"Número_de_Personas_Trabajadoras_del_Hogar_afiliadas_ante_el_Instituto_Mexicano_del_Seguro_Social",	15,"México","2024","11","6,793","556","2,169","3,758","310","2,711","224","744","1,572","171","4,082","332","1,425","2,186","139",
"Número_de_Personas_Trabajadoras_del_Hogar_afiliadas_ante_el_Instituto_Mexicano_del_Seguro_Social",	16,"Michoacán_de_Ocampo","2024","11","1,133","81","525","485","42","253","19","95","120","19","880","62","430","365","23",
"Número_de_Personas_Trabajadoras_del_Hogar_afiliadas_ante_el_Instituto_Mexicano_del_Seguro_Social",	17,"Morelos","2024","11","1,302","116","506","633","47","472","39","158","249","26","830","77","348","384","21",
"Número_de_Personas_Trabajadoras_del_Hogar_afiliadas_ante_el_Instituto_Mexicano_del_Seguro_Social",	18,"Nayarit","2024","11","794","96","301","362","35","222","24","76","105","17","572","72","225","257","18",
"Número_de_Personas_Trabajadoras_del_Hogar_afiliadas_ante_el_Instituto_Mexicano_del_Seguro_Social",	19,"Nuevo_León","2024","11","4,721","517","2,598","1,539","67","2,211","225","1,312","653","21","2,510","292","1,286","886","46",
"Número_de_Personas_Trabajadoras_del_Hogar_afiliadas_ante_el_Instituto_Mexicano_del_Seguro_Social",	20,"Oaxaca","2024","11","756","126","314","296","20","300","42","124","123","11","456","84","190","173","9",
"Número_de_Personas_Trabajadoras_del_Hogar_afiliadas_ante_el_Instituto_Mexicano_del_Seguro_Social",	21,"Puebla","2024","11","1,372","126","478","716","52","470","40","148","257","25","902","86","330","459","27",
"Número_de_Personas_Trabajadoras_del_Hogar_afiliadas_ante_el_Instituto_Mexicano_del_Seguro_Social",	22,"Querétaro","2024","11","949","88","395","449","17","273","29","92","144","8","676","59","303","305","9",
"Número_de_Personas_Trabajadoras_del_Hogar_afiliadas_ante_el_Instituto_Mexicano_del_Seguro_Social",	23,"Quintana_Roo","2024","11","507","65","231","194","17","175","29","83","54","9","332","36","148","140","8",
"Número_de_Personas_Trabajadoras_del_Hogar_afiliadas_ante_el_Instituto_Mexicano_del_Seguro_Social",	24,"San_Luis_Potosí","2024","11","607","55","207","332","13","132","20","38","71","3","475","35","169","261","10",
"Número_de_Personas_Trabajadoras_del_Hogar_afiliadas_ante_el_Instituto_Mexicano_del_Seguro_Social",	25,"Sinaloa","2024","11","1,906","138","700","1,009","59","648","48","249","325","26","1,258","90","451","684","33",
"Número_de_Personas_Trabajadoras_del_Hogar_afiliadas_ante_el_Instituto_Mexicano_del_Seguro_Social",	26,"Sonora","2024","11","2,335","151","659","1,459","66","762","47","197","493","25","1,573","104","462","966","41",
"Número_de_Personas_Trabajadoras_del_Hogar_afiliadas_ante_el_Instituto_Mexicano_del_Seguro_Social",	27,"Tabasco","2024","11","250","24","123","97","6","105","15","55","34","1","145","9","68","63","5",
"Número_de_Personas_Trabajadoras_del_Hogar_afiliadas_ante_el_Instituto_Mexicano_del_Seguro_Social",	28,"Tamaulipas","2024","11","1,562","95","413","973","81","530","29","115","346","40","1,032","66","298","627","41",
"Número_de_Personas_Trabajadoras_del_Hogar_afiliadas_ante_el_Instituto_Mexicano_del_Seguro_Social",	29,"Tlaxcala","2024","11","583","89","191","280","23","280","51","89","129","11","303","38","102","151","12",
"Número_de_Personas_Trabajadoras_del_Hogar_afiliadas_ante_el_Instituto_Mexicano_del_Seguro_Social",	30,"Veracruz_de_Ignacio_de_la_Llave","2024","11","2,624","308","993","1,230","93","926","99","299","485","43","1,698","209","694","745","50",
"Número_de_Personas_Trabajadoras_del_Hogar_afiliadas_ante_el_Instituto_Mexicano_del_Seguro_Social",	31,"Yucatán","2024","11","1,592","170","648","732","42","627","78","255","270","24","965","92","393","462","18",
"Número_de_Personas_Trabajadoras_del_Hogar_afiliadas_ante_el_Instituto_Mexicano_del_Seguro_Social",	32,"Zacatecas","2024","11","269","21","100","139","9","62","3","16","38","5","207","18","84","101","4",
"Número_de_Personas_Trabajadoras_del_Hogar_afiliadas_ante_el_Instituto_Mexicano_del_Seguro_Social",	00,"Estados_Unidos_Mexicanos","2024","10","60,662","5,359","21,824","31,470","2,009","19,898","1,800","6,471","10,702","925","40,764","3,559","15,353","20,768","1,084",
"Número_de_Personas_Trabajadoras_del_Hogar_afiliadas_ante_el_Instituto_Mexicano_del_Seguro_Social",	01,"Aguascalientes","2024","10","934","70","327","514","23","283","16","77","183","7","651","54","250","331","16",
"Número_de_Personas_Trabajadoras_del_Hogar_afiliadas_ante_el_Instituto_Mexicano_del_Seguro_Social",	02,"Baja_California","2024","10","3,348","217","857","2,133","141","1,131","68","262","726","75","2,217","149","595","1,407","66",
"Número_de_Personas_Trabajadoras_del_Hogar_afiliadas_ante_el_Instituto_Mexicano_del_Seguro_Social",	03,"Baja_California_Sur","2024","10","377","37","135","196","9","83","3","25","51","4","294","34","110","145","5",
"Número_de_Personas_Trabajadoras_del_Hogar_afiliadas_ante_el_Instituto_Mexicano_del_Seguro_Social",	04,"Campeche","2024","10","726","49","454","212","11","421","27","272","115","7","305","22","182","97","4",
"Número_de_Personas_Trabajadoras_del_Hogar_afiliadas_ante_el_Instituto_Mexicano_del_Seguro_Social",	05,"Coahuila_de_Zaragoza","2024","10","3,624","472","1,193","1,847","112","1,646","236","535","805","70","1,978","236","658","1,042","42",
"Número_de_Personas_Trabajadoras_del_Hogar_afiliadas_ante_el_Instituto_Mexicano_del_Seguro_Social",	06,"Colima","2024","10","588","37","208","321","22","164","16","39","100","9","424","21","169","221","13",
"Número_de_Personas_Trabajadoras_del_Hogar_afiliadas_ante_el_Instituto_Mexicano_del_Seguro_Social",	07,"Chiapas","2024","10","825","111","343","327","44","346","47","135","144","20","479","64","208","183","24",
"Número_de_Personas_Trabajadoras_del_Hogar_afiliadas_ante_el_Instituto_Mexicano_del_Seguro_Social",	08,"Chihuahua","2024","10","2,103","148","582","1,319","54","551","41","158","337","15","1,552","107","424","982","39",
"Número_de_Personas_Trabajadoras_del_Hogar_afiliadas_ante_el_Instituto_Mexicano_del_Seguro_Social",	09,"Ciudad_de_México","2024","10","10,919","810","4,068","5,698","343","2,594","159","812","1,503","120","8,325","651","3,256","4,195","223",
"Número_de_Personas_Trabajadoras_del_Hogar_afiliadas_ante_el_Instituto_Mexicano_del_Seguro_Social",	10,"Durango","2024","10","708","68","275","348","17","237","31","82","116","8","471","37","193","232","9",
"Número_de_Personas_Trabajadoras_del_Hogar_afiliadas_ante_el_Instituto_Mexicano_del_Seguro_Social",	11,"Guanajuato","2024","10","2,025","151","852","976","46","616","49","245","298","24","1,409","102","607","678","22",
"Número_de_Personas_Trabajadoras_del_Hogar_afiliadas_ante_el_Instituto_Mexicano_del_Seguro_Social",	12,"Guerrero","2024","10","1,343","152","616","554","21","475","56","204","206","9","868","96","412","348","12",
"Número_de_Personas_Trabajadoras_del_Hogar_afiliadas_ante_el_Instituto_Mexicano_del_Seguro_Social",	13,"Hidalgo","2024","10","788","53","260","442","33","332","25","74","214","19","456","28","186","228","14",
"Número_de_Personas_Trabajadoras_del_Hogar_afiliadas_ante_el_Instituto_Mexicano_del_Seguro_Social",	14,"Jalisco","2024","10","4,568","424","1,804","2,175","165","1,273","121","459","617","76","3,295","303","1,345","1,558","89",
"Número_de_Personas_Trabajadoras_del_Hogar_afiliadas_ante_el_Instituto_Mexicano_del_Seguro_Social",	15,"México","2024","10","6,401","451","1,937","3,714","299","2,507","187","626","1,534","160","3,894","264","1,311","2,180","139",
"Número_de_Personas_Trabajadoras_del_Hogar_afiliadas_ante_el_Instituto_Mexicano_del_Seguro_Social",	16,"Michoacán_de_Ocampo","2024","10","1,185","91","552","500","42","294","26","114","135","19","891","65","438","365","23",
"Número_de_Personas_Trabajadoras_del_Hogar_afiliadas_ante_el_Instituto_Mexicano_del_Seguro_Social",	17,"Morelos","2024","10","1,300","127","523","604","46","493","46","178","246","23","807","81","345","358","23",
"Número_de_Personas_Trabajadoras_del_Hogar_afiliadas_ante_el_Instituto_Mexicano_del_Seguro_Social",	18,"Nayarit","2024","10","787","109","291","351","36","217","28","66","104","19","570","81","225","247","17",
"Número_de_Personas_Trabajadoras_del_Hogar_afiliadas_ante_el_Instituto_Mexicano_del_Seguro_Social",	19,"Nuevo_León","2024","10","2,818","334","1,148","1,266","70","968","111","379","454","24","1,850","223","769","812","46",
"Número_de_Personas_Trabajadoras_del_Hogar_afiliadas_ante_el_Instituto_Mexicano_del_Seguro_Social",	20,"Oaxaca","2024","10","774","132","315","309","18","309","46","124","129","10","465","86","191","180","8",
"Número_de_Personas_Trabajadoras_del_Hogar_afiliadas_ante_el_Instituto_Mexicano_del_Seguro_Social",	21,"Puebla","2024","10","1,520","146","576","748","50","562","59","212","268","23","958","87","364","480","27",
"Número_de_Personas_Trabajadoras_del_Hogar_afiliadas_ante_el_Instituto_Mexicano_del_Seguro_Social",	22,"Querétaro","2024","10","881","87","330","442","22","245","24","63","146","12","636","63","267","296","10",
"Número_de_Personas_Trabajadoras_del_Hogar_afiliadas_ante_el_Instituto_Mexicano_del_Seguro_Social",	23,"Quintana_Roo","2024","10","413","63","173","163","14","91","11","35","38","7","322","52","138","125","7",
"Número_de_Personas_Trabajadoras_del_Hogar_afiliadas_ante_el_Instituto_Mexicano_del_Seguro_Social",	24,"San_Luis_Potosí","2024","10","581","41","195","329","16","116","12","33","67","4","465","29","162","262","12",
"Número_de_Personas_Trabajadoras_del_Hogar_afiliadas_ante_el_Instituto_Mexicano_del_Seguro_Social",	25,"Sinaloa","2024","10","1,852","125","656","1,018","53","600","37","212","328","23","1,252","88","444","690","30",
"Número_de_Personas_Trabajadoras_del_Hogar_afiliadas_ante_el_Instituto_Mexicano_del_Seguro_Social",	26,"Sonora","2024","10","2,365","156","697","1,450","62","776","52","208","490","26","1,589","104","489","960","36",
"Número_de_Personas_Trabajadoras_del_Hogar_afiliadas_ante_el_Instituto_Mexicano_del_Seguro_Social",	27,"Tabasco","2024","10","279","37","136","100","6","120","18","66","35","1","159","19","70","65","5",
"Número_de_Personas_Trabajadoras_del_Hogar_afiliadas_ante_el_Instituto_Mexicano_del_Seguro_Social",	28,"Tamaulipas","2024","10","1,598","104","423","989","82","546","29","119","358","40","1,052","75","304","631","42",
"Número_de_Personas_Trabajadoras_del_Hogar_afiliadas_ante_el_Instituto_Mexicano_del_Seguro_Social",	29,"Tlaxcala","2024","10","631","99","219","292","21","306","56","105","135","10","325","43","114","157","11",
"Número_de_Personas_Trabajadoras_del_Hogar_afiliadas_ante_el_Instituto_Mexicano_del_Seguro_Social",	30,"Veracruz_de_Ignacio_de_la_Llave","2024","10","2,600","280","972","1,260","88","912","86","290","495","41","1,688","194","682","765","47",
"Número_de_Personas_Trabajadoras_del_Hogar_afiliadas_ante_el_Instituto_Mexicano_del_Seguro_Social",	31,"Yucatán","2024","10","1,530","159","610","725","36","620","74","245","284","17","910","85","365","441","19",
"Número_de_Personas_Trabajadoras_del_Hogar_afiliadas_ante_el_Instituto_Mexicano_del_Seguro_Social",	32,"Zacatecas","2024","10","271","19","97","148","7","64","3","17","41","3","207","16","80","107","4",
"Número_de_Personas_Trabajadoras_del_Hogar_afiliadas_ante_el_Instituto_Mexicano_del_Seguro_Social",	00,"Estados_Unidos_Mexicanos","2024","9","59,456","4,960","20,593","31,814","2,089","18,845","1,527","5,529","10,824","965","40,611","3,433","15,064","20,990","1,124",
"Número_de_Personas_Trabajadoras_del_Hogar_afiliadas_ante_el_Instituto_Mexicano_del_Seguro_Social",	01,"Aguascalientes","2024","9","978","65","348","540","25","312","19","82","203","8","666","46","266","337","17",
"Número_de_Personas_Trabajadoras_del_Hogar_afiliadas_ante_el_Instituto_Mexicano_del_Seguro_Social",	02,"Baja_California","2024","9","3,264","202","814","2,110","138","1,092","60","240","722","70","2,172","142","574","1,388","68",
"Número_de_Personas_Trabajadoras_del_Hogar_afiliadas_ante_el_Instituto_Mexicano_del_Seguro_Social",	03,"Baja_California_Sur","2024","9","381","34","138","201","8","75","1","25","46","3","306","33","113","155","5",
"Número_de_Personas_Trabajadoras_del_Hogar_afiliadas_ante_el_Instituto_Mexicano_del_Seguro_Social",	04,"Campeche","2024","9","210","11","72","115","12","74","1","21","45","7","136","10","51","70","5",
"Número_de_Personas_Trabajadoras_del_Hogar_afiliadas_ante_el_Instituto_Mexicano_del_Seguro_Social",	05,"Coahuila_de_Zaragoza","2024","9","3,551","450","1,149","1,840","112","1,607","220","525","791","71","1,944","230","624","1,049","41",
"Número_de_Personas_Trabajadoras_del_Hogar_afiliadas_ante_el_Instituto_Mexicano_del_Seguro_Social",	06,"Colima","2024","9","607","38","224","320","25","166","16","42","97","11","441","22","182","223","14",
"Número_de_Personas_Trabajadoras_del_Hogar_afiliadas_ante_el_Instituto_Mexicano_del_Seguro_Social",	07,"Chiapas","2024","9","787","102","313","327","45","306","39","104","144","19","481","63","209","183","26",
"Número_de_Personas_Trabajadoras_del_Hogar_afiliadas_ante_el_Instituto_Mexicano_del_Seguro_Social",	08,"Chihuahua","2024","9","2,125","133","548","1,389","55","524","30","139","337","18","1,601","103","409","1,052","37",
"Número_de_Personas_Trabajadoras_del_Hogar_afiliadas_ante_el_Instituto_Mexicano_del_Seguro_Social",	09,"Ciudad_de_México","2024","9","10,972","781","4,043","5,784","364","2,529","135","726","1,544","124","8,443","646","3,317","4,240","240",
"Número_de_Personas_Trabajadoras_del_Hogar_afiliadas_ante_el_Instituto_Mexicano_del_Seguro_Social",	10,"Durango","2024","9","735","78","280","359","18","260","38","97","118","7","475","40","183","241","11",
"Número_de_Personas_Trabajadoras_del_Hogar_afiliadas_ante_el_Instituto_Mexicano_del_Seguro_Social",	11,"Guanajuato","2024","9","2,020","147","855","977","41","612","52","240","296","24","1,408","95","615","681","17",
"Número_de_Personas_Trabajadoras_del_Hogar_afiliadas_ante_el_Instituto_Mexicano_del_Seguro_Social",	12,"Guerrero","2024","9","1,352","149","602","580","21","483","57","191","226","9","869","92","411","354","12",
"Número_de_Personas_Trabajadoras_del_Hogar_afiliadas_ante_el_Instituto_Mexicano_del_Seguro_Social",	13,"Hidalgo","2024","9","770","51","230","454","35","308","19","57","211","21","462","32","173","243","14",
"Número_de_Personas_Trabajadoras_del_Hogar_afiliadas_ante_el_Instituto_Mexicano_del_Seguro_Social",	14,"Jalisco","2024","9","4,561","431","1,795","2,159","176","1,254","125","429","619","81","3,307","306","1,366","1,540","95",
"Número_de_Personas_Trabajadoras_del_Hogar_afiliadas_ante_el_Instituto_Mexicano_del_Seguro_Social",	15,"México","2024","9","6,353","412","1,794","3,816","331","2,427","134","521","1,599","173","3,926","278","1,273","2,217","158",
"Número_de_Personas_Trabajadoras_del_Hogar_afiliadas_ante_el_Instituto_Mexicano_del_Seguro_Social",	16,"Michoacán_de_Ocampo","2024","9","1,153","92","522","500","39","276","24","102","130","20","877","68","420","370","19",
"Número_de_Personas_Trabajadoras_del_Hogar_afiliadas_ante_el_Instituto_Mexicano_del_Seguro_Social",	17,"Morelos","2024","9","1,314","120","519","632","43","496","42","172","261","21","818","78","347","371","22",
"Número_de_Personas_Trabajadoras_del_Hogar_afiliadas_ante_el_Instituto_Mexicano_del_Seguro_Social",	18,"Nayarit","2024","9","795","103","300","356","36","230","28","77","106","19","565","75","223","250","17",
"Número_de_Personas_Trabajadoras_del_Hogar_afiliadas_ante_el_Instituto_Mexicano_del_Seguro_Social",	19,"Nuevo_León","2024","9","2,773","312","1,122","1,271","68","908","82","342","460","24","1,865","230","780","811","44",
"Número_de_Personas_Trabajadoras_del_Hogar_afiliadas_ante_el_Instituto_Mexicano_del_Seguro_Social",	20,"Oaxaca","2024","9","702","104","259","323","16","279","37","95","138","9","423","67","164","185","7",
"Número_de_Personas_Trabajadoras_del_Hogar_afiliadas_ante_el_Instituto_Mexicano_del_Seguro_Social",	21,"Puebla","2024","9","1,281","108","430","692","51","409","34","110","240","25","872","74","320","452","26",
"Número_de_Personas_Trabajadoras_del_Hogar_afiliadas_ante_el_Instituto_Mexicano_del_Seguro_Social",	22,"Querétaro","2024","9","912","83","344","463","22","250","25","59","153","13","662","58","285","310","9",
"Número_de_Personas_Trabajadoras_del_Hogar_afiliadas_ante_el_Instituto_Mexicano_del_Seguro_Social",	23,"Quintana_Roo","2024","9","371","37","159","160","15","92","14","34","38","6","279","23","125","122","9",
"Número_de_Personas_Trabajadoras_del_Hogar_afiliadas_ante_el_Instituto_Mexicano_del_Seguro_Social",	24,"San_Luis_Potosí","2024","9","570","39","189","328","14","108","9","27","68","4","462","30","162","260","10",
"Número_de_Personas_Trabajadoras_del_Hogar_afiliadas_ante_el_Instituto_Mexicano_del_Seguro_Social",	25,"Sinaloa","2024","9","1,889","125","659","1,044","61","614","39","205","342","28","1,275","86","454","702","33",
"Número_de_Personas_Trabajadoras_del_Hogar_afiliadas_ante_el_Instituto_Mexicano_del_Seguro_Social",	26,"Sonora","2024","9","2,406","153","695","1,492","66","790","42","216","506","26","1,616","111","479","986","40",
"Número_de_Personas_Trabajadoras_del_Hogar_afiliadas_ante_el_Instituto_Mexicano_del_Seguro_Social",	27,"Tabasco","2024","9","208","14","101","88","5","73","12","34","26","1","135","2","67","62","4",
"Número_de_Personas_Trabajadoras_del_Hogar_afiliadas_ante_el_Instituto_Mexicano_del_Seguro_Social",	28,"Tamaulipas","2024","9","1,629","100","421","1,024","84","561","27","112","377","45","1,068","73","309","647","39",
"Número_de_Personas_Trabajadoras_del_Hogar_afiliadas_ante_el_Instituto_Mexicano_del_Seguro_Social",	29,"Tlaxcala","2024","9","592","88","183","302","19","283","46","86","143","8","309","42","97","159","11",
"Número_de_Personas_Trabajadoras_del_Hogar_afiliadas_ante_el_Instituto_Mexicano_del_Seguro_Social",	30,"Veracruz_de_Ignacio_de_la_Llave","2024","9","2,529","269","868","1,297","95","872","73","229","525","45","1,657","196","639","772","50",
"Número_de_Personas_Trabajadoras_del_Hogar_afiliadas_ante_el_Instituto_Mexicano_del_Seguro_Social",	31,"Yucatán","2024","9","1,396","114","528","714","40","520","45","179","275","21","876","69","349","439","19",
"Número_de_Personas_Trabajadoras_del_Hogar_afiliadas_ante_el_Instituto_Mexicano_del_Seguro_Social",	32,"Zacatecas","2024","9","270","15","89","157","9","55","2","11","38","4","215","13","78","119","5",
"Número_de_Personas_Trabajadoras_del_Hogar_afiliadas_ante_el_Instituto_Mexicano_del_Seguro_Social",	00,"Estados_Unidos_Mexicanos","2024","8","61,384","5,101","21,482","32,695","2,106","19,590","1,588","5,846","11,172","984","41,794","3,513","15,636","21,523","1,122",
"Número_de_Personas_Trabajadoras_del_Hogar_afiliadas_ante_el_Instituto_Mexicano_del_Seguro_Social",	01,"Aguascalientes","2024","8","973","57","330","560","26","297","14","66","206","11","676","43","264","354","15",
"Número_de_Personas_Trabajadoras_del_Hogar_afiliadas_ante_el_Instituto_Mexicano_del_Seguro_Social",	02,"Baja_California","2024","8","3,306","201","803","2,169","133","1,093","60","236","726","71","2,213","141","567","1,443","62",
"Número_de_Personas_Trabajadoras_del_Hogar_afiliadas_ante_el_Instituto_Mexicano_del_Seguro_Social",	03,"Baja_California_Sur","2024","8","399","33","147","212","7","88","3","29","54","2","311","30","118","158","5",
"Número_de_Personas_Trabajadoras_del_Hogar_afiliadas_ante_el_Instituto_Mexicano_del_Seguro_Social",	04,"Campeche","2024","8","250","20","95","124","11","100","8","35","49","8","150","12","60","75","3",
"Número_de_Personas_Trabajadoras_del_Hogar_afiliadas_ante_el_Instituto_Mexicano_del_Seguro_Social",	05,"Coahuila_de_Zaragoza","2024","8","3,459","393","1,047","1,897","122","1,536","187","449","820","80","1,923","206","598","1,077","42",
"Número_de_Personas_Trabajadoras_del_Hogar_afiliadas_ante_el_Instituto_Mexicano_del_Seguro_Social",	06,"Colima","2024","8","621","49","217","330","25","178","19","40","109","10","443","30","177","221","15",
"Número_de_Personas_Trabajadoras_del_Hogar_afiliadas_ante_el_Instituto_Mexicano_del_Seguro_Social",	07,"Chiapas","2024","8","827","94","330","361","42","326","37","105","166","18","501","57","225","195","24",
"Número_de_Personas_Trabajadoras_del_Hogar_afiliadas_ante_el_Instituto_Mexicano_del_Seguro_Social",	08,"Chihuahua","2024","8","2,261","150","603","1,450","58","595","40","160","373","22","1,666","110","443","1,077","36",
"Número_de_Personas_Trabajadoras_del_Hogar_afiliadas_ante_el_Instituto_Mexicano_del_Seguro_Social",	09,"Ciudad_de_México","2024","8","11,332","821","4,195","5,945","371","2,663","149","793","1,593","128","8,669","672","3,402","4,352","243",
"Número_de_Personas_Trabajadoras_del_Hogar_afiliadas_ante_el_Instituto_Mexicano_del_Seguro_Social",	10,"Durango","2024","8","891","127","389","351","24","353","57","164","121","11","538","70","225","230","13",
"Número_de_Personas_Trabajadoras_del_Hogar_afiliadas_ante_el_Instituto_Mexicano_del_Seguro_Social",	11,"Guanajuato","2024","8","2,014","131","834","997","52","605","43","231","301","30","1,409","88","603","696","22",
"Número_de_Personas_Trabajadoras_del_Hogar_afiliadas_ante_el_Instituto_Mexicano_del_Seguro_Social",	12,"Guerrero","2024","8","1,407","155","644","587","21","506","60","209","228","9","901","95","435","359","12",
"Número_de_Personas_Trabajadoras_del_Hogar_afiliadas_ante_el_Instituto_Mexicano_del_Seguro_Social",	13,"Hidalgo","2024","8","771","48","236","453","34","310","19","55","215","21","461","29","181","238","13",
"Número_de_Personas_Trabajadoras_del_Hogar_afiliadas_ante_el_Instituto_Mexicano_del_Seguro_Social",	14,"Jalisco","2024","8","4,659","427","1,862","2,199","171","1,270","122","444","630","74","3,389","305","1,418","1,569","97",
"Número_de_Personas_Trabajadoras_del_Hogar_afiliadas_ante_el_Instituto_Mexicano_del_Seguro_Social",	15,"México","2024","8","6,499","418","1,871","3,890","320","2,495","134","550","1,647","164","4,004","284","1,321","2,243","156",
"Número_de_Personas_Trabajadoras_del_Hogar_afiliadas_ante_el_Instituto_Mexicano_del_Seguro_Social",	16,"Michoacán_de_Ocampo","2024","8","1,202","96","552","513","41","294","26","109","141","18","908","70","443","372","23",
"Número_de_Personas_Trabajadoras_del_Hogar_afiliadas_ante_el_Instituto_Mexicano_del_Seguro_Social",	17,"Morelos","2024","8","1,343","123","555","622","43","491","46","177","247","21","852","77","378","375","22",
"Número_de_Personas_Trabajadoras_del_Hogar_afiliadas_ante_el_Instituto_Mexicano_del_Seguro_Social",	18,"Nayarit","2024","8","805","107","312","349","37","248","34","86","108","20","557","73","226","241","17",
"Número_de_Personas_Trabajadoras_del_Hogar_afiliadas_ante_el_Instituto_Mexicano_del_Seguro_Social",	19,"Nuevo_León","2024","8","2,858","323","1,154","1,314","67","946","92","361","470","23","1,912","231","793","844","44",
"Número_de_Personas_Trabajadoras_del_Hogar_afiliadas_ante_el_Instituto_Mexicano_del_Seguro_Social",	20,"Oaxaca","2024","8","811","111","353","331","16","344","43","146","146","9","467","68","207","185","7",
"Número_de_Personas_Trabajadoras_del_Hogar_afiliadas_ante_el_Instituto_Mexicano_del_Seguro_Social",	21,"Puebla","2024","8","1,475","143","533","748","51","509","52","165","267","25","966","91","368","481","26",
"Número_de_Personas_Trabajadoras_del_Hogar_afiliadas_ante_el_Instituto_Mexicano_del_Seguro_Social",	22,"Querétaro","2024","8","943","83","358","478","24","257","28","64","151","14","686","55","294","327","10",
"Número_de_Personas_Trabajadoras_del_Hogar_afiliadas_ante_el_Instituto_Mexicano_del_Seguro_Social",	23,"Quintana_Roo","2024","8","368","35","154","165","14","92","12","34","40","6","276","23","120","125","8",
"Número_de_Personas_Trabajadoras_del_Hogar_afiliadas_ante_el_Instituto_Mexicano_del_Seguro_Social",	24,"San_Luis_Potosí","2024","8","593","42","201","333","17","115","11","32","68","4","478","31","169","265","13",
"Número_de_Personas_Trabajadoras_del_Hogar_afiliadas_ante_el_Instituto_Mexicano_del_Seguro_Social",	25,"Sinaloa","2024","8","2,064","140","745","1,114","65","686","45","239","371","31","1,378","95","506","743","34",
"Número_de_Personas_Trabajadoras_del_Hogar_afiliadas_ante_el_Instituto_Mexicano_del_Seguro_Social",	26,"Sonora","2024","8","2,476","154","699","1,552","71","822","42","218","530","32","1,654","112","481","1,022","39",
"Número_de_Personas_Trabajadoras_del_Hogar_afiliadas_ante_el_Instituto_Mexicano_del_Seguro_Social",	27,"Tabasco","2024","8","212","14","99","95","4","66","10","29","26","1","146","4","70","69","3",
"Número_de_Personas_Trabajadoras_del_Hogar_afiliadas_ante_el_Instituto_Mexicano_del_Seguro_Social",	28,"Tamaulipas","2024","8","1,698","109","437","1,070","82","580","23","116","398","43","1,118","86","321","672","39",
"Número_de_Personas_Trabajadoras_del_Hogar_afiliadas_ante_el_Instituto_Mexicano_del_Seguro_Social",	29,"Tlaxcala","2024","8","580","83","189","293","15","276","44","92","132","8","304","39","97","161","7",
"Número_de_Personas_Trabajadoras_del_Hogar_afiliadas_ante_el_Instituto_Mexicano_del_Seguro_Social",	30,"Veracruz_de_Ignacio_de_la_Llave","2024","8","2,604","275","923","1,310","96","867","77","224","519","47","1,737","198","699","791","49",
"Número_de_Personas_Trabajadoras_del_Hogar_afiliadas_ante_el_Instituto_Mexicano_del_Seguro_Social",	31,"Yucatán","2024","8","1,417","122","525","732","38","530","50","177","284","19","887","72","348","448","19",
"Número_de_Personas_Trabajadoras_del_Hogar_afiliadas_ante_el_Instituto_Mexicano_del_Seguro_Social",	32,"Zacatecas","2024","8","266","17","90","151","8","52","1","11","36","4","214","16","79","115","4",
"Número_de_Personas_Trabajadoras_del_Hogar_afiliadas_ante_el_Instituto_Mexicano_del_Seguro_Social",	00,"Estados_Unidos_Mexicanos","2024","7","59,922","4,796","20,227","32,780","2,119","18,679","1,358","5,051","11,276","994","41,243","3,438","15,176","21,504","1,125",
"Número_de_Personas_Trabajadoras_del_Hogar_afiliadas_ante_el_Instituto_Mexicano_del_Seguro_Social",	01,"Aguascalientes","2024","7","983","58","337","566","22","313","15","73","217","8","670","43","264","349","14",
"Número_de_Personas_Trabajadoras_del_Hogar_afiliadas_ante_el_Instituto_Mexicano_del_Seguro_Social",	02,"Baja_California","2024","7","3,411","216","836","2,219","140","1,142","68","244","757","73","2,269","148","592","1,462","67",
"Número_de_Personas_Trabajadoras_del_Hogar_afiliadas_ante_el_Instituto_Mexicano_del_Seguro_Social",	03,"Baja_California_Sur","2024","7","412","37","157","211","7","85","4","29","50","2","327","33","128","161","5",
"Número_de_Personas_Trabajadoras_del_Hogar_afiliadas_ante_el_Instituto_Mexicano_del_Seguro_Social",	04,"Campeche","2024","7","204","11","68","115","10","70","1","16","46","7","134","10","52","69","3",
"Número_de_Personas_Trabajadoras_del_Hogar_afiliadas_ante_el_Instituto_Mexicano_del_Seguro_Social",	05,"Coahuila_de_Zaragoza","2024","7","3,336","366","932","1,918","120","1,463","165","387","833","78","1,873","201","545","1,085","42",
"Número_de_Personas_Trabajadoras_del_Hogar_afiliadas_ante_el_Instituto_Mexicano_del_Seguro_Social",	06,"Colima","2024","7","633","49","220","340","24","184","20","42","112","10","449","29","178","228","14",
"Número_de_Personas_Trabajadoras_del_Hogar_afiliadas_ante_el_Instituto_Mexicano_del_Seguro_Social",	07,"Chiapas","2024","7","820","91","320","367","42","307","26","97","165","19","513","65","223","202","23",
"Número_de_Personas_Trabajadoras_del_Hogar_afiliadas_ante_el_Instituto_Mexicano_del_Seguro_Social",	08,"Chihuahua","2024","7","2,256","153","566","1,479","58","558","32","132","373","21","1,698","121","434","1,106","37",
"Número_de_Personas_Trabajadoras_del_Hogar_afiliadas_ante_el_Instituto_Mexicano_del_Seguro_Social",	09,"Ciudad_de_México","2024","7","11,274","799","4,155","5,950","370","2,608","130","738","1,616","124","8,666","669","3,417","4,334","246",
"Número_de_Personas_Trabajadoras_del_Hogar_afiliadas_ante_el_Instituto_Mexicano_del_Seguro_Social",	10,"Durango","2024","7","763","99","300","339","25","274","44","105","113","12","489","55","195","226","13",
"Número_de_Personas_Trabajadoras_del_Hogar_afiliadas_ante_el_Instituto_Mexicano_del_Seguro_Social",	11,"Guanajuato","2024","7","1,990","134","801","1,004","51","629","50","224","325","30","1,361","84","577","679","21",
"Número_de_Personas_Trabajadoras_del_Hogar_afiliadas_ante_el_Instituto_Mexicano_del_Seguro_Social",	12,"Guerrero","2024","7","1,358","149","590","595","24","485","57","186","230","12","873","92","404","365","12",
"Número_de_Personas_Trabajadoras_del_Hogar_afiliadas_ante_el_Instituto_Mexicano_del_Seguro_Social",	13,"Hidalgo","2024","7","741","42","214","449","36","294","15","47","210","22","447","27","167","239","14",
"Número_de_Personas_Trabajadoras_del_Hogar_afiliadas_ante_el_Instituto_Mexicano_del_Seguro_Social",	14,"Jalisco","2024","7","4,555","411","1,759","2,209","176","1,210","111","391","634","74","3,345","300","1,368","1,575","102",
"Número_de_Personas_Trabajadoras_del_Hogar_afiliadas_ante_el_Instituto_Mexicano_del_Seguro_Social",	15,"México","2024","7","6,466","409","1,832","3,905","320","2,460","127","489","1,673","171","4,006","282","1,343","2,232","149",
"Número_de_Personas_Trabajadoras_del_Hogar_afiliadas_ante_el_Instituto_Mexicano_del_Seguro_Social",	16,"Michoacán_de_Ocampo","2024","7","1,224","104","550","525","45","296","25","105","145","21","928","79","445","380","24",
"Número_de_Personas_Trabajadoras_del_Hogar_afiliadas_ante_el_Instituto_Mexicano_del_Seguro_Social",	17,"Morelos","2024","7","1,284","111","506","623","44","468","37","154","255","22","816","74","352","368","22",
"Número_de_Personas_Trabajadoras_del_Hogar_afiliadas_ante_el_Instituto_Mexicano_del_Seguro_Social",	18,"Nayarit","2024","7","780","100","300","343","37","222","26","71","107","18","558","74","229","236","19",
"Número_de_Personas_Trabajadoras_del_Hogar_afiliadas_ante_el_Instituto_Mexicano_del_Seguro_Social",	19,"Nuevo_León","2024","7","2,604","280","1,003","1,262","59","835","73","298","444","20","1,769","207","705","818","39",
"Número_de_Personas_Trabajadoras_del_Hogar_afiliadas_ante_el_Instituto_Mexicano_del_Seguro_Social",	20,"Oaxaca","2024","7","611","79","216","297","19","215","25","62","119","9","396","54","154","178","10",
"Número_de_Personas_Trabajadoras_del_Hogar_afiliadas_ante_el_Instituto_Mexicano_del_Seguro_Social",	21,"Puebla","2024","7","1,346","101","424","767","54","434","28","93","285","28","912","73","331","482","26",
"Número_de_Personas_Trabajadoras_del_Hogar_afiliadas_ante_el_Instituto_Mexicano_del_Seguro_Social",	22,"Querétaro","2024","7","909","77","334","476","22","242","21","53","155","13","667","56","281","321","9",
"Número_de_Personas_Trabajadoras_del_Hogar_afiliadas_ante_el_Instituto_Mexicano_del_Seguro_Social",	23,"Quintana_Roo","2024","7","350","34","145","161","10","89","10","31","42","6","261","24","114","119","4",
"Número_de_Personas_Trabajadoras_del_Hogar_afiliadas_ante_el_Instituto_Mexicano_del_Seguro_Social",	24,"San_Luis_Potosí","2024","7","587","42","207","321","17","116","11","27","73","5","471","31","180","248","12",
"Número_de_Personas_Trabajadoras_del_Hogar_afiliadas_ante_el_Instituto_Mexicano_del_Seguro_Social",	25,"Sinaloa","2024","7","1,981","125","667","1,119","70","628","39","190","365","34","1,353","86","477","754","36",
"Número_de_Personas_Trabajadoras_del_Hogar_afiliadas_ante_el_Instituto_Mexicano_del_Seguro_Social",	26,"Sonora","2024","7","2,464","142","685","1,566","71","823","37","214","538","34","1,641","105","471","1,028","37",
"Número_de_Personas_Trabajadoras_del_Hogar_afiliadas_ante_el_Instituto_Mexicano_del_Seguro_Social",	27,"Tabasco","2024","7","198","9","95","90","4","61","7","27","26","1","137","2","68","64","3",
"Número_de_Personas_Trabajadoras_del_Hogar_afiliadas_ante_el_Instituto_Mexicano_del_Seguro_Social",	28,"Tamaulipas","2024","7","1,678","115","414","1,065","84","577","21","113","401","42","1,101","94","301","664","42",
"Número_de_Personas_Trabajadoras_del_Hogar_afiliadas_ante_el_Instituto_Mexicano_del_Seguro_Social",	29,"Tlaxcala","2024","7","562","81","175","289","17","259","41","76","132","10","303","40","99","157","7",
"Número_de_Personas_Trabajadoras_del_Hogar_afiliadas_ante_el_Instituto_Mexicano_del_Seguro_Social",	30,"Veracruz_de_Ignacio_de_la_Llave","2024","7","2,481","250","837","1,299","95","790","56","182","507","45","1,691","194","655","792","50",
"Número_de_Personas_Trabajadoras_del_Hogar_afiliadas_ante_el_Instituto_Mexicano_del_Seguro_Social",	31,"Yucatán","2024","7","1,389","107","491","755","36","490","36","144","291","19","899","71","347","464","17",
"Número_de_Personas_Trabajadoras_del_Hogar_afiliadas_ante_el_Instituto_Mexicano_del_Seguro_Social",	32,"Zacatecas","2024","7","272","15","91","156","10","52","ND","11","37","4","220","15","80","119","6",
"Número_de_Personas_Trabajadoras_del_Hogar_afiliadas_ante_el_Instituto_Mexicano_del_Seguro_Social",	00,"Estados_Unidos_Mexicanos","2024","6","59,076","4,615","19,782","32,618","2,061","18,657","1,295","4,988","11,398","976","40,419","3,320","14,794","21,220","1,085",
"Número_de_Personas_Trabajadoras_del_Hogar_afiliadas_ante_el_Instituto_Mexicano_del_Seguro_Social",	01,"Aguascalientes","2024","6","991","52","334","585","20","321","12","73","228","8","670","40","261","357","12",
"Número_de_Personas_Trabajadoras_del_Hogar_afiliadas_ante_el_Instituto_Mexicano_del_Seguro_Social",	02,"Baja_California","2024","6","3,295","207","787","2,165","136","1,098","60","228","738","72","2,197","147","559","1,427","64",
"Número_de_Personas_Trabajadoras_del_Hogar_afiliadas_ante_el_Instituto_Mexicano_del_Seguro_Social",	03,"Baja_California_Sur","2024","6","393","38","142","205","8","83","4","26","51","2","310","34","116","154","6",
"Número_de_Personas_Trabajadoras_del_Hogar_afiliadas_ante_el_Instituto_Mexicano_del_Seguro_Social",	04,"Campeche","2024","6","203","8","67","121","7","72","1","18","47","6","131","7","49","74","1",
"Número_de_Personas_Trabajadoras_del_Hogar_afiliadas_ante_el_Instituto_Mexicano_del_Seguro_Social",	05,"Coahuila_de_Zaragoza","2024","6","3,391","362","977","1,938","114","1,471","153","412","834","72","1,920","209","565","1,104","42",
"Número_de_Personas_Trabajadoras_del_Hogar_afiliadas_ante_el_Instituto_Mexicano_del_Seguro_Social",	06,"Colima","2024","6","625","48","217","336","24","188","20","44","116","8","437","28","173","220","16",
"Número_de_Personas_Trabajadoras_del_Hogar_afiliadas_ante_el_Instituto_Mexicano_del_Seguro_Social",	07,"Chiapas","2024","6","811","91","312","369","39","310","26","92","173","19","501","65","220","196","20",
"Número_de_Personas_Trabajadoras_del_Hogar_afiliadas_ante_el_Instituto_Mexicano_del_Seguro_Social",	08,"Chihuahua","2024","6","2,190","134","565","1,437","54","547","28","134","365","20","1,643","106","431","1,072","34",
"Número_de_Personas_Trabajadoras_del_Hogar_afiliadas_ante_el_Instituto_Mexicano_del_Seguro_Social",	09,"Ciudad_de_México","2024","6","10,944","754","3,993","5,840","357","2,549","122","706","1,600","121","8,395","632","3,287","4,240","236",
"Número_de_Personas_Trabajadoras_del_Hogar_afiliadas_ante_el_Instituto_Mexicano_del_Seguro_Social",	10,"Durango","2024","6","761","97","303","340","21","269","43","104","112","10","492","54","199","228","11",
"Número_de_Personas_Trabajadoras_del_Hogar_afiliadas_ante_el_Instituto_Mexicano_del_Seguro_Social",	11,"Guanajuato","2024","6","1,966","129","794","996","47","625","48","225","324","28","1,341","81","569","672","19",
"Número_de_Personas_Trabajadoras_del_Hogar_afiliadas_ante_el_Instituto_Mexicano_del_Seguro_Social",	12,"Guerrero","2024","6","1,336","139","591","581","25","478","48","191","227","12","858","91","400","354","13",
"Número_de_Personas_Trabajadoras_del_Hogar_afiliadas_ante_el_Instituto_Mexicano_del_Seguro_Social",	13,"Hidalgo","2024","6","733","41","215","443","34","293","15","48","208","22","440","26","167","235","12",
"Número_de_Personas_Trabajadoras_del_Hogar_afiliadas_ante_el_Instituto_Mexicano_del_Seguro_Social",	14,"Jalisco","2024","6","4,487","406","1,710","2,200","171","1,216","111","382","653","70","3,271","295","1,328","1,547","101",
"Número_de_Personas_Trabajadoras_del_Hogar_afiliadas_ante_el_Instituto_Mexicano_del_Seguro_Social",	15,"México","2024","6","6,393","384","1,781","3,917","311","2,454","114","479","1,689","172","3,939","270","1,302","2,228","139",
"Número_de_Personas_Trabajadoras_del_Hogar_afiliadas_ante_el_Instituto_Mexicano_del_Seguro_Social",	16,"Michoacán_de_Ocampo","2024","6","1,193","97","523","525","48","285","23","101","142","19","908","74","422","383","29",
"Número_de_Personas_Trabajadoras_del_Hogar_afiliadas_ante_el_Instituto_Mexicano_del_Seguro_Social",	17,"Morelos","2024","6","1,273","116","502","611","44","451","38","137","251","25","822","78","365","360","19",
"Número_de_Personas_Trabajadoras_del_Hogar_afiliadas_ante_el_Instituto_Mexicano_del_Seguro_Social",	18,"Nayarit","2024","6","746","103","278","335","30","212","23","69","106","14","534","80","209","229","16",
"Número_de_Personas_Trabajadoras_del_Hogar_afiliadas_ante_el_Instituto_Mexicano_del_Seguro_Social",	19,"Nuevo_León","2024","6","2,651","269","1,024","1,296","62","861","68","299","471","23","1,790","201","725","825","39",
"Número_de_Personas_Trabajadoras_del_Hogar_afiliadas_ante_el_Instituto_Mexicano_del_Seguro_Social",	20,"Oaxaca","2024","6","616","70","229","298","19","211","18","64","116","13","405","52","165","182","6",
"Número_de_Personas_Trabajadoras_del_Hogar_afiliadas_ante_el_Instituto_Mexicano_del_Seguro_Social",	21,"Puebla","2024","6","1,308","90","410","760","48","433","23","91","293","26","875","67","319","467","22",
"Número_de_Personas_Trabajadoras_del_Hogar_afiliadas_ante_el_Instituto_Mexicano_del_Seguro_Social",	22,"Querétaro","2024","6","897","75","315","484","23","244","25","46","159","14","653","50","269","325","9",
"Número_de_Personas_Trabajadoras_del_Hogar_afiliadas_ante_el_Instituto_Mexicano_del_Seguro_Social",	23,"Quintana_Roo","2024","6","347","32","144","158","13","97","12","33","44","8","250","20","111","114","5",
"Número_de_Personas_Trabajadoras_del_Hogar_afiliadas_ante_el_Instituto_Mexicano_del_Seguro_Social",	24,"San_Luis_Potosí","2024","6","581","44","199","323","15","126","12","33","75","6","455","32","166","248","9",
"Número_de_Personas_Trabajadoras_del_Hogar_afiliadas_ante_el_Instituto_Mexicano_del_Seguro_Social",	25,"Sinaloa","2024","6","1,971","122","658","1,129","62","636","36","188","382","30","1,335","86","470","747","32",
"Número_de_Personas_Trabajadoras_del_Hogar_afiliadas_ante_el_Instituto_Mexicano_del_Seguro_Social",	26,"Sonora","2024","6","2,422","139","645","1,558","80","823","36","208","539","40","1,599","103","437","1,019","40",
"Número_de_Personas_Trabajadoras_del_Hogar_afiliadas_ante_el_Instituto_Mexicano_del_Seguro_Social",	27,"Tabasco","2024","6","218","13","101","98","6","77","7","33","36","1","141","6","68","62","5",
"Número_de_Personas_Trabajadoras_del_Hogar_afiliadas_ante_el_Instituto_Mexicano_del_Seguro_Social",	28,"Tamaulipas","2024","6","1,693","114","416","1,078","85","604","30","110","422","42","1,089","84","306","656","43",
"Número_de_Personas_Trabajadoras_del_Hogar_afiliadas_ante_el_Instituto_Mexicano_del_Seguro_Social",	29,"Tlaxcala","2024","6","558","79","166","297","16","265","43","73","142","7","293","36","93","155","9",
"Número_de_Personas_Trabajadoras_del_Hogar_afiliadas_ante_el_Instituto_Mexicano_del_Seguro_Social",	30,"Veracruz_de_Ignacio_de_la_Llave","2024","6","2,428","237","822","1,279","90","777","57","180","499","41","1,651","180","642","780","49",
"Número_de_Personas_Trabajadoras_del_Hogar_afiliadas_ante_el_Instituto_Mexicano_del_Seguro_Social",	31,"Yucatán","2024","6","1,380","108","471","760","41","518","38","148","312","20","862","70","323","448","21",
"Número_de_Personas_Trabajadoras_del_Hogar_afiliadas_ante_el_Instituto_Mexicano_del_Seguro_Social",	32,"Zacatecas","2024","6","275","17","91","156","11","63","1","13","44","5","212","16","78","112","6",
"Número_de_Personas_Trabajadoras_del_Hogar_afiliadas_ante_el_Instituto_Mexicano_del_Seguro_Social",	00,"Estados_Unidos_Mexicanos","2024","5","60,953","4,721","20,362","33,694","2,176","19,257","1,318","5,107","11,814","1,018","41,696","3,403","15,255","21,880","1,158",
"Número_de_Personas_Trabajadoras_del_Hogar_afiliadas_ante_el_Instituto_Mexicano_del_Seguro_Social",	01,"Aguascalientes","2024","5","1,032","62","341","606","23","343","14","82","240","7","689","48","259","366","16",
"Número_de_Personas_Trabajadoras_del_Hogar_afiliadas_ante_el_Instituto_Mexicano_del_Seguro_Social",	02,"Baja_California","2024","5","3,400","212","817","2,225","146","1,148","64","243","764","77","2,252","148","574","1,461","69",
"Número_de_Personas_Trabajadoras_del_Hogar_afiliadas_ante_el_Instituto_Mexicano_del_Seguro_Social",	03,"Baja_California_Sur","2024","5","412","42","152","210","8","83","4","26","51","2","329","38","126","159","6",
"Número_de_Personas_Trabajadoras_del_Hogar_afiliadas_ante_el_Instituto_Mexicano_del_Seguro_Social",	04,"Campeche","2024","5","224","11","76","125","12","78","1","22","46","9","146","10","54","79","3",
"Número_de_Personas_Trabajadoras_del_Hogar_afiliadas_ante_el_Instituto_Mexicano_del_Seguro_Social",	05,"Coahuila_de_Zaragoza","2024","5","3,478","366","988","2,008","116","1,531","162","411","883","75","1,947","204","577","1,125","41",
"Número_de_Personas_Trabajadoras_del_Hogar_afiliadas_ante_el_Instituto_Mexicano_del_Seguro_Social",	06,"Colima","2024","5","649","47","229","349","24","187","19","43","117","8","462","28","186","232","16",
"Número_de_Personas_Trabajadoras_del_Hogar_afiliadas_ante_el_Instituto_Mexicano_del_Seguro_Social",	07,"Chiapas","2024","5","866","94","342","384","46","328","20","97","191","20","538","74","245","193","26",
"Número_de_Personas_Trabajadoras_del_Hogar_afiliadas_ante_el_Instituto_Mexicano_del_Seguro_Social",	08,"Chihuahua","2024","5","2,330","147","573","1,547","63","593","35","139","394","25","1,737","112","434","1,153","38",
"Número_de_Personas_Trabajadoras_del_Hogar_afiliadas_ante_el_Instituto_Mexicano_del_Seguro_Social",	09,"Ciudad_de_México","2024","5","11,184","785","4,070","5,948","381","2,626","138","732","1,632","124","8,558","647","3,338","4,316","257",
"Número_de_Personas_Trabajadoras_del_Hogar_afiliadas_ante_el_Instituto_Mexicano_del_Seguro_Social",	10,"Durango","2024","5","679","73","259","325","22","228","29","82","106","11","451","44","177","219","11",
"Número_de_Personas_Trabajadoras_del_Hogar_afiliadas_ante_el_Instituto_Mexicano_del_Seguro_Social",	11,"Guanajuato","2024","5","1,986","126","807","1,006","47","634","44","227","334","29","1,352","82","580","672","18",
"Número_de_Personas_Trabajadoras_del_Hogar_afiliadas_ante_el_Instituto_Mexicano_del_Seguro_Social",	12,"Guerrero","2024","5","1,402","161","620","592","29","526","59","215","237","15","876","102","405","355","14",
"Número_de_Personas_Trabajadoras_del_Hogar_afiliadas_ante_el_Instituto_Mexicano_del_Seguro_Social",	13,"Hidalgo","2024","5","790","51","231","471","37","313","15","56","221","21","477","36","175","250","16",
"Número_de_Personas_Trabajadoras_del_Hogar_afiliadas_ante_el_Instituto_Mexicano_del_Seguro_Social",	14,"Jalisco","2024","5","4,649","426","1,763","2,280","180","1,234","117","384","660","73","3,415","309","1,379","1,620","107",
"Número_de_Personas_Trabajadoras_del_Hogar_afiliadas_ante_el_Instituto_Mexicano_del_Seguro_Social",	15,"México","2024","5","6,572","399","1,846","4,009","318","2,513","117","494","1,727","175","4,059","282","1,352","2,282","143",
"Número_de_Personas_Trabajadoras_del_Hogar_afiliadas_ante_el_Instituto_Mexicano_del_Seguro_Social",	16,"Michoacán_de_Ocampo","2024","5","1,234","97","544","543","50","308","28","104","156","20","926","69","440","387","30",
"Número_de_Personas_Trabajadoras_del_Hogar_afiliadas_ante_el_Instituto_Mexicano_del_Seguro_Social",	17,"Morelos","2024","5","1,305","111","519","632","43","467","42","147","255","23","838","69","372","377","20",
"Número_de_Personas_Trabajadoras_del_Hogar_afiliadas_ante_el_Instituto_Mexicano_del_Seguro_Social",	18,"Nayarit","2024","5","765","93","297","344","31","210","21","70","106","13","555","72","227","238","18",
"Número_de_Personas_Trabajadoras_del_Hogar_afiliadas_ante_el_Instituto_Mexicano_del_Seguro_Social",	19,"Nuevo_León","2024","5","2,717","289","1,041","1,327","60","875","69","314","471","21","1,842","220","727","856","39",
"Número_de_Personas_Trabajadoras_del_Hogar_afiliadas_ante_el_Instituto_Mexicano_del_Seguro_Social",	20,"Oaxaca","2024","5","599","67","215","299","18","207","15","55","125","12","392","52","160","174","6",
"Número_de_Personas_Trabajadoras_del_Hogar_afiliadas_ante_el_Instituto_Mexicano_del_Seguro_Social",	21,"Puebla","2024","5","1,323","88","410","779","46","449","24","94","307","24","874","64","316","472","22",
"Número_de_Personas_Trabajadoras_del_Hogar_afiliadas_ante_el_Instituto_Mexicano_del_Seguro_Social",	22,"Querétaro","2024","5","932","80","337","492","23","251","17","45","175","14","681","63","292","317","9",
"Número_de_Personas_Trabajadoras_del_Hogar_afiliadas_ante_el_Instituto_Mexicano_del_Seguro_Social",	23,"Quintana_Roo","2024","5","357","28","150","168","11","102","10","34","51","7","255","18","116","117","4",
"Número_de_Personas_Trabajadoras_del_Hogar_afiliadas_ante_el_Instituto_Mexicano_del_Seguro_Social",	24,"San_Luis_Potosí","2024","5","588","39","210","321","18","118","9","29","73","7","470","30","181","248","11",
"Número_de_Personas_Trabajadoras_del_Hogar_afiliadas_ante_el_Instituto_Mexicano_del_Seguro_Social",	25,"Sinaloa","2024","5","2,097","132","694","1,202","69","666","37","202","395","32","1,431","95","492","807","37",
"Número_de_Personas_Trabajadoras_del_Hogar_afiliadas_ante_el_Instituto_Mexicano_del_Seguro_Social",	26,"Sonora","2024","5","2,563","139","677","1,656","91","869","35","210","578","46","1,694","104","467","1,078","45",
"Número_de_Personas_Trabajadoras_del_Hogar_afiliadas_ante_el_Instituto_Mexicano_del_Seguro_Social",	27,"Tabasco","2024","5","213","13","87","106","7","69","7","22","39","1","144","6","65","67","6",
"Número_de_Personas_Trabajadoras_del_Hogar_afiliadas_ante_el_Instituto_Mexicano_del_Seguro_Social",	28,"Tamaulipas","2024","5","1,768","99","430","1,152","87","627","28","106","448","45","1,141","71","324","704","42",
"Número_de_Personas_Trabajadoras_del_Hogar_afiliadas_ante_el_Instituto_Mexicano_del_Seguro_Social",	29,"Tlaxcala","2024","5","556","77","170","293","16","251","42","71","131","7","305","35","99","162","9",
"Número_de_Personas_Trabajadoras_del_Hogar_afiliadas_ante_el_Instituto_Mexicano_del_Seguro_Social",	30,"Veracruz_de_Ignacio_de_la_Llave","2024","5","2,563","235","881","1,343","104","832","55","190","538","49","1,731","180","691","805","55",
"Número_de_Personas_Trabajadoras_del_Hogar_afiliadas_ante_el_Instituto_Mexicano_del_Seguro_Social",	31,"Yucatán","2024","5","1,429","113","488","788","40","530","39","150","320","21","899","74","338","468","19",
"Número_de_Personas_Trabajadoras_del_Hogar_afiliadas_ante_el_Instituto_Mexicano_del_Seguro_Social",	32,"Zacatecas","2024","5","291","19","98","164","10","61","2","11","43","5","230","17","87","121","5",
"Número_de_Personas_Trabajadoras_del_Hogar_afiliadas_ante_el_Instituto_Mexicano_del_Seguro_Social",	00,"Estados_Unidos_Mexicanos","2024","4","61,414","4,805","20,214","34,219","2,176","19,426","1,312","5,027","12,063","1,024","41,988","3,493","15,187","22,156","1,152",
"Número_de_Personas_Trabajadoras_del_Hogar_afiliadas_ante_el_Instituto_Mexicano_del_Seguro_Social",	01,"Aguascalientes","2024","4","1,067","60","352","629","26","347","13","77","247","10","720","47","275","382","16",
"Número_de_Personas_Trabajadoras_del_Hogar_afiliadas_ante_el_Instituto_Mexicano_del_Seguro_Social",	02,"Baja_California","2024","4","3,362","211","793","2,215","143","1,125","62","232","759","72","2,237","149","561","1,456","71",
"Número_de_Personas_Trabajadoras_del_Hogar_afiliadas_ante_el_Instituto_Mexicano_del_Seguro_Social",	03,"Baja_California_Sur","2024","4","404","34","145","217","8","83","2","27","52","2","321","32","118","165","6",
"Número_de_Personas_Trabajadoras_del_Hogar_afiliadas_ante_el_Instituto_Mexicano_del_Seguro_Social",	04,"Campeche","2024","4","210","10","71","120","9","75","1","23","44","7","135","9","48","76","2",
"Número_de_Personas_Trabajadoras_del_Hogar_afiliadas_ante_el_Instituto_Mexicano_del_Seguro_Social",	05,"Coahuila_de_Zaragoza","2024","4","3,300","321","871","1,998","110","1,468","149","360","889","70","1,832","172","511","1,109","40",
"Número_de_Personas_Trabajadoras_del_Hogar_afiliadas_ante_el_Instituto_Mexicano_del_Seguro_Social",	06,"Colima","2024","4","639","46","220","347","26","180","20","40","112","8","459","26","180","235","18",
"Número_de_Personas_Trabajadoras_del_Hogar_afiliadas_ante_el_Instituto_Mexicano_del_Seguro_Social",	07,"Chiapas","2024","4","885","95","342","401","47","345","25","92","206","22","540","70","250","195","25",
"Número_de_Personas_Trabajadoras_del_Hogar_afiliadas_ante_el_Instituto_Mexicano_del_Seguro_Social",	08,"Chihuahua","2024","4","2,388","152","576","1,597","63","601","32","138","409","22","1,787","120","438","1,188","41",
"Número_de_Personas_Trabajadoras_del_Hogar_afiliadas_ante_el_Instituto_Mexicano_del_Seguro_Social",	09,"Ciudad_de_México","2024","4","11,324","835","4,100","6,007","382","2,659","139","732","1,656","132","8,665","696","3,368","4,351","250",
"Número_de_Personas_Trabajadoras_del_Hogar_afiliadas_ante_el_Instituto_Mexicano_del_Seguro_Social",	10,"Durango","2024","4","850","107","351","370","22","318","47","128","131","12","532","60","223","239","10",
"Número_de_Personas_Trabajadoras_del_Hogar_afiliadas_ante_el_Instituto_Mexicano_del_Seguro_Social",	11,"Guanajuato","2024","4","1,946","135","765","999","47","629","49","216","335","29","1,317","86","549","664","18",
"Número_de_Personas_Trabajadoras_del_Hogar_afiliadas_ante_el_Instituto_Mexicano_del_Seguro_Social",	12,"Guerrero","2024","4","1,404","157","602","614","31","498","52","192","238","16","906","105","410","376","15",
"Número_de_Personas_Trabajadoras_del_Hogar_afiliadas_ante_el_Instituto_Mexicano_del_Seguro_Social",	13,"Hidalgo","2024","4","828","63","236","490","39","325","17","58","226","24","503","46","178","264","15",
"Número_de_Personas_Trabajadoras_del_Hogar_afiliadas_ante_el_Instituto_Mexicano_del_Seguro_Social",	14,"Jalisco","2024","4","4,654","431","1,722","2,327","174","1,250","112","378","690","70","3,404","319","1,344","1,637","104",
"Número_de_Personas_Trabajadoras_del_Hogar_afiliadas_ante_el_Instituto_Mexicano_del_Seguro_Social",	15,"México","2024","4","6,641","408","1,877","4,041","315","2,530","121","505","1,731","173","4,111","287","1,372","2,310","142",
"Número_de_Personas_Trabajadoras_del_Hogar_afiliadas_ante_el_Instituto_Mexicano_del_Seguro_Social",	16,"Michoacán_de_Ocampo","2024","4","1,234","100","540","546","48","302","27","102","153","20","932","73","438","393","28",
"Número_de_Personas_Trabajadoras_del_Hogar_afiliadas_ante_el_Instituto_Mexicano_del_Seguro_Social",	17,"Morelos","2024","4","1,285","99","506","635","45","460","31","140","264","25","825","68","366","371","20",
"Número_de_Personas_Trabajadoras_del_Hogar_afiliadas_ante_el_Instituto_Mexicano_del_Seguro_Social",	18,"Nayarit","2024","4","768","98","291","345","34","210","21","71","103","15","558","77","220","242","19",
"Número_de_Personas_Trabajadoras_del_Hogar_afiliadas_ante_el_Instituto_Mexicano_del_Seguro_Social",	19,"Nuevo_León","2024","4","2,724","273","1,044","1,345","62","862","64","302","474","22","1,862","209","742","871","40",
"Número_de_Personas_Trabajadoras_del_Hogar_afiliadas_ante_el_Instituto_Mexicano_del_Seguro_Social",	20,"Oaxaca","2024","4","598","68","217","299","14","207","14","56","128","9","391","54","161","171","5",
"Número_de_Personas_Trabajadoras_del_Hogar_afiliadas_ante_el_Instituto_Mexicano_del_Seguro_Social",	21,"Puebla","2024","4","1,331","92","406","790","43","454","25","95","312","22","877","67","311","478","21",
"Número_de_Personas_Trabajadoras_del_Hogar_afiliadas_ante_el_Instituto_Mexicano_del_Seguro_Social",	22,"Querétaro","2024","4","913","77","325","487","24","247","17","42","173","15","666","60","283","314","9",
"Número_de_Personas_Trabajadoras_del_Hogar_afiliadas_ante_el_Instituto_Mexicano_del_Seguro_Social",	23,"Quintana_Roo","2024","4","347","24","140","172","11","94","6","29","52","7","253","18","111","120","4",
"Número_de_Personas_Trabajadoras_del_Hogar_afiliadas_ante_el_Instituto_Mexicano_del_Seguro_Social",	24,"San_Luis_Potosí","2024","4","594","32","211","331","20","126","9","30","80","7","468","23","181","251","13",
"Número_de_Personas_Trabajadoras_del_Hogar_afiliadas_ante_el_Instituto_Mexicano_del_Seguro_Social",	25,"Sinaloa","2024","4","2,147","146","688","1,243","70","700","43","207","418","32","1,447","103","481","825","38",
"Número_de_Personas_Trabajadoras_del_Hogar_afiliadas_ante_el_Instituto_Mexicano_del_Seguro_Social",	26,"Sonora","2024","4","2,642","135","673","1,733","101","927","33","213","630","51","1,715","102","460","1,103","50",
"Número_de_Personas_Trabajadoras_del_Hogar_afiliadas_ante_el_Instituto_Mexicano_del_Seguro_Social",	27,"Tabasco","2024","4","211","14","87","104","6","67","6","20","40","1","144","8","67","64","5",
"Número_de_Personas_Trabajadoras_del_Hogar_afiliadas_ante_el_Instituto_Mexicano_del_Seguro_Social",	28,"Tamaulipas","2024","4","1,795","107","431","1,166","91","630","24","106","452","48","1,165","83","325","714","43",
"Número_de_Personas_Trabajadoras_del_Hogar_afiliadas_ante_el_Instituto_Mexicano_del_Seguro_Social",	29,"Tlaxcala","2024","4","556","77","165","299","15","249","44","70","124","11","307","33","95","175","4",
"Número_de_Personas_Trabajadoras_del_Hogar_afiliadas_ante_el_Instituto_Mexicano_del_Seguro_Social",	30,"Veracruz_de_Ignacio_de_la_Llave","2024","4","2,617","258","882","1,398","79","932","73","219","605","35","1,685","185","663","793","44",
"Número_de_Personas_Trabajadoras_del_Hogar_afiliadas_ante_el_Instituto_Mexicano_del_Seguro_Social",	31,"Yucatán","2024","4","1,456","116","491","808","41","542","43","144","336","19","914","73","347","472","22",
"Número_de_Personas_Trabajadoras_del_Hogar_afiliadas_ante_el_Instituto_Mexicano_del_Seguro_Social",	32,"Zacatecas","2024","4","294","19","101","165","9","65","2","14","44","5","229","17","87","121","4",
"Número_de_Personas_Trabajadoras_del_Hogar_afiliadas_ante_el_Instituto_Mexicano_del_Seguro_Social",	00,"Estados_Unidos_Mexicanos","2024","3","61,202","4,600","19,851","34,600","2,151","19,328","1,205","4,846","12,258","1,019","41,874","3,395","15,005","22,342","1,132",
"Número_de_Personas_Trabajadoras_del_Hogar_afiliadas_ante_el_Instituto_Mexicano_del_Seguro_Social",	01,"Aguascalientes","2024","3","1,116","61","342","687","26","372","13","77","273","9","744","48","265","414","17",
"Número_de_Personas_Trabajadoras_del_Hogar_afiliadas_ante_el_Instituto_Mexicano_del_Seguro_Social",	02,"Baja_California","2024","3","2,973","190","681","1,984","118","954","50","183","667","54","2,019","140","498","1,317","64",
"Número_de_Personas_Trabajadoras_del_Hogar_afiliadas_ante_el_Instituto_Mexicano_del_Seguro_Social",	03,"Baja_California_Sur","2024","3","408","34","153","212","9","83","2","28","50","3","325","32","125","162","6",
"Número_de_Personas_Trabajadoras_del_Hogar_afiliadas_ante_el_Instituto_Mexicano_del_Seguro_Social",	04,"Campeche","2024","3","218","16","70","124","8","72","3","19","44","6","146","13","51","80","2",
"Número_de_Personas_Trabajadoras_del_Hogar_afiliadas_ante_el_Instituto_Mexicano_del_Seguro_Social",	05,"Coahuila_de_Zaragoza","2024","3","3,051","215","725","2,007","104","1,352","94","280","913","65","1,699","121","445","1,094","39",
"Número_de_Personas_Trabajadoras_del_Hogar_afiliadas_ante_el_Instituto_Mexicano_del_Seguro_Social",	06,"Colima","2024","3","654","42","222","364","26","184","17","38","119","10","470","25","184","245","16",
"Número_de_Personas_Trabajadoras_del_Hogar_afiliadas_ante_el_Instituto_Mexicano_del_Seguro_Social",	07,"Chiapas","2024","3","894","93","340","421","40","346","28","95","205","18","548","65","245","216","22",
"Número_de_Personas_Trabajadoras_del_Hogar_afiliadas_ante_el_Instituto_Mexicano_del_Seguro_Social",	08,"Chihuahua","2024","3","2,412","147","587","1,622","56","612","34","136","422","20","1,800","113","451","1,200","36",
"Número_de_Personas_Trabajadoras_del_Hogar_afiliadas_ante_el_Instituto_Mexicano_del_Seguro_Social",	09,"Ciudad_de_México","2024","3","11,196","807","4,066","5,965","358","2,614","132","702","1,654","126","8,582","675","3,364","4,311","232",
"Número_de_Personas_Trabajadoras_del_Hogar_afiliadas_ante_el_Instituto_Mexicano_del_Seguro_Social",	10,"Durango","2024","3","668","64","246","336","22","205","21","70","104","10","463","43","176","232","12",
"Número_de_Personas_Trabajadoras_del_Hogar_afiliadas_ante_el_Instituto_Mexicano_del_Seguro_Social",	11,"Guanajuato","2024","3","1,910","125","740","997","48","625","46","205","345","29","1,285","79","535","652","19",
"Número_de_Personas_Trabajadoras_del_Hogar_afiliadas_ante_el_Instituto_Mexicano_del_Seguro_Social",	12,"Guerrero","2024","3","1,448","175","610","627","36","520","61","192","245","22","928","114","418","382","14",
"Número_de_Personas_Trabajadoras_del_Hogar_afiliadas_ante_el_Instituto_Mexicano_del_Seguro_Social",	13,"Hidalgo","2024","3","804","60","220","484","40","306","16","53","213","24","498","44","167","271","16",
"Número_de_Personas_Trabajadoras_del_Hogar_afiliadas_ante_el_Instituto_Mexicano_del_Seguro_Social",	14,"Jalisco","2024","3","4,608","417","1,722","2,302","167","1,244","103","393","682","66","3,364","314","1,329","1,620","101",
"Número_de_Personas_Trabajadoras_del_Hogar_afiliadas_ante_el_Instituto_Mexicano_del_Seguro_Social",	15,"México","2024","3","6,649","395","1,833","4,092","329","2,546","109","499","1,751","187","4,103","286","1,334","2,341","142",
"Número_de_Personas_Trabajadoras_del_Hogar_afiliadas_ante_el_Instituto_Mexicano_del_Seguro_Social",	16,"Michoacán_de_Ocampo","2024","3","1,245","102","537","556","50","306","27","103","156","20","939","75","434","400","30",
"Número_de_Personas_Trabajadoras_del_Hogar_afiliadas_ante_el_Instituto_Mexicano_del_Seguro_Social",	17,"Morelos","2024","3","1,289","99","489","658","43","456","28","133","270","25","833","71","356","388","18",
"Número_de_Personas_Trabajadoras_del_Hogar_afiliadas_ante_el_Instituto_Mexicano_del_Seguro_Social",	18,"Nayarit","2024","3","772","94","312","332","34","214","18","77","102","17","558","76","235","230","17",
"Número_de_Personas_Trabajadoras_del_Hogar_afiliadas_ante_el_Instituto_Mexicano_del_Seguro_Social",	19,"Nuevo_León","2024","3","2,764","273","1,042","1,390","59","882","65","295","502","20","1,882","208","747","888","39",
"Número_de_Personas_Trabajadoras_del_Hogar_afiliadas_ante_el_Instituto_Mexicano_del_Seguro_Social",	20,"Oaxaca","2024","3","577","62","196","299","20","197","12","47","128","10","380","50","149","171","10",
"Número_de_Personas_Trabajadoras_del_Hogar_afiliadas_ante_el_Instituto_Mexicano_del_Seguro_Social",	21,"Puebla","2024","3","1,341","95","404","799","43","487","29","103","331","24","854","66","301","468","19",
"Número_de_Personas_Trabajadoras_del_Hogar_afiliadas_ante_el_Instituto_Mexicano_del_Seguro_Social",	22,"Querétaro","2024","3","908","78","324","486","20","253","18","45","178","12","655","60","279","308","8",
"Número_de_Personas_Trabajadoras_del_Hogar_afiliadas_ante_el_Instituto_Mexicano_del_Seguro_Social",	23,"Quintana_Roo","2024","3","355","27","136","181","11","104","7","31","59","7","251","20","105","122","4",
"Número_de_Personas_Trabajadoras_del_Hogar_afiliadas_ante_el_Instituto_Mexicano_del_Seguro_Social",	24,"San_Luis_Potosí","2024","3","608","34","214","343","17","128","9","29","86","4","480","25","185","257","13",
"Número_de_Personas_Trabajadoras_del_Hogar_afiliadas_ante_el_Instituto_Mexicano_del_Seguro_Social",	25,"Sinaloa","2024","3","2,218","146","705","1,290","77","711","39","212","424","36","1,507","107","493","866","41",
"Número_de_Personas_Trabajadoras_del_Hogar_afiliadas_ante_el_Instituto_Mexicano_del_Seguro_Social",	26,"Sonora","2024","3","3,113","170","778","2,037","128","1,139","49","264","757","69","1,974","121","514","1,280","59",
"Número_de_Personas_Trabajadoras_del_Hogar_afiliadas_ante_el_Instituto_Mexicano_del_Seguro_Social",	27,"Tabasco","2024","3","206","15","87","96","8","67","6","23","36","2","139","9","64","60","6",
"Número_de_Personas_Trabajadoras_del_Hogar_afiliadas_ante_el_Instituto_Mexicano_del_Seguro_Social",	28,"Tamaulipas","2024","3","1,448","72","342","972","62","511","15","91","375","30","937","57","251","597","32",
"Número_de_Personas_Trabajadoras_del_Hogar_afiliadas_ante_el_Instituto_Mexicano_del_Seguro_Social",	29,"Tlaxcala","2024","3","558","70","170","304","14","248","39","67","134","8","310","31","103","170","6",
"Número_de_Personas_Trabajadoras_del_Hogar_afiliadas_ante_el_Instituto_Mexicano_del_Seguro_Social",	30,"Veracruz_de_Ignacio_de_la_Llave","2024","3","3,012","280","977","1,626","129","980","69","206","644","61","2,032","211","771","982","68",
"Número_de_Personas_Trabajadoras_del_Hogar_afiliadas_ante_el_Instituto_Mexicano_del_Seguro_Social",	31,"Yucatán","2024","3","1,501","123","484","853","41","558","44","139","355","20","943","79","345","498","21",
"Número_de_Personas_Trabajadoras_del_Hogar_afiliadas_ante_el_Instituto_Mexicano_del_Seguro_Social",	32,"Zacatecas","2024","3","278","19","97","154","8","52","2","11","34","5","226","17","86","120","3",
"Número_de_Personas_Trabajadoras_del_Hogar_afiliadas_ante_el_Instituto_Mexicano_del_Seguro_Social",	00,"Estados_Unidos_Mexicanos","2024","2","62,831","4,801","20,464","35,415","2,151","20,325","1,317","5,199","12,790","1,019","42,506","3,484","15,265","22,625","1,132",
"Número_de_Personas_Trabajadoras_del_Hogar_afiliadas_ante_el_Instituto_Mexicano_del_Seguro_Social",	01,"Aguascalientes","2024","2","1,210","71","370","741","28","446","24","98","313","11","764","47","272","428","17",
"Número_de_Personas_Trabajadoras_del_Hogar_afiliadas_ante_el_Instituto_Mexicano_del_Seguro_Social",	02,"Baja_California","2024","2","2,957","173","685","1,982","117","964","49","186","677","52","1,993","124","499","1,305","65",
"Número_de_Personas_Trabajadoras_del_Hogar_afiliadas_ante_el_Instituto_Mexicano_del_Seguro_Social",	03,"Baja_California_Sur","2024","2","396","27","146","216","7","82","2","25","53","2","314","25","121","163","5",
"Número_de_Personas_Trabajadoras_del_Hogar_afiliadas_ante_el_Instituto_Mexicano_del_Seguro_Social",	04,"Campeche","2024","2","219","19","73","119","8","77","6","18","47","6","142","13","55","72","2",
"Número_de_Personas_Trabajadoras_del_Hogar_afiliadas_ante_el_Instituto_Mexicano_del_Seguro_Social",	05,"Coahuila_de_Zaragoza","2024","2","3,325","269","872","2,081","103","1,486","120","364","938","64","1,839","149","508","1,143","39",
"Número_de_Personas_Trabajadoras_del_Hogar_afiliadas_ante_el_Instituto_Mexicano_del_Seguro_Social",	06,"Colima","2024","2","686","44","233","381","28","201","15","45","130","11","485","29","188","251","17",
"Número_de_Personas_Trabajadoras_del_Hogar_afiliadas_ante_el_Instituto_Mexicano_del_Seguro_Social",	07,"Chiapas","2024","2","928","92","359","436","41","364","24","103","220","17","564","68","256","216","24",
"Número_de_Personas_Trabajadoras_del_Hogar_afiliadas_ante_el_Instituto_Mexicano_del_Seguro_Social",	08,"Chihuahua","2024","2","2,469","134","630","1,644","61","650","34","160","434","22","1,819","100","470","1,210","39",
"Número_de_Personas_Trabajadoras_del_Hogar_afiliadas_ante_el_Instituto_Mexicano_del_Seguro_Social",	09,"Ciudad_de_México","2024","2","11,233","836","4,056","5,985","356","2,651","140","707","1,678","126","8,582","696","3,349","4,307","230",
"Número_de_Personas_Trabajadoras_del_Hogar_afiliadas_ante_el_Instituto_Mexicano_del_Seguro_Social",	10,"Durango","2024","2","859","111","383","345","20","321","45","162","105","9","538","66","221","240","11",
"Número_de_Personas_Trabajadoras_del_Hogar_afiliadas_ante_el_Instituto_Mexicano_del_Seguro_Social",	11,"Guanajuato","2024","2","1,944","121","753","1,022","48","642","42","203","371","26","1,302","79","550","651","22",
"Número_de_Personas_Trabajadoras_del_Hogar_afiliadas_ante_el_Instituto_Mexicano_del_Seguro_Social",	12,"Guerrero","2024","2","1,485","186","620","645","34","538","62","194","261","21","947","124","426","384","13",
"Número_de_Personas_Trabajadoras_del_Hogar_afiliadas_ante_el_Instituto_Mexicano_del_Seguro_Social",	13,"Hidalgo","2024","2","834","58","217","519","40","341","18","58","239","26","493","40","159","280","14",
"Número_de_Personas_Trabajadoras_del_Hogar_afiliadas_ante_el_Instituto_Mexicano_del_Seguro_Social",	14,"Jalisco","2024","2","4,636","423","1,755","2,291","167","1,287","109","412","698","68","3,349","314","1,343","1,593","99",
"Número_de_Personas_Trabajadoras_del_Hogar_afiliadas_ante_el_Instituto_Mexicano_del_Seguro_Social",	15,"México","2024","2","6,727","402","1,853","4,148","324","2,589","115","501","1,788","185","4,138","287","1,352","2,360","139",
"Número_de_Personas_Trabajadoras_del_Hogar_afiliadas_ante_el_Instituto_Mexicano_del_Seguro_Social",	16,"Michoacán_de_Ocampo","2024","2","1,281","109","562","556","54","327","31","112","162","22","954","78","450","394","32",
"Número_de_Personas_Trabajadoras_del_Hogar_afiliadas_ante_el_Instituto_Mexicano_del_Seguro_Social",	17,"Morelos","2024","2","1,326","100","491","691","44","480","32","130","293","25","846","68","361","398","19",
"Número_de_Personas_Trabajadoras_del_Hogar_afiliadas_ante_el_Instituto_Mexicano_del_Seguro_Social",	18,"Nayarit","2024","2","771","95","299","341","36","203","19","70","96","18","568","76","229","245","18",
"Número_de_Personas_Trabajadoras_del_Hogar_afiliadas_ante_el_Instituto_Mexicano_del_Seguro_Social",	19,"Nuevo_León","2024","2","2,861","280","1,033","1,489","59","941","66","313","543","19","1,920","214","720","946","40",
"Número_de_Personas_Trabajadoras_del_Hogar_afiliadas_ante_el_Instituto_Mexicano_del_Seguro_Social",	20,"Oaxaca","2024","2","586","60","206","301","19","213","14","54","133","12","373","46","152","168","7",
"Número_de_Personas_Trabajadoras_del_Hogar_afiliadas_ante_el_Instituto_Mexicano_del_Seguro_Social",	21,"Puebla","2024","2","1,389","99","417","831","42","486","26","103","334","23","903","73","314","497","19",
"Número_de_Personas_Trabajadoras_del_Hogar_afiliadas_ante_el_Instituto_Mexicano_del_Seguro_Social",	22,"Querétaro","2024","2","923","80","322","502","19","269","15","45","197","12","654","65","277","305","7",
"Número_de_Personas_Trabajadoras_del_Hogar_afiliadas_ante_el_Instituto_Mexicano_del_Seguro_Social",	23,"Quintana_Roo","2024","2","363","28","134","191","10","100","4","23","68","5","263","24","111","123","5",
"Número_de_Personas_Trabajadoras_del_Hogar_afiliadas_ante_el_Instituto_Mexicano_del_Seguro_Social",	24,"San_Luis_Potosí","2024","2","606","35","205","349","17","129","8","24","90","7","477","27","181","259","10",
"Número_de_Personas_Trabajadoras_del_Hogar_afiliadas_ante_el_Instituto_Mexicano_del_Seguro_Social",	25,"Sinaloa","2024","2","2,404","171","781","1,368","84","810","52","250","468","40","1,594","119","531","900","44",
"Número_de_Personas_Trabajadoras_del_Hogar_afiliadas_ante_el_Instituto_Mexicano_del_Seguro_Social",	26,"Sonora","2024","2","3,239","173","820","2,114","132","1,194","53","279","789","73","2,045","120","541","1,325","59",
"Número_de_Personas_Trabajadoras_del_Hogar_afiliadas_ante_el_Instituto_Mexicano_del_Seguro_Social",	27,"Tabasco","2024","2","226","19","94","104","9","70","8","24","36","2","156","11","70","68","7",
"Número_de_Personas_Trabajadoras_del_Hogar_afiliadas_ante_el_Instituto_Mexicano_del_Seguro_Social",	28,"Tamaulipas","2024","2","1,461","75","350","977","59","525","18","92","390","25","936","57","258","587","34",
"Número_de_Personas_Trabajadoras_del_Hogar_afiliadas_ante_el_Instituto_Mexicano_del_Seguro_Social",	29,"Tlaxcala","2024","2","583","88","171","312","12","265","47","70","141","7","318","41","101","171","5",
"Número_de_Personas_Trabajadoras_del_Hogar_afiliadas_ante_el_Instituto_Mexicano_del_Seguro_Social",	30,"Veracruz_de_Ignacio_de_la_Llave","2024","2","3,058","287","984","1,663","124","1,029","74","208","690","57","2,029","213","776","973","67",
"Número_de_Personas_Trabajadoras_del_Hogar_afiliadas_ante_el_Instituto_Mexicano_del_Seguro_Social",	31,"Yucatán","2024","2","1,578","118","505","914","41","593","43","154","375","21","985","75","351","539","20",
"Número_de_Personas_Trabajadoras_del_Hogar_afiliadas_ante_el_Instituto_Mexicano_del_Seguro_Social",	32,"Zacatecas","2024","2","268","18","85","157","8","52","2","12","33","5","216","16","73","124","3",
"Número_de_Personas_Trabajadoras_del_Hogar_afiliadas_ante_el_Instituto_Mexicano_del_Seguro_Social",	00,"Estados_Unidos_Mexicanos","2024","1","64,639","4,304","19,811","37,731","2,793","21,111","1,169","5,038","13,576","1,328","43,528","3,135","14,773","24,155","1,465",
"Número_de_Personas_Trabajadoras_del_Hogar_afiliadas_ante_el_Instituto_Mexicano_del_Seguro_Social",	01,"Aguascalientes","2024","1","1,302","55","338","857","52","480","12","79","368","21","822","43","259","489","31",
"Número_de_Personas_Trabajadoras_del_Hogar_afiliadas_ante_el_Instituto_Mexicano_del_Seguro_Social",	02,"Baja_California","2024","1","3,468","224","775","2,295","174","1,200","74","228","811","87","2,268","150","547","1,484","87",
"Número_de_Personas_Trabajadoras_del_Hogar_afiliadas_ante_el_Instituto_Mexicano_del_Seguro_Social",	03,"Baja_California_Sur","2024","1","407","25","136","236","10","81","2","22","53","4","326","23","114","183","6",
"Número_de_Personas_Trabajadoras_del_Hogar_afiliadas_ante_el_Instituto_Mexicano_del_Seguro_Social",	04,"Campeche","2024","1","198","14","62","114","8","70","4","15","44","7","128","10","47","70","1",
"Número_de_Personas_Trabajadoras_del_Hogar_afiliadas_ante_el_Instituto_Mexicano_del_Seguro_Social",	05,"Coahuila_de_Zaragoza","2024","1","3,464","281","887","2,168","128","1,542","109","368","988","77","1,922","172","519","1,180","51",
"Número_de_Personas_Trabajadoras_del_Hogar_afiliadas_ante_el_Instituto_Mexicano_del_Seguro_Social",	06,"Colima","2024","1","706","37","231","396","42","204","14","41","130","19","502","23","190","266","23",
"Número_de_Personas_Trabajadoras_del_Hogar_afiliadas_ante_el_Instituto_Mexicano_del_Seguro_Social",	07,"Chiapas","2024","1","997","102","371","470","54","397","28","117","224","28","600","74","254","246","26",
"Número_de_Personas_Trabajadoras_del_Hogar_afiliadas_ante_el_Instituto_Mexicano_del_Seguro_Social",	08,"Chihuahua","2024","1","2,540","120","585","1,752","83","666","29","151","457","29","1,874","91","434","1,295","54",
"Número_de_Personas_Trabajadoras_del_Hogar_afiliadas_ante_el_Instituto_Mexicano_del_Seguro_Social",	09,"Ciudad_de_México","2024","1","11,408","737","3,855","6,358","458","2,708","122","683","1,742","161","8,700","615","3,172","4,616","297",
"Número_de_Personas_Trabajadoras_del_Hogar_afiliadas_ante_el_Instituto_Mexicano_del_Seguro_Social",	10,"Durango","2024","1","807","93","317","366","31","272","38","116","104","14","535","55","201","262","17",
"Número_de_Personas_Trabajadoras_del_Hogar_afiliadas_ante_el_Instituto_Mexicano_del_Seguro_Social",	11,"Guanajuato","2024","1","1,964","111","711","1,074","68","642","40","191","375","36","1,322","71","520","699","32",
"Número_de_Personas_Trabajadoras_del_Hogar_afiliadas_ante_el_Instituto_Mexicano_del_Seguro_Social",	12,"Guerrero","2024","1","1,499","160","599","693","47","547","49","190","283","25","952","111","409","410","22",
"Número_de_Personas_Trabajadoras_del_Hogar_afiliadas_ante_el_Instituto_Mexicano_del_Seguro_Social",	13,"Hidalgo","2024","1","870","52","217","551","50","365","16","61","259","29","505","36","156","292","21",
"Número_de_Personas_Trabajadoras_del_Hogar_afiliadas_ante_el_Instituto_Mexicano_del_Seguro_Social",	14,"Jalisco","2024","1","4,730","379","1,690","2,455","206","1,356","102","416","749","89","3,374","277","1,274","1,706","117",
"Número_de_Personas_Trabajadoras_del_Hogar_afiliadas_ante_el_Instituto_Mexicano_del_Seguro_Social",	15,"México","2024","1","6,907","343","1,814","4,335","415","2,710","103","466","1,903","238","4,197","240","1,348","2,432","177",
"Número_de_Personas_Trabajadoras_del_Hogar_afiliadas_ante_el_Instituto_Mexicano_del_Seguro_Social",	16,"Michoacán_de_Ocampo","2024","1","1,373","96","588","622","67","335","18","123","169","25","1,038","78","465","453","42",
"Número_de_Personas_Trabajadoras_del_Hogar_afiliadas_ante_el_Instituto_Mexicano_del_Seguro_Social",	17,"Morelos","2024","1","1,374","89","490","741","54","501","30","136","305","30","873","59","354","436","24",
"Número_de_Personas_Trabajadoras_del_Hogar_afiliadas_ante_el_Instituto_Mexicano_del_Seguro_Social",	18,"Nayarit","2024","1","818","84","318","377","39","224","17","76","111","20","594","67","242","266","19",
"Número_de_Personas_Trabajadoras_del_Hogar_afiliadas_ante_el_Instituto_Mexicano_del_Seguro_Social",	19,"Nuevo_León","2024","1","2,909","238","1,009","1,587","75","960","61","302","567","30","1,949","177","707","1,020","45",
"Número_de_Personas_Trabajadoras_del_Hogar_afiliadas_ante_el_Instituto_Mexicano_del_Seguro_Social",	20,"Oaxaca","2024","1","602","48","227","303","24","214","12","56","130","16","388","36","171","173","8",
"Número_de_Personas_Trabajadoras_del_Hogar_afiliadas_ante_el_Instituto_Mexicano_del_Seguro_Social",	21,"Puebla","2024","1","1,435","82","410","877","66","495","24","92","346","33","940","58","318","531","33",
"Número_de_Personas_Trabajadoras_del_Hogar_afiliadas_ante_el_Instituto_Mexicano_del_Seguro_Social",	22,"Querétaro","2024","1","928","66","308","527","27","271","14","49","194","14","657","52","259","333","13",
"Número_de_Personas_Trabajadoras_del_Hogar_afiliadas_ante_el_Instituto_Mexicano_del_Seguro_Social",	23,"Quintana_Roo","2024","1","350","17","119","200","14","98","2","22","66","8","252","15","97","134","6",
"Número_de_Personas_Trabajadoras_del_Hogar_afiliadas_ante_el_Instituto_Mexicano_del_Seguro_Social",	24,"San_Luis_Potosí","2024","1","599","28","192","356","23","134","6","24","93","11","465","22","168","263","12",
"Número_de_Personas_Trabajadoras_del_Hogar_afiliadas_ante_el_Instituto_Mexicano_del_Seguro_Social",	25,"Sinaloa","2024","1","2,613","159","746","1,593","115","900","44","240","564","52","1,713","115","506","1,029","63",
"Número_de_Personas_Trabajadoras_del_Hogar_afiliadas_ante_el_Instituto_Mexicano_del_Seguro_Social",	26,"Sonora","2024","1","2,905","131","656","1,985","133","1,059","40","203","745","71","1,846","91","453","1,240","62",
"Número_de_Personas_Trabajadoras_del_Hogar_afiliadas_ante_el_Instituto_Mexicano_del_Seguro_Social",	27,"Tabasco","2024","1","215","19","82","104","10","66","9","19","35","3","149","10","63","69","7",
"Número_de_Personas_Trabajadoras_del_Hogar_afiliadas_ante_el_Instituto_Mexicano_del_Seguro_Social",	28,"Tamaulipas","2024","1","1,890","92","414","1,280","104","654","17","102","485","50","1,236","75","312","795","54",
"Número_de_Personas_Trabajadoras_del_Hogar_afiliadas_ante_el_Instituto_Mexicano_del_Seguro_Social",	29,"Tlaxcala","2024","1","606","72","167","345","22","277","36","72","157","12","329","36","95","188","10",
"Número_de_Personas_Trabajadoras_del_Hogar_afiliadas_ante_el_Instituto_Mexicano_del_Seguro_Social",	30,"Veracruz_de_Ignacio_de_la_Llave","2024","1","2,823","235","902","1,552","134","965","58","207","641","59","1,858","177","695","911","75",
"Número_de_Personas_Trabajadoras_del_Hogar_afiliadas_ante_el_Instituto_Mexicano_del_Seguro_Social",	31,"Yucatán","2024","1","1,653","100","500","1,003","50","663","37","158","443","25","990","63","342","560","25",
"Número_de_Personas_Trabajadoras_del_Hogar_afiliadas_ante_el_Instituto_Mexicano_del_Seguro_Social",	32,"Zacatecas","2024","1","279","15","95","159","10","55","2","13","35","5","224","13","82","124","5",
"Número_de_Personas_Trabajadoras_del_Hogar_afiliadas_ante_el_Instituto_Mexicano_del_Seguro_Social",	00,"Estados_Unidos_Mexicanos","2023","12","61,988","4,074","18,805","36,430","2,679","20,226","1,073","4,736","13,139","1,278","41,762","3,001","14,069","23,291","1,401",
"Número_de_Personas_Trabajadoras_del_Hogar_afiliadas_ante_el_Instituto_Mexicano_del_Seguro_Social",	01,"Aguascalientes","2023","12","1,277","51","328","852","46","466","13","72","362","19","811","38","256","490","27",
"Número_de_Personas_Trabajadoras_del_Hogar_afiliadas_ante_el_Instituto_Mexicano_del_Seguro_Social",	02,"Baja_California","2023","12","3,294","220","740","2,171","163","1,138","66","220","766","86","2,156","154","520","1,405","77",
"Número_de_Personas_Trabajadoras_del_Hogar_afiliadas_ante_el_Instituto_Mexicano_del_Seguro_Social",	03,"Baja_California_Sur","2023","12","394","27","140","217","10","81","2","24","51","4","313","25","116","166","6",
"Número_de_Personas_Trabajadoras_del_Hogar_afiliadas_ante_el_Instituto_Mexicano_del_Seguro_Social",	04,"Campeche","2023","12","177","9","54","107","7","66","3","14","43","6","111","6","40","64","1",
"Número_de_Personas_Trabajadoras_del_Hogar_afiliadas_ante_el_Instituto_Mexicano_del_Seguro_Social",	05,"Coahuila_de_Zaragoza","2023","12","3,002","190","638","2,058","116","1,329","73","259","925","72","1,673","117","379","1,133","44",
"Número_de_Personas_Trabajadoras_del_Hogar_afiliadas_ante_el_Instituto_Mexicano_del_Seguro_Social",	06,"Colima","2023","12","687","35","224","389","39","204","13","40","136","15","483","22","184","253","24",
"Número_de_Personas_Trabajadoras_del_Hogar_afiliadas_ante_el_Instituto_Mexicano_del_Seguro_Social",	07,"Chiapas","2023","12","948","91","360","446","51","365","24","99","216","26","583","67","261","230","25",
"Número_de_Personas_Trabajadoras_del_Hogar_afiliadas_ante_el_Instituto_Mexicano_del_Seguro_Social",	08,"Chihuahua","2023","12","2,458","119","550","1,712","77","658","38","145","451","24","1,800","81","405","1,261","53",
"Número_de_Personas_Trabajadoras_del_Hogar_afiliadas_ante_el_Instituto_Mexicano_del_Seguro_Social",	09,"Ciudad_de_México","2023","12","10,977","729","3,710","6,085","453","2,624","113","660","1,692","159","8,353","616","3,050","4,393","294",
"Número_de_Personas_Trabajadoras_del_Hogar_afiliadas_ante_el_Instituto_Mexicano_del_Seguro_Social",	10,"Durango","2023","12","672","59","256","330","27","210","22","85","90","13","462","37","171","240","14",
"Número_de_Personas_Trabajadoras_del_Hogar_afiliadas_ante_el_Instituto_Mexicano_del_Seguro_Social",	11,"Guanajuato","2023","12","1,908","109","698","1,040","61","629","42","193","363","31","1,279","67","505","677","30",
"Número_de_Personas_Trabajadoras_del_Hogar_afiliadas_ante_el_Instituto_Mexicano_del_Seguro_Social",	12,"Guerrero","2023","12","1,346","140","524","640","42","488","41","159","267","21","858","99","365","373","21",
"Número_de_Personas_Trabajadoras_del_Hogar_afiliadas_ante_el_Instituto_Mexicano_del_Seguro_Social",	13,"Hidalgo","2023","12","849","51","208","540","50","355","17","53","254","31","494","34","155","286","19",
"Número_de_Personas_Trabajadoras_del_Hogar_afiliadas_ante_el_Instituto_Mexicano_del_Seguro_Social",	14,"Jalisco","2023","12","4,542","368","1,636","2,338","200","1,301","107","402","702","90","3,241","261","1,234","1,636","110",
"Número_de_Personas_Trabajadoras_del_Hogar_afiliadas_ante_el_Instituto_Mexicano_del_Seguro_Social",	15,"México","2023","12","6,756","340","1,743","4,257","416","2,655","98","462","1,860","235","4,101","242","1,281","2,397","181",
"Número_de_Personas_Trabajadoras_del_Hogar_afiliadas_ante_el_Instituto_Mexicano_del_Seguro_Social",	16,"Michoacán_de_Ocampo","2023","12","1,296","93","560","582","61","318","22","117","157","22","978","71","443","425","39",
"Número_de_Personas_Trabajadoras_del_Hogar_afiliadas_ante_el_Instituto_Mexicano_del_Seguro_Social",	17,"Morelos","2023","12","1,337","89","458","736","54","482","25","118","309","30","855","64","340","427","24",
"Número_de_Personas_Trabajadoras_del_Hogar_afiliadas_ante_el_Instituto_Mexicano_del_Seguro_Social",	18,"Nayarit","2023","12","806","90","307","372","37","231","19","82","111","19","575","71","225","261","18",
"Número_de_Personas_Trabajadoras_del_Hogar_afiliadas_ante_el_Instituto_Mexicano_del_Seguro_Social",	19,"Nuevo_León","2023","12","2,800","226","984","1,509","81","922","53","297","541","31","1,878","173","687","968","50",
"Número_de_Personas_Trabajadoras_del_Hogar_afiliadas_ante_el_Instituto_Mexicano_del_Seguro_Social",	20,"Oaxaca","2023","12","596","47","213","313","23","215","9","53","136","17","381","38","160","177","6",
"Número_de_Personas_Trabajadoras_del_Hogar_afiliadas_ante_el_Instituto_Mexicano_del_Seguro_Social",	21,"Puebla","2023","12","1,385","84","402","835","64","496","25","99","341","31","889","59","303","494","33",
"Número_de_Personas_Trabajadoras_del_Hogar_afiliadas_ante_el_Instituto_Mexicano_del_Seguro_Social",	22,"Querétaro","2023","12","902","65","300","514","23","256","11","44","190","11","646","54","256","324","12",
"Número_de_Personas_Trabajadoras_del_Hogar_afiliadas_ante_el_Instituto_Mexicano_del_Seguro_Social",	23,"Quintana_Roo","2023","12","346","18","119","197","12","101","2","25","67","7","245","16","94","130","5",
"Número_de_Personas_Trabajadoras_del_Hogar_afiliadas_ante_el_Instituto_Mexicano_del_Seguro_Social",	24,"San_Luis_Potosí","2023","12","599","23","185","369","22","128","4","24","90","10","471","19","161","279","12",
"Número_de_Personas_Trabajadoras_del_Hogar_afiliadas_ante_el_Instituto_Mexicano_del_Seguro_Social",	25,"Sinaloa","2023","12","2,475","152","711","1,506","106","869","45","238","535","51","1,606","107","473","971","55",
"Número_de_Personas_Trabajadoras_del_Hogar_afiliadas_ante_el_Instituto_Mexicano_del_Seguro_Social",	26,"Sonora","2023","12","2,839","122","639","1,947","131","1,012","35","198","711","68","1,827","87","441","1,236","63",
"Número_de_Personas_Trabajadoras_del_Hogar_afiliadas_ante_el_Instituto_Mexicano_del_Seguro_Social",	27,"Tabasco","2023","12","202","17","81","97","7","60","5","24","30","1","142","12","57","67","6",
"Número_de_Personas_Trabajadoras_del_Hogar_afiliadas_ante_el_Instituto_Mexicano_del_Seguro_Social",	28,"Tamaulipas","2023","12","1,850","95","407","1,255","93","645","20","100","478","47","1,205","75","307","777","46",
"Número_de_Personas_Trabajadoras_del_Hogar_afiliadas_ante_el_Instituto_Mexicano_del_Seguro_Social",	29,"Tlaxcala","2023","12","582","67","170","324","21","270","34","67","155","14","312","33","103","169","7",
"Número_de_Personas_Trabajadoras_del_Hogar_afiliadas_ante_el_Instituto_Mexicano_del_Seguro_Social",	30,"Veracruz_de_Ignacio_de_la_Llave","2023","12","2,754","230","894","1,503","127","947","54","204","632","57","1,807","176","690","871","70",
"Número_de_Personas_Trabajadoras_del_Hogar_afiliadas_ante_el_Instituto_Mexicano_del_Seguro_Social",	31,"Yucatán","2023","12","1,650","103","472","1,025","50","650","36","148","441","25","1,000","67","324","584","25",
"Número_de_Personas_Trabajadoras_del_Hogar_afiliadas_ante_el_Instituto_Mexicano_del_Seguro_Social",	32,"Zacatecas","2023","12","282","15","94","164","9","55","2","11","37","5","227","13","83","127","4",
"Número_de_Personas_Trabajadoras_del_Hogar_afiliadas_ante_el_Instituto_Mexicano_del_Seguro_Social",	00,"Estados_Unidos_Mexicanos","2023","11","64,983","4,455","19,954","37,784","2,790","21,218","1,186","5,091","13,596","1,345","43,765","3,269","14,863","24,188","1,445",
"Número_de_Personas_Trabajadoras_del_Hogar_afiliadas_ante_el_Instituto_Mexicano_del_Seguro_Social",	01,"Aguascalientes","2023","11","1,321","64","352","857","48","474","18","84","351","21","847","46","268","506","27",
"Número_de_Personas_Trabajadoras_del_Hogar_afiliadas_ante_el_Instituto_Mexicano_del_Seguro_Social",	02,"Baja_California","2023","11","3,419","230","789","2,228","172","1,165","68","231","778","88","2,254","162","558","1,450","84",
"Número_de_Personas_Trabajadoras_del_Hogar_afiliadas_ante_el_Instituto_Mexicano_del_Seguro_Social",	03,"Baja_California_Sur","2023","11","411","29","136","235","11","87","2","25","56","4","324","27","111","179","7",
"Número_de_Personas_Trabajadoras_del_Hogar_afiliadas_ante_el_Instituto_Mexicano_del_Seguro_Social",	04,"Campeche","2023","11","191","10","61","113","7","73","4","18","45","6","118","6","43","68","1",
"Número_de_Personas_Trabajadoras_del_Hogar_afiliadas_ante_el_Instituto_Mexicano_del_Seguro_Social",	05,"Coahuila_de_Zaragoza","2023","11","3,359","260","806","2,163","130","1,490","102","329","977","82","1,869","158","477","1,186","48",
"Número_de_Personas_Trabajadoras_del_Hogar_afiliadas_ante_el_Instituto_Mexicano_del_Seguro_Social",	06,"Colima","2023","11","714","36","233","403","42","213","12","46","137","18","501","24","187","266","24",
"Número_de_Personas_Trabajadoras_del_Hogar_afiliadas_ante_el_Instituto_Mexicano_del_Seguro_Social",	07,"Chiapas","2023","11","1,000","108","381","465","46","382","32","110","217","23","618","76","271","248","23",
"Número_de_Personas_Trabajadoras_del_Hogar_afiliadas_ante_el_Instituto_Mexicano_del_Seguro_Social",	08,"Chihuahua","2023","11","2,529","121","577","1,753","78","675","32","148","469","26","1,854","89","429","1,284","52",
"Número_de_Personas_Trabajadoras_del_Hogar_afiliadas_ante_el_Instituto_Mexicano_del_Seguro_Social",	09,"Ciudad_de_México","2023","11","11,418","757","3,906","6,280","475","2,745","119","713","1,741","172","8,673","638","3,193","4,539","303",
"Número_de_Personas_Trabajadoras_del_Hogar_afiliadas_ante_el_Instituto_Mexicano_del_Seguro_Social",	10,"Durango","2023","11","768","86","315","342","25","260","34","122","93","11","508","52","193","249","14",
"Número_de_Personas_Trabajadoras_del_Hogar_afiliadas_ante_el_Instituto_Mexicano_del_Seguro_Social",	11,"Guanajuato","2023","11","1,914","103","689","1,060","62","617","47","177","361","32","1,297","56","512","699","30",
"Número_de_Personas_Trabajadoras_del_Hogar_afiliadas_ante_el_Instituto_Mexicano_del_Seguro_Social",	12,"Guerrero","2023","11","1,622","181","632","757","52","582","62","191","304","25","1,040","119","441","453","27",
"Número_de_Personas_Trabajadoras_del_Hogar_afiliadas_ante_el_Instituto_Mexicano_del_Seguro_Social",	13,"Hidalgo","2023","11","892","62","225","552","53","366","17","62","253","34","526","45","163","299","19",
"Número_de_Personas_Trabajadoras_del_Hogar_afiliadas_ante_el_Instituto_Mexicano_del_Seguro_Social",	14,"Jalisco","2023","11","4,635","394","1,680","2,359","202","1,302","107","411","697","87","3,333","287","1,269","1,662","115",
"Número_de_Personas_Trabajadoras_del_Hogar_afiliadas_ante_el_Instituto_Mexicano_del_Seguro_Social",	15,"México","2023","11","7,008","376","1,818","4,385","429","2,783","114","498","1,925","246","4,225","262","1,320","2,460","183",
"Número_de_Personas_Trabajadoras_del_Hogar_afiliadas_ante_el_Instituto_Mexicano_del_Seguro_Social",	16,"Michoacán_de_Ocampo","2023","11","1,390","96","600","631","63","344","22","121","177","24","1,046","74","479","454","39",
"Número_de_Personas_Trabajadoras_del_Hogar_afiliadas_ante_el_Instituto_Mexicano_del_Seguro_Social",	17,"Morelos","2023","11","1,392","99","489","753","51","504","32","134","310","28","888","67","355","443","23",
"Número_de_Personas_Trabajadoras_del_Hogar_afiliadas_ante_el_Instituto_Mexicano_del_Seguro_Social",	18,"Nayarit","2023","11","857","96","329","393","39","247","18","87","121","21","610","78","242","272","18",
"Número_de_Personas_Trabajadoras_del_Hogar_afiliadas_ante_el_Instituto_Mexicano_del_Seguro_Social",	19,"Nuevo_León","2023","11","2,980","238","1,032","1,630","80","996","56","308","602","30","1,984","182","724","1,028","50",
"Número_de_Personas_Trabajadoras_del_Hogar_afiliadas_ante_el_Instituto_Mexicano_del_Seguro_Social",	20,"Oaxaca","2023","11","580","48","204","302","26","206","12","48","129","17","374","36","156","173","9",
"Número_de_Personas_Trabajadoras_del_Hogar_afiliadas_ante_el_Instituto_Mexicano_del_Seguro_Social",	21,"Puebla","2023","11","1,434","88","412","870","64","489","21","96","341","31","945","67","316","529","33",
"Número_de_Personas_Trabajadoras_del_Hogar_afiliadas_ante_el_Instituto_Mexicano_del_Seguro_Social",	22,"Querétaro","2023","11","934","73","318","519","24","268","13","50","193","12","666","60","268","326","12",
"Número_de_Personas_Trabajadoras_del_Hogar_afiliadas_ante_el_Instituto_Mexicano_del_Seguro_Social",	23,"Quintana_Roo","2023","11","368","18","131","206","13","99","2","23","67","7","269","16","108","139","6",
"Número_de_Personas_Trabajadoras_del_Hogar_afiliadas_ante_el_Instituto_Mexicano_del_Seguro_Social",	24,"San_Luis_Potosí","2023","11","643","31","199","391","22","136","6","23","97","10","507","25","176","294","12",
"Número_de_Personas_Trabajadoras_del_Hogar_afiliadas_ante_el_Instituto_Mexicano_del_Seguro_Social",	25,"Sinaloa","2023","11","2,606","160","763","1,573","110","905","38","243","568","56","1,701","122","520","1,005","54",
"Número_de_Personas_Trabajadoras_del_Hogar_afiliadas_ante_el_Instituto_Mexicano_del_Seguro_Social",	26,"Sonora","2023","11","2,960","129","665","2,039","127","1,090","41","210","772","67","1,870","88","455","1,267","60",
"Número_de_Personas_Trabajadoras_del_Hogar_afiliadas_ante_el_Instituto_Mexicano_del_Seguro_Social",	27,"Tabasco","2023","11","220","17","90","107","6","68","6","25","36","1","152","11","65","71","5",
"Número_de_Personas_Trabajadoras_del_Hogar_afiliadas_ante_el_Instituto_Mexicano_del_Seguro_Social",	28,"Tamaulipas","2023","11","1,953","104","431","1,317","101","676","20","112","492","52","1,277","84","319","825","49",
"Número_de_Personas_Trabajadoras_del_Hogar_afiliadas_ante_el_Instituto_Mexicano_del_Seguro_Social",	29,"Tlaxcala","2023","11","580","68","164","323","25","261","33","64","150","14","319","35","100","173","11",
"Número_de_Personas_Trabajadoras_del_Hogar_afiliadas_ante_el_Instituto_Mexicano_del_Seguro_Social",	30,"Veracruz_de_Ignacio_de_la_Llave","2023","11","2,889","243","931","1,576","139","993","60","213","657","63","1,896","183","718","919","76",
"Número_de_Personas_Trabajadoras_del_Hogar_afiliadas_ante_el_Instituto_Mexicano_del_Seguro_Social",	31,"Yucatán","2023","11","1,698","111","501","1,030","56","663","34","158","440","31","1,035","77","343","590","25",
"Número_de_Personas_Trabajadoras_del_Hogar_afiliadas_ante_el_Instituto_Mexicano_del_Seguro_Social",	32,"Zacatecas","2023","11","298","19","95","172","12","59","2","11","40","6","239","17","84","132","6",
"Número_de_Personas_Trabajadoras_del_Hogar_afiliadas_ante_el_Instituto_Mexicano_del_Seguro_Social",	00,"Estados_Unidos_Mexicanos","2023","10","62,533","4,161","19,028","36,650","2,694","20,438","1,107","4,754","13,260","1,317","42,095","3,054","14,274","23,390","1,377",
"Número_de_Personas_Trabajadoras_del_Hogar_afiliadas_ante_el_Instituto_Mexicano_del_Seguro_Social",	01,"Aguascalientes","2023","10","1,280","59","348","833","40","453","15","80","341","17","827","44","268","492","23",
"Número_de_Personas_Trabajadoras_del_Hogar_afiliadas_ante_el_Instituto_Mexicano_del_Seguro_Social",	02,"Baja_California","2023","10","3,196","202","718","2,110","166","1,099","56","206","752","85","2,097","146","512","1,358","81",
"Número_de_Personas_Trabajadoras_del_Hogar_afiliadas_ante_el_Instituto_Mexicano_del_Seguro_Social",	03,"Baja_California_Sur","2023","10","390","24","128","228","10","83","3","21","55","4","307","21","107","173","6",
"Número_de_Personas_Trabajadoras_del_Hogar_afiliadas_ante_el_Instituto_Mexicano_del_Seguro_Social",	04,"Campeche","2023","10","180","7","62","102","9","70","2","18","44","6","110","5","44","58","3",
"Número_de_Personas_Trabajadoras_del_Hogar_afiliadas_ante_el_Instituto_Mexicano_del_Seguro_Social",	05,"Coahuila_de_Zaragoza","2023","10","2,915","149","577","2,064","125","1,287","55","219","935","78","1,628","94","358","1,129","47",
"Número_de_Personas_Trabajadoras_del_Hogar_afiliadas_ante_el_Instituto_Mexicano_del_Seguro_Social",	06,"Colima","2023","10","709","34","235","402","38","202","11","46","131","14","507","23","189","271","24",
"Número_de_Personas_Trabajadoras_del_Hogar_afiliadas_ante_el_Instituto_Mexicano_del_Seguro_Social",	07,"Chiapas","2023","10","979","110","352","473","44","383","32","100","226","25","596","78","252","247","19",
"Número_de_Personas_Trabajadoras_del_Hogar_afiliadas_ante_el_Instituto_Mexicano_del_Seguro_Social",	08,"Chihuahua","2023","10","2,498","120","557","1,739","82","680","30","146","474","30","1,818","90","411","1,265","52",
"Número_de_Personas_Trabajadoras_del_Hogar_afiliadas_ante_el_Instituto_Mexicano_del_Seguro_Social",	09,"Ciudad_de_México","2023","10","10,978","712","3,734","6,083","449","2,657","116","686","1,686","169","8,321","596","3,048","4,397","280",
"Número_de_Personas_Trabajadoras_del_Hogar_afiliadas_ante_el_Instituto_Mexicano_del_Seguro_Social",	10,"Durango","2023","10","546","35","175","313","23","139","10","39","79","11","407","25","136","234","12",
"Número_de_Personas_Trabajadoras_del_Hogar_afiliadas_ante_el_Instituto_Mexicano_del_Seguro_Social",	11,"Guanajuato","2023","10","1,908","115","706","1,029","58","628","54","188","357","29","1,280","61","518","672","29",
"Número_de_Personas_Trabajadoras_del_Hogar_afiliadas_ante_el_Instituto_Mexicano_del_Seguro_Social",	12,"Guerrero","2023","10","1,654","193","634","770","57","605","69","189","318","29","1,049","124","445","452","28",
"Número_de_Personas_Trabajadoras_del_Hogar_afiliadas_ante_el_Instituto_Mexicano_del_Seguro_Social",	13,"Hidalgo","2023","10","845","50","228","519","48","345","14","61","241","29","500","36","167","278","19",
"Número_de_Personas_Trabajadoras_del_Hogar_afiliadas_ante_el_Instituto_Mexicano_del_Seguro_Social",	14,"Jalisco","2023","10","4,487","371","1,652","2,270","194","1,258","102","393","678","85","3,229","269","1,259","1,592","109",
"Número_de_Personas_Trabajadoras_del_Hogar_afiliadas_ante_el_Instituto_Mexicano_del_Seguro_Social",	15,"México","2023","10","6,716","362","1,727","4,219","408","2,706","111","469","1,883","243","4,010","251","1,258","2,336","165",
"Número_de_Personas_Trabajadoras_del_Hogar_afiliadas_ante_el_Instituto_Mexicano_del_Seguro_Social",	16,"Michoacán_de_Ocampo","2023","10","1,360","100","577","622","61","338","22","115","177","24","1,022","78","462","445","37",
"Número_de_Personas_Trabajadoras_del_Hogar_afiliadas_ante_el_Instituto_Mexicano_del_Seguro_Social",	17,"Morelos","2023","10","1,366","96","483","736","51","500","33","130","309","28","866","63","353","427","23",
"Número_de_Personas_Trabajadoras_del_Hogar_afiliadas_ante_el_Instituto_Mexicano_del_Seguro_Social",	18,"Nayarit","2023","10","824","91","315","377","41","231","17","81","111","22","593","74","234","266","19",
"Número_de_Personas_Trabajadoras_del_Hogar_afiliadas_ante_el_Instituto_Mexicano_del_Seguro_Social",	19,"Nuevo_León","2023","10","2,914","233","1,016","1,589","76","968","56","305","579","28","1,946","177","711","1,010","48",
"Número_de_Personas_Trabajadoras_del_Hogar_afiliadas_ante_el_Instituto_Mexicano_del_Seguro_Social",	20,"Oaxaca","2023","10","568","39","204","302","23","201","10","56","121","14","367","29","148","181","9",
"Número_de_Personas_Trabajadoras_del_Hogar_afiliadas_ante_el_Instituto_Mexicano_del_Seguro_Social",	21,"Puebla","2023","10","1,377","84","401","824","68","485","25","92","333","35","892","59","309","491","33",
"Número_de_Personas_Trabajadoras_del_Hogar_afiliadas_ante_el_Instituto_Mexicano_del_Seguro_Social",	22,"Querétaro","2023","10","908","71","326","489","22","258","16","55","176","11","650","55","271","313","11",
"Número_de_Personas_Trabajadoras_del_Hogar_afiliadas_ante_el_Instituto_Mexicano_del_Seguro_Social",	23,"Quintana_Roo","2023","10","354","21","114","206","13","106","3","24","73","6","248","18","90","133","7",
"Número_de_Personas_Trabajadoras_del_Hogar_afiliadas_ante_el_Instituto_Mexicano_del_Seguro_Social",	24,"San_Luis_Potosí","2023","10","624","27","190","384","23","130","5","24","91","10","494","22","166","293","13",
"Número_de_Personas_Trabajadoras_del_Hogar_afiliadas_ante_el_Instituto_Mexicano_del_Seguro_Social",	25,"Sinaloa","2023","10","2,607","175","760","1,571","101","916","44","251","572","49","1,691","131","509","999","52",
"Número_de_Personas_Trabajadoras_del_Hogar_afiliadas_ante_el_Instituto_Mexicano_del_Seguro_Social",	26,"Sonora","2023","10","2,909","124","669","1,978","138","1,064","38","206","744","76","1,845","86","463","1,234","62",
"Número_de_Personas_Trabajadoras_del_Hogar_afiliadas_ante_el_Instituto_Mexicano_del_Seguro_Social",	27,"Tabasco","2023","10","215","17","88","104","6","68","6","25","36","1","147","11","63","68","5",
"Número_de_Personas_Trabajadoras_del_Hogar_afiliadas_ante_el_Instituto_Mexicano_del_Seguro_Social",	28,"Tamaulipas","2023","10","1,930","120","416","1,300","94","652","25","110","472","45","1,278","95","306","828","49",
"Número_de_Personas_Trabajadoras_del_Hogar_afiliadas_ante_el_Instituto_Mexicano_del_Seguro_Social",	29,"Tlaxcala","2023","10","559","64","161","308","26","254","30","62","147","15","305","34","99","161","11",
"Número_de_Personas_Trabajadoras_del_Hogar_afiliadas_ante_el_Instituto_Mexicano_del_Seguro_Social",	30,"Veracruz_de_Ignacio_de_la_Llave","2023","10","2,827","229","907","1,553","138","974","57","199","655","63","1,853","172","708","898","75",
"Número_de_Personas_Trabajadoras_del_Hogar_afiliadas_ante_el_Instituto_Mexicano_del_Seguro_Social",	31,"Yucatán","2023","10","1,631","110","478","990","53","640","38","148","423","31","991","72","330","567","22",
"Número_de_Personas_Trabajadoras_del_Hogar_afiliadas_ante_el_Instituto_Mexicano_del_Seguro_Social",	32,"Zacatecas","2023","10","279","17","90","163","9","58","2","10","41","5","221","15","80","122","4",
"Número_de_Personas_Trabajadoras_del_Hogar_afiliadas_ante_el_Instituto_Mexicano_del_Seguro_Social",	00,"Estados_Unidos_Mexicanos","2023","9","61,616","4,121","18,612","36,227","2,656","20,260","1,041","4,665","13,220","1,334","41,356","3,080","13,947","23,007","1,322",
"Número_de_Personas_Trabajadoras_del_Hogar_afiliadas_ante_el_Instituto_Mexicano_del_Seguro_Social",	01,"Aguascalientes","2023","9","1,275","59","341","830","45","457","17","77","341","22","818","42","264","489","23",
"Número_de_Personas_Trabajadoras_del_Hogar_afiliadas_ante_el_Instituto_Mexicano_del_Seguro_Social",	02,"Baja_California","2023","9","3,122","213","675","2,071","163","1,082","60","200","739","83","2,040","153","475","1,332","80",
"Número_de_Personas_Trabajadoras_del_Hogar_afiliadas_ante_el_Instituto_Mexicano_del_Seguro_Social",	03,"Baja_California_Sur","2023","9","376","26","125","215","10","78","3","22","49","4","298","23","103","166","6",
"Número_de_Personas_Trabajadoras_del_Hogar_afiliadas_ante_el_Instituto_Mexicano_del_Seguro_Social",	04,"Campeche","2023","9","175","7","62","99","7","65","2","17","40","6","110","5","45","59","1",
"Número_de_Personas_Trabajadoras_del_Hogar_afiliadas_ante_el_Instituto_Mexicano_del_Seguro_Social",	05,"Coahuila_de_Zaragoza","2023","9","2,822","133","536","2,021","132","1,241","46","193","915","87","1,581","87","343","1,106","45",
"Número_de_Personas_Trabajadoras_del_Hogar_afiliadas_ante_el_Instituto_Mexicano_del_Seguro_Social",	06,"Colima","2023","9","718","44","238","393","43","202","14","48","121","19","516","30","190","272","24",
"Número_de_Personas_Trabajadoras_del_Hogar_afiliadas_ante_el_Instituto_Mexicano_del_Seguro_Social",	07,"Chiapas","2023","9","977","104","355","469","49","378","29","97","226","26","599","75","258","243","23",
"Número_de_Personas_Trabajadoras_del_Hogar_afiliadas_ante_el_Instituto_Mexicano_del_Seguro_Social",	08,"Chihuahua","2023","9","2,446","112","518","1,737","79","672","24","129","489","30","1,774","88","389","1,248","49",
"Número_de_Personas_Trabajadoras_del_Hogar_afiliadas_ante_el_Instituto_Mexicano_del_Seguro_Social",	09,"Ciudad_de_México","2023","9","10,729","708","3,605","5,976","440","2,599","109","655","1,666","169","8,130","599","2,950","4,310","271",
"Número_de_Personas_Trabajadoras_del_Hogar_afiliadas_ante_el_Instituto_Mexicano_del_Seguro_Social",	10,"Durango","2023","9","515","32","154","304","25","137","8","33","82","14","378","24","121","222","11",
"Número_de_Personas_Trabajadoras_del_Hogar_afiliadas_ante_el_Instituto_Mexicano_del_Seguro_Social",	11,"Guanajuato","2023","9","1,873","112","692","1,015","54","613","43","184","361","25","1,260","69","508","654","29",
"Número_de_Personas_Trabajadoras_del_Hogar_afiliadas_ante_el_Instituto_Mexicano_del_Seguro_Social",	12,"Guerrero","2023","9","1,692","189","640","805","58","629","60","198","339","32","1,063","129","442","466","26",
"Número_de_Personas_Trabajadoras_del_Hogar_afiliadas_ante_el_Instituto_Mexicano_del_Seguro_Social",	13,"Hidalgo","2023","9","817","49","220","507","41","325","12","55","234","24","492","37","165","273","17",
"Número_de_Personas_Trabajadoras_del_Hogar_afiliadas_ante_el_Instituto_Mexicano_del_Seguro_Social",	14,"Jalisco","2023","9","4,423","370","1,645","2,216","192","1,253","101","399","667","86","3,170","269","1,246","1,549","106",
"Número_de_Personas_Trabajadoras_del_Hogar_afiliadas_ante_el_Instituto_Mexicano_del_Seguro_Social",	15,"México","2023","9","6,656","355","1,731","4,178","392","2,676","97","476","1,866","237","3,980","258","1,255","2,312","155",
"Número_de_Personas_Trabajadoras_del_Hogar_afiliadas_ante_el_Instituto_Mexicano_del_Seguro_Social",	16,"Michoacán_de_Ocampo","2023","9","1,330","99","554","613","64","329","25","113","170","21","1,001","74","441","443","43",
"Número_de_Personas_Trabajadoras_del_Hogar_afiliadas_ante_el_Instituto_Mexicano_del_Seguro_Social",	17,"Morelos","2023","9","1,337","98","465","724","50","488","33","129","296","30","849","65","336","428","20",
"Número_de_Personas_Trabajadoras_del_Hogar_afiliadas_ante_el_Instituto_Mexicano_del_Seguro_Social",	18,"Nayarit","2023","9","812","91","311","376","34","224","14","76","116","18","588","77","235","260","16",
"Número_de_Personas_Trabajadoras_del_Hogar_afiliadas_ante_el_Instituto_Mexicano_del_Seguro_Social",	19,"Nuevo_León","2023","9","2,875","233","996","1,580","66","947","55","297","567","28","1,928","178","699","1,013","38",
"Número_de_Personas_Trabajadoras_del_Hogar_afiliadas_ante_el_Instituto_Mexicano_del_Seguro_Social",	20,"Oaxaca","2023","9","566","39","193","311","23","203","13","46","129","15","363","26","147","182","8",
"Número_de_Personas_Trabajadoras_del_Hogar_afiliadas_ante_el_Instituto_Mexicano_del_Seguro_Social",	21,"Puebla","2023","9","1,319","90","380","782","67","470","24","88","323","35","849","66","292","459","32",
"Número_de_Personas_Trabajadoras_del_Hogar_afiliadas_ante_el_Instituto_Mexicano_del_Seguro_Social",	22,"Querétaro","2023","9","872","58","293","496","25","271","12","55","189","15","601","46","238","307","10",
"Número_de_Personas_Trabajadoras_del_Hogar_afiliadas_ante_el_Instituto_Mexicano_del_Seguro_Social",	23,"Quintana_Roo","2023","9","347","24","119","189","15","104","3","23","70","8","243","21","96","119","7",
"Número_de_Personas_Trabajadoras_del_Hogar_afiliadas_ante_el_Instituto_Mexicano_del_Seguro_Social",	24,"San_Luis_Potosí","2023","9","624","26","189","389","20","135","4","23","98","10","489","22","166","291","10",
"Número_de_Personas_Trabajadoras_del_Hogar_afiliadas_ante_el_Instituto_Mexicano_del_Seguro_Social",	25,"Sinaloa","2023","9","2,608","176","790","1,541","101","924","41","266","565","52","1,684","135","524","976","49",
"Número_de_Personas_Trabajadoras_del_Hogar_afiliadas_ante_el_Instituto_Mexicano_del_Seguro_Social",	26,"Sonora","2023","9","2,889","125","655","1,973","136","1,079","41","210","754","74","1,810","84","445","1,219","62",
"Número_de_Personas_Trabajadoras_del_Hogar_afiliadas_ante_el_Instituto_Mexicano_del_Seguro_Social",	27,"Tabasco","2023","9","209","19","91","91","8","70","7","29","31","3","139","12","62","60","5",
"Número_de_Personas_Trabajadoras_del_Hogar_afiliadas_ante_el_Instituto_Mexicano_del_Seguro_Social",	28,"Tamaulipas","2023","9","1,887","113","405","1,275","94","654","24","109","469","52","1,233","89","296","806","42",
"Número_de_Personas_Trabajadoras_del_Hogar_afiliadas_ante_el_Instituto_Mexicano_del_Seguro_Social",	29,"Tlaxcala","2023","9","526","59","156","291","20","233","21","60","141","11","293","38","96","150","9",
"Número_de_Personas_Trabajadoras_del_Hogar_afiliadas_ante_el_Instituto_Mexicano_del_Seguro_Social",	30,"Veracruz_de_Ignacio_de_la_Llave","2023","9","2,823","231","900","1,553","139","975","60","196","657","62","1,848","171","704","896","77",
"Número_de_Personas_Trabajadoras_del_Hogar_afiliadas_ante_el_Instituto_Mexicano_del_Seguro_Social",	31,"Yucatán","2023","9","1,697","112","483","1,051","51","688","38","153","469","28","1,009","74","330","582","23",
"Número_de_Personas_Trabajadoras_del_Hogar_afiliadas_ante_el_Instituto_Mexicano_del_Seguro_Social",	32,"Zacatecas","2023","9","279","15","95","156","13","59","1","9","41","8","220","14","86","115","5",
"Número_de_Personas_Trabajadoras_del_Hogar_afiliadas_ante_el_Instituto_Mexicano_del_Seguro_Social",	00,"Estados_Unidos_Mexicanos","2023","8","61,298","4,056","18,591","35,992","2,659","20,109","1,032","4,589","13,157","1,331","41,189","3,024","14,002","22,835","1,328",
"Número_de_Personas_Trabajadoras_del_Hogar_afiliadas_ante_el_Instituto_Mexicano_del_Seguro_Social",	01,"Aguascalientes","2023","8","1,269","58","347","819","45","471","16","85","347","23","798","42","262","472","22",
"Número_de_Personas_Trabajadoras_del_Hogar_afiliadas_ante_el_Instituto_Mexicano_del_Seguro_Social",	02,"Baja_California","2023","8","3,072","198","697","2,025","152","1,070","49","212","725","84","2,002","149","485","1,300","68",
"Número_de_Personas_Trabajadoras_del_Hogar_afiliadas_ante_el_Instituto_Mexicano_del_Seguro_Social",	03,"Baja_California_Sur","2023","8","393","25","144","214","10","87","3","25","55","4","306","22","119","159","6",
"Número_de_Personas_Trabajadoras_del_Hogar_afiliadas_ante_el_Instituto_Mexicano_del_Seguro_Social",	04,"Campeche","2023","8","182","7","61","105","9","68","2","19","41","6","114","5","42","64","3",
"Número_de_Personas_Trabajadoras_del_Hogar_afiliadas_ante_el_Instituto_Mexicano_del_Seguro_Social",	05,"Coahuila_de_Zaragoza","2023","8","2,786","128","533","2,003","122","1,205","42","182","905","76","1,581","86","351","1,098","46",
"Número_de_Personas_Trabajadoras_del_Hogar_afiliadas_ante_el_Instituto_Mexicano_del_Seguro_Social",	06,"Colima","2023","8","699","43","229","387","40","204","15","51","121","17","495","28","178","266","23",
"Número_de_Personas_Trabajadoras_del_Hogar_afiliadas_ante_el_Instituto_Mexicano_del_Seguro_Social",	07,"Chiapas","2023","8","970","95","365","461","49","377","31","100","219","27","593","64","265","242","22",
"Número_de_Personas_Trabajadoras_del_Hogar_afiliadas_ante_el_Instituto_Mexicano_del_Seguro_Social",	08,"Chihuahua","2023","8","2,462","116","520","1,749","77","660","27","124","482","27","1,802","89","396","1,267","50",
"Número_de_Personas_Trabajadoras_del_Hogar_afiliadas_ante_el_Instituto_Mexicano_del_Seguro_Social",	09,"Ciudad_de_México","2023","8","10,675","685","3,644","5,898","448","2,583","108","654","1,651","170","8,092","577","2,990","4,247","278",
"Número_de_Personas_Trabajadoras_del_Hogar_afiliadas_ante_el_Instituto_Mexicano_del_Seguro_Social",	10,"Durango","2023","8","532","32","164","312","24","144","9","36","85","14","388","23","128","227","10",
"Número_de_Personas_Trabajadoras_del_Hogar_afiliadas_ante_el_Instituto_Mexicano_del_Seguro_Social",	11,"Guanajuato","2023","8","1,863","122","681","1,009","51","618","47","190","355","26","1,245","75","491","654","25",
"Número_de_Personas_Trabajadoras_del_Hogar_afiliadas_ante_el_Instituto_Mexicano_del_Seguro_Social",	12,"Guerrero","2023","8","1,701","190","639","810","62","627","58","196","341","32","1,074","132","443","469","30",
"Número_de_Personas_Trabajadoras_del_Hogar_afiliadas_ante_el_Instituto_Mexicano_del_Seguro_Social",	13,"Hidalgo","2023","8","822","46","230","502","44","332","10","59","236","27","490","36","171","266","17",
"Número_de_Personas_Trabajadoras_del_Hogar_afiliadas_ante_el_Instituto_Mexicano_del_Seguro_Social",	14,"Jalisco","2023","8","4,326","362","1,623","2,158","183","1,212","96","384","647","85","3,114","266","1,239","1,511","98",
"Número_de_Personas_Trabajadoras_del_Hogar_afiliadas_ante_el_Instituto_Mexicano_del_Seguro_Social",	15,"México","2023","8","6,620","355","1,707","4,144","414","2,666","94","464","1,862","246","3,954","261","1,243","2,282","168",
"Número_de_Personas_Trabajadoras_del_Hogar_afiliadas_ante_el_Instituto_Mexicano_del_Seguro_Social",	16,"Michoacán_de_Ocampo","2023","8","1,336","100","556","614","66","324","22","104","177","21","1,012","78","452","437","45",
"Número_de_Personas_Trabajadoras_del_Hogar_afiliadas_ante_el_Instituto_Mexicano_del_Seguro_Social",	17,"Morelos","2023","8","1,307","94","458","714","41","475","34","121","298","22","832","60","337","416","19",
"Número_de_Personas_Trabajadoras_del_Hogar_afiliadas_ante_el_Instituto_Mexicano_del_Seguro_Social",	18,"Nayarit","2023","8","802","87","307","372","36","228","14","79","114","21","574","73","228","258","15",
"Número_de_Personas_Trabajadoras_del_Hogar_afiliadas_ante_el_Instituto_Mexicano_del_Seguro_Social",	19,"Nuevo_León","2023","8","2,849","237","972","1,578","62","937","53","291","567","26","1,912","184","681","1,011","36",
"Número_de_Personas_Trabajadoras_del_Hogar_afiliadas_ante_el_Instituto_Mexicano_del_Seguro_Social",	20,"Oaxaca","2023","8","545","34","185","303","23","193","13","42","125","13","352","21","143","178","10",
"Número_de_Personas_Trabajadoras_del_Hogar_afiliadas_ante_el_Instituto_Mexicano_del_Seguro_Social",	21,"Puebla","2023","8","1,315","91","368","794","62","456","25","77","320","34","859","66","291","474","28",
"Número_de_Personas_Trabajadoras_del_Hogar_afiliadas_ante_el_Instituto_Mexicano_del_Seguro_Social",	22,"Querétaro","2023","8","890","62","300","495","33","270","17","51","182","20","620","45","249","313","13",
"Número_de_Personas_Trabajadoras_del_Hogar_afiliadas_ante_el_Instituto_Mexicano_del_Seguro_Social",	23,"Quintana_Roo","2023","8","362","26","123","199","14","108","3","25","73","7","254","23","98","126","7",
"Número_de_Personas_Trabajadoras_del_Hogar_afiliadas_ante_el_Instituto_Mexicano_del_Seguro_Social",	24,"San_Luis_Potosí","2023","8","643","25","195","400","23","142","4","29","99","10","501","21","166","301","13",
"Número_de_Personas_Trabajadoras_del_Hogar_afiliadas_ante_el_Instituto_Mexicano_del_Seguro_Social",	25,"Sinaloa","2023","8","2,611","189","776","1,540","106","924","44","253","573","54","1,687","145","523","967","52",
"Número_de_Personas_Trabajadoras_del_Hogar_afiliadas_ante_el_Instituto_Mexicano_del_Seguro_Social",	26,"Sonora","2023","8","2,886","123","660","1,971","132","1,076","41","210","758","67","1,810","82","450","1,213","65",
"Número_de_Personas_Trabajadoras_del_Hogar_afiliadas_ante_el_Instituto_Mexicano_del_Seguro_Social",	27,"Tabasco","2023","8","208","15","87","98","8","69","6","24","36","3","139","9","63","62","5",
"Número_de_Personas_Trabajadoras_del_Hogar_afiliadas_ante_el_Instituto_Mexicano_del_Seguro_Social",	28,"Tamaulipas","2023","8","1,907","98","413","1,296","100","659","24","105","477","53","1,248","74","308","819","47",
"Número_de_Personas_Trabajadoras_del_Hogar_afiliadas_ante_el_Instituto_Mexicano_del_Seguro_Social",	29,"Tlaxcala","2023","8","510","60","142","287","21","228","26","58","132","12","282","34","84","155","9",
"Número_de_Personas_Trabajadoras_del_Hogar_afiliadas_ante_el_Instituto_Mexicano_del_Seguro_Social",	30,"Veracruz_de_Ignacio_de_la_Llave","2023","8","2,798","230","895","1,544","129","960","63","182","657","58","1,838","167","713","887","71",
"Número_de_Personas_Trabajadoras_del_Hogar_afiliadas_ante_el_Instituto_Mexicano_del_Seguro_Social",	31,"Yucatán","2023","8","1,673","107","469","1,037","60","679","36","147","457","39","994","71","322","580","21",
"Número_de_Personas_Trabajadoras_del_Hogar_afiliadas_ante_el_Instituto_Mexicano_del_Seguro_Social",	32,"Zacatecas","2023","8","284","16","101","154","13","57","0","10","40","7","227","16","91","114","6",
"Número_de_Personas_Trabajadoras_del_Hogar_afiliadas_ante_el_Instituto_Mexicano_del_Seguro_Social",	00,"Estados_Unidos_Mexicanos","2023","7","60,114","3,938","18,237","35,395","2,544","19,774","1,002","4,490","13,005","1,277","40,340","2,936","13,747","22,390","1,267",
"Número_de_Personas_Trabajadoras_del_Hogar_afiliadas_ante_el_Instituto_Mexicano_del_Seguro_Social",	01,"Aguascalientes","2023","7","1,285","52","347","843","43","466","11","87","346","22","819","41","260","497","21",
"Número_de_Personas_Trabajadoras_del_Hogar_afiliadas_ante_el_Instituto_Mexicano_del_Seguro_Social",	02,"Baja_California","2023","7","2,981","187","680","1,959","155","1,030","47","195","707","81","1,951","140","485","1,252","74",
"Número_de_Personas_Trabajadoras_del_Hogar_afiliadas_ante_el_Instituto_Mexicano_del_Seguro_Social",	03,"Baja_California_Sur","2023","7","375","25","128","214","8","83","4","26","49","4","292","21","102","165","4",
"Número_de_Personas_Trabajadoras_del_Hogar_afiliadas_ante_el_Instituto_Mexicano_del_Seguro_Social",	04,"Campeche","2023","7","168","9","61","93","5","62","3","18","37","4","106","6","43","56","1",
"Número_de_Personas_Trabajadoras_del_Hogar_afiliadas_ante_el_Instituto_Mexicano_del_Seguro_Social",	05,"Coahuila_de_Zaragoza","2023","7","2,725","127","520","1,967","111","1,187","42","189","887","69","1,538","85","331","1,080","42",
"Número_de_Personas_Trabajadoras_del_Hogar_afiliadas_ante_el_Instituto_Mexicano_del_Seguro_Social",	06,"Colima","2023","7","689","38","234","377","40","199","13","48","123","15","490","25","186","254","25",
"Número_de_Personas_Trabajadoras_del_Hogar_afiliadas_ante_el_Instituto_Mexicano_del_Seguro_Social",	07,"Chiapas","2023","7","992","98","375","471","48","377","27","101","222","27","615","71","274","249","21",
"Número_de_Personas_Trabajadoras_del_Hogar_afiliadas_ante_el_Instituto_Mexicano_del_Seguro_Social",	08,"Chihuahua","2023","7","2,372","101","499","1,702","70","629","19","119","466","25","1,743","82","380","1,236","45",
"Número_de_Personas_Trabajadoras_del_Hogar_afiliadas_ante_el_Instituto_Mexicano_del_Seguro_Social",	09,"Ciudad_de_México","2023","7","10,439","672","3,555","5,794","418","2,529","104","631","1,633","161","7,910","568","2,924","4,161","257",
"Número_de_Personas_Trabajadoras_del_Hogar_afiliadas_ante_el_Instituto_Mexicano_del_Seguro_Social",	10,"Durango","2023","7","505","31","149","306","19","139","8","34","86","11","366","23","115","220","8",
"Número_de_Personas_Trabajadoras_del_Hogar_afiliadas_ante_el_Instituto_Mexicano_del_Seguro_Social",	11,"Guanajuato","2023","7","1,787","99","665","974","49","587","38","177","348","24","1,200","61","488","626","25",
"Número_de_Personas_Trabajadoras_del_Hogar_afiliadas_ante_el_Instituto_Mexicano_del_Seguro_Social",	12,"Guerrero","2023","7","1,704","192","646","808","58","626","52","196","346","32","1,078","140","450","462","26",
"Número_de_Personas_Trabajadoras_del_Hogar_afiliadas_ante_el_Instituto_Mexicano_del_Seguro_Social",	13,"Hidalgo","2023","7","811","50","223","493","45","329","13","54","238","24","482","37","169","255","21",
"Número_de_Personas_Trabajadoras_del_Hogar_afiliadas_ante_el_Instituto_Mexicano_del_Seguro_Social",	14,"Jalisco","2023","7","4,265","353","1,599","2,131","182","1,209","99","381","645","84","3,056","254","1,218","1,486","98",
"Número_de_Personas_Trabajadoras_del_Hogar_afiliadas_ante_el_Instituto_Mexicano_del_Seguro_Social",	15,"México","2023","7","6,463","338","1,661","4,069","395","2,605","86","462","1,811","246","3,858","252","1,199","2,258","149",
"Número_de_Personas_Trabajadoras_del_Hogar_afiliadas_ante_el_Instituto_Mexicano_del_Seguro_Social",	16,"Michoacán_de_Ocampo","2023","7","1,311","99","539","605","68","316","24","96","173","23","995","75","443","432","45",
"Número_de_Personas_Trabajadoras_del_Hogar_afiliadas_ante_el_Instituto_Mexicano_del_Seguro_Social",	17,"Morelos","2023","7","1,311","95","460","712","44","488","38","124","301","25","823","57","336","411","19",
"Número_de_Personas_Trabajadoras_del_Hogar_afiliadas_ante_el_Instituto_Mexicano_del_Seguro_Social",	18,"Nayarit","2023","7","830","93","320","379","38","235","16","81","114","24","595","77","239","265","14",
"Número_de_Personas_Trabajadoras_del_Hogar_afiliadas_ante_el_Instituto_Mexicano_del_Seguro_Social",	19,"Nuevo_León","2023","7","2,801","227","972","1,539","63","936","59","280","572","25","1,865","168","692","967","38",
"Número_de_Personas_Trabajadoras_del_Hogar_afiliadas_ante_el_Instituto_Mexicano_del_Seguro_Social",	20,"Oaxaca","2023","7","541","40","191","292","18","193","11","47","124","11","348","29","144","168","7",
"Número_de_Personas_Trabajadoras_del_Hogar_afiliadas_ante_el_Instituto_Mexicano_del_Seguro_Social",	21,"Puebla","2023","7","1,274","81","355","783","55","451","22","75","323","31","823","59","280","460","24",
"Número_de_Personas_Trabajadoras_del_Hogar_afiliadas_ante_el_Instituto_Mexicano_del_Seguro_Social",	22,"Querétaro","2023","7","881","64","295","489","33","257","15","47","176","19","624","49","248","313","14",
"Número_de_Personas_Trabajadoras_del_Hogar_afiliadas_ante_el_Instituto_Mexicano_del_Seguro_Social",	23,"Quintana_Roo","2023","7","362","22","121","205","14","105","2","24","72","7","257","20","97","133","7",
"Número_de_Personas_Trabajadoras_del_Hogar_afiliadas_ante_el_Instituto_Mexicano_del_Seguro_Social",	24,"San_Luis_Potosí","2023","7","651","31","196","402","22","143","5","27","102","9","508","26","169","300","13",
"Número_de_Personas_Trabajadoras_del_Hogar_afiliadas_ante_el_Instituto_Mexicano_del_Seguro_Social",	25,"Sinaloa","2023","7","2,584","183","772","1,536","93","921","43","253","577","48","1,663","140","519","959","45",
"Número_de_Personas_Trabajadoras_del_Hogar_afiliadas_ante_el_Instituto_Mexicano_del_Seguro_Social",	26,"Sonora","2023","7","2,818","121","646","1,924","127","1,064","43","208","752","61","1,754","78","438","1,172","66",
"Número_de_Personas_Trabajadoras_del_Hogar_afiliadas_ante_el_Instituto_Mexicano_del_Seguro_Social",	27,"Tabasco","2023","7","215","12","87","108","8","77","7","25","42","3","138","5","62","66","5",
"Número_de_Personas_Trabajadoras_del_Hogar_afiliadas_ante_el_Instituto_Mexicano_del_Seguro_Social",	28,"Tamaulipas","2023","7","1,862","101","392","1,275","94","657","28","101","478","50","1,205","73","291","797","44",
"Número_de_Personas_Trabajadoras_del_Hogar_afiliadas_ante_el_Instituto_Mexicano_del_Seguro_Social",	29,"Tlaxcala","2023","7","463","55","124","266","18","193","24","42","117","10","270","31","82","149","8",
"Número_de_Personas_Trabajadoras_del_Hogar_afiliadas_ante_el_Instituto_Mexicano_del_Seguro_Social",	30,"Veracruz_de_Ignacio_de_la_Llave","2023","7","2,778","223","889","1,526","140","956","61","187","643","65","1,822","162","702","883","75",
"Número_de_Personas_Trabajadoras_del_Hogar_afiliadas_ante_el_Instituto_Mexicano_del_Seguro_Social",	31,"Yucatán","2023","7","1,584","102","436","994","52","662","37","142","451","32","922","65","294","543","20",
"Número_de_Personas_Trabajadoras_del_Hogar_afiliadas_ante_el_Instituto_Mexicano_del_Seguro_Social",	32,"Zacatecas","2023","7","287","17","100","159","11","63","1","13","44","5","224","16","87","115","6",
"Número_de_Personas_Trabajadoras_del_Hogar_afiliadas_ante_el_Instituto_Mexicano_del_Seguro_Social",	00,"Estados_Unidos_Mexicanos","2023","6","60,110","4,013","18,100","35,451","2,546","19,891","1,017","4,497","13,094","1,283","40,219","2,996","13,603","22,357","1,263",
"Número_de_Personas_Trabajadoras_del_Hogar_afiliadas_ante_el_Instituto_Mexicano_del_Seguro_Social",	01,"Aguascalientes","2023","6","1,311","66","345","859","41","494","14","94","364","22","817","52","251","495","19",
"Número_de_Personas_Trabajadoras_del_Hogar_afiliadas_ante_el_Instituto_Mexicano_del_Seguro_Social",	02,"Baja_California","2023","6","2,901","194","660","1,895","152","1,001","51","189","677","84","1,900","143","471","1,218","68",
"Número_de_Personas_Trabajadoras_del_Hogar_afiliadas_ante_el_Instituto_Mexicano_del_Seguro_Social",	03,"Baja_California_Sur","2023","6","390","21","141","217","11","88","3","27","54","4","302","18","114","163","7",
"Número_de_Personas_Trabajadoras_del_Hogar_afiliadas_ante_el_Instituto_Mexicano_del_Seguro_Social",	04,"Campeche","2023","6","171","8","58","100","5","66","2","17","44","3","105","6","41","56","2",
"Número_de_Personas_Trabajadoras_del_Hogar_afiliadas_ante_el_Instituto_Mexicano_del_Seguro_Social",	05,"Coahuila_de_Zaragoza","2023","6","2,716","120","509","1,983","104","1,183","38","179","903","63","1,533","82","330","1,080","41",
"Número_de_Personas_Trabajadoras_del_Hogar_afiliadas_ante_el_Instituto_Mexicano_del_Seguro_Social",	06,"Colima","2023","6","698","44","220","398","36","196","14","42","127","13","502","30","178","271","23",
"Número_de_Personas_Trabajadoras_del_Hogar_afiliadas_ante_el_Instituto_Mexicano_del_Seguro_Social",	07,"Chiapas","2023","6","1,006","102","371","482","51","414","29","109","247","29","592","73","262","235","22",
"Número_de_Personas_Trabajadoras_del_Hogar_afiliadas_ante_el_Instituto_Mexicano_del_Seguro_Social",	08,"Chihuahua","2023","6","2,392","108","503","1,715","66","637","24","116","471","26","1,755","84","387","1,244","40",
"Número_de_Personas_Trabajadoras_del_Hogar_afiliadas_ante_el_Instituto_Mexicano_del_Seguro_Social",	09,"Ciudad_de_México","2023","6","10,330","685","3,477","5,739","429","2,535","118","632","1,602","183","7,795","567","2,845","4,137","246",
"Número_de_Personas_Trabajadoras_del_Hogar_afiliadas_ante_el_Instituto_Mexicano_del_Seguro_Social",	10,"Durango","2023","6","511","32","149","307","23","144","11","34","87","12","367","21","115","220","11",
"Número_de_Personas_Trabajadoras_del_Hogar_afiliadas_ante_el_Instituto_Mexicano_del_Seguro_Social",	11,"Guanajuato","2023","6","1,742","104","625","960","53","565","37","157","346","25","1,177","67","468","614","28",
"Número_de_Personas_Trabajadoras_del_Hogar_afiliadas_ante_el_Instituto_Mexicano_del_Seguro_Social",	12,"Guerrero","2023","6","1,743","181","669","827","66","659","46","215","363","35","1,084","135","454","464","31",
"Número_de_Personas_Trabajadoras_del_Hogar_afiliadas_ante_el_Instituto_Mexicano_del_Seguro_Social",	13,"Hidalgo","2023","6","814","50","213","503","48","336","13","58","241","24","478","37","155","262","24",
"Número_de_Personas_Trabajadoras_del_Hogar_afiliadas_ante_el_Instituto_Mexicano_del_Seguro_Social",	14,"Jalisco","2023","6","4,204","376","1,565","2,097","166","1,201","105","371","647","78","3,003","271","1,194","1,450","88",
"Número_de_Personas_Trabajadoras_del_Hogar_afiliadas_ante_el_Instituto_Mexicano_del_Seguro_Social",	15,"México","2023","6","6,364","338","1,662","3,985","379","2,561","86","461","1,787","227","3,803","252","1,201","2,198","152",
"Número_de_Personas_Trabajadoras_del_Hogar_afiliadas_ante_el_Instituto_Mexicano_del_Seguro_Social",	16,"Michoacán_de_Ocampo","2023","6","1,297","92","538","599","68","317","18","100","174","25","980","74","438","425","43",
"Número_de_Personas_Trabajadoras_del_Hogar_afiliadas_ante_el_Instituto_Mexicano_del_Seguro_Social",	17,"Morelos","2023","6","1,307","90","466","706","45","483","33","127","299","24","824","57","339","407","21",
"Número_de_Personas_Trabajadoras_del_Hogar_afiliadas_ante_el_Instituto_Mexicano_del_Seguro_Social",	18,"Nayarit","2023","6","821","85","321","379","36","234","14","82","117","21","587","71","239","262","15",
"Número_de_Personas_Trabajadoras_del_Hogar_afiliadas_ante_el_Instituto_Mexicano_del_Seguro_Social",	19,"Nuevo_León","2023","6","2,867","253","983","1,565","66","954","66","293","570","25","1,913","187","690","995","41",
"Número_de_Personas_Trabajadoras_del_Hogar_afiliadas_ante_el_Instituto_Mexicano_del_Seguro_Social",	20,"Oaxaca","2023","6","551","42","177","308","24","203","12","43","135","13","348","30","134","173","11",
"Número_de_Personas_Trabajadoras_del_Hogar_afiliadas_ante_el_Instituto_Mexicano_del_Seguro_Social",	21,"Puebla","2023","6","1,249","79","344","767","59","439","21","80","306","32","810","58","264","461","27",
"Número_de_Personas_Trabajadoras_del_Hogar_afiliadas_ante_el_Instituto_Mexicano_del_Seguro_Social",	22,"Querétaro","2023","6","892","68","292","503","29","270","20","45","188","17","622","48","247","315","12",
"Número_de_Personas_Trabajadoras_del_Hogar_afiliadas_ante_el_Instituto_Mexicano_del_Seguro_Social",	23,"Quintana_Roo","2023","6","349","23","116","197","13","103","2","25","70","6","246","21","91","127","7",
"Número_de_Personas_Trabajadoras_del_Hogar_afiliadas_ante_el_Instituto_Mexicano_del_Seguro_Social",	24,"San_Luis_Potosí","2023","6","638","182","787","1,562","98","951","44","254","598","55","1,678","138","533","964","43",
"Número_de_Personas_Trabajadoras_del_Hogar_afiliadas_ante_el_Instituto_Mexicano_del_Seguro_Social",	25,"Sinaloa","2023","6","2,629","118","639","1,966","131","1,065","40","202","760","63","1,789","78","437","1,206","68",
"Número_de_Personas_Trabajadoras_del_Hogar_afiliadas_ante_el_Instituto_Mexicano_del_Seguro_Social",	26,"Sonora","2023","6","2,854","118","639","1,966","131","1,065","40","202","760","63","1,789","78","437","1,206","68",
"Número_de_Personas_Trabajadoras_del_Hogar_afiliadas_ante_el_Instituto_Mexicano_del_Seguro_Social",	27,"Tabasco","2023","6","209","16","88","97","8","70","7","23","37","3","139","9","65","60","5",
"Número_de_Personas_Trabajadoras_del_Hogar_afiliadas_ante_el_Instituto_Mexicano_del_Seguro_Social",	28,"Tamaulipas","2023","6","1,881","1,223","810","42","72","658","23","102","486","47","1,223","72","299","810","42",
"Número_de_Personas_Trabajadoras_del_Hogar_afiliadas_ante_el_Instituto_Mexicano_del_Seguro_Social",	29,"Tlaxcala","2023","6","478","53","130","274","21","193","23","42","116","12","285","30","88","158","9",
"Número_de_Personas_Trabajadoras_del_Hogar_afiliadas_ante_el_Instituto_Mexicano_del_Seguro_Social",	30,"Veracruz_de_Ignacio_de_la_Llave","2023","6","2,839","234","896","1,565","144","979","61","192","657","69","1,860","173","704","908","75",
"Número_de_Personas_Trabajadoras_del_Hogar_afiliadas_ante_el_Instituto_Mexicano_del_Seguro_Social",	31,"Yucatán","2023","6","1,673","111","474","1,038","50","684","35","148","472","29","989","76","326","566","21",
"Número_de_Personas_Trabajadoras_del_Hogar_afiliadas_ante_el_Instituto_Mexicano_del_Seguro_Social",	32,"Zacatecas","2023","6","283","13","97","161","12","65","0","13","46","6","218","13","84","115","6",
"Número_de_Personas_Trabajadoras_del_Hogar_afiliadas_ante_el_Instituto_Mexicano_del_Seguro_Social",	00,"Estados_Unidos_Mexicanos","2023","5","59,313","3,620","19,122","34,349","2,222","19,474","901","4,719","12,744","1,110","39,839","2,719","14,403","21,605","1,112",
"Número_de_Personas_Trabajadoras_del_Hogar_afiliadas_ante_el_Instituto_Mexicano_del_Seguro_Social",	01,"Aguascalientes","2023","5","1,302","58","372","835","37","483","12","91","360","20","819","46","281","475","17",
"Número_de_Personas_Trabajadoras_del_Hogar_afiliadas_ante_el_Instituto_Mexicano_del_Seguro_Social",	02,"Baja_California","2023","5","2,708","142","654","1,797","115","898","29","181","625","63","1,810","113","473","1,172","52",
"Número_de_Personas_Trabajadoras_del_Hogar_afiliadas_ante_el_Instituto_Mexicano_del_Seguro_Social",	03,"Baja_California_Sur","2023","5","381","23","150","199","9","90","4","32","51","3","291","19","118","148","6",
"Número_de_Personas_Trabajadoras_del_Hogar_afiliadas_ante_el_Instituto_Mexicano_del_Seguro_Social",	04,"Campeche","2023","5","169","8","62","94","5","63","3","18","38","4","106","5","44","56","1",
"Número_de_Personas_Trabajadoras_del_Hogar_afiliadas_ante_el_Instituto_Mexicano_del_Seguro_Social",	05,"Coahuila_de_Zaragoza","2023","5","2,705","116","546","1,948","95","1,179","33","195","891","60","1,526","83","351","1,057","35",
"Número_de_Personas_Trabajadoras_del_Hogar_afiliadas_ante_el_Instituto_Mexicano_del_Seguro_Social",	06,"Colima","2023","5","700","41","245","383","31","200","13","51","123","13","500","28","194","260","18",
"Número_de_Personas_Trabajadoras_del_Hogar_afiliadas_ante_el_Instituto_Mexicano_del_Seguro_Social",	07,"Chiapas","2023","5","995","99","372","475","49","400","29","102","240","29","595","70","270","235","20",
"Número_de_Personas_Trabajadoras_del_Hogar_afiliadas_ante_el_Instituto_Mexicano_del_Seguro_Social",	08,"Chihuahua","2023","5","2,317","98","538","1,626","55","632","21","126","465","20","1,685","77","412","1,161","35",
"Número_de_Personas_Trabajadoras_del_Hogar_afiliadas_ante_el_Instituto_Mexicano_del_Seguro_Social",	09,"Ciudad_de_México","2023","5","10,246","595","3,702","5,574","375","2,458","95","652","1,556","155","7,788","500","3,050","4,018","220",
"Número_de_Personas_Trabajadoras_del_Hogar_afiliadas_ante_el_Instituto_Mexicano_del_Seguro_Social",	10,"Durango","2023","5","512","27","165","300","20","140","9","37","85","9","372","18","128","215","11",
"Número_de_Personas_Trabajadoras_del_Hogar_afiliadas_ante_el_Instituto_Mexicano_del_Seguro_Social",	11,"Guanajuato","2023","5","1,776","93","689","946","48","604","34","193","352","25","1,172","59","496","594","23",
"Número_de_Personas_Trabajadoras_del_Hogar_afiliadas_ante_el_Instituto_Mexicano_del_Seguro_Social",	12,"Guerrero","2023","5","1,742","171","702","812","57","642","47","220","345","30","1,100","124","482","467","27",
"Número_de_Personas_Trabajadoras_del_Hogar_afiliadas_ante_el_Instituto_Mexicano_del_Seguro_Social",	13,"Hidalgo","2023","5","773","40","217","473","43","314","9","56","230","19","459","31","161","243","24",
"Número_de_Personas_Trabajadoras_del_Hogar_afiliadas_ante_el_Instituto_Mexicano_del_Seguro_Social",	14,"Jalisco","2023","5","4,106","331","1,649","1,987","139","1,146","87","379","615","65","2,960","244","1,270","1,372","74",
"Número_de_Personas_Trabajadoras_del_Hogar_afiliadas_ante_el_Instituto_Mexicano_del_Seguro_Social",	15,"México","2023","5","6,297","327","1,731","3,897","342","2,513","89","476","1,744","204","3,784","238","1,255","2,153","138",
"Número_de_Personas_Trabajadoras_del_Hogar_afiliadas_ante_el_Instituto_Mexicano_del_Seguro_Social",	16,"Michoacán_de_Ocampo","2023","5","1,316","88","567","591","70","324","16","103","180","25","992","72","464","411","45",
"Número_de_Personas_Trabajadoras_del_Hogar_afiliadas_ante_el_Instituto_Mexicano_del_Seguro_Social",	17,"Morelos","2023","5","1,285","81","479","689","36","459","26","127","290","16","826","55","352","399","20",
"Número_de_Personas_Trabajadoras_del_Hogar_afiliadas_ante_el_Instituto_Mexicano_del_Seguro_Social",	18,"Nayarit","2023","5","804","79","333","361","31","228","14","81","115","18","576","65","252","246","13",
"Número_de_Personas_Trabajadoras_del_Hogar_afiliadas_ante_el_Instituto_Mexicano_del_Seguro_Social",	19,"Nuevo_León","2023","5","2,775","221","1,026","1,465","63","921","59","306","531","25","1,854","162","720","934","38",
"Número_de_Personas_Trabajadoras_del_Hogar_afiliadas_ante_el_Instituto_Mexicano_del_Seguro_Social",	20,"Oaxaca","2023","5","534","41","187","292","14","200","10","47","136","7","334","31","140","156","7",
"Número_de_Personas_Trabajadoras_del_Hogar_afiliadas_ante_el_Instituto_Mexicano_del_Seguro_Social",	21,"Puebla","2023","5","1,220","68","353","749","50","442","19","78","313","32","778","49","275","436","18",
"Número_de_Personas_Trabajadoras_del_Hogar_afiliadas_ante_el_Instituto_Mexicano_del_Seguro_Social",	22,"Querétaro","2023","5","879","63","307","483","26","252","13","47","178","14","627","50","260","305","12",
"Número_de_Personas_Trabajadoras_del_Hogar_afiliadas_ante_el_Instituto_Mexicano_del_Seguro_Social",	23,"Quintana_Roo","2023","5","350","24","124","190","12","104","4","25","68","7","246","20","99","122","5",
"Número_de_Personas_Trabajadoras_del_Hogar_afiliadas_ante_el_Instituto_Mexicano_del_Seguro_Social",	24,"San_Luis_Potosí","2023","5","633","27","198","386","22","142","4","33","97","8","491","23","165","289","14",
"Número_de_Personas_Trabajadoras_del_Hogar_afiliadas_ante_el_Instituto_Mexicano_del_Seguro_Social",	25,"Sinaloa","2023","5","2,595","153","848","1,507","87","947","38","283","580","46","1,648","115","565","927","41",
"Número_de_Personas_Trabajadoras_del_Hogar_afiliadas_ante_el_Instituto_Mexicano_del_Seguro_Social",	26,"Sonora","2023","5","2,817","112","695","1,893","117","1,057","38","225","737","57","1,760","74","470","1,156","60",
"Número_de_Personas_Trabajadoras_del_Hogar_afiliadas_ante_el_Instituto_Mexicano_del_Seguro_Social",	27,"Tabasco","2023","5","217","15","90","105","7","78","9","26","41","2","139","6","64","64","5",
"Número_de_Personas_Trabajadoras_del_Hogar_afiliadas_ante_el_Instituto_Mexicano_del_Seguro_Social",	28,"Tamaulipas","2023","5","1,899","94","412","1,313","80","664","26","109","487","42","1,235","68","303","826","38",
"Número_de_Personas_Trabajadoras_del_Hogar_afiliadas_ante_el_Instituto_Mexicano_del_Seguro_Social",	29,"Tlaxcala","2023","5","423","40","125","247","11","176","15","40","115","6","247","25","85","132","5",
"Número_de_Personas_Trabajadoras_del_Hogar_afiliadas_ante_el_Instituto_Mexicano_del_Seguro_Social",	30,"Veracruz_de_Ignacio_de_la_Llave","2023","5","2,868","226","986","1,537","119","981","59","219","647","56","1,887","167","767","890","63",
"Número_de_Personas_Trabajadoras_del_Hogar_afiliadas_ante_el_Instituto_Mexicano_del_Seguro_Social",	31,"Yucatán","2023","5","1,682","103","495","1,038","46","673","37","148","464","24","1,009","66","347","574","22",
"Número_de_Personas_Trabajadoras_del_Hogar_afiliadas_ante_el_Instituto_Mexicano_del_Seguro_Social",	32,"Zacatecas","2023","5","287","16","103","157","11","64","0","13","45","6","223","16","90","112","5",
"Número_de_Personas_Trabajadoras_del_Hogar_afiliadas_ante_el_Instituto_Mexicano_del_Seguro_Social",	00,"Estados_Unidos_Mexicanos","2023","4","56,128","4,222","17,826","32,211","1,869","18,688","1,078","4,449","12,203","958","37,440","3,144","13,377","20,008","911",
"Número_de_Personas_Trabajadoras_del_Hogar_afiliadas_ante_el_Instituto_Mexicano_del_Seguro_Social",	01,"Aguascalientes","2023","4","1,261","63","361","801","36","467","13","84","350","20","794","50","277","451","16",
"Número_de_Personas_Trabajadoras_del_Hogar_afiliadas_ante_el_Instituto_Mexicano_del_Seguro_Social",	02,"Baja_California","2023","4","2,515","174","621","1,626","94","838","42","175","568","53","1,677","132","446","1,058","41",
"Número_de_Personas_Trabajadoras_del_Hogar_afiliadas_ante_el_Instituto_Mexicano_del_Seguro_Social",	03,"Baja_California_Sur","2023","4","348","22","138","181","7","81","4","30","44","3","267","18","108","137","4",
"Número_de_Personas_Trabajadoras_del_Hogar_afiliadas_ante_el_Instituto_Mexicano_del_Seguro_Social",	04,"Campeche","2023","4","151","10","55","81","5","58","2","18","35","3","93","8","37","46","2",
"Número_de_Personas_Trabajadoras_del_Hogar_afiliadas_ante_el_Instituto_Mexicano_del_Seguro_Social",	05,"Coahuila_de_Zaragoza","2023","4","2,526","122","522","1,800","82","1,114","35","197","828","54","1,412","87","325","972","28",
"Número_de_Personas_Trabajadoras_del_Hogar_afiliadas_ante_el_Instituto_Mexicano_del_Seguro_Social",	06,"Colima","2023","4","650","48","217","359","26","192","15","44","120","13","458","33","173","239","13",
"Número_de_Personas_Trabajadoras_del_Hogar_afiliadas_ante_el_Instituto_Mexicano_del_Seguro_Social",	07,"Chiapas","2023","4","968","105","365","455","43","388","30","103","231","24","580","75","262","224","19",
"Número_de_Personas_Trabajadoras_del_Hogar_afiliadas_ante_el_Instituto_Mexicano_del_Seguro_Social",	08,"Chihuahua","2023","4","2,188","108","502","1,535","43","590","26","126","424","14","1,598","82","376","1,111","29",
"Número_de_Personas_Trabajadoras_del_Hogar_afiliadas_ante_el_Instituto_Mexicano_del_Seguro_Social",	09,"Ciudad_de_México","2023","4","9,588","721","3,488","5,070","309","2,343","123","611","1,483","126","7,245","598","2,877","3,587","183",
"Número_de_Personas_Trabajadoras_del_Hogar_afiliadas_ante_el_Instituto_Mexicano_del_Seguro_Social",	10,"Durango","2023","4","471","31","152","278","10","130","12","32","83","3","341","19","120","195","7",
"Número_de_Personas_Trabajadoras_del_Hogar_afiliadas_ante_el_Instituto_Mexicano_del_Seguro_Social",	11,"Guanajuato","2023","4","1,699","127","656","873","43","605","54","189","339","23","1,094","73","467","534","20",
"Número_de_Personas_Trabajadoras_del_Hogar_afiliadas_ante_el_Instituto_Mexicano_del_Seguro_Social",	12,"Guerrero","2023","4","1,703","207","668","777","51","632","60","204","339","29","1,071","147","464","438","22",
"Número_de_Personas_Trabajadoras_del_Hogar_afiliadas_ante_el_Instituto_Mexicano_del_Seguro_Social",	13,"Hidalgo","2023","4","739","41","195","464","39","306","10","53","225","18","433","31","142","239","21",
"Número_de_Personas_Trabajadoras_del_Hogar_afiliadas_ante_el_Instituto_Mexicano_del_Seguro_Social",	14,"Jalisco","2023","4","3,891","392","1,508","1,872","119","1,097","110","346","585","56","2,794","282","1,162","1,287","63",
"Número_de_Personas_Trabajadoras_del_Hogar_afiliadas_ante_el_Instituto_Mexicano_del_Seguro_Social",	15,"México","2023","4","5,933","379","1,562","3,709","283","2,400","103","439","1,685","173","3,533","276","1,123","2,024","110",
"Número_de_Personas_Trabajadoras_del_Hogar_afiliadas_ante_el_Instituto_Mexicano_del_Seguro_Social",	16,"Michoacán_de_Ocampo","2023","4","1,224","114","501","547","62","299","23","85","166","25","925","91","416","381","37",
"Número_de_Personas_Trabajadoras_del_Hogar_afiliadas_ante_el_Instituto_Mexicano_del_Seguro_Social",	17,"Morelos","2023","4","1,253","107","449","666","31","457","32","122","288","15","796","75","327","378","16",
"Número_de_Personas_Trabajadoras_del_Hogar_afiliadas_ante_el_Instituto_Mexicano_del_Seguro_Social",	18,"Nayarit","2023","4","757","88","287","352","30","213","17","68","109","19","544","71","219","243","11",
"Número_de_Personas_Trabajadoras_del_Hogar_afiliadas_ante_el_Instituto_Mexicano_del_Seguro_Social",	19,"Nuevo_León","2023","4","2,679","256","973","1,397","53","919","66","305","525","23","1,760","190","668","872","30",
"Número_de_Personas_Trabajadoras_del_Hogar_afiliadas_ante_el_Instituto_Mexicano_del_Seguro_Social",	20,"Oaxaca","2023","4","516","47","168","283","18","198","12","41","135","10","318","35","127","148","8",
"Número_de_Personas_Trabajadoras_del_Hogar_afiliadas_ante_el_Instituto_Mexicano_del_Seguro_Social",	21,"Puebla","2023","4","1,181","80","340","718","43","428","22","78","301","27","753","58","262","417","16",
"Número_de_Personas_Trabajadoras_del_Hogar_afiliadas_ante_el_Instituto_Mexicano_del_Seguro_Social",	22,"Querétaro","2023","4","814","68","277","451","18","233","11","44","168","10","581","57","233","283","8",
"Número_de_Personas_Trabajadoras_del_Hogar_afiliadas_ante_el_Instituto_Mexicano_del_Seguro_Social",	23,"Quintana_Roo","2023","4","348","28","120","191","9","106","4","24","75","3","242","24","96","116","6",
"Número_de_Personas_Trabajadoras_del_Hogar_afiliadas_ante_el_Instituto_Mexicano_del_Seguro_Social",	24,"San_Luis_Potosí","2023","4","581","26","184","355","16","129","6","26","91","6","452","20","158","264","10",
"Número_de_Personas_Trabajadoras_del_Hogar_afiliadas_ante_el_Instituto_Mexicano_del_Seguro_Social",	25,"Sinaloa","2023","4","2,471","194","796","1,406","75","910","56","264","552","38","1,561","138","532","854","37",
"Número_de_Personas_Trabajadoras_del_Hogar_afiliadas_ante_el_Instituto_Mexicano_del_Seguro_Social",	26,"Sonora","2023","4","2,633","131","639","1,761","102","989","43","207","685","54","1,644","88","432","1,076","48",
"Número_de_Personas_Trabajadoras_del_Hogar_afiliadas_ante_el_Instituto_Mexicano_del_Seguro_Social",	27,"Tabasco","2023","4","211","11","93","102","5","76","6","27","41","2","135","5","66","61","3",
"Número_de_Personas_Trabajadoras_del_Hogar_afiliadas_ante_el_Instituto_Mexicano_del_Seguro_Social",	28,"Tamaulipas","2023","4","1,830","95","412","1,256","67","641","25","105","478","33","1,189","70","307","778","34",
"Número_de_Personas_Trabajadoras_del_Hogar_afiliadas_ante_el_Instituto_Mexicano_del_Seguro_Social",	29,"Tlaxcala","2023","4","394","44","99","238","13","170","17","32","113","8","224","27","67","125","5",
"Número_de_Personas_Trabajadoras_del_Hogar_afiliadas_ante_el_Instituto_Mexicano_del_Seguro_Social",	30,"Veracruz_de_Ignacio_de_la_Llave","2023","4","2,714","248","904","1,476","86","952","60","211","638","43","1,762","188","693","838","43",
"Número_de_Personas_Trabajadoras_del_Hogar_afiliadas_ante_el_Instituto_Mexicano_del_Seguro_Social",	31,"Yucatán","2023","4","1,621","115","478","984","44","667","38","147","457","25","954","77","331","527","19",
"Número_de_Personas_Trabajadoras_del_Hogar_afiliadas_ante_el_Instituto_Mexicano_del_Seguro_Social",	32,"Zacatecas","2023","4","270","20","96","147","7","60","1","12","42","5","210","19","84","105","2",
"Número_de_Personas_Trabajadoras_del_Hogar_afiliadas_ante_el_Instituto_Mexicano_del_Seguro_Social",	00,"Estados_Unidos_Mexicanos","2023","3","56,092","4,277","17,702","32,204","1,909","18,687","1,112","4,399","12,206","970","37,405","3,165","13,303","19,998","939",
"Número_de_Personas_Trabajadoras_del_Hogar_afiliadas_ante_el_Instituto_Mexicano_del_Seguro_Social",	01,"Aguascalientes","2023","3","1,262","60","349","819","34","468","16","79","353","20","794","44","270","466","14",
"Número_de_Personas_Trabajadoras_del_Hogar_afiliadas_ante_el_Instituto_Mexicano_del_Seguro_Social",	02,"Baja_California","2023","3","2,526","186","616","1,626","98","854","45","176","581","52","1,672","141","440","1,045","46",
"Número_de_Personas_Trabajadoras_del_Hogar_afiliadas_ante_el_Instituto_Mexicano_del_Seguro_Social",	03,"Baja_California_Sur","2023","3","344","26","137","175","6","83","4","32","45","2","261","22","105","130","4",
"Número_de_Personas_Trabajadoras_del_Hogar_afiliadas_ante_el_Instituto_Mexicano_del_Seguro_Social",	04,"Campeche","2023","3","153","7","60","82","4","58","2","18","35","3","95","5","42","47","1",
"Número_de_Personas_Trabajadoras_del_Hogar_afiliadas_ante_el_Instituto_Mexicano_del_Seguro_Social",	05,"Coahuila_de_Zaragoza","2023","3","2,553","126","513","1,831","83","1,105","34","185","836","50","1,448","92","328","995","33",
"Número_de_Personas_Trabajadoras_del_Hogar_afiliadas_ante_el_Instituto_Mexicano_del_Seguro_Social",	06,"Colima","2023","3","666","57","224","357","28","193","18","45","117","13","473","39","179","240","15",
"Número_de_Personas_Trabajadoras_del_Hogar_afiliadas_ante_el_Instituto_Mexicano_del_Seguro_Social",	07,"Chiapas","2023","3","965","112","366","442","45","388","36","102","224","26","577","76","264","218","19",
"Número_de_Personas_Trabajadoras_del_Hogar_afiliadas_ante_el_Instituto_Mexicano_del_Seguro_Social",	08,"Chihuahua","2023","3","2,194","106","504","1,542","42","582","25","113","430","14","1,612","81","391","1,112","28",
"Número_de_Personas_Trabajadoras_del_Hogar_afiliadas_ante_el_Instituto_Mexicano_del_Seguro_Social",	09,"Ciudad_de_México","2023","3","9,561","711","3,432","5,085","333","2,377","136","598","1,495","148","7,184","575","2,834","3,590","185",
"Número_de_Personas_Trabajadoras_del_Hogar_afiliadas_ante_el_Instituto_Mexicano_del_Seguro_Social",	10,"Durango","2023","3","477","34","151","278","14","133","13","32","84","4","344","21","119","194","10",
"Número_de_Personas_Trabajadoras_del_Hogar_afiliadas_ante_el_Instituto_Mexicano_del_Seguro_Social",	11,"Guanajuato","2023","3","1,622","115","593","871","43","584","49","172","340","23","1,038","66","421","531","20",
"Número_de_Personas_Trabajadoras_del_Hogar_afiliadas_ante_el_Instituto_Mexicano_del_Seguro_Social",	12,"Guerrero","2023","3","1,756","228","674","802","52","658","74","202","352","30","1,098","154","472","450","22",
"Número_de_Personas_Trabajadoras_del_Hogar_afiliadas_ante_el_Instituto_Mexicano_del_Seguro_Social",	13,"Hidalgo","2023","3","715","44","193","442","36","295","10","47","221","17","420","34","146","221","19",
"Número_de_Personas_Trabajadoras_del_Hogar_afiliadas_ante_el_Instituto_Mexicano_del_Seguro_Social",	14,"Jalisco","2023","3","3,809","399","1,487","1,802","121","1,064","103","348","562","51","2,745","296","1,139","1,240","70",
"Número_de_Personas_Trabajadoras_del_Hogar_afiliadas_ante_el_Instituto_Mexicano_del_Seguro_Social",	15,"México","2023","3","5,886","367","1,556","3,673","290","2,360","98","430","1,660","172","3,526","269","1,126","2,013","118",
"Número_de_Personas_Trabajadoras_del_Hogar_afiliadas_ante_el_Instituto_Mexicano_del_Seguro_Social",	16,"Michoacán_de_Ocampo","2023","3","1,286","117","520","584","65","330","24","97","181","28","956","93","423","403","37",
"Número_de_Personas_Trabajadoras_del_Hogar_afiliadas_ante_el_Instituto_Mexicano_del_Seguro_Social",	17,"Morelos","2023","3","1,227","105","443","649","30","448","32","126","276","14","779","73","317","373","16",
"Número_de_Personas_Trabajadoras_del_Hogar_afiliadas_ante_el_Instituto_Mexicano_del_Seguro_Social",	18,"Nayarit","2023","3","766","88","307","343","28","217","19","76","106","16","549","69","231","237","12",
"Número_de_Personas_Trabajadoras_del_Hogar_afiliadas_ante_el_Instituto_Mexicano_del_Seguro_Social",	19,"Nuevo_León","2023","3","2,653","251","957","1,390","55","915","61","306","525","23","1,738","190","651","865","32",
"Número_de_Personas_Trabajadoras_del_Hogar_afiliadas_ante_el_Instituto_Mexicano_del_Seguro_Social",	20,"Oaxaca","2023","3","533","54","172","291","16","194","10","39","137","8","339","44","133","154","8",
"Número_de_Personas_Trabajadoras_del_Hogar_afiliadas_ante_el_Instituto_Mexicano_del_Seguro_Social",	21,"Puebla","2023","3","1,190","74","343","727","46","427","18","78","305","26","763","56","265","422","20",
"Número_de_Personas_Trabajadoras_del_Hogar_afiliadas_ante_el_Instituto_Mexicano_del_Seguro_Social",	22,"Querétaro","2023","3","813","69","294","430","20","228","13","49","155","11","585","56","245","275","9",
"Número_de_Personas_Trabajadoras_del_Hogar_afiliadas_ante_el_Instituto_Mexicano_del_Seguro_Social",	23,"Quintana_Roo","2023","3","354","26","120","197","11","110","5","24","78","3","244","21","96","119","8",
"Número_de_Personas_Trabajadoras_del_Hogar_afiliadas_ante_el_Instituto_Mexicano_del_Seguro_Social",	24,"San_Luis_Potosí","2023","3","593","27","188","358","20","130","6","25","91","8","463","21","163","267","12",
"Número_de_Personas_Trabajadoras_del_Hogar_afiliadas_ante_el_Instituto_Mexicano_del_Seguro_Social",	25,"Sinaloa","2023","3","2,504","197","816","1,414","77","932","59","276","556","41","1,572","138","540","858","36",
"Número_de_Personas_Trabajadoras_del_Hogar_afiliadas_ante_el_Instituto_Mexicano_del_Seguro_Social",	26,"Sonora","2023","3","2,659","127","640","1,792","100","998","44","203","697","54","1,661","83","437","1,095","46",
"Número_de_Personas_Trabajadoras_del_Hogar_afiliadas_ante_el_Instituto_Mexicano_del_Seguro_Social",	27,"Tabasco","2023","3","217","8","102","105","2","70","2","26","41","1","147","6","76","64","1",
"Número_de_Personas_Trabajadoras_del_Hogar_afiliadas_ante_el_Instituto_Mexicano_del_Seguro_Social",	28,"Tamaulipas","2023","3","1,866","98","411","1,287","70","657","26","103","490","38","1,209","72","308","797","32",
"Número_de_Personas_Trabajadoras_del_Hogar_afiliadas_ante_el_Instituto_Mexicano_del_Seguro_Social",	29,"Tlaxcala","2023","3","400","46","99","242","13","173","17","32","116","8","227","29","67","126","5",
"Número_de_Personas_Trabajadoras_del_Hogar_afiliadas_ante_el_Instituto_Mexicano_del_Seguro_Social",	30,"Veracruz_de_Ignacio_de_la_Llave","2023","3","2,701","265","882","1,465","89","941","70","202","625","44","1,760","195","680","840","45",
"Número_de_Personas_Trabajadoras_del_Hogar_afiliadas_ante_el_Instituto_Mexicano_del_Seguro_Social",	31,"Yucatán","2023","3","1,585","125","464","963","33","661","42","146","454","19","924","83","318","509","14",
"Número_de_Personas_Trabajadoras_del_Hogar_afiliadas_ante_el_Instituto_Mexicano_del_Seguro_Social",	32,"Zacatecas","2023","3","256","22","89","140","5","54","1","12","38","3","202","21","77","102","2",
"Número_de_Personas_Trabajadoras_del_Hogar_afiliadas_ante_el_Instituto_Mexicano_del_Seguro_Social",	00,"Estados_Unidos_Mexicanos","2023","2","54,623","4,175","17,261","31,335","1,852","18,347","1,073","4,336","11,990","948","36,276","3,102","12,925","19,345","904",
"Número_de_Personas_Trabajadoras_del_Hogar_afiliadas_ante_el_Instituto_Mexicano_del_Seguro_Social",	01,"Aguascalientes","2023","2","1,287","58","353","837","39","497","21","88","366","22","790","37","265","471","17",
"Número_de_Personas_Trabajadoras_del_Hogar_afiliadas_ante_el_Instituto_Mexicano_del_Seguro_Social",	02,"Baja_California","2023","2","2,467","189","616","1,575","87","854","41","181","581","51","1,613","148","435","994","36",
"Número_de_Personas_Trabajadoras_del_Hogar_afiliadas_ante_el_Instituto_Mexicano_del_Seguro_Social",	03,"Baja_California_Sur","2023","2","333","22","133","172","6","77","3","31","41","2","256","19","102","131","4",
"Número_de_Personas_Trabajadoras_del_Hogar_afiliadas_ante_el_Instituto_Mexicano_del_Seguro_Social",	04,"Campeche","2023","2","144","7","57","75","5","58","2","18","35","3","86","5","39","40","2",
"Número_de_Personas_Trabajadoras_del_Hogar_afiliadas_ante_el_Instituto_Mexicano_del_Seguro_Social",	05,"Coahuila_de_Zaragoza","2023","2","2,463","120","500","1,762","81","1,082","34","184","812","52","1,381","86","316","950","29",
"Número_de_Personas_Trabajadoras_del_Hogar_afiliadas_ante_el_Instituto_Mexicano_del_Seguro_Social",	06,"Colima","2023","2","659","53","216","364","26","189","16","39","123","11","470","37","177","241","15",
"Número_de_Personas_Trabajadoras_del_Hogar_afiliadas_ante_el_Instituto_Mexicano_del_Seguro_Social",	07,"Chiapas","2023","2","946","108","362","436","40","376","32","100","225","19","570","76","262","211","21",
"Número_de_Personas_Trabajadoras_del_Hogar_afiliadas_ante_el_Instituto_Mexicano_del_Seguro_Social",	08,"Chihuahua","2023","2","2,108","100","499","1,468","41","554","24","113","403","14","1,554","76","386","1,065","27",
"Número_de_Personas_Trabajadoras_del_Hogar_afiliadas_ante_el_Instituto_Mexicano_del_Seguro_Social",	09,"Ciudad_de_México","2023","2","9,310","693","3,383","4,918","316","2,319","130","599","1,448","142","6,991","563","2,784","3,470","174",
"Número_de_Personas_Trabajadoras_del_Hogar_afiliadas_ante_el_Instituto_Mexicano_del_Seguro_Social",	10,"Durango","2023","2","476","32","147","282","15","135","13","30","88","4","341","19","117","194","11",
"Número_de_Personas_Trabajadoras_del_Hogar_afiliadas_ante_el_Instituto_Mexicano_del_Seguro_Social",	11,"Guanajuato","2023","2","1,495","99","534","821","41","543","39","150","331","23","952","60","384","490","18",
"Número_de_Personas_Trabajadoras_del_Hogar_afiliadas_ante_el_Instituto_Mexicano_del_Seguro_Social",	12,"Guerrero","2023","2","1,744","229","663","801","51","657","66","202","359","30","1,087","163","461","442","21",
"Número_de_Personas_Trabajadoras_del_Hogar_afiliadas_ante_el_Instituto_Mexicano_del_Seguro_Social",	13,"Hidalgo","2023","2","687","50","184","421","32","281","12","48","205","16","406","38","136","216","16",
"Número_de_Personas_Trabajadoras_del_Hogar_afiliadas_ante_el_Instituto_Mexicano_del_Seguro_Social",	14,"Jalisco","2023","2","3,575","358","1,414","1,692","111","1,019","102","342","525","50","2,556","256","1,072","1,167","61",
"Número_de_Personas_Trabajadoras_del_Hogar_afiliadas_ante_el_Instituto_Mexicano_del_Seguro_Social",	15,"México","2023","2","5,733","361","1,494","3,599","279","2,284","95","409","1,613","167","3,449","266","1,085","1,986","112",
"Número_de_Personas_Trabajadoras_del_Hogar_afiliadas_ante_el_Instituto_Mexicano_del_Seguro_Social",	16,"Michoacán_de_Ocampo","2023","2","1,282","111","520","587","64","331","23","94","186","28","951","88","426","401","36",
"Número_de_Personas_Trabajadoras_del_Hogar_afiliadas_ante_el_Instituto_Mexicano_del_Seguro_Social",	17,"Morelos","2023","2","1,209","105","439","637","28","436","28","124","272","12","773","77","315","365","16",
"Número_de_Personas_Trabajadoras_del_Hogar_afiliadas_ante_el_Instituto_Mexicano_del_Seguro_Social",	18,"Nayarit","2023","2","754","87","296","337","34","220","17","76","106","21","534","70","220","231","13",
"Número_de_Personas_Trabajadoras_del_Hogar_afiliadas_ante_el_Instituto_Mexicano_del_Seguro_Social",	19,"Nuevo_León","2023","2","2,629","250","940","1,380","59","902","63","296","521","22","1,727","187","644","859","37",
"Número_de_Personas_Trabajadoras_del_Hogar_afiliadas_ante_el_Instituto_Mexicano_del_Seguro_Social",	20,"Oaxaca","2023","2","528","55","171","286","16","201","13","43","137","8","327","42","128","149","8",
"Número_de_Personas_Trabajadoras_del_Hogar_afiliadas_ante_el_Instituto_Mexicano_del_Seguro_Social",	21,"Puebla","2023","2","1,146","80","331","689","46","406","17","72","291","26","740","63","259","398","20",
"Número_de_Personas_Trabajadoras_del_Hogar_afiliadas_ante_el_Instituto_Mexicano_del_Seguro_Social",	22,"Querétaro","2023","2","786","68","289","410","19","216","11","49","147","9","570","57","240","263","10",
"Número_de_Personas_Trabajadoras_del_Hogar_afiliadas_ante_el_Instituto_Mexicano_del_Seguro_Social",	23,"Quintana_Roo","2023","2","349","27","118","193","11","110","5","25","77","3","239","22","93","116","8",
"Número_de_Personas_Trabajadoras_del_Hogar_afiliadas_ante_el_Instituto_Mexicano_del_Seguro_Social",	24,"San_Luis_Potosí","2023","2","570","28","180","344","18","125","6","24","88","7","445","22","156","256","11",
"Número_de_Personas_Trabajadoras_del_Hogar_afiliadas_ante_el_Instituto_Mexicano_del_Seguro_Social",	25,"Sinaloa","2023","2","2,447","192","799","1,377","79","920","55","273","549","43","1,527","137","526","828","36",
"Número_de_Personas_Trabajadoras_del_Hogar_afiliadas_ante_el_Instituto_Mexicano_del_Seguro_Social",	26,"Sonora","2023","2","2,610","130","638","1,746","96","1,003","48","206","699","50","1,607","82","432","1,047","46",
"Número_de_Personas_Trabajadoras_del_Hogar_afiliadas_ante_el_Instituto_Mexicano_del_Seguro_Social",	27,"Tabasco","2023","2","212","14","94","101","3","78","8","29","39","2","134","6","65","62","1",
"Número_de_Personas_Trabajadoras_del_Hogar_afiliadas_ante_el_Instituto_Mexicano_del_Seguro_Social",	28,"Tamaulipas","2023","2","1,806","94","405","1,240","67","634","22","101","477","34","1,172","72","304","763","33",
"Número_de_Personas_Trabajadoras_del_Hogar_afiliadas_ante_el_Instituto_Mexicano_del_Seguro_Social",	29,"Tlaxcala","2023","2","415","44","100","255","16","183","17","32","124","10","232","27","68","131","6",
"Número_de_Personas_Trabajadoras_del_Hogar_afiliadas_ante_el_Instituto_Mexicano_del_Seguro_Social",	30,"Veracruz_de_Ignacio_de_la_Llave","2023","2","2,668","278","865","1,448","77","948","72","202","636","38","1,720","206","663","812","39",
"Número_de_Personas_Trabajadoras_del_Hogar_afiliadas_ante_el_Instituto_Mexicano_del_Seguro_Social",	31,"Yucatán","2023","2","1,548","113","443","948","44","655","37","143","449","26","893","76","300","499","18",
"Número_de_Personas_Trabajadoras_del_Hogar_afiliadas_ante_el_Instituto_Mexicano_del_Seguro_Social",	32,"Zacatecas","2023","2","237","20","78","134","5","54","1","13","37","3","183","19","65","97","2",
"Número_de_Personas_Trabajadoras_del_Hogar_afiliadas_ante_el_Instituto_Mexicano_del_Seguro_Social",	00,"Estados_Unidos_Mexicanos","2023","1","54,421","4,175","17,030","31,372","1,844","18,279","1,069","4,278","11,984","948","36,142","3,106","12,752","19,388","896",
"Número_de_Personas_Trabajadoras_del_Hogar_afiliadas_ante_el_Instituto_Mexicano_del_Seguro_Social",	01,"Aguascalientes","2023","1","1,333","59","353","883","38","520","20","86","392","22","813","39","267","491","16",
"Número_de_Personas_Trabajadoras_del_Hogar_afiliadas_ante_el_Instituto_Mexicano_del_Seguro_Social",	02,"Baja_California","2023","1","2,455","196","604","1,571","84","833","46","177","564","46","1,622","150","427","1,007","38",
"Número_de_Personas_Trabajadoras_del_Hogar_afiliadas_ante_el_Instituto_Mexicano_del_Seguro_Social",	03,"Baja_California_Sur","2023","1","329","19","141","164","5","74","3","29","40","2","255","16","112","124","3",
"Número_de_Personas_Trabajadoras_del_Hogar_afiliadas_ante_el_Instituto_Mexicano_del_Seguro_Social",	04,"Campeche","2023","1","142","6","56","76","4","55","1","21","30","3","87","5","35","46","1",
"Número_de_Personas_Trabajadoras_del_Hogar_afiliadas_ante_el_Instituto_Mexicano_del_Seguro_Social",	05,"Coahuila_de_Zaragoza","2023","1","2,425","117","489","1,736","83","1,051","34","178","790","49","1,374","83","311","946","34",
"Número_de_Personas_Trabajadoras_del_Hogar_afiliadas_ante_el_Instituto_Mexicano_del_Seguro_Social",	06,"Colima","2023","1","646","55","201","366","24","184","14","38","123","9","462","41","163","243","15",
"Número_de_Personas_Trabajadoras_del_Hogar_afiliadas_ante_el_Instituto_Mexicano_del_Seguro_Social",	07,"Chiapas","2023","1","946","111","344","453","38","372","34","91","229","18","574","77","253","224","20",
"Número_de_Personas_Trabajadoras_del_Hogar_afiliadas_ante_el_Instituto_Mexicano_del_Seguro_Social",	08,"Chihuahua","2023","1","2,083","94","469","1,474","46","563","24","114","408","17","1,520","70","355","1,066","29",
"Número_de_Personas_Trabajadoras_del_Hogar_afiliadas_ante_el_Instituto_Mexicano_del_Seguro_Social",	09,"Ciudad_de_México","2023","1","9,234","696","3,301","4,919","318","2,308","118","588","1,458","144","6,926","578","2,713","3,461","174",
"Número_de_Personas_Trabajadoras_del_Hogar_afiliadas_ante_el_Instituto_Mexicano_del_Seguro_Social",	10,"Durango","2023","1","487","34","154","286","13","140","13","32","91","4","347","21","122","195","9",
"Número_de_Personas_Trabajadoras_del_Hogar_afiliadas_ante_el_Instituto_Mexicano_del_Seguro_Social",	11,"Guanajuato","2023","1","1,492","93","527","829","43","552","39","148","341","24","940","54","379","488","19",
"Número_de_Personas_Trabajadoras_del_Hogar_afiliadas_ante_el_Instituto_Mexicano_del_Seguro_Social",	12,"Guerrero","2023","1","1,783","241","678","812","52","671","78","200","362","31","1,112","163","478","450","21",
"Número_de_Personas_Trabajadoras_del_Hogar_afiliadas_ante_el_Instituto_Mexicano_del_Seguro_Social",	13,"Hidalgo","2023","1","688","46","181","429","32","278","12","45","205","16","410","34","136","224","16",
"Número_de_Personas_Trabajadoras_del_Hogar_afiliadas_ante_el_Instituto_Mexicano_del_Seguro_Social",	14,"Jalisco","2023","1","3,532","377","1,388","1,653","114","990","104","328","510","48","2,542","273","1,060","1,143","66",
"Número_de_Personas_Trabajadoras_del_Hogar_afiliadas_ante_el_Instituto_Mexicano_del_Seguro_Social",	15,"México","2023","1","5,636","367","1,463","3,525","281","2,229","94","389","1,574","172","3,407","273","1,074","1,951","109",
"Número_de_Personas_Trabajadoras_del_Hogar_afiliadas_ante_el_Instituto_Mexicano_del_Seguro_Social",	16,"Michoacán_de_Ocampo","2023","1","1,260","104","518","576","62","338","23","103","184","28","922","81","415","392","34",
"Número_de_Personas_Trabajadoras_del_Hogar_afiliadas_ante_el_Instituto_Mexicano_del_Seguro_Social",	17,"Morelos","2023","1","1,193","99","430","635","29","438","30","122","273","13","755","69","308","362","16",
"Número_de_Personas_Trabajadoras_del_Hogar_afiliadas_ante_el_Instituto_Mexicano_del_Seguro_Social",	18,"Nayarit","2023","1","749","84","285","343","37","227","20","71","112","24","522","64","214","231","13",
"Número_de_Personas_Trabajadoras_del_Hogar_afiliadas_ante_el_Instituto_Mexicano_del_Seguro_Social",	19,"Nuevo_León","2023","1","2,673","260","950","1,406","57","922","61","302","539","20","1,751","199","648","867","37",
"Número_de_Personas_Trabajadoras_del_Hogar_afiliadas_ante_el_Instituto_Mexicano_del_Seguro_Social",	20,"Oaxaca","2023","1","524","53","167","290","14","206","12","44","143","7","318","41","123","147","7",
"Número_de_Personas_Trabajadoras_del_Hogar_afiliadas_ante_el_Instituto_Mexicano_del_Seguro_Social",	21,"Puebla","2023","1","1,118","71","322","676","49","392","14","65","286","27","726","57","257","390","22",
"Número_de_Personas_Trabajadoras_del_Hogar_afiliadas_ante_el_Instituto_Mexicano_del_Seguro_Social",	22,"Querétaro","2023","1","789","65","280","425","19","218","14","50","144","10","571","51","230","281","9",
"Número_de_Personas_Trabajadoras_del_Hogar_afiliadas_ante_el_Instituto_Mexicano_del_Seguro_Social",	23,"Quintana_Roo","2023","1","349","26","120","193","10","109","7","25","74","3","240","19","95","119","7",
"Número_de_Personas_Trabajadoras_del_Hogar_afiliadas_ante_el_Instituto_Mexicano_del_Seguro_Social",	24,"San_Luis_Potosí","2023","1","572","30","172","351","19","124","5","25","87","7","448","25","147","264","12",
"Número_de_Personas_Trabajadoras_del_Hogar_afiliadas_ante_el_Instituto_Mexicano_del_Seguro_Social",	25,"Sinaloa","2023","1","2,460","187","814","1,386","73","913","54","276","545","38","1,547","133","538","841","35",
"Número_de_Personas_Trabajadoras_del_Hogar_afiliadas_ante_el_Instituto_Mexicano_del_Seguro_Social",	26,"Sonora","2023","1","2,614","127","657","1,739","91","986","45","206","689","46","1,628","82","451","1,050","45",
"Número_de_Personas_Trabajadoras_del_Hogar_afiliadas_ante_el_Instituto_Mexicano_del_Seguro_Social",	27,"Tabasco","2023","1","201","14","85","98","4","80","7","29","41","3","121","7","56","57","1",
"Número_de_Personas_Trabajadoras_del_Hogar_afiliadas_ante_el_Instituto_Mexicano_del_Seguro_Social",	28,"Tamaulipas","2023","1","1,841","101","414","1,262","64","652","26","105","485","36","1,189","75","309","777","28",
"Número_de_Personas_Trabajadoras_del_Hogar_afiliadas_ante_el_Instituto_Mexicano_del_Seguro_Social",	29,"Tlaxcala","2023","1","427","48","111","251","17","184","15","35","122","12","243","33","76","129","5",
"Número_de_Personas_Trabajadoras_del_Hogar_afiliadas_ante_el_Instituto_Mexicano_del_Seguro_Social",	30,"Veracruz_de_Ignacio_de_la_Llave","2023","1","2,641","265","818","1,481","77","952","62","194","656","40","1,689","203","624","825","37",
"Número_de_Personas_Trabajadoras_del_Hogar_afiliadas_ante_el_Instituto_Mexicano_del_Seguro_Social",	31,"Yucatán","2023","1","1,551","112","453","943","43","661","39","147","448","27","890","73","306","495","16",
"Número_de_Personas_Trabajadoras_del_Hogar_afiliadas_ante_el_Instituto_Mexicano_del_Seguro_Social",	32,"Zacatecas","2023","1","248","18","85","141","4","57","1","15","39","2","191","17","70","102","2",
"Número_de_Personas_Trabajadoras_del_Hogar_afiliadas_ante_el_Instituto_Mexicano_del_Seguro_Social",	00,"Estados_Unidos_Mexicanos","2022","12","53,584","4,192","16,803","30,786","1,803","18,022","1,065","4,215","11,806","936","35,562","3,127","12,588","18,980","867",
"Número_de_Personas_Trabajadoras_del_Hogar_afiliadas_ante_el_Instituto_Mexicano_del_Seguro_Social",	01,"Aguascalientes","2022","12","1,293","59","348","852","34","491","22","83","368","18","802","37","265","484","16",
"Número_de_Personas_Trabajadoras_del_Hogar_afiliadas_ante_el_Instituto_Mexicano_del_Seguro_Social",	02,"Baja_California","2022","12","2,414","180","594","1,551","89","808","37","169","554","48","1,606","143","425","997","41",
"Número_de_Personas_Trabajadoras_del_Hogar_afiliadas_ante_el_Instituto_Mexicano_del_Seguro_Social",	03,"Baja_California_Sur","2022","12","336","20","145","167","4","78","3","32","42","1","258","17","113","125","3",
"Número_de_Personas_Trabajadoras_del_Hogar_afiliadas_ante_el_Instituto_Mexicano_del_Seguro_Social",	04,"Campeche","2022","12","137","6","58","69","4","45","1","18","23","3","92","5","40","46","1",
"Número_de_Personas_Trabajadoras_del_Hogar_afiliadas_ante_el_Instituto_Mexicano_del_Seguro_Social",	05,"Coahuila_de_Zaragoza","2022","12","2,366","115","480","1,694","77","1,040","37","175","780","48","1,326","78","305","914","29",
"Número_de_Personas_Trabajadoras_del_Hogar_afiliadas_ante_el_Instituto_Mexicano_del_Seguro_Social",	06,"Colima","2022","12","636","48","207","357","24","185","14","45","116","10","451","34","162","241","14",
"Número_de_Personas_Trabajadoras_del_Hogar_afiliadas_ante_el_Instituto_Mexicano_del_Seguro_Social",	07,"Chiapas","2022","12","941","103","341","456","41","377","29","89","238","21","564","74","252","218","20",
"Número_de_Personas_Trabajadoras_del_Hogar_afiliadas_ante_el_Instituto_Mexicano_del_Seguro_Social",	08,"Chihuahua","2022","12","2,101","105","462","1,489","45","575","25","103","430","17","1,526","80","359","1,059","28",
"Número_de_Personas_Trabajadoras_del_Hogar_afiliadas_ante_el_Instituto_Mexicano_del_Seguro_Social",	09,"Ciudad_de_México","2022","12","8,924","675","3,199","4,731","319","2,209","112","566","1,393","138","6,715","563","2,633","3,338","181",
"Número_de_Personas_Trabajadoras_del_Hogar_afiliadas_ante_el_Instituto_Mexicano_del_Seguro_Social",	10,"Durango","2022","12","488","36","158","281","13","138","13","36","85","4","350","23","122","196","9",
"Número_de_Personas_Trabajadoras_del_Hogar_afiliadas_ante_el_Instituto_Mexicano_del_Seguro_Social",	11,"Guanajuato","2022","12","1,505","100","547","816","42","542","37","154","329","22","963","63","393","487","20",
"Número_de_Personas_Trabajadoras_del_Hogar_afiliadas_ante_el_Instituto_Mexicano_del_Seguro_Social",	12,"Guerrero","2022","12","1,775","241","671","809","54","671","80","201","357","33","1,104","161","470","452","21",
"Número_de_Personas_Trabajadoras_del_Hogar_afiliadas_ante_el_Instituto_Mexicano_del_Seguro_Social",	13,"Hidalgo","2022","12","678","57","184","404","33","274","15","47","194","18","404","42","137","210","15",
"Número_de_Personas_Trabajadoras_del_Hogar_afiliadas_ante_el_Instituto_Mexicano_del_Seguro_Social",	14,"Jalisco","2022","12","3,464","365","1,359","1,626","114","990","105","318","514","53","2,474","260","1,041","1,112","61",
"Número_de_Personas_Trabajadoras_del_Hogar_afiliadas_ante_el_Instituto_Mexicano_del_Seguro_Social",	15,"México","2022","12","5,546","375","1,412","3,483","276","2,218","103","381","1,564","170","3,328","272","1,031","1,919","106",
"Número_de_Personas_Trabajadoras_del_Hogar_afiliadas_ante_el_Instituto_Mexicano_del_Seguro_Social",	16,"Michoacán_de_Ocampo","2022","12","1,294","109","535","586","64","366","24","111","200","31","928","85","424","386","33",
"Número_de_Personas_Trabajadoras_del_Hogar_afiliadas_ante_el_Instituto_Mexicano_del_Seguro_Social",	17,"Morelos","2022","12","1,144","93","421","604","26","424","32","116","264","12","720","61","305","340","14",
"Número_de_Personas_Trabajadoras_del_Hogar_afiliadas_ante_el_Instituto_Mexicano_del_Seguro_Social",	18,"Nayarit","2022","12","731","87","270","341","33","213","14","62","114","23","518","73","208","227","10",
"Número_de_Personas_Trabajadoras_del_Hogar_afiliadas_ante_el_Instituto_Mexicano_del_Seguro_Social",	19,"Nuevo_León","2022","12","2,635","268","945","1,370","52","906","64","295","527","20","1,729","204","650","843","32",
"Número_de_Personas_Trabajadoras_del_Hogar_afiliadas_ante_el_Instituto_Mexicano_del_Seguro_Social",	20,"Oaxaca","2022","12","514","56","163","279","16","199","15","39","138","7","315","41","124","141","9",
"Número_de_Personas_Trabajadoras_del_Hogar_afiliadas_ante_el_Instituto_Mexicano_del_Seguro_Social",	21,"Puebla","2022","12","1,086","71","323","647","45","373","14","70","265","24","713","57","253","382","21",
"Número_de_Personas_Trabajadoras_del_Hogar_afiliadas_ante_el_Instituto_Mexicano_del_Seguro_Social",	22,"Querétaro","2022","12","792","65","279","429","19","227","11","48","158","10","565","54","231","271","9",
"Número_de_Personas_Trabajadoras_del_Hogar_afiliadas_ante_el_Instituto_Mexicano_del_Seguro_Social",	23,"Quintana_Roo","2022","12","340","31","118","180","11","100","7","24","65","4","240","24","94","115","7",
"Número_de_Personas_Trabajadoras_del_Hogar_afiliadas_ante_el_Instituto_Mexicano_del_Seguro_Social",	24,"San_Luis_Potosí","2022","12","569","29","172","352","16","128","5","23","94","6","441","24","149","258","10",
"Número_de_Personas_Trabajadoras_del_Hogar_afiliadas_ante_el_Instituto_Mexicano_del_Seguro_Social",	25,"Sinaloa","2022","12","2,474","212","811","1,377","74","915","60","276","537","42","1,559","152","535","840","32",
"Número_de_Personas_Trabajadoras_del_Hogar_afiliadas_ante_el_Instituto_Mexicano_del_Seguro_Social",	26,"Sonora","2022","12","2,602","132","651","1,728","91","992","43","208","694","47","1,610","89","443","1,034","44",
"Número_de_Personas_Trabajadoras_del_Hogar_afiliadas_ante_el_Instituto_Mexicano_del_Seguro_Social",	27,"Tabasco","2022","12","204","12","82","107","3","77","7","23","45","2","127","5","59","62","1",
"Número_de_Personas_Trabajadoras_del_Hogar_afiliadas_ante_el_Instituto_Mexicano_del_Seguro_Social",	28,"Tamaulipas","2022","12","1,805","101","409","1,241","54","641","24","109","481","27","1,164","77","300","760","27",
"Número_de_Personas_Trabajadoras_del_Hogar_afiliadas_ante_el_Instituto_Mexicano_del_Seguro_Social",	29,"Tlaxcala","2022","12","421","44","107","253","17","193","16","41","125","11","228","28","66","128","6",
"Número_de_Personas_Trabajadoras_del_Hogar_afiliadas_ante_el_Instituto_Mexicano_del_Seguro_Social",	30,"Veracruz_de_Ignacio_de_la_Llave","2022","12","2,620","271","825","1,451","73","937","57","189","651","40","1,683","214","636","800","33",
"Número_de_Personas_Trabajadoras_del_Hogar_afiliadas_ante_el_Instituto_Mexicano_del_Seguro_Social",	31,"Yucatán","2022","12","1,513","109","447","921","36","632","38","146","424","24","881","71","301","497","12",
"Número_de_Personas_Trabajadoras_del_Hogar_afiliadas_ante_el_Instituto_Mexicano_del_Seguro_Social",	32,"Zacatecas","2022","12","236","17","80","135","4","58","1","18","37","2","178","16","62","98","2",
"Número_de_Personas_Trabajadoras_del_Hogar_afiliadas_ante_el_Instituto_Mexicano_del_Seguro_Social",	00,"Estados_Unidos_Mexicanos","2022","11","53,755","4,214","16,969","30,766","1,806","17,959","1,044","4,277","11,720","918","35,796","3,170","12,692","19,046","888",
"Número_de_Personas_Trabajadoras_del_Hogar_afiliadas_ante_el_Instituto_Mexicano_del_Seguro_Social",	01,"Aguascalientes","2022","11","1,287","61","339","852","35","490","20","83","370","17","797","41","256","482","18",
"Número_de_Personas_Trabajadoras_del_Hogar_afiliadas_ante_el_Instituto_Mexicano_del_Seguro_Social",	02,"Baja_California","2022","11","2,389","175","592","1,536","86","809","34","173","556","46","1,580","141","419","980","40",
"Número_de_Personas_Trabajadoras_del_Hogar_afiliadas_ante_el_Instituto_Mexicano_del_Seguro_Social",	03,"Baja_California_Sur","2022","11","334","23","148","159","4","70","4","29","37","0","264","19","119","122","4",
"Número_de_Personas_Trabajadoras_del_Hogar_afiliadas_ante_el_Instituto_Mexicano_del_Seguro_Social",	04,"Campeche","2022","11","138","9","54","71","4","46","1","18","24","3","92","8","36","47","1",
"Número_de_Personas_Trabajadoras_del_Hogar_afiliadas_ante_el_Instituto_Mexicano_del_Seguro_Social",	05,"Coahuila_de_Zaragoza","2022","11","2,409","122","501","1,707","79","1,037","38","176","774","49","1,372","84","325","933","30",
"Número_de_Personas_Trabajadoras_del_Hogar_afiliadas_ante_el_Instituto_Mexicano_del_Seguro_Social",	06,"Colima","2022","11","627","46","199","359","23","183","12","41","120","10","444","34","158","239","13",
"Número_de_Personas_Trabajadoras_del_Hogar_afiliadas_ante_el_Instituto_Mexicano_del_Seguro_Social",	07,"Chiapas","2022","11","960","112","357","449","42","375","29","94","231","21","585","83","263","218","21",
"Número_de_Personas_Trabajadoras_del_Hogar_afiliadas_ante_el_Instituto_Mexicano_del_Seguro_Social",	08,"Chihuahua","2022","11","2,121","100","472","1,502","47","578","28","113","420","17","1,543","72","359","1,082","30",
"Número_de_Personas_Trabajadoras_del_Hogar_afiliadas_ante_el_Instituto_Mexicano_del_Seguro_Social",	09,"Ciudad_de_México","2022","11","8,791","668","3,169","4,646","308","2,148","109","552","1,352","135","6,643","559","2,617","3,294","173",
"Número_de_Personas_Trabajadoras_del_Hogar_afiliadas_ante_el_Instituto_Mexicano_del_Seguro_Social",	10,"Durango","2022","11","485","38","146","285","16","139","13","33","88","5","346","25","113","197","11",
"Número_de_Personas_Trabajadoras_del_Hogar_afiliadas_ante_el_Instituto_Mexicano_del_Seguro_Social",	11,"Guanajuato","2022","11","1,500","94","558","810","38","534","34","151","328","21","966","60","407","482","17",
"Número_de_Personas_Trabajadoras_del_Hogar_afiliadas_ante_el_Instituto_Mexicano_del_Seguro_Social",	12,"Guerrero","2022","11","1,758","214","681","809","54","648","66","195","356","31","1,110","148","486","453","23",
"Número_de_Personas_Trabajadoras_del_Hogar_afiliadas_ante_el_Instituto_Mexicano_del_Seguro_Social",	13,"Hidalgo","2022","11","684","53","181","419","31","274","13","47","197","17","410","40","134","222","14",
"Número_de_Personas_Trabajadoras_del_Hogar_afiliadas_ante_el_Instituto_Mexicano_del_Seguro_Social",	14,"Jalisco","2022","11","3,501","367","1,372","1,646","116","1,000","105","329","516","50","2,501","262","1,043","1,130","66",
"Número_de_Personas_Trabajadoras_del_Hogar_afiliadas_ante_el_Instituto_Mexicano_del_Seguro_Social",	15,"México","2022","11","5,533","377","1,425","3,458","273","2,199","99","399","1,538","163","3,334","278","1,026","1,920","110",
"Número_de_Personas_Trabajadoras_del_Hogar_afiliadas_ante_el_Instituto_Mexicano_del_Seguro_Social",	16,"Michoacán_de_Ocampo","2022","11","1,304","111","537","594","62","365","24","109","203","29","939","87","428","391","33",
"Número_de_Personas_Trabajadoras_del_Hogar_afiliadas_ante_el_Instituto_Mexicano_del_Seguro_Social",	17,"Morelos","2022","11","1,177","107","423","621","26","432","31","113","274","14","745","76","310","347","12",
"Número_de_Personas_Trabajadoras_del_Hogar_afiliadas_ante_el_Instituto_Mexicano_del_Seguro_Social",	18,"Nayarit","2022","11","754","90","285","344","35","218","19","65","111","23","536","71","220","233","12",
"Número_de_Personas_Trabajadoras_del_Hogar_afiliadas_ante_el_Instituto_Mexicano_del_Seguro_Social",	19,"Nuevo_León","2022","11","2,637","255","969","1,357","56","904","66","305","513","20","1,733","189","664","844","36",
"Número_de_Personas_Trabajadoras_del_Hogar_afiliadas_ante_el_Instituto_Mexicano_del_Seguro_Social",	20,"Oaxaca","2022","11","516","60","156","283","17","198","12","36","143","7","318","48","120","140","10",
"Número_de_Personas_Trabajadoras_del_Hogar_afiliadas_ante_el_Instituto_Mexicano_del_Seguro_Social",	21,"Puebla","2022","11","1,109","78","322","665","44","396","14","74","283","25","713","64","248","382","19",
"Número_de_Personas_Trabajadoras_del_Hogar_afiliadas_ante_el_Instituto_Mexicano_del_Seguro_Social",	22,"Querétaro","2022","11","798","66","276","434","22","231","13","49","157","12","567","53","227","277","10",
"Número_de_Personas_Trabajadoras_del_Hogar_afiliadas_ante_el_Instituto_Mexicano_del_Seguro_Social",	23,"Quintana_Roo","2022","11","329","29","119","171","10","91","5","21","62","3","238","24","98","109","7",
"Número_de_Personas_Trabajadoras_del_Hogar_afiliadas_ante_el_Instituto_Mexicano_del_Seguro_Social",	24,"San_Luis_Potosí","2022","11","570","30","177","344","19","132","6","24","95","7","438","24","153","249","12",
"Número_de_Personas_Trabajadoras_del_Hogar_afiliadas_ante_el_Instituto_Mexicano_del_Seguro_Social",	25,"Sinaloa","2022","11","2,487","204","832","1,377","74","914","56","283","533","42","1,573","148","549","844","32",
"Número_de_Personas_Trabajadoras_del_Hogar_afiliadas_ante_el_Instituto_Mexicano_del_Seguro_Social",	26,"Sonora","2022","11","2,607","144","659","1,715","89","974","43","217","672","42","1,633","101","442","1,043","47",
"Número_de_Personas_Trabajadoras_del_Hogar_afiliadas_ante_el_Instituto_Mexicano_del_Seguro_Social",	27,"Tabasco","2022","11","214","18","85","107","4","94","10","33","50","1","120","8","52","57","3",
"Número_de_Personas_Trabajadoras_del_Hogar_afiliadas_ante_el_Instituto_Mexicano_del_Seguro_Social",	28,"Tamaulipas","2022","11","1,869","110","425","1,270","64","651","26","110","483","32","1,218","84","315","787","32",
"Número_de_Personas_Trabajadoras_del_Hogar_afiliadas_ante_el_Instituto_Mexicano_del_Seguro_Social",	29,"Tlaxcala","2022","11","431","44","117","254","16","191","15","41","125","10","240","29","76","129","6",
"Número_de_Personas_Trabajadoras_del_Hogar_afiliadas_ante_el_Instituto_Mexicano_del_Seguro_Social",	30,"Veracruz_de_Ignacio_de_la_Llave","2022","11","2,705","281","879","1,469","76","971","62","206","661","42","1,734","219","673","808","34",
"Número_de_Personas_Trabajadoras_del_Hogar_afiliadas_ante_el_Instituto_Mexicano_del_Seguro_Social",	31,"Yucatán","2022","11","1,476","113","430","901","32","608","37","142","408","21","868","76","288","493","11",
"Número_de_Personas_Trabajadoras_del_Hogar_afiliadas_ante_el_Instituto_Mexicano_del_Seguro_Social",	32,"Zacatecas","2022","11","255","15","84","152","4","59","0","16","40","3","196","15","68","112","1",
"Número_de_Personas_Trabajadoras_del_Hogar_afiliadas_ante_el_Instituto_Mexicano_del_Seguro_Social",	00,"Estados_Unidos_Mexicanos","2022","10","52,060","4,120","16,368","29,783","1,789","17,561","1,076","4,154","11,400","931","34,499","3,044","12,214","18,383","858",
"Número_de_Personas_Trabajadoras_del_Hogar_afiliadas_ante_el_Instituto_Mexicano_del_Seguro_Social",	01,"Aguascalientes","2022","10","1,256","65","326","828","37","476","22","80","355","19","780","43","246","473","18",
"Número_de_Personas_Trabajadoras_del_Hogar_afiliadas_ante_el_Instituto_Mexicano_del_Seguro_Social",	02,"Baja_California","2022","10","2,342","183","576","1,495","88","804","43","166","545","50","1,538","140","410","950","38",
"Número_de_Personas_Trabajadoras_del_Hogar_afiliadas_ante_el_Instituto_Mexicano_del_Seguro_Social",	03,"Baja_California_Sur","2022","10","303","18","132","149","4","62","4","29","29","0","241","14","103","120","4",
"Número_de_Personas_Trabajadoras_del_Hogar_afiliadas_ante_el_Instituto_Mexicano_del_Seguro_Social",	04,"Campeche","2022","10","128","7","51","67","3","42","1","17","22","2","86","6","34","45","1",
"Número_de_Personas_Trabajadoras_del_Hogar_afiliadas_ante_el_Instituto_Mexicano_del_Seguro_Social",	05,"Coahuila_de_Zaragoza","2022","10","2,320","126","456","1,656","82","1,016","40","167","758","51","1,304","86","289","898","31",
"Número_de_Personas_Trabajadoras_del_Hogar_afiliadas_ante_el_Instituto_Mexicano_del_Seguro_Social",	06,"Colima","2022","10","581","42","188","330","21","176","12","41","114","9","405","30","147","216","12",
"Número_de_Personas_Trabajadoras_del_Hogar_afiliadas_ante_el_Instituto_Mexicano_del_Seguro_Social",	07,"Chiapas","2022","10","942","100","347","452","43","380","32","96","227","25","562","68","251","225","18",
"Número_de_Personas_Trabajadoras_del_Hogar_afiliadas_ante_el_Instituto_Mexicano_del_Seguro_Social",	08,"Chihuahua","2022","10","2,050","99","436","1,468","47","548","24","90","415","19","1,502","75","346","1,053","28",
"Número_de_Personas_Trabajadoras_del_Hogar_afiliadas_ante_el_Instituto_Mexicano_del_Seguro_Social",	09,"Ciudad_de_México","2022","10","8,473","643","3,070","4,456","304","2,084","105","551","1,299","129","6,389","538","2,519","3,157","175",
"Número_de_Personas_Trabajadoras_del_Hogar_afiliadas_ante_el_Instituto_Mexicano_del_Seguro_Social",	10,"Durango","2022","10","472","40","143","274","15","139","15","30","89","5","333","25","113","185","10",
"Número_de_Personas_Trabajadoras_del_Hogar_afiliadas_ante_el_Instituto_Mexicano_del_Seguro_Social",	11,"Guanajuato","2022","10","1,463","93","541","792","37","518","33","143","321","21","945","60","398","471","16",
"Número_de_Personas_Trabajadoras_del_Hogar_afiliadas_ante_el_Instituto_Mexicano_del_Seguro_Social",	12,"Guerrero","2022","10","1,716","224","655","786","51","644","75","188","350","31","1,072","149","467","436","20",
"Número_de_Personas_Trabajadoras_del_Hogar_afiliadas_ante_el_Instituto_Mexicano_del_Seguro_Social",	13,"Hidalgo","2022","10","674","52","168","423","31","285","17","49","202","17","389","35","119","221","14",
"Número_de_Personas_Trabajadoras_del_Hogar_afiliadas_ante_el_Instituto_Mexicano_del_Seguro_Social",	14,"Jalisco","2022","10","3,334","365","1,299","1,554","116","960","105","310","493","52","2,374","260","989","1,061","64",
"Número_de_Personas_Trabajadoras_del_Hogar_afiliadas_ante_el_Instituto_Mexicano_del_Seguro_Social",	15,"México","2022","10","5,336","364","1,404","3,296","272","2,123","109","374","1,473","167","3,213","255","1,030","1,823","105",
"Número_de_Personas_Trabajadoras_del_Hogar_afiliadas_ante_el_Instituto_Mexicano_del_Seguro_Social",	16,"Michoacán_de_Ocampo","2022","10","1,278","113","509","593","63","368","27","108","202","31","910","86","401","391","32",
"Número_de_Personas_Trabajadoras_del_Hogar_afiliadas_ante_el_Instituto_Mexicano_del_Seguro_Social",	17,"Morelos","2022","10","1,183","99","431","625","28","440","31","120","273","16","743","68","311","352","12",
"Número_de_Personas_Trabajadoras_del_Hogar_afiliadas_ante_el_Instituto_Mexicano_del_Seguro_Social",	18,"Nayarit","2022","10","755","90","289","345","31","215","20","66","108","21","540","70","223","237","10",
"Número_de_Personas_Trabajadoras_del_Hogar_afiliadas_ante_el_Instituto_Mexicano_del_Seguro_Social",	19,"Nuevo_León","2022","10","2,575","258","936","1,322","59","883","62","299","499","23","1,692","196","637","823","36",
"Número_de_Personas_Trabajadoras_del_Hogar_afiliadas_ante_el_Instituto_Mexicano_del_Seguro_Social",	20,"Oaxaca","2022","10","489","55","164","255","15","195","13","41","134","7","294","42","123","121","8",
"Número_de_Personas_Trabajadoras_del_Hogar_afiliadas_ante_el_Instituto_Mexicano_del_Seguro_Social",	21,"Puebla","2022","10","1,069","73","307","644","45","402","17","73","286","26","667","56","234","358","19",
"Número_de_Personas_Trabajadoras_del_Hogar_afiliadas_ante_el_Instituto_Mexicano_del_Seguro_Social",	22,"Querétaro","2022","10","757","62","248","426","21","228","13","43","160","12","529","49","205","266","9",
"Número_de_Personas_Trabajadoras_del_Hogar_afiliadas_ante_el_Instituto_Mexicano_del_Seguro_Social",	23,"Quintana_Roo","2022","10","331","36","121","161","13","92","7","22","60","3","239","29","99","101","10",
"Número_de_Personas_Trabajadoras_del_Hogar_afiliadas_ante_el_Instituto_Mexicano_del_Seguro_Social",	24,"San_Luis_Potosí","2022","10","575","33","178","351","13","140","6","28","101","5","435","27","150","250","8",
"Número_de_Personas_Trabajadoras_del_Hogar_afiliadas_ante_el_Instituto_Mexicano_del_Seguro_Social",	25,"Sinaloa","2022","10","2,398","200","800","1,323","75","888","53","279","512","44","1,510","147","521","811","31",
"Número_de_Personas_Trabajadoras_del_Hogar_afiliadas_ante_el_Instituto_Mexicano_del_Seguro_Social",	26,"Sonora","2022","10","2,531","143","634","1,665","89","950","45","208","655","42","1,581","98","426","1,010","47",
"Número_de_Personas_Trabajadoras_del_Hogar_afiliadas_ante_el_Instituto_Mexicano_del_Seguro_Social",	27,"Tabasco","2022","10","215","16","90","106","3","89","7","32","49","1","126","9","58","57","2",
"Número_de_Personas_Trabajadoras_del_Hogar_afiliadas_ante_el_Instituto_Mexicano_del_Seguro_Social",	28,"Tamaulipas","2022","10","1,816","100","410","1,246","60","636","25","108","473","30","1,180","75","302","773","30",
"Número_de_Personas_Trabajadoras_del_Hogar_afiliadas_ante_el_Instituto_Mexicano_del_Seguro_Social",	29,"Tlaxcala","2022","10","409","44","112","239","14","184","16","39","119","10","225","28","73","120","4",
"Número_de_Personas_Trabajadoras_del_Hogar_afiliadas_ante_el_Instituto_Mexicano_del_Seguro_Social",	30,"Veracruz_de_Ignacio_de_la_Llave","2022","10","2,630","266","851","1,442","71","949","63","200","649","37","1,681","203","651","793","34",
"Número_de_Personas_Trabajadoras_del_Hogar_afiliadas_ante_el_Instituto_Mexicano_del_Seguro_Social",	31,"Yucatán","2022","10","1,411","97","413","867","34","593","33","142","395","23","818","64","271","472","11",
"Número_de_Personas_Trabajadoras_del_Hogar_afiliadas_ante_el_Instituto_Mexicano_del_Seguro_Social",	32,"Zacatecas","2022","10","248","14","83","147","4","52","1","15","33","3","196","13","68","114","1",
"Número_de_Personas_Trabajadoras_del_Hogar_afiliadas_ante_el_Instituto_Mexicano_del_Seguro_Social",	00,"Estados_Unidos_Mexicanos","2022","9","51,790","4,202","16,324","29,488","1,776","17,323","1,077","4,075","11,266","905","34,467","3,125","12,249","18,222","871",
"Número_de_Personas_Trabajadoras_del_Hogar_afiliadas_ante_el_Instituto_Mexicano_del_Seguro_Social",	01,"Aguascalientes","2022","9","1,263","64","319","840","40","490","23","80","366","21","773","41","239","474","19",
"Número_de_Personas_Trabajadoras_del_Hogar_afiliadas_ante_el_Instituto_Mexicano_del_Seguro_Social",	02,"Baja_California","2022","9","2,296","186","554","1,470","86","776","44","160","523","49","1,520","142","394","947","37",
"Número_de_Personas_Trabajadoras_del_Hogar_afiliadas_ante_el_Instituto_Mexicano_del_Seguro_Social",	03,"Baja_California_Sur","2022","9","306","22","132","147","5","64","5","29","29","1","242","17","103","118","4",
"Número_de_Personas_Trabajadoras_del_Hogar_afiliadas_ante_el_Instituto_Mexicano_del_Seguro_Social",	04,"Campeche","2022","9","122","8","46","65","3","39","1","15","21","2","83","7","31","44","1",
"Número_de_Personas_Trabajadoras_del_Hogar_afiliadas_ante_el_Instituto_Mexicano_del_Seguro_Social",	05,"Coahuila_de_Zaragoza","2022","9","2,280","111","445","1,650","74","982","35","153","749","45","1,298","76","292","901","29",
"Número_de_Personas_Trabajadoras_del_Hogar_afiliadas_ante_el_Instituto_Mexicano_del_Seguro_Social",	06,"Colima","2022","9","600","47","189","339","25","174","11","39","113","11","426","36","150","226","14",
"Número_de_Personas_Trabajadoras_del_Hogar_afiliadas_ante_el_Instituto_Mexicano_del_Seguro_Social",	07,"Chiapas","2022","9","968","112","355","460","41","390","32","96","240","22","578","80","259","220","19",
"Número_de_Personas_Trabajadoras_del_Hogar_afiliadas_ante_el_Instituto_Mexicano_del_Seguro_Social",	08,"Chihuahua","2022","9","2,027","104","443","1,436","44","552","29","96","409","18","1,475","75","347","1,027","26",
"Número_de_Personas_Trabajadoras_del_Hogar_afiliadas_ante_el_Instituto_Mexicano_del_Seguro_Social",	09,"Ciudad_de_México","2022","9","8,498","673","3,103","4,422","300","2,091","107","558","1,299","127","6,407","566","2,545","3,123","173",
"Número_de_Personas_Trabajadoras_del_Hogar_afiliadas_ante_el_Instituto_Mexicano_del_Seguro_Social",	10,"Durango","2022","9","454","36","137","267","14","137","13","33","88","3","317","23","104","179","11",
"Número_de_Personas_Trabajadoras_del_Hogar_afiliadas_ante_el_Instituto_Mexicano_del_Seguro_Social",	11,"Guanajuato","2022","9","1,443","94","525","788","36","526","38","142","327","19","917","56","383","461","17",
"Número_de_Personas_Trabajadoras_del_Hogar_afiliadas_ante_el_Instituto_Mexicano_del_Seguro_Social",	12,"Guerrero","2022","9","1,745","235","658","799","53","646","73","192","349","32","1,099","162","466","450","21",
"Número_de_Personas_Trabajadoras_del_Hogar_afiliadas_ante_el_Instituto_Mexicano_del_Seguro_Social",	13,"Hidalgo","2022","9","681","53","171","429","28","281","17","46","204","14","400","36","125","225","14",
"Número_de_Personas_Trabajadoras_del_Hogar_afiliadas_ante_el_Instituto_Mexicano_del_Seguro_Social",	14,"Jalisco","2022","9","3,281","358","1,303","1,507","113","937","101","312","476","48","2,344","257","991","1,031","65",
"Número_de_Personas_Trabajadoras_del_Hogar_afiliadas_ante_el_Instituto_Mexicano_del_Seguro_Social",	15,"México","2022","9","5,299","380","1,388","3,269","262","2,069","105","365","1,445","154","3,230","275","1,023","1,824","108",
"Número_de_Personas_Trabajadoras_del_Hogar_afiliadas_ante_el_Instituto_Mexicano_del_Seguro_Social",	16,"Michoacán_de_Ocampo","2022","9","1,281","115","517","588","61","366","25","106","203","32","915","90","411","385","29",
"Número_de_Personas_Trabajadoras_del_Hogar_afiliadas_ante_el_Instituto_Mexicano_del_Seguro_Social",	17,"Morelos","2022","9","1,164","103","417","614","30","435","37","118","263","17","729","66","299","351","13",
"Número_de_Personas_Trabajadoras_del_Hogar_afiliadas_ante_el_Instituto_Mexicano_del_Seguro_Social",	18,"Nayarit","2022","9","745","95","283","335","32","211","23","60","108","20","534","72","223","227","12",
"Número_de_Personas_Trabajadoras_del_Hogar_afiliadas_ante_el_Instituto_Mexicano_del_Seguro_Social",	19,"Nuevo_León","2022","9","2,548","242","948","1,298","60","871","61","302","485","23","1,677","181","646","813","37",
"Número_de_Personas_Trabajadoras_del_Hogar_afiliadas_ante_el_Instituto_Mexicano_del_Seguro_Social",	20,"Oaxaca","2022","9","516","59","172","269","16","201","16","43","135","7","315","43","129","134","9",
"Número_de_Personas_Trabajadoras_del_Hogar_afiliadas_ante_el_Instituto_Mexicano_del_Seguro_Social",	21,"Puebla","2022","9","1,052","71","298","637","46","390","16","66","282","26","662","55","232","355","20",
"Número_de_Personas_Trabajadoras_del_Hogar_afiliadas_ante_el_Instituto_Mexicano_del_Seguro_Social",	22,"Querétaro","2022","9","773","62","270","419","22","232","13","48","158","13","541","49","222","261","9",
"Número_de_Personas_Trabajadoras_del_Hogar_afiliadas_ante_el_Instituto_Mexicano_del_Seguro_Social",	23,"Quintana_Roo","2022","9","325","33","119","161","12","90","7","20","60","3","235","26","99","101","9",
"Número_de_Personas_Trabajadoras_del_Hogar_afiliadas_ante_el_Instituto_Mexicano_del_Seguro_Social",	24,"San_Luis_Potosí","2022","9","581","31","187","347","16","132","4","26","97","5","449","27","161","250","11",
"Número_de_Personas_Trabajadoras_del_Hogar_afiliadas_ante_el_Instituto_Mexicano_del_Seguro_Social",	25,"Sinaloa","2022","9","2,363","210","795","1,282","76","848","52","263","489","44","1,515","158","532","793","32",
"Número_de_Personas_Trabajadoras_del_Hogar_afiliadas_ante_el_Instituto_Mexicano_del_Seguro_Social",	26,"Sonora","2022","9","2,576","146","658","1,687","85","982","46","225","671","40","1,594","100","433","1,016","45",
"Número_de_Personas_Trabajadoras_del_Hogar_afiliadas_ante_el_Instituto_Mexicano_del_Seguro_Social",	27,"Tabasco","2022","9","220","16","86","113","5","89","6","32","50","1","131","10","54","63","4",
"Número_de_Personas_Trabajadoras_del_Hogar_afiliadas_ante_el_Instituto_Mexicano_del_Seguro_Social",	28,"Tamaulipas","2022","9","1,812","104","408","1,236","64","632","26","102","472","32","1,180","78","306","764","32",
"Número_de_Personas_Trabajadoras_del_Hogar_afiliadas_ante_el_Instituto_Mexicano_del_Seguro_Social",	29,"Tlaxcala","2022","9","438","46","121","257","14","195","16","39","130","10","243","30","82","127","4",
"Número_de_Personas_Trabajadoras_del_Hogar_afiliadas_ante_el_Instituto_Mexicano_del_Seguro_Social",	30,"Veracruz_de_Ignacio_de_la_Llave","2022","9","2,494","263","776","1,377","78","868","55","164","606","43","1,626","208","612","771","35",
"Número_de_Personas_Trabajadoras_del_Hogar_afiliadas_ante_el_Instituto_Mexicano_del_Seguro_Social",	31,"Yucatán","2022","9","1,401","109","422","838","32","578","39","133","385","21","823","70","289","453","11",
"Número_de_Personas_Trabajadoras_del_Hogar_afiliadas_ante_el_Instituto_Mexicano_del_Seguro_Social",	32,"Zacatecas","2022","9","238","14","79","142","3","49","1","12","34","2","189","13","67","108","1",
"Número_de_Personas_Trabajadoras_del_Hogar_afiliadas_ante_el_Instituto_Mexicano_del_Seguro_Social",	00,"Estados_Unidos_Mexicanos","2022","8","51,354","4,204","16,291","29,121","1,738","17,276","1,077","4,086","11,217","896","34,078","3,127","12,205","17,904","842",
"Número_de_Personas_Trabajadoras_del_Hogar_afiliadas_ante_el_Instituto_Mexicano_del_Seguro_Social",	01,"Aguascalientes","2022","8","1,260","57","325","838","40","496","21","84","371","20","764","36","241","467","20",
"Número_de_Personas_Trabajadoras_del_Hogar_afiliadas_ante_el_Instituto_Mexicano_del_Seguro_Social",	02,"Baja_California","2022","8","2,289","174","577","1,449","89","782","40","164","530","48","1,507","134","413","919","41",
"Número_de_Personas_Trabajadoras_del_Hogar_afiliadas_ante_el_Instituto_Mexicano_del_Seguro_Social",	03,"Baja_California_Sur","2022","8","298","25","124","144","5","60","3","26","29","2","238","22","98","115","3",
"Número_de_Personas_Trabajadoras_del_Hogar_afiliadas_ante_el_Instituto_Mexicano_del_Seguro_Social",	04,"Campeche","2022","8","130","7","51","67","5","43","1","17","21","4","87","6","34","46","1",
"Número_de_Personas_Trabajadoras_del_Hogar_afiliadas_ante_el_Instituto_Mexicano_del_Seguro_Social",	05,"Coahuila_de_Zaragoza","2022","8","2,230","112","456","1,599","63","941","32","153","720","36","1,289","80","303","879","27",
"Número_de_Personas_Trabajadoras_del_Hogar_afiliadas_ante_el_Instituto_Mexicano_del_Seguro_Social",	06,"Colima","2022","8","601","48","192","339","22","176","10","43","111","12","425","38","149","228","10",
"Número_de_Personas_Trabajadoras_del_Hogar_afiliadas_ante_el_Instituto_Mexicano_del_Seguro_Social",	07,"Chiapas","2022","8","965","118","354","451","42","393","35","103","232","23","572","83","251","219","19",
"Número_de_Personas_Trabajadoras_del_Hogar_afiliadas_ante_el_Instituto_Mexicano_del_Seguro_Social",	08,"Chihuahua","2022","8","2,008","109","430","1,425","44","541","29","96","397","19","1,467","80","334","1,028","25",
"Número_de_Personas_Trabajadoras_del_Hogar_afiliadas_ante_el_Instituto_Mexicano_del_Seguro_Social",	09,"Ciudad_de_México","2022","8","8,393","686","3,085","4,326","296","2,077","115","555","1,274","133","6,316","571","2,530","3,052","163",
"Número_de_Personas_Trabajadoras_del_Hogar_afiliadas_ante_el_Instituto_Mexicano_del_Seguro_Social",	10,"Durango","2022","8","462","34","142","273","13","135","13","31","88","3","327","21","111","185","10",
"Número_de_Personas_Trabajadoras_del_Hogar_afiliadas_ante_el_Instituto_Mexicano_del_Seguro_Social",	11,"Guanajuato","2022","8","1,446","100","525","785","36","516","34","137","327","18","930","66","388","458","18",
"Número_de_Personas_Trabajadoras_del_Hogar_afiliadas_ante_el_Instituto_Mexicano_del_Seguro_Social",	12,"Guerrero","2022","8","1,734","237","640","805","52","638","70","185","352","31","1,096","167","455","453","21",
"Número_de_Personas_Trabajadoras_del_Hogar_afiliadas_ante_el_Instituto_Mexicano_del_Seguro_Social",	13,"Hidalgo","2022","8","654","46","167","416","25","263","12","43","196","12","391","34","124","220","13",
"Número_de_Personas_Trabajadoras_del_Hogar_afiliadas_ante_el_Instituto_Mexicano_del_Seguro_Social",	14,"Jalisco","2022","8","3,210","349","1,274","1,479","108","906","90","305","463","48","2,304","259","969","1,016","60",
"Número_de_Personas_Trabajadoras_del_Hogar_afiliadas_ante_el_Instituto_Mexicano_del_Seguro_Social",	15,"México","2022","8","5,194","372","1,391","3,181","250","2,038","113","367","1,408","150","3,156","259","1,024","1,773","100",
"Número_de_Personas_Trabajadoras_del_Hogar_afiliadas_ante_el_Instituto_Mexicano_del_Seguro_Social",	16,"Michoacán_de_Ocampo","2022","8","1,277","118","512","586","61","374","27","101","214","32","903","91","411","372","29",
"Número_de_Personas_Trabajadoras_del_Hogar_afiliadas_ante_el_Instituto_Mexicano_del_Seguro_Social",	17,"Morelos","2022","8","1,184","113","412","627","32","443","37","112","276","18","741","76","300","351","14",
"Número_de_Personas_Trabajadoras_del_Hogar_afiliadas_ante_el_Instituto_Mexicano_del_Seguro_Social",	18,"Nayarit","2022","8","727","90","272","330","35","210","20","61","107","22","517","70","211","223","13",
"Número_de_Personas_Trabajadoras_del_Hogar_afiliadas_ante_el_Instituto_Mexicano_del_Seguro_Social",	19,"Nuevo_León","2022","8","2,549","258","959","1,276","56","880","64","308","489","19","1,669","194","651","787","37",
"Número_de_Personas_Trabajadoras_del_Hogar_afiliadas_ante_el_Instituto_Mexicano_del_Seguro_Social",	20,"Oaxaca","2022","8","508","60","168","262","18","209","17","46","137","9","299","43","122","125","9",
"Número_de_Personas_Trabajadoras_del_Hogar_afiliadas_ante_el_Instituto_Mexicano_del_Seguro_Social",	21,"Puebla","2022","8","1,071","71","317","637","46","398","17","70","286","25","673","54","247","351","21",
"Número_de_Personas_Trabajadoras_del_Hogar_afiliadas_ante_el_Instituto_Mexicano_del_Seguro_Social",	22,"Querétaro","2022","8","775","61","266","428","20","227","13","53","150","11","548","48","213","278","9",
"Número_de_Personas_Trabajadoras_del_Hogar_afiliadas_ante_el_Instituto_Mexicano_del_Seguro_Social",	23,"Quintana_Roo","2022","8","316","37","110","159","10","81","6","18","56","1","235","31","92","103","9",
"Número_de_Personas_Trabajadoras_del_Hogar_afiliadas_ante_el_Instituto_Mexicano_del_Seguro_Social",	24,"San_Luis_Potosí","2022","8","567","30","191","333","13","135","4","26","100","5","432","26","165","233","8",
"Número_de_Personas_Trabajadoras_del_Hogar_afiliadas_ante_el_Instituto_Mexicano_del_Seguro_Social",	25,"Sinaloa","2022","8","2,341","206","807","1,252","76","853","57","270","484","42","1,488","149","537","768","34",
"Número_de_Personas_Trabajadoras_del_Hogar_afiliadas_ante_el_Instituto_Mexicano_del_Seguro_Social",	26,"Sonora","2022","8","2,551","140","651","1,675","85","973","49","214","672","38","1,578","91","437","1,003","47",
"Número_de_Personas_Trabajadoras_del_Hogar_afiliadas_ante_el_Instituto_Mexicano_del_Seguro_Social",	27,"Tabasco","2022","8","235","15","105","110","5","99","7","42","47","3","136","8","63","63","2",
"Número_de_Personas_Trabajadoras_del_Hogar_afiliadas_ante_el_Instituto_Mexicano_del_Seguro_Social",	28,"Tamaulipas","2022","8","1,819","105","409","1,244","61","646","27","102","487","30","1,173","78","307","757","31",
"Número_de_Personas_Trabajadoras_del_Hogar_afiliadas_ante_el_Instituto_Mexicano_del_Seguro_Social",	29,"Tlaxcala","2022","8","420","45","107","253","15","195","18","38","128","11","225","27","69","125","4",
"Número_de_Personas_Trabajadoras_del_Hogar_afiliadas_ante_el_Instituto_Mexicano_del_Seguro_Social",	30,"Veracruz_de_Ignacio_de_la_Llave","2022","8","2,508","258","768","1,405","77","912","55","166","644","47","1,596","203","602","761","30",
"Número_de_Personas_Trabajadoras_del_Hogar_afiliadas_ante_el_Instituto_Mexicano_del_Seguro_Social",	31,"Yucatán","2022","8","1,389","110","423","821","35","580","38","136","384","22","809","72","287","437","13",
"Número_de_Personas_Trabajadoras_del_Hogar_afiliadas_ante_el_Instituto_Mexicano_del_Seguro_Social",	32,"Zacatecas","2022","8","243","13","81","146","3","56","3","14","37","2","187","10","67","109","1",
"Número_de_Personas_Trabajadoras_del_Hogar_afiliadas_ante_el_Instituto_Mexicano_del_Seguro_Social",	00,"Estados_Unidos_Mexicanos","2022","7","49,482","4,094","15,694","27,998","1,696","16,631","1,058","3,921","10,765","887","32,851","3,036","11,773","17,233","809",
"Número_de_Personas_Trabajadoras_del_Hogar_afiliadas_ante_el_Instituto_Mexicano_del_Seguro_Social",	01,"Aguascalientes","2022","7","1,219","51","306","818","44","488","18","77","368","25","731","33","229","450","19",
"Número_de_Personas_Trabajadoras_del_Hogar_afiliadas_ante_el_Instituto_Mexicano_del_Seguro_Social",	02,"Baja_California","2022","7","2,228","182","537","1,421","88","755","39","147","521","48","1,473","143","390","900","40",
"Número_de_Personas_Trabajadoras_del_Hogar_afiliadas_ante_el_Instituto_Mexicano_del_Seguro_Social",	03,"Baja_California_Sur","2022","7","287","22","126","134","5","56","2","23","29","2","231","20","103","105","3",
"Número_de_Personas_Trabajadoras_del_Hogar_afiliadas_ante_el_Instituto_Mexicano_del_Seguro_Social",	04,"Campeche","2022","7","117","10","41","62","4","39","1","15","19","4","78","9","26","43","0",
"Número_de_Personas_Trabajadoras_del_Hogar_afiliadas_ante_el_Instituto_Mexicano_del_Seguro_Social",	05,"Coahuila_de_Zaragoza","2022","7","2,179","110","454","1,551","64","916","34","153","693","36","1,263","76","301","858","28",
"Número_de_Personas_Trabajadoras_del_Hogar_afiliadas_ante_el_Instituto_Mexicano_del_Seguro_Social",	06,"Colima","2022","7","571","40","186","320","25","160","8","35","104","13","411","32","151","216","12",
"Número_de_Personas_Trabajadoras_del_Hogar_afiliadas_ante_el_Instituto_Mexicano_del_Seguro_Social",	07,"Chiapas","2022","7","901","101","330","428","42","379","34","96","225","24","522","67","234","203","18",
"Número_de_Personas_Trabajadoras_del_Hogar_afiliadas_ante_el_Instituto_Mexicano_del_Seguro_Social",	08,"Chihuahua","2022","7","1,918","110","414","1,349","45","501","33","87","363","18","1,417","77","327","986","27",
"Número_de_Personas_Trabajadoras_del_Hogar_afiliadas_ante_el_Instituto_Mexicano_del_Seguro_Social",	09,"Ciudad_de_México","2022","7","8,082","666","3,020","4,110","286","2,005","112","554","1,211","128","6,077","554","2,466","2,899","158",
"Número_de_Personas_Trabajadoras_del_Hogar_afiliadas_ante_el_Instituto_Mexicano_del_Seguro_Social",	10,"Durango","2022","7","445","36","136","263","10","127","15","29","80","3","318","21","107","183","7",
"Número_de_Personas_Trabajadoras_del_Hogar_afiliadas_ante_el_Instituto_Mexicano_del_Seguro_Social",	11,"Guanajuato","2022","7","1,391","87","505","766","33","494","31","129","319","15","897","56","376","447","18",
"Número_de_Personas_Trabajadoras_del_Hogar_afiliadas_ante_el_Instituto_Mexicano_del_Seguro_Social",	12,"Guerrero","2022","7","1,687","234","621","781","51","627","75","186","337","29","1,060","159","435","444","22",
"Número_de_Personas_Trabajadoras_del_Hogar_afiliadas_ante_el_Instituto_Mexicano_del_Seguro_Social",	13,"Hidalgo","2022","7","651","48","165","415","23","262","13","44","194","11","389","35","121","221","12",
"Número_de_Personas_Trabajadoras_del_Hogar_afiliadas_ante_el_Instituto_Mexicano_del_Seguro_Social",	14,"Jalisco","2022","7","3,052","342","1,207","1,397","106","860","84","291","435","50","2,192","258","916","962","56",
"Número_de_Personas_Trabajadoras_del_Hogar_afiliadas_ante_el_Instituto_Mexicano_del_Seguro_Social",	15,"México","2022","7","4,955","363","1,346","3,008","238","1,937","109","343","1,337","148","3,018","254","1,003","1,671","90",
"Número_de_Personas_Trabajadoras_del_Hogar_afiliadas_ante_el_Instituto_Mexicano_del_Seguro_Social",	16,"Michoacán_de_Ocampo","2022","7","1,253","126","501","569","57","372","30","100","215","27","881","96","401","354","30",
"Número_de_Personas_Trabajadoras_del_Hogar_afiliadas_ante_el_Instituto_Mexicano_del_Seguro_Social",	17,"Morelos","2022","7","1,134","106","398","597","33","427","36","111","261","19","707","70","287","336","14",
"Número_de_Personas_Trabajadoras_del_Hogar_afiliadas_ante_el_Instituto_Mexicano_del_Seguro_Social",	18,"Nayarit","2022","7","694","85","255","324","30","199","20","54","106","19","495","65","201","218","11",
"Número_de_Personas_Trabajadoras_del_Hogar_afiliadas_ante_el_Instituto_Mexicano_del_Seguro_Social",	19,"Nuevo_León","2022","7","2,462","253","932","1,222","55","838","63","292","463","20","1,624","190","640","759","35",
"Número_de_Personas_Trabajadoras_del_Hogar_afiliadas_ante_el_Instituto_Mexicano_del_Seguro_Social",	20,"Oaxaca","2022","7","482","56","166","241","19","191","14","47","120","10","291","42","119","121","9",
"Número_de_Personas_Trabajadoras_del_Hogar_afiliadas_ante_el_Instituto_Mexicano_del_Seguro_Social",	21,"Puebla","2022","7","1,020","67","298","610","45","371","16","66","263","26","649","51","232","347","19",
"Número_de_Personas_Trabajadoras_del_Hogar_afiliadas_ante_el_Instituto_Mexicano_del_Seguro_Social",	22,"Querétaro","2022","7","745","62","250","410","23","218","12","48","146","12","527","50","202","264","11",
"Número_de_Personas_Trabajadoras_del_Hogar_afiliadas_ante_el_Instituto_Mexicano_del_Seguro_Social",	23,"Quintana_Roo","2022","7","301","29","109","153","10","77","5","15","56","1","224","24","94","97","9",
"Número_de_Personas_Trabajadoras_del_Hogar_afiliadas_ante_el_Instituto_Mexicano_del_Seguro_Social",	24,"San_Luis_Potosí","2022","7","541","34","176","317","14","132","6","24","97","5","409","28","152","220","9",
"Número_de_Personas_Trabajadoras_del_Hogar_afiliadas_ante_el_Instituto_Mexicano_del_Seguro_Social",	25,"Sinaloa","2022","7","2,294","200","778","1,240","76","849","55","263","488","43","1,445","145","515","752","33",
"Número_de_Personas_Trabajadoras_del_Hogar_afiliadas_ante_el_Instituto_Mexicano_del_Seguro_Social",	26,"Sonora","2022","7","2,473","144","625","1,621","83","959","50","214","654","41","1,514","94","411","967","42",
"Número_de_Personas_Trabajadoras_del_Hogar_afiliadas_ante_el_Instituto_Mexicano_del_Seguro_Social",	27,"Tabasco","2022","7","237","17","94","122","4","95","5","35","53","2","142","12","59","69","2",
"Número_de_Personas_Trabajadoras_del_Hogar_afiliadas_ante_el_Instituto_Mexicano_del_Seguro_Social",	28,"Tamaulipas","2022","7","1,768","96","401","1,204","67","623","27","102","461","33","1,145","69","299","743","34",
"Número_de_Personas_Trabajadoras_del_Hogar_afiliadas_ante_el_Instituto_Mexicano_del_Seguro_Social",	29,"Tlaxcala","2022","7","432","48","115","255","14","195","19","36","129","11","237","29","79","126","3",
"Número_de_Personas_Trabajadoras_del_Hogar_afiliadas_ante_el_Instituto_Mexicano_del_Seguro_Social",	30,"Veracruz_de_Ignacio_de_la_Llave","2022","7","2,421","253","728","1,371","69","883","55","164","622","42","1,538","198","564","749","27",
"Número_de_Personas_Trabajadoras_del_Hogar_afiliadas_ante_el_Instituto_Mexicano_del_Seguro_Social",	31,"Yucatán","2022","7","1,313","101","406","775","31","545","34","129","361","21","768","67","277","414","10",
"Número_de_Personas_Trabajadoras_del_Hogar_afiliadas_ante_el_Instituto_Mexicano_del_Seguro_Social",	32,"Zacatecas","2022","7","229","15","68","144","2","51","3","12","35","1","178","12","56","109","1",
"Número_de_Personas_Trabajadoras_del_Hogar_afiliadas_ante_el_Instituto_Mexicano_del_Seguro_Social",	00,"Estados_Unidos_Mexicanos","2022","6","49,161","4,028","15,689","27,779","1,665","16,490","1,003","3,895","10,722","870","32,671","3,025","11,794","17,057","795",
"Número_de_Personas_Trabajadoras_del_Hogar_afiliadas_ante_el_Instituto_Mexicano_del_Seguro_Social",	01,"Aguascalientes","2022","6","1,247","57","318","823","49","490","20","79","361","30","757","37","239","462","19",
"Número_de_Personas_Trabajadoras_del_Hogar_afiliadas_ante_el_Instituto_Mexicano_del_Seguro_Social",	02,"Baja_California","2022","6","2,180","164","539","1,388","89","755","37","145","525","48","1,425","127","394","863","41",
"Número_de_Personas_Trabajadoras_del_Hogar_afiliadas_ante_el_Instituto_Mexicano_del_Seguro_Social",	03,"Baja_California_Sur","2022","6","287","22","121","139","5","59","3","22","32","2","228","19","99","107","3",
"Número_de_Personas_Trabajadoras_del_Hogar_afiliadas_ante_el_Instituto_Mexicano_del_Seguro_Social",	04,"Campeche","2022","6","117","10","44","58","5","38","1","16","18","3","79","9","28","40","2",
"Número_de_Personas_Trabajadoras_del_Hogar_afiliadas_ante_el_Instituto_Mexicano_del_Seguro_Social",	05,"Coahuila_de_Zaragoza","2022","6","2,160","111","455","1,533","61","915","36","148","698","33","1,245","75","307","835","28",
"Número_de_Personas_Trabajadoras_del_Hogar_afiliadas_ante_el_Instituto_Mexicano_del_Seguro_Social",	06,"Colima","2022","6","564","39","189","315","21","170","9","36","113","12","394","30","153","202","9",
"Número_de_Personas_Trabajadoras_del_Hogar_afiliadas_ante_el_Instituto_Mexicano_del_Seguro_Social",	07,"Chiapas","2022","6","903","99","337","425","42","374","30","96","225","23","529","69","241","200","19",
"Número_de_Personas_Trabajadoras_del_Hogar_afiliadas_ante_el_Instituto_Mexicano_del_Seguro_Social",	08,"Chihuahua","2022","6","1,919","110","431","1,334","44","511","31","88","374","18","1,408","79","343","960","26",
"Número_de_Personas_Trabajadoras_del_Hogar_afiliadas_ante_el_Instituto_Mexicano_del_Seguro_Social",	09,"Ciudad_de_México","2022","6","7,963","668","2,970","4,050","275","1,959","107","536","1,192","124","6,004","561","2,434","2,858","151",
"Número_de_Personas_Trabajadoras_del_Hogar_afiliadas_ante_el_Instituto_Mexicano_del_Seguro_Social",	10,"Durango","2022","6","460","36","137","272","15","128","12","30","83","3","332","24","107","189","12",
"Número_de_Personas_Trabajadoras_del_Hogar_afiliadas_ante_el_Instituto_Mexicano_del_Seguro_Social",	11,"Guanajuato","2022","6","1,344","79","486","747","32","466","25","117","309","15","878","54","369","438","17",
"Número_de_Personas_Trabajadoras_del_Hogar_afiliadas_ante_el_Instituto_Mexicano_del_Seguro_Social",	12,"Guerrero","2022","6","1,646","221","592","785","48","619","62","181","349","27","1,027","159","411","436","21",
"Número_de_Personas_Trabajadoras_del_Hogar_afiliadas_ante_el_Instituto_Mexicano_del_Seguro_Social",	13,"Hidalgo","2022","6","640","48","165","402","25","269","14","47","196","12","371","34","118","206","13",
"Número_de_Personas_Trabajadoras_del_Hogar_afiliadas_ante_el_Instituto_Mexicano_del_Seguro_Social",	14,"Jalisco","2022","6","3,054","335","1,219","1,397","103","840","83","279","429","49","2,214","252","940","968","54",
"Número_de_Personas_Trabajadoras_del_Hogar_afiliadas_ante_el_Instituto_Mexicano_del_Seguro_Social",	15,"México","2022","6","4,842","341","1,336","2,931","234","1,884","98","359","1,282","145","2,958","243","977","1,649","89",
"Número_de_Personas_Trabajadoras_del_Hogar_afiliadas_ante_el_Instituto_Mexicano_del_Seguro_Social",	16,"Michoacán_de_Ocampo","2022","6","1,271","120","518","575","58","387","31","107","218","31","884","89","411","357","27",
"Número_de_Personas_Trabajadoras_del_Hogar_afiliadas_ante_el_Instituto_Mexicano_del_Seguro_Social",	17,"Morelos","2022","6","1,134","106","407","590","31","424","37","117","252","18","710","69","290","338","13",
"Número_de_Personas_Trabajadoras_del_Hogar_afiliadas_ante_el_Instituto_Mexicano_del_Seguro_Social",	18,"Nayarit","2022","6","699","87","254","324","34","200","21","55","104","20","499","66","199","220","14",
"Número_de_Personas_Trabajadoras_del_Hogar_afiliadas_ante_el_Instituto_Mexicano_del_Seguro_Social",	19,"Nuevo_León","2022","6","2,505","259","951","1,240","55","862","61","311","470","20","1,643","198","640","770","35",
"Número_de_Personas_Trabajadoras_del_Hogar_afiliadas_ante_el_Instituto_Mexicano_del_Seguro_Social",	20,"Oaxaca","2022","6","495","60","171","244","20","196","15","43","127","11","299","45","128","117","9",
"Número_de_Personas_Trabajadoras_del_Hogar_afiliadas_ante_el_Instituto_Mexicano_del_Seguro_Social",	21,"Puebla","2022","6","971","68","278","582","43","345","15","57","248","25","626","53","221","334","18",
"Número_de_Personas_Trabajadoras_del_Hogar_afiliadas_ante_el_Instituto_Mexicano_del_Seguro_Social",	22,"Querétaro","2022","6","770","61","265","422","22","232","11","50","158","13","538","50","215","264","9",
"Número_de_Personas_Trabajadoras_del_Hogar_afiliadas_ante_el_Instituto_Mexicano_del_Seguro_Social",	23,"Quintana_Roo","2022","6","313","36","111","158","8","81","6","16","59","0","232","30","95","99","8",
"Número_de_Personas_Trabajadoras_del_Hogar_afiliadas_ante_el_Instituto_Mexicano_del_Seguro_Social",	24,"San_Luis_Potosí","2022","6","534","35","175","311","13","125","6","25","90","4","409","29","150","221","9",
"Número_de_Personas_Trabajadoras_del_Hogar_afiliadas_ante_el_Instituto_Mexicano_del_Seguro_Social",	25,"Sinaloa","2022","6","2,280","200","779","1,229","72","820","54","255","471","40","1,460","146","524","758","32",
"Número_de_Personas_Trabajadoras_del_Hogar_afiliadas_ante_el_Instituto_Mexicano_del_Seguro_Social",	26,"Sonora","2022","6","2,490","146","641","1,624","79","965","49","223","657","36","1,525","97","418","967","43",
"Número_de_Personas_Trabajadoras_del_Hogar_afiliadas_ante_el_Instituto_Mexicano_del_Seguro_Social",	27,"Tabasco","2022","6","216","12","88","112","4","80","2","29","46","3","136","10","59","66","1",
"Número_de_Personas_Trabajadoras_del_Hogar_afiliadas_ante_el_Instituto_Mexicano_del_Seguro_Social",	28,"Tamaulipas","2022","6","1,748","97","382","1,208","61","606","27","97","452","30","1,142","70","285","756","31",
"Número_de_Personas_Trabajadoras_del_Hogar_afiliadas_ante_el_Instituto_Mexicano_del_Seguro_Social",	29,"Tlaxcala","2022","6","414","44","107","246","17","188","17","32","125","14","226","27","75","121","3",
"Número_de_Personas_Trabajadoras_del_Hogar_afiliadas_ante_el_Instituto_Mexicano_del_Seguro_Social",	30,"Veracruz_de_Ignacio_de_la_Llave","2022","6","2,471","245","753","1,407","66","919","47","161","672","39","1,552","198","592","735","27",
"Número_de_Personas_Trabajadoras_del_Hogar_afiliadas_ante_el_Instituto_Mexicano_del_Seguro_Social",	31,"Yucatán","2022","6","1,303","97","401","773","32","537","33","126","357","21","766","64","275","416","11",
"Número_de_Personas_Trabajadoras_del_Hogar_afiliadas_ante_el_Instituto_Mexicano_del_Seguro_Social",	32,"Zacatecas","2022","6","221","15","69","135","2","46","3","12","30","1","175","12","57","105","1",
"Número_de_Personas_Trabajadoras_del_Hogar_afiliadas_ante_el_Instituto_Mexicano_del_Seguro_Social",	00,"Estados_Unidos_Mexicanos","2022","5","47,080","3,793","15,018","26,640","1,629","15,939","970","3,766","10,363","840","31,141","2,823","11,252","16,277","789",
"Número_de_Personas_Trabajadoras_del_Hogar_afiliadas_ante_el_Instituto_Mexicano_del_Seguro_Social",	01,"Aguascalientes","2022","5","1,198","56","299","794","49","471","18","75","351","27","727","38","224","443","22",
"Número_de_Personas_Trabajadoras_del_Hogar_afiliadas_ante_el_Instituto_Mexicano_del_Seguro_Social",	02,"Baja_California","2022","5","2,093","155","520","1,333","85","735","36","143","510","46","1,358","119","377","823","39",
"Número_de_Personas_Trabajadoras_del_Hogar_afiliadas_ante_el_Instituto_Mexicano_del_Seguro_Social",	03,"Baja_California_Sur","2022","5","266","17","111","132","6","53","4","17","30","2","213","13","94","102","4",
"Número_de_Personas_Trabajadoras_del_Hogar_afiliadas_ante_el_Instituto_Mexicano_del_Seguro_Social",	04,"Campeche","2022","5","107","8","38","55","6","33","1","12","17","3","74","7","26","38","3",
"Número_de_Personas_Trabajadoras_del_Hogar_afiliadas_ante_el_Instituto_Mexicano_del_Seguro_Social",	05,"Coahuila_de_Zaragoza","2022","5","2,047","108","424","1,458","57","852","36","137","650","29","1,195","72","287","808","28",
"Número_de_Personas_Trabajadoras_del_Hogar_afiliadas_ante_el_Instituto_Mexicano_del_Seguro_Social",	06,"Colima","2022","5","529","36","182","293","18","152","5","31","105","11","377","31","151","188","7",
"Número_de_Personas_Trabajadoras_del_Hogar_afiliadas_ante_el_Instituto_Mexicano_del_Seguro_Social",	07,"Chiapas","2022","5","875","105","320","410","40","370","33","90","223","24","505","72","230","187","16",
"Número_de_Personas_Trabajadoras_del_Hogar_afiliadas_ante_el_Instituto_Mexicano_del_Seguro_Social",	08,"Chihuahua","2022","5","1,822","105","404","1,269","44","479","26","91","345","17","1,343","79","313","924","27",
"Número_de_Personas_Trabajadoras_del_Hogar_afiliadas_ante_el_Instituto_Mexicano_del_Seguro_Social",	09,"Ciudad_de_México","2022","5","7,623","629","2,869","3,861","264","1,903","109","528","1,147","119","5,720","520","2,341","2,714","145",
"Número_de_Personas_Trabajadoras_del_Hogar_afiliadas_ante_el_Instituto_Mexicano_del_Seguro_Social",	10,"Durango","2022","5","437","34","138","249","16","119","12","30","73","4","318","22","108","176","12",
"Número_de_Personas_Trabajadoras_del_Hogar_afiliadas_ante_el_Instituto_Mexicano_del_Seguro_Social",	11,"Guanajuato","2022","5","1,325","91","481","720","33","475","30","123","308","14","850","61","358","412","19",
"Número_de_Personas_Trabajadoras_del_Hogar_afiliadas_ante_el_Instituto_Mexicano_del_Seguro_Social",	12,"Guerrero","2022","5","1,602","198","578","781","45","620","61","178","354","27","982","137","400","427","18",
"Número_de_Personas_Trabajadoras_del_Hogar_afiliadas_ante_el_Instituto_Mexicano_del_Seguro_Social",	13,"Hidalgo","2022","5","623","41","159","399","24","265","11","47","195","12","358","30","112","204","12",
"Número_de_Personas_Trabajadoras_del_Hogar_afiliadas_ante_el_Instituto_Mexicano_del_Seguro_Social",	14,"Jalisco","2022","5","2,870","323","1,137","1,310","100","792","86","260","400","46","2,078","237","877","910","54",
"Número_de_Personas_Trabajadoras_del_Hogar_afiliadas_ante_el_Instituto_Mexicano_del_Seguro_Social",	15,"México","2022","5","4,592","329","1,269","2,771","223","1,820","95","359","1,234","132","2,772","234","910","1,537","91",
"Número_de_Personas_Trabajadoras_del_Hogar_afiliadas_ante_el_Instituto_Mexicano_del_Seguro_Social",	16,"Michoacán_de_Ocampo","2022","5","1,235","119","491","563","62","374","28","96","217","33","861","91","395","346","29",
"Número_de_Personas_Trabajadoras_del_Hogar_afiliadas_ante_el_Instituto_Mexicano_del_Seguro_Social",	17,"Morelos","2022","5","1,124","106","398","593","27","424","39","109","261","15","700","67","289","332","12",
"Número_de_Personas_Trabajadoras_del_Hogar_afiliadas_ante_el_Instituto_Mexicano_del_Seguro_Social",	18,"Nayarit","2022","5","671","83","251","307","30","194","20","61","93","20","477","63","190","214","10",
"Número_de_Personas_Trabajadoras_del_Hogar_afiliadas_ante_el_Instituto_Mexicano_del_Seguro_Social",	19,"Nuevo_León","2022","5","2,395","221","908","1,208","58","822","51","290","457","24","1,573","170","618","751","34",
"Número_de_Personas_Trabajadoras_del_Hogar_afiliadas_ante_el_Instituto_Mexicano_del_Seguro_Social",	20,"Oaxaca","2022","5","474","57","157","238","22","193","16","44","122","11","281","41","113","116","11",
"Número_de_Personas_Trabajadoras_del_Hogar_afiliadas_ante_el_Instituto_Mexicano_del_Seguro_Social",	21,"Puebla","2022","5","975","71","290","570","44","344","15","63","240","26","631","56","227","330","18",
"Número_de_Personas_Trabajadoras_del_Hogar_afiliadas_ante_el_Instituto_Mexicano_del_Seguro_Social",	22,"Querétaro","2022","5","747","54","264","407","22","228","11","51","154","12","519","43","213","253","10",
"Número_de_Personas_Trabajadoras_del_Hogar_afiliadas_ante_el_Instituto_Mexicano_del_Seguro_Social",	23,"Quintana_Roo","2022","5","294","35","104","145","10","77","7","17","51","2","217","28","87","94","8",
"Número_de_Personas_Trabajadoras_del_Hogar_afiliadas_ante_el_Instituto_Mexicano_del_Seguro_Social",	24,"San_Luis_Potosí","2022","5","508","38","164","290","16","123","7","23","88","5","385","31","141","202","11",
"Número_de_Personas_Trabajadoras_del_Hogar_afiliadas_ante_el_Instituto_Mexicano_del_Seguro_Social",	25,"Sinaloa","2022","5","2,197","174","762","1,191","70","790","46","250","454","40","1,407","128","512","737","30",
"Número_de_Personas_Trabajadoras_del_Hogar_afiliadas_ante_el_Instituto_Mexicano_del_Seguro_Social",	26,"Sonora","2022","5","2,349","134","599","1,547","69","923","44","212","638","29","1,426","90","387","909","40",
"Número_de_Personas_Trabajadoras_del_Hogar_afiliadas_ante_el_Instituto_Mexicano_del_Seguro_Social",	27,"Tabasco","2022","5","211","14","85","107","5","79","3","29","44","3","132","11","56","63","2",
"Número_de_Personas_Trabajadoras_del_Hogar_afiliadas_ante_el_Instituto_Mexicano_del_Seguro_Social",	28,"Tamaulipas","2022","5","1,700","76","375","1,185","64","608","22","98","456","32","1,092","54","277","729","32",
"Número_de_Personas_Trabajadoras_del_Hogar_afiliadas_ante_el_Instituto_Mexicano_del_Seguro_Social",	29,"Tlaxcala","2022","5","415","47","111","240","17","186","16","32","124","14","229","31","79","116","3",
"Número_de_Personas_Trabajadoras_del_Hogar_afiliadas_ante_el_Instituto_Mexicano_del_Seguro_Social",	30,"Veracruz_de_Ignacio_de_la_Llave","2022","5","2,338","228","689","1,352","69","879","48","142","649","40","1,459","180","547","703","29",
"Número_de_Personas_Trabajadoras_del_Hogar_afiliadas_ante_el_Instituto_Mexicano_del_Seguro_Social",	31,"Yucatán","2022","5","1,227","89","372","734","32","512","32","118","342","20","715","57","254","392","12",
"Número_de_Personas_Trabajadoras_del_Hogar_afiliadas_ante_el_Instituto_Mexicano_del_Seguro_Social",	32,"Zacatecas","2022","5","211","12","69","128","2","44","2","10","31","1","167","10","59","97","1",
"Número_de_Personas_Trabajadoras_del_Hogar_afiliadas_ante_el_Instituto_Mexicano_del_Seguro_Social",	00,"Estados_Unidos_Mexicanos","2022","4","46,011","3,797","14,802","25,832","1,580","15,502","974","3,682","10,033","813","30,509","2,823","11,120","15,799","767",
"Número_de_Personas_Trabajadoras_del_Hogar_afiliadas_ante_el_Instituto_Mexicano_del_Seguro_Social",	01,"Aguascalientes","2022","4","1,192","55","300","795","42","470","20","75","353","22","722","35","225","442","20",
"Número_de_Personas_Trabajadoras_del_Hogar_afiliadas_ante_el_Instituto_Mexicano_del_Seguro_Social",	02,"Baja_California","2022","4","2,067","143","517","1,324","83","727","31","146","503","47","1,340","112","371","821","36",
"Número_de_Personas_Trabajadoras_del_Hogar_afiliadas_ante_el_Instituto_Mexicano_del_Seguro_Social",	03,"Baja_California_Sur","2022","4","267","18","107","137","5","63","4","22","35","2","204","14","85","102","3",
"Número_de_Personas_Trabajadoras_del_Hogar_afiliadas_ante_el_Instituto_Mexicano_del_Seguro_Social",	04,"Campeche","2022","4","111","8","43","54","6","37","1","15","18","3","74","7","28","36","3",
"Número_de_Personas_Trabajadoras_del_Hogar_afiliadas_ante_el_Instituto_Mexicano_del_Seguro_Social",	05,"Coahuila_de_Zaragoza","2022","4","1,970","103","411","1,400","56","816","32","134","620","30","1,154","71","277","780","26",
"Número_de_Personas_Trabajadoras_del_Hogar_afiliadas_ante_el_Instituto_Mexicano_del_Seguro_Social",	06,"Colima","2022","4","519","34","173","293","19","147","4","30","102","11","372","30","143","191","8",
"Número_de_Personas_Trabajadoras_del_Hogar_afiliadas_ante_el_Instituto_Mexicano_del_Seguro_Social",	07,"Chiapas","2022","4","851","103","307","399","42","369","37","88","218","26","482","66","219","181","16",
"Número_de_Personas_Trabajadoras_del_Hogar_afiliadas_ante_el_Instituto_Mexicano_del_Seguro_Social",	08,"Chihuahua","2022","4","1,761","102","393","1,222","44","461","22","85","336","18","1,300","80","308","886","26",
"Número_de_Personas_Trabajadoras_del_Hogar_afiliadas_ante_el_Instituto_Mexicano_del_Seguro_Social",	09,"Ciudad_de_México","2022","4","7,493","649","2,849","3,731","264","1,845","117","501","1,110","117","5,648","532","2,348","2,621","147",
"Número_de_Personas_Trabajadoras_del_Hogar_afiliadas_ante_el_Instituto_Mexicano_del_Seguro_Social",	10,"Durango","2022","4","430","34","135","245","16","116","11","29","72","4","314","23","106","173","12",
"Número_de_Personas_Trabajadoras_del_Hogar_afiliadas_ante_el_Instituto_Mexicano_del_Seguro_Social",	11,"Guanajuato","2022","4","1,283","82","461","708","32","461","28","118","300","15","822","54","343","408","17",
"Número_de_Personas_Trabajadoras_del_Hogar_afiliadas_ante_el_Instituto_Mexicano_del_Seguro_Social",	12,"Guerrero","2022","4","1,570","200","540","778","52","605","60","164","349","32","965","140","376","429","20",
"Número_de_Personas_Trabajadoras_del_Hogar_afiliadas_ante_el_Instituto_Mexicano_del_Seguro_Social",	13,"Hidalgo","2022","4","600","43","149","383","25","255","14","43","187","11","345","29","106","196","14",
"Número_de_Personas_Trabajadoras_del_Hogar_afiliadas_ante_el_Instituto_Mexicano_del_Seguro_Social",	14,"Jalisco","2022","4","2,768","318","1,117","1,246","87","751","83","249","380","39","2,017","235","868","866","48",
"Número_de_Personas_Trabajadoras_del_Hogar_afiliadas_ante_el_Instituto_Mexicano_del_Seguro_Social",	15,"México","2022","4","4,383","331","1,242","2,609","201","1,720","106","340","1,158","116","2,663","225","902","1,451","85",
"Número_de_Personas_Trabajadoras_del_Hogar_afiliadas_ante_el_Instituto_Mexicano_del_Seguro_Social",	16,"Michoacán_de_Ocampo","2022","4","1,227","120","485","558","64","371","29","95","211","36","856","91","390","347","28",
"Número_de_Personas_Trabajadoras_del_Hogar_afiliadas_ante_el_Instituto_Mexicano_del_Seguro_Social",	17,"Morelos","2022","4","1,104","99","404","576","25","415","34","114","255","12","689","65","290","321","13",
"Número_de_Personas_Trabajadoras_del_Hogar_afiliadas_ante_el_Instituto_Mexicano_del_Seguro_Social",	18,"Nayarit","2022","4","645","77","234","304","30","185","19","57","90","19","460","58","177","214","11",
"Número_de_Personas_Trabajadoras_del_Hogar_afiliadas_ante_el_Instituto_Mexicano_del_Seguro_Social",	19,"Nuevo_León","2022","4","2,397","252","927","1,166","52","833","60","302","451","20","1,564","192","625","715","32",
"Número_de_Personas_Trabajadoras_del_Hogar_afiliadas_ante_el_Instituto_Mexicano_del_Seguro_Social",	20,"Oaxaca","2022","4","465","52","154","240","19","191","13","44","125","9","274","39","110","115","10",
"Número_de_Personas_Trabajadoras_del_Hogar_afiliadas_ante_el_Instituto_Mexicano_del_Seguro_Social",	21,"Puebla","2022","4","944","67","286","547","44","330","16","59","229","26","614","51","227","318","18",
"Número_de_Personas_Trabajadoras_del_Hogar_afiliadas_ante_el_Instituto_Mexicano_del_Seguro_Social",	22,"Querétaro","2022","4","746","55","272","393","26","222","10","50","147","15","524","45","222","246","11",
"Número_de_Personas_Trabajadoras_del_Hogar_afiliadas_ante_el_Instituto_Mexicano_del_Seguro_Social",	23,"Quintana_Roo","2022","4","279","34","96","138","11","71","6","15","48","2","208","28","81","90","9",
"Número_de_Personas_Trabajadoras_del_Hogar_afiliadas_ante_el_Instituto_Mexicano_del_Seguro_Social",	24,"San_Luis_Potosí","2022","4","514","36","165","296","17","124","8","23","87","6","390","28","142","209","11",
"Número_de_Personas_Trabajadoras_del_Hogar_afiliadas_ante_el_Instituto_Mexicano_del_Seguro_Social",	25,"Sinaloa","2022","4","2,135","176","760","1,132","67","784","46","264","436","38","1,351","130","496","696","29",
"Número_de_Personas_Trabajadoras_del_Hogar_afiliadas_ante_el_Instituto_Mexicano_del_Seguro_Social",	26,"Sonora","2022","4","2,328","125","597","1,538","68","910","43","204","632","31","1,418","82","393","906","37",
"Número_de_Personas_Trabajadoras_del_Hogar_afiliadas_ante_el_Instituto_Mexicano_del_Seguro_Social",	27,"Tabasco","2022","4","212","10","90","107","5","72","2","25","42","3","140","8","65","65","2",
"Número_de_Personas_Trabajadoras_del_Hogar_afiliadas_ante_el_Instituto_Mexicano_del_Seguro_Social",	28,"Tamaulipas","2022","4","1,666","88","380","1,138","60","580","20","92","439","29","1,086","68","288","699","31",
"Número_de_Personas_Trabajadoras_del_Hogar_afiliadas_ante_el_Instituto_Mexicano_del_Seguro_Social",	29,"Tlaxcala","2022","4","401","50","104","234","13","175","19","33","113","10","226","31","71","121","3",
"Número_de_Personas_Trabajadoras_del_Hogar_afiliadas_ante_el_Instituto_Mexicano_del_Seguro_Social",	30,"Veracruz_de_Ignacio_de_la_Llave","2022","4","2,284","231","670","1,313","70","855","46","137","629","43","1,429","185","533","684","27",
"Número_de_Personas_Trabajadoras_del_Hogar_afiliadas_ante_el_Instituto_Mexicano_del_Seguro_Social",	31,"Yucatán","2022","4","1,198","90","363","712","33","498","31","117","330","20","700","59","246","382","13",
"Número_de_Personas_Trabajadoras_del_Hogar_afiliadas_ante_el_Instituto_Mexicano_del_Seguro_Social",	32,"Zacatecas","2022","4","201","12","71","116","2","43","2","12","28","1","158","10","59","88","1",
"Número_de_Personas_Trabajadoras_del_Hogar_afiliadas_ante_el_Instituto_Mexicano_del_Seguro_Social",	00,"Estados_Unidos_Mexicanos","2022","3","43,823","3,586","14,109","24,636","1,492","14,807","946","3,512","9,580","769","29,016","2,640","10,597","15,056","723",
"Número_de_Personas_Trabajadoras_del_Hogar_afiliadas_ante_el_Instituto_Mexicano_del_Seguro_Social",	01,"Aguascalientes","2022","3","1,175","60","293","782","40","466","21","72","352","21","709","39","221","430","19",
"Número_de_Personas_Trabajadoras_del_Hogar_afiliadas_ante_el_Instituto_Mexicano_del_Seguro_Social",	02,"Baja_California","2022","3","1,939","132","468","1,259","80","682","34","134","469","45","1,257","98","334","790","35",
"Número_de_Personas_Trabajadoras_del_Hogar_afiliadas_ante_el_Instituto_Mexicano_del_Seguro_Social",	03,"Baja_California_Sur","2022","3","265","21","108","130","6","61","5","20","34","2","204","16","88","96","4",
"Número_de_Personas_Trabajadoras_del_Hogar_afiliadas_ante_el_Instituto_Mexicano_del_Seguro_Social",	04,"Campeche","2022","3","95","6","36","49","4","33","1","15","15","2","62","5","21","34","2",
"Número_de_Personas_Trabajadoras_del_Hogar_afiliadas_ante_el_Instituto_Mexicano_del_Seguro_Social",	05,"Coahuila_de_Zaragoza","2022","3","1,830","94","377","1,310","49","762","31","121","584","26","1,068","63","256","726","23",
"Número_de_Personas_Trabajadoras_del_Hogar_afiliadas_ante_el_Instituto_Mexicano_del_Seguro_Social",	06,"Colima","2022","3","499","28","173","278","20","143","3","31","98","11","356","25","142","180","9",
"Número_de_Personas_Trabajadoras_del_Hogar_afiliadas_ante_el_Instituto_Mexicano_del_Seguro_Social",	07,"Chiapas","2022","3","842","109","296","398","39","356","33","82","216","25","486","76","214","182","14",
"Número_de_Personas_Trabajadoras_del_Hogar_afiliadas_ante_el_Instituto_Mexicano_del_Seguro_Social",	08,"Chihuahua","2022","3","1,651","92","383","1,135","41","427","21","78","311","17","1,224","71","305","824","24",
"Número_de_Personas_Trabajadoras_del_Hogar_afiliadas_ante_el_Instituto_Mexicano_del_Seguro_Social",	09,"Ciudad_de_México","2022","3","7,076","596","2,670","3,565","245","1,731","111","474","1,039","107","5,345","485","2,196","2,526","138",
"Número_de_Personas_Trabajadoras_del_Hogar_afiliadas_ante_el_Instituto_Mexicano_del_Seguro_Social",	10,"Durango","2022","3","408","28","125","241","14","110","9","28","70","3","298","19","97","171","11",
"Número_de_Personas_Trabajadoras_del_Hogar_afiliadas_ante_el_Instituto_Mexicano_del_Seguro_Social",	11,"Guanajuato","2022","3","1,215","82","438","664","31","432","25","113","280","14","783","57","325","384","17",
"Número_de_Personas_Trabajadoras_del_Hogar_afiliadas_ante_el_Instituto_Mexicano_del_Seguro_Social",	12,"Guerrero","2022","3","1,553","192","532","778","51","610","59","170","349","32","943","133","362","429","19",
"Número_de_Personas_Trabajadoras_del_Hogar_afiliadas_ante_el_Instituto_Mexicano_del_Seguro_Social",	13,"Hidalgo","2022","3","539","38","133","344","24","227","13","37","166","11","312","25","96","178","13",
"Número_de_Personas_Trabajadoras_del_Hogar_afiliadas_ante_el_Instituto_Mexicano_del_Seguro_Social",	14,"Jalisco","2022","3","2,615","286","1,075","1,167","87","705","78","238","353","36","1,910","208","837","814","51",
"Número_de_Personas_Trabajadoras_del_Hogar_afiliadas_ante_el_Instituto_Mexicano_del_Seguro_Social",	15,"México","2022","3","4,126","312","1,168","2,457","189","1,613","100","306","1,102","105","2,513","212","862","1,355","84",
"Número_de_Personas_Trabajadoras_del_Hogar_afiliadas_ante_el_Instituto_Mexicano_del_Seguro_Social",	16,"Michoacán_de_Ocampo","2022","3","1,176","102","481","534","59","352","22","94","202","34","824","80","387","332","25",
"Número_de_Personas_Trabajadoras_del_Hogar_afiliadas_ante_el_Instituto_Mexicano_del_Seguro_Social",	17,"Morelos","2022","3","1,030","102","365","536","27","386","37","103","230","16","644","65","262","306","11",
"Número_de_Personas_Trabajadoras_del_Hogar_afiliadas_ante_el_Instituto_Mexicano_del_Seguro_Social",	18,"Nayarit","2022","3","632","88","225","289","30","184","20","55","91","18","448","68","170","198","12",
"Número_de_Personas_Trabajadoras_del_Hogar_afiliadas_ante_el_Instituto_Mexicano_del_Seguro_Social",	19,"Nuevo_León","2022","3","2,289","237","876","1,128","48","784","52","289","424","19","1,505","185","587","704","29",
"Número_de_Personas_Trabajadoras_del_Hogar_afiliadas_ante_el_Instituto_Mexicano_del_Seguro_Social",	20,"Oaxaca","2022","3","439","49","142","230","18","182","10","41","123","8","257","39","101","107","10",
"Número_de_Personas_Trabajadoras_del_Hogar_afiliadas_ante_el_Instituto_Mexicano_del_Seguro_Social",	21,"Puebla","2022","3","901","63","281","515","42","329","16","66","220","27","572","47","215","295","15",
"Número_de_Personas_Trabajadoras_del_Hogar_afiliadas_ante_el_Instituto_Mexicano_del_Seguro_Social",	22,"Querétaro","2022","3","740","53","275","388","24","223","12","53","144","14","517","41","222","244","10",
"Número_de_Personas_Trabajadoras_del_Hogar_afiliadas_ante_el_Instituto_Mexicano_del_Seguro_Social",	23,"Quintana_Roo","2022","3","264","32","97","126","9","62","5","13","43","1","202","27","84","83","8",
"Número_de_Personas_Trabajadoras_del_Hogar_afiliadas_ante_el_Instituto_Mexicano_del_Seguro_Social",	24,"San_Luis_Potosí","2022","3","502","37","166","286","13","122","8","21","88","5","380","29","145","198","8",
"Número_de_Personas_Trabajadoras_del_Hogar_afiliadas_ante_el_Instituto_Mexicano_del_Seguro_Social",	25,"Sinaloa","2022","3","2,052","171","724","1,091","66","762","48","244","432","38","1,290","123","480","659","28",
"Número_de_Personas_Trabajadoras_del_Hogar_afiliadas_ante_el_Instituto_Mexicano_del_Seguro_Social",	26,"Sonora","2022","3","2,240","123","577","1,475","65","894","46","207","611","30","1,346","77","370","864","35",
"Número_de_Personas_Trabajadoras_del_Hogar_afiliadas_ante_el_Instituto_Mexicano_del_Seguro_Social",	27,"Tabasco","2022","3","194","10","86","95","3","68","3","23","40","2","126","7","63","55","1",
"Número_de_Personas_Trabajadoras_del_Hogar_afiliadas_ante_el_Instituto_Mexicano_del_Seguro_Social",	28,"Tamaulipas","2022","3","1,631","83","366","1,118","64","586","24","91","439","32","1,045","59","275","679","32",
"Número_de_Personas_Trabajadoras_del_Hogar_afiliadas_ante_el_Instituto_Mexicano_del_Seguro_Social",	29,"Tlaxcala","2022","3","410","50","105","243","12","182","18","32","123","9","228","32","73","120","3",
"Número_de_Personas_Trabajadoras_del_Hogar_afiliadas_ante_el_Instituto_Mexicano_del_Seguro_Social",	30,"Veracruz_de_Ignacio_de_la_Llave","2022","3","2,144","209","649","1,222","64","805","50","130","583","42","1,339","159","519","639","22",
"Número_de_Personas_Trabajadoras_del_Hogar_afiliadas_ante_el_Instituto_Mexicano_del_Seguro_Social",	31,"Yucatán","2022","3","1,158","87","352","692","27","489","29","123","320","17","669","58","229","372","10",
"Número_de_Personas_Trabajadoras_del_Hogar_afiliadas_ante_el_Instituto_Mexicano_del_Seguro_Social",	32,"Zacatecas","2022","3","193","14","67","111","1","39","2","8","29","0","154","12","59","82","1",
"Número_de_Personas_Trabajadoras_del_Hogar_afiliadas_ante_el_Instituto_Mexicano_del_Seguro_Social",	00,"Estados_Unidos_Mexicanos","2022","2","43,158","3,631","14,095","23,971","1,461","14,478","958","3,481","9,274","765","28,680","2,673","10,614","14,697","696",
"Número_de_Personas_Trabajadoras_del_Hogar_afiliadas_ante_el_Instituto_Mexicano_del_Seguro_Social",	01,"Aguascalientes","2022","2","1,186","59","292","791","44","480","21","73","362","24","706","38","219","429","20",
"Número_de_Personas_Trabajadoras_del_Hogar_afiliadas_ante_el_Instituto_Mexicano_del_Seguro_Social",	02,"Baja_California","2022","2","1,964","139","494","1,257","74","697","32","142","480","43","1,267","107","352","777","31",
"Número_de_Personas_Trabajadoras_del_Hogar_afiliadas_ante_el_Instituto_Mexicano_del_Seguro_Social",	03,"Baja_California_Sur","2022","2","261","21","101","131","8","59","4","18","34","3","202","17","83","97","5",
"Número_de_Personas_Trabajadoras_del_Hogar_afiliadas_ante_el_Instituto_Mexicano_del_Seguro_Social",	04,"Campeche","2022","2","90","5","40","43","2","28","1","14","13","0","62","4","26","30","2",
"Número_de_Personas_Trabajadoras_del_Hogar_afiliadas_ante_el_Instituto_Mexicano_del_Seguro_Social",	05,"Coahuila_de_Zaragoza","2022","2","1,784","92","378","1,257","57","729","29","118","549","33","1,055","63","260","708","24",
"Número_de_Personas_Trabajadoras_del_Hogar_afiliadas_ante_el_Instituto_Mexicano_del_Seguro_Social",	06,"Colima","2022","2","494","36","171","267","20","132","4","28","90","10","362","32","143","177","10",
"Número_de_Personas_Trabajadoras_del_Hogar_afiliadas_ante_el_Instituto_Mexicano_del_Seguro_Social",	07,"Chiapas","2022","2","859","112","294","412","41","357","34","72","224","27","502","78","222","188","14",
"Número_de_Personas_Trabajadoras_del_Hogar_afiliadas_ante_el_Instituto_Mexicano_del_Seguro_Social",	08,"Chihuahua","2022","2","1,611","89","377","1,099","46","421","15","75","313","18","1,190","74","302","786","28",
"Número_de_Personas_Trabajadoras_del_Hogar_afiliadas_ante_el_Instituto_Mexicano_del_Seguro_Social",	09,"Ciudad_de_México","2022","2","6,843","597","2,650","3,371","225","1,674","108","470","997","99","5,169","489","2,180","2,374","126",
"Número_de_Personas_Trabajadoras_del_Hogar_afiliadas_ante_el_Instituto_Mexicano_del_Seguro_Social",	10,"Durango","2022","2","416","31","130","243","12","109","9","29","68","3","307","22","101","175","9",
"Número_de_Personas_Trabajadoras_del_Hogar_afiliadas_ante_el_Instituto_Mexicano_del_Seguro_Social",	11,"Guanajuato","2022","2","1,204","84","453","638","29","405","26","112","252","15","799","58","341","386","14",
"Número_de_Personas_Trabajadoras_del_Hogar_afiliadas_ante_el_Instituto_Mexicano_del_Seguro_Social",	12,"Guerrero","2022","2","1,548","188","520","790","50","603","54","163","352","34","945","134","357","438","16",
"Número_de_Personas_Trabajadoras_del_Hogar_afiliadas_ante_el_Instituto_Mexicano_del_Seguro_Social",	13,"Hidalgo","2022","2","547","44","137","341","25","230","11","41","165","13","317","33","96","176","12",
"Número_de_Personas_Trabajadoras_del_Hogar_afiliadas_ante_el_Instituto_Mexicano_del_Seguro_Social",	14,"Jalisco","2022","2","2,549","296","1,066","1,105","82","678","84","236","322","36","1,871","212","830","783","46",
"Número_de_Personas_Trabajadoras_del_Hogar_afiliadas_ante_el_Instituto_Mexicano_del_Seguro_Social",	15,"México","2022","2","4,031","323","1,181","2,352","175","1,537","104","305","1,028","100","2,494","219","876","1,324","75",
"Número_de_Personas_Trabajadoras_del_Hogar_afiliadas_ante_el_Instituto_Mexicano_del_Seguro_Social",	16,"Michoacán_de_Ocampo","2022","2","1,191","109","492","528","62","358","26","99","199","34","833","83","393","329","28",
"Número_de_Personas_Trabajadoras_del_Hogar_afiliadas_ante_el_Instituto_Mexicano_del_Seguro_Social",	17,"Morelos","2022","2","1,023","98","361","536","28","389","34","105","235","15","634","64","256","301","13",
"Número_de_Personas_Trabajadoras_del_Hogar_afiliadas_ante_el_Instituto_Mexicano_del_Seguro_Social",	18,"Nayarit","2022","2","628","84","232","284","28","181","19","60","86","16","447","65","172","198","12",
"Número_de_Personas_Trabajadoras_del_Hogar_afiliadas_ante_el_Instituto_Mexicano_del_Seguro_Social",	19,"Nuevo_León","2022","2","2,245","224","861","1,112","48","776","58","287","411","20","1,469","166","574","701","28",
"Número_de_Personas_Trabajadoras_del_Hogar_afiliadas_ante_el_Instituto_Mexicano_del_Seguro_Social",	20,"Oaxaca","2022","2","429","47","137","227","18","177","12","39","116","10","252","35","98","111","8",
"Número_de_Personas_Trabajadoras_del_Hogar_afiliadas_ante_el_Instituto_Mexicano_del_Seguro_Social",	21,"Puebla","2022","2","863","66","265","490","42","301","17","60","199","25","562","49","205","291","17",
"Número_de_Personas_Trabajadoras_del_Hogar_afiliadas_ante_el_Instituto_Mexicano_del_Seguro_Social",	22,"Querétaro","2022","2","739","60","272","380","27","221","11","54","140","16","518","49","218","240","11",
"Número_de_Personas_Trabajadoras_del_Hogar_afiliadas_ante_el_Instituto_Mexicano_del_Seguro_Social",	23,"Quintana_Roo","2022","2","258","29","95","124","10","63","5","14","43","1","195","24","81","81","9",
"Número_de_Personas_Trabajadoras_del_Hogar_afiliadas_ante_el_Instituto_Mexicano_del_Seguro_Social",	24,"San_Luis_Potosí","2022","2","491","32","165","282","12","119","7","24","85","3","372","25","141","197","9",
"Número_de_Personas_Trabajadoras_del_Hogar_afiliadas_ante_el_Instituto_Mexicano_del_Seguro_Social",	25,"Sinaloa","2022","2","2,086","178","740","1,100","68","782","49","248","446","39","1,304","129","492","654","29",
"Número_de_Personas_Trabajadoras_del_Hogar_afiliadas_ante_el_Instituto_Mexicano_del_Seguro_Social",	26,"Sonora","2022","2","2,179","124","573","1,421","61","862","52","200","581","29","1,317","72","373","840","32",
"Número_de_Personas_Trabajadoras_del_Hogar_afiliadas_ante_el_Instituto_Mexicano_del_Seguro_Social",	27,"Tabasco","2022","2","195","14","82","97","2","64","4","19","40","1","131","10","63","57","1",
"Número_de_Personas_Trabajadoras_del_Hogar_afiliadas_ante_el_Instituto_Mexicano_del_Seguro_Social",	28,"Tamaulipas","2022","2","1,628","87","387","1,093","61","575","21","92","434","28","1,053","66","295","659","33",
"Número_de_Personas_Trabajadoras_del_Hogar_afiliadas_ante_el_Instituto_Mexicano_del_Seguro_Social",	29,"Tlaxcala","2022","2","388","52","104","219","13","173","21","26","114","12","215","31","78","105","1",
"Número_de_Personas_Trabajadoras_del_Hogar_afiliadas_ante_el_Instituto_Mexicano_del_Seguro_Social",	30,"Veracruz_de_Ignacio_de_la_Llave","2022","2","2,116","213","634","1,207","62","794","54","130","569","41","1,322","159","504","638","21",
"Número_de_Personas_Trabajadoras_del_Hogar_afiliadas_ante_el_Instituto_Mexicano_del_Seguro_Social",	31,"Yucatán","2022","2","1,129","84","349","669","27","465","30","119","300","16","664","54","230","369","11",
"Número_de_Personas_Trabajadoras_del_Hogar_afiliadas_ante_el_Instituto_Mexicano_del_Seguro_Social",	32,"Zacatecas","2022","2","183","14","62","105","2","39","2","9","27","1","144","12","53","78","1",
"Número_de_Personas_Trabajadoras_del_Hogar_afiliadas_ante_el_Instituto_Mexicano_del_Seguro_Social",	00,"Estados_Unidos_Mexicanos","2022","1","41,373","3,402","13,437","23,130","1,404","13,830","910","3,285","8,899","736","27,543","2,492","10,152","14,231","668",
"Número_de_Personas_Trabajadoras_del_Hogar_afiliadas_ante_el_Instituto_Mexicano_del_Seguro_Social",	01,"Aguascalientes","2022","1","1,172","56","293","781","42","473","21","75","353","24","699","35","218","428","18",
"Número_de_Personas_Trabajadoras_del_Hogar_afiliadas_ante_el_Instituto_Mexicano_del_Seguro_Social",	02,"Baja_California","2022","1","1,889","123","480","1,221","65","666","26","135","465","40","1,223","97","345","756","25",
"Número_de_Personas_Trabajadoras_del_Hogar_afiliadas_ante_el_Instituto_Mexicano_del_Seguro_Social",	03,"Baja_California_Sur","2022","1","243","18","97","121","7","52","2","12","36","2","191","16","85","85","5",
"Número_de_Personas_Trabajadoras_del_Hogar_afiliadas_ante_el_Instituto_Mexicano_del_Seguro_Social",	04,"Campeche","2022","1","87","10","36","40","1","21","2","12","7","0","66","8","24","33","1",
"Número_de_Personas_Trabajadoras_del_Hogar_afiliadas_ante_el_Instituto_Mexicano_del_Seguro_Social",	05,"Coahuila_de_Zaragoza","2022","1","1,721","96","368","1,202","55","694","30","114","516","34","1,027","66","254","686","21",
"Número_de_Personas_Trabajadoras_del_Hogar_afiliadas_ante_el_Instituto_Mexicano_del_Seguro_Social",	06,"Colima","2022","1","455","31","158","247","19","130","4","30","85","11","325","27","128","162","8",
"Número_de_Personas_Trabajadoras_del_Hogar_afiliadas_ante_el_Instituto_Mexicano_del_Seguro_Social",	07,"Chiapas","2022","1","815","103","276","393","43","356","34","75","219","28","459","69","201","174","15",
"Número_de_Personas_Trabajadoras_del_Hogar_afiliadas_ante_el_Instituto_Mexicano_del_Seguro_Social",	08,"Chihuahua","2022","1","1,564","82","366","1,078","38","411","12","78","305","16","1,153","70","288","773","22",
"Número_de_Personas_Trabajadoras_del_Hogar_afiliadas_ante_el_Instituto_Mexicano_del_Seguro_Social",	09,"Ciudad_de_México","2022","1","6,569","566","2,559","3,229","215","1,585","107","453","933","92","4,984","459","2,106","2,296","123",
"Número_de_Personas_Trabajadoras_del_Hogar_afiliadas_ante_el_Instituto_Mexicano_del_Seguro_Social",	10,"Durango","2022","1","401","26","131","231","13","107","7","31","65","4","294","19","100","166","9",
"Número_de_Personas_Trabajadoras_del_Hogar_afiliadas_ante_el_Instituto_Mexicano_del_Seguro_Social",	11,"Guanajuato","2022","1","1,155","81","420","625","29","389","24","101","251","13","766","57","319","374","16",
"Número_de_Personas_Trabajadoras_del_Hogar_afiliadas_ante_el_Instituto_Mexicano_del_Seguro_Social",	12,"Guerrero","2022","1","1,473","165","488","769","51","567","50","153","332","32","906","115","335","437","19",
"Número_de_Personas_Trabajadoras_del_Hogar_afiliadas_ante_el_Instituto_Mexicano_del_Seguro_Social",	13,"Hidalgo","2022","1","525","42","138","321","24","218","13","38","153","14","307","29","100","168","10",
"Número_de_Personas_Trabajadoras_del_Hogar_afiliadas_ante_el_Instituto_Mexicano_del_Seguro_Social",	14,"Jalisco","2022","1","2,416","273","1,006","1,056","81","647","80","225","306","36","1,769","193","781","750","45",
"Número_de_Personas_Trabajadoras_del_Hogar_afiliadas_ante_el_Instituto_Mexicano_del_Seguro_Social",	15,"México","2022","1","3,815","297","1,086","2,265","167","1,438","94","271","979","94","2,377","203","815","1,286","73",
"Número_de_Personas_Trabajadoras_del_Hogar_afiliadas_ante_el_Instituto_Mexicano_del_Seguro_Social",	16,"Michoacán_de_Ocampo","2022","1","1,134","109","469","503","53","325","26","91","182","26","809","83","378","321","27",
"Número_de_Personas_Trabajadoras_del_Hogar_afiliadas_ante_el_Instituto_Mexicano_del_Seguro_Social",	17,"Morelos","2022","1","963","86","336","514","27","359","30","98","215","16","604","56","238","299","11",
"Número_de_Personas_Trabajadoras_del_Hogar_afiliadas_ante_el_Instituto_Mexicano_del_Seguro_Social",	18,"Nayarit","2022","1","596","77","221","270","28","173","17","59","85","12","423","60","162","185","16",
"Número_de_Personas_Trabajadoras_del_Hogar_afiliadas_ante_el_Instituto_Mexicano_del_Seguro_Social",	19,"Nuevo_León","2022","1","2,184","218","847","1,068","51","745","55","273","396","21","1,439","163","574","672","30",
"Número_de_Personas_Trabajadoras_del_Hogar_afiliadas_ante_el_Instituto_Mexicano_del_Seguro_Social",	20,"Oaxaca","2022","1","411","42","134","215","20","174","8","35","118","13","237","34","99","97","7",
"Número_de_Personas_Trabajadoras_del_Hogar_afiliadas_ante_el_Instituto_Mexicano_del_Seguro_Social",	21,"Puebla","2022","1","815","59","250","465","41","286","15","57","191","23","529","44","193","274","18",
"Número_de_Personas_Trabajadoras_del_Hogar_afiliadas_ante_el_Instituto_Mexicano_del_Seguro_Social",	22,"Querétaro","2022","1","723","55","250","387","31","219","11","50","140","18","504","44","200","247","13",
"Número_de_Personas_Trabajadoras_del_Hogar_afiliadas_ante_el_Instituto_Mexicano_del_Seguro_Social",	23,"Quintana_Roo","2022","1","255","33","91","122","9","62","6","13","42","1","193","27","78","80","8",
"Número_de_Personas_Trabajadoras_del_Hogar_afiliadas_ante_el_Instituto_Mexicano_del_Seguro_Social",	24,"San_Luis_Potosí","2022","1","470","32","153","273","12","120","6","24","86","4","350","26","129","187","8",
"Número_de_Personas_Trabajadoras_del_Hogar_afiliadas_ante_el_Instituto_Mexicano_del_Seguro_Social",	25,"Sinaloa","2022","1","2,001","174","703","1,058","66","738","50","227","423","38","1,263","124","476","635","28",
"Número_de_Personas_Trabajadoras_del_Hogar_afiliadas_ante_el_Instituto_Mexicano_del_Seguro_Social",	26,"Sonora","2022","1","2,119","116","558","1,388","57","834","46","192","568","28","1,285","70","366","820","29",
"Número_de_Personas_Trabajadoras_del_Hogar_afiliadas_ante_el_Instituto_Mexicano_del_Seguro_Social",	27,"Tabasco","2022","1","191","13","79","98","1","61","5","17","39","0","130","8","62","59","1",
"Número_de_Personas_Trabajadoras_del_Hogar_afiliadas_ante_el_Instituto_Mexicano_del_Seguro_Social",	28,"Tamaulipas","2022","1","1,568","81","362","1,067","58","552","22","84","419","27","1,016","59","278","648","31",
"Número_de_Personas_Trabajadoras_del_Hogar_afiliadas_ante_el_Instituto_Mexicano_del_Seguro_Social",	29,"Tlaxcala","2022","1","371","43","101","213","14","176","20","29","116","11","195","23","72","97","3",
"Número_de_Personas_Trabajadoras_del_Hogar_afiliadas_ante_el_Instituto_Mexicano_del_Seguro_Social",	30,"Veracruz_de_Ignacio_de_la_Llave","2022","1","2,028","196","592","1,174","66","783","49","119","571","44","1,245","147","473","603","22",
"Número_de_Personas_Trabajadoras_del_Hogar_afiliadas_ante_el_Instituto_Mexicano_del_Seguro_Social",	31,"Yucatán","2022","1","1,055","83","329","625","18","429","36","107","273","13","626","47","222","352","5",
"Número_de_Personas_Trabajadoras_del_Hogar_afiliadas_ante_el_Instituto_Mexicano_del_Seguro_Social",	32,"Zacatecas","2022","1","189","16","60","111","2","40","2","7","30","1","149","14","53","81","1",
"Número_de_Personas_Trabajadoras_del_Hogar_afiliadas_ante_el_Instituto_Mexicano_del_Seguro_Social",	00,"Estados_Unidos_Mexicanos","2021","12","40,491","3,452","13,207","22,488","1,344","13,475","935","3,220","8,609","711","27,016","2,517","9,987","13,879","633",
"Número_de_Personas_Trabajadoras_del_Hogar_afiliadas_ante_el_Instituto_Mexicano_del_Seguro_Social",	01,"Aguascalientes","2021","12","1,128","56","295","735","42","447","22","75","326","24","681","34","220","409","18",
"Número_de_Personas_Trabajadoras_del_Hogar_afiliadas_ante_el_Instituto_Mexicano_del_Seguro_Social",	02,"Baja_California","2021","12","1,867","122","478","1,195","72","657","27","139","449","42","1,210","95","339","746","30",
"Número_de_Personas_Trabajadoras_del_Hogar_afiliadas_ante_el_Instituto_Mexicano_del_Seguro_Social",	03,"Baja_California_Sur","2021","12","252","21","100","126","5","51","4","13","33","1","201","17","87","93","4",
"Número_de_Personas_Trabajadoras_del_Hogar_afiliadas_ante_el_Instituto_Mexicano_del_Seguro_Social",	04,"Campeche","2021","12","88","6","36","44","2","24","1","13","10","0","64","5","23","34","2",
"Número_de_Personas_Trabajadoras_del_Hogar_afiliadas_ante_el_Instituto_Mexicano_del_Seguro_Social",	05,"Coahuila_de_Zaragoza","2021","12","1,699","92","359","1,188","60","692","32","112","512","36","1,007","60","247","676","24",
"Número_de_Personas_Trabajadoras_del_Hogar_afiliadas_ante_el_Instituto_Mexicano_del_Seguro_Social",	06,"Colima","2021","12","450","33","166","236","15","121","4","29","80","8","329","29","137","156","7",
"Número_de_Personas_Trabajadoras_del_Hogar_afiliadas_ante_el_Instituto_Mexicano_del_Seguro_Social",	07,"Chiapas","2021","12","817","113","274","388","42","350","37","71","215","27","467","76","203","173","15",
"Número_de_Personas_Trabajadoras_del_Hogar_afiliadas_ante_el_Instituto_Mexicano_del_Seguro_Social",	08,"Chihuahua","2021","12","1,519","84","362","1,034","39","392","12","77","286","17","1,127","72","285","748","22",
"Número_de_Personas_Trabajadoras_del_Hogar_afiliadas_ante_el_Instituto_Mexicano_del_Seguro_Social",	09,"Ciudad_de_México","2021","12","6,399","566","2,490","3,142","201","1,559","112","440","919","88","4,840","454","2,050","2,223","113",
"Número_de_Personas_Trabajadoras_del_Hogar_afiliadas_ante_el_Instituto_Mexicano_del_Seguro_Social",	10,"Durango","2021","12","410","25","133","239","13","109","8","32","65","4","301","17","101","174","9",
"Número_de_Personas_Trabajadoras_del_Hogar_afiliadas_ante_el_Instituto_Mexicano_del_Seguro_Social",	11,"Guanajuato","2021","12","1,154","85","415","624","30","394","27","107","246","14","760","58","308","378","16",
"Número_de_Personas_Trabajadoras_del_Hogar_afiliadas_ante_el_Instituto_Mexicano_del_Seguro_Social",	12,"Guerrero","2021","12","1,429","157","485","735","52","552","50","145","323","34","877","107","340","412","18",
"Número_de_Personas_Trabajadoras_del_Hogar_afiliadas_ante_el_Instituto_Mexicano_del_Seguro_Social",	13,"Hidalgo","2021","12","489","42","123","304","20","203","11","33","149","10","286","31","90","155","10",
"Número_de_Personas_Trabajadoras_del_Hogar_afiliadas_ante_el_Instituto_Mexicano_del_Seguro_Social",	14,"Jalisco","2021","12","2,357","279","996","1,014","68","622","84","214","300","24","1,735","195","782","714","44",
"Número_de_Personas_Trabajadoras_del_Hogar_afiliadas_ante_el_Instituto_Mexicano_del_Seguro_Social",	15,"México","2021","12","3,682","311","1,056","2,165","150","1,370","94","266","921","89","2,312","217","790","1,244","61",
"Número_de_Personas_Trabajadoras_del_Hogar_afiliadas_ante_el_Instituto_Mexicano_del_Seguro_Social",	16,"Michoacán_de_Ocampo","2021","12","1,125","110","465","501","49","324","25","92","180","27","801","85","373","321","22",
"Número_de_Personas_Trabajadoras_del_Hogar_afiliadas_ante_el_Instituto_Mexicano_del_Seguro_Social",	17,"Morelos","2021","12","953","90","332","504","27","354","30","95","212","17","599","60","237","292","10",
"Número_de_Personas_Trabajadoras_del_Hogar_afiliadas_ante_el_Instituto_Mexicano_del_Seguro_Social",	18,"Nayarit","2021","12","597","91","217","262","27","173","19","57","85","12","424","72","160","177","15",
"Número_de_Personas_Trabajadoras_del_Hogar_afiliadas_ante_el_Instituto_Mexicano_del_Seguro_Social",	19,"Nuevo_León","2021","12","2,126","212","836","1,029","49","735","59","274","379","23","1,391","153","562","650","26",
"Número_de_Personas_Trabajadoras_del_Hogar_afiliadas_ante_el_Instituto_Mexicano_del_Seguro_Social",	20,"Oaxaca","2021","12","423","42","135","224","22","181","9","35","124","13","242","33","100","100","9",
"Número_de_Personas_Trabajadoras_del_Hogar_afiliadas_ante_el_Instituto_Mexicano_del_Seguro_Social",	21,"Puebla","2021","12","788","52","248","447","41","272","12","60","175","25","516","40","188","272","16",
"Número_de_Personas_Trabajadoras_del_Hogar_afiliadas_ante_el_Instituto_Mexicano_del_Seguro_Social",	22,"Querétaro","2021","12","710","58","242","380","30","218","10","48","143","17","492","48","194","237","13",
"Número_de_Personas_Trabajadoras_del_Hogar_afiliadas_ante_el_Instituto_Mexicano_del_Seguro_Social",	23,"Quintana_Roo","2021","12","230","28","83","110","9","60","5","12","41","2","170","23","71","69","7",
"Número_de_Personas_Trabajadoras_del_Hogar_afiliadas_ante_el_Instituto_Mexicano_del_Seguro_Social",	24,"San_Luis_Potosí","2021","12","482","30","159","283","10","125","7","25","90","3","357","23","134","193","7",
"Número_de_Personas_Trabajadoras_del_Hogar_afiliadas_ante_el_Instituto_Mexicano_del_Seguro_Social",	25,"Sinaloa","2021","12","1,953","170","699","1,022","62","701","52","215","399","35","1,252","118","484","623","27",
"Número_de_Personas_Trabajadoras_del_Hogar_afiliadas_ante_el_Instituto_Mexicano_del_Seguro_Social",	26,"Sonora","2021","12","2,109","129","559","1,367","54","831","52","193","558","28","1,278","77","366","809","26",
"Número_de_Personas_Trabajadoras_del_Hogar_afiliadas_ante_el_Instituto_Mexicano_del_Seguro_Social",	27,"Tabasco","2021","12","188","13","77","97","1","60","3","19","38","0","128","10","58","59","1",
"Número_de_Personas_Trabajadoras_del_Hogar_afiliadas_ante_el_Instituto_Mexicano_del_Seguro_Social",	28,"Tamaulipas","2021","12","1,542","82","354","1,048","58","530","20","80","405","25","1,012","62","274","643","33",
"Número_de_Personas_Trabajadoras_del_Hogar_afiliadas_ante_el_Instituto_Mexicano_del_Seguro_Social",	29,"Tlaxcala","2021","12","371","43","99","215","14","168","18","25","114","11","203","25","74","101","3",
"Número_de_Personas_Trabajadoras_del_Hogar_afiliadas_ante_el_Instituto_Mexicano_del_Seguro_Social",	30,"Veracruz_de_Ignacio_de_la_Llave","2021","12","1,943","206","558","1,117","62","748","53","109","543","43","1,195","153","449","574","19",
"Número_de_Personas_Trabajadoras_del_Hogar_afiliadas_ante_el_Instituto_Mexicano_del_Seguro_Social",	31,"Yucatán","2021","12","1,031","90","319","606","16","414","34","107","262","11","617","56","212","344","5",
"Número_de_Personas_Trabajadoras_del_Hogar_afiliadas_ante_el_Instituto_Mexicano_del_Seguro_Social",	32,"Zacatecas","2021","12","180","14","57","107","2","38","2","8","27","1","142","12","49","80","1",
"Número_de_Personas_Trabajadoras_del_Hogar_afiliadas_ante_el_Instituto_Mexicano_del_Seguro_Social",	00,"Estados_Unidos_Mexicanos","2021","11","40,092","3,482","13,177","22,094","1,339","13,280","921","3,199","8,449","711","26,812","2,561","9,978","13,645","628",
"Número_de_Personas_Trabajadoras_del_Hogar_afiliadas_ante_el_Instituto_Mexicano_del_Seguro_Social",	01,"Aguascalientes","2021","11","1,131","64","302","719","46","441","22","78","317","24","690","42","224","402","22",
"Número_de_Personas_Trabajadoras_del_Hogar_afiliadas_ante_el_Instituto_Mexicano_del_Seguro_Social",	02,"Baja_California","2021","11","1,843","111","485","1,177","70","637","28","132","438","39","1,206","83","353","739","31",
"Número_de_Personas_Trabajadoras_del_Hogar_afiliadas_ante_el_Instituto_Mexicano_del_Seguro_Social",	03,"Baja_California_Sur","2021","11","242","19","102","115","6","52","4","13","34","1","190","15","89","81","5",
"Número_de_Personas_Trabajadoras_del_Hogar_afiliadas_ante_el_Instituto_Mexicano_del_Seguro_Social",	04,"Campeche","2021","11","87","5","33","47","2","22","0","11","11","0","65","5","22","36","2",
"Número_de_Personas_Trabajadoras_del_Hogar_afiliadas_ante_el_Instituto_Mexicano_del_Seguro_Social",	05,"Coahuila_de_Zaragoza","2021","11","1,670","100","359","1,154","57","678","32","112","496","38","992","68","247","658","19",
"Número_de_Personas_Trabajadoras_del_Hogar_afiliadas_ante_el_Instituto_Mexicano_del_Seguro_Social",	06,"Colima","2021","11","448","36","160","238","14","120","4","31","78","7","328","32","129","160","7",
"Número_de_Personas_Trabajadoras_del_Hogar_afiliadas_ante_el_Instituto_Mexicano_del_Seguro_Social",	07,"Chiapas","2021","11","764","102","254","368","40","327","27","68","209","23","437","75","186","159","17",
"Número_de_Personas_Trabajadoras_del_Hogar_afiliadas_ante_el_Instituto_Mexicano_del_Seguro_Social",	08,"Chihuahua","2021","11","1,474","79","347","1,011","37","364","9","72","267","16","1,110","70","275","744","21",
"Número_de_Personas_Trabajadoras_del_Hogar_afiliadas_ante_el_Instituto_Mexicano_del_Seguro_Social",	09,"Ciudad_de_México","2021","11","6,329","560","2,497","3,073","199","1,496","105","444","858","89","4,833","455","2,053","2,215","110",
"Número_de_Personas_Trabajadoras_del_Hogar_afiliadas_ante_el_Instituto_Mexicano_del_Seguro_Social",	10,"Durango","2021","11","431","32","142","244","13","119","14","34","66","5","312","18","108","178","8",
"Número_de_Personas_Trabajadoras_del_Hogar_afiliadas_ante_el_Instituto_Mexicano_del_Seguro_Social",	11,"Guanajuato","2021","11","1,145","88","420","606","31","386","27","103","242","14","759","61","317","364","17",
"Número_de_Personas_Trabajadoras_del_Hogar_afiliadas_ante_el_Instituto_Mexicano_del_Seguro_Social",	12,"Guerrero","2021","11","1,442","143","501","748","50","558","42","149","334","33","884","101","352","414","17",
"Número_de_Personas_Trabajadoras_del_Hogar_afiliadas_ante_el_Instituto_Mexicano_del_Seguro_Social",	13,"Hidalgo","2021","11","486","42","132","289","23","199","10","34","142","13","287","32","98","147","10",
"Número_de_Personas_Trabajadoras_del_Hogar_afiliadas_ante_el_Instituto_Mexicano_del_Seguro_Social",	14,"Jalisco","2021","11","2,344","308","965","1,004","67","626","98","207","293","28","1,718","210","758","711","39",
"Número_de_Personas_Trabajadoras_del_Hogar_afiliadas_ante_el_Instituto_Mexicano_del_Seguro_Social",	15,"México","2021","11","3,614","295","1,050","2,118","151","1,342","91","245","919","87","2,272","204","805","1,199","64",
"Número_de_Personas_Trabajadoras_del_Hogar_afiliadas_ante_el_Instituto_Mexicano_del_Seguro_Social",	16,"Michoacán_de_Ocampo","2021","11","1,115","101","465","500","49","335","23","94","189","29","780","78","371","311","20",
"Número_de_Personas_Trabajadoras_del_Hogar_afiliadas_ante_el_Instituto_Mexicano_del_Seguro_Social",	17,"Morelos","2021","11","945","85","320","511","29","348","31","91","208","18","597","54","229","303","11",
"Número_de_Personas_Trabajadoras_del_Hogar_afiliadas_ante_el_Instituto_Mexicano_del_Seguro_Social",	18,"Nayarit","2021","11","586","96","209","257","24","162","17","55","81","9","424","79","154","176","15",
"Número_de_Personas_Trabajadoras_del_Hogar_afiliadas_ante_el_Instituto_Mexicano_del_Seguro_Social",	19,"Nuevo_León","2021","11","2,169","227","843","1,049","50","740","60","271","387","22","1,429","167","572","662","28",
"Número_de_Personas_Trabajadoras_del_Hogar_afiliadas_ante_el_Instituto_Mexicano_del_Seguro_Social",	20,"Oaxaca","2021","11","439","44","140","233","22","185","8","39","124","14","254","36","101","109","8",
"Número_de_Personas_Trabajadoras_del_Hogar_afiliadas_ante_el_Instituto_Mexicano_del_Seguro_Social",	21,"Puebla","2021","11","779","53","241","446","39","268","12","58","174","24","511","41","183","272","15",
"Número_de_Personas_Trabajadoras_del_Hogar_afiliadas_ante_el_Instituto_Mexicano_del_Seguro_Social",	22,"Querétaro","2021","11","707","61","248","368","30","226","14","50","145","17","481","47","198","223","13",
"Número_de_Personas_Trabajadoras_del_Hogar_afiliadas_ante_el_Instituto_Mexicano_del_Seguro_Social",	23,"Quintana_Roo","2021","11","239","27","91","111","10","62","5","11","43","3","177","22","80","68","7",
"Número_de_Personas_Trabajadoras_del_Hogar_afiliadas_ante_el_Instituto_Mexicano_del_Seguro_Social",	24,"San_Luis_Potosí","2021","11","474","31","150","279","14","122","4","23","89","6","352","27","127","190","8",
"Número_de_Personas_Trabajadoras_del_Hogar_afiliadas_ante_el_Instituto_Mexicano_del_Seguro_Social",	25,"Sinaloa","2021","11","1,961","191","701","1,004","65","710","52","225","400","33","1,251","139","476","604","32",
"Número_de_Personas_Trabajadoras_del_Hogar_afiliadas_ante_el_Instituto_Mexicano_del_Seguro_Social",	26,"Sonora","2021","11","2,095","133","551","1,361","50","815","49","191","548","27","1,280","84","360","813","23",
"Número_de_Personas_Trabajadoras_del_Hogar_afiliadas_ante_el_Instituto_Mexicano_del_Seguro_Social",	27,"Tabasco","2021","11","193","17","80","95","1","59","5","17","37","0","134","12","63","58","1",
"Número_de_Personas_Trabajadoras_del_Hogar_afiliadas_ante_el_Instituto_Mexicano_del_Seguro_Social",	28,"Tamaulipas","2021","11","1,494","77","331","1,035","51","523","19","74","406","24","971","58","257","629","27",
"Número_de_Personas_Trabajadoras_del_Hogar_afiliadas_ante_el_Instituto_Mexicano_del_Seguro_Social",	29,"Tlaxcala","2021","11","349","41","96","197","15","163","19","26","106","12","186","22","70","91","3",
"Número_de_Personas_Trabajadoras_del_Hogar_afiliadas_ante_el_Instituto_Mexicano_del_Seguro_Social",	30,"Veracruz_de_Ignacio_de_la_Llave","2021","11","1,919","205","569","1,080","65","754","53","119","538","44","1,165","152","450","542","21",
"Número_de_Personas_Trabajadoras_del_Hogar_afiliadas_ante_el_Instituto_Mexicano_del_Seguro_Social",	31,"Yucatán","2021","11","1,001","95","333","555","18","406","35","112","247","12","595","60","221","308","6",
"Número_de_Personas_Trabajadoras_del_Hogar_afiliadas_ante_el_Instituto_Mexicano_del_Seguro_Social",	32,"Zacatecas","2021","11","177","14","60","102","1","35","2","10","23","0","142","12","50","79","1",
"Número_de_Personas_Trabajadoras_del_Hogar_afiliadas_ante_el_Instituto_Mexicano_del_Seguro_Social",	00,"Estados_Unidos_Mexicanos","2021","10","37,983","3,244","12,483","21,001","1,255","12,618","846","3,039","8,065","668","25,365","2,398","9,444","12,936","587",
"Número_de_Personas_Trabajadoras_del_Hogar_afiliadas_ante_el_Instituto_Mexicano_del_Seguro_Social",	01,"Aguascalientes","2021","10","1,067","54","272","700","41","421","20","71","308","22","646","34","201","392","19",
"Número_de_Personas_Trabajadoras_del_Hogar_afiliadas_ante_el_Instituto_Mexicano_del_Seguro_Social",	02,"Baja_California","2021","10","1,752","109","459","1,117","67","622","25","126","433","38","1,130","84","333","684","29",
"Número_de_Personas_Trabajadoras_del_Hogar_afiliadas_ante_el_Instituto_Mexicano_del_Seguro_Social",	03,"Baja_California_Sur","2021","10","230","17","95","114","4","49","4","10","34","1","181","13","85","80","3",
"Número_de_Personas_Trabajadoras_del_Hogar_afiliadas_ante_el_Instituto_Mexicano_del_Seguro_Social",	04,"Campeche","2021","10","85","7","37","39","2","19","0","13","6","0","66","7","24","33","2",
"Número_de_Personas_Trabajadoras_del_Hogar_afiliadas_ante_el_Instituto_Mexicano_del_Seguro_Social",	05,"Coahuila_de_Zaragoza","2021","10","1,572","82","326","1,110","54","628","25","101","470","32","944","57","225","640","22",
"Número_de_Personas_Trabajadoras_del_Hogar_afiliadas_ante_el_Instituto_Mexicano_del_Seguro_Social",	06,"Colima","2021","10","433","33","152","234","14","116","4","28","78","6","317","29","124","156","8",
"Número_de_Personas_Trabajadoras_del_Hogar_afiliadas_ante_el_Instituto_Mexicano_del_Seguro_Social",	07,"Chiapas","2021","10","735","101","248","349","37","316","27","68","200","21","419","74","180","149","16",
"Número_de_Personas_Trabajadoras_del_Hogar_afiliadas_ante_el_Instituto_Mexicano_del_Seguro_Social",	08,"Chihuahua","2021","10","1,371","70","336","934","31","345","11","71","249","14","1,026","59","265","685","17",
"Número_de_Personas_Trabajadoras_del_Hogar_afiliadas_ante_el_Instituto_Mexicano_del_Seguro_Social",	09,"Ciudad_de_México","2021","10","5,987","532","2,383","2,885","187","1,428","91","427","822","88","4,559","441","1,956","2,063","99",
"Número_de_Personas_Trabajadoras_del_Hogar_afiliadas_ante_el_Instituto_Mexicano_del_Seguro_Social",	10,"Durango","2021","10","413","31","131","236","15","116","12","33","66","5","297","19","98","170","10",
"Número_de_Personas_Trabajadoras_del_Hogar_afiliadas_ante_el_Instituto_Mexicano_del_Seguro_Social",	11,"Guanajuato","2021","10","1,107","80","398","600","29","371","26","97","234","14","736","54","301","366","15",
"Número_de_Personas_Trabajadoras_del_Hogar_afiliadas_ante_el_Instituto_Mexicano_del_Seguro_Social",	12,"Guerrero","2021","10","1,359","126","459","729","45","530","36","141","326","27","829","90","318","403","18",
"Número_de_Personas_Trabajadoras_del_Hogar_afiliadas_ante_el_Instituto_Mexicano_del_Seguro_Social",	13,"Hidalgo","2021","10","473","38","124","291","20","187","9","28","138","12","286","29","96","153","8",
"Número_de_Personas_Trabajadoras_del_Hogar_afiliadas_ante_el_Instituto_Mexicano_del_Seguro_Social",	14,"Jalisco","2021","10","2,223","288","924","947","64","584","80","195","283","26","1,639","208","729","664","38",
"Número_de_Personas_Trabajadoras_del_Hogar_afiliadas_ante_el_Instituto_Mexicano_del_Seguro_Social",	15,"México","2021","10","3,382","289","986","1,976","131","1,243","87","232","852","72","2,139","202","754","1,124","59",
"Número_de_Personas_Trabajadoras_del_Hogar_afiliadas_ante_el_Instituto_Mexicano_del_Seguro_Social",	16,"Michoacán_de_Ocampo","2021","10","1,086","93","460","486","47","325","21","95","183","26","761","72","365","303","21",
"Número_de_Personas_Trabajadoras_del_Hogar_afiliadas_ante_el_Instituto_Mexicano_del_Seguro_Social",	17,"Morelos","2021","10","889","81","305","473","30","332","28","88","196","20","557","53","217","277","10",
"Número_de_Personas_Trabajadoras_del_Hogar_afiliadas_ante_el_Instituto_Mexicano_del_Seguro_Social",	18,"Nayarit","2021","10","545","83","205","230","27","160","15","60","72","13","385","68","145","158","14",
"Número_de_Personas_Trabajadoras_del_Hogar_afiliadas_ante_el_Instituto_Mexicano_del_Seguro_Social",	19,"Nuevo_León","2021","10","2,009","210","789","971","39","687","62","258","350","17","1,322","148","531","621","22",
"Número_de_Personas_Trabajadoras_del_Hogar_afiliadas_ante_el_Instituto_Mexicano_del_Seguro_Social",	20,"Oaxaca","2021","10","419","38","129","231","21","180","9","35","123","13","239","29","94","108","8",
"Número_de_Personas_Trabajadoras_del_Hogar_afiliadas_ante_el_Instituto_Mexicano_del_Seguro_Social",	21,"Puebla","2021","10","734","57","213","423","41","263","14","49","174","26","471","43","164","249","15",
"Número_de_Personas_Trabajadoras_del_Hogar_afiliadas_ante_el_Instituto_Mexicano_del_Seguro_Social",	22,"Querétaro","2021","10","664","60","230","347","27","204","12","42","134","16","460","48","188","213","11",
"Número_de_Personas_Trabajadoras_del_Hogar_afiliadas_ante_el_Instituto_Mexicano_del_Seguro_Social",	23,"Quintana_Roo","2021","10","213","26","74","106","7","56","5","9","39","3","157","21","65","67","4",
"Número_de_Personas_Trabajadoras_del_Hogar_afiliadas_ante_el_Instituto_Mexicano_del_Seguro_Social",	24,"San_Luis_Potosí","2021","10","450","26","145","265","14","115","4","23","82","6","335","22","122","183","8",
"Número_de_Personas_Trabajadoras_del_Hogar_afiliadas_ante_el_Instituto_Mexicano_del_Seguro_Social",	25,"Sinaloa","2021","10","1,888","180","688","961","59","674","51","207","383","33","1,214","129","481","578","26",
"Número_de_Personas_Trabajadoras_del_Hogar_afiliadas_ante_el_Instituto_Mexicano_del_Seguro_Social",	26,"Sonora","2021","10","2,017","117","537","1,313","50","787","47","187","528","25","1,230","70","350","785","25",
"Número_de_Personas_Trabajadoras_del_Hogar_afiliadas_ante_el_Instituto_Mexicano_del_Seguro_Social",	27,"Tabasco","2021","10","183","16","72","94","1","56","4","16","36","0","127","12","56","58","1",
"Número_de_Personas_Trabajadoras_del_Hogar_afiliadas_ante_el_Instituto_Mexicano_del_Seguro_Social",	28,"Tamaulipas","2021","10","1,437","68","328","991","50","518","17","81","396","24","919","51","247","595","26",
"Número_de_Personas_Trabajadoras_del_Hogar_afiliadas_ante_el_Instituto_Mexicano_del_Seguro_Social",	29,"Tlaxcala","2021","10","346","36","92","202","16","165","19","28","105","13","181","17","64","97","3",
"Número_de_Personas_Trabajadoras_del_Hogar_afiliadas_ante_el_Instituto_Mexicano_del_Seguro_Social",	30,"Veracruz_de_Ignacio_de_la_Llave","2021","10","1,782","192","515","1,011","64","695","42","107","504","42","1,087","150","408","507","22",
"Número_de_Personas_Trabajadoras_del_Hogar_afiliadas_ante_el_Instituto_Mexicano_del_Seguro_Social",	31,"Yucatán","2021","10","959","88","315","537","19","394","37","105","240","12","565","51","210","297","7",
"Número_de_Personas_Trabajadoras_del_Hogar_afiliadas_ante_el_Instituto_Mexicano_del_Seguro_Social",	32,"Zacatecas","2021","10","173","16","56","99","2","32","2","8","21","1","141","14","48","78","1",
"Número_de_Personas_Trabajadoras_del_Hogar_afiliadas_ante_el_Instituto_Mexicano_del_Seguro_Social",	00,"Estados_Unidos_Mexicanos","2021","9","37,603","3,342","12,419","20,586","1,256","12,419","878","3,027","7,848","666","25,184","2,464","9,392","12,738","590",
"Número_de_Personas_Trabajadoras_del_Hogar_afiliadas_ante_el_Instituto_Mexicano_del_Seguro_Social",	01,"Aguascalientes","2021","9","1,079","54","285","701","39","419","22","70","304","23","660","32","215","397","16",
"Número_de_Personas_Trabajadoras_del_Hogar_afiliadas_ante_el_Instituto_Mexicano_del_Seguro_Social",	02,"Baja_California","2021","9","1,712","111","440","1,090","71","581","25","114","405","37","1,131","86","326","685","34",
"Número_de_Personas_Trabajadoras_del_Hogar_afiliadas_ante_el_Instituto_Mexicano_del_Seguro_Social",	03,"Baja_California_Sur","2021","9","245","19","102","118","6","52","3","12","36","1","193","16","90","82","5",
"Número_de_Personas_Trabajadoras_del_Hogar_afiliadas_ante_el_Instituto_Mexicano_del_Seguro_Social",	04,"Campeche","2021","9","82","5","35","40","2","20","0","12","8","0","62","5","23","32","2",
"Número_de_Personas_Trabajadoras_del_Hogar_afiliadas_ante_el_Instituto_Mexicano_del_Seguro_Social",	05,"Coahuila_de_Zaragoza","2021","9","1,542","82","331","1,076","53","608","21","109","447","31","934","61","222","629","22",
"Número_de_Personas_Trabajadoras_del_Hogar_afiliadas_ante_el_Instituto_Mexicano_del_Seguro_Social",	06,"Colima","2021","9","432","29","154","232","17","120","5","29","78","8","312","24","125","154","9",
"Número_de_Personas_Trabajadoras_del_Hogar_afiliadas_ante_el_Instituto_Mexicano_del_Seguro_Social",	07,"Chiapas","2021","9","709","95","241","333","40","304","26","66","191","21","405","69","175","142","19",
"Número_de_Personas_Trabajadoras_del_Hogar_afiliadas_ante_el_Instituto_Mexicano_del_Seguro_Social",	08,"Chihuahua","2021","9","1,348","74","341","903","30","331","11","72","235","13","1,017","63","269","668","17",
"Número_de_Personas_Trabajadoras_del_Hogar_afiliadas_ante_el_Instituto_Mexicano_del_Seguro_Social",	09,"Ciudad_de_México","2021","9","5,965","535","2,383","2,861","186","1,403","84","425","807","87","4,562","451","1,958","2,054","99",
"Número_de_Personas_Trabajadoras_del_Hogar_afiliadas_ante_el_Instituto_Mexicano_del_Seguro_Social",	10,"Durango","2021","9","405","33","134","225","13","113","13","35","62","3","292","20","99","163","10",
"Número_de_Personas_Trabajadoras_del_Hogar_afiliadas_ante_el_Instituto_Mexicano_del_Seguro_Social",	11,"Guanajuato","2021","9","1,101","86","391","595","29","376","28","101","230","17","725","58","290","365","12",
"Número_de_Personas_Trabajadoras_del_Hogar_afiliadas_ante_el_Instituto_Mexicano_del_Seguro_Social",	12,"Guerrero","2021","9","1,375","136","465","731","43","537","42","137","331","27","838","94","328","400","16",
"Número_de_Personas_Trabajadoras_del_Hogar_afiliadas_ante_el_Instituto_Mexicano_del_Seguro_Social",	13,"Hidalgo","2021","9","468","39","121","285","23","181","9","28","130","14","287","30","93","155","9",
"Número_de_Personas_Trabajadoras_del_Hogar_afiliadas_ante_el_Instituto_Mexicano_del_Seguro_Social",	14,"Jalisco","2021","9","2,200","282","934","922","62","578","83","206","264","25","1,622","199","728","658","37",
"Número_de_Personas_Trabajadoras_del_Hogar_afiliadas_ante_el_Instituto_Mexicano_del_Seguro_Social",	15,"México","2021","9","3,317","305","970","1,909","133","1,222","98","232","821","71","2,095","207","738","1,088","62",
"Número_de_Personas_Trabajadoras_del_Hogar_afiliadas_ante_el_Instituto_Mexicano_del_Seguro_Social",	16,"Michoacán_de_Ocampo","2021","9","1,071","96","456","473","46","319","22","95","175","27","752","74","361","298","19",
"Número_de_Personas_Trabajadoras_del_Hogar_afiliadas_ante_el_Instituto_Mexicano_del_Seguro_Social",	17,"Morelos","2021","9","886","81","309","467","29","333","27","90","198","18","553","54","219","269","11",
"Número_de_Personas_Trabajadoras_del_Hogar_afiliadas_ante_el_Instituto_Mexicano_del_Seguro_Social",	18,"Nayarit","2021","9","539","86","201","222","30","149","13","55","68","13","390","73","146","154","17",
"Número_de_Personas_Trabajadoras_del_Hogar_afiliadas_ante_el_Instituto_Mexicano_del_Seguro_Social",	19,"Nuevo_León","2021","9","1,987","217","764","970","36","693","67","258","352","16","1,294","150","506","618","20",
"Número_de_Personas_Trabajadoras_del_Hogar_afiliadas_ante_el_Instituto_Mexicano_del_Seguro_Social",	20,"Oaxaca","2021","9","444","43","142","237","22","193","11","38","131","13","251","32","104","106","9",
"Número_de_Personas_Trabajadoras_del_Hogar_afiliadas_ante_el_Instituto_Mexicano_del_Seguro_Social",	21,"Puebla","2021","9","716","56","214","407","39","241","11","49","159","22","475","45","165","248","17",
"Número_de_Personas_Trabajadoras_del_Hogar_afiliadas_ante_el_Instituto_Mexicano_del_Seguro_Social",	22,"Querétaro","2021","9","639","54","221","334","30","203","13","43","130","17","436","41","178","204","13",
"Número_de_Personas_Trabajadoras_del_Hogar_afiliadas_ante_el_Instituto_Mexicano_del_Seguro_Social",	23,"Quintana_Roo","2021","9","208","25","78","96","9","51","4","10","34","3","157","21","68","62","6",
"Número_de_Personas_Trabajadoras_del_Hogar_afiliadas_ante_el_Instituto_Mexicano_del_Seguro_Social",	24,"San_Luis_Potosí","2021","9","455","24","156","265","10","111","4","21","81","5","344","20","135","184","5",
"Número_de_Personas_Trabajadoras_del_Hogar_afiliadas_ante_el_Instituto_Mexicano_del_Seguro_Social",	25,"Sinaloa","2021","9","1,934","198","687","987","62","685","52","211","386","36","1,249","146","476","601","26",
"Número_de_Personas_Trabajadoras_del_Hogar_afiliadas_ante_el_Instituto_Mexicano_del_Seguro_Social",	26,"Sonora","2021","9","1,954","114","514","1,278","48","768","42","178","523","25","1,186","72","336","755","23",
"Número_de_Personas_Trabajadoras_del_Hogar_afiliadas_ante_el_Instituto_Mexicano_del_Seguro_Social",	27,"Tabasco","2021","9","166","15","64","86","1","49","5","11","33","0","117","10","53","53","1",
"Número_de_Personas_Trabajadoras_del_Hogar_afiliadas_ante_el_Instituto_Mexicano_del_Seguro_Social",	28,"Tamaulipas","2021","9","1,466","94","339","981","52","529","20","83","398","28","937","74","256","583","24",
"Número_de_Personas_Trabajadoras_del_Hogar_afiliadas_ante_el_Instituto_Mexicano_del_Seguro_Social",	29,"Tlaxcala","2021","9","338","42","81","199","16","162","22","22","105","13","176","20","59","94","3",
"Número_de_Personas_Trabajadoras_del_Hogar_afiliadas_ante_el_Instituto_Mexicano_del_Seguro_Social",	30,"Veracruz_de_Ignacio_de_la_Llave","2021","9","1,720","205","517","941","57","658","54","112","455","37","1,062","151","405","486","20",
"Número_de_Personas_Trabajadoras_del_Hogar_afiliadas_ante_el_Instituto_Mexicano_del_Seguro_Social",	31,"Yucatán","2021","9","919","89","288","522","20","397","39","94","250","14","522","50","194","272","6",
"Número_de_Personas_Trabajadoras_del_Hogar_afiliadas_ante_el_Instituto_Mexicano_del_Seguro_Social",	32,"Zacatecas","2021","9","181","18","61","100","2","33","2","9","21","1","148","16","52","79","1",
"Número_de_Personas_Trabajadoras_del_Hogar_afiliadas_ante_el_Instituto_Mexicano_del_Seguro_Social",	00,"Estados_Unidos_Mexicanos","2021","8","35,813","3,158","11,834","19,629","1,192","11,816","800","2,871","7,512","633","23,997","2,358","8,963","12,117","559",
"Número_de_Personas_Trabajadoras_del_Hogar_afiliadas_ante_el_Instituto_Mexicano_del_Seguro_Social",	01,"Aguascalientes","2021","8","1,041","60","272","667","42","404","27","69","285","23","637","33","203","382","19",
"Número_de_Personas_Trabajadoras_del_Hogar_afiliadas_ante_el_Instituto_Mexicano_del_Seguro_Social",	02,"Baja_California","2021","8","1,604","108","410","1,025","61","547","25","106","380","36","1,057","83","304","645","25",
"Número_de_Personas_Trabajadoras_del_Hogar_afiliadas_ante_el_Instituto_Mexicano_del_Seguro_Social",	03,"Baja_California_Sur","2021","8","237","23","94","114","6","48","3","11","33","1","189","20","83","81","5",
"Número_de_Personas_Trabajadoras_del_Hogar_afiliadas_ante_el_Instituto_Mexicano_del_Seguro_Social",	04,"Campeche","2021","8","79","5","33","39","2","17","0","10","7","0","62","5","23","32","2",
"Número_de_Personas_Trabajadoras_del_Hogar_afiliadas_ante_el_Instituto_Mexicano_del_Seguro_Social",	05,"Coahuila_de_Zaragoza","2021","8","1,430","74","299","1,005","52","577","17","90","438","32","853","57","209","567","20",
"Número_de_Personas_Trabajadoras_del_Hogar_afiliadas_ante_el_Instituto_Mexicano_del_Seguro_Social",	06,"Colima","2021","8","409","26","151","219","13","114","3","28","75","8","295","23","123","144","5",
"Número_de_Personas_Trabajadoras_del_Hogar_afiliadas_ante_el_Instituto_Mexicano_del_Seguro_Social",	07,"Chiapas","2021","8","701","93","240","332","36","295","26","65","187","17","406","67","175","145","19",
"Número_de_Personas_Trabajadoras_del_Hogar_afiliadas_ante_el_Instituto_Mexicano_del_Seguro_Social",	08,"Chihuahua","2021","8","1,279","63","325","858","33","321","11","68","226","16","958","52","257","632","17",
"Número_de_Personas_Trabajadoras_del_Hogar_afiliadas_ante_el_Instituto_Mexicano_del_Seguro_Social",	09,"Ciudad_de_México","2021","8","5,683","496","2,275","2,729","183","1,328","73","403","769","83","4,355","423","1,872","1,960","100",
"Número_de_Personas_Trabajadoras_del_Hogar_afiliadas_ante_el_Instituto_Mexicano_del_Seguro_Social",	10,"Durango","2021","8","361","29","116","205","11","94","9","28","54","3","267","20","88","151","8",
"Número_de_Personas_Trabajadoras_del_Hogar_afiliadas_ante_el_Instituto_Mexicano_del_Seguro_Social",	11,"Guanajuato","2021","8","1,036","82","371","556","27","350","27","92","216","15","686","55","279","340","12",
"Número_de_Personas_Trabajadoras_del_Hogar_afiliadas_ante_el_Instituto_Mexicano_del_Seguro_Social",	12,"Guerrero","2021","8","1,306","132","432","701","41","506","37","126","315","28","800","95","306","386","13",
"Número_de_Personas_Trabajadoras_del_Hogar_afiliadas_ante_el_Instituto_Mexicano_del_Seguro_Social",	13,"Hidalgo","2021","8","436","35","116","262","23","170","10","25","121","14","266","25","91","141","9",
"Número_de_Personas_Trabajadoras_del_Hogar_afiliadas_ante_el_Instituto_Mexicano_del_Seguro_Social",	14,"Jalisco","2021","8","2,040","248","858","881","53","530","68","188","251","23","1,510","180","670","630","30",
"Número_de_Personas_Trabajadoras_del_Hogar_afiliadas_ante_el_Instituto_Mexicano_del_Seguro_Social",	15,"México","2021","8","3,146","292","918","1,818","118","1,156","92","221","783","60","1,990","200","697","1,035","58",
"Número_de_Personas_Trabajadoras_del_Hogar_afiliadas_ante_el_Instituto_Mexicano_del_Seguro_Social",	16,"Michoacán_de_Ocampo","2021","8","1,016","93","427","452","44","297","22","79","170","26","719","71","348","282","18",
"Número_de_Personas_Trabajadoras_del_Hogar_afiliadas_ante_el_Instituto_Mexicano_del_Seguro_Social",	17,"Morelos","2021","8","842","74","293","447","28","316","22","87","191","16","526","52","206","256","12",
"Número_de_Personas_Trabajadoras_del_Hogar_afiliadas_ante_el_Instituto_Mexicano_del_Seguro_Social",	18,"Nayarit","2021","8","492","70","179","216","27","136","13","46","67","10","356","57","133","149","17",
"Número_de_Personas_Trabajadoras_del_Hogar_afiliadas_ante_el_Instituto_Mexicano_del_Seguro_Social",	19,"Nuevo_León","2021","8","1,889","195","736","922","36","657","63","246","331","17","1,232","132","490","591","19",
"Número_de_Personas_Trabajadoras_del_Hogar_afiliadas_ante_el_Instituto_Mexicano_del_Seguro_Social",	20,"Oaxaca","2021","8","434","36","140","236","22","193","10","40","130","13","241","26","100","106","9",
"Número_de_Personas_Trabajadoras_del_Hogar_afiliadas_ante_el_Instituto_Mexicano_del_Seguro_Social",	21,"Puebla","2021","8","699","52","215","394","38","245","12","53","159","21","454","40","162","235","17",
"Número_de_Personas_Trabajadoras_del_Hogar_afiliadas_ante_el_Instituto_Mexicano_del_Seguro_Social",	22,"Querétaro","2021","8","630","57","219","325","29","195","11","43","124","17","435","46","176","201","12",
"Número_de_Personas_Trabajadoras_del_Hogar_afiliadas_ante_el_Instituto_Mexicano_del_Seguro_Social",	23,"Quintana_Roo","2021","8","209","26","82","93","8","49","3","10","33","3","160","23","72","60","5",
"Número_de_Personas_Trabajadoras_del_Hogar_afiliadas_ante_el_Instituto_Mexicano_del_Seguro_Social",	24,"San_Luis_Potosí","2021","8","426","20","146","251","9","103","4","17","78","4","323","16","129","173","5",
"Número_de_Personas_Trabajadoras_del_Hogar_afiliadas_ante_el_Instituto_Mexicano_del_Seguro_Social",	25,"Sinaloa","2021","8","1,843","185","657","936","65","651","45","206","366","34","1,192","140","451","570","31",
"Número_de_Personas_Trabajadoras_del_Hogar_afiliadas_ante_el_Instituto_Mexicano_del_Seguro_Social",	26,"Sonora","2021","8","1,864","109","492","1,222","41","733","38","178","494","23","1,131","71","314","728","18",
"Número_de_Personas_Trabajadoras_del_Hogar_afiliadas_ante_el_Instituto_Mexicano_del_Seguro_Social",	27,"Tabasco","2021","8","158","12","65","80","1","45","4","10","31","0","113","8","55","49","1",
"Número_de_Personas_Trabajadoras_del_Hogar_afiliadas_ante_el_Instituto_Mexicano_del_Seguro_Social",	28,"Tamaulipas","2021","8","1,395","92","324","929","50","510","15","83","385","27","885","77","241","544","23",
"Número_de_Personas_Trabajadoras_del_Hogar_afiliadas_ante_el_Instituto_Mexicano_del_Seguro_Social",	29,"Tlaxcala","2021","8","323","43","84","183","13","157","23","27","96","11","166","20","57","87","2",
"Número_de_Personas_Trabajadoras_del_Hogar_afiliadas_ante_el_Instituto_Mexicano_del_Seguro_Social",	30,"Veracruz_de_Ignacio_de_la_Llave","2021","8","1,724","222","521","922","59","659","49","111","462","37","1,065","173","410","460","22",
"Número_de_Personas_Trabajadoras_del_Hogar_afiliadas_ante_el_Instituto_Mexicano_del_Seguro_Social",	31,"Yucatán","2021","8","905","90","287","509","19","380","36","97","233","14","525","54","190","276","5",
"Número_de_Personas_Trabajadoras_del_Hogar_afiliadas_ante_el_Instituto_Mexicano_del_Seguro_Social",	32,"Zacatecas","2021","8","176","16","57","101","2","33","2","8","22","1","143","14","49","79","1",
"Número_de_Personas_Trabajadoras_del_Hogar_afiliadas_ante_el_Instituto_Mexicano_del_Seguro_Social",	00,"Estados_Unidos_Mexicanos","2021","7","33,475","2,963","11,006","18,410","1,096","10,952","742","2,632","6,993","585","22,523","2,221","8,374","11,417","511",
"Número_de_Personas_Trabajadoras_del_Hogar_afiliadas_ante_el_Instituto_Mexicano_del_Seguro_Social",	01,"Aguascalientes","2021","7","991","53","254","646","38","390","23","64","283","20","601","30","190","363","18",
"Número_de_Personas_Trabajadoras_del_Hogar_afiliadas_ante_el_Instituto_Mexicano_del_Seguro_Social",	02,"Baja_California","2021","7","1,489","92","374","966","57","509","22","100","355","32","980","70","274","611","25",
"Número_de_Personas_Trabajadoras_del_Hogar_afiliadas_ante_el_Instituto_Mexicano_del_Seguro_Social",	03,"Baja_California_Sur","2021","7","215","19","85","104","7","44","3","9","31","1","171","16","76","73","6",
"Número_de_Personas_Trabajadoras_del_Hogar_afiliadas_ante_el_Instituto_Mexicano_del_Seguro_Social",	04,"Campeche","2021","7","70","7","27","34","2","15","0","8","7","0","55","7","19","27","2",
"Número_de_Personas_Trabajadoras_del_Hogar_afiliadas_ante_el_Instituto_Mexicano_del_Seguro_Social",	05,"Coahuila_de_Zaragoza","2021","7","1,336","67","284","937","48","536","16","80","409","31","800","51","204","528","17",
"Número_de_Personas_Trabajadoras_del_Hogar_afiliadas_ante_el_Instituto_Mexicano_del_Seguro_Social",	06,"Colima","2021","7","374","20","140","203","11","104","2","25","72","5","270","18","115","131","6",
"Número_de_Personas_Trabajadoras_del_Hogar_afiliadas_ante_el_Instituto_Mexicano_del_Seguro_Social",	07,"Chiapas","2021","7","634","80","216","311","27","263","21","56","172","14","371","59","160","139","13",
"Número_de_Personas_Trabajadoras_del_Hogar_afiliadas_ante_el_Instituto_Mexicano_del_Seguro_Social",	08,"Chihuahua","2021","7","1,189","60","309","790","30","287","10","61","204","12","902","50","248","586","18",
"Número_de_Personas_Trabajadoras_del_Hogar_afiliadas_ante_el_Instituto_Mexicano_del_Seguro_Social",	09,"Ciudad_de_México","2021","7","5,322","473","2,125","2,553","171","1,226","74","382","691","79","4,096","399","1,743","1,862","92",
"Número_de_Personas_Trabajadoras_del_Hogar_afiliadas_ante_el_Instituto_Mexicano_del_Seguro_Social",	10,"Durango","2021","7","325","24","98","191","12","84","7","23","51","3","241","17","75","140","9",
"Número_de_Personas_Trabajadoras_del_Hogar_afiliadas_ante_el_Instituto_Mexicano_del_Seguro_Social",	11,"Guanajuato","2021","7","962","76","336","526","24","334","23","92","207","12","628","53","244","319","12",
"Número_de_Personas_Trabajadoras_del_Hogar_afiliadas_ante_el_Instituto_Mexicano_del_Seguro_Social",	12,"Guerrero","2021","7","1,227","125","409","657","36","463","39","113","288","23","764","86","296","369","13",
"Número_de_Personas_Trabajadoras_del_Hogar_afiliadas_ante_el_Instituto_Mexicano_del_Seguro_Social",	13,"Hidalgo","2021","7","396","31","104","240","21","152","9","23","107","13","244","22","81","133","8",
"Número_de_Personas_Trabajadoras_del_Hogar_afiliadas_ante_el_Instituto_Mexicano_del_Seguro_Social",	14,"Jalisco","2021","7","1,956","248","830","825","53","497","66","177","231","23","1,459","182","653","594","30",
"Número_de_Personas_Trabajadoras_del_Hogar_afiliadas_ante_el_Instituto_Mexicano_del_Seguro_Social",	15,"México","2021","7","2,875","273","839","1,659","104","1,037","83","202","698","54","1,838","190","637","961","50",
"Número_de_Personas_Trabajadoras_del_Hogar_afiliadas_ante_el_Instituto_Mexicano_del_Seguro_Social",	16,"Michoacán_de_Ocampo","2021","7","959","93","400","427","39","282","21","75","162","24","677","72","325","265","15",
"Número_de_Personas_Trabajadoras_del_Hogar_afiliadas_ante_el_Instituto_Mexicano_del_Seguro_Social",	17,"Morelos","2021","7","796","70","271","428","27","300","21","79","185","15","496","49","192","243","12",
"Número_de_Personas_Trabajadoras_del_Hogar_afiliadas_ante_el_Instituto_Mexicano_del_Seguro_Social",	18,"Nayarit","2021","7","470","69","172","202","27","136","13","49","62","12","334","56","123","140","15",
"Número_de_Personas_Trabajadoras_del_Hogar_afiliadas_ante_el_Instituto_Mexicano_del_Seguro_Social",	19,"Nuevo_León","2021","7","1,813","195","717","864","37","626","56","243","309","18","1,187","139","474","555","19",
"Número_de_Personas_Trabajadoras_del_Hogar_afiliadas_ante_el_Instituto_Mexicano_del_Seguro_Social",	20,"Oaxaca","2021","7","431","35","132","242","22","187","8","36","129","14","244","27","96","113","8",
"Número_de_Personas_Trabajadoras_del_Hogar_afiliadas_ante_el_Instituto_Mexicano_del_Seguro_Social",	21,"Puebla","2021","7","674","50","206","386","32","239","12","49","158","20","435","38","157","228","12",
"Número_de_Personas_Trabajadoras_del_Hogar_afiliadas_ante_el_Instituto_Mexicano_del_Seguro_Social",	22,"Querétaro","2021","7","578","55","194","304","25","177","12","34","117","14","401","43","160","187","11",
"Número_de_Personas_Trabajadoras_del_Hogar_afiliadas_ante_el_Instituto_Mexicano_del_Seguro_Social",	23,"Quintana_Roo","2021","7","193","24","74","87","8","48","3","9","32","4","145","21","65","55","4",
"Número_de_Personas_Trabajadoras_del_Hogar_afiliadas_ante_el_Instituto_Mexicano_del_Seguro_Social",	24,"San_Luis_Potosí","2021","7","401","22","136","234","9","94","4","15","71","4","307","18","121","163","5",
"Número_de_Personas_Trabajadoras_del_Hogar_afiliadas_ante_el_Instituto_Mexicano_del_Seguro_Social",	25,"Sinaloa","2021","7","1,689","178","578","879","54","573","44","166","333","30","1,116","134","412","546","24",
"Número_de_Personas_Trabajadoras_del_Hogar_afiliadas_ante_el_Instituto_Mexicano_del_Seguro_Social",	26,"Sonora","2021","7","1,781","113","476","1,153","39","692","36","161","475","20","1,089","77","315","678","19",
"Número_de_Personas_Trabajadoras_del_Hogar_afiliadas_ante_el_Instituto_Mexicano_del_Seguro_Social",	27,"Tabasco","2021","7","141","6","62","71","2","44","2","12","29","1","97","4","50","42","1",
"Número_de_Personas_Trabajadoras_del_Hogar_afiliadas_ante_el_Instituto_Mexicano_del_Seguro_Social",	28,"Tamaulipas","2021","7","1,331","77","308","902","44","482","14","71","373","24","849","63","237","529","20",
"Número_de_Personas_Trabajadoras_del_Hogar_afiliadas_ante_el_Instituto_Mexicano_del_Seguro_Social",	29,"Tlaxcala","2021","7","286","39","72","164","11","145","20","25","91","9","141","19","47","73","2",
"Número_de_Personas_Trabajadoras_del_Hogar_afiliadas_ante_el_Instituto_Mexicano_del_Seguro_Social",	30,"Veracruz_de_Ignacio_de_la_Llave","2021","7","1,569","196","459","859","55","611","43","100","431","37","958","153","359","428","18",
"Número_de_Personas_Trabajadoras_del_Hogar_afiliadas_ante_el_Instituto_Mexicano_del_Seguro_Social",	31,"Yucatán","2021","7","837","80","261","474","22","345","34","86","209","16","492","46","175","265","6",
"Número_de_Personas_Trabajadoras_del_Hogar_afiliadas_ante_el_Instituto_Mexicano_del_Seguro_Social",	32,"Zacatecas","2021","7","165","13","58","92","2","30","1","7","21","1","135","12","51","71","1",
"Número_de_Personas_Trabajadoras_del_Hogar_afiliadas_ante_el_Instituto_Mexicano_del_Seguro_Social",	00,"Estados_Unidos_Mexicanos","2021","6","32,899","2,944","10,948","17,947","1,060","10,751","719","2,620","6,840","572","22,148","2,225","8,328","11,107","488",
"Número_de_Personas_Trabajadoras_del_Hogar_afiliadas_ante_el_Instituto_Mexicano_del_Seguro_Social",	01,"Aguascalientes","2021","6","981","55","247","645","34","384","21","60","285","18","597","34","187","360","16",
"Número_de_Personas_Trabajadoras_del_Hogar_afiliadas_ante_el_Instituto_Mexicano_del_Seguro_Social",	02,"Baja_California","2021","6","1,476","99","380","944","53","535","28","109","368","30","941","71","271","576","23",
"Número_de_Personas_Trabajadoras_del_Hogar_afiliadas_ante_el_Instituto_Mexicano_del_Seguro_Social",	03,"Baja_California_Sur","2021","6","219","17","89","105","8","47","3","10","33","1","172","14","79","72","7",
"Número_de_Personas_Trabajadoras_del_Hogar_afiliadas_ante_el_Instituto_Mexicano_del_Seguro_Social",	04,"Campeche","2021","6","76","8","30","36","2","15","0","10","5","0","61","8","20","31","2",
"Número_de_Personas_Trabajadoras_del_Hogar_afiliadas_ante_el_Instituto_Mexicano_del_Seguro_Social",	05,"Coahuila_de_Zaragoza","2021","6","1,309","61","286","912","50","525","12","85","394","34","784","49","201","518","16",
"Número_de_Personas_Trabajadoras_del_Hogar_afiliadas_ante_el_Instituto_Mexicano_del_Seguro_Social",	06,"Colima","2021","6","378","27","140","203","8","100","2","25","69","4","278","25","115","134","4",
"Número_de_Personas_Trabajadoras_del_Hogar_afiliadas_ante_el_Instituto_Mexicano_del_Seguro_Social",	07,"Chiapas","2021","6","614","85","218","284","27","251","23","54","160","14","363","62","164","124","13",
"Número_de_Personas_Trabajadoras_del_Hogar_afiliadas_ante_el_Instituto_Mexicano_del_Seguro_Social",	08,"Chihuahua","2021","6","1,137","58","306","745","28","258","10","55","181","12","879","48","251","564","16",
"Número_de_Personas_Trabajadoras_del_Hogar_afiliadas_ante_el_Instituto_Mexicano_del_Seguro_Social",	09,"Ciudad_de_México","2021","6","5,245","474","2,095","2,512","164","1,193","66","365","690","72","4,052","408","1,730","1,822","92",
"Número_de_Personas_Trabajadoras_del_Hogar_afiliadas_ante_el_Instituto_Mexicano_del_Seguro_Social",	10,"Durango","2021","6","329","24","109","183","13","87","8","25","50","4","242","16","84","133","9",
"Número_de_Personas_Trabajadoras_del_Hogar_afiliadas_ante_el_Instituto_Mexicano_del_Seguro_Social",	11,"Guanajuato","2021","6","953","70","339","521","23","316","19","85","199","13","637","51","254","322","10",
"Número_de_Personas_Trabajadoras_del_Hogar_afiliadas_ante_el_Instituto_Mexicano_del_Seguro_Social",	12,"Guerrero","2021","6","1,214","126","403","651","34","468","41","112","292","23","746","85","291","359","11",
"Número_de_Personas_Trabajadoras_del_Hogar_afiliadas_ante_el_Instituto_Mexicano_del_Seguro_Social",	13,"Hidalgo","2021","6","395","30","107","237","21","153","7","22","110","14","242","23","85","127","7",
"Número_de_Personas_Trabajadoras_del_Hogar_afiliadas_ante_el_Instituto_Mexicano_del_Seguro_Social",	14,"Jalisco","2021","6","1,912","229","832","801","50","495","64","182","227","22","1,417","165","650","574","28",
"Número_de_Personas_Trabajadoras_del_Hogar_afiliadas_ante_el_Instituto_Mexicano_del_Seguro_Social",	15,"México","2021","6","2,810","274","847","1,580","109","1,007","79","209","660","59","1,803","195","638","920","50",
"Número_de_Personas_Trabajadoras_del_Hogar_afiliadas_ante_el_Instituto_Mexicano_del_Seguro_Social",	16,"Michoacán_de_Ocampo","2021","6","945","82","401","425","37","266","18","73","155","20","679","64","328","270","17",
"Número_de_Personas_Trabajadoras_del_Hogar_afiliadas_ante_el_Instituto_Mexicano_del_Seguro_Social",	17,"Morelos","2021","6","763","61","263","414","25","290","19","74","182","15","473","42","189","232","10",
"Número_de_Personas_Trabajadoras_del_Hogar_afiliadas_ante_el_Instituto_Mexicano_del_Seguro_Social",	18,"Nayarit","2021","6","465","70","178","195","22","137","13","49","66","9","328","57","129","129","13",
"Número_de_Personas_Trabajadoras_del_Hogar_afiliadas_ante_el_Instituto_Mexicano_del_Seguro_Social",	19,"Nuevo_León","2021","6","1,759","192","692","843","32","624","59","233","315","17","1,135","133","459","528","15",
"Número_de_Personas_Trabajadoras_del_Hogar_afiliadas_ante_el_Instituto_Mexicano_del_Seguro_Social",	20,"Oaxaca","2021","6","453","36","137","259","21","195","8","36","138","13","258","28","101","121","8",
"Número_de_Personas_Trabajadoras_del_Hogar_afiliadas_ante_el_Instituto_Mexicano_del_Seguro_Social",	21,"Puebla","2021","6","658","46","197","385","30","237","11","45","164","17","421","35","152","221","13",
"Número_de_Personas_Trabajadoras_del_Hogar_afiliadas_ante_el_Instituto_Mexicano_del_Seguro_Social",	22,"Querétaro","2021","6","577","52","205","295","25","172","9","36","112","15","405","43","169","183","10",
"Número_de_Personas_Trabajadoras_del_Hogar_afiliadas_ante_el_Instituto_Mexicano_del_Seguro_Social",	23,"Quintana_Roo","2021","6","195","27","73","87","8","51","5","10","32","4","144","22","63","55","4",
"Número_de_Personas_Trabajadoras_del_Hogar_afiliadas_ante_el_Instituto_Mexicano_del_Seguro_Social",	24,"San_Luis_Potosí","2021","6","388","21","128","230","9","91","4","14","69","4","297","17","114","161","5",
"Número_de_Personas_Trabajadoras_del_Hogar_afiliadas_ante_el_Instituto_Mexicano_del_Seguro_Social",	25,"Sinaloa","2021","6","1,652","172","568","858","54","577","45","173","327","32","1,075","127","395","531","22",
"Número_de_Personas_Trabajadoras_del_Hogar_afiliadas_ante_el_Instituto_Mexicano_del_Seguro_Social",	26,"Sonora","2021","6","1,791","118","469","1,161","43","710","35","170","481","24","1,081","83","299","680","19",
"Número_de_Personas_Trabajadoras_del_Hogar_afiliadas_ante_el_Instituto_Mexicano_del_Seguro_Social",	27,"Tabasco","2021","6","138","9","59","68","2","39","3","9","26","1","99","6","50","42","1",
"Número_de_Personas_Trabajadoras_del_Hogar_afiliadas_ante_el_Instituto_Mexicano_del_Seguro_Social",	28,"Tamaulipas","2021","6","1,270","85","298","844","43","453","14","68","347","24","817","71","230","497","19",
"Número_de_Personas_Trabajadoras_del_Hogar_afiliadas_ante_el_Instituto_Mexicano_del_Seguro_Social",	29,"Tlaxcala","2021","6","294","40","72","171","11","139","18","22","89","10","155","22","50","82","1",
"Número_de_Personas_Trabajadoras_del_Hogar_afiliadas_ante_el_Instituto_Mexicano_del_Seguro_Social",	30,"Veracruz_de_Ignacio_de_la_Llave","2021","6","1,516","197","465","802","52","574","43","104","393","34","942","154","361","409","18",
"Número_de_Personas_Trabajadoras_del_Hogar_afiliadas_ante_el_Instituto_Mexicano_del_Seguro_Social",	31,"Yucatán","2021","6","828","86","261","461","20","336","31","89","204","12","492","55","172","257","8",
"Número_de_Personas_Trabajadoras_del_Hogar_afiliadas_ante_el_Instituto_Mexicano_del_Seguro_Social",	32,"Zacatecas","2021","6","159","13","54","90","2","26","1","7","17","1","133","12","47","73","1",
"Número_de_Personas_Trabajadoras_del_Hogar_afiliadas_ante_el_Instituto_Mexicano_del_Seguro_Social",	00,"Estados_Unidos_Mexicanos","2021","5","30,296","2,658","9,986","16,665","987","9,838","664","2,361","6,294","519","20,458","1,994","7,625","10,371","468",
"Número_de_Personas_Trabajadoras_del_Hogar_afiliadas_ante_el_Instituto_Mexicano_del_Seguro_Social",	01,"Aguascalientes","2021","5","926","55","239","599","33","369","22","58","271","18","557","33","181","328","15",
"Número_de_Personas_Trabajadoras_del_Hogar_afiliadas_ante_el_Instituto_Mexicano_del_Seguro_Social",	02,"Baja_California","2021","5","1,313","89","326","852","46","458","24","88","320","26","855","65","238","532","20",
"Número_de_Personas_Trabajadoras_del_Hogar_afiliadas_ante_el_Instituto_Mexicano_del_Seguro_Social",	03,"Baja_California_Sur","2021","5","210","17","83","103","7","46","3","8","34","1","164","14","75","69","6",
"Número_de_Personas_Trabajadoras_del_Hogar_afiliadas_ante_el_Instituto_Mexicano_del_Seguro_Social",	04,"Campeche","2021","5","70","6","28","35","1","15","0","10","5","0","55","6","18","30","1",
"Número_de_Personas_Trabajadoras_del_Hogar_afiliadas_ante_el_Instituto_Mexicano_del_Seguro_Social",	05,"Coahuila_de_Zaragoza","2021","5","1,246","68","263","863","52","500","13","78","377","32","746","55","185","486","20",
"Número_de_Personas_Trabajadoras_del_Hogar_afiliadas_ante_el_Instituto_Mexicano_del_Seguro_Social",	06,"Colima","2021","5","348","26","129","184","9","91","4","23","60","4","257","22","106","124","5",
"Número_de_Personas_Trabajadoras_del_Hogar_afiliadas_ante_el_Instituto_Mexicano_del_Seguro_Social",	07,"Chiapas","2021","5","544","75","186","260","23","228","22","46","149","11","316","53","140","111","12",
"Número_de_Personas_Trabajadoras_del_Hogar_afiliadas_ante_el_Instituto_Mexicano_del_Seguro_Social",	08,"Chihuahua","2021","5","1,058","49","298","683","28","246","8","57","168","13","812","41","241","515","15",
"Número_de_Personas_Trabajadoras_del_Hogar_afiliadas_ante_el_Instituto_Mexicano_del_Seguro_Social",	09,"Ciudad_de_México","2021","5","4,922","445","1,968","2,343","166","1,077","66","334","605","72","3,845","379","1,634","1,738","94",
"Número_de_Personas_Trabajadoras_del_Hogar_afiliadas_ante_el_Instituto_Mexicano_del_Seguro_Social",	10,"Durango","2021","5","319","22","107","177","13","85","9","23","49","4","234","13","84","128","9",
"Número_de_Personas_Trabajadoras_del_Hogar_afiliadas_ante_el_Instituto_Mexicano_del_Seguro_Social",	11,"Guanajuato","2021","5","881","61","319","483","18","295","15","78","193","9","586","46","241","290","9",
"Número_de_Personas_Trabajadoras_del_Hogar_afiliadas_ante_el_Instituto_Mexicano_del_Seguro_Social",	12,"Guerrero","2021","5","1,098","111","362","594","31","430","39","103","269","19","668","72","259","325","12",
"Número_de_Personas_Trabajadoras_del_Hogar_afiliadas_ante_el_Instituto_Mexicano_del_Seguro_Social",	13,"Hidalgo","2021","5","349","26","102","205","16","132","8","23","91","10","217","18","79","114","6",
"Número_de_Personas_Trabajadoras_del_Hogar_afiliadas_ante_el_Instituto_Mexicano_del_Seguro_Social",	14,"Jalisco","2021","5","1,740","221","737","732","50","460","62","165","214","19","1,280","159","572","518","31",
"Número_de_Personas_Trabajadoras_del_Hogar_afiliadas_ante_el_Instituto_Mexicano_del_Seguro_Social",	15,"México","2021","5","2,521","245","739","1,440","97","904","72","185","594","53","1,617","173","554","846","44",
"Número_de_Personas_Trabajadoras_del_Hogar_afiliadas_ante_el_Instituto_Mexicano_del_Seguro_Social",	16,"Michoacán_de_Ocampo","2021","5","862","62","373","399","28","241","14","63","147","17","621","48","310","252","11",
"Número_de_Personas_Trabajadoras_del_Hogar_afiliadas_ante_el_Instituto_Mexicano_del_Seguro_Social",	17,"Morelos","2021","5","721","63","241","391","26","271","21","66","169","15","450","42","175","222","11",
"Número_de_Personas_Trabajadoras_del_Hogar_afiliadas_ante_el_Instituto_Mexicano_del_Seguro_Social",	18,"Nayarit","2021","5","427","65","155","185","22","127","13","45","59","10","300","52","110","126","12",
"Número_de_Personas_Trabajadoras_del_Hogar_afiliadas_ante_el_Instituto_Mexicano_del_Seguro_Social",	19,"Nuevo_León","2021","5","1,675","187","646","814","28","578","53","211","300","14","1,097","134","435","514","14",
"Número_de_Personas_Trabajadoras_del_Hogar_afiliadas_ante_el_Instituto_Mexicano_del_Seguro_Social",	20,"Oaxaca","2021","5","404","33","108","250","13","174","6","26","133","9","230","27","82","117","4",
"Número_de_Personas_Trabajadoras_del_Hogar_afiliadas_ante_el_Instituto_Mexicano_del_Seguro_Social",	21,"Puebla","2021","5","624","42","186","370","26","218","11","37","155","15","406","31","149","215","11",
"Número_de_Personas_Trabajadoras_del_Hogar_afiliadas_ante_el_Instituto_Mexicano_del_Seguro_Social",	22,"Querétaro","2021","5","511","41","186","262","22","152","9","31","99","13","359","32","155","163","9",
"Número_de_Personas_Trabajadoras_del_Hogar_afiliadas_ante_el_Instituto_Mexicano_del_Seguro_Social",	23,"Quintana_Roo","2021","5","164","20","61","75","8","45","3","8","30","4","119","17","53","45","4",
"Número_de_Personas_Trabajadoras_del_Hogar_afiliadas_ante_el_Instituto_Mexicano_del_Seguro_Social",	24,"San_Luis_Potosí","2021","5","363","13","118","220","12","86","3","13","65","5","277","10","105","155","7",
"Número_de_Personas_Trabajadoras_del_Hogar_afiliadas_ante_el_Instituto_Mexicano_del_Seguro_Social",	25,"Sinaloa","2021","5","1,478","144","508","778","48","496","30","151","288","27","982","114","357","490","21",
"Número_de_Personas_Trabajadoras_del_Hogar_afiliadas_ante_el_Instituto_Mexicano_del_Seguro_Social",	26,"Sonora","2021","5","1,634","86","418","1,089","41","636","32","149","434","21","998","54","269","655","20",
"Número_de_Personas_Trabajadoras_del_Hogar_afiliadas_ante_el_Instituto_Mexicano_del_Seguro_Social",	27,"Tabasco","2021","5","135","8","61","64","2","33","1","6","25","1","102","7","55","39","1",
"Número_de_Personas_Trabajadoras_del_Hogar_afiliadas_ante_el_Instituto_Mexicano_del_Seguro_Social",	28,"Tamaulipas","2021","5","1,206","75","276","813","42","445","17","61","343","24","761","58","215","470","18",
"Número_de_Personas_Trabajadoras_del_Hogar_afiliadas_ante_el_Instituto_Mexicano_del_Seguro_Social",	29,"Tlaxcala","2021","5","303","40","68","184","11","157","20","26","101","10","146","20","42","83","1",
"Número_de_Personas_Trabajadoras_del_Hogar_afiliadas_ante_el_Instituto_Mexicano_del_Seguro_Social",	30,"Veracruz_de_Ignacio_de_la_Llave","2021","5","1,330","176","414","695","45","493","38","98","329","28","837","138","316","366","17",
"Número_de_Personas_Trabajadoras_del_Hogar_afiliadas_ante_el_Instituto_Mexicano_del_Seguro_Social",	31,"Yucatán","2021","5","770","75","233","442","20","325","25","83","204","13","445","50","150","238","7",
"Número_de_Personas_Trabajadoras_del_Hogar_afiliadas_ante_el_Instituto_Mexicano_del_Seguro_Social",	32,"Zacatecas","2021","5","144","12","48","81","3","25","1","8","14","2","119","11","40","67","1",
"Número_de_Personas_Trabajadoras_del_Hogar_afiliadas_ante_el_Instituto_Mexicano_del_Seguro_Social",	00,"Estados_Unidos_Mexicanos","2021","4","30,026","2,656","9,836","16,572","962","9,760","649","2,322","6,272","517","20,266","2,007","7,514","10,300","445",
"Número_de_Personas_Trabajadoras_del_Hogar_afiliadas_ante_el_Instituto_Mexicano_del_Seguro_Social",	01,"Aguascalientes","2021","4","919","55","234","601","29","357","20","54","268","15","562","35","180","333","14",
"Número_de_Personas_Trabajadoras_del_Hogar_afiliadas_ante_el_Instituto_Mexicano_del_Seguro_Social",	02,"Baja_California","2021","4","1,314","85","325","854","50","471","21","90","330","30","843","64","235","524","20",
"Número_de_Personas_Trabajadoras_del_Hogar_afiliadas_ante_el_Instituto_Mexicano_del_Seguro_Social",	03,"Baja_California_Sur","2021","4","201","14","80","101","6","41","2","8","30","1","160","12","72","71","5",
"Número_de_Personas_Trabajadoras_del_Hogar_afiliadas_ante_el_Instituto_Mexicano_del_Seguro_Social",	04,"Campeche","2021","4","70","5","26","37","2","17","0","9","8","0","53","5","17","29","2",
"Número_de_Personas_Trabajadoras_del_Hogar_afiliadas_ante_el_Instituto_Mexicano_del_Seguro_Social",	05,"Coahuila_de_Zaragoza","2021","4","1,163","60","239","823","41","461","11","69","356","25","702","49","170","467","16",
"Número_de_Personas_Trabajadoras_del_Hogar_afiliadas_ante_el_Instituto_Mexicano_del_Seguro_Social",	06,"Colima","2021","4","342","23","124","186","9","96","4","21","67","4","246","19","103","119","5",
"Número_de_Personas_Trabajadoras_del_Hogar_afiliadas_ante_el_Instituto_Mexicano_del_Seguro_Social",	07,"Chiapas","2021","4","554","80","182","266","26","231","22","44","150","15","323","58","138","116","11",
"Número_de_Personas_Trabajadoras_del_Hogar_afiliadas_ante_el_Instituto_Mexicano_del_Seguro_Social",	08,"Chihuahua","2021","4","1,039","49","279","680","31","237","10","56","158","13","802","39","223","522","18",
"Número_de_Personas_Trabajadoras_del_Hogar_afiliadas_ante_el_Instituto_Mexicano_del_Seguro_Social",	09,"Ciudad_de_México","2021","4","4,826","436","1,924","2,312","154","1,108","70","348","621","69","3,718","366","1,576","1,691","85",
"Número_de_Personas_Trabajadoras_del_Hogar_afiliadas_ante_el_Instituto_Mexicano_del_Seguro_Social",	10,"Durango","2021","4","308","18","98","177","15","86","7","21","53","5","222","11","77","124","10",
"Número_de_Personas_Trabajadoras_del_Hogar_afiliadas_ante_el_Instituto_Mexicano_del_Seguro_Social",	11,"Guanajuato","2021","4","890","62","328","481","19","295","16","77","191","11","595","46","251","290","8",
"Número_de_Personas_Trabajadoras_del_Hogar_afiliadas_ante_el_Instituto_Mexicano_del_Seguro_Social",	12,"Guerrero","2021","4","1,099","114","358","598","29","427","41","103","265","18","672","73","255","333","11",
"Número_de_Personas_Trabajadoras_del_Hogar_afiliadas_ante_el_Instituto_Mexicano_del_Seguro_Social",	13,"Hidalgo","2021","4","336","22","100","198","16","128","5","22","91","10","208","17","78","107","6",
"Número_de_Personas_Trabajadoras_del_Hogar_afiliadas_ante_el_Instituto_Mexicano_del_Seguro_Social",	14,"Jalisco","2021","4","1,699","208","732","709","50","447","59","166","200","22","1,252","149","566","509","28",
"Número_de_Personas_Trabajadoras_del_Hogar_afiliadas_ante_el_Instituto_Mexicano_del_Seguro_Social",	15,"México","2021","4","2,545","246","759","1,451","89","882","63","177","596","46","1,663","183","582","855","43",
"Número_de_Personas_Trabajadoras_del_Hogar_afiliadas_ante_el_Instituto_Mexicano_del_Seguro_Social",	16,"Michoacán_de_Ocampo","2021","4","866","74","368","393","31","239","20","60","143","16","627","54","308","250","15",
"Número_de_Personas_Trabajadoras_del_Hogar_afiliadas_ante_el_Instituto_Mexicano_del_Seguro_Social",	17,"Morelos","2021","4","712","60","241","384","27","271","20","65","171","15","441","40","176","213","12",
"Número_de_Personas_Trabajadoras_del_Hogar_afiliadas_ante_el_Instituto_Mexicano_del_Seguro_Social",	18,"Nayarit","2021","4","430","69","162","178","21","117","13","42","54","8","313","56","120","124","13",
"Número_de_Personas_Trabajadoras_del_Hogar_afiliadas_ante_el_Instituto_Mexicano_del_Seguro_Social",	19,"Nuevo_León","2021","4","1,621","180","630","779","32","577","61","217","281","18","1,044","119","413","498","14",
"Número_de_Personas_Trabajadoras_del_Hogar_afiliadas_ante_el_Instituto_Mexicano_del_Seguro_Social",	20,"Oaxaca","2021","4","416","28","116","255","17","173","4","25","131","13","243","24","91","124","4",
"Número_de_Personas_Trabajadoras_del_Hogar_afiliadas_ante_el_Instituto_Mexicano_del_Seguro_Social",	21,"Puebla","2021","4","608","38","177","369","24","212","9","36","153","14","396","29","141","216","10",
"Número_de_Personas_Trabajadoras_del_Hogar_afiliadas_ante_el_Instituto_Mexicano_del_Seguro_Social",	22,"Querétaro","2021","4","527","52","183","273","19","149","8","30","100","11","378","44","153","173","8",
"Número_de_Personas_Trabajadoras_del_Hogar_afiliadas_ante_el_Instituto_Mexicano_del_Seguro_Social",	23,"Quintana_Roo","2021","4","170","21","57","85","7","44","4","7","29","4","126","17","50","56","3",
"Número_de_Personas_Trabajadoras_del_Hogar_afiliadas_ante_el_Instituto_Mexicano_del_Seguro_Social",	24,"San_Luis_Potosí","2021","4","368","16","126","217","9","89","3","15","67","4","279","13","111","150","5",
"Número_de_Personas_Trabajadoras_del_Hogar_afiliadas_ante_el_Instituto_Mexicano_del_Seguro_Social",	25,"Sinaloa","2021","4","1,461","140","513","768","40","496","27","149","296","24","965","113","364","472","16",
"Número_de_Personas_Trabajadoras_del_Hogar_afiliadas_ante_el_Instituto_Mexicano_del_Seguro_Social",	26,"Sonora","2021","4","1,661","108","435","1,077","41","623","28","151","422","22","1,038","80","284","655","19",
"Número_de_Personas_Trabajadoras_del_Hogar_afiliadas_ante_el_Instituto_Mexicano_del_Seguro_Social",	27,"Tabasco","2021","4","132","12","54","64","2","36","1","7","27","1","96","11","47","37","1",
"Número_de_Personas_Trabajadoras_del_Hogar_afiliadas_ante_el_Instituto_Mexicano_del_Seguro_Social",	28,"Tamaulipas","2021","4","1,206","75","257","831","43","460","16","58","361","25","746","59","199","470","18",
"Número_de_Personas_Trabajadoras_del_Hogar_afiliadas_ante_el_Instituto_Mexicano_del_Seguro_Social",	29,"Tlaxcala","2021","4","277","39","60","167","11","138","18","21","89","10","139","21","39","78","1",
"Número_de_Personas_Trabajadoras_del_Hogar_afiliadas_ante_el_Instituto_Mexicano_del_Seguro_Social",	30,"Veracruz_de_Ignacio_de_la_Llave","2021","4","1,353","178","396","733","46","515","36","90","358","31","838","142","306","375","15",
"Número_de_Personas_Trabajadoras_del_Hogar_afiliadas_ante_el_Instituto_Mexicano_del_Seguro_Social",	31,"Yucatán","2021","4","760","75","221","442","22","311","29","76","192","14","449","46","145","250","8",
"Número_de_Personas_Trabajadoras_del_Hogar_afiliadas_ante_el_Instituto_Mexicano_del_Seguro_Social",	32,"Zacatecas","2021","4","153","14","52","83","4","26","1","8","14","3","127","13","44","69","1",
"Número_de_Personas_Trabajadoras_del_Hogar_afiliadas_ante_el_Instituto_Mexicano_del_Seguro_Social",	00,"Estados_Unidos_Mexicanos","2021","3","27,295","2,416","8,953","15,047","879","8,834","593","2,111","5,655","475","18,461","1,823","6,842","9,392","404",
"Número_de_Personas_Trabajadoras_del_Hogar_afiliadas_ante_el_Instituto_Mexicano_del_Seguro_Social",	01,"Aguascalientes","2021","3","799","43","193","533","30","317","16","49","236","16","482","27","144","297","14",
"Número_de_Personas_Trabajadoras_del_Hogar_afiliadas_ante_el_Instituto_Mexicano_del_Seguro_Social",	02,"Baja_California","2021","3","1,144","67","273","752","52","410","17","71","293","29","734","50","202","459","23",
"Número_de_Personas_Trabajadoras_del_Hogar_afiliadas_ante_el_Instituto_Mexicano_del_Seguro_Social",	03,"Baja_California_Sur","2021","3","183","17","78","83","5","37","3","6","27","1","146","14","72","56","4",
"Número_de_Personas_Trabajadoras_del_Hogar_afiliadas_ante_el_Instituto_Mexicano_del_Seguro_Social",	04,"Campeche","2021","3","63","5","24","32","2","17","1","10","6","0","46","4","14","26","2",
"Número_de_Personas_Trabajadoras_del_Hogar_afiliadas_ante_el_Instituto_Mexicano_del_Seguro_Social",	05,"Coahuila_de_Zaragoza","2021","3","1,076","58","217","762","39","430","9","59","338","24","646","49","158","424","15",
"Número_de_Personas_Trabajadoras_del_Hogar_afiliadas_ante_el_Instituto_Mexicano_del_Seguro_Social",	06,"Colima","2021","3","312","23","109","171","9","83","3","18","58","4","229","20","91","113","5",
"Número_de_Personas_Trabajadoras_del_Hogar_afiliadas_ante_el_Instituto_Mexicano_del_Seguro_Social",	07,"Chiapas","2021","3","509","71","171","244","23","203","21","42","126","14","306","50","129","118","9",
"Número_de_Personas_Trabajadoras_del_Hogar_afiliadas_ante_el_Instituto_Mexicano_del_Seguro_Social",	08,"Chihuahua","2021","3","994","47","266","656","25","224","8","53","153","10","770","39","213","503","15",
"Número_de_Personas_Trabajadoras_del_Hogar_afiliadas_ante_el_Instituto_Mexicano_del_Seguro_Social",	09,"Ciudad_de_México","2021","3","4,540","416","1,811","2,174","139","1,028","64","331","577","56","3,512","352","1,480","1,597","83",
"Número_de_Personas_Trabajadoras_del_Hogar_afiliadas_ante_el_Instituto_Mexicano_del_Seguro_Social",	10,"Durango","2021","3","266","16","86","153","11","76","6","21","47","2","190","10","65","106","9",
"Número_de_Personas_Trabajadoras_del_Hogar_afiliadas_ante_el_Instituto_Mexicano_del_Seguro_Social",	11,"Guanajuato","2021","3","809","56","295","439","19","265","14","66","174","11","544","42","229","265","8",
"Número_de_Personas_Trabajadoras_del_Hogar_afiliadas_ante_el_Instituto_Mexicano_del_Seguro_Social",	12,"Guerrero","2021","3","972","101","335","512","24","388","38","92","242","16","584","63","243","270","8",
"Número_de_Personas_Trabajadoras_del_Hogar_afiliadas_ante_el_Instituto_Mexicano_del_Seguro_Social",	13,"Hidalgo","2021","3","329","22","99","192","16","120","4","23","82","11","209","18","76","110","5",
"Número_de_Personas_Trabajadoras_del_Hogar_afiliadas_ante_el_Instituto_Mexicano_del_Seguro_Social",	14,"Jalisco","2021","3","1,514","194","651","622","47","391","53","149","167","22","1,123","141","502","455","25",
"Número_de_Personas_Trabajadoras_del_Hogar_afiliadas_ante_el_Instituto_Mexicano_del_Seguro_Social",	15,"México","2021","3","2,269","201","680","1,308","80","777","57","161","515","44","1,492","144","519","793","36",
"Número_de_Personas_Trabajadoras_del_Hogar_afiliadas_ante_el_Instituto_Mexicano_del_Seguro_Social",	16,"Michoacán_de_Ocampo","2021","3","796","74","339","355","28","214","18","55","123","18","582","56","284","232","10",
"Número_de_Personas_Trabajadoras_del_Hogar_afiliadas_ante_el_Instituto_Mexicano_del_Seguro_Social",	17,"Morelos","2021","3","644","56","221","348","19","244","19","66","150","9","400","37","155","198","10",
"Número_de_Personas_Trabajadoras_del_Hogar_afiliadas_ante_el_Instituto_Mexicano_del_Seguro_Social",	18,"Nayarit","2021","3","382","59","139","164","20","100","10","32","50","8","282","49","107","114","12",
"Número_de_Personas_Trabajadoras_del_Hogar_afiliadas_ante_el_Instituto_Mexicano_del_Seguro_Social",	19,"Nuevo_León","2021","3","1,470","157","571","710","32","518","46","196","256","20","952","111","375","454","12",
"Número_de_Personas_Trabajadoras_del_Hogar_afiliadas_ante_el_Instituto_Mexicano_del_Seguro_Social",	20,"Oaxaca","2021","3","381","35","111","221","14","174","12","31","120","11","207","23","80","101","3",
"Número_de_Personas_Trabajadoras_del_Hogar_afiliadas_ante_el_Instituto_Mexicano_del_Seguro_Social",	21,"Puebla","2021","3","549","37","161","330","21","193","10","35","137","11","356","27","126","193","10",
"Número_de_Personas_Trabajadoras_del_Hogar_afiliadas_ante_el_Instituto_Mexicano_del_Seguro_Social",	22,"Querétaro","2021","3","471","44","163","248","16","150","12","31","99","8","321","32","132","149","8",
"Número_de_Personas_Trabajadoras_del_Hogar_afiliadas_ante_el_Instituto_Mexicano_del_Seguro_Social",	23,"Quintana_Roo","2021","3","156","21","54","74","7","38","3","5","26","4","118","18","49","48","3",
"Número_de_Personas_Trabajadoras_del_Hogar_afiliadas_ante_el_Instituto_Mexicano_del_Seguro_Social",	24,"San_Luis_Potosí","2021","3","337","15","112","201","9","84","3","14","63","4","253","12","98","138","5",
"Número_de_Personas_Trabajadoras_del_Hogar_afiliadas_ante_el_Instituto_Mexicano_del_Seguro_Social",	25,"Sinaloa","2021","3","1,283","128","442","676","37","439","27","128","260","24","844","101","314","416","13",
"Número_de_Personas_Trabajadoras_del_Hogar_afiliadas_ante_el_Instituto_Mexicano_del_Seguro_Social",	26,"Sonora","2021","3","1,470","91","388","954","37","547","21","132","376","18","923","70","256","578","19",
"Número_de_Personas_Trabajadoras_del_Hogar_afiliadas_ante_el_Instituto_Mexicano_del_Seguro_Social",	27,"Tabasco","2021","3","123","13","51","57","2","26","1","4","20","1","97","12","47","37","1",
"Número_de_Personas_Trabajadoras_del_Hogar_afiliadas_ante_el_Instituto_Mexicano_del_Seguro_Social",	28,"Tamaulipas","2021","3","1,155","70","236","809","40","443","14","57","348","24","712","56","179","461","16",
"Número_de_Personas_Trabajadoras_del_Hogar_afiliadas_ante_el_Instituto_Mexicano_del_Seguro_Social",	29,"Tlaxcala","2021","3","265","41","58","156","10","131","17","19","86","9","134","24","39","70","1",
"Número_de_Personas_Trabajadoras_del_Hogar_afiliadas_ante_el_Instituto_Mexicano_del_Seguro_Social",	30,"Veracruz_de_Ignacio_de_la_Llave","2021","3","1,197","157","356","644","40","454","37","77","312","28","743","120","279","332","12",
"Número_de_Personas_Trabajadoras_del_Hogar_afiliadas_ante_el_Instituto_Mexicano_del_Seguro_Social",	31,"Yucatán","2021","3","696","68","214","390","24","292","28","72","175","17","404","40","142","215","7",
"Número_de_Personas_Trabajadoras_del_Hogar_afiliadas_ante_el_Instituto_Mexicano_del_Seguro_Social",	32,"Zacatecas","2021","3","141","13","49","77","2","21","1","6","13","1","120","12","43","64","1",
"Número_de_Personas_Trabajadoras_del_Hogar_afiliadas_ante_el_Instituto_Mexicano_del_Seguro_Social",	00,"Estados_Unidos_Mexicanos","2021","2","28,414","2,533","9,306","15,666","909","9,177","607","2,221","5,858","491","19,237","1,926","7,085","9,808","418",
"Número_de_Personas_Trabajadoras_del_Hogar_afiliadas_ante_el_Instituto_Mexicano_del_Seguro_Social",	01,"Aguascalientes","2021","2","865","46","210","578","31","337","12","48","260","17","528","34","162","318","14",
"Número_de_Personas_Trabajadoras_del_Hogar_afiliadas_ante_el_Instituto_Mexicano_del_Seguro_Social",	02,"Baja_California","2021","2","1,209","82","293","786","48","434","24","80","302","28","775","58","213","484","20",
"Número_de_Personas_Trabajadoras_del_Hogar_afiliadas_ante_el_Instituto_Mexicano_del_Seguro_Social",	03,"Baja_California_Sur","2021","2","174","10","73","85","6","35","1","5","27","2","139","9","68","58","4",
"Número_de_Personas_Trabajadoras_del_Hogar_afiliadas_ante_el_Instituto_Mexicano_del_Seguro_Social",	04,"Campeche","2021","2","66","5","24","36","1","16","2","8","6","0","50","3","16","30","1",
"Número_de_Personas_Trabajadoras_del_Hogar_afiliadas_ante_el_Instituto_Mexicano_del_Seguro_Social",	05,"Coahuila_de_Zaragoza","2021","2","1,126","61","234","793","38","438","8","65","342","23","688","53","169","451","15",
"Número_de_Personas_Trabajadoras_del_Hogar_afiliadas_ante_el_Instituto_Mexicano_del_Seguro_Social",	06,"Colima","2021","2","339","22","122","187","8","93","2","23","64","4","246","20","99","123","4",
"Número_de_Personas_Trabajadoras_del_Hogar_afiliadas_ante_el_Instituto_Mexicano_del_Seguro_Social",	07,"Chiapas","2021","2","525","78","180","246","21","208","22","44","132","10","317","56","136","114","11",
"Número_de_Personas_Trabajadoras_del_Hogar_afiliadas_ante_el_Instituto_Mexicano_del_Seguro_Social",	08,"Chihuahua","2021","2","1,018","52","267","671","28","223","7","48","157","11","795","45","219","514","17",
"Número_de_Personas_Trabajadoras_del_Hogar_afiliadas_ante_el_Instituto_Mexicano_del_Seguro_Social",	09,"Ciudad_de_México","2021","2","4,668","430","1,827","2,266","145","1,068","57","341","610","60","3,600","373","1,486","1,656","85",
"Número_de_Personas_Trabajadoras_del_Hogar_afiliadas_ante_el_Instituto_Mexicano_del_Seguro_Social",	10,"Durango","2021","2","274","17","92","155","10","74","7","18","45","4","200","10","74","110","6",
"Número_de_Personas_Trabajadoras_del_Hogar_afiliadas_ante_el_Instituto_Mexicano_del_Seguro_Social",	11,"Guanajuato","2021","2","875","57","317","483","18","299","14","76","197","12","576","43","241","286","6",
"Número_de_Personas_Trabajadoras_del_Hogar_afiliadas_ante_el_Instituto_Mexicano_del_Seguro_Social",	12,"Guerrero","2021","2","998","110","350","512","26","390","34","99","239","18","608","76","251","273","8",
"Número_de_Personas_Trabajadoras_del_Hogar_afiliadas_ante_el_Instituto_Mexicano_del_Seguro_Social",	13,"Hidalgo","2021","2","325","21","97","191","16","127","4","24","87","12","198","17","73","104","4",
"Número_de_Personas_Trabajadoras_del_Hogar_afiliadas_ante_el_Instituto_Mexicano_del_Seguro_Social",	14,"Jalisco","2021","2","1,577","196","662","675","44","400","50","148","183","19","1,177","146","514","492","25",
"Número_de_Personas_Trabajadoras_del_Hogar_afiliadas_ante_el_Instituto_Mexicano_del_Seguro_Social",	15,"México","2021","2","2,425","217","729","1,397","82","831","58","173","556","44","1,594","159","556","841","38",
"Número_de_Personas_Trabajadoras_del_Hogar_afiliadas_ante_el_Instituto_Mexicano_del_Seguro_Social",	16,"Michoacán_de_Ocampo","2021","2","813","74","341","369","29","215","18","56","124","17","598","56","285","245","12",
"Número_de_Personas_Trabajadoras_del_Hogar_afiliadas_ante_el_Instituto_Mexicano_del_Seguro_Social",	17,"Morelos","2021","2","679","58","240","363","18","246","18","67","151","10","433","40","173","212","8",
"Número_de_Personas_Trabajadoras_del_Hogar_afiliadas_ante_el_Instituto_Mexicano_del_Seguro_Social",	18,"Nayarit","2021","2","390","66","150","156","18","96","11","34","44","7","294","55","116","112","11",
"Número_de_Personas_Trabajadoras_del_Hogar_afiliadas_ante_el_Instituto_Mexicano_del_Seguro_Social",	19,"Nuevo_León","2021","2","1,497","174","591","695","37","534","55","203","252","24","963","119","388","443","13",
"Número_de_Personas_Trabajadoras_del_Hogar_afiliadas_ante_el_Instituto_Mexicano_del_Seguro_Social",	20,"Oaxaca","2021","2","449","49","138","245","17","210","19","47","130","14","239","30","91","115","3",
"Número_de_Personas_Trabajadoras_del_Hogar_afiliadas_ante_el_Instituto_Mexicano_del_Seguro_Social",	21,"Puebla","2021","2","594","41","177","351","25","209","13","41","142","13","385","28","136","209","12",
"Número_de_Personas_Trabajadoras_del_Hogar_afiliadas_ante_el_Instituto_Mexicano_del_Seguro_Social",	22,"Querétaro","2021","2","467","44","172","236","15","143","10","34","91","8","324","34","138","145","7",
"Número_de_Personas_Trabajadoras_del_Hogar_afiliadas_ante_el_Instituto_Mexicano_del_Seguro_Social",	23,"Quintana_Roo","2021","2","156","15","57","77","7","41","3","6","28","4","115","12","51","49","3",
"Número_de_Personas_Trabajadoras_del_Hogar_afiliadas_ante_el_Instituto_Mexicano_del_Seguro_Social",	24,"San_Luis_Potosí","2021","2","338","16","104","208","10","87","4","14","65","4","251","12","90","143","6",
"Número_de_Personas_Trabajadoras_del_Hogar_afiliadas_ante_el_Instituto_Mexicano_del_Seguro_Social",	25,"Sinaloa","2021","2","1,337","134","473","688","42","452","28","138","261","25","885","106","335","427","17",
"Número_de_Personas_Trabajadoras_del_Hogar_afiliadas_ante_el_Instituto_Mexicano_del_Seguro_Social",	26,"Sonora","2021","2","1,516","96","379","994","47","578","28","127","400","23","938","68","252","594","24",
"Número_de_Personas_Trabajadoras_del_Hogar_afiliadas_ante_el_Instituto_Mexicano_del_Seguro_Social",	27,"Tabasco","2021","2","120","9","52","57","2","26","1","6","18","1","94","8","46","39","1",
"Número_de_Personas_Trabajadoras_del_Hogar_afiliadas_ante_el_Instituto_Mexicano_del_Seguro_Social",	28,"Tamaulipas","2021","2","1,209","79","246","842","42","445","18","57","346","24","764","61","189","496","18",
"Número_de_Personas_Trabajadoras_del_Hogar_afiliadas_ante_el_Instituto_Mexicano_del_Seguro_Social",	29,"Tlaxcala","2021","2","290","39","68","174","9","143","18","25","91","9","147","21","43","83","0",
"Número_de_Personas_Trabajadoras_del_Hogar_afiliadas_ante_el_Instituto_Mexicano_del_Seguro_Social",	30,"Veracruz_de_Ignacio_de_la_Llave","2021","2","1,236","152","369","669","46","473","35","82","327","29","763","117","287","342","17",
"Número_de_Personas_Trabajadoras_del_Hogar_afiliadas_ante_el_Instituto_Mexicano_del_Seguro_Social",	31,"Yucatán","2021","2","722","72","223","407","20","285","26","76","170","13","437","46","147","237","7",
"Número_de_Personas_Trabajadoras_del_Hogar_afiliadas_ante_el_Instituto_Mexicano_del_Seguro_Social",	32,"Zacatecas","2021","2","137","11","49","74","3","21","0","8","11","2","116","11","41","63","1",
"Número_de_Personas_Trabajadoras_del_Hogar_afiliadas_ante_el_Instituto_Mexicano_del_Seguro_Social",	00,"Estados_Unidos_Mexicanos","2021","1","26,748","2,334","8,626","14,893","895","8,623","568","2,029","5,546","480","18,125","1,766","6,597","9,347","415",
"Número_de_Personas_Trabajadoras_del_Hogar_afiliadas_ante_el_Instituto_Mexicano_del_Seguro_Social",	01,"Aguascalientes","2021","1","807","46","188","546","27","313","12","48","240","13","494","34","140","306","14",
"Número_de_Personas_Trabajadoras_del_Hogar_afiliadas_ante_el_Instituto_Mexicano_del_Seguro_Social",	02,"Baja_California","2021","1","1,192","77","290","771","54","443","22","80","307","34","749","55","210","464","20",
"Número_de_Personas_Trabajadoras_del_Hogar_afiliadas_ante_el_Instituto_Mexicano_del_Seguro_Social",	03,"Baja_California_Sur","2021","1","168","13","68","81","6","36","2","6","26","2","132","11","62","55","4",
"Número_de_Personas_Trabajadoras_del_Hogar_afiliadas_ante_el_Instituto_Mexicano_del_Seguro_Social",	04,"Campeche","2021","1","63","7","21","34","1","15","2","7","6","0","48","5","14","28","1",
"Número_de_Personas_Trabajadoras_del_Hogar_afiliadas_ante_el_Instituto_Mexicano_del_Seguro_Social",	05,"Coahuila_de_Zaragoza","2021","1","1,069","52","205","771","41","421","10","52","334","25","648","42","153","437","16",
"Número_de_Personas_Trabajadoras_del_Hogar_afiliadas_ante_el_Instituto_Mexicano_del_Seguro_Social",	06,"Colima","2021","1","303","19","109","167","8","89","2","20","63","4","214","17","89","104","4",
"Número_de_Personas_Trabajadoras_del_Hogar_afiliadas_ante_el_Instituto_Mexicano_del_Seguro_Social",	07,"Chiapas","2021","1","443","63","143","220","17","170","18","32","112","8","273","45","111","108","9",
"Número_de_Personas_Trabajadoras_del_Hogar_afiliadas_ante_el_Instituto_Mexicano_del_Seguro_Social",	08,"Chihuahua","2021","1","954","46","249","632","27","206","8","44","142","12","748","38","205","490","15",
"Número_de_Personas_Trabajadoras_del_Hogar_afiliadas_ante_el_Instituto_Mexicano_del_Seguro_Social",	09,"Ciudad_de_México","2021","1","4,496","405","1,777","2,169","145","1,036","59","336","584","57","3,460","346","1,441","1,585","88",
"Número_de_Personas_Trabajadoras_del_Hogar_afiliadas_ante_el_Instituto_Mexicano_del_Seguro_Social",	10,"Durango","2021","1","265","16","97","141","11","74","5","20","45","4","191","11","77","96","7",
"Número_de_Personas_Trabajadoras_del_Hogar_afiliadas_ante_el_Instituto_Mexicano_del_Seguro_Social",	11,"Guanajuato","2021","1","836","54","312","454","16","278","13","76","179","10","558","41","236","275","6",
"Número_de_Personas_Trabajadoras_del_Hogar_afiliadas_ante_el_Instituto_Mexicano_del_Seguro_Social",	12,"Guerrero","2021","1","906","103","309","472","22","357","29","88","226","14","549","74","221","246","8",
"Número_de_Personas_Trabajadoras_del_Hogar_afiliadas_ante_el_Instituto_Mexicano_del_Seguro_Social",	13,"Hidalgo","2021","1","302","20","85","180","17","117","5","20","80","12","185","15","65","100","5",
"Número_de_Personas_Trabajadoras_del_Hogar_afiliadas_ante_el_Instituto_Mexicano_del_Seguro_Social",	14,"Jalisco","2021","1","1,462","179","600","639","44","376","46","135","176","19","1,086","133","465","463","25",
"Número_de_Personas_Trabajadoras_del_Hogar_afiliadas_ante_el_Instituto_Mexicano_del_Seguro_Social",	15,"México","2021","1","2,300","231","661","1,328","80","766","58","145","518","45","1,534","173","516","810","35",
"Número_de_Personas_Trabajadoras_del_Hogar_afiliadas_ante_el_Instituto_Mexicano_del_Seguro_Social",	16,"Michoacán_de_Ocampo","2021","1","777","74","323","354","26","197","18","46","118","15","580","56","277","236","11",
"Número_de_Personas_Trabajadoras_del_Hogar_afiliadas_ante_el_Instituto_Mexicano_del_Seguro_Social",	17,"Morelos","2021","1","669","44","242","362","21","240","13","65","151","11","429","31","177","211","10",
"Número_de_Personas_Trabajadoras_del_Hogar_afiliadas_ante_el_Instituto_Mexicano_del_Seguro_Social",	18,"Nayarit","2021","1","346","55","129","145","17","95","13","36","39","7","251","42","93","106","10",
"Número_de_Personas_Trabajadoras_del_Hogar_afiliadas_ante_el_Instituto_Mexicano_del_Seguro_Social",	19,"Nuevo_León","2021","1","1,418","166","542","674","36","498","53","184","239","22","920","113","358","435","14",
"Número_de_Personas_Trabajadoras_del_Hogar_afiliadas_ante_el_Instituto_Mexicano_del_Seguro_Social",	20,"Oaxaca","2021","1","421","38","120","247","16","192","14","42","123","13","229","24","78","124","3",
"Número_de_Personas_Trabajadoras_del_Hogar_afiliadas_ante_el_Instituto_Mexicano_del_Seguro_Social",	21,"Puebla","2021","1","561","35","167","333","26","196","11","35","137","13","365","24","132","196","13",
"Número_de_Personas_Trabajadoras_del_Hogar_afiliadas_ante_el_Instituto_Mexicano_del_Seguro_Social",	22,"Querétaro","2021","1","434","40","155","225","14","127","9","27","84","7","307","31","128","141","7",
"Número_de_Personas_Trabajadoras_del_Hogar_afiliadas_ante_el_Instituto_Mexicano_del_Seguro_Social",	23,"Quintana_Roo","2021","1","138","13","50","69","6","35","3","4","25","3","103","10","46","44","3",
"Número_de_Personas_Trabajadoras_del_Hogar_afiliadas_ante_el_Instituto_Mexicano_del_Seguro_Social",	24,"San_Luis_Potosí","2021","1","335","18","104","205","8","91","4","15","68","4","244","14","89","137","4",
"Número_de_Personas_Trabajadoras_del_Hogar_afiliadas_ante_el_Instituto_Mexicano_del_Seguro_Social",	25,"Sinaloa","2021","1","1,242","120","425","657","40","418","24","116","254","24","824","96","309","403","16",
"Número_de_Personas_Trabajadoras_del_Hogar_afiliadas_ante_el_Instituto_Mexicano_del_Seguro_Social",	26,"Sonora","2021","1","1,413","82","352","932","47","547","24","125","372","26","866","58","227","560","21",
"Número_de_Personas_Trabajadoras_del_Hogar_afiliadas_ante_el_Instituto_Mexicano_del_Seguro_Social",	27,"Tabasco","2021","1","99","4","47","45","3","25","2","5","17","1","74","2","42","28","2",
"Número_de_Personas_Trabajadoras_del_Hogar_afiliadas_ante_el_Instituto_Mexicano_del_Seguro_Social",	28,"Tamaulipas","2021","1","1,162","68","225","829","40","429","16","52","339","22","733","52","173","490","18",
"Número_de_Personas_Trabajadoras_del_Hogar_afiliadas_ante_el_Instituto_Mexicano_del_Seguro_Social",	29,"Tlaxcala","2021","1","266","39","66","152","9","127","16","24","78","9","139","23","42","74","0",
"Número_de_Personas_Trabajadoras_del_Hogar_afiliadas_ante_el_Instituto_Mexicano_del_Seguro_Social",	30,"Veracruz_de_Ignacio_de_la_Llave","2021","1","1,116","136","320","613","47","419","31","65","294","29","697","105","255","319","18",
"Número_de_Personas_Trabajadoras_del_Hogar_afiliadas_ante_el_Instituto_Mexicano_del_Seguro_Social",	31,"Yucatán","2021","1","646","58","194","374","20","266","26","70","157","13","380","32","124","217","7",
"Número_de_Personas_Trabajadoras_del_Hogar_afiliadas_ante_el_Instituto_Mexicano_del_Seguro_Social",	32,"Zacatecas","2021","1","139","13","51","72","3","24","0","9","13","2","115","13","42","59","1",
"Número_de_Personas_Trabajadoras_del_Hogar_afiliadas_ante_el_Instituto_Mexicano_del_Seguro_Social",	00,"Estados_Unidos_Mexicanos","2020","12","26,193","2,331","8,499","14,514","849","8,328","543","1,970","5,353","462","17,865","1,788","6,529","9,161","387",
"Número_de_Personas_Trabajadoras_del_Hogar_afiliadas_ante_el_Instituto_Mexicano_del_Seguro_Social",	01,"Aguascalientes","2020","12","822","45","191","558","28","323","14","47","245","17","499","31","144","313","11",
"Número_de_Personas_Trabajadoras_del_Hogar_afiliadas_ante_el_Instituto_Mexicano_del_Seguro_Social",	02,"Baja_California","2020","12","1,142","68","294","727","53","423","22","84","285","32","719","46","210","442","21",
"Número_de_Personas_Trabajadoras_del_Hogar_afiliadas_ante_el_Instituto_Mexicano_del_Seguro_Social",	03,"Baja_California_Sur","2020","12","156","14","59","77","6","33","2","6","23","2","123","12","53","54","4",
"Número_de_Personas_Trabajadoras_del_Hogar_afiliadas_ante_el_Instituto_Mexicano_del_Seguro_Social",	04,"Campeche","2020","12","58","5","22","30","1","10","1","4","5","0","48","4","18","25","1",
"Número_de_Personas_Trabajadoras_del_Hogar_afiliadas_ante_el_Instituto_Mexicano_del_Seguro_Social",	05,"Coahuila_de_Zaragoza","2020","12","1,057","57","212","751","37","412","12","58","317","25","645","45","154","434","12",
"Número_de_Personas_Trabajadoras_del_Hogar_afiliadas_ante_el_Instituto_Mexicano_del_Seguro_Social",	06,"Colima","2020","12","300","20","106","166","8","85","0","22","59","4","215","20","84","107","4",
"Número_de_Personas_Trabajadoras_del_Hogar_afiliadas_ante_el_Instituto_Mexicano_del_Seguro_Social",	07,"Chiapas","2020","12","434","61","153","204","16","156","13","35","100","8","278","48","118","104","8",
"Número_de_Personas_Trabajadoras_del_Hogar_afiliadas_ante_el_Instituto_Mexicano_del_Seguro_Social",	08,"Chihuahua","2020","12","965","43","250","648","24","200","6","39","145","10","765","37","211","503","14",
"Número_de_Personas_Trabajadoras_del_Hogar_afiliadas_ante_el_Instituto_Mexicano_del_Seguro_Social",	09,"Ciudad_de_México","2020","12","4,357","407","1,724","2,093","133","997","52","314","577","54","3,360","355","1,410","1,516","79",
"Número_de_Personas_Trabajadoras_del_Hogar_afiliadas_ante_el_Instituto_Mexicano_del_Seguro_Social",	10,"Durango","2020","12","271","17","98","146","10","80","5","22","50","3","191","12","76","96","7",
"Número_de_Personas_Trabajadoras_del_Hogar_afiliadas_ante_el_Instituto_Mexicano_del_Seguro_Social",	11,"Guanajuato","2020","12","809","55","292","447","15","269","11","73","175","10","540","44","219","272","5",
"Número_de_Personas_Trabajadoras_del_Hogar_afiliadas_ante_el_Instituto_Mexicano_del_Seguro_Social",	12,"Guerrero","2020","12","871","99","306","448","18","335","29","82","212","12","536","70","224","236","6",
"Número_de_Personas_Trabajadoras_del_Hogar_afiliadas_ante_el_Instituto_Mexicano_del_Seguro_Social",	13,"Hidalgo","2020","12","286","21","88","163","14","100","4","17","70","9","186","17","71","93","5",
"Número_de_Personas_Trabajadoras_del_Hogar_afiliadas_ante_el_Instituto_Mexicano_del_Seguro_Social",	14,"Jalisco","2020","12","1,452","191","596","622","43","375","50","128","179","18","1,077","141","468","443","25",
"Número_de_Personas_Trabajadoras_del_Hogar_afiliadas_ante_el_Instituto_Mexicano_del_Seguro_Social",	15,"México","2020","12","2,228","199","676","1,275","78","736","42","153","495","46","1,492","157","523","780","32",
"Número_de_Personas_Trabajadoras_del_Hogar_afiliadas_ante_el_Instituto_Mexicano_del_Seguro_Social",	16,"Michoacán_de_Ocampo","2020","12","772","73","326","347","26","205","20","56","114","15","567","53","270","233","11",
"Número_de_Personas_Trabajadoras_del_Hogar_afiliadas_ante_el_Instituto_Mexicano_del_Seguro_Social",	17,"Morelos","2020","12","655","50","232","351","22","229","16","59","141","13","426","34","173","210","9",
"Número_de_Personas_Trabajadoras_del_Hogar_afiliadas_ante_el_Instituto_Mexicano_del_Seguro_Social",	18,"Nayarit","2020","12","339","53","136","135","15","84","9","33","36","6","255","44","103","99","9",
"Número_de_Personas_Trabajadoras_del_Hogar_afiliadas_ante_el_Instituto_Mexicano_del_Seguro_Social",	19,"Nuevo_León","2020","12","1,372","175","510","651","36","472","52","173","225","22","900","123","337","426","14",
"Número_de_Personas_Trabajadoras_del_Hogar_afiliadas_ante_el_Instituto_Mexicano_del_Seguro_Social",	20,"Oaxaca","2020","12","422","44","121","243","14","188","15","36","126","11","234","29","85","117","3",
"Número_de_Personas_Trabajadoras_del_Hogar_afiliadas_ante_el_Instituto_Mexicano_del_Seguro_Social",	21,"Puebla","2020","12","528","37","159","310","22","177","12","38","117","10","351","25","121","193","12",
"Número_de_Personas_Trabajadoras_del_Hogar_afiliadas_ante_el_Instituto_Mexicano_del_Seguro_Social",	22,"Querétaro","2020","12","403","31","148","209","15","119","8","27","75","9","284","23","121","134","6",
"Número_de_Personas_Trabajadoras_del_Hogar_afiliadas_ante_el_Instituto_Mexicano_del_Seguro_Social",	23,"Quintana_Roo","2020","12","132","16","46","65","5","33","4","3","23","3","99","12","43","42","2",
"Número_de_Personas_Trabajadoras_del_Hogar_afiliadas_ante_el_Instituto_Mexicano_del_Seguro_Social",	24,"San_Luis_Potosí","2020","12","323","16","105","192","10","84","3","17","60","4","239","13","88","132","6",
"Número_de_Personas_Trabajadoras_del_Hogar_afiliadas_ante_el_Instituto_Mexicano_del_Seguro_Social",	25,"Sinaloa","2020","12","1,222","129","414","644","35","395","24","107","245","19","827","105","307","399","16",
"Número_de_Personas_Trabajadoras_del_Hogar_afiliadas_ante_el_Instituto_Mexicano_del_Seguro_Social",	26,"Sonora","2020","12","1,416","78","361","930","47","541","24","114","375","28","875","54","247","555","19",
"Número_de_Personas_Trabajadoras_del_Hogar_afiliadas_ante_el_Instituto_Mexicano_del_Seguro_Social",	27,"Tabasco","2020","12","110","8","52","48","2","24","2","6","15","1","86","6","46","33","1",
"Número_de_Personas_Trabajadoras_del_Hogar_afiliadas_ante_el_Instituto_Mexicano_del_Seguro_Social",	28,"Tamaulipas","2020","12","1,168","73","219","836","40","425","17","51","334","23","743","56","168","502","17",
"Número_de_Personas_Trabajadoras_del_Hogar_afiliadas_ante_el_Instituto_Mexicano_del_Seguro_Social",	29,"Tlaxcala","2020","12","254","34","57","156","7","124","16","21","80","7","130","18","36","76","0",
"Número_de_Personas_Trabajadoras_del_Hogar_afiliadas_ante_el_Instituto_Mexicano_del_Seguro_Social",	30,"Veracruz_de_Ignacio_de_la_Llave","2020","12","1,078","137","302","591","48","410","33","67","282","28","668","104","235","309","20",
"Número_de_Personas_Trabajadoras_del_Hogar_afiliadas_ante_el_Instituto_Mexicano_del_Seguro_Social",	31,"Yucatán","2020","12","653","62","197","374","20","263","25","71","154","13","390","37","126","220","7",
"Número_de_Personas_Trabajadoras_del_Hogar_afiliadas_ante_el_Instituto_Mexicano_del_Seguro_Social",	32,"Zacatecas","2020","12","138","13","47","77","1","21","0","7","14","0","117","13","40","63","1",
"Número_de_Personas_Trabajadoras_del_Hogar_afiliadas_ante_el_Instituto_Mexicano_del_Seguro_Social",	00,"Estados_Unidos_Mexicanos","2020","11","27,640","2,410","8,889","15,395","946","8,752","580","2,027","5,638","507","18,888","1,830","6,862","9,757","439",
"Número_de_Personas_Trabajadoras_del_Hogar_afiliadas_ante_el_Instituto_Mexicano_del_Seguro_Social",	01,"Aguascalientes","2020","11","905","45","206","618","36","358","12","52","272","22","547","33","154","346","14",
"Número_de_Personas_Trabajadoras_del_Hogar_afiliadas_ante_el_Instituto_Mexicano_del_Seguro_Social",	02,"Baja_California","2020","11","1,185","71","289","775","50","429","24","74","301","30","756","47","215","474","20",
"Número_de_Personas_Trabajadoras_del_Hogar_afiliadas_ante_el_Instituto_Mexicano_del_Seguro_Social",	03,"Baja_California_Sur","2020","11","172","15","62","87","8","34","1","6","25","2","138","14","56","62","6",
"Número_de_Personas_Trabajadoras_del_Hogar_afiliadas_ante_el_Instituto_Mexicano_del_Seguro_Social",	04,"Campeche","2020","11","58","5","19","33","1","9","2","2","5","0","49","3","17","28","1",
"Número_de_Personas_Trabajadoras_del_Hogar_afiliadas_ante_el_Instituto_Mexicano_del_Seguro_Social",	05,"Coahuila_de_Zaragoza","2020","11","1,125","58","239","789","39","431","13","63","329","26","694","45","176","460","13",
"Número_de_Personas_Trabajadoras_del_Hogar_afiliadas_ante_el_Instituto_Mexicano_del_Seguro_Social",	06,"Colima","2020","11","327","20","119","180","8","97","1","22","69","5","230","19","97","111","3",
"Número_de_Personas_Trabajadoras_del_Hogar_afiliadas_ante_el_Instituto_Mexicano_del_Seguro_Social",	07,"Chiapas","2020","11","442","65","147","213","17","169","17","36","108","8","273","48","111","105","9",
"Número_de_Personas_Trabajadoras_del_Hogar_afiliadas_ante_el_Instituto_Mexicano_del_Seguro_Social",	08,"Chihuahua","2020","11","1,047","43","251","721","32","234","5","46","170","13","813","38","205","551","19",
"Número_de_Personas_Trabajadoras_del_Hogar_afiliadas_ante_el_Instituto_Mexicano_del_Seguro_Social",	09,"Ciudad_de_México","2020","11","3,776","340","1,336","1,964","136","883","37","260","535","51","2,893","303","1,076","1,429","85",
"Número_de_Personas_Trabajadoras_del_Hogar_afiliadas_ante_el_Instituto_Mexicano_del_Seguro_Social",	10,"Durango","2020","11","309","25","103","168","13","89","5","22","57","5","220","20","81","111","8",
"Número_de_Personas_Trabajadoras_del_Hogar_afiliadas_ante_el_Instituto_Mexicano_del_Seguro_Social",	11,"Guanajuato","2020","11","876","52","325","482","17","283","11","79","183","10","593","41","246","299","7",
"Número_de_Personas_Trabajadoras_del_Hogar_afiliadas_ante_el_Instituto_Mexicano_del_Seguro_Social",	12,"Guerrero","2020","11","907","97","335","448","27","342","28","91","205","18","565","69","244","243","9",
"Número_de_Personas_Trabajadoras_del_Hogar_afiliadas_ante_el_Instituto_Mexicano_del_Seguro_Social",	13,"Hidalgo","2020","11","331","34","102","181","14","108","6","20","74","8","223","28","82","107","6",
"Número_de_Personas_Trabajadoras_del_Hogar_afiliadas_ante_el_Instituto_Mexicano_del_Seguro_Social",	14,"Jalisco","2020","11","1,545","196","643","663","43","382","56","138","170","18","1,163","140","505","493","25",
"Número_de_Personas_Trabajadoras_del_Hogar_afiliadas_ante_el_Instituto_Mexicano_del_Seguro_Social",	15,"México","2020","11","2,984","257","1,038","1,595","94","878","56","201","569","52","2,106","201","837","1,026","42",
"Número_de_Personas_Trabajadoras_del_Hogar_afiliadas_ante_el_Instituto_Mexicano_del_Seguro_Social",	16,"Michoacán_de_Ocampo","2020","11","834","86","353","360","35","218","25","56","118","19","616","61","297","242","16",
"Número_de_Personas_Trabajadoras_del_Hogar_afiliadas_ante_el_Instituto_Mexicano_del_Seguro_Social",	17,"Morelos","2020","11","723","60","260","378","25","265","24","73","154","14","458","36","187","224","11",
"Número_de_Personas_Trabajadoras_del_Hogar_afiliadas_ante_el_Instituto_Mexicano_del_Seguro_Social",	18,"Nayarit","2020","11","356","59","136","145","16","88","12","32","38","6","268","47","104","107","10",
"Número_de_Personas_Trabajadoras_del_Hogar_afiliadas_ante_el_Instituto_Mexicano_del_Seguro_Social",	19,"Nuevo_León","2020","11","1,404","154","547","663","40","478","47","177","230","24","926","107","370","433","16",
"Número_de_Personas_Trabajadoras_del_Hogar_afiliadas_ante_el_Instituto_Mexicano_del_Seguro_Social",	20,"Oaxaca","2020","11","454","53","137","248","16","202","18","47","126","11","252","35","90","122","5",
"Número_de_Personas_Trabajadoras_del_Hogar_afiliadas_ante_el_Instituto_Mexicano_del_Seguro_Social",	21,"Puebla","2020","11","581","45","181","331","24","184","13","29","132","10","397","32","152","199","14",
"Número_de_Personas_Trabajadoras_del_Hogar_afiliadas_ante_el_Instituto_Mexicano_del_Seguro_Social",	22,"Querétaro","2020","11","419","32","167","205","15","120","10","33","69","8","299","22","134","136","7",
"Número_de_Personas_Trabajadoras_del_Hogar_afiliadas_ante_el_Instituto_Mexicano_del_Seguro_Social",	23,"Quintana_Roo","2020","11","145","17","54","69","5","37","5","5","25","2","108","12","49","44","3",
"Número_de_Personas_Trabajadoras_del_Hogar_afiliadas_ante_el_Instituto_Mexicano_del_Seguro_Social",	24,"San_Luis_Potosí","2020","11","356","25","112","207","12","89","4","16","65","4","267","21","96","142","8",
"Número_de_Personas_Trabajadoras_del_Hogar_afiliadas_ante_el_Instituto_Mexicano_del_Seguro_Social",	25,"Sinaloa","2020","11","1,234","137","410","646","41","395","26","107","238","24","839","111","303","408","17",
"Número_de_Personas_Trabajadoras_del_Hogar_afiliadas_ante_el_Instituto_Mexicano_del_Seguro_Social",	26,"Sonora","2020","11","1,498","81","377","991","49","579","26","124","402","27","919","55","253","589","22",
"Número_de_Personas_Trabajadoras_del_Hogar_afiliadas_ante_el_Instituto_Mexicano_del_Seguro_Social",	27,"Tabasco","2020","11","107","7","50","49","1","21","1","4","16","0","86","6","46","33","1",
"Número_de_Personas_Trabajadoras_del_Hogar_afiliadas_ante_el_Instituto_Mexicano_del_Seguro_Social",	28,"Tamaulipas","2020","11","1,259","72","234","905","48","470","18","55","368","29","789","54","179","537","19",
"Número_de_Personas_Trabajadoras_del_Hogar_afiliadas_ante_el_Instituto_Mexicano_del_Seguro_Social",	29,"Tlaxcala","2020","11","294","36","72","176","10","145","17","23","95","10","149","19","49","81","0",
"Número_de_Personas_Trabajadoras_del_Hogar_afiliadas_ante_el_Instituto_Mexicano_del_Seguro_Social",	30,"Veracruz_de_Ignacio_de_la_Llave","2020","11","1,156","149","325","633","49","436","34","61","308","33","720","115","264","325","16",
"Número_de_Personas_Trabajadoras_del_Hogar_afiliadas_ante_el_Instituto_Mexicano_del_Seguro_Social",	31,"Yucatán","2020","11","682","61","208","391","22","274","26","65","167","16","408","35","143","224","6",
"Número_de_Personas_Trabajadoras_del_Hogar_afiliadas_ante_el_Instituto_Mexicano_del_Seguro_Social",	32,"Zacatecas","2020","11","149","13","52","81","3","25","0","8","15","2","124","13","44","66","1",
"Número_de_Personas_Trabajadoras_del_Hogar_afiliadas_ante_el_Instituto_Mexicano_del_Seguro_Social",	00,"Estados_Unidos_Mexicanos","2020","10","25,481","2,183","8,168","14,262","868","7,952","515","1,856","5,120","461","17,529","1,668","6,312","9,142","407",
"Número_de_Personas_Trabajadoras_del_Hogar_afiliadas_ante_el_Instituto_Mexicano_del_Seguro_Social",	01,"Aguascalientes","2020","10","879","41","195","608","35","359","14","54","273","18","520","27","141","335","17",
"Número_de_Personas_Trabajadoras_del_Hogar_afiliadas_ante_el_Instituto_Mexicano_del_Seguro_Social",	02,"Baja_California","2020","10","1,073","60","254","715","44","394","19","68","275","32","679","41","186","440","12",
"Número_de_Personas_Trabajadoras_del_Hogar_afiliadas_ante_el_Instituto_Mexicano_del_Seguro_Social",	03,"Baja_California_Sur","2020","10","173","14","69","82","8","36","3","7","24","2","137","11","62","58","6",
"Número_de_Personas_Trabajadoras_del_Hogar_afiliadas_ante_el_Instituto_Mexicano_del_Seguro_Social",	04,"Campeche","2020","10","68","8","22","37","1","9","2","2","5","0","59","6","20","32","1",
"Número_de_Personas_Trabajadoras_del_Hogar_afiliadas_ante_el_Instituto_Mexicano_del_Seguro_Social",	05,"Coahuila_de_Zaragoza","2020","10","1,027","48","206","738","35","383","10","48","301","24","644","38","158","437","11",
"Número_de_Personas_Trabajadoras_del_Hogar_afiliadas_ante_el_Instituto_Mexicano_del_Seguro_Social",	06,"Colima","2020","10","309","15","113","174","7","89","0","19","67","3","220","15","94","107","4",
"Número_de_Personas_Trabajadoras_del_Hogar_afiliadas_ante_el_Instituto_Mexicano_del_Seguro_Social",	07,"Chiapas","2020","10","388","53","130","188","17","140","12","26","94","8","248","41","104","94","9",
"Número_de_Personas_Trabajadoras_del_Hogar_afiliadas_ante_el_Instituto_Mexicano_del_Seguro_Social",	08,"Chihuahua","2020","10","977","42","226","683","26","214","4","40","159","11","763","38","186","524","15",
"Número_de_Personas_Trabajadoras_del_Hogar_afiliadas_ante_el_Instituto_Mexicano_del_Seguro_Social",	09,"Ciudad_de_México","2020","10","3,511","310","1,254","1,823","124","810","28","238","495","49","2,701","282","1,016","1,328","75",
"Número_de_Personas_Trabajadoras_del_Hogar_afiliadas_ante_el_Instituto_Mexicano_del_Seguro_Social",	10,"Durango","2020","10","298","25","88","170","15","89","6","21","56","6","209","19","67","114","9",
"Número_de_Personas_Trabajadoras_del_Hogar_afiliadas_ante_el_Instituto_Mexicano_del_Seguro_Social",	11,"Guanajuato","2020","10","805","59","303","430","13","260","15","78","159","8","545","44","225","271","5",
"Número_de_Personas_Trabajadoras_del_Hogar_afiliadas_ante_el_Instituto_Mexicano_del_Seguro_Social",	12,"Guerrero","2020","10","810","93","294","401","22","297","24","80","180","13","513","69","214","221","9",
"Número_de_Personas_Trabajadoras_del_Hogar_afiliadas_ante_el_Instituto_Mexicano_del_Seguro_Social",	13,"Hidalgo","2020","10","308","31","93","168","16","92","5","16","62","9","216","26","77","106","7",
"Número_de_Personas_Trabajadoras_del_Hogar_afiliadas_ante_el_Instituto_Mexicano_del_Seguro_Social",	14,"Jalisco","2020","10","1,431","177","599","614","41","345","53","122","154","16","1,086","124","477","460","25",
"Número_de_Personas_Trabajadoras_del_Hogar_afiliadas_ante_el_Instituto_Mexicano_del_Seguro_Social",	15,"México","2020","10","2,714","228","931","1,469","86","789","44","175","519","51","1,925","184","756","950","35",
"Número_de_Personas_Trabajadoras_del_Hogar_afiliadas_ante_el_Instituto_Mexicano_del_Seguro_Social",	16,"Michoacán_de_Ocampo","2020","10","744","78","312","324","30","201","25","51","109","16","543","53","261","215","14",
"Número_de_Personas_Trabajadoras_del_Hogar_afiliadas_ante_el_Instituto_Mexicano_del_Seguro_Social",	17,"Morelos","2020","10","655","51","238","343","23","228","21","63","133","11","427","30","175","210","12",
"Número_de_Personas_Trabajadoras_del_Hogar_afiliadas_ante_el_Instituto_Mexicano_del_Seguro_Social",	18,"Nayarit","2020","10","315","49","120","131","15","75","9","30","31","5","240","40","90","100","10",
"Número_de_Personas_Trabajadoras_del_Hogar_afiliadas_ante_el_Instituto_Mexicano_del_Seguro_Social",	19,"Nuevo_León","2020","10","1,290","140","502","613","35","446","39","166","221","20","844","101","336","392","15",
"Número_de_Personas_Trabajadoras_del_Hogar_afiliadas_ante_el_Instituto_Mexicano_del_Seguro_Social",	20,"Oaxaca","2020","10","442","53","143","233","13","199","19","50","122","8","243","34","93","111","5",
"Número_de_Personas_Trabajadoras_del_Hogar_afiliadas_ante_el_Instituto_Mexicano_del_Seguro_Social",	21,"Puebla","2020","10","527","48","171","288","20","163","13","31","111","8","364","35","140","177","12",
"Número_de_Personas_Trabajadoras_del_Hogar_afiliadas_ante_el_Instituto_Mexicano_del_Seguro_Social",	22,"Querétaro","2020","10","368","28","146","180","14","97","9","28","55","5","271","19","118","125","9",
"Número_de_Personas_Trabajadoras_del_Hogar_afiliadas_ante_el_Instituto_Mexicano_del_Seguro_Social",	23,"Quintana_Roo","2020","10","119","14","41","61","3","26","2","3","19","2","93","12","38","42","1",
"Número_de_Personas_Trabajadoras_del_Hogar_afiliadas_ante_el_Instituto_Mexicano_del_Seguro_Social",	24,"San_Luis_Potosí","2020","10","349","25","109","203","12","91","4","15","68","4","258","21","94","135","8",
"Número_de_Personas_Trabajadoras_del_Hogar_afiliadas_ante_el_Instituto_Mexicano_del_Seguro_Social",	25,"Sinaloa","2020","10","1,114","115","376","585","38","358","25","99","211","23","756","90","277","374","15",
"Número_de_Personas_Trabajadoras_del_Hogar_afiliadas_ante_el_Instituto_Mexicano_del_Seguro_Social",	26,"Sonora","2020","10","1,381","78","359","897","47","528","26","121","356","25","853","52","238","541","22",
"Número_de_Personas_Trabajadoras_del_Hogar_afiliadas_ante_el_Instituto_Mexicano_del_Seguro_Social",	27,"Tabasco","2020","10","100","7","48","44","1","17","1","4","12","0","83","6","44","32","1",
"Número_de_Personas_Trabajadoras_del_Hogar_afiliadas_ante_el_Instituto_Mexicano_del_Seguro_Social",	28,"Tamaulipas","2020","10","1,208","65","215","881","47","424","14","46","338","26","784","51","169","543","21",
"Número_de_Personas_Trabajadoras_del_Hogar_afiliadas_ante_el_Instituto_Mexicano_del_Seguro_Social",	29,"Tlaxcala","2020","10","264","33","63","157","11","130","17","23","79","11","134","16","40","78","0",
"Número_de_Personas_Trabajadoras_del_Hogar_afiliadas_ante_el_Instituto_Mexicano_del_Seguro_Social",	30,"Veracruz_de_Ignacio_de_la_Llave","2020","10","1,043","129","295","574","45","378","30","56","263","29","665","99","239","311","16",
"Número_de_Personas_Trabajadoras_del_Hogar_afiliadas_ante_el_Instituto_Mexicano_del_Seguro_Social",	31,"Yucatán","2020","10","656","56","203","376","21","261","22","67","156","16","395","34","136","220","5",
"Número_de_Personas_Trabajadoras_del_Hogar_afiliadas_ante_el_Instituto_Mexicano_del_Seguro_Social",	32,"Zacatecas","2020","10","135","10","50","72","3","24","0","9","13","2","111","10","41","59","1",
"Número_de_Personas_Trabajadoras_del_Hogar_afiliadas_ante_el_Instituto_Mexicano_del_Seguro_Social",	00,"Estados_Unidos_Mexicanos","2020","9","25,369","2,157","8,167","14,164","881","7,759","488","1,805","4,999","467","17,610","1,669","6,362","9,165","414",
"Número_de_Personas_Trabajadoras_del_Hogar_afiliadas_ante_el_Instituto_Mexicano_del_Seguro_Social",	01,"Aguascalientes","2020","9","888","41","196","615","36","367","14","52","279","22","521","27","144","336","14",
"Número_de_Personas_Trabajadoras_del_Hogar_afiliadas_ante_el_Instituto_Mexicano_del_Seguro_Social",	02,"Baja_California","2020","9","1,032","54","242","693","43","371","17","58","264","32","661","37","184","429","11",
"Número_de_Personas_Trabajadoras_del_Hogar_afiliadas_ante_el_Instituto_Mexicano_del_Seguro_Social",	03,"Baja_California_Sur","2020","9","147","10","56","74","7","30","1","6","21","2","117","9","50","53","5",
"Número_de_Personas_Trabajadoras_del_Hogar_afiliadas_ante_el_Instituto_Mexicano_del_Seguro_Social",	04,"Campeche","2020","9","64","5","22","36","1","11","2","4","5","0","53","3","18","31","1",
"Número_de_Personas_Trabajadoras_del_Hogar_afiliadas_ante_el_Instituto_Mexicano_del_Seguro_Social",	05,"Coahuila_de_Zaragoza","2020","9","1,047","51","206","755","35","393","11","50","306","26","654","40","156","449","9",
"Número_de_Personas_Trabajadoras_del_Hogar_afiliadas_ante_el_Instituto_Mexicano_del_Seguro_Social",	06,"Colima","2020","9","302","17","108","170","7","89","1","19","65","4","213","16","89","105","3",
"Número_de_Personas_Trabajadoras_del_Hogar_afiliadas_ante_el_Instituto_Mexicano_del_Seguro_Social",	07,"Chiapas","2020","9","399","59","132","193","15","142","12","29","93","8","257","47","103","100","7",
"Número_de_Personas_Trabajadoras_del_Hogar_afiliadas_ante_el_Instituto_Mexicano_del_Seguro_Social",	08,"Chihuahua","2020","9","972","43","231","667","31","210","6","45","144","15","762","37","186","523","16",
"Número_de_Personas_Trabajadoras_del_Hogar_afiliadas_ante_el_Instituto_Mexicano_del_Seguro_Social",	09,"Ciudad_de_México","2020","9","3,500","312","1,249","1,818","121","786","34","231","477","44","2,714","278","1,018","1,341","77",
"Número_de_Personas_Trabajadoras_del_Hogar_afiliadas_ante_el_Instituto_Mexicano_del_Seguro_Social",	10,"Durango","2020","9","305","24","93","169","19","90","6","20","55","9","215","18","73","114","10",
"Número_de_Personas_Trabajadoras_del_Hogar_afiliadas_ante_el_Instituto_Mexicano_del_Seguro_Social",	11,"Guanajuato","2020","9","799","55","309","421","14","237","11","75","144","7","562","44","234","277","7",
"Número_de_Personas_Trabajadoras_del_Hogar_afiliadas_ante_el_Instituto_Mexicano_del_Seguro_Social",	12,"Guerrero","2020","9","798","100","289","388","21","277","20","76","170","11","521","80","213","218","10",
"Número_de_Personas_Trabajadoras_del_Hogar_afiliadas_ante_el_Instituto_Mexicano_del_Seguro_Social",	13,"Hidalgo","2020","9","304","32","92","164","16","87","5","14","60","8","217","27","78","104","8",
"Número_de_Personas_Trabajadoras_del_Hogar_afiliadas_ante_el_Instituto_Mexicano_del_Seguro_Social",	14,"Jalisco","2020","9","1,458","188","624","604","42","354","53","130","154","17","1,104","135","494","450","25",
"Número_de_Personas_Trabajadoras_del_Hogar_afiliadas_ante_el_Instituto_Mexicano_del_Seguro_Social",	15,"México","2020","9","2,694","225","931","1,453","85","773","47","178","500","48","1,921","178","753","953","37",
"Número_de_Personas_Trabajadoras_del_Hogar_afiliadas_ante_el_Instituto_Mexicano_del_Seguro_Social",	16,"Michoacán_de_Ocampo","2020","9","746","76","320","322","28","182","17","50","101","14","564","59","270","221","14",
"Número_de_Personas_Trabajadoras_del_Hogar_afiliadas_ante_el_Instituto_Mexicano_del_Seguro_Social",	17,"Morelos","2020","9","633","43","233","333","24","216","13","60","129","14","417","30","173","204","10",
"Número_de_Personas_Trabajadoras_del_Hogar_afiliadas_ante_el_Instituto_Mexicano_del_Seguro_Social",	18,"Nayarit","2020","9","314","51","121","130","12","69","9","28","28","4","245","42","93","102","8",
"Número_de_Personas_Trabajadoras_del_Hogar_afiliadas_ante_el_Instituto_Mexicano_del_Seguro_Social",	19,"Nuevo_León","2020","9","1,270","121","504","610","35","424","34","155","217","18","846","87","349","393","17",
"Número_de_Personas_Trabajadoras_del_Hogar_afiliadas_ante_el_Instituto_Mexicano_del_Seguro_Social",	20,"Oaxaca","2020","9","400","45","133","210","12","175","14","43","111","7","225","31","90","99","5",
"Número_de_Personas_Trabajadoras_del_Hogar_afiliadas_ante_el_Instituto_Mexicano_del_Seguro_Social",	21,"Puebla","2020","9","554","41","171","319","23","175","12","26","128","9","379","29","145","191","14",
"Número_de_Personas_Trabajadoras_del_Hogar_afiliadas_ante_el_Instituto_Mexicano_del_Seguro_Social",	22,"Querétaro","2020","9","349","31","137","168","13","88","9","25","49","5","261","22","112","119","8",
"Número_de_Personas_Trabajadoras_del_Hogar_afiliadas_ante_el_Instituto_Mexicano_del_Seguro_Social",	23,"Quintana_Roo","2020","9","131","17","50","61","3","31","4","7","19","1","100","13","43","42","2",
"Número_de_Personas_Trabajadoras_del_Hogar_afiliadas_ante_el_Instituto_Mexicano_del_Seguro_Social",	24,"San_Luis_Potosí","2020","9","345","23","107","204","11","86","5","13","64","4","259","18","94","140","7",
"Número_de_Personas_Trabajadoras_del_Hogar_afiliadas_ante_el_Instituto_Mexicano_del_Seguro_Social",	25,"Sinaloa","2020","9","1,073","115","362","556","40","326","23","93","187","23","747","92","269","369","17",
"Número_de_Personas_Trabajadoras_del_Hogar_afiliadas_ante_el_Instituto_Mexicano_del_Seguro_Social",	26,"Sonora","2020","9","1,384","77","363","896","48","539","25","127","362","25","845","52","236","534","23",
"Número_de_Personas_Trabajadoras_del_Hogar_afiliadas_ante_el_Instituto_Mexicano_del_Seguro_Social",	27,"Tabasco","2020","9","96","5","49","41","1","17","1","3","13","0","79","4","46","28","1",
"Número_de_Personas_Trabajadoras_del_Hogar_afiliadas_ante_el_Instituto_Mexicano_del_Seguro_Social",	28,"Tamaulipas","2020","9","1,280","71","222","932","55","448","15","46","355","32","832","56","176","577","23",
"Número_de_Personas_Trabajadoras_del_Hogar_afiliadas_ante_el_Instituto_Mexicano_del_Seguro_Social",	29,"Tlaxcala","2020","9","259","30","63","155","11","126","13","21","82","10","133","17","42","73","1",
"Número_de_Personas_Trabajadoras_del_Hogar_afiliadas_ante_el_Instituto_Mexicano_del_Seguro_Social",	30,"Veracruz_de_Ignacio_de_la_Llave","2020","9","1,025","124","305","554","42","357","29","51","250","27","668","95","254","304","15",
"Número_de_Personas_Trabajadoras_del_Hogar_afiliadas_ante_el_Instituto_Mexicano_del_Seguro_Social",	31,"Yucatán","2020","9","651","61","195","370","25","254","25","61","151","17","397","36","134","219","8",
"Número_de_Personas_Trabajadoras_del_Hogar_afiliadas_ante_el_Instituto_Mexicano_del_Seguro_Social",	32,"Zacatecas","2020","9","150","10","52","83","5","29","0","9","16","4","121","10","43","67","1",
"Número_de_Personas_Trabajadoras_del_Hogar_afiliadas_ante_el_Instituto_Mexicano_del_Seguro_Social",	00,"Estados_Unidos_Mexicanos","2020","8","23,728","2,086","7,698","13,160","784","7,106","453","1,667","4,570","416","16,622","1,633","6,031","8,590","368",
"Número_de_Personas_Trabajadoras_del_Hogar_afiliadas_ante_el_Instituto_Mexicano_del_Seguro_Social",	01,"Aguascalientes","2020","8","839","34","190","586","29","343","8","51","268","16","496","26","139","318","13",
"Número_de_Personas_Trabajadoras_del_Hogar_afiliadas_ante_el_Instituto_Mexicano_del_Seguro_Social",	02,"Baja_California","2020","8","946","53","230","619","44","326","14","50","231","31","620","39","180","388","13",
"Número_de_Personas_Trabajadoras_del_Hogar_afiliadas_ante_el_Instituto_Mexicano_del_Seguro_Social",	03,"Baja_California_Sur","2020","8","153","14","60","72","7","29","1","5","21","2","124","13","55","51","5",
"Número_de_Personas_Trabajadoras_del_Hogar_afiliadas_ante_el_Instituto_Mexicano_del_Seguro_Social",	04,"Campeche","2020","8","59","5","17","37","0","10","2","1","7","0","49","3","16","30","0",
"Número_de_Personas_Trabajadoras_del_Hogar_afiliadas_ante_el_Instituto_Mexicano_del_Seguro_Social",	05,"Coahuila_de_Zaragoza","2020","8","982","46","201","703","32","350","9","40","277","24","632","37","161","426","8",
"Número_de_Personas_Trabajadoras_del_Hogar_afiliadas_ante_el_Instituto_Mexicano_del_Seguro_Social",	06,"Colima","2020","8","280","16","98","161","5","80","0","18","59","3","200","16","80","102","2",
"Número_de_Personas_Trabajadoras_del_Hogar_afiliadas_ante_el_Instituto_Mexicano_del_Seguro_Social",	07,"Chiapas","2020","8","354","57","105","178","14","123","14","18","84","7","231","43","87","94","7",
"Número_de_Personas_Trabajadoras_del_Hogar_afiliadas_ante_el_Instituto_Mexicano_del_Seguro_Social",	08,"Chihuahua","2020","8","937","47","208","651","31","196","8","37","138","13","741","39","171","513","18",
"Número_de_Personas_Trabajadoras_del_Hogar_afiliadas_ante_el_Instituto_Mexicano_del_Seguro_Social",	09,"Ciudad_de_México","2020","8","3,300","310","1,195","1,672","123","726","35","208","440","43","2,574","275","987","1,232","80",
"Número_de_Personas_Trabajadoras_del_Hogar_afiliadas_ante_el_Instituto_Mexicano_del_Seguro_Social",	10,"Durango","2020","8","278","24","85","155","14","77","4","16","49","8","201","20","69","106","6",
"Número_de_Personas_Trabajadoras_del_Hogar_afiliadas_ante_el_Instituto_Mexicano_del_Seguro_Social",	11,"Guanajuato","2020","8","739","59","292","379","9","207","11","70","122","4","532","48","222","257","5",
"Número_de_Personas_Trabajadoras_del_Hogar_afiliadas_ante_el_Instituto_Mexicano_del_Seguro_Social",	12,"Guerrero","2020","8","705","84","261","342","18","256","19","72","155","10","449","65","189","187","8",
"Número_de_Personas_Trabajadoras_del_Hogar_afiliadas_ante_el_Instituto_Mexicano_del_Seguro_Social",	13,"Hidalgo","2020","8","285","29","95","148","13","78","6","15","49","8","207","23","80","99","5",
"Número_de_Personas_Trabajadoras_del_Hogar_afiliadas_ante_el_Instituto_Mexicano_del_Seguro_Social",	14,"Jalisco","2020","8","1,330","175","585","530","40","309","47","118","128","16","1,021","128","467","402","24",
"Número_de_Personas_Trabajadoras_del_Hogar_afiliadas_ante_el_Instituto_Mexicano_del_Seguro_Social",	15,"México","2020","8","2,509","217","877","1,341","74","705","46","162","451","46","1,804","171","715","890","28",
"Número_de_Personas_Trabajadoras_del_Hogar_afiliadas_ante_el_Instituto_Mexicano_del_Seguro_Social",	16,"Michoacán_de_Ocampo","2020","8","691","80","298","295","18","156","14","46","87","9","535","66","252","208","9",
"Número_de_Personas_Trabajadoras_del_Hogar_afiliadas_ante_el_Instituto_Mexicano_del_Seguro_Social",	17,"Morelos","2020","8","580","43","218","297","22","192","10","59","111","12","388","33","159","186","10",
"Número_de_Personas_Trabajadoras_del_Hogar_afiliadas_ante_el_Instituto_Mexicano_del_Seguro_Social",	18,"Nayarit","2020","8","297","49","116","119","13","66","8","25","28","5","231","41","91","91","8",
"Número_de_Personas_Trabajadoras_del_Hogar_afiliadas_ante_el_Instituto_Mexicano_del_Seguro_Social",	19,"Nuevo_León","2020","8","1,200","125","479","572","24","402","35","150","203","14","798","90","329","369","10",
"Número_de_Personas_Trabajadoras_del_Hogar_afiliadas_ante_el_Instituto_Mexicano_del_Seguro_Social",	20,"Oaxaca","2020","8","401","44","133","214","10","172","17","42","105","8","229","27","91","109","2",
"Número_de_Personas_Trabajadoras_del_Hogar_afiliadas_ante_el_Instituto_Mexicano_del_Seguro_Social",	21,"Puebla","2020","8","496","41","152","284","19","155","11","26","109","9","341","30","126","175","10",
"Número_de_Personas_Trabajadoras_del_Hogar_afiliadas_ante_el_Instituto_Mexicano_del_Seguro_Social",	22,"Querétaro","2020","8","337","34","131","164","8","79","8","23","44","4","258","26","108","120","4",
"Número_de_Personas_Trabajadoras_del_Hogar_afiliadas_ante_el_Instituto_Mexicano_del_Seguro_Social",	23,"Quintana_Roo","2020","8","109","13","39","54","3","27","4","6","16","1","82","9","33","38","2",
"Número_de_Personas_Trabajadoras_del_Hogar_afiliadas_ante_el_Instituto_Mexicano_del_Seguro_Social",	24,"San_Luis_Potosí","2020","8","323","26","98","189","10","76","6","8","59","3","247","20","90","130","7",
"Número_de_Personas_Trabajadoras_del_Hogar_afiliadas_ante_el_Instituto_Mexicano_del_Seguro_Social",	25,"Sinaloa","2020","8","998","107","338","519","34","303","21","82","180","20","695","86","256","339","14",
"Número_de_Personas_Trabajadoras_del_Hogar_afiliadas_ante_el_Instituto_Mexicano_del_Seguro_Social",	26,"Sonora","2020","8","1,324","75","354","849","46","530","25","129","353","23","794","50","225","496","23",
"Número_de_Personas_Trabajadoras_del_Hogar_afiliadas_ante_el_Instituto_Mexicano_del_Seguro_Social",	27,"Tabasco","2020","8","84","4","46","33","1","14","1","4","9","0","70","3","42","24","1",
"Número_de_Personas_Trabajadoras_del_Hogar_afiliadas_ante_el_Instituto_Mexicano_del_Seguro_Social",	28,"Tamaulipas","2020","8","1,269","72","217","929","51","431","12","51","339","29","838","60","166","590","22",
"Número_de_Personas_Trabajadoras_del_Hogar_afiliadas_ante_el_Instituto_Mexicano_del_Seguro_Social",	29,"Tlaxcala","2020","8","221","22","53","138","8","105","11","15","72","7","116","11","38","66","1",
"Número_de_Personas_Trabajadoras_del_Hogar_afiliadas_ante_el_Instituto_Mexicano_del_Seguro_Social",	30,"Veracruz_de_Ignacio_de_la_Llave","2020","8","935","112","283","500","40","324","24","49","228","23","611","88","234","272","17",
"Número_de_Personas_Trabajadoras_del_Hogar_afiliadas_ante_el_Instituto_Mexicano_del_Seguro_Social",	31,"Yucatán","2020","8","627","58","194","357","18","228","21","61","132","14","399","37","133","225","4",
"Número_de_Personas_Trabajadoras_del_Hogar_afiliadas_ante_el_Instituto_Mexicano_del_Seguro_Social",	32,"Zacatecas","2020","8","140","11","50","73","6","31","1","10","16","4","109","10","40","57","2",
"Número_de_Personas_Trabajadoras_del_Hogar_afiliadas_ante_el_Instituto_Mexicano_del_Seguro_Social",	00,"Estados_Unidos_Mexicanos","2020","7","23,057","1,921","7,429","12,869","838","6,818","391","1,604","4,383","440","16,239","1,530","5,825","8,486","398",
"Número_de_Personas_Trabajadoras_del_Hogar_afiliadas_ante_el_Instituto_Mexicano_del_Seguro_Social",	01,"Aguascalientes","2020","7","804","28","173","571","32","334","6","46","263","19","470","22","127","308","13",
"Número_de_Personas_Trabajadoras_del_Hogar_afiliadas_ante_el_Instituto_Mexicano_del_Seguro_Social",	02,"Baja_California","2020","7","897","48","208","605","36","311","10","50","223","28","586","38","158","382","8",
"Número_de_Personas_Trabajadoras_del_Hogar_afiliadas_ante_el_Instituto_Mexicano_del_Seguro_Social",	03,"Baja_California_Sur","2020","7","151","15","53","77","6","28","1","5","20","2","123","14","48","57","4",
"Número_de_Personas_Trabajadoras_del_Hogar_afiliadas_ante_el_Instituto_Mexicano_del_Seguro_Social",	04,"Campeche","2020","7","59","3","19","36","1","9","1","2","6","0","50","2","17","30","1",
"Número_de_Personas_Trabajadoras_del_Hogar_afiliadas_ante_el_Instituto_Mexicano_del_Seguro_Social",	05,"Coahuila_de_Zaragoza","2020","7","957","44","192","683","38","341","6","45","264","26","616","38","147","419","12",
"Número_de_Personas_Trabajadoras_del_Hogar_afiliadas_ante_el_Instituto_Mexicano_del_Seguro_Social",	06,"Colima","2020","7","279","14","100","161","4","74","0","15","57","2","205","14","85","104","2",
"Número_de_Personas_Trabajadoras_del_Hogar_afiliadas_ante_el_Instituto_Mexicano_del_Seguro_Social",	07,"Chiapas","2020","7","357","56","115","172","14","116","11","17","81","7","241","45","98","91","7",
"Número_de_Personas_Trabajadoras_del_Hogar_afiliadas_ante_el_Instituto_Mexicano_del_Seguro_Social",	08,"Chihuahua","2020","7","907","37","202","633","35","186","3","36","132","15","721","34","166","501","20",
"Número_de_Personas_Trabajadoras_del_Hogar_afiliadas_ante_el_Instituto_Mexicano_del_Seguro_Social",	09,"Ciudad_de_México","2020","7","3,221","292","1,165","1,637","127","706","30","211","423","42","2,515","262","954","1,214","85",
"Número_de_Personas_Trabajadoras_del_Hogar_afiliadas_ante_el_Instituto_Mexicano_del_Seguro_Social",	10,"Durango","2020","7","293","25","92","161","15","83","5","21","50","7","210","20","71","111","8",
"Número_de_Personas_Trabajadoras_del_Hogar_afiliadas_ante_el_Instituto_Mexicano_del_Seguro_Social",	11,"Guanajuato","2020","7","711","57","275","364","15","191","11","60","113","7","520","46","215","251","8",
"Número_de_Personas_Trabajadoras_del_Hogar_afiliadas_ante_el_Instituto_Mexicano_del_Seguro_Social",	12,"Guerrero","2020","7","674","69","248","338","19","233","15","64","144","10","441","54","184","194","9",
"Número_de_Personas_Trabajadoras_del_Hogar_afiliadas_ante_el_Instituto_Mexicano_del_Seguro_Social",	13,"Hidalgo","2020","7","278","24","95","146","13","79","7","16","48","8","199","17","79","98","5",
"Número_de_Personas_Trabajadoras_del_Hogar_afiliadas_ante_el_Instituto_Mexicano_del_Seguro_Social",	14,"Jalisco","2020","7","1,293","165","574","518","36","287","43","116","113","15","1,006","122","458","405","21",
"Número_de_Personas_Trabajadoras_del_Hogar_afiliadas_ante_el_Instituto_Mexicano_del_Seguro_Social",	15,"México","2020","7","2,425","199","849","1,299","78","657","38","159","414","46","1,768","161","690","885","32",
"Número_de_Personas_Trabajadoras_del_Hogar_afiliadas_ante_el_Instituto_Mexicano_del_Seguro_Social",	16,"Michoacán_de_Ocampo","2020","7","664","70","285","283","26","149","11","41","84","13","515","59","244","199","13",
"Número_de_Personas_Trabajadoras_del_Hogar_afiliadas_ante_el_Instituto_Mexicano_del_Seguro_Social",	17,"Morelos","2020","7","546","37","196","292","21","181","10","55","104","12","365","27","141","188","9",
"Número_de_Personas_Trabajadoras_del_Hogar_afiliadas_ante_el_Instituto_Mexicano_del_Seguro_Social",	18,"Nayarit","2020","7","266","41","102","112","11","54","3","21","25","5","212","38","81","87","6",
"Número_de_Personas_Trabajadoras_del_Hogar_afiliadas_ante_el_Instituto_Mexicano_del_Seguro_Social",	19,"Nuevo_León","2020","7","1,171","116","467","557","31","395","31","149","198","17","776","85","318","359","14",
"Número_de_Personas_Trabajadoras_del_Hogar_afiliadas_ante_el_Instituto_Mexicano_del_Seguro_Social",	20,"Oaxaca","2020","7","433","57","144","219","13","185","20","51","106","8","248","37","93","113","5",
"Número_de_Personas_Trabajadoras_del_Hogar_afiliadas_ante_el_Instituto_Mexicano_del_Seguro_Social",	21,"Puebla","2020","7","476","43","140","271","22","146","12","19","106","9","330","31","121","165","13",
"Número_de_Personas_Trabajadoras_del_Hogar_afiliadas_ante_el_Instituto_Mexicano_del_Seguro_Social",	22,"Querétaro","2020","7","311","24","124","152","11","74","5","22","42","5","237","19","102","110","6",
"Número_de_Personas_Trabajadoras_del_Hogar_afiliadas_ante_el_Instituto_Mexicano_del_Seguro_Social",	23,"Quintana_Roo","2020","7","102","10","40","49","3","20","2","8","9","1","82","8","32","40","2",
"Número_de_Personas_Trabajadoras_del_Hogar_afiliadas_ante_el_Instituto_Mexicano_del_Seguro_Social",	24,"San_Luis_Potosí","2020","7","317","25","97","186","9","74","5","10","56","3","243","20","87","130","6",
"Número_de_Personas_Trabajadoras_del_Hogar_afiliadas_ante_el_Instituto_Mexicano_del_Seguro_Social",	25,"Sinaloa","2020","7","928","82","319","494","33","280","18","78","163","21","648","64","241","331","12",
"Número_de_Personas_Trabajadoras_del_Hogar_afiliadas_ante_el_Instituto_Mexicano_del_Seguro_Social",	26,"Sonora","2020","7","1,275","69","335","825","46","497","21","118","334","24","778","48","217","491","22",
"Número_de_Personas_Trabajadoras_del_Hogar_afiliadas_ante_el_Instituto_Mexicano_del_Seguro_Social",	27,"Tabasco","2020","7","90","5","45","38","2","18","1","5","11","1","72","4","40","27","1",
"Número_de_Personas_Trabajadoras_del_Hogar_afiliadas_ante_el_Instituto_Mexicano_del_Seguro_Social",	28,"Tamaulipas","2020","7","1,300","70","217","952","61","451","13","43","363","32","849","57","174","589","29",
"Número_de_Personas_Trabajadoras_del_Hogar_afiliadas_ante_el_Instituto_Mexicano_del_Seguro_Social",	29,"Tlaxcala","2020","7","228","26","53","138","11","104","9","14","71","10","124","17","39","67","1",
"Número_de_Personas_Trabajadoras_del_Hogar_afiliadas_ante_el_Instituto_Mexicano_del_Seguro_Social",	30,"Veracruz_de_Ignacio_de_la_Llave","2020","7","915","101","283","489","42","316","21","45","224","26","599","80","238","265","16",
"Número_de_Personas_Trabajadoras_del_Hogar_afiliadas_ante_el_Instituto_Mexicano_del_Seguro_Social",	31,"Yucatán","2020","7","594","59","175","339","21","212","22","55","120","15","382","37","120","219","6",
"Número_de_Personas_Trabajadoras_del_Hogar_afiliadas_ante_el_Instituto_Mexicano_del_Seguro_Social",	32,"Zacatecas","2020","7","135","10","47","72","6","27","0","7","16","4","108","10","40","56","2",
"Número_de_Personas_Trabajadoras_del_Hogar_afiliadas_ante_el_Instituto_Mexicano_del_Seguro_Social",	00,"Estados_Unidos_Mexicanos","2020","6","22,235","1,890","7,145","12,381","819","6,440","384","1,491","4,138","427","15,795","1,506","5,654","8,243","392",
"Número_de_Personas_Trabajadoras_del_Hogar_afiliadas_ante_el_Instituto_Mexicano_del_Seguro_Social",	01,"Aguascalientes","2020","6","789","30","171","556","32","322","9","42","252","19","467","21","129","304","13",
"Número_de_Personas_Trabajadoras_del_Hogar_afiliadas_ante_el_Instituto_Mexicano_del_Seguro_Social",	02,"Baja_California","2020","6","852","57","202","558","35","283","11","43","204","25","569","46","159","354","10",
"Número_de_Personas_Trabajadoras_del_Hogar_afiliadas_ante_el_Instituto_Mexicano_del_Seguro_Social",	03,"Baja_California_Sur","2020","6","143","15","50","74","4","27","1","5","20","1","116","14","45","54","3",
"Número_de_Personas_Trabajadoras_del_Hogar_afiliadas_ante_el_Instituto_Mexicano_del_Seguro_Social",	04,"Campeche","2020","6","56","3","15","37","1","7","0","0","7","0","49","3","15","30","1",
"Número_de_Personas_Trabajadoras_del_Hogar_afiliadas_ante_el_Instituto_Mexicano_del_Seguro_Social",	05,"Coahuila_de_Zaragoza","2020","6","932","43","185","664","40","323","8","36","249","30","609","35","149","415","10",
"Número_de_Personas_Trabajadoras_del_Hogar_afiliadas_ante_el_Instituto_Mexicano_del_Seguro_Social",	06,"Colima","2020","6","276","13","94","166","3","75","0","15","58","2","201","13","79","108","1",
"Número_de_Personas_Trabajadoras_del_Hogar_afiliadas_ante_el_Instituto_Mexicano_del_Seguro_Social",	07,"Chiapas","2020","6","362","54","121","172","15","115","10","18","78","9","247","44","103","94","6",
"Número_de_Personas_Trabajadoras_del_Hogar_afiliadas_ante_el_Instituto_Mexicano_del_Seguro_Social",	08,"Chihuahua","2020","6","896","36","195","632","33","175","2","36","126","11","721","34","159","506","22",
"Número_de_Personas_Trabajadoras_del_Hogar_afiliadas_ante_el_Instituto_Mexicano_del_Seguro_Social",	09,"Ciudad_de_México","2020","6","3,094","284","1,111","1,576","123","671","33","197","402","39","2,423","251","914","1,174","84",
"Número_de_Personas_Trabajadoras_del_Hogar_afiliadas_ante_el_Instituto_Mexicano_del_Seguro_Social",	10,"Durango","2020","6","269","19","80","154","16","75","4","18","45","8","194","15","62","109","8",
"Número_de_Personas_Trabajadoras_del_Hogar_afiliadas_ante_el_Instituto_Mexicano_del_Seguro_Social",	11,"Guanajuato","2020","6","651","51","245","342","13","170","10","46","108","6","481","41","199","234","7",
"Número_de_Personas_Trabajadoras_del_Hogar_afiliadas_ante_el_Instituto_Mexicano_del_Seguro_Social",	12,"Guerrero","2020","6","654","73","242","321","18","226","17","61","138","10","428","56","181","183","8",
"Número_de_Personas_Trabajadoras_del_Hogar_afiliadas_ante_el_Instituto_Mexicano_del_Seguro_Social",	13,"Hidalgo","2020","6","258","27","88","131","12","66","6","13","40","7","192","21","75","91","5",
"Número_de_Personas_Trabajadoras_del_Hogar_afiliadas_ante_el_Instituto_Mexicano_del_Seguro_Social",	14,"Jalisco","2020","6","1,216","158","543","480","35","253","40","105","96","12","963","118","438","384","23",
"Número_de_Personas_Trabajadoras_del_Hogar_afiliadas_ante_el_Instituto_Mexicano_del_Seguro_Social",	15,"México","2020","6","2,353","194","825","1,254","80","625","35","142","400","48","1,728","159","683","854","32",
"Número_de_Personas_Trabajadoras_del_Hogar_afiliadas_ante_el_Instituto_Mexicano_del_Seguro_Social",	16,"Michoacán_de_Ocampo","2020","6","638","74","270","266","28","135","11","36","75","13","503","63","234","191","15",
"Número_de_Personas_Trabajadoras_del_Hogar_afiliadas_ante_el_Instituto_Mexicano_del_Seguro_Social",	17,"Morelos","2020","6","518","32","189","275","22","171","8","50","100","13","347","24","139","175","9",
"Número_de_Personas_Trabajadoras_del_Hogar_afiliadas_ante_el_Instituto_Mexicano_del_Seguro_Social",	18,"Nayarit","2020","6","260","37","105","107","11","57","5","23","24","5","203","32","82","83","6",
"Número_de_Personas_Trabajadoras_del_Hogar_afiliadas_ante_el_Instituto_Mexicano_del_Seguro_Social",	19,"Nuevo_León","2020","6","1,121","114","450","529","28","368","29","141","181","17","753","85","309","348","11",
"Número_de_Personas_Trabajadoras_del_Hogar_afiliadas_ante_el_Instituto_Mexicano_del_Seguro_Social",	20,"Oaxaca","2020","6","424","58","147","205","14","176","21","51","96","8","248","37","96","109","6",
"Número_de_Personas_Trabajadoras_del_Hogar_afiliadas_ante_el_Instituto_Mexicano_del_Seguro_Social",	21,"Puebla","2020","6","456","40","130","265","21","137","10","16","104","7","319","30","114","161","14",
"Número_de_Personas_Trabajadoras_del_Hogar_afiliadas_ante_el_Instituto_Mexicano_del_Seguro_Social",	22,"Querétaro","2020","6","314","29","119","156","10","73","8","20","40","5","241","21","99","116","5",
"Número_de_Personas_Trabajadoras_del_Hogar_afiliadas_ante_el_Instituto_Mexicano_del_Seguro_Social",	23,"Quintana_Roo","2020","6","106","11","40","52","3","24","3","6","14","1","82","8","34","38","2",
"Número_de_Personas_Trabajadoras_del_Hogar_afiliadas_ante_el_Instituto_Mexicano_del_Seguro_Social",	24,"San_Luis_Potosí","2020","6","303","26","92","174","11","68","4","9","52","3","235","22","83","122","8",
"Número_de_Personas_Trabajadoras_del_Hogar_afiliadas_ante_el_Instituto_Mexicano_del_Seguro_Social",	25,"Sinaloa","2020","6","910","89","318","468","35","272","22","77","150","23","638","67","241","318","12",
"Número_de_Personas_Trabajadoras_del_Hogar_afiliadas_ante_el_Instituto_Mexicano_del_Seguro_Social",	26,"Sonora","2020","6","1,253","69","319","822","43","477","19","114","323","21","776","50","205","499","22",
"Número_de_Personas_Trabajadoras_del_Hogar_afiliadas_ante_el_Instituto_Mexicano_del_Seguro_Social",	27,"Tabasco","2020","6","93","9","46","37","1","19","1","6","12","0","74","8","40","25","1",
"Número_de_Personas_Trabajadoras_del_Hogar_afiliadas_ante_el_Instituto_Mexicano_del_Seguro_Social",	28,"Tamaulipas","2020","6","1,249","58","210","923","58","424","7","44","341","32","825","51","166","582","26",
"Número_de_Personas_Trabajadoras_del_Hogar_afiliadas_ante_el_Instituto_Mexicano_del_Seguro_Social",	29,"Tlaxcala","2020","6","211","26","52","127","6","98","13","15","64","6","113","13","37","63","0",
"Número_de_Personas_Trabajadoras_del_Hogar_afiliadas_ante_el_Instituto_Mexicano_del_Seguro_Social",	30,"Veracruz_de_Ignacio_de_la_Llave","2020","6","868","102","276","450","40","283","19","42","197","25","585","83","234","253","15",
"Número_de_Personas_Trabajadoras_del_Hogar_afiliadas_ante_el_Instituto_Mexicano_del_Seguro_Social",	31,"Yucatán","2020","6","583","49","170","341","23","219","18","56","127","18","364","31","114","214","5",
"Número_de_Personas_Trabajadoras_del_Hogar_afiliadas_ante_el_Instituto_Mexicano_del_Seguro_Social",	32,"Zacatecas","2020","6","127","10","45","67","5","26","0","8","15","3","101","10","37","52","2",
"Número_de_Personas_Trabajadoras_del_Hogar_afiliadas_ante_el_Instituto_Mexicano_del_Seguro_Social",	00,"Estados_Unidos_Mexicanos","2020","5","21,133","2,500","6,561","11,404","668","5,998","495","1,318","3,831","354","15,135","2,005","5,243","7,573","314",
"Número_de_Personas_Trabajadoras_del_Hogar_afiliadas_ante_el_Instituto_Mexicano_del_Seguro_Social",	01,"Aguascalientes","2020","5","761","37","157","540","27","307","5","35","252","15","454","32","122","288","12",
"Número_de_Personas_Trabajadoras_del_Hogar_afiliadas_ante_el_Instituto_Mexicano_del_Seguro_Social",	02,"Baja_California","2020","5","804","64","193","513","34","252","11","35","181","25","552","53","158","332","9",
"Número_de_Personas_Trabajadoras_del_Hogar_afiliadas_ante_el_Instituto_Mexicano_del_Seguro_Social",	03,"Baja_California_Sur","2020","5","140","18","48","69","5","29","1","7","19","2","111","17","41","50","3",
"Número_de_Personas_Trabajadoras_del_Hogar_afiliadas_ante_el_Instituto_Mexicano_del_Seguro_Social",	04,"Campeche","2020","5","59","5","19","35","0","7","0","0","7","0","52","5","19","28","0",
"Número_de_Personas_Trabajadoras_del_Hogar_afiliadas_ante_el_Instituto_Mexicano_del_Seguro_Social",	05,"Coahuila_de_Zaragoza","2020","5","878","58","169","623","28","301","9","28","242","22","577","49","141","381","6",
"Número_de_Personas_Trabajadoras_del_Hogar_afiliadas_ante_el_Instituto_Mexicano_del_Seguro_Social",	06,"Colima","2020","5","257","20","88","146","3","68","1","15","50","2","189","19","73","96","1",
"Número_de_Personas_Trabajadoras_del_Hogar_afiliadas_ante_el_Instituto_Mexicano_del_Seguro_Social",	07,"Chiapas","2020","5","330","55","108","155","12","112","13","19","75","5","218","42","89","80","7",
"Número_de_Personas_Trabajadoras_del_Hogar_afiliadas_ante_el_Instituto_Mexicano_del_Seguro_Social",	08,"Chihuahua","2020","5","882","47","195","608","32","168","4","31","120","13","714","43","164","488","19",
"Número_de_Personas_Trabajadoras_del_Hogar_afiliadas_ante_el_Instituto_Mexicano_del_Seguro_Social",	09,"Ciudad_de_México","2020","5","2,942","422","1,004","1,415","101","627","44","188","359","36","2,315","378","816","1,056","65",
"Número_de_Personas_Trabajadoras_del_Hogar_afiliadas_ante_el_Instituto_Mexicano_del_Seguro_Social",	10,"Durango","2020","5","253","26","76","138","13","72","5","15","45","7","181","21","61","93","6",
"Número_de_Personas_Trabajadoras_del_Hogar_afiliadas_ante_el_Instituto_Mexicano_del_Seguro_Social",	11,"Guanajuato","2020","5","609","57","231","313","8","149","8","38","100","3","460","49","193","213","5",
"Número_de_Personas_Trabajadoras_del_Hogar_afiliadas_ante_el_Instituto_Mexicano_del_Seguro_Social",	12,"Guerrero","2020","5","613","73","219","304","17","213","18","54","131","10","400","55","165","173","7",
"Número_de_Personas_Trabajadoras_del_Hogar_afiliadas_ante_el_Instituto_Mexicano_del_Seguro_Social",	13,"Hidalgo","2020","5","250","32","86","122","10","57","6","13","33","5","193","26","73","89","5",
"Número_de_Personas_Trabajadoras_del_Hogar_afiliadas_ante_el_Instituto_Mexicano_del_Seguro_Social",	14,"Jalisco","2020","5","1,124","170","498","425","31","234","43","95","84","12","890","127","403","341","19",
"Número_de_Personas_Trabajadoras_del_Hogar_afiliadas_ante_el_Instituto_Mexicano_del_Seguro_Social",	15,"México","2020","5","2,311","316","758","1,171","66","603","49","133","381","40","1,708","267","625","790","26",
"Número_de_Personas_Trabajadoras_del_Hogar_afiliadas_ante_el_Instituto_Mexicano_del_Seguro_Social",	16,"Michoacán_de_Ocampo","2020","5","606","92","254","241","19","127","12","34","72","9","479","80","220","169","10",
"Número_de_Personas_Trabajadoras_del_Hogar_afiliadas_ante_el_Instituto_Mexicano_del_Seguro_Social",	17,"Morelos","2020","5","503","56","174","257","16","161","13","43","96","9","342","43","131","161","7",
"Número_de_Personas_Trabajadoras_del_Hogar_afiliadas_ante_el_Instituto_Mexicano_del_Seguro_Social",	18,"Nayarit","2020","5","250","43","101","96","10","55","7","22","22","4","195","36","79","74","6",
"Número_de_Personas_Trabajadoras_del_Hogar_afiliadas_ante_el_Instituto_Mexicano_del_Seguro_Social",	19,"Nuevo_León","2020","5","1,055","141","411","482","21","339","33","128","163","15","716","108","283","319","6",
"Número_de_Personas_Trabajadoras_del_Hogar_afiliadas_ante_el_Instituto_Mexicano_del_Seguro_Social",	20,"Oaxaca","2020","5","419","120","102","189","8","182","63","24","89","6","237","57","78","100","2",
"Número_de_Personas_Trabajadoras_del_Hogar_afiliadas_ante_el_Instituto_Mexicano_del_Seguro_Social",	21,"Puebla","2020","5","432","57","123","237","15","128","14","18","90","6","304","43","105","147","9",
"Número_de_Personas_Trabajadoras_del_Hogar_afiliadas_ante_el_Instituto_Mexicano_del_Seguro_Social",	22,"Querétaro","2020","5","298","50","102","139","7","68","8","20","37","3","230","42","82","102","4",
"Número_de_Personas_Trabajadoras_del_Hogar_afiliadas_ante_el_Instituto_Mexicano_del_Seguro_Social",	23,"Quintana_Roo","2020","5","102","13","40","46","3","19","1","6","11","1","83","12","34","35","2",
"Número_de_Personas_Trabajadoras_del_Hogar_afiliadas_ante_el_Instituto_Mexicano_del_Seguro_Social",	24,"San_Luis_Potosí","2020","5","276","31","89","150","6","59","6","8","44","1","217","25","81","106","5",
"Número_de_Personas_Trabajadoras_del_Hogar_afiliadas_ante_el_Instituto_Mexicano_del_Seguro_Social",	25,"Sinaloa","2020","5","858","97","299","436","26","249","21","71","141","16","609","76","228","295","10",
"Número_de_Personas_Trabajadoras_del_Hogar_afiliadas_ante_el_Instituto_Mexicano_del_Seguro_Social",	26,"Sonora","2020","5","1,139","107","272","720","40","424","28","90","286","20","715","79","182","434","20",
"Número_de_Personas_Trabajadoras_del_Hogar_afiliadas_ante_el_Instituto_Mexicano_del_Seguro_Social",	27,"Tabasco","2020","5","79","7","35","36","1","15","1","3","11","0","64","6","32","25","1",
"Número_de_Personas_Trabajadoras_del_Hogar_afiliadas_ante_el_Instituto_Mexicano_del_Seguro_Social",	28,"Tamaulipas","2020","5","1,206","64","203","891","48","403","12","46","320","25","803","52","157","571","23",
"Número_de_Personas_Trabajadoras_del_Hogar_afiliadas_ante_el_Instituto_Mexicano_del_Seguro_Social",	29,"Tlaxcala","2020","5","195","23","52","112","8","84","10","12","54","8","111","13","40","58","0",
"Número_de_Personas_Trabajadoras_del_Hogar_afiliadas_ante_el_Instituto_Mexicano_del_Seguro_Social",	30,"Veracruz_de_Ignacio_de_la_Llave","2020","5","837","121","261","425","30","266","26","36","186","18","571","95","225","239","12",
"Número_de_Personas_Trabajadoras_del_Hogar_afiliadas_ante_el_Instituto_Mexicano_del_Seguro_Social",	31,"Yucatán","2020","5","538","66","150","304","18","190","22","43","112","13","348","44","107","192","5",
"Número_de_Personas_Trabajadoras_del_Hogar_afiliadas_ante_el_Instituto_Mexicano_del_Seguro_Social",	32,"Zacatecas","2020","5","127","12","44","66","5","30","1","8","18","3","97","11","36","48","2",
"Número_de_Personas_Trabajadoras_del_Hogar_afiliadas_ante_el_Instituto_Mexicano_del_Seguro_Social",	00,"Estados_Unidos_Mexicanos","2020","4","21,528","2,056","7,145","11,654","673","5,939","370","1,385","3,829","355","15,589","1,686","5,760","7,825","318",
"Número_de_Personas_Trabajadoras_del_Hogar_afiliadas_ante_el_Instituto_Mexicano_del_Seguro_Social",	01,"Aguascalientes","2020","4","787","35","177","549","26","316","9","39","253","15","471","26","138","296","11",
"Número_de_Personas_Trabajadoras_del_Hogar_afiliadas_ante_el_Instituto_Mexicano_del_Seguro_Social",	02,"Baja_California","2020","4","862","63","220","549","30","276","9","45","199","23","586","54","175","350","7",
"Número_de_Personas_Trabajadoras_del_Hogar_afiliadas_ante_el_Instituto_Mexicano_del_Seguro_Social",	03,"Baja_California_Sur","2020","4","155","15","61","74","5","28","1","6","19","2","127","14","55","55","3",
"Número_de_Personas_Trabajadoras_del_Hogar_afiliadas_ante_el_Instituto_Mexicano_del_Seguro_Social",	04,"Campeche","2020","4","59","5","18","36","0","6","0","0","6","0","53","5","18","30","0",
"Número_de_Personas_Trabajadoras_del_Hogar_afiliadas_ante_el_Instituto_Mexicano_del_Seguro_Social",	05,"Coahuila_de_Zaragoza","2020","4","889","47","186","628","28","301","9","29","241","22","588","38","157","387","6",
"Número_de_Personas_Trabajadoras_del_Hogar_afiliadas_ante_el_Instituto_Mexicano_del_Seguro_Social",	06,"Colima","2020","4","254","15","91","146","2","70","0","15","54","1","184","15","76","92","1",
"Número_de_Personas_Trabajadoras_del_Hogar_afiliadas_ante_el_Instituto_Mexicano_del_Seguro_Social",	07,"Chiapas","2020","4","372","73","125","163","11","115","11","20","78","6","257","62","105","85","5",
"Número_de_Personas_Trabajadoras_del_Hogar_afiliadas_ante_el_Instituto_Mexicano_del_Seguro_Social",	08,"Chihuahua","2020","4","870","39","211","588","32","169","4","35","116","14","701","35","176","472","18",
"Número_de_Personas_Trabajadoras_del_Hogar_afiliadas_ante_el_Instituto_Mexicano_del_Seguro_Social",	09,"Ciudad_de_México","2020","4","3,057","307","1,144","1,506","100","628","34","196","364","34","2,429","273","948","1,142","66",
"Número_de_Personas_Trabajadoras_del_Hogar_afiliadas_ante_el_Instituto_Mexicano_del_Seguro_Social",	10,"Durango","2020","4","262","23","82","147","10","72","6","15","45","6","190","17","67","102","4",
"Número_de_Personas_Trabajadoras_del_Hogar_afiliadas_ante_el_Instituto_Mexicano_del_Seguro_Social",	11,"Guanajuato","2020","4","620","62","251","299","8","153","9","48","93","3","467","53","203","206","5",
"Número_de_Personas_Trabajadoras_del_Hogar_afiliadas_ante_el_Instituto_Mexicano_del_Seguro_Social",	12,"Guerrero","2020","4","591","70","209","295","17","191","13","47","122","9","400","57","162","173","8",
"Número_de_Personas_Trabajadoras_del_Hogar_afiliadas_ante_el_Instituto_Mexicano_del_Seguro_Social",	13,"Hidalgo","2020","4","247","34","90","114","9","57","6","13","34","4","190","28","77","80","5",
"Número_de_Personas_Trabajadoras_del_Hogar_afiliadas_ante_el_Instituto_Mexicano_del_Seguro_Social",	14,"Jalisco","2020","4","1,148","171","503","445","29","229","41","96","81","11","919","130","407","364","18",
"Número_de_Personas_Trabajadoras_del_Hogar_afiliadas_ante_el_Instituto_Mexicano_del_Seguro_Social",	15,"México","2020","4","2,333","210","861","1,190","72","592","33","150","366","43","1,741","177","711","824","29",
"Número_de_Personas_Trabajadoras_del_Hogar_afiliadas_ante_el_Instituto_Mexicano_del_Seguro_Social",	16,"Michoacán_de_Ocampo","2020","4","601","68","274","239","20","126","7","36","73","10","475","61","238","166","10",
"Número_de_Personas_Trabajadoras_del_Hogar_afiliadas_ante_el_Instituto_Mexicano_del_Seguro_Social",	17,"Morelos","2020","4","501","48","182","256","15","154","10","44","91","9","347","38","138","165","6",
"Número_de_Personas_Trabajadoras_del_Hogar_afiliadas_ante_el_Instituto_Mexicano_del_Seguro_Social",	18,"Nayarit","2020","4","243","36","100","97","10","47","6","21","16","4","196","30","79","81","6",
"Número_de_Personas_Trabajadoras_del_Hogar_afiliadas_ante_el_Instituto_Mexicano_del_Seguro_Social",	19,"Nuevo_León","2020","4","1,029","113","434","460","22","326","32","124","156","14","703","81","310","304","8",
"Número_de_Personas_Trabajadoras_del_Hogar_afiliadas_ante_el_Instituto_Mexicano_del_Seguro_Social",	20,"Oaxaca","2020","4","326","27","88","203","8","119","5","15","93","6","207","22","73","110","2",
"Número_de_Personas_Trabajadoras_del_Hogar_afiliadas_ante_el_Instituto_Mexicano_del_Seguro_Social",	21,"Puebla","2020","4","443","47","137","245","14","127","11","19","91","6","316","36","118","154","8",
"Número_de_Personas_Trabajadoras_del_Hogar_afiliadas_ante_el_Instituto_Mexicano_del_Seguro_Social",	22,"Querétaro","2020","4","315","37","122","146","10","65","5","20","35","5","250","32","102","111","5",
"Número_de_Personas_Trabajadoras_del_Hogar_afiliadas_ante_el_Instituto_Mexicano_del_Seguro_Social",	23,"Quintana_Roo","2020","4","106","8","47","48","3","19","2","6","10","1","87","6","41","38","2",
"Número_de_Personas_Trabajadoras_del_Hogar_afiliadas_ante_el_Instituto_Mexicano_del_Seguro_Social",	24,"San_Luis_Potosí","2020","4","291","31","91","161","8","63","6","8","47","2","228","25","83","114","6",
"Número_de_Personas_Trabajadoras_del_Hogar_afiliadas_ante_el_Instituto_Mexicano_del_Seguro_Social",	25,"Sinaloa","2020","4","859","100","301","429","29","253","22","75","138","18","606","78","226","291","11",
"Número_de_Personas_Trabajadoras_del_Hogar_afiliadas_ante_el_Instituto_Mexicano_del_Seguro_Social",	26,"Sonora","2020","4","1,200","79","318","759","44","451","19","94","314","24","749","60","224","445","20",
"Número_de_Personas_Trabajadoras_del_Hogar_afiliadas_ante_el_Instituto_Mexicano_del_Seguro_Social",	27,"Tabasco","2020","4","86","7","41","36","2","15","1","3","10","1","71","6","38","26","1",
"Número_de_Personas_Trabajadoras_del_Hogar_afiliadas_ante_el_Instituto_Mexicano_del_Seguro_Social",	28,"Tamaulipas","2020","4","1,251","65","222","915","49","406","11","47","322","26","845","54","175","593","23",
"Número_de_Personas_Trabajadoras_del_Hogar_afiliadas_ante_el_Instituto_Mexicano_del_Seguro_Social",	29,"Tlaxcala","2020","4","184","22","51","105","6","67","5","9","47","6","117","17","42","58","0",
"Número_de_Personas_Trabajadoras_del_Hogar_afiliadas_ante_el_Instituto_Mexicano_del_Seguro_Social",	30,"Veracruz_de_Ignacio_de_la_Llave","2020","4","873","137","283","424","29","263","26","43","180","14","610","111","240","244","15",
"Número_de_Personas_Trabajadoras_del_Hogar_afiliadas_ante_el_Instituto_Mexicano_del_Seguro_Social",	31,"Yucatán","2020","4","586","53","181","331","21","202","16","58","114","14","384","37","123","217","7",
"Número_de_Personas_Trabajadoras_del_Hogar_afiliadas_ante_el_Instituto_Mexicano_del_Seguro_Social",	32,"Zacatecas","2020","4","128","9","44","71","4","33","1","9","21","2","95","8","35","50","2",
"Número_de_Personas_Trabajadoras_del_Hogar_afiliadas_ante_el_Instituto_Mexicano_del_Seguro_Social",	00,"Estados_Unidos_Mexicanos","2020","3","19,648","1,923","6,495","10,617","613","5,268","308","1,207","3,427","326","14,380","1,615","5,288","7,190","287",
"Número_de_Personas_Trabajadoras_del_Hogar_afiliadas_ante_el_Instituto_Mexicano_del_Seguro_Social",	01,"Aguascalientes","2020","3","720","34","151","511","24","293","6","35","238","14","427","28","116","273","10",
"Número_de_Personas_Trabajadoras_del_Hogar_afiliadas_ante_el_Instituto_Mexicano_del_Seguro_Social",	02,"Baja_California","2020","3","769","56","197","486","30","228","7","31","168","22","541","49","166","318","8",
"Número_de_Personas_Trabajadoras_del_Hogar_afiliadas_ante_el_Instituto_Mexicano_del_Seguro_Social",	03,"Baja_California_Sur","2020","3","133","9","53","67","4","28","1","8","17","2","105","8","45","50","2",
"Número_de_Personas_Trabajadoras_del_Hogar_afiliadas_ante_el_Instituto_Mexicano_del_Seguro_Social",	04,"Campeche","2020","3","61","6","20","35","0","4","0","0","4","0","57","6","20","31","0",
"Número_de_Personas_Trabajadoras_del_Hogar_afiliadas_ante_el_Instituto_Mexicano_del_Seguro_Social",	05,"Coahuila_de_Zaragoza","2020","3","806","42","183","558","23","260","4","29","209","18","546","38","154","349","5",
"Número_de_Personas_Trabajadoras_del_Hogar_afiliadas_ante_el_Instituto_Mexicano_del_Seguro_Social",	06,"Colima","2020","3","234","20","77","136","1","55","1","9","44","1","179","19","68","92","0",
"Número_de_Personas_Trabajadoras_del_Hogar_afiliadas_ante_el_Instituto_Mexicano_del_Seguro_Social",	07,"Chiapas","2020","3","338","72","112","144","10","99","12","16","67","4","239","60","96","77","6",
"Número_de_Personas_Trabajadoras_del_Hogar_afiliadas_ante_el_Instituto_Mexicano_del_Seguro_Social",	08,"Chihuahua","2020","3","813","44","193","545","31","147","5","24","104","14","666","39","169","441","17",
"Número_de_Personas_Trabajadoras_del_Hogar_afiliadas_ante_el_Instituto_Mexicano_del_Seguro_Social",	09,"Ciudad_de_México","2020","3","2,797","296","1,025","1,383","93","568","28","171","334","35","2,229","268","854","1,049","58",
"Número_de_Personas_Trabajadoras_del_Hogar_afiliadas_ante_el_Instituto_Mexicano_del_Seguro_Social",	10,"Durango","2020","3","259","26","81","142","10","71","6","13","45","7","188","20","68","97","3",
"Número_de_Personas_Trabajadoras_del_Hogar_afiliadas_ante_el_Instituto_Mexicano_del_Seguro_Social",	11,"Guanajuato","2020","3","561","58","228","267","8","123","7","34","79","3","438","51","194","188","5",
"Número_de_Personas_Trabajadoras_del_Hogar_afiliadas_ante_el_Instituto_Mexicano_del_Seguro_Social",	12,"Guerrero","2020","3","530","57","196","260","17","168","9","44","106","9","362","48","152","154","8",
"Número_de_Personas_Trabajadoras_del_Hogar_afiliadas_ante_el_Instituto_Mexicano_del_Seguro_Social",	13,"Hidalgo","2020","3","224","38","80","97","9","51","5","11","31","4","173","33","69","66","5",
"Número_de_Personas_Trabajadoras_del_Hogar_afiliadas_ante_el_Instituto_Mexicano_del_Seguro_Social",	14,"Jalisco","2020","3","1,014","153","444","392","25","202","40","77","74","11","812","113","367","318","14",
"Número_de_Personas_Trabajadoras_del_Hogar_afiliadas_ante_el_Instituto_Mexicano_del_Seguro_Social",	15,"México","2020","3","2,125","188","786","1,087","64","517","20","135","325","37","1,608","168","651","762","27",
"Número_de_Personas_Trabajadoras_del_Hogar_afiliadas_ante_el_Instituto_Mexicano_del_Seguro_Social",	16,"Michoacán_de_Ocampo","2020","3","532","58","249","210","15","103","4","31","60","8","429","54","218","150","7",
"Número_de_Personas_Trabajadoras_del_Hogar_afiliadas_ante_el_Instituto_Mexicano_del_Seguro_Social",	17,"Morelos","2020","3","476","54","173","234","15","144","12","44","79","9","332","42","129","155","6",
"Número_de_Personas_Trabajadoras_del_Hogar_afiliadas_ante_el_Instituto_Mexicano_del_Seguro_Social",	18,"Nayarit","2020","3","215","37","84","84","10","35","4","15","13","3","180","33","69","71","7",
"Número_de_Personas_Trabajadoras_del_Hogar_afiliadas_ante_el_Instituto_Mexicano_del_Seguro_Social",	19,"Nuevo_León","2020","3","942","105","397","418","22","295","27","115","139","14","647","78","282","279","8",
"Número_de_Personas_Trabajadoras_del_Hogar_afiliadas_ante_el_Instituto_Mexicano_del_Seguro_Social",	20,"Oaxaca","2020","3","296","29","82","179","6","109","5","16","84","4","187","24","66","95","2",
"Número_de_Personas_Trabajadoras_del_Hogar_afiliadas_ante_el_Instituto_Mexicano_del_Seguro_Social",	21,"Puebla","2020","3","404","46","125","220","13","106","10","17","73","6","298","36","108","147","7",
"Número_de_Personas_Trabajadoras_del_Hogar_afiliadas_ante_el_Instituto_Mexicano_del_Seguro_Social",	22,"Querétaro","2020","3","273","30","106","128","9","58","7","17","29","5","215","23","89","99","4",
"Número_de_Personas_Trabajadoras_del_Hogar_afiliadas_ante_el_Instituto_Mexicano_del_Seguro_Social",	23,"Quintana_Roo","2020","3","107","8","51","46","2","23","2","7","14","0","84","6","44","32","2",
"Número_de_Personas_Trabajadoras_del_Hogar_afiliadas_ante_el_Instituto_Mexicano_del_Seguro_Social",	24,"San_Luis_Potosí","2020","3","264","25","88","145","6","56","4","8","43","1","208","21","80","102","5",
"Número_de_Personas_Trabajadoras_del_Hogar_afiliadas_ante_el_Instituto_Mexicano_del_Seguro_Social",	25,"Sinaloa","2020","3","778","91","275","387","25","224","25","68","115","16","554","66","207","272","9",
"Número_de_Personas_Trabajadoras_del_Hogar_afiliadas_ante_el_Instituto_Mexicano_del_Seguro_Social",	26,"Sonora","2020","3","1,091","64","293","696","38","397","14","86","276","21","694","50","207","420","17",
"Número_de_Personas_Trabajadoras_del_Hogar_afiliadas_ante_el_Instituto_Mexicano_del_Seguro_Social",	27,"Tabasco","2020","3","85","9","39","36","1","15","1","3","11","0","70","8","36","25","1",
"Número_de_Personas_Trabajadoras_del_Hogar_afiliadas_ante_el_Instituto_Mexicano_del_Seguro_Social",	28,"Tamaulipas","2020","3","1,177","61","203","867","46","380","9","40","309","22","797","52","163","558","24",
"Número_de_Personas_Trabajadoras_del_Hogar_afiliadas_ante_el_Instituto_Mexicano_del_Seguro_Social",	29,"Tlaxcala","2020","3","161","19","36","98","8","63","3","9","43","8","98","16","27","55","0",
"Número_de_Personas_Trabajadoras_del_Hogar_afiliadas_ante_el_Instituto_Mexicano_del_Seguro_Social",	30,"Veracruz_de_Ignacio_de_la_Llave","2020","3","798","128","265","379","26","232","18","36","163","15","566","110","229","216","11",
"Número_de_Personas_Trabajadoras_del_Hogar_afiliadas_ante_el_Instituto_Mexicano_del_Seguro_Social",	31,"Yucatán","2020","3","540","51","163","308","18","181","11","49","110","11","359","40","114","198","7",
"Número_de_Personas_Trabajadoras_del_Hogar_afiliadas_ante_el_Instituto_Mexicano_del_Seguro_Social",	32,"Zacatecas","2020","3","125","9","40","72","4","33","1","9","21","2","92","8","31","51","2",
"Número_de_Personas_Trabajadoras_del_Hogar_afiliadas_ante_el_Instituto_Mexicano_del_Seguro_Social",	00,"Estados_Unidos_Mexicanos","2020","2","16,397","1,602","5,374","8,916","505","4,319","263","999","2,802","255","12,078","1,339","4,375","6,114","250",
"Número_de_Personas_Trabajadoras_del_Hogar_afiliadas_ante_el_Instituto_Mexicano_del_Seguro_Social",	01,"Aguascalientes","2020","2","628","32","121","453","22","257","5","30","210","12","371","27","91","243","10",
"Número_de_Personas_Trabajadoras_del_Hogar_afiliadas_ante_el_Instituto_Mexicano_del_Seguro_Social",	02,"Baja_California","2020","2","592","41","145","380","26","165","5","21","121","18","427","36","124","259","8",
"Número_de_Personas_Trabajadoras_del_Hogar_afiliadas_ante_el_Instituto_Mexicano_del_Seguro_Social",	03,"Baja_California_Sur","2020","2","110","6","43","57","4","23","0","5","16","2","87","6","38","41","2",
"Número_de_Personas_Trabajadoras_del_Hogar_afiliadas_ante_el_Instituto_Mexicano_del_Seguro_Social",	04,"Campeche","2020","2","52","5","18","29","0","4","1","0","3","0","48","4","18","26","0",
"Número_de_Personas_Trabajadoras_del_Hogar_afiliadas_ante_el_Instituto_Mexicano_del_Seguro_Social",	05,"Coahuila_de_Zaragoza","2020","2","694","32","153","489","20","217","3","27","172","15","477","29","126","317","5",
"Número_de_Personas_Trabajadoras_del_Hogar_afiliadas_ante_el_Instituto_Mexicano_del_Seguro_Social",	06,"Colima","2020","2","195","15","73","106","1","51","1","12","37","1","144","14","61","69","0",
"Número_de_Personas_Trabajadoras_del_Hogar_afiliadas_ante_el_Instituto_Mexicano_del_Seguro_Social",	07,"Chiapas","2020","2","272","59","94","113","6","72","6","14","50","2","200","53","80","63","4",
"Número_de_Personas_Trabajadoras_del_Hogar_afiliadas_ante_el_Instituto_Mexicano_del_Seguro_Social",	08,"Chihuahua","2020","2","703","37","167","469","30","126","4","24","85","13","577","33","143","384","17",
"Número_de_Personas_Trabajadoras_del_Hogar_afiliadas_ante_el_Instituto_Mexicano_del_Seguro_Social",	09,"Ciudad_de_México","2020","2","2,341","233","870","1,159","79","462","23","142","268","29","1,879","210","728","891","50",
"Número_de_Personas_Trabajadoras_del_Hogar_afiliadas_ante_el_Instituto_Mexicano_del_Seguro_Social",	10,"Durango","2020","2","199","19","67","106","7","60","5","13","36","6","139","14","54","70","1",
"Número_de_Personas_Trabajadoras_del_Hogar_afiliadas_ante_el_Instituto_Mexicano_del_Seguro_Social",	11,"Guanajuato","2020","2","476","49","192","231","4","105","9","30","65","1","371","40","162","166","3",
"Número_de_Personas_Trabajadoras_del_Hogar_afiliadas_ante_el_Instituto_Mexicano_del_Seguro_Social",	12,"Guerrero","2020","2","446","45","169","215","17","138","7","37","85","9","308","38","132","130","8",
"Número_de_Personas_Trabajadoras_del_Hogar_afiliadas_ante_el_Instituto_Mexicano_del_Seguro_Social",	13,"Hidalgo","2020","2","174","33","59","77","5","40","6","8","26","0","134","27","51","51","5",
"Número_de_Personas_Trabajadoras_del_Hogar_afiliadas_ante_el_Instituto_Mexicano_del_Seguro_Social",	14,"Jalisco","2020","2","829","131","354","325","19","168","33","64","62","9","661","98","290","263","10",
"Número_de_Personas_Trabajadoras_del_Hogar_afiliadas_ante_el_Instituto_Mexicano_del_Seguro_Social",	15,"México","2020","2","1,760","162","635","915","48","417","18","98","273","28","1,343","144","537","642","20",
"Número_de_Personas_Trabajadoras_del_Hogar_afiliadas_ante_el_Instituto_Mexicano_del_Seguro_Social",	16,"Michoacán_de_Ocampo","2020","2","447","56","199","179","13","81","3","21","51","6","366","53","178","128","7",
"Número_de_Personas_Trabajadoras_del_Hogar_afiliadas_ante_el_Instituto_Mexicano_del_Seguro_Social",	17,"Morelos","2020","2","388","39","139","200","10","118","10","36","66","6","270","29","103","134","4",
"Número_de_Personas_Trabajadoras_del_Hogar_afiliadas_ante_el_Instituto_Mexicano_del_Seguro_Social",	18,"Nayarit","2020","2","181","25","76","74","6","30","5","12","11","2","151","20","64","63","4",
"Número_de_Personas_Trabajadoras_del_Hogar_afiliadas_ante_el_Instituto_Mexicano_del_Seguro_Social",	19,"Nuevo_León","2020","2","762","91","322","334","15","238","23","102","105","8","524","68","220","229","7",
"Número_de_Personas_Trabajadoras_del_Hogar_afiliadas_ante_el_Instituto_Mexicano_del_Seguro_Social",	20,"Oaxaca","2020","2","241","23","64","148","6","89","4","14","67","4","152","19","50","81","2",
"Número_de_Personas_Trabajadoras_del_Hogar_afiliadas_ante_el_Instituto_Mexicano_del_Seguro_Social",	21,"Puebla","2020","2","329","36","104","179","10","84","8","13","59","4","245","28","91","120","6",
"Número_de_Personas_Trabajadoras_del_Hogar_afiliadas_ante_el_Instituto_Mexicano_del_Seguro_Social",	22,"Querétaro","2020","2","237","26","93","111","7","45","3","15","23","4","192","23","78","88","3",
"Número_de_Personas_Trabajadoras_del_Hogar_afiliadas_ante_el_Instituto_Mexicano_del_Seguro_Social",	23,"Quintana_Roo","2020","2","94","8","43","41","2","18","1","6","11","0","76","7","37","30","2",
"Número_de_Personas_Trabajadoras_del_Hogar_afiliadas_ante_el_Instituto_Mexicano_del_Seguro_Social",	24,"San_Luis_Potosí","2020","2","254","24","85","138","7","48","3","7","37","1","206","21","78","101","6",
"Número_de_Personas_Trabajadoras_del_Hogar_afiliadas_ante_el_Instituto_Mexicano_del_Seguro_Social",	25,"Sinaloa","2020","2","648","89","216","324","19","191","23","53","102","13","457","66","163","222","6",
"Número_de_Personas_Trabajadoras_del_Hogar_afiliadas_ante_el_Instituto_Mexicano_del_Seguro_Social",	26,"Sonora","2020","2","883","54","237","563","29","321","16","69","219","17","562","38","168","344","12",
"Número_de_Personas_Trabajadoras_del_Hogar_afiliadas_ante_el_Instituto_Mexicano_del_Seguro_Social",	27,"Tabasco","2020","2","71","9","31","30","1","14","2","4","8","0","57","7","27","22","1",
"Número_de_Personas_Trabajadoras_del_Hogar_afiliadas_ante_el_Instituto_Mexicano_del_Seguro_Social",	28,"Tamaulipas","2020","2","1,038","60","173","763","42","316","10","28","261","17","722","50","145","502","25",
"Número_de_Personas_Trabajadoras_del_Hogar_afiliadas_ante_el_Instituto_Mexicano_del_Seguro_Social",	29,"Tlaxcala","2020","2","148","19","36","87","6","59","3","10","40","6","89","16","26","47","0",
"Número_de_Personas_Trabajadoras_del_Hogar_afiliadas_ante_el_Instituto_Mexicano_del_Seguro_Social",	30,"Veracruz_de_Ignacio_de_la_Llave","2020","2","640","97","217","301","25","180","14","33","121","12","460","83","184","180","13",
"Número_de_Personas_Trabajadoras_del_Hogar_afiliadas_ante_el_Instituto_Mexicano_del_Seguro_Social",	31,"Yucatán","2020","2","456","38","146","256","16","151","8","43","92","8","305","30","103","164","8",
"Número_de_Personas_Trabajadoras_del_Hogar_afiliadas_ante_el_Instituto_Mexicano_del_Seguro_Social",	32,"Zacatecas","2020","2","109","9","33","64","3","31","1","8","20","2","78","8","25","44","1",
"Número_de_Personas_Trabajadoras_del_Hogar_afiliadas_ante_el_Instituto_Mexicano_del_Seguro_Social",	00,"Estados_Unidos_Mexicanos","2020","1","15,193","1,533","5,064","8,141","455","3,918","237","933","2,520","228","11,275","1,296","4,131","5,621","227",
"Número_de_Personas_Trabajadoras_del_Hogar_afiliadas_ante_el_Instituto_Mexicano_del_Seguro_Social",	01,"Aguascalientes","2020","1","571","34","116","400","21","234","5","29","189","11","337","29","87","211","10",
"Número_de_Personas_Trabajadoras_del_Hogar_afiliadas_ante_el_Instituto_Mexicano_del_Seguro_Social",	02,"Baja_California","2020","1","499","31","127","324","17","139","3","21","103","12","360","28","106","221","5",
"Número_de_Personas_Trabajadoras_del_Hogar_afiliadas_ante_el_Instituto_Mexicano_del_Seguro_Social",	03,"Baja_California_Sur","2020","1","107","8","38","58","3","23","1","4","17","1","84","7","34","41","2",
"Número_de_Personas_Trabajadoras_del_Hogar_afiliadas_ante_el_Instituto_Mexicano_del_Seguro_Social",	04,"Campeche","2020","1","52","6","21","25","0","5","1","1","3","0","47","5","20","22","0",
"Número_de_Personas_Trabajadoras_del_Hogar_afiliadas_ante_el_Instituto_Mexicano_del_Seguro_Social",	05,"Coahuila_de_Zaragoza","2020","1","652","39","150","443","20","206","5","28","158","15","446","34","122","285","5",
"Número_de_Personas_Trabajadoras_del_Hogar_afiliadas_ante_el_Instituto_Mexicano_del_Seguro_Social",	06,"Colima","2020","1","200","21","73","105","1","49","1","11","36","1","151","20","62","69","0",
"Número_de_Personas_Trabajadoras_del_Hogar_afiliadas_ante_el_Instituto_Mexicano_del_Seguro_Social",	07,"Chiapas","2020","1","243","55","85","98","5","57","5","11","39","2","186","50","74","59","3",
"Número_de_Personas_Trabajadoras_del_Hogar_afiliadas_ante_el_Instituto_Mexicano_del_Seguro_Social",	08,"Chihuahua","2020","1","657","33","153","442","29","121","2","24","82","13","536","31","129","360","16",
"Número_de_Personas_Trabajadoras_del_Hogar_afiliadas_ante_el_Instituto_Mexicano_del_Seguro_Social",	09,"Ciudad_de_México","2020","1","2,250","234","837","1,105","74","448","23","133","269","23","1,802","211","704","836","51",
"Número_de_Personas_Trabajadoras_del_Hogar_afiliadas_ante_el_Instituto_Mexicano_del_Seguro_Social",	10,"Durango","2020","1","195","18","61","109","7","57","4","11","36","6","138","14","50","73","1",
"Número_de_Personas_Trabajadoras_del_Hogar_afiliadas_ante_el_Instituto_Mexicano_del_Seguro_Social",	11,"Guanajuato","2020","1","464","47","193","218","6","106","9","39","55","3","358","38","154","163","3",
"Número_de_Personas_Trabajadoras_del_Hogar_afiliadas_ante_el_Instituto_Mexicano_del_Seguro_Social",	12,"Guerrero","2020","1","406","44","159","187","16","128","7","35","78","8","278","37","124","109","8",
"Número_de_Personas_Trabajadoras_del_Hogar_afiliadas_ante_el_Instituto_Mexicano_del_Seguro_Social",	13,"Hidalgo","2020","1","152","27","57","61","7","31","5","7","17","2","121","22","50","44","5",
"Número_de_Personas_Trabajadoras_del_Hogar_afiliadas_ante_el_Instituto_Mexicano_del_Seguro_Social",	14,"Jalisco","2020","1","781","115","347","301","18","138","25","54","50","9","643","90","293","251","9",
"Número_de_Personas_Trabajadoras_del_Hogar_afiliadas_ante_el_Instituto_Mexicano_del_Seguro_Social",	15,"México","2020","1","1,658","155","618","845","40","376","16","95","242","23","1,282","139","523","603","17",
"Número_de_Personas_Trabajadoras_del_Hogar_afiliadas_ante_el_Instituto_Mexicano_del_Seguro_Social",	16,"Michoacán_de_Ocampo","2020","1","414","54","191","157","12","70","3","23","38","6","344","51","168","119","6",
"Número_de_Personas_Trabajadoras_del_Hogar_afiliadas_ante_el_Instituto_Mexicano_del_Seguro_Social",	17,"Morelos","2020","1","372","40","132","191","9","110","9","38","58","5","262","31","94","133","4",
"Número_de_Personas_Trabajadoras_del_Hogar_afiliadas_ante_el_Instituto_Mexicano_del_Seguro_Social",	18,"Nayarit","2020","1","166","26","67","69","4","28","3","12","11","2","138","23","55","58","2",
"Número_de_Personas_Trabajadoras_del_Hogar_afiliadas_ante_el_Instituto_Mexicano_del_Seguro_Social",	19,"Nuevo_León","2020","1","711","85","306","307","13","217","21","90","98","8","494","64","216","209","5",
"Número_de_Personas_Trabajadoras_del_Hogar_afiliadas_ante_el_Instituto_Mexicano_del_Seguro_Social",	20,"Oaxaca","2020","1","214","15","61","133","5","80","4","12","61","3","134","11","49","72","2",
"Número_de_Personas_Trabajadoras_del_Hogar_afiliadas_ante_el_Instituto_Mexicano_del_Seguro_Social",	21,"Puebla","2020","1","297","33","95","161","8","72","8","13","47","4","225","25","82","114","4",
"Número_de_Personas_Trabajadoras_del_Hogar_afiliadas_ante_el_Instituto_Mexicano_del_Seguro_Social",	22,"Querétaro","2020","1","210","25","78","99","8","40","5","9","22","4","170","20","69","77","4",
"Número_de_Personas_Trabajadoras_del_Hogar_afiliadas_ante_el_Instituto_Mexicano_del_Seguro_Social",	23,"Quintana_Roo","2020","1","86","12","37","36","1","16","3","5","8","0","70","9","32","28","1",
"Número_de_Personas_Trabajadoras_del_Hogar_afiliadas_ante_el_Instituto_Mexicano_del_Seguro_Social",	24,"San_Luis_Potosí","2020","1","221","21","72","123","5","43","3","5","34","1","178","18","67","89","4",
"Número_de_Personas_Trabajadoras_del_Hogar_afiliadas_ante_el_Instituto_Mexicano_del_Seguro_Social",	25,"Sinaloa","2020","1","576","81","194","279","22","165","20","48","84","13","411","61","146","195","9",
"Número_de_Personas_Trabajadoras_del_Hogar_afiliadas_ante_el_Instituto_Mexicano_del_Seguro_Social",	26,"Sonora","2020","1","777","52","207","496","22","281","14","57","197","13","496","38","150","299","9",
"Número_de_Personas_Trabajadoras_del_Hogar_afiliadas_ante_el_Instituto_Mexicano_del_Seguro_Social",	27,"Tabasco","2020","1","71","9","33","27","2","14","1","4","9","0","57","8","29","18","2",
"Número_de_Personas_Trabajadoras_del_Hogar_afiliadas_ante_el_Instituto_Mexicano_del_Seguro_Social",	28,"Tamaulipas","2020","1","948","57","160","694","37","292","8","31","238","15","656","49","129","456","22",
"Número_de_Personas_Trabajadoras_del_Hogar_afiliadas_ante_el_Instituto_Mexicano_del_Seguro_Social",	29,"Tlaxcala","2020","1","149","21","37","86","5","58","3","11","39","5","91","18","26","47","0",
"Número_de_Personas_Trabajadoras_del_Hogar_afiliadas_ante_el_Instituto_Mexicano_del_Seguro_Social",	30,"Veracruz_de_Ignacio_de_la_Llave","2020","1","572","86","197","268","21","160","11","30","108","11","412","75","167","160","10",
"Número_de_Personas_Trabajadoras_del_Hogar_afiliadas_ante_el_Instituto_Mexicano_del_Seguro_Social",	31,"Yucatán","2020","1","423","40","131","238","14","127","8","34","78","7","296","32","97","160","7",
"Número_de_Personas_Trabajadoras_del_Hogar_afiliadas_ante_el_Instituto_Mexicano_del_Seguro_Social",	32,"Zacatecas","2020","1","99","9","31","56","3","27","1","8","16","2","72","8","23","40","1",
"Número_de_Personas_Trabajadoras_del_Hogar_afiliadas_ante_el_Instituto_Mexicano_del_Seguro_Social",	00,"Estados_Unidos_Mexicanos","2019","12","13,533","1,422","4,507","7,197","407","3,387","207","817","2,168","195","10,146","1,215","3,690","5,029","212",
"Número_de_Personas_Trabajadoras_del_Hogar_afiliadas_ante_el_Instituto_Mexicano_del_Seguro_Social",	01,"Aguascalientes","2019","12","506","32","98","355","21","217","8","27","171","11","289","24","71","184","10",
"Número_de_Personas_Trabajadoras_del_Hogar_afiliadas_ante_el_Instituto_Mexicano_del_Seguro_Social",	02,"Baja_California","2019","12","471","32","113","312","14","126","2","19","97","8","345","30","94","215","6",
"Número_de_Personas_Trabajadoras_del_Hogar_afiliadas_ante_el_Instituto_Mexicano_del_Seguro_Social",	03,"Baja_California_Sur","2019","12","95","4","35","53","3","22","0","6","15","1","73","4","29","38","2",
"Número_de_Personas_Trabajadoras_del_Hogar_afiliadas_ante_el_Instituto_Mexicano_del_Seguro_Social",	04,"Campeche","2019","12","49","5","21","23","0","5","1","1","3","0","44","4","20","20","0",
"Número_de_Personas_Trabajadoras_del_Hogar_afiliadas_ante_el_Instituto_Mexicano_del_Seguro_Social",	05,"Coahuila_de_Zaragoza","2019","12","591","44","132","399","16","179","7","23","137","12","412","37","109","262","4",
"Número_de_Personas_Trabajadoras_del_Hogar_afiliadas_ante_el_Instituto_Mexicano_del_Seguro_Social",	06,"Colima","2019","12","178","19","60","98","1","44","2","8","33","1","134","17","52","65","0",
"Número_de_Personas_Trabajadoras_del_Hogar_afiliadas_ante_el_Instituto_Mexicano_del_Seguro_Social",	07,"Chiapas","2019","12","234","59","80","85","10","54","6","11","33","4","180","53","69","52","6",
"Número_de_Personas_Trabajadoras_del_Hogar_afiliadas_ante_el_Instituto_Mexicano_del_Seguro_Social",	08,"Chihuahua","2019","12","571","27","131","384","29","102","1","20","67","14","469","26","111","317","15",
"Número_de_Personas_Trabajadoras_del_Hogar_afiliadas_ante_el_Instituto_Mexicano_del_Seguro_Social",	09,"Ciudad_de_México","2019","12","2,001","210","764","963","64","386","22","120","225","19","1,615","188","644","738","45",
"Número_de_Personas_Trabajadoras_del_Hogar_afiliadas_ante_el_Instituto_Mexicano_del_Seguro_Social",	10,"Durango","2019","12","168","11","56","96","5","43","2","9","28","4","125","9","47","68","1",
"Número_de_Personas_Trabajadoras_del_Hogar_afiliadas_ante_el_Instituto_Mexicano_del_Seguro_Social",	11,"Guanajuato","2019","12","400","45","167","184","4","87","8","33","45","1","313","37","134","139","3",
"Número_de_Personas_Trabajadoras_del_Hogar_afiliadas_ante_el_Instituto_Mexicano_del_Seguro_Social",	12,"Guerrero","2019","12","362","47","131","169","15","104","6","26","65","7","258","41","105","104","8",
"Número_de_Personas_Trabajadoras_del_Hogar_afiliadas_ante_el_Instituto_Mexicano_del_Seguro_Social",	13,"Hidalgo","2019","12","137","26","51","55","5","24","4","5","14","1","113","22","46","41","4",
"Número_de_Personas_Trabajadoras_del_Hogar_afiliadas_ante_el_Instituto_Mexicano_del_Seguro_Social",	14,"Jalisco","2019","12","713","114","307","278","14","133","24","52","50","7","580","90","255","228","7",
"Número_de_Personas_Trabajadoras_del_Hogar_afiliadas_ante_el_Instituto_Mexicano_del_Seguro_Social",	15,"México","2019","12","1,426","137","539","713","37","312","12","83","197","20","1,114","125","456","516","17",
"Número_de_Personas_Trabajadoras_del_Hogar_afiliadas_ante_el_Instituto_Mexicano_del_Seguro_Social",	16,"Michoacán_de_Ocampo","2019","12","361","42","174","134","11","60","2","22","30","6","301","40","152","104","5",
"Número_de_Personas_Trabajadoras_del_Hogar_afiliadas_ante_el_Instituto_Mexicano_del_Seguro_Social",	17,"Morelos","2019","12","316","38","103","167","8","89","7","25","53","4","227","31","78","114","4",
"Número_de_Personas_Trabajadoras_del_Hogar_afiliadas_ante_el_Instituto_Mexicano_del_Seguro_Social",	18,"Nayarit","2019","12","142","23","60","56","3","21","1","10","9","1","121","22","50","47","2",
"Número_de_Personas_Trabajadoras_del_Hogar_afiliadas_ante_el_Instituto_Mexicano_del_Seguro_Social",	19,"Nuevo_León","2019","12","630","75","277","268","10","184","20","80","78","6","446","55","197","190","4",
"Número_de_Personas_Trabajadoras_del_Hogar_afiliadas_ante_el_Instituto_Mexicano_del_Seguro_Social",	20,"Oaxaca","2019","12","186","16","52","113","5","68","3","12","50","3","118","13","40","63","2",
"Número_de_Personas_Trabajadoras_del_Hogar_afiliadas_ante_el_Instituto_Mexicano_del_Seguro_Social",	21,"Puebla","2019","12","277","30","83","155","9","68","7","12","44","5","209","23","71","111","4",
"Número_de_Personas_Trabajadoras_del_Hogar_afiliadas_ante_el_Instituto_Mexicano_del_Seguro_Social",	22,"Querétaro","2019","12","181","23","59","91","8","35","2","8","21","4","146","21","51","70","4",
"Número_de_Personas_Trabajadoras_del_Hogar_afiliadas_ante_el_Instituto_Mexicano_del_Seguro_Social",	23,"Quintana_Roo","2019","12","78","10","38","28","2","11","0","7","4","0","67","10","31","24","2",
"Número_de_Personas_Trabajadoras_del_Hogar_afiliadas_ante_el_Instituto_Mexicano_del_Seguro_Social",	24,"San_Luis_Potosí","2019","12","194","16","67","106","5","33","1","5","26","1","161","15","62","80","4",
"Número_de_Personas_Trabajadoras_del_Hogar_afiliadas_ante_el_Instituto_Mexicano_del_Seguro_Social",	25,"Sinaloa","2019","12","522","76","169","262","15","146","15","41","81","9","376","61","128","181","6",
"Número_de_Personas_Trabajadoras_del_Hogar_afiliadas_ante_el_Instituto_Mexicano_del_Seguro_Social",	26,"Sonora","2019","12","688","46","190","433","19","236","11","51","163","11","452","35","139","270","8",
"Número_de_Personas_Trabajadoras_del_Hogar_afiliadas_ante_el_Instituto_Mexicano_del_Seguro_Social",	27,"Tabasco","2019","12","71","8","35","26","2","12","1","4","7","0","59","7","31","19","2",
"Número_de_Personas_Trabajadoras_del_Hogar_afiliadas_ante_el_Instituto_Mexicano_del_Seguro_Social",	28,"Tamaulipas","2019","12","847","58","145","612","32","259","10","24","213","12","588","48","121","399","20",
"Número_de_Personas_Trabajadoras_del_Hogar_afiliadas_ante_el_Instituto_Mexicano_del_Seguro_Social",	29,"Tlaxcala","2019","12","124","20","31","68","5","44","4","8","27","5","80","16","23","41","0",
"Número_de_Personas_Trabajadoras_del_Hogar_afiliadas_ante_el_Instituto_Mexicano_del_Seguro_Social",	30,"Veracruz_de_Ignacio_de_la_Llave","2019","12","512","80","185","228","19","128","9","24","86","9","384","71","161","142","10",
"Número_de_Personas_Trabajadoras_del_Hogar_afiliadas_ante_el_Instituto_Mexicano_del_Seguro_Social",	31,"Yucatán","2019","12","400","37","120","232","11","124","6","33","78","7","276","31","87","154","4",
"Número_de_Personas_Trabajadoras_del_Hogar_afiliadas_ante_el_Instituto_Mexicano_del_Seguro_Social",	32,"Zacatecas","2019","12","102","12","34","51","5","31","3","8","18","2","71","9","26","33","3",
"Número_de_Personas_Trabajadoras_del_Hogar_afiliadas_ante_el_Instituto_Mexicano_del_Seguro_Social",	00,"Estados_Unidos_Mexicanos","2019","11","11,947","1,312","4,069","6,226","340","2,838","180","701","1,801","156","9,109","1,132","3,368","4,425","184",
"Número_de_Personas_Trabajadoras_del_Hogar_afiliadas_ante_el_Instituto_Mexicano_del_Seguro_Social",	01,"Aguascalientes","2019","11","433","27","97","291","18","188","7","27","146","8","245","20","70","145","10",
"Número_de_Personas_Trabajadoras_del_Hogar_afiliadas_ante_el_Instituto_Mexicano_del_Seguro_Social",	02,"Baja_California","2019","11","428","30","109","276","13","115","1","15","90","9","313","29","94","186","4",
"Número_de_Personas_Trabajadoras_del_Hogar_afiliadas_ante_el_Instituto_Mexicano_del_Seguro_Social",	03,"Baja_California_Sur","2019","11","76","5","29","40","2","16","0","3","12","1","60","5","26","28","1",
"Número_de_Personas_Trabajadoras_del_Hogar_afiliadas_ante_el_Instituto_Mexicano_del_Seguro_Social",	04,"Campeche","2019","11","40","4","18","18","0","4","1","0","3","0","36","3","18","15","0",
"Número_de_Personas_Trabajadoras_del_Hogar_afiliadas_ante_el_Instituto_Mexicano_del_Seguro_Social",	05,"Coahuila_de_Zaragoza","2019","11","516","38","113","351","14","151","5","18","118","10","365","33","95","233","4",
"Número_de_Personas_Trabajadoras_del_Hogar_afiliadas_ante_el_Instituto_Mexicano_del_Seguro_Social",	06,"Colima","2019","11","154","20","52","80","2","35","2","9","24","0","119","18","43","56","2",
"Número_de_Personas_Trabajadoras_del_Hogar_afiliadas_ante_el_Instituto_Mexicano_del_Seguro_Social",	07,"Chiapas","2019","11","204","55","79","64","6","38","5","8","23","2","166","50","71","41","4",
"Número_de_Personas_Trabajadoras_del_Hogar_afiliadas_ante_el_Instituto_Mexicano_del_Seguro_Social",	08,"Chihuahua","2019","11","538","27","136","352","23","91","0","21","59","11","447","27","115","293","12",
"Número_de_Personas_Trabajadoras_del_Hogar_afiliadas_ante_el_Instituto_Mexicano_del_Seguro_Social",	09,"Ciudad_de_México","2019","11","1,805","190","695","859","61","330","18","101","194","17","1,475","172","594","665","44",
"Número_de_Personas_Trabajadoras_del_Hogar_afiliadas_ante_el_Instituto_Mexicano_del_Seguro_Social",	10,"Durango","2019","11","149","9","48","86","6","36","1","8","23","4","113","8","40","63","2",
"Número_de_Personas_Trabajadoras_del_Hogar_afiliadas_ante_el_Instituto_Mexicano_del_Seguro_Social",	11,"Guanajuato","2019","11","356","42","153","159","2","80","7","32","41","0","276","35","121","118","2",
"Número_de_Personas_Trabajadoras_del_Hogar_afiliadas_ante_el_Instituto_Mexicano_del_Seguro_Social",	12,"Guerrero","2019","11","304","38","112","144","10","80","4","21","51","4","224","34","91","93","6",
"Número_de_Personas_Trabajadoras_del_Hogar_afiliadas_ante_el_Instituto_Mexicano_del_Seguro_Social",	13,"Hidalgo","2019","11","118","28","35","52","3","16","3","1","12","0","102","25","34","40","3",
"Número_de_Personas_Trabajadoras_del_Hogar_afiliadas_ante_el_Instituto_Mexicano_del_Seguro_Social",	14,"Jalisco","2019","11","630","93","279","248","10","103","17","40","40","6","527","76","239","208","4",
"Número_de_Personas_Trabajadoras_del_Hogar_afiliadas_ante_el_Instituto_Mexicano_del_Seguro_Social",	15,"México","2019","11","1,284","134","497","627","26","255","12","73","158","12","1,029","122","424","469","14",
"Número_de_Personas_Trabajadoras_del_Hogar_afiliadas_ante_el_Instituto_Mexicano_del_Seguro_Social",	16,"Michoacán_de_Ocampo","2019","11","341","45","158","127","11","59","2","18","33","6","282","43","140","94","5",
"Número_de_Personas_Trabajadoras_del_Hogar_afiliadas_ante_el_Instituto_Mexicano_del_Seguro_Social",	17,"Morelos","2019","11","284","37","100","139","8","79","6","27","42","4","205","31","73","97","4",
"Número_de_Personas_Trabajadoras_del_Hogar_afiliadas_ante_el_Instituto_Mexicano_del_Seguro_Social",	18,"Nayarit","2019","11","133","22","58","51","2","20","1","11","7","1","113","21","47","44","1",
"Número_de_Personas_Trabajadoras_del_Hogar_afiliadas_ante_el_Instituto_Mexicano_del_Seguro_Social",	19,"Nuevo_León","2019","11","569","67","253","244","5","162","19","68","72","3","407","48","185","172","2",
"Número_de_Personas_Trabajadoras_del_Hogar_afiliadas_ante_el_Instituto_Mexicano_del_Seguro_Social",	20,"Oaxaca","2019","11","156","16","38","97","5","56","3","8","42","3","100","13","30","55","2",
"Número_de_Personas_Trabajadoras_del_Hogar_afiliadas_ante_el_Instituto_Mexicano_del_Seguro_Social",	21,"Puebla","2019","11","246","30","72","137","7","60","6","13","36","5","186","24","59","101","2",
"Número_de_Personas_Trabajadoras_del_Hogar_afiliadas_ante_el_Instituto_Mexicano_del_Seguro_Social",	22,"Querétaro","2019","11","165","23","54","80","8","32","3","6","19","4","133","20","48","61","4",
"Número_de_Personas_Trabajadoras_del_Hogar_afiliadas_ante_el_Instituto_Mexicano_del_Seguro_Social",	23,"Quintana_Roo","2019","11","73","9","35","27","2","12","1","7","4","0","61","8","28","23","2",
"Número_de_Personas_Trabajadoras_del_Hogar_afiliadas_ante_el_Instituto_Mexicano_del_Seguro_Social",	24,"San_Luis_Potosí","2019","11","177","14","60","98","5","35","3","4","28","0","142","11","56","70","5",
"Número_de_Personas_Trabajadoras_del_Hogar_afiliadas_ante_el_Instituto_Mexicano_del_Seguro_Social",	25,"Sinaloa","2019","11","421","65","137","207","12","107","10","30","60","7","314","55","107","147","5",
"Número_de_Personas_Trabajadoras_del_Hogar_afiliadas_ante_el_Instituto_Mexicano_del_Seguro_Social",	26,"Sonora","2019","11","577","44","167","349","17","183","8","43","121","11","394","36","124","228","6",
"Número_de_Personas_Trabajadoras_del_Hogar_afiliadas_ante_el_Instituto_Mexicano_del_Seguro_Social",	27,"Tabasco","2019","11","56","9","27","19","1","5","1","1","3","0","51","8","26","16","1",
"Número_de_Personas_Trabajadoras_del_Hogar_afiliadas_ante_el_Instituto_Mexicano_del_Seguro_Social",	28,"Tamaulipas","2019","11","731","52","133","517","29","213","7","25","170","11","518","45","108","347","18",
"Número_de_Personas_Trabajadoras_del_Hogar_afiliadas_ante_el_Instituto_Mexicano_del_Seguro_Social",	29,"Tlaxcala","2019","11","108","20","26","57","5","39","5","8","21","5","69","15","18","36","0",
"Número_de_Personas_Trabajadoras_del_Hogar_afiliadas_ante_el_Instituto_Mexicano_del_Seguro_Social",	30,"Veracruz_de_Ignacio_de_la_Llave","2019","11","440","71","171","184","14","106","10","22","68","6","334","61","149","116","8",
"Número_de_Personas_Trabajadoras_del_Hogar_afiliadas_ante_el_Instituto_Mexicano_del_Seguro_Social",	31,"Yucatán","2019","11","347","37","97","204","9","109","10","25","69","5","238","27","72","135","4",
"Número_de_Personas_Trabajadoras_del_Hogar_afiliadas_ante_el_Instituto_Mexicano_del_Seguro_Social",	32,"Zacatecas","2019","11","88","11","31","42","4","23","2","8","12","1","65","9","23","30","3",
"Número_de_Personas_Trabajadoras_del_Hogar_afiliadas_ante_el_Instituto_Mexicano_del_Seguro_Social",	00,"Estados_Unidos_Mexicanos","2019","10","10,858","1,304","3,800","5,440","314","2,482","175","639","1,532","136","8,376","1,129","3,161","3,908","178",
"Número_de_Personas_Trabajadoras_del_Hogar_afiliadas_ante_el_Instituto_Mexicano_del_Seguro_Social",	01,"Aguascalientes","2019","10","370","27","88","236","19","155","8","28","111","8","215","19","60","125","11",
"Número_de_Personas_Trabajadoras_del_Hogar_afiliadas_ante_el_Instituto_Mexicano_del_Seguro_Social",	02,"Baja_California","2019","10","379","26","104","235","14","103","1","18","76","8","276","25","86","159","6",
"Número_de_Personas_Trabajadoras_del_Hogar_afiliadas_ante_el_Instituto_Mexicano_del_Seguro_Social",	03,"Baja_California_Sur","2019","10","79","8","28","41","2","17","2","4","10","1","62","6","24","31","1",
"Número_de_Personas_Trabajadoras_del_Hogar_afiliadas_ante_el_Instituto_Mexicano_del_Seguro_Social",	04,"Campeche","2019","10","36","3","13","20","0","3","0","0","3","0","33","3","13","17","0",
"Número_de_Personas_Trabajadoras_del_Hogar_afiliadas_ante_el_Instituto_Mexicano_del_Seguro_Social",	05,"Coahuila_de_Zaragoza","2019","10","502","38","121","331","12","141","7","19","108","7","361","31","102","223","5",
"Número_de_Personas_Trabajadoras_del_Hogar_afiliadas_ante_el_Instituto_Mexicano_del_Seguro_Social",	06,"Colima","2019","10","137","19","46","70","2","28","2","7","19","0","109","17","39","51","2",
"Número_de_Personas_Trabajadoras_del_Hogar_afiliadas_ante_el_Instituto_Mexicano_del_Seguro_Social",	07,"Chiapas","2019","10","180","50","70","54","6","32","4","7","18","3","148","46","63","36","3",
"Número_de_Personas_Trabajadoras_del_Hogar_afiliadas_ante_el_Instituto_Mexicano_del_Seguro_Social",	08,"Chihuahua","2019","10","490","29","134","301","26","74","0","13","49","12","416","29","121","252","14",
"Número_de_Personas_Trabajadoras_del_Hogar_afiliadas_ante_el_Instituto_Mexicano_del_Seguro_Social",	09,"Ciudad_de_México","2019","10","1,693","206","658","779","50","280","19","86","164","11","1,413","187","572","615","39",
"Número_de_Personas_Trabajadoras_del_Hogar_afiliadas_ante_el_Instituto_Mexicano_del_Seguro_Social",	10,"Durango","2019","10","132","10","44","73","5","33","1","7","21","4","99","9","37","52","1",
"Número_de_Personas_Trabajadoras_del_Hogar_afiliadas_ante_el_Instituto_Mexicano_del_Seguro_Social",	11,"Guanajuato","2019","10","335","52","134","146","3","67","7","26","34","0","268","45","108","112","3",
"Número_de_Personas_Trabajadoras_del_Hogar_afiliadas_ante_el_Instituto_Mexicano_del_Seguro_Social",	12,"Guerrero","2019","10","275","39","99","127","10","71","3","18","46","4","204","36","81","81","6",
"Número_de_Personas_Trabajadoras_del_Hogar_afiliadas_ante_el_Instituto_Mexicano_del_Seguro_Social",	13,"Hidalgo","2019","10","100","20","34","43","3","15","4","0","11","0","85","16","34","32","3",
"Número_de_Personas_Trabajadoras_del_Hogar_afiliadas_ante_el_Instituto_Mexicano_del_Seguro_Social",	14,"Jalisco","2019","10","579","91","260","219","9","101","18","41","38","4","478","73","219","181","5",
"Número_de_Personas_Trabajadoras_del_Hogar_afiliadas_ante_el_Instituto_Mexicano_del_Seguro_Social",	15,"México","2019","10","1,181","143","476","536","26","233","11","77","133","12","948","132","399","403","14",
"Número_de_Personas_Trabajadoras_del_Hogar_afiliadas_ante_el_Instituto_Mexicano_del_Seguro_Social",	16,"Michoacán_de_Ocampo","2019","10","312","51","146","103","12","50","2","17","24","7","262","49","129","79","5",
"Número_de_Personas_Trabajadoras_del_Hogar_afiliadas_ante_el_Instituto_Mexicano_del_Seguro_Social",	17,"Morelos","2019","10","243","31","86","121","5","64","5","19","38","2","179","26","67","83","3",
"Número_de_Personas_Trabajadoras_del_Hogar_afiliadas_ante_el_Instituto_Mexicano_del_Seguro_Social",	18,"Nayarit","2019","10","125","20","56","48","1","18","1","10","6","1","107","19","46","42","0",
"Número_de_Personas_Trabajadoras_del_Hogar_afiliadas_ante_el_Instituto_Mexicano_del_Seguro_Social",	19,"Nuevo_León","2019","10","514","71","225","211","7","150","22","63","59","6","364","49","162","152","1",
"Número_de_Personas_Trabajadoras_del_Hogar_afiliadas_ante_el_Instituto_Mexicano_del_Seguro_Social",	20,"Oaxaca","2019","10","150","15","41","90","4","56","3","9","41","3","94","12","32","49","1",
"Número_de_Personas_Trabajadoras_del_Hogar_afiliadas_ante_el_Instituto_Mexicano_del_Seguro_Social",	21,"Puebla","2019","10","223","29","67","121","6","53","6","12","31","4","170","23","55","90","2",
"Número_de_Personas_Trabajadoras_del_Hogar_afiliadas_ante_el_Instituto_Mexicano_del_Seguro_Social",	22,"Querétaro","2019","10","140","19","49","65","7","26","1","7","14","4","114","18","42","51","3",
"Número_de_Personas_Trabajadoras_del_Hogar_afiliadas_ante_el_Instituto_Mexicano_del_Seguro_Social",	23,"Quintana_Roo","2019","10","78","10","36","30","2","18","3","8","7","0","60","7","28","23","2",
"Número_de_Personas_Trabajadoras_del_Hogar_afiliadas_ante_el_Instituto_Mexicano_del_Seguro_Social",	24,"San_Luis_Potosí","2019","10","165","14","58","88","5","31","3","5","23","0","134","11","53","65","5",
"Número_de_Personas_Trabajadoras_del_Hogar_afiliadas_ante_el_Instituto_Mexicano_del_Seguro_Social",	25,"Sinaloa","2019","10","362","58","120","173","11","94","10","30","46","8","268","48","90","127","3",
"Número_de_Personas_Trabajadoras_del_Hogar_afiliadas_ante_el_Instituto_Mexicano_del_Seguro_Social",	26,"Sonora","2019","10","491","40","154","286","11","148","7","35","100","6","343","33","119","186","5",
"Número_de_Personas_Trabajadoras_del_Hogar_afiliadas_ante_el_Instituto_Mexicano_del_Seguro_Social",	27,"Tabasco","2019","10","53","6","27","18","2","5","1","1","3","0","48","5","26","15","2",
"Número_de_Personas_Trabajadoras_del_Hogar_afiliadas_ante_el_Instituto_Mexicano_del_Seguro_Social",	28,"Tamaulipas","2019","10","650","51","122","451","26","190","6","22","154","8","460","45","100","297","18",
"Número_de_Personas_Trabajadoras_del_Hogar_afiliadas_ante_el_Instituto_Mexicano_del_Seguro_Social",	29,"Tlaxcala","2019","10","92","16","25","48","3","35","3","9","20","3","57","13","16","28","0",
"Número_de_Personas_Trabajadoras_del_Hogar_afiliadas_ante_el_Instituto_Mexicano_del_Seguro_Social",	30,"Veracruz_de_Ignacio_de_la_Llave","2019","10","415","76","164","162","13","86","7","16","59","4","329","69","148","103","9",
"Número_de_Personas_Trabajadoras_del_Hogar_afiliadas_ante_el_Instituto_Mexicano_del_Seguro_Social",	31,"Yucatán","2019","10","307","28","92","178","9","88","6","20","57","5","219","22","72","121","4",
"Número_de_Personas_Trabajadoras_del_Hogar_afiliadas_ante_el_Instituto_Mexicano_del_Seguro_Social",	32,"Zacatecas","2019","10","70","8","23","36","3","17","2","5","9","1","53","6","18","27","2",
"Número_de_Personas_Trabajadoras_del_Hogar_afiliadas_ante_el_Instituto_Mexicano_del_Seguro_Social",	00,"Estados_Unidos_Mexicanos","2019","9","8,862","1,067","3,127","4,427","241","1,970","143","522","1,200","105","6,892","924","2,605","3,227","136",
"Número_de_Personas_Trabajadoras_del_Hogar_afiliadas_ante_el_Instituto_Mexicano_del_Seguro_Social",	01,"Aguascalientes","2019","9","308","21","77","197","13","122","6","21","89","6","186","15","56","108","7",
"Número_de_Personas_Trabajadoras_del_Hogar_afiliadas_ante_el_Instituto_Mexicano_del_Seguro_Social",	02,"Baja_California","2019","9","293","23","72","189","9","80","1","12","62","5","213","22","60","127","4",
"Número_de_Personas_Trabajadoras_del_Hogar_afiliadas_ante_el_Instituto_Mexicano_del_Seguro_Social",	03,"Baja_California_Sur","2019","9","62","7","18","36","1","13","1","2","9","1","49","6","16","27","0",
"Número_de_Personas_Trabajadoras_del_Hogar_afiliadas_ante_el_Instituto_Mexicano_del_Seguro_Social",	04,"Campeche","2019","9","28","4","11","13","0","2","0","0","2","0","26","4","11","11","0",
"Número_de_Personas_Trabajadoras_del_Hogar_afiliadas_ante_el_Instituto_Mexicano_del_Seguro_Social",	05,"Coahuila_de_Zaragoza","2019","9","407","32","86","279","10","120","7","16","90","7","287","25","70","189","3",
"Número_de_Personas_Trabajadoras_del_Hogar_afiliadas_ante_el_Instituto_Mexicano_del_Seguro_Social",	06,"Colima","2019","9","122","19","44","57","2","25","3","6","16","0","97","16","38","41","2",
"Número_de_Personas_Trabajadoras_del_Hogar_afiliadas_ante_el_Instituto_Mexicano_del_Seguro_Social",	07,"Chiapas","2019","9","144","33","58","51","2","30","5","5","18","2","114","28","53","33","0",
"Número_de_Personas_Trabajadoras_del_Hogar_afiliadas_ante_el_Instituto_Mexicano_del_Seguro_Social",	08,"Chihuahua","2019","9","406","22","111","260","13","59","0","13","41","5","347","22","98","219","8",
"Número_de_Personas_Trabajadoras_del_Hogar_afiliadas_ante_el_Instituto_Mexicano_del_Seguro_Social",	09,"Ciudad_de_México","2019","9","1,398","171","552","632","43","244","18","84","131","11","1,154","153","468","501","32",
"Número_de_Personas_Trabajadoras_del_Hogar_afiliadas_ante_el_Instituto_Mexicano_del_Seguro_Social",	10,"Durango","2019","9","110","11","33","63","3","27","1","6","19","1","83","10","27","44","2",
"Número_de_Personas_Trabajadoras_del_Hogar_afiliadas_ante_el_Instituto_Mexicano_del_Seguro_Social",	11,"Guanajuato","2019","9","295","40","135","116","4","60","6","26","26","2","235","34","109","90","2",
"Número_de_Personas_Trabajadoras_del_Hogar_afiliadas_ante_el_Instituto_Mexicano_del_Seguro_Social",	12,"Guerrero","2019","9","213","31","77","97","8","55","2","14","36","3","158","29","63","61","5",
"Número_de_Personas_Trabajadoras_del_Hogar_afiliadas_ante_el_Instituto_Mexicano_del_Seguro_Social",	13,"Hidalgo","2019","9","74","16","25","32","1","8","3","0","5","0","66","13","25","27","1",
"Número_de_Personas_Trabajadoras_del_Hogar_afiliadas_ante_el_Instituto_Mexicano_del_Seguro_Social",	14,"Jalisco","2019","9","493","80","223","181","9","90","16","37","33","4","403","64","186","148","5",
"Número_de_Personas_Trabajadoras_del_Hogar_afiliadas_ante_el_Instituto_Mexicano_del_Seguro_Social",	15,"México","2019","9","958","115","384","437","22","176","6","56","104","10","782","109","328","333","12",
"Número_de_Personas_Trabajadoras_del_Hogar_afiliadas_ante_el_Instituto_Mexicano_del_Seguro_Social",	16,"Michoacán_de_Ocampo","2019","9","252","39","118","85","10","33","1","13","13","6","219","38","105","72","4",
"Número_de_Personas_Trabajadoras_del_Hogar_afiliadas_ante_el_Instituto_Mexicano_del_Seguro_Social",	17,"Morelos","2019","9","206","30","63","106","7","52","6","13","30","3","154","24","50","76","4",
"Número_de_Personas_Trabajadoras_del_Hogar_afiliadas_ante_el_Instituto_Mexicano_del_Seguro_Social",	18,"Nayarit","2019","9","99","17","44","37","1","14","0","8","5","1","85","17","36","32","0",
"Número_de_Personas_Trabajadoras_del_Hogar_afiliadas_ante_el_Instituto_Mexicano_del_Seguro_Social",	19,"Nuevo_León","2019","9","430","55","193","176","6","126","15","58","48","5","304","40","135","128","1",
"Número_de_Personas_Trabajadoras_del_Hogar_afiliadas_ante_el_Instituto_Mexicano_del_Seguro_Social",	20,"Oaxaca","2019","9","126","11","36","75","4","46","2","6","35","3","80","9","30","40","1",
"Número_de_Personas_Trabajadoras_del_Hogar_afiliadas_ante_el_Instituto_Mexicano_del_Seguro_Social",	21,"Puebla","2019","9","182","26","55","95","6","43","5","13","21","4","139","21","42","74","2",
"Número_de_Personas_Trabajadoras_del_Hogar_afiliadas_ante_el_Instituto_Mexicano_del_Seguro_Social",	22,"Querétaro","2019","9","122","19","41","57","5","18","0","4","12","2","104","19","37","45","3",
"Número_de_Personas_Trabajadoras_del_Hogar_afiliadas_ante_el_Instituto_Mexicano_del_Seguro_Social",	23,"Quintana_Roo","2019","9","61","11","28","20","2","13","3","6","4","0","48","8","22","16","2",
"Número_de_Personas_Trabajadoras_del_Hogar_afiliadas_ante_el_Instituto_Mexicano_del_Seguro_Social",	24,"San_Luis_Potosí","2019","9","143","11","53","73","6","29","3","5","21","0","114","8","48","52","6",
"Número_de_Personas_Trabajadoras_del_Hogar_afiliadas_ante_el_Instituto_Mexicano_del_Seguro_Social",	25,"Sinaloa","2019","9","281","43","87","142","9","77","8","19","44","6","204","35","68","98","3",
"Número_de_Personas_Trabajadoras_del_Hogar_afiliadas_ante_el_Instituto_Mexicano_del_Seguro_Social",	26,"Sonora","2019","9","375","39","111","222","3","103","8","24","70","1","272","31","87","152","2",
"Número_de_Personas_Trabajadoras_del_Hogar_afiliadas_ante_el_Instituto_Mexicano_del_Seguro_Social",	27,"Tabasco","2019","9","46","3","27","15","1","3","0","1","2","0","43","3","26","13","1",
"Número_de_Personas_Trabajadoras_del_Hogar_afiliadas_ante_el_Instituto_Mexicano_del_Seguro_Social",	28,"Tamaulipas","2019","9","517","38","102","359","18","143","4","14","120","5","374","34","88","239","13",
"Número_de_Personas_Trabajadoras_del_Hogar_afiliadas_ante_el_Instituto_Mexicano_del_Seguro_Social",	29,"Tlaxcala","2019","9","61","10","20","29","2","21","3","6","10","2","40","7","14","19","0",
"Número_de_Personas_Trabajadoras_del_Hogar_afiliadas_ante_el_Instituto_Mexicano_del_Seguro_Social",	30,"Veracruz_de_Ignacio_de_la_Llave","2019","9","324","54","144","115","11","51","3","11","32","5","273","51","133","83","6",
"Número_de_Personas_Trabajadoras_del_Hogar_afiliadas_ante_el_Instituto_Mexicano_del_Seguro_Social",	31,"Yucatán","2019","9","265","26","81","151","7","73","6","19","44","4","192","20","62","107","3",
"Número_de_Personas_Trabajadoras_del_Hogar_afiliadas_ante_el_Instituto_Mexicano_del_Seguro_Social",	32,"Zacatecas","2019","9","61","10","18","30","3","14","1","4","8","1","47","9","14","22","2",
"Número_de_Personas_Trabajadoras_del_Hogar_afiliadas_ante_el_Instituto_Mexicano_del_Seguro_Social",	00,"Estados_Unidos_Mexicanos","2019","8","6,631","849","2,395","3,219","168","1,358","114","384","792","68","5,273","735","2,011","2,427","100",
"Número_de_Personas_Trabajadoras_del_Hogar_afiliadas_ante_el_Instituto_Mexicano_del_Seguro_Social",	01,"Aguascalientes","2019","8","217","14","62","134","7","77","2","18","53","4","140","12","44","81","3",
"Número_de_Personas_Trabajadoras_del_Hogar_afiliadas_ante_el_Instituto_Mexicano_del_Seguro_Social",	02,"Baja_California","2019","8","188","17","53","113","5","49","2","12","33","2","139","15","41","80","3",
"Número_de_Personas_Trabajadoras_del_Hogar_afiliadas_ante_el_Instituto_Mexicano_del_Seguro_Social",	03,"Baja_California_Sur","2019","8","47","5","12","29","1","10","0","1","8","1","37","5","11","21","0",
"Número_de_Personas_Trabajadoras_del_Hogar_afiliadas_ante_el_Instituto_Mexicano_del_Seguro_Social",	04,"Campeche","2019","8","22","2","9","11","0","3","0","0","3","0","19","2","9","8","0",
"Número_de_Personas_Trabajadoras_del_Hogar_afiliadas_ante_el_Instituto_Mexicano_del_Seguro_Social",	05,"Coahuila_de_Zaragoza","2019","8","325","31","75","208","11","85","5","15","58","7","240","26","60","150","4",
"Número_de_Personas_Trabajadoras_del_Hogar_afiliadas_ante_el_Instituto_Mexicano_del_Seguro_Social",	06,"Colima","2019","8","95","16","33","45","1","20","3","5","12","0","75","13","28","33","1",
"Número_de_Personas_Trabajadoras_del_Hogar_afiliadas_ante_el_Instituto_Mexicano_del_Seguro_Social",	07,"Chiapas","2019","8","91","22","33","35","1","16","3","1","11","1","75","19","32","24","0",
"Número_de_Personas_Trabajadoras_del_Hogar_afiliadas_ante_el_Instituto_Mexicano_del_Seguro_Social",	08,"Chihuahua","2019","8","296","25","77","183","11","40","2","9","24","5","256","23","68","159","6",
"Número_de_Personas_Trabajadoras_del_Hogar_afiliadas_ante_el_Instituto_Mexicano_del_Seguro_Social",	09,"Ciudad_de_México","2019","8","1,141","155","441","510","35","196","12","64","111","9","945","143","377","399","26",
"Número_de_Personas_Trabajadoras_del_Hogar_afiliadas_ante_el_Instituto_Mexicano_del_Seguro_Social",	10,"Durango","2019","8","99","8","28","60","3","28","1","4","20","3","71","7","24","40","0",
"Número_de_Personas_Trabajadoras_del_Hogar_afiliadas_ante_el_Instituto_Mexicano_del_Seguro_Social",	11,"Guanajuato","2019","8","221","38","96","84","3","41","7","18","16","0","180","31","78","68","3",
"Número_de_Personas_Trabajadoras_del_Hogar_afiliadas_ante_el_Instituto_Mexicano_del_Seguro_Social",	12,"Guerrero","2019","8","145","21","60","59","5","31","2","11","16","2","114","19","49","43","3",
"Número_de_Personas_Trabajadoras_del_Hogar_afiliadas_ante_el_Instituto_Mexicano_del_Seguro_Social",	13,"Hidalgo","2019","8","61","15","18","26","2","6","4","0","2","0","55","11","18","24","2",
"Número_de_Personas_Trabajadoras_del_Hogar_afiliadas_ante_el_Instituto_Mexicano_del_Seguro_Social",	14,"Jalisco","2019","8","390","66","170","148","6","67","13","28","23","3","323","53","142","125","3",
"Número_de_Personas_Trabajadoras_del_Hogar_afiliadas_ante_el_Instituto_Mexicano_del_Seguro_Social",	15,"México","2019","8","722","97","296","317","12","120","9","37","71","3","602","88","259","246","9",
"Número_de_Personas_Trabajadoras_del_Hogar_afiliadas_ante_el_Instituto_Mexicano_del_Seguro_Social",	16,"Michoacán_de_Ocampo","2019","8","207","34","95","70","8","26","1","10","10","5","181","33","85","60","3",
"Número_de_Personas_Trabajadoras_del_Hogar_afiliadas_ante_el_Instituto_Mexicano_del_Seguro_Social",	17,"Morelos","2019","8","141","22","51","65","3","28","3","11","13","1","113","19","40","52","2",
"Número_de_Personas_Trabajadoras_del_Hogar_afiliadas_ante_el_Instituto_Mexicano_del_Seguro_Social",	18,"Nayarit","2019","8","79","14","28","36","1","13","1","6","5","1","66","13","22","31","0",
"Número_de_Personas_Trabajadoras_del_Hogar_afiliadas_ante_el_Instituto_Mexicano_del_Seguro_Social",	19,"Nuevo_León","2019","8","308","39","136","131","2","79","11","34","33","1","229","28","102","98","1",
"Número_de_Personas_Trabajadoras_del_Hogar_afiliadas_ante_el_Instituto_Mexicano_del_Seguro_Social",	20,"Oaxaca","2019","8","93","13","26","52","2","27","3","4","18","2","66","10","22","34","0",
"Número_de_Personas_Trabajadoras_del_Hogar_afiliadas_ante_el_Instituto_Mexicano_del_Seguro_Social",	21,"Puebla","2019","8","123","17","39","65","2","28","4","10","13","1","95","13","29","52","1",
"Número_de_Personas_Trabajadoras_del_Hogar_afiliadas_ante_el_Instituto_Mexicano_del_Seguro_Social",	22,"Querétaro","2019","8","101","14","39","45","3","14","0","6","7","1","87","14","33","38","2",
"Número_de_Personas_Trabajadoras_del_Hogar_afiliadas_ante_el_Instituto_Mexicano_del_Seguro_Social",	23,"Quintana_Roo","2019","8","48","7","24","15","2","7","1","4","2","0","41","6","20","13","2",
"Número_de_Personas_Trabajadoras_del_Hogar_afiliadas_ante_el_Instituto_Mexicano_del_Seguro_Social",	24,"San_Luis_Potosí","2019","8","106","10","41","50","5","21","3","5","13","0","85","7","36","37","5",
"Número_de_Personas_Trabajadoras_del_Hogar_afiliadas_ante_el_Instituto_Mexicano_del_Seguro_Social",	25,"Sinaloa","2019","8","179","21","58","94","6","47","4","12","27","4","132","17","46","67","2",
"Número_de_Personas_Trabajadoras_del_Hogar_afiliadas_ante_el_Instituto_Mexicano_del_Seguro_Social",	26,"Sonora","2019","8","234","23","79","131","1","57","4","15","38","0","177","19","64","93","1",
"Número_de_Personas_Trabajadoras_del_Hogar_afiliadas_ante_el_Instituto_Mexicano_del_Seguro_Social",	27,"Tabasco","2019","8","33","1","21","11","0","2","0","1","1","0","31","1","20","10","0",
"Número_de_Personas_Trabajadoras_del_Hogar_afiliadas_ante_el_Instituto_Mexicano_del_Seguro_Social",	28,"Tamaulipas","2019","8","393","32","81","268","12","108","5","11","90","2","285","27","70","178","10",
"Número_de_Personas_Trabajadoras_del_Hogar_afiliadas_ante_el_Instituto_Mexicano_del_Seguro_Social",	29,"Tlaxcala","2019","8","48","7","19","20","2","15","2","4","7","2","33","5","15","13","0",
"Número_de_Personas_Trabajadoras_del_Hogar_afiliadas_ante_el_Instituto_Mexicano_del_Seguro_Social",	30,"Veracruz_de_Ignacio_de_la_Llave","2019","8","246","42","114","82","8","40","3","11","22","4","206","39","103","60","4",
"Número_de_Personas_Trabajadoras_del_Hogar_afiliadas_ante_el_Instituto_Mexicano_del_Seguro_Social",	31,"Yucatán","2019","8","195","16","68","104","7","51","4","15","28","4","144","12","53","76","3",
"Número_de_Personas_Trabajadoras_del_Hogar_afiliadas_ante_el_Instituto_Mexicano_del_Seguro_Social",	32,"Zacatecas","2019","8","37","5","13","18","1","6","0","2","4","0","31","5","11","14","1",
"Número_de_Personas_Trabajadoras_del_Hogar_afiliadas_ante_el_Instituto_Mexicano_del_Seguro_Social",	00,"Estados_Unidos_Mexicanos","2019","7","4,890","613","1,853","2,314","110","919","81","279","522","37","3,971","532","1,574","1,792","73",
"Número_de_Personas_Trabajadoras_del_Hogar_afiliadas_ante_el_Instituto_Mexicano_del_Seguro_Social",	01,"Aguascalientes","2019","7","149","9","48","91","1","50","2","13","34","1","99","7","35","57","0",
"Número_de_Personas_Trabajadoras_del_Hogar_afiliadas_ante_el_Instituto_Mexicano_del_Seguro_Social",	02,"Baja_California","2019","7","131","11","36","80","4","35","2","6","26","1","96","9","30","54","3",
"Número_de_Personas_Trabajadoras_del_Hogar_afiliadas_ante_el_Instituto_Mexicano_del_Seguro_Social",	03,"Baja_California_Sur","2019","7","41","3","11","26","1","9","1","1","6","1","32","2","10","20","0",
"Número_de_Personas_Trabajadoras_del_Hogar_afiliadas_ante_el_Instituto_Mexicano_del_Seguro_Social",	04,"Campeche","2019","7","16","2","4","10","0","2","0","0","2","0","14","2","4","8","0",
"Número_de_Personas_Trabajadoras_del_Hogar_afiliadas_ante_el_Instituto_Mexicano_del_Seguro_Social",	05,"Coahuila_de_Zaragoza","2019","7","238","21","56","155","6","63","7","11","42","3","175","14","45","113","3",
"Número_de_Personas_Trabajadoras_del_Hogar_afiliadas_ante_el_Instituto_Mexicano_del_Seguro_Social",	06,"Colima","2019","7","71","12","26","32","1","14","1","4","9","0","57","11","22","23","1",
"Número_de_Personas_Trabajadoras_del_Hogar_afiliadas_ante_el_Instituto_Mexicano_del_Seguro_Social",	07,"Chiapas","2019","7","64","15","21","28","0","13","3","4","6","0","51","12","17","22","0",
"Número_de_Personas_Trabajadoras_del_Hogar_afiliadas_ante_el_Instituto_Mexicano_del_Seguro_Social",	08,"Chihuahua","2019","7","243","16","74","148","5","30","1","8","20","1","213","15","66","128","4",
"Número_de_Personas_Trabajadoras_del_Hogar_afiliadas_ante_el_Instituto_Mexicano_del_Seguro_Social",	09,"Ciudad_de_México","2019","7","841","109","354","356","22","141","10","50","75","6","700","99","304","281","16",
"Número_de_Personas_Trabajadoras_del_Hogar_afiliadas_ante_el_Instituto_Mexicano_del_Seguro_Social",	10,"Durango","2019","7","80","8","27","43","2","22","1","7","12","2","58","7","20","31","0",
"Número_de_Personas_Trabajadoras_del_Hogar_afiliadas_ante_el_Instituto_Mexicano_del_Seguro_Social",	11,"Guanajuato","2019","7","164","22","75","65","2","27","3","12","12","0","137","19","63","53","2",
"Número_de_Personas_Trabajadoras_del_Hogar_afiliadas_ante_el_Instituto_Mexicano_del_Seguro_Social",	12,"Guerrero","2019","7","110","12","45","48","5","22","0","7","13","2","88","12","38","35","3",
"Número_de_Personas_Trabajadoras_del_Hogar_afiliadas_ante_el_Instituto_Mexicano_del_Seguro_Social",	13,"Hidalgo","2019","7","45","10","18","16","1","3","2","0","1","0","42","8","18","15","1",
"Número_de_Personas_Trabajadoras_del_Hogar_afiliadas_ante_el_Instituto_Mexicano_del_Seguro_Social",	14,"Jalisco","2019","7","276","38","130","104","4","39","7","16","14","2","237","31","114","90","2",
"Número_de_Personas_Trabajadoras_del_Hogar_afiliadas_ante_el_Instituto_Mexicano_del_Seguro_Social",	15,"México","2019","7","535","70","220","236","9","86","8","28","49","1","449","62","192","187","8",
"Número_de_Personas_Trabajadoras_del_Hogar_afiliadas_ante_el_Instituto_Mexicano_del_Seguro_Social",	16,"Michoacán_de_Ocampo","2019","7","153","22","78","47","6","18","0","6","8","4","135","22","72","39","2",
"Número_de_Personas_Trabajadoras_del_Hogar_afiliadas_ante_el_Instituto_Mexicano_del_Seguro_Social",	17,"Morelos","2019","7","97","18","32","44","3","18","4","4","9","1","79","14","28","35","2",
"Número_de_Personas_Trabajadoras_del_Hogar_afiliadas_ante_el_Instituto_Mexicano_del_Seguro_Social",	18,"Nayarit","2019","7","62","11","25","26","0","9","2","4","3","0","53","9","21","23","0",
"Número_de_Personas_Trabajadoras_del_Hogar_afiliadas_ante_el_Instituto_Mexicano_del_Seguro_Social",	19,"Nuevo_León","2019","7","227","27","105","94","1","49","6","30","13","0","178","21","75","81","1",
"Número_de_Personas_Trabajadoras_del_Hogar_afiliadas_ante_el_Instituto_Mexicano_del_Seguro_Social",	20,"Oaxaca","2019","7","76","12","26","36","2","18","1","4","12","1","58","11","22","24","1",
"Número_de_Personas_Trabajadoras_del_Hogar_afiliadas_ante_el_Instituto_Mexicano_del_Seguro_Social",	21,"Puebla","2019","7","84","13","35","36","0","13","1","6","6","0","71","12","29","30","0",
"Número_de_Personas_Trabajadoras_del_Hogar_afiliadas_ante_el_Instituto_Mexicano_del_Seguro_Social",	22,"Querétaro","2019","7","75","11","22","38","4","11","0","3","7","1","64","11","19","31","3",
"Número_de_Personas_Trabajadoras_del_Hogar_afiliadas_ante_el_Instituto_Mexicano_del_Seguro_Social",	23,"Quintana_Roo","2019","7","38","8","16","12","2","5","1","2","1","1","33","7","14","11","1",
"Número_de_Personas_Trabajadoras_del_Hogar_afiliadas_ante_el_Instituto_Mexicano_del_Seguro_Social",	24,"San_Luis_Potosí","2019","7","85","8","36","37","4","14","3","3","8","0","71","5","33","29","4",
"Número_de_Personas_Trabajadoras_del_Hogar_afiliadas_ante_el_Instituto_Mexicano_del_Seguro_Social",	25,"Sinaloa","2019","7","130","15","43","67","5","37","4","12","18","3","93","11","31","49","2",
"Número_de_Personas_Trabajadoras_del_Hogar_afiliadas_ante_el_Instituto_Mexicano_del_Seguro_Social",	26,"Sonora","2019","7","168","19","59","89","1","35","1","9","24","1","133","18","50","65","0",
"Número_de_Personas_Trabajadoras_del_Hogar_afiliadas_ante_el_Instituto_Mexicano_del_Seguro_Social",	27,"Tabasco","2019","7","32","5","18","9","0","2","0","1","1","0","30","5","17","8","0",
"Número_de_Personas_Trabajadoras_del_Hogar_afiliadas_ante_el_Instituto_Mexicano_del_Seguro_Social",	28,"Tamaulipas","2019","7","271","20","60","183","8","66","4","8","54","0","205","16","52","129","8",
"Número_de_Personas_Trabajadoras_del_Hogar_afiliadas_ante_el_Instituto_Mexicano_del_Seguro_Social",	29,"Tlaxcala","2019","7","28","4","14","9","1","4","0","2","1","1","24","4","12","8","0",
"Número_de_Personas_Trabajadoras_del_Hogar_afiliadas_ante_el_Instituto_Mexicano_del_Seguro_Social",	30,"Veracruz_de_Ignacio_de_la_Llave","2019","7","176","34","77","58","7","28","4","8","13","3","148","30","69","45","4",
"Número_de_Personas_Trabajadoras_del_Hogar_afiliadas_ante_el_Instituto_Mexicano_del_Seguro_Social",	31,"Yucatán","2019","7","154","23","52","77","2","30","2","8","19","1","124","21","44","58","1",
"Número_de_Personas_Trabajadoras_del_Hogar_afiliadas_ante_el_Instituto_Mexicano_del_Seguro_Social",	32,"Zacatecas","2019","7","30","5","10","14","1","6","0","2","4","0","24","5","8","10","1",
"Número_de_Personas_Trabajadoras_del_Hogar_afiliadas_ante_el_Instituto_Mexicano_del_Seguro_Social",	00,"Estados_Unidos_Mexicanos","2019","6","2,757","330","1,060","1,301","66","460","31","143","265","21","2,297","299","917","1,036","45",
"Número_de_Personas_Trabajadoras_del_Hogar_afiliadas_ante_el_Instituto_Mexicano_del_Seguro_Social",	01,"Aguascalientes","2019","6","86","9","26","51","0","23","1","4","18","0","63","8","22","33","0",
"Número_de_Personas_Trabajadoras_del_Hogar_afiliadas_ante_el_Instituto_Mexicano_del_Seguro_Social",	02,"Baja_California","2019","6","54","3","17","32","2","9","0","0","9","0","45","3","17","23","2",
"Número_de_Personas_Trabajadoras_del_Hogar_afiliadas_ante_el_Instituto_Mexicano_del_Seguro_Social",	03,"Baja_California_Sur","2019","6","19","2","2","15","0","4","1","0","3","0","15","1","2","12","0",
"Número_de_Personas_Trabajadoras_del_Hogar_afiliadas_ante_el_Instituto_Mexicano_del_Seguro_Social",	04,"Campeche","2019","6","7","1","1","5","0","1","0","0","1","0","6","1","1","4","0",
"Número_de_Personas_Trabajadoras_del_Hogar_afiliadas_ante_el_Instituto_Mexicano_del_Seguro_Social",	05,"Coahuila_de_Zaragoza","2019","6","117","13","27","72","5","28","4","1","20","3","89","9","26","52","2",
"Número_de_Personas_Trabajadoras_del_Hogar_afiliadas_ante_el_Instituto_Mexicano_del_Seguro_Social",	06,"Colima","2019","6","43","5","18","20","0","5","0","1","4","0","38","5","17","16","0",
"Número_de_Personas_Trabajadoras_del_Hogar_afiliadas_ante_el_Instituto_Mexicano_del_Seguro_Social",	07,"Chiapas","2019","6","29","4","11","14","0","6","1","1","4","0","23","3","10","10","0",
"Número_de_Personas_Trabajadoras_del_Hogar_afiliadas_ante_el_Instituto_Mexicano_del_Seguro_Social",	08,"Chihuahua","2019","6","149","12","41","92","4","19","1","5","12","1","130","11","36","80","3",
"Número_de_Personas_Trabajadoras_del_Hogar_afiliadas_ante_el_Instituto_Mexicano_del_Seguro_Social",	09,"Ciudad_de_México","2019","6","508","60","221","212","15","72","2","28","39","3","436","58","193","173","12",
"Número_de_Personas_Trabajadoras_del_Hogar_afiliadas_ante_el_Instituto_Mexicano_del_Seguro_Social",	10,"Durango","2019","6","51","4","16","30","1","11","1","2","7","1","40","3","14","23","0",
"Número_de_Personas_Trabajadoras_del_Hogar_afiliadas_ante_el_Instituto_Mexicano_del_Seguro_Social",	11,"Guanajuato","2019","6","87","15","33","35","4","13","2","3","7","1","74","13","30","28","3",
"Número_de_Personas_Trabajadoras_del_Hogar_afiliadas_ante_el_Instituto_Mexicano_del_Seguro_Social",	12,"Guerrero","2019","6","67","10","21","31","5","11","0","3","6","2","56","10","18","25","3",
"Número_de_Personas_Trabajadoras_del_Hogar_afiliadas_ante_el_Instituto_Mexicano_del_Seguro_Social",	13,"Hidalgo","2019","6","30","5","14","10","1","1","1","0","0","0","29","4","14","10","1",
"Número_de_Personas_Trabajadoras_del_Hogar_afiliadas_ante_el_Instituto_Mexicano_del_Seguro_Social",	14,"Jalisco","2019","6","153","18","74","59","2","26","2","15","8","1","127","16","59","51","1",
"Número_de_Personas_Trabajadoras_del_Hogar_afiliadas_ante_el_Instituto_Mexicano_del_Seguro_Social",	15,"México","2019","6","303","38","130","132","3","48","1","15","32","0","255","37","115","100","3",
"Número_de_Personas_Trabajadoras_del_Hogar_afiliadas_ante_el_Instituto_Mexicano_del_Seguro_Social",	16,"Michoacán_de_Ocampo","2019","6","86","12","44","26","4","8","1","2","2","3","78","11","42","24","1",
"Número_de_Personas_Trabajadoras_del_Hogar_afiliadas_ante_el_Instituto_Mexicano_del_Seguro_Social",	17,"Morelos","2019","6","54","9","18","27","0","11","1","2","8","0","43","8","16","19","0",
"Número_de_Personas_Trabajadoras_del_Hogar_afiliadas_ante_el_Instituto_Mexicano_del_Seguro_Social",	18,"Nayarit","2019","6","39","5","19","15","0","6","1","3","2","0","33","4","16","13","0",
"Número_de_Personas_Trabajadoras_del_Hogar_afiliadas_ante_el_Instituto_Mexicano_del_Seguro_Social",	19,"Nuevo_León","2019","6","129","21","60","48","0","25","4","18","3","0","104","17","42","45","0",
"Número_de_Personas_Trabajadoras_del_Hogar_afiliadas_ante_el_Instituto_Mexicano_del_Seguro_Social",	20,"Oaxaca","2019","6","42","9","14","18","1","5","0","1","3","1","37","9","13","15","0",
"Número_de_Personas_Trabajadoras_del_Hogar_afiliadas_ante_el_Instituto_Mexicano_del_Seguro_Social",	21,"Puebla","2019","6","41","4","17","20","0","5","0","2","3","0","36","4","15","17","0",
"Número_de_Personas_Trabajadoras_del_Hogar_afiliadas_ante_el_Instituto_Mexicano_del_Seguro_Social",	22,"Querétaro","2019","6","42","1","16","22","3","6","0","3","2","1","36","1","13","20","2",
"Número_de_Personas_Trabajadoras_del_Hogar_afiliadas_ante_el_Instituto_Mexicano_del_Seguro_Social",	23,"Quintana_Roo","2019","6","24","3","13","8","0","3","0","2","1","0","21","3","11","7","0",
"Número_de_Personas_Trabajadoras_del_Hogar_afiliadas_ante_el_Instituto_Mexicano_del_Seguro_Social",	24,"San_Luis_Potosí","2019","6","52","2","24","24","2","7","1","2","4","0","45","1","22","20","2",
"Número_de_Personas_Trabajadoras_del_Hogar_afiliadas_ante_el_Instituto_Mexicano_del_Seguro_Social",	25,"Sinaloa","2019","6","61","5","21","33","2","13","0","5","8","0","48","5","16","25","2",
"Número_de_Personas_Trabajadoras_del_Hogar_afiliadas_ante_el_Instituto_Mexicano_del_Seguro_Social",	26,"Sonora","2019","6","81","11","25","43","2","17","1","4","11","1","64","10","21","32","1",
"Número_de_Personas_Trabajadoras_del_Hogar_afiliadas_ante_el_Instituto_Mexicano_del_Seguro_Social",	27,"Tabasco","2019","6","16","4","6","6","0","1","0","0","1","0","15","4","6","5","0",
"Número_de_Personas_Trabajadoras_del_Hogar_afiliadas_ante_el_Instituto_Mexicano_del_Seguro_Social",	28,"Tamaulipas","2019","6","156","13","35","105","3","33","2","5","25","1","123","11","30","80","2",
"Número_de_Personas_Trabajadoras_del_Hogar_afiliadas_ante_el_Instituto_Mexicano_del_Seguro_Social",	29,"Tlaxcala","2019","6","15","1","10","4","0","1","0","0","1","0","14","1","10","3","0",
"Número_de_Personas_Trabajadoras_del_Hogar_afiliadas_ante_el_Instituto_Mexicano_del_Seguro_Social",	30,"Veracruz_de_Ignacio_de_la_Llave","2019","6","110","22","47","35","6","12","2","3","5","2","98","20","44","30","4",
"Número_de_Personas_Trabajadoras_del_Hogar_afiliadas_ante_el_Instituto_Mexicano_del_Seguro_Social",	31,"Yucatán","2019","6","89","7","32","49","1","25","1","11","13","0","64","6","21","36","1",
"Número_de_Personas_Trabajadoras_del_Hogar_afiliadas_ante_el_Instituto_Mexicano_del_Seguro_Social",	32,"Zacatecas","2019","6","17","2","7","8","0","5","0","2","3","0","12","2","5","5","0",
"Número_de_Personas_Trabajadoras_del_Hogar_afiliadas_ante_el_Instituto_Mexicano_del_Seguro_Social",	00,"Estados_Unidos_Mexicanos","2019","5","1,138","131","469","515","23","160","14","59","81","6","978","117","410","434","17",
"Número_de_Personas_Trabajadoras_del_Hogar_afiliadas_ante_el_Instituto_Mexicano_del_Seguro_Social",	01,"Aguascalientes","2019","5","23","1","10","12","0","5","0","1","4","0","18","1","9","8","0",
"Número_de_Personas_Trabajadoras_del_Hogar_afiliadas_ante_el_Instituto_Mexicano_del_Seguro_Social",	02,"Baja_California","2019","5","23","3","6","14","0","4","0","0","4","0","19","3","6","10","0",
"Número_de_Personas_Trabajadoras_del_Hogar_afiliadas_ante_el_Instituto_Mexicano_del_Seguro_Social",	03,"Baja_California_Sur","2019","5","7","1","2","4","0","1","0","0","1","0","6","1","2","3","0",
"Número_de_Personas_Trabajadoras_del_Hogar_afiliadas_ante_el_Instituto_Mexicano_del_Seguro_Social",	04,"Campeche","2019","5","4","0","2","2","0","0","0","0","0","0","4","0","2","2","0",
"Número_de_Personas_Trabajadoras_del_Hogar_afiliadas_ante_el_Instituto_Mexicano_del_Seguro_Social",	05,"Coahuila_de_Zaragoza","2019","5","48","5","13","28","2","10","3","2","4","1","38","2","11","24","1",
"Número_de_Personas_Trabajadoras_del_Hogar_afiliadas_ante_el_Instituto_Mexicano_del_Seguro_Social",	06,"Colima","2019","5","15","1","6","8","0","3","0","0","3","0","12","1","6","5","0",
"Número_de_Personas_Trabajadoras_del_Hogar_afiliadas_ante_el_Instituto_Mexicano_del_Seguro_Social",	07,"Chiapas","2019","5","13","1","5","7","0","3","1","1","1","0","10","0","4","6","0",
"Número_de_Personas_Trabajadoras_del_Hogar_afiliadas_ante_el_Instituto_Mexicano_del_Seguro_Social",	08,"Chihuahua","2019","5","61","4","17","39","1","3","1","1","1","0","58","3","16","38","1",
"Número_de_Personas_Trabajadoras_del_Hogar_afiliadas_ante_el_Instituto_Mexicano_del_Seguro_Social",	09,"Ciudad_de_México","2019","5","219","28","97","88","6","27","0","11","14","2","192","28","86","74","4",
"Número_de_Personas_Trabajadoras_del_Hogar_afiliadas_ante_el_Instituto_Mexicano_del_Seguro_Social",	10,"Durango","2019","5","19","2","5","12","0","3","0","0","3","0","16","2","5","9","0",
"Número_de_Personas_Trabajadoras_del_Hogar_afiliadas_ante_el_Instituto_Mexicano_del_Seguro_Social",	11,"Guanajuato","2019","5","38","9","18","10","1","6","1","2","3","0","32","8","16","7","1",
"Número_de_Personas_Trabajadoras_del_Hogar_afiliadas_ante_el_Instituto_Mexicano_del_Seguro_Social",	12,"Guerrero","2019","5","25","5","10","10","0","0","0","0","0","0","25","5","10","10","0",
"Número_de_Personas_Trabajadoras_del_Hogar_afiliadas_ante_el_Instituto_Mexicano_del_Seguro_Social",	13,"Hidalgo","2019","5","18","5","7","6","0","0","0","0","0","0","18","5","7","6","0",
"Número_de_Personas_Trabajadoras_del_Hogar_afiliadas_ante_el_Instituto_Mexicano_del_Seguro_Social",	14,"Jalisco","2019","5","84","10","38","33","3","13","2","7","3","1","71","8","31","30","2",
"Número_de_Personas_Trabajadoras_del_Hogar_afiliadas_ante_el_Instituto_Mexicano_del_Seguro_Social",	15,"México","2019","5","123","12","54","56","1","24","1","9","14","0","99","11","45","42","1",
"Número_de_Personas_Trabajadoras_del_Hogar_afiliadas_ante_el_Instituto_Mexicano_del_Seguro_Social",	16,"Michoacán_de_Ocampo","2019","5","46","4","28","12","2","4","1","1","1","1","42","3","27","11","1",
"Número_de_Personas_Trabajadoras_del_Hogar_afiliadas_ante_el_Instituto_Mexicano_del_Seguro_Social",	17,"Morelos","2019","5","26","3","10","12","1","4","1","1","2","0","22","2","9","10","1",
"Número_de_Personas_Trabajadoras_del_Hogar_afiliadas_ante_el_Instituto_Mexicano_del_Seguro_Social",	18,"Nayarit","2019","5","13","2","5","6","0","3","1","1","1","0","10","1","4","5","0",
"Número_de_Personas_Trabajadoras_del_Hogar_afiliadas_ante_el_Instituto_Mexicano_del_Seguro_Social",	19,"Nuevo_León","2019","5","53","4","26","23","0","9","1","6","2","0","44","3","20","21","0",
"Número_de_Personas_Trabajadoras_del_Hogar_afiliadas_ante_el_Instituto_Mexicano_del_Seguro_Social",	20,"Oaxaca","2019","5","15","3","7","5","0","1","0","1","0","0","14","3","6","5","0",
"Número_de_Personas_Trabajadoras_del_Hogar_afiliadas_ante_el_Instituto_Mexicano_del_Seguro_Social",	21,"Puebla","2019","5","19","2","10","7","0","2","0","2","0","0","17","2","8","7","0",
"Número_de_Personas_Trabajadoras_del_Hogar_afiliadas_ante_el_Instituto_Mexicano_del_Seguro_Social",	22,"Querétaro","2019","5","23","0","12","10","1","4","0","2","1","1","19","0","10","9","0",
"Número_de_Personas_Trabajadoras_del_Hogar_afiliadas_ante_el_Instituto_Mexicano_del_Seguro_Social",	23,"Quintana_Roo","2019","5","9","4","3","2","0","1","0","1","0","0","8","4","2","2","0",
"Número_de_Personas_Trabajadoras_del_Hogar_afiliadas_ante_el_Instituto_Mexicano_del_Seguro_Social",	24,"San_Luis_Potosí","2019","5","24","0","12","10","2","5","0","2","3","0","19","0","10","7","2",
"Número_de_Personas_Trabajadoras_del_Hogar_afiliadas_ante_el_Instituto_Mexicano_del_Seguro_Social",	25,"Sinaloa","2019","5","11","0","3","7","1","1","0","0","1","0","10","0","3","6","1",
"Número_de_Personas_Trabajadoras_del_Hogar_afiliadas_ante_el_Instituto_Mexicano_del_Seguro_Social",	26,"Sonora","2019","5","31","4","11","15","1","3","0","1","2","0","28","4","10","13","1",
"Número_de_Personas_Trabajadoras_del_Hogar_afiliadas_ante_el_Instituto_Mexicano_del_Seguro_Social",	27,"Tabasco","2019","5","7","2","3","2","0","0","0","0","0","0","7","2","3","2","0",
"Número_de_Personas_Trabajadoras_del_Hogar_afiliadas_ante_el_Instituto_Mexicano_del_Seguro_Social",	28,"Tamaulipas","2019","5","41","3","12","25","1","5","0","2","3","0","36","3","10","22","1",
"Número_de_Personas_Trabajadoras_del_Hogar_afiliadas_ante_el_Instituto_Mexicano_del_Seguro_Social",	29,"Tlaxcala","2019","5","7","0","3","4","0","1","0","0","1","0","6","0","3","3","0",
"Número_de_Personas_Trabajadoras_del_Hogar_afiliadas_ante_el_Instituto_Mexicano_del_Seguro_Social",	30,"Veracruz_de_Ignacio_de_la_Llave","2019","5","46","9","19","18","0","4","1","0","3","0","42","8","19","15","0",
"Número_de_Personas_Trabajadoras_del_Hogar_afiliadas_ante_el_Instituto_Mexicano_del_Seguro_Social",	31,"Yucatán","2019","5","40","3","13","24","0","10","0","5","5","0","30","3","8","19","0",
"Número_de_Personas_Trabajadoras_del_Hogar_afiliadas_ante_el_Instituto_Mexicano_del_Seguro_Social",	32,"Zacatecas","2019","5","7","1","2","4","0","1","0","0","1","0","6","1","2","3","0",
"Número_de_Personas_Trabajadoras_del_Hogar_afiliadas_ante_el_Instituto_Mexicano_del_Seguro_Social",	00,"Estados_Unidos_Mexicanos","2019","4","ND","ND","ND","ND","ND","ND","ND","ND","ND","ND","ND","ND","ND","ND","ND",
"Número_de_Personas_Trabajadoras_del_Hogar_afiliadas_ante_el_Instituto_Mexicano_del_Seguro_Social",	01,"Aguascalientes","2019","4","ND","ND","ND","ND","ND","ND","ND","ND","ND","ND","ND","ND","ND","ND","ND",
"Número_de_Personas_Trabajadoras_del_Hogar_afiliadas_ante_el_Instituto_Mexicano_del_Seguro_Social",	02,"Baja_California","2019","4","ND","ND","ND","ND","ND","ND","ND","ND","ND","ND","ND","ND","ND","ND","ND",
"Número_de_Personas_Trabajadoras_del_Hogar_afiliadas_ante_el_Instituto_Mexicano_del_Seguro_Social",	03,"Baja_California_Sur","2019","4","ND","ND","ND","ND","ND","ND","ND","ND","ND","ND","ND","ND","ND","ND","ND",
"Número_de_Personas_Trabajadoras_del_Hogar_afiliadas_ante_el_Instituto_Mexicano_del_Seguro_Social",	04,"Campeche","2019","4","ND","ND","ND","ND","ND","ND","ND","ND","ND","ND","ND","ND","ND","ND","ND",
"Número_de_Personas_Trabajadoras_del_Hogar_afiliadas_ante_el_Instituto_Mexicano_del_Seguro_Social",	05,"Coahuila_de_Zaragoza","2019","4","ND","ND","ND","ND","ND","ND","ND","ND","ND","ND","ND","ND","ND","ND","ND",
"Número_de_Personas_Trabajadoras_del_Hogar_afiliadas_ante_el_Instituto_Mexicano_del_Seguro_Social",	06,"Colima","2019","4","ND","ND","ND","ND","ND","ND","ND","ND","ND","ND","ND","ND","ND","ND","ND",
"Número_de_Personas_Trabajadoras_del_Hogar_afiliadas_ante_el_Instituto_Mexicano_del_Seguro_Social",	07,"Chiapas","2019","4","ND","ND","ND","ND","ND","ND","ND","ND","ND","ND","ND","ND","ND","ND","ND",
"Número_de_Personas_Trabajadoras_del_Hogar_afiliadas_ante_el_Instituto_Mexicano_del_Seguro_Social",	08,"Chihuahua","2019","4","ND","ND","ND","ND","ND","ND","ND","ND","ND","ND","ND","ND","ND","ND","ND",
"Número_de_Personas_Trabajadoras_del_Hogar_afiliadas_ante_el_Instituto_Mexicano_del_Seguro_Social",	09,"Ciudad_de_México","2019","4","ND","ND","ND","ND","ND","ND","ND","ND","ND","ND","ND","ND","ND","ND","ND",
"Número_de_Personas_Trabajadoras_del_Hogar_afiliadas_ante_el_Instituto_Mexicano_del_Seguro_Social",	10,"Durango","2019","4","ND","ND","ND","ND","ND","ND","ND","ND","ND","ND","ND","ND","ND","ND","ND",
"Número_de_Personas_Trabajadoras_del_Hogar_afiliadas_ante_el_Instituto_Mexicano_del_Seguro_Social",	11,"Guanajuato","2019","4","ND","ND","ND","ND","ND","ND","ND","ND","ND","ND","ND","ND","ND","ND","ND",
"Número_de_Personas_Trabajadoras_del_Hogar_afiliadas_ante_el_Instituto_Mexicano_del_Seguro_Social",	12,"Guerrero","2019","4","ND","ND","ND","ND","ND","ND","ND","ND","ND","ND","ND","ND","ND","ND","ND",
"Número_de_Personas_Trabajadoras_del_Hogar_afiliadas_ante_el_Instituto_Mexicano_del_Seguro_Social",	13,"Hidalgo","2019","4","ND","ND","ND","ND","ND","ND","ND","ND","ND","ND","ND","ND","ND","ND","ND",
"Número_de_Personas_Trabajadoras_del_Hogar_afiliadas_ante_el_Instituto_Mexicano_del_Seguro_Social",	14,"Jalisco","2019","4","ND","ND","ND","ND","ND","ND","ND","ND","ND","ND","ND","ND","ND","ND","ND",
"Número_de_Personas_Trabajadoras_del_Hogar_afiliadas_ante_el_Instituto_Mexicano_del_Seguro_Social",	15,"México","2019","4","ND","ND","ND","ND","ND","ND","ND","ND","ND","ND","ND","ND","ND","ND","ND",
"Número_de_Personas_Trabajadoras_del_Hogar_afiliadas_ante_el_Instituto_Mexicano_del_Seguro_Social",	16,"Michoacán_de_Ocampo","2019","4","ND","ND","ND","ND","ND","ND","ND","ND","ND","ND","ND","ND","ND","ND","ND",
"Número_de_Personas_Trabajadoras_del_Hogar_afiliadas_ante_el_Instituto_Mexicano_del_Seguro_Social",	17,"Morelos","2019","4","ND","ND","ND","ND","ND","ND","ND","ND","ND","ND","ND","ND","ND","ND","ND",
"Número_de_Personas_Trabajadoras_del_Hogar_afiliadas_ante_el_Instituto_Mexicano_del_Seguro_Social",	18,"Nayarit","2019","4","ND","ND","ND","ND","ND","ND","ND","ND","ND","ND","ND","ND","ND","ND","ND",
"Número_de_Personas_Trabajadoras_del_Hogar_afiliadas_ante_el_Instituto_Mexicano_del_Seguro_Social",	19,"Nuevo_León","2019","4","ND","ND","ND","ND","ND","ND","ND","ND","ND","ND","ND","ND","ND","ND","ND",
"Número_de_Personas_Trabajadoras_del_Hogar_afiliadas_ante_el_Instituto_Mexicano_del_Seguro_Social",	20,"Oaxaca","2019","4","ND","ND","ND","ND","ND","ND","ND","ND","ND","ND","ND","ND","ND","ND","ND",
"Número_de_Personas_Trabajadoras_del_Hogar_afiliadas_ante_el_Instituto_Mexicano_del_Seguro_Social",	21,"Puebla","2019","4","ND","ND","ND","ND","ND","ND","ND","ND","ND","ND","ND","ND","ND","ND","ND",
"Número_de_Personas_Trabajadoras_del_Hogar_afiliadas_ante_el_Instituto_Mexicano_del_Seguro_Social",	22,"Querétaro","2019","4","ND","ND","ND","ND","ND","ND","ND","ND","ND","ND","ND","ND","ND","ND","ND",
"Número_de_Personas_Trabajadoras_del_Hogar_afiliadas_ante_el_Instituto_Mexicano_del_Seguro_Social",	23,"Quintana_Roo","2019","4","ND","ND","ND","ND","ND","ND","ND","ND","ND","ND","ND","ND","ND","ND","ND",
"Número_de_Personas_Trabajadoras_del_Hogar_afiliadas_ante_el_Instituto_Mexicano_del_Seguro_Social",	24,"San_Luis_Potosí","2019","4","ND","ND","ND","ND","ND","ND","ND","ND","ND","ND","ND","ND","ND","ND","ND",
"Número_de_Personas_Trabajadoras_del_Hogar_afiliadas_ante_el_Instituto_Mexicano_del_Seguro_Social",	25,"Sinaloa","2019","4","ND","ND","ND","ND","ND","ND","ND","ND","ND","ND","ND","ND","ND","ND","ND",
"Número_de_Personas_Trabajadoras_del_Hogar_afiliadas_ante_el_Instituto_Mexicano_del_Seguro_Social",	26,"Sonora","2019","4","ND","ND","ND","ND","ND","ND","ND","ND","ND","ND","ND","ND","ND","ND","ND",
"Número_de_Personas_Trabajadoras_del_Hogar_afiliadas_ante_el_Instituto_Mexicano_del_Seguro_Social",	27,"Tabasco","2019","4","ND","ND","ND","ND","ND","ND","ND","ND","ND","ND","ND","ND","ND","ND","ND",
"Número_de_Personas_Trabajadoras_del_Hogar_afiliadas_ante_el_Instituto_Mexicano_del_Seguro_Social",	28,"Tamaulipas","2019","4","ND","ND","ND","ND","ND","ND","ND","ND","ND","ND","ND","ND","ND","ND","ND",
"Número_de_Personas_Trabajadoras_del_Hogar_afiliadas_ante_el_Instituto_Mexicano_del_Seguro_Social",	29,"Tlaxcala","2019","4","ND","ND","ND","ND","ND","ND","ND","ND","ND","ND","ND","ND","ND","ND","ND",
"Número_de_Personas_Trabajadoras_del_Hogar_afiliadas_ante_el_Instituto_Mexicano_del_Seguro_Social",	30,"Veracruz_de_Ignacio_de_la_Llave","2019","4","ND","ND","ND","ND","ND","ND","ND","ND","ND","ND","ND","ND","ND","ND","ND",
"Número_de_Personas_Trabajadoras_del_Hogar_afiliadas_ante_el_Instituto_Mexicano_del_Seguro_Social",	31,"Yucatán","2019","4","ND","ND","ND","ND","ND","ND","ND","ND","ND","ND","ND","ND","ND","ND","ND",
"Número_de_Personas_Trabajadoras_del_Hogar_afiliadas_ante_el_Instituto_Mexicano_del_Seguro_Social",	32,"Zacatecas","2019","4","ND","ND","ND","ND","ND","ND","ND","ND","ND","ND","ND","ND","ND","ND","ND",
"Número_de_Personas_Trabajadoras_del_Hogar_afiliadas_ante_el_Instituto_Mexicano_del_Seguro_Social",	00,"Estados_Unidos_Mexicanos","2019","3","ND","ND","ND","ND","ND","ND","ND","ND","ND","ND","ND","ND","ND","ND","ND",
"Número_de_Personas_Trabajadoras_del_Hogar_afiliadas_ante_el_Instituto_Mexicano_del_Seguro_Social",	01,"Aguascalientes","2019","3","ND","ND","ND","ND","ND","ND","ND","ND","ND","ND","ND","ND","ND","ND","ND",
"Número_de_Personas_Trabajadoras_del_Hogar_afiliadas_ante_el_Instituto_Mexicano_del_Seguro_Social",	02,"Baja_California","2019","3","ND","ND","ND","ND","ND","ND","ND","ND","ND","ND","ND","ND","ND","ND","ND",
"Número_de_Personas_Trabajadoras_del_Hogar_afiliadas_ante_el_Instituto_Mexicano_del_Seguro_Social",	03,"Baja_California_Sur","2019","3","ND","ND","ND","ND","ND","ND","ND","ND","ND","ND","ND","ND","ND","ND","ND",
"Número_de_Personas_Trabajadoras_del_Hogar_afiliadas_ante_el_Instituto_Mexicano_del_Seguro_Social",	04,"Campeche","2019","3","ND","ND","ND","ND","ND","ND","ND","ND","ND","ND","ND","ND","ND","ND","ND",
"Número_de_Personas_Trabajadoras_del_Hogar_afiliadas_ante_el_Instituto_Mexicano_del_Seguro_Social",	05,"Coahuila_de_Zaragoza","2019","3","ND","ND","ND","ND","ND","ND","ND","ND","ND","ND","ND","ND","ND","ND","ND",
"Número_de_Personas_Trabajadoras_del_Hogar_afiliadas_ante_el_Instituto_Mexicano_del_Seguro_Social",	06,"Colima","2019","3","ND","ND","ND","ND","ND","ND","ND","ND","ND","ND","ND","ND","ND","ND","ND",
"Número_de_Personas_Trabajadoras_del_Hogar_afiliadas_ante_el_Instituto_Mexicano_del_Seguro_Social",	07,"Chiapas","2019","3","ND","ND","ND","ND","ND","ND","ND","ND","ND","ND","ND","ND","ND","ND","ND",
"Número_de_Personas_Trabajadoras_del_Hogar_afiliadas_ante_el_Instituto_Mexicano_del_Seguro_Social",	08,"Chihuahua","2019","3","ND","ND","ND","ND","ND","ND","ND","ND","ND","ND","ND","ND","ND","ND","ND",
"Número_de_Personas_Trabajadoras_del_Hogar_afiliadas_ante_el_Instituto_Mexicano_del_Seguro_Social",	09,"Ciudad_de_México","2019","3","ND","ND","ND","ND","ND","ND","ND","ND","ND","ND","ND","ND","ND","ND","ND",
"Número_de_Personas_Trabajadoras_del_Hogar_afiliadas_ante_el_Instituto_Mexicano_del_Seguro_Social",	10,"Durango","2019","3","ND","ND","ND","ND","ND","ND","ND","ND","ND","ND","ND","ND","ND","ND","ND",
"Número_de_Personas_Trabajadoras_del_Hogar_afiliadas_ante_el_Instituto_Mexicano_del_Seguro_Social",	11,"Guanajuato","2019","3","ND","ND","ND","ND","ND","ND","ND","ND","ND","ND","ND","ND","ND","ND","ND",
"Número_de_Personas_Trabajadoras_del_Hogar_afiliadas_ante_el_Instituto_Mexicano_del_Seguro_Social",	12,"Guerrero","2019","3","ND","ND","ND","ND","ND","ND","ND","ND","ND","ND","ND","ND","ND","ND","ND",
"Número_de_Personas_Trabajadoras_del_Hogar_afiliadas_ante_el_Instituto_Mexicano_del_Seguro_Social",	13,"Hidalgo","2019","3","ND","ND","ND","ND","ND","ND","ND","ND","ND","ND","ND","ND","ND","ND","ND",
"Número_de_Personas_Trabajadoras_del_Hogar_afiliadas_ante_el_Instituto_Mexicano_del_Seguro_Social",	14,"Jalisco","2019","3","ND","ND","ND","ND","ND","ND","ND","ND","ND","ND","ND","ND","ND","ND","ND",
"Número_de_Personas_Trabajadoras_del_Hogar_afiliadas_ante_el_Instituto_Mexicano_del_Seguro_Social",	15,"México","2019","3","ND","ND","ND","ND","ND","ND","ND","ND","ND","ND","ND","ND","ND","ND","ND",
"Número_de_Personas_Trabajadoras_del_Hogar_afiliadas_ante_el_Instituto_Mexicano_del_Seguro_Social",	16,"Michoacán_de_Ocampo","2019","3","ND","ND","ND","ND","ND","ND","ND","ND","ND","ND","ND","ND","ND","ND","ND",
"Número_de_Personas_Trabajadoras_del_Hogar_afiliadas_ante_el_Instituto_Mexicano_del_Seguro_Social",	17,"Morelos","2019","3","ND","ND","ND","ND","ND","ND","ND","ND","ND","ND","ND","ND","ND","ND","ND",
"Número_de_Personas_Trabajadoras_del_Hogar_afiliadas_ante_el_Instituto_Mexicano_del_Seguro_Social",	18,"Nayarit","2019","3","ND","ND","ND","ND","ND","ND","ND","ND","ND","ND","ND","ND","ND","ND","ND",
"Número_de_Personas_Trabajadoras_del_Hogar_afiliadas_ante_el_Instituto_Mexicano_del_Seguro_Social",	19,"Nuevo_León","2019","3","ND","ND","ND","ND","ND","ND","ND","ND","ND","ND","ND","ND","ND","ND","ND",
"Número_de_Personas_Trabajadoras_del_Hogar_afiliadas_ante_el_Instituto_Mexicano_del_Seguro_Social",	20,"Oaxaca","2019","3","ND","ND","ND","ND","ND","ND","ND","ND","ND","ND","ND","ND","ND","ND","ND",
"Número_de_Personas_Trabajadoras_del_Hogar_afiliadas_ante_el_Instituto_Mexicano_del_Seguro_Social",	21,"Puebla","2019","3","ND","ND","ND","ND","ND","ND","ND","ND","ND","ND","ND","ND","ND","ND","ND",
"Número_de_Personas_Trabajadoras_del_Hogar_afiliadas_ante_el_Instituto_Mexicano_del_Seguro_Social",	22,"Querétaro","2019","3","ND","ND","ND","ND","ND","ND","ND","ND","ND","ND","ND","ND","ND","ND","ND",
"Número_de_Personas_Trabajadoras_del_Hogar_afiliadas_ante_el_Instituto_Mexicano_del_Seguro_Social",	23,"Quintana_Roo","2019","3","ND","ND","ND","ND","ND","ND","ND","ND","ND","ND","ND","ND","ND","ND","ND",
"Número_de_Personas_Trabajadoras_del_Hogar_afiliadas_ante_el_Instituto_Mexicano_del_Seguro_Social",	24,"San_Luis_Potosí","2019","3","ND","ND","ND","ND","ND","ND","ND","ND","ND","ND","ND","ND","ND","ND","ND",
"Número_de_Personas_Trabajadoras_del_Hogar_afiliadas_ante_el_Instituto_Mexicano_del_Seguro_Social",	25,"Sinaloa","2019","3","ND","ND","ND","ND","ND","ND","ND","ND","ND","ND","ND","ND","ND","ND","ND",
"Número_de_Personas_Trabajadoras_del_Hogar_afiliadas_ante_el_Instituto_Mexicano_del_Seguro_Social",	26,"Sonora","2019","3","ND","ND","ND","ND","ND","ND","ND","ND","ND","ND","ND","ND","ND","ND","ND",
"Número_de_Personas_Trabajadoras_del_Hogar_afiliadas_ante_el_Instituto_Mexicano_del_Seguro_Social",	27,"Tabasco","2019","3","ND","ND","ND","ND","ND","ND","ND","ND","ND","ND","ND","ND","ND","ND","ND",
"Número_de_Personas_Trabajadoras_del_Hogar_afiliadas_ante_el_Instituto_Mexicano_del_Seguro_Social",	28,"Tamaulipas","2019","3","ND","ND","ND","ND","ND","ND","ND","ND","ND","ND","ND","ND","ND","ND","ND",
"Número_de_Personas_Trabajadoras_del_Hogar_afiliadas_ante_el_Instituto_Mexicano_del_Seguro_Social",	29,"Tlaxcala","2019","3","ND","ND","ND","ND","ND","ND","ND","ND","ND","ND","ND","ND","ND","ND","ND",
"Número_de_Personas_Trabajadoras_del_Hogar_afiliadas_ante_el_Instituto_Mexicano_del_Seguro_Social",	30,"Veracruz_de_Ignacio_de_la_Llave","2019","3","ND","ND","ND","ND","ND","ND","ND","ND","ND","ND","ND","ND","ND","ND","ND",
"Número_de_Personas_Trabajadoras_del_Hogar_afiliadas_ante_el_Instituto_Mexicano_del_Seguro_Social",	31,"Yucatán","2019","3","ND","ND","ND","ND","ND","ND","ND","ND","ND","ND","ND","ND","ND","ND","ND",
"Número_de_Personas_Trabajadoras_del_Hogar_afiliadas_ante_el_Instituto_Mexicano_del_Seguro_Social",	32,"Zacatecas","2019","3","ND","ND","ND","ND","ND","ND","ND","ND","ND","ND","ND","ND","ND","ND","ND",
"Número_de_Personas_Trabajadoras_del_Hogar_afiliadas_ante_el_Instituto_Mexicano_del_Seguro_Social",	00,"Estados_Unidos_Mexicanos","2019","2","ND","ND","ND","ND","ND","ND","ND","ND","ND","ND","ND","ND","ND","ND","ND",
"Número_de_Personas_Trabajadoras_del_Hogar_afiliadas_ante_el_Instituto_Mexicano_del_Seguro_Social",	01,"Aguascalientes","2019","2","ND","ND","ND","ND","ND","ND","ND","ND","ND","ND","ND","ND","ND","ND","ND",
"Número_de_Personas_Trabajadoras_del_Hogar_afiliadas_ante_el_Instituto_Mexicano_del_Seguro_Social",	02,"Baja_California","2019","2","ND","ND","ND","ND","ND","ND","ND","ND","ND","ND","ND","ND","ND","ND","ND",
"Número_de_Personas_Trabajadoras_del_Hogar_afiliadas_ante_el_Instituto_Mexicano_del_Seguro_Social",	03,"Baja_California_Sur","2019","2","ND","ND","ND","ND","ND","ND","ND","ND","ND","ND","ND","ND","ND","ND","ND",
"Número_de_Personas_Trabajadoras_del_Hogar_afiliadas_ante_el_Instituto_Mexicano_del_Seguro_Social",	04,"Campeche","2019","2","ND","ND","ND","ND","ND","ND","ND","ND","ND","ND","ND","ND","ND","ND","ND",
"Número_de_Personas_Trabajadoras_del_Hogar_afiliadas_ante_el_Instituto_Mexicano_del_Seguro_Social",	05,"Coahuila_de_Zaragoza","2019","2","ND","ND","ND","ND","ND","ND","ND","ND","ND","ND","ND","ND","ND","ND","ND",
"Número_de_Personas_Trabajadoras_del_Hogar_afiliadas_ante_el_Instituto_Mexicano_del_Seguro_Social",	06,"Colima","2019","2","ND","ND","ND","ND","ND","ND","ND","ND","ND","ND","ND","ND","ND","ND","ND",
"Número_de_Personas_Trabajadoras_del_Hogar_afiliadas_ante_el_Instituto_Mexicano_del_Seguro_Social",	07,"Chiapas","2019","2","ND","ND","ND","ND","ND","ND","ND","ND","ND","ND","ND","ND","ND","ND","ND",
"Número_de_Personas_Trabajadoras_del_Hogar_afiliadas_ante_el_Instituto_Mexicano_del_Seguro_Social",	08,"Chihuahua","2019","2","ND","ND","ND","ND","ND","ND","ND","ND","ND","ND","ND","ND","ND","ND","ND",
"Número_de_Personas_Trabajadoras_del_Hogar_afiliadas_ante_el_Instituto_Mexicano_del_Seguro_Social",	09,"Ciudad_de_México","2019","2","ND","ND","ND","ND","ND","ND","ND","ND","ND","ND","ND","ND","ND","ND","ND",
"Número_de_Personas_Trabajadoras_del_Hogar_afiliadas_ante_el_Instituto_Mexicano_del_Seguro_Social",	10,"Durango","2019","2","ND","ND","ND","ND","ND","ND","ND","ND","ND","ND","ND","ND","ND","ND","ND",
"Número_de_Personas_Trabajadoras_del_Hogar_afiliadas_ante_el_Instituto_Mexicano_del_Seguro_Social",	11,"Guanajuato","2019","2","ND","ND","ND","ND","ND","ND","ND","ND","ND","ND","ND","ND","ND","ND","ND",
"Número_de_Personas_Trabajadoras_del_Hogar_afiliadas_ante_el_Instituto_Mexicano_del_Seguro_Social",	12,"Guerrero","2019","2","ND","ND","ND","ND","ND","ND","ND","ND","ND","ND","ND","ND","ND","ND","ND",
"Número_de_Personas_Trabajadoras_del_Hogar_afiliadas_ante_el_Instituto_Mexicano_del_Seguro_Social",	13,"Hidalgo","2019","2","ND","ND","ND","ND","ND","ND","ND","ND","ND","ND","ND","ND","ND","ND","ND",
"Número_de_Personas_Trabajadoras_del_Hogar_afiliadas_ante_el_Instituto_Mexicano_del_Seguro_Social",	14,"Jalisco","2019","2","ND","ND","ND","ND","ND","ND","ND","ND","ND","ND","ND","ND","ND","ND","ND",
"Número_de_Personas_Trabajadoras_del_Hogar_afiliadas_ante_el_Instituto_Mexicano_del_Seguro_Social",	15,"México","2019","2","ND","ND","ND","ND","ND","ND","ND","ND","ND","ND","ND","ND","ND","ND","ND",
"Número_de_Personas_Trabajadoras_del_Hogar_afiliadas_ante_el_Instituto_Mexicano_del_Seguro_Social",	16,"Michoacán_de_Ocampo","2019","2","ND","ND","ND","ND","ND","ND","ND","ND","ND","ND","ND","ND","ND","ND","ND",
"Número_de_Personas_Trabajadoras_del_Hogar_afiliadas_ante_el_Instituto_Mexicano_del_Seguro_Social",	17,"Morelos","2019","2","ND","ND","ND","ND","ND","ND","ND","ND","ND","ND","ND","ND","ND","ND","ND",
"Número_de_Personas_Trabajadoras_del_Hogar_afiliadas_ante_el_Instituto_Mexicano_del_Seguro_Social",	18,"Nayarit","2019","2","ND","ND","ND","ND","ND","ND","ND","ND","ND","ND","ND","ND","ND","ND","ND",
"Número_de_Personas_Trabajadoras_del_Hogar_afiliadas_ante_el_Instituto_Mexicano_del_Seguro_Social",	19,"Nuevo_León","2019","2","ND","ND","ND","ND","ND","ND","ND","ND","ND","ND","ND","ND","ND","ND","ND",
"Número_de_Personas_Trabajadoras_del_Hogar_afiliadas_ante_el_Instituto_Mexicano_del_Seguro_Social",	20,"Oaxaca","2019","2","ND","ND","ND","ND","ND","ND","ND","ND","ND","ND","ND","ND","ND","ND","ND",
"Número_de_Personas_Trabajadoras_del_Hogar_afiliadas_ante_el_Instituto_Mexicano_del_Seguro_Social",	21,"Puebla","2019","2","ND","ND","ND","ND","ND","ND","ND","ND","ND","ND","ND","ND","ND","ND","ND",
"Número_de_Personas_Trabajadoras_del_Hogar_afiliadas_ante_el_Instituto_Mexicano_del_Seguro_Social",	22,"Querétaro","2019","2","ND","ND","ND","ND","ND","ND","ND","ND","ND","ND","ND","ND","ND","ND","ND",
"Número_de_Personas_Trabajadoras_del_Hogar_afiliadas_ante_el_Instituto_Mexicano_del_Seguro_Social",	23,"Quintana_Roo","2019","2","ND","ND","ND","ND","ND","ND","ND","ND","ND","ND","ND","ND","ND","ND","ND",
"Número_de_Personas_Trabajadoras_del_Hogar_afiliadas_ante_el_Instituto_Mexicano_del_Seguro_Social",	24,"San_Luis_Potosí","2019","2","ND","ND","ND","ND","ND","ND","ND","ND","ND","ND","ND","ND","ND","ND","ND",
"Número_de_Personas_Trabajadoras_del_Hogar_afiliadas_ante_el_Instituto_Mexicano_del_Seguro_Social",	25,"Sinaloa","2019","2","ND","ND","ND","ND","ND","ND","ND","ND","ND","ND","ND","ND","ND","ND","ND",
"Número_de_Personas_Trabajadoras_del_Hogar_afiliadas_ante_el_Instituto_Mexicano_del_Seguro_Social",	26,"Sonora","2019","2","ND","ND","ND","ND","ND","ND","ND","ND","ND","ND","ND","ND","ND","ND","ND",
"Número_de_Personas_Trabajadoras_del_Hogar_afiliadas_ante_el_Instituto_Mexicano_del_Seguro_Social",	27,"Tabasco","2019","2","ND","ND","ND","ND","ND","ND","ND","ND","ND","ND","ND","ND","ND","ND","ND",
"Número_de_Personas_Trabajadoras_del_Hogar_afiliadas_ante_el_Instituto_Mexicano_del_Seguro_Social",	28,"Tamaulipas","2019","2","ND","ND","ND","ND","ND","ND","ND","ND","ND","ND","ND","ND","ND","ND","ND",
"Número_de_Personas_Trabajadoras_del_Hogar_afiliadas_ante_el_Instituto_Mexicano_del_Seguro_Social",	29,"Tlaxcala","2019","2","ND","ND","ND","ND","ND","ND","ND","ND","ND","ND","ND","ND","ND","ND","ND",
"Número_de_Personas_Trabajadoras_del_Hogar_afiliadas_ante_el_Instituto_Mexicano_del_Seguro_Social",	30,"Veracruz_de_Ignacio_de_la_Llave","2019","2","ND","ND","ND","ND","ND","ND","ND","ND","ND","ND","ND","ND","ND","ND","ND",
"Número_de_Personas_Trabajadoras_del_Hogar_afiliadas_ante_el_Instituto_Mexicano_del_Seguro_Social",	31,"Yucatán","2019","2","ND","ND","ND","ND","ND","ND","ND","ND","ND","ND","ND","ND","ND","ND","ND",
"Número_de_Personas_Trabajadoras_del_Hogar_afiliadas_ante_el_Instituto_Mexicano_del_Seguro_Social",	32,"Zacatecas","2019","2","ND","ND","ND","ND","ND","ND","ND","ND","ND","ND","ND","ND","ND","ND","ND",
"Número_de_Personas_Trabajadoras_del_Hogar_afiliadas_ante_el_Instituto_Mexicano_del_Seguro_Social",	00,"Estados_Unidos_Mexicanos","2019","1","ND","ND","ND","ND","ND","ND","ND","ND","ND","ND","ND","ND","ND","ND","ND",
"Número_de_Personas_Trabajadoras_del_Hogar_afiliadas_ante_el_Instituto_Mexicano_del_Seguro_Social",	01,"Aguascalientes","2019","1","ND","ND","ND","ND","ND","ND","ND","ND","ND","ND","ND","ND","ND","ND","ND",
"Número_de_Personas_Trabajadoras_del_Hogar_afiliadas_ante_el_Instituto_Mexicano_del_Seguro_Social",	02,"Baja_California","2019","1","ND","ND","ND","ND","ND","ND","ND","ND","ND","ND","ND","ND","ND","ND","ND",
"Número_de_Personas_Trabajadoras_del_Hogar_afiliadas_ante_el_Instituto_Mexicano_del_Seguro_Social",	03,"Baja_California_Sur","2019","1","ND","ND","ND","ND","ND","ND","ND","ND","ND","ND","ND","ND","ND","ND","ND",
"Número_de_Personas_Trabajadoras_del_Hogar_afiliadas_ante_el_Instituto_Mexicano_del_Seguro_Social",	04,"Campeche","2019","1","ND","ND","ND","ND","ND","ND","ND","ND","ND","ND","ND","ND","ND","ND","ND",
"Número_de_Personas_Trabajadoras_del_Hogar_afiliadas_ante_el_Instituto_Mexicano_del_Seguro_Social",	05,"Coahuila_de_Zaragoza","2019","1","ND","ND","ND","ND","ND","ND","ND","ND","ND","ND","ND","ND","ND","ND","ND",
"Número_de_Personas_Trabajadoras_del_Hogar_afiliadas_ante_el_Instituto_Mexicano_del_Seguro_Social",	06,"Colima","2019","1","ND","ND","ND","ND","ND","ND","ND","ND","ND","ND","ND","ND","ND","ND","ND",
"Número_de_Personas_Trabajadoras_del_Hogar_afiliadas_ante_el_Instituto_Mexicano_del_Seguro_Social",	07,"Chiapas","2019","1","ND","ND","ND","ND","ND","ND","ND","ND","ND","ND","ND","ND","ND","ND","ND",
"Número_de_Personas_Trabajadoras_del_Hogar_afiliadas_ante_el_Instituto_Mexicano_del_Seguro_Social",	08,"Chihuahua","2019","1","ND","ND","ND","ND","ND","ND","ND","ND","ND","ND","ND","ND","ND","ND","ND",
"Número_de_Personas_Trabajadoras_del_Hogar_afiliadas_ante_el_Instituto_Mexicano_del_Seguro_Social",	09,"Ciudad_de_México","2019","1","ND","ND","ND","ND","ND","ND","ND","ND","ND","ND","ND","ND","ND","ND","ND",
"Número_de_Personas_Trabajadoras_del_Hogar_afiliadas_ante_el_Instituto_Mexicano_del_Seguro_Social",	10,"Durango","2019","1","ND","ND","ND","ND","ND","ND","ND","ND","ND","ND","ND","ND","ND","ND","ND",
"Número_de_Personas_Trabajadoras_del_Hogar_afiliadas_ante_el_Instituto_Mexicano_del_Seguro_Social",	11,"Guanajuato","2019","1","ND","ND","ND","ND","ND","ND","ND","ND","ND","ND","ND","ND","ND","ND","ND",
"Número_de_Personas_Trabajadoras_del_Hogar_afiliadas_ante_el_Instituto_Mexicano_del_Seguro_Social",	12,"Guerrero","2019","1","ND","ND","ND","ND","ND","ND","ND","ND","ND","ND","ND","ND","ND","ND","ND",
"Número_de_Personas_Trabajadoras_del_Hogar_afiliadas_ante_el_Instituto_Mexicano_del_Seguro_Social",	13,"Hidalgo","2019","1","ND","ND","ND","ND","ND","ND","ND","ND","ND","ND","ND","ND","ND","ND","ND",
"Número_de_Personas_Trabajadoras_del_Hogar_afiliadas_ante_el_Instituto_Mexicano_del_Seguro_Social",	14,"Jalisco","2019","1","ND","ND","ND","ND","ND","ND","ND","ND","ND","ND","ND","ND","ND","ND","ND",
"Número_de_Personas_Trabajadoras_del_Hogar_afiliadas_ante_el_Instituto_Mexicano_del_Seguro_Social",	15,"México","2019","1","ND","ND","ND","ND","ND","ND","ND","ND","ND","ND","ND","ND","ND","ND","ND",
"Número_de_Personas_Trabajadoras_del_Hogar_afiliadas_ante_el_Instituto_Mexicano_del_Seguro_Social",	16,"Michoacán_de_Ocampo","2019","1","ND","ND","ND","ND","ND","ND","ND","ND","ND","ND","ND","ND","ND","ND","ND",
"Número_de_Personas_Trabajadoras_del_Hogar_afiliadas_ante_el_Instituto_Mexicano_del_Seguro_Social",	17,"Morelos","2019","1","ND","ND","ND","ND","ND","ND","ND","ND","ND","ND","ND","ND","ND","ND","ND",
"Número_de_Personas_Trabajadoras_del_Hogar_afiliadas_ante_el_Instituto_Mexicano_del_Seguro_Social",	18,"Nayarit","2019","1","ND","ND","ND","ND","ND","ND","ND","ND","ND","ND","ND","ND","ND","ND","ND",
"Número_de_Personas_Trabajadoras_del_Hogar_afiliadas_ante_el_Instituto_Mexicano_del_Seguro_Social",	19,"Nuevo_León","2019","1","ND","ND","ND","ND","ND","ND","ND","ND","ND","ND","ND","ND","ND","ND","ND",
"Número_de_Personas_Trabajadoras_del_Hogar_afiliadas_ante_el_Instituto_Mexicano_del_Seguro_Social",	20,"Oaxaca","2019","1","ND","ND","ND","ND","ND","ND","ND","ND","ND","ND","ND","ND","ND","ND","ND",
"Número_de_Personas_Trabajadoras_del_Hogar_afiliadas_ante_el_Instituto_Mexicano_del_Seguro_Social",	21,"Puebla","2019","1","ND","ND","ND","ND","ND","ND","ND","ND","ND","ND","ND","ND","ND","ND","ND",
"Número_de_Personas_Trabajadoras_del_Hogar_afiliadas_ante_el_Instituto_Mexicano_del_Seguro_Social",	22,"Querétaro","2019","1","ND","ND","ND","ND","ND","ND","ND","ND","ND","ND","ND","ND","ND","ND","ND",
"Número_de_Personas_Trabajadoras_del_Hogar_afiliadas_ante_el_Instituto_Mexicano_del_Seguro_Social",	23,"Quintana_Roo","2019","1","ND","ND","ND","ND","ND","ND","ND","ND","ND","ND","ND","ND","ND","ND","ND",
"Número_de_Personas_Trabajadoras_del_Hogar_afiliadas_ante_el_Instituto_Mexicano_del_Seguro_Social",	24,"San_Luis_Potosí","2019","1","ND","ND","ND","ND","ND","ND","ND","ND","ND","ND","ND","ND","ND","ND","ND",
"Número_de_Personas_Trabajadoras_del_Hogar_afiliadas_ante_el_Instituto_Mexicano_del_Seguro_Social",	25,"Sinaloa","2019","1","ND","ND","ND","ND","ND","ND","ND","ND","ND","ND","ND","ND","ND","ND","ND",
"Número_de_Personas_Trabajadoras_del_Hogar_afiliadas_ante_el_Instituto_Mexicano_del_Seguro_Social",	26,"Sonora","2019","1","ND","ND","ND","ND","ND","ND","ND","ND","ND","ND","ND","ND","ND","ND","ND",
"Número_de_Personas_Trabajadoras_del_Hogar_afiliadas_ante_el_Instituto_Mexicano_del_Seguro_Social",	27,"Tabasco","2019","1","ND","ND","ND","ND","ND","ND","ND","ND","ND","ND","ND","ND","ND","ND","ND",
"Número_de_Personas_Trabajadoras_del_Hogar_afiliadas_ante_el_Instituto_Mexicano_del_Seguro_Social",	28,"Tamaulipas","2019","1","ND","ND","ND","ND","ND","ND","ND","ND","ND","ND","ND","ND","ND","ND","ND",
"Número_de_Personas_Trabajadoras_del_Hogar_afiliadas_ante_el_Instituto_Mexicano_del_Seguro_Social",	29,"Tlaxcala","2019","1","ND","ND","ND","ND","ND","ND","ND","ND","ND","ND","ND","ND","ND","ND","ND",
"Número_de_Personas_Trabajadoras_del_Hogar_afiliadas_ante_el_Instituto_Mexicano_del_Seguro_Social",	30,"Veracruz_de_Ignacio_de_la_Llave","2019","1","ND","ND","ND","ND","ND","ND","ND","ND","ND","ND","ND","ND","ND","ND","ND",
"Número_de_Personas_Trabajadoras_del_Hogar_afiliadas_ante_el_Instituto_Mexicano_del_Seguro_Social",	31,"Yucatán","2019","1","ND","ND","ND","ND","ND","ND","ND","ND","ND","ND","ND","ND","ND","ND","ND",
"Número_de_Personas_Trabajadoras_del_Hogar_afiliadas_ante_el_Instituto_Mexicano_del_Seguro_Social",	32,"Zacatecas","2019","1","ND","ND","ND","ND","ND","ND","ND","ND","ND","ND","ND","ND","ND","ND","ND",
