"Serie","cvegeo","Entidad_federativa/municipio","Periodo","Población_que_finalizó_el_nivel_de_enseñanza|Total","Población_que_finalizó_el_nivel_de_enseñanza|Hombres","Población_que_finalizó_el_nivel_de_enseñanza|Mujeres","Población_que_finalizó_el_nivel_de_enseñanza|Habla_lengua_indígena","Población_que_finalizó_el_nivel_de_enseñanza|Afrodescendientes","Población_que_finalizó_el_nivel_de_enseñanza|Nacidos_en_México","Población_que_finalizó_el_nivel_de_enseñanza|Nacidos_fuera_de_México","Población_que_finalizó_el_nivel_de_enseñanza|Nacida_en_Estados_Unidos_de_América","Población_que_finalizó_el_nivel_de_enseñanza|Nacida_en_la_República_de_Guatemala","Población_que_finalizó_el_nivel_de_enseñanza|Nacida_en_la_República_Bolivariana_de_Venezuela","Población_que_finalizó_el_nivel_de_enseñanza|Nacida_en_otro_país","Población_que_finalizó_el_nivel_de_enseñanza|Nacida_en_otro_país_no_especificado","Población_que_finalizó_el_nivel_de_enseñanza|No_especificado_de_lugar_de_nacimiento","Población_que_finalizó_el_nivel_de_enseñanza|Retornados","Población_que_finalizó_el_nivel_de_enseñanza|En_marzo_de_2015_residía_en_la_entidad","Población_que_finalizó_el_nivel_de_enseñanza|En_marzo_de_2015_residía_en_otra_entidad","Población_que_finalizó_el_nivel_de_enseñanza|En_marzo_de_2015_residía_en_otro_país","Población_que_finalizó_el_nivel_de_enseñanza|Con_discapacidad","Población_que_finalizó_el_nivel_de_enseñanza|Residentes_de_albergues_para_migrantes",
"Población_de_20_a_22_años",	00,"Estados_Unidos_Mexicanos","2020","6,354,296","3,165,314","3,188,982","345,130","139,328","6,286,003","57,448","40,607","3,732","1,902","11,097","110","10,845","7,071","6,016,094","303,067","20,821","124,651","510",
"Población_de_20_a_22_años",	01,"Aguascalientes","2020","77,679","38,729","38,950","139","1,327","76,839","808","666","11","15","114","2","32","121","72,826","4,284","300","1,654","0",
"Población_de_20_a_22_años",	01001,"Aguascalientes","2020","51,908","25,894","26,014","103","906","51,338","550","418","10","15","105","2","20","77","48,045","3,395","216","1,067","0",
"Población_de_20_a_22_años",	01002,"Asientos","2020","2,846","1,441","1,405","0","22","2,826","18","17","0","0","1","0","2","4","2,765","74","7","65","0",
"Población_de_20_a_22_años",	01003,"Calvillo","2020","2,895","1,457","1,438","6","17","2,828","67","67","0","0","0","0","0","11","2,782","89","22","80","0",
"Población_de_20_a_22_años",	01004,"Cosío","2020","948","476","472","0","116","943","5","5","0","0","0","0","0","0","928","20","0","15","0",
"Población_de_20_a_22_años",	01005,"Jesús_María","2020","7,129","3,534","3,595","3","157","7,041","81","75","0","0","6","0","7","10","6,805","300","22","162","0",
"Población_de_20_a_22_años",	01006,"Pabellón_de_Arteaga","2020","2,643","1,332","1,311","3","30","2,630","13","13","0","0","0","0","0","4","2,579","59","5","66","0",
"Población_de_20_a_22_años",	01007,"Rincón_de_Romos","2020","3,211","1,595","1,616","12","19","3,189","21","18","1","0","2","0","1","7","3,105","93","13","72","0",
"Población_de_20_a_22_años",	01008,"San_José_de_Gracia","2020","497","216","281","5","22","494","3","3","0","0","0","0","0","2","486","9","2","11","0",
"Población_de_20_a_22_años",	01009,"Tepezalá","2020","1,243","626","617","2","8","1,225","18","18","0","0","0","0","0","0","1,224","16","3","18","0",
"Población_de_20_a_22_años",	01010,"El_Llano","2020","1,091","525","566","0","8","1,079","10","10","0","0","0","0","2","2","1,061","14","4","26","0",
"Población_de_20_a_22_años",	01011,"San_Francisco_de_los_Romo","2020","3,268","1,633","1,635","5","22","3,246","22","22","0","0","0","0","0","4","3,046","215","6","72","0",
"Población_de_20_a_22_años",	02,"Baja_California","2020","206,523","105,433","101,090","3,319","3,996","198,185","7,929","7,129","57","42","698","3","409","477","183,613","20,129","1,836","3,785","58",
"Población_de_20_a_22_años",	02001,"Ensenada","2020","23,422","11,794","11,628","699","516","22,929","461","385","1","15","60","0","32","49","20,896","2,341","123","445","0",
"Población_de_20_a_22_años",	02002,"Mexicali","2020","56,105","28,825","27,280","593","654","54,147","1,877","1,701","15","4","156","1","81","105","52,342","2,991","399","950","14",
"Población_de_20_a_22_años",	02003,"Tecate","2020","5,653","2,940","2,713","26","116","5,321","324","318","0","0","6","0","8","9","5,194","341","55","83","0",
"Población_de_20_a_22_años",	02004,"Tijuana","2020","107,217","54,626","52,591","743","2,314","102,054","4,899","4,386","40","20","451","2","264","290","93,187","12,445","1,159","1,922","44",
"Población_de_20_a_22_años",	02005,"Playas_de_Rosarito","2020","6,946","3,512","3,434","36","176","6,604","321","292","1","3","25","0","21","16","6,229","612","87","155","0",
"Población_de_20_a_22_años",	02006,"San_Quintín","2020","7,180","3,736","3,444","1,222","220","7,130","47","47","0","0","0","0","3","8","5,765","1,399","13","230","0",
"Población_de_20_a_22_años",	03,"Baja_California_Sur","2020","39,748","20,664","19,084","976","1,505","39,465","204","154","6","7","35","2","79","56","33,321","6,163","90","801","0",
"Población_de_20_a_22_años",	03001,"Comondú","2020","3,242","1,730","1,512","57","44","3,228","13","12","0","0","1","0","1","3","3,094","138","4","70","0",
"Población_de_20_a_22_años",	03002,"Mulegé","2020","2,861","1,523","1,338","291","63","2,831","4","4","0","0","0","0","26","3","2,380","445","4","66","0",
"Población_de_20_a_22_años",	03003,"La_Paz","2020","14,373","7,386","6,987","199","333","14,287","70","54","0","0","14","2","16","28","13,205","1,059","37","300","0",
"Población_de_20_a_22_años",	03008,"Los_Cabos","2020","18,515","9,637","8,878","421","1,052","18,366","113","83","6","7","17","0","36","22","13,933","4,474","44","347","0",
"Población_de_20_a_22_años",	03009,"Loreto","2020","757","388","369","8","13","753","4","1","0","0","3","0","0","0","709","47","1","18","0",
"Población_de_20_a_22_años",	04,"Campeche","2020","45,138","22,475","22,663","3,377","1,014","44,901","215","55","75","26","59","0","22","23","43,216","1,770","90","1,064","0",
"Población_de_20_a_22_años",	04001,"Calkiní","2020","2,941","1,479","1,462","1,124","107","2,939","1","0","1","0","0","0","1","0","2,888","53","0","59","0",
"Población_de_20_a_22_años",	04002,"Campeche","2020","14,584","7,358","7,226","278","378","14,512","66","25","14","4","23","0","6","12","14,045","482","37","387","0",
"Población_de_20_a_22_años",	04003,"Carmen","2020","11,603","5,716","5,887","160","292","11,534","57","10","12","22","13","0","12","5","10,826","713","24","282","0",
"Población_de_20_a_22_años",	04004,"Champotón","2020","3,909","1,954","1,955","171","45","3,886","23","3","15","0","5","0","0","3","3,760","138","10","63","0",
"Población_de_20_a_22_años",	04005,"Hecelchakán","2020","1,621","840","781","358","10","1,620","1","0","0","0","1","0","0","0","1,585","36","0","27","0",
"Población_de_20_a_22_años",	04006,"Hopelchén","2020","2,162","1,082","1,080","590","76","2,152","10","2","0","0","8","0","0","0","2,140","22","0","40","0",
"Población_de_20_a_22_años",	04007,"Palizada","2020","315","159","156","0","2","314","1","0","0","0","1","0","0","0","300","14","1","6","0",
"Población_de_20_a_22_años",	04008,"Tenabo","2020","570","285","285","37","13","568","2","0","1","0","1","0","0","0","558","11","1","14","0",
"Población_de_20_a_22_años",	04009,"Escárcega","2020","2,955","1,436","1,519","113","32","2,941","12","7","2","0","3","0","2","0","2,823","128","3","64","0",
"Población_de_20_a_22_años",	04010,"Calakmul","2020","1,570","740","830","423","19","1,567","3","1","1","0","1","0","0","1","1,494","74","2","51","0",
"Población_de_20_a_22_años",	04011,"Candelaria","2020","2,122","1,029","1,093","116","32","2,082","39","7","29","0","3","0","1","2","2,023","87","12","51","0",
"Población_de_20_a_22_años",	04012,"Seybaplaya","2020","786","397","389","7","8","786","0","0","0","0","0","0","0","0","774","12","0","20","0",
"Población_de_20_a_22_años",	04013,"Dzitbalché","2020","ND","ND","ND","ND","ND","ND","ND","ND","ND","ND","ND","ND","ND","ND","ND","ND","ND","ND","ND",
"Población_de_20_a_22_años",	05,"Coahuila_de_Zaragoza","2020","161,921","82,134","79,787","453","2,573","160,385","1,409","1,106","13","31","258","1","127","191","153,899","7,324","549","2,709","18",
"Población_de_20_a_22_años",	05001,"Abasolo","2020","40","18","22","0","0","39","1","1","0","0","0","0","0","0","40","0","0","0","0",
"Población_de_20_a_22_años",	05002,"Acuña","2020","9,043","4,577","4,466","26","74","8,810","229","217","1","2","9","0","4","15","8,394","589","58","173","8",
"Población_de_20_a_22_años",	05003,"Allende","2020","1,147","558","589","1","25","1,120","27","26","1","0","0","0","0","6","1,126","13","7","18","0",
"Población_de_20_a_22_años",	05004,"Arteaga","2020","1,293","639","654","2","98","1,285","6","3","0","1","2","0","2","3","1,216","64","8","15","0",
"Población_de_20_a_22_años",	05005,"Candela","2020","65","35","30","0","0","64","1","1","0","0","0","0","0","0","62","3","0","1","0",
"Población_de_20_a_22_años",	05006,"Castaños","2020","1,379","691","688","0","5","1,371","8","6","0","0","2","0","0","0","1,363","14","2","22","0",
"Población_de_20_a_22_años",	05007,"Cuatro_Ciénegas","2020","544","267","277","0","1","543","1","1","0","0","0","0","0","2","530","11","3","12","0",
"Población_de_20_a_22_años",	05008,"Escobedo","2020","140","56","84","0","0","138","2","2","0","0","0","0","0","0","139","1","0","1","0",
"Población_de_20_a_22_años",	05009,"Francisco_I._Madero","2020","3,107","1,571","1,536","2","19","3,098","8","7","0","0","1","0","1","3","3,022","78","7","52","0",
"Población_de_20_a_22_años",	05010,"Frontera","2020","3,971","1,995","1,976","1","29","3,958","13","11","0","0","2","0","0","1","3,931","37","2","41","0",
"Población_de_20_a_22_años",	05011,"General_Cepeda","2020","537","262","275","0","25","537","0","0","0","0","0","0","0","0","531","6","0","8","0",
"Población_de_20_a_22_años",	05012,"Guerrero","2020","73","34","39","0","0","72","1","1","0","0","0","0","0","0","71","1","1","2","0",
"Población_de_20_a_22_años",	05013,"Hidalgo","2020","67","29","38","0","0","64","3","3","0","0","0","0","0","0","61","4","2","2","0",
"Población_de_20_a_22_años",	05014,"Jiménez","2020","493","261","232","0","1","474","18","18","0","0","0","0","1","2","475","11","6","10","0",
"Población_de_20_a_22_años",	05015,"Juárez","2020","78","39","39","0","0","74","4","3","0","0","1","0","0","0","76","1","1","2","0",
"Población_de_20_a_22_años",	05016,"Lamadrid","2020","71","39","32","0","0","70","1","1","0","0","0","0","0","0","71","0","0","0","0",
"Población_de_20_a_22_años",	05017,"Matamoros","2020","6,473","3,257","3,216","52","65","6,449","22","22","0","0","0","0","2","10","6,271","184","16","134","0",
"Población_de_20_a_22_años",	05018,"Monclova","2020","11,020","5,568","5,452","8","99","10,976","37","31","0","3","3","0","7","19","10,856","128","31","176","0",
"Población_de_20_a_22_años",	05019,"Morelos","2020","403","206","197","0","1","393","10","9","0","0","1","0","0","2","390","7","6","6","0",
"Población_de_20_a_22_años",	05020,"Múzquiz","2020","3,421","1,695","1,726","3","66","3,384","37","36","0","0","1","0","0","7","3,390","22","9","75","0",
"Población_de_20_a_22_años",	05021,"Nadadores","2020","312","164","148","0","2","312","0","0","0","0","0","0","0","0","310","2","0","6","0",
"Población_de_20_a_22_años",	05022,"Nava","2020","1,788","898","890","1","14","1,748","38","36","0","0","2","0","2","1","1,730","45","13","33","0",
"Población_de_20_a_22_años",	05023,"Ocampo","2020","451","253","198","0","1","451","0","0","0","0","0","0","0","0","427","24","0","9","0",
"Población_de_20_a_22_años",	05024,"Parras","2020","2,171","1,155","1,016","7","21","2,168","3","1","0","0","2","0","0","0","2,115","54","1","60","0",
"Población_de_20_a_22_años",	05025,"Piedras_Negras","2020","8,956","4,511","4,445","13","76","8,595","353","326","3","5","19","0","8","21","8,573","283","91","126","5",
"Población_de_20_a_22_años",	05026,"Progreso","2020","126","64","62","0","0","123","3","1","0","0","2","0","0","0","126","0","0","5","0",
"Población_de_20_a_22_años",	05027,"Ramos_Arizpe","2020","6,739","3,466","3,273","38","62","6,701","34","12","0","1","21","0","4","3","5,679","1,004","20","104","0",
"Población_de_20_a_22_años",	05028,"Sabinas","2020","3,079","1,587","1,492","3","81","3,044","34","33","0","0","1","0","1","7","3,040","28","11","47","0",
"Población_de_20_a_22_años",	05029,"Sacramento","2020","118","52","66","0","2","118","0","0","0","0","0","0","0","0","117","1","0","2","0",
"Población_de_20_a_22_años",	05030,"Saltillo","2020","47,002","24,032","22,970","222","1,098","46,676","268","92","7","15","153","1","58","34","43,930","2,870","156","670","5",
"Población_de_20_a_22_años",	05031,"San_Buenaventura","2020","1,079","555","524","2","9","1,073","6","6","0","0","0","0","0","2","1,063","14","2","34","0",
"Población_de_20_a_22_años",	05032,"San_Juan_de_Sabinas","2020","1,966","1,006","960","3","28","1,950","16","16","0","0","0","0","0","2","1,948","15","3","34","0",
"Población_de_20_a_22_años",	05033,"San_Pedro","2020","5,151","2,647","2,504","7","52","5,122","28","26","0","0","2","0","1","3","5,008","133","6","107","0",
"Población_de_20_a_22_años",	05034,"Sierra_Mojada","2020","288","150","138","1","1","287","1","1","0","0","0","0","0","0","244","44","0","6","0",
"Población_de_20_a_22_años",	05035,"Torreón","2020","37,365","18,805","18,560","59","603","37,164","167","128","1","4","34","0","34","40","35,696","1,565","70","661","0",
"Población_de_20_a_22_años",	05036,"Viesca","2020","1,047","525","522","2","8","1,039","6","6","0","0","0","0","2","1","990","53","2","34","0",
"Población_de_20_a_22_años",	05037,"Villa_Unión","2020","295","161","134","0","0","291","4","4","0","0","0","0","0","2","289","3","3","10","0",
"Población_de_20_a_22_años",	05038,"Zaragoza","2020","623","306","317","0","7","604","19","19","0","0","0","0","0","5","599","12","12","11","0",
"Población_de_20_a_22_años",	06,"Colima","2020","35,841","18,020","17,821","362","740","35,339","451","399","6","3","43","0","51","52","33,170","2,512","104","684","0",
"Población_de_20_a_22_años",	06001,"Armería","2020","1,333","695","638","6","13","1,317","15","15","0","0","0","0","1","2","1,279","51","3","35","0",
"Población_de_20_a_22_años",	06002,"Colima","2020","7,772","3,952","3,820","40","153","7,603","129","102","1","2","24","0","40","16","7,141","550","41","142","0",
"Población_de_20_a_22_años",	06003,"Comala","2020","1,065","533","532","4","22","1,050","15","15","0","0","0","0","0","1","1,045","19","1","27","0",
"Población_de_20_a_22_años",	06004,"Coquimatlán","2020","1,084","544","540","20","39","1,067","17","17","0","0","0","0","0","0","1,016","66","2","19","0",
"Población_de_20_a_22_años",	06005,"Cuauhtémoc","2020","1,575","824","751","116","16","1,546","29","29","0","0","0","0","0","2","1,428","143","4","25","0",
"Población_de_20_a_22_años",	06006,"Ixtlahuacán","2020","239","114","125","1","2","234","5","5","0","0","0","0","0","0","227","12","0","3","0",
"Población_de_20_a_22_años",	06007,"Manzanillo","2020","8,952","4,503","4,449","54","166","8,873","74","65","0","0","9","0","5","10","8,198","733","13","176","0",
"Población_de_20_a_22_años",	06008,"Minatitlán","2020","451","217","234","2","6","449","2","2","0","0","0","0","0","0","403","48","0","2","0",
"Población_de_20_a_22_años",	06009,"Tecomán","2020","5,739","2,866","2,873","98","165","5,690","46","40","4","0","2","0","3","12","5,320","394","20","113","0",
"Población_de_20_a_22_años",	06010,"Villa_de_Álvarez","2020","7,631","3,772","3,859","21","158","7,510","119","109","1","1","8","0","2","9","7,113","496","20","142","0",
"Población_de_20_a_22_años",	07,"Chiapas","2020","281,157","136,528","144,629","84,889","3,218","276,991","3,950","97","2,313","3","1,534","3","216","159","275,332","3,399","1,997","4,561","122",
"Población_de_20_a_22_años",	07001,"Acacoyagua","2020","750","365","385","1","38","738","10","0","3","0","7","0","2","0","729","15","5","9","0",
"Población_de_20_a_22_años",	07002,"Acala","2020","973","523","450","91","9","972","1","0","1","0","0","0","0","0","959","12","1","18","0",
"Población_de_20_a_22_años",	07003,"Acapetahua","2020","1,167","548","619","2","48","1,148","19","1","14","0","4","0","0","1","1,142","15","8","25","0",
"Población_de_20_a_22_años",	07004,"Altamirano","2020","1,971","948","1,023","1,239","34","1,971","0","0","0","0","0","0","0","0","1,956","15","0","23","0",
"Población_de_20_a_22_años",	07005,"Amatán","2020","1,388","681","707","342","8","1,388","0","0","0","0","0","0","0","0","1,375","13","0","24","0",
"Población_de_20_a_22_años",	07006,"Amatenango_de_la_Frontera","2020","1,475","674","801","10","4","1,429","45","2","42","0","1","0","1","2","1,435","13","26","21","0",
"Población_de_20_a_22_años",	07007,"Amatenango_del_Valle","2020","605","283","322","402","0","605","0","0","0","0","0","0","0","0","603","2","0","2","0",
"Población_de_20_a_22_años",	07008,"Angel_Albino_Corzo","2020","1,647","841","806","31","1","1,636","11","1","9","0","1","0","0","1","1,626","19","2","27","0",
"Población_de_20_a_22_años",	07009,"Arriaga","2020","1,806","887","919","2","35","1,801","5","2","1","0","2","0","0","2","1,758","45","3","33","0",
"Población_de_20_a_22_años",	07010,"Bejucal_de_Ocampo","2020","310","156","154","0","0","309","1","0","1","0","0","0","0","0","309","0","1","1","0",
"Población_de_20_a_22_años",	07011,"Bella_Vista","2020","840","415","425","6","1","830","7","0","7","0","0","0","3","0","834","3","0","23","0",
"Población_de_20_a_22_años",	07012,"Berriozábal","2020","3,301","1,632","1,669","121","26","3,289","11","2","3","0","6","0","1","1","3,239","59","2","58","0",
"Población_de_20_a_22_años",	07013,"Bochil","2020","1,916","915","1,001","915","26","1,916","0","0","0","0","0","0","0","0","1,912","4","0","36","0",
"Población_de_20_a_22_años",	07014,"El_Bosque","2020","1,368","642","726","1,300","10","1,368","0","0","0","0","0","0","0","0","1,362","5","0","18","0",
"Población_de_20_a_22_años",	07015,"Cacahoatán","2020","2,438","1,151","1,287","36","12","2,325","111","3","90","0","18","0","2","2","2,351","34","53","44","0",
"Población_de_20_a_22_años",	07016,"Catazajá","2020","695","364","331","24","3","694","1","0","0","0","1","0","0","1","673","21","1","14","0",
"Población_de_20_a_22_años",	07017,"Cintalapa","2020","4,308","2,169","2,139","333","35","4,250","8","3","1","0","4","0","50","4","4,195","48","4","93","0",
"Población_de_20_a_22_años",	07018,"Coapilla","2020","531","249","282","63","1","530","0","0","0","0","0","0","1","2","524","5","2","12","0",
"Población_de_20_a_22_años",	07019,"Comitán_de_Domínguez","2020","8,460","3,954","4,506","340","55","8,323","130","2","56","0","72","0","7","7","8,273","111","67","148","1",
"Población_de_20_a_22_años",	07020,"La_Concordia","2020","2,468","1,227","1,241","226","87","2,449","19","1","17","0","1","0","0","0","2,442","20","6","33","0",
"Población_de_20_a_22_años",	07021,"Copainalá","2020","1,036","481","555","89","16","1,035","0","0","0","0","0","0","1","0","1,031","5","0","14","0",
"Población_de_20_a_22_años",	07022,"Chalchihuitán","2020","1,184","587","597","1,170","6","1,184","0","0","0","0","0","0","0","1","1,177","6","1","13","0",
"Población_de_20_a_22_años",	07023,"Chamula","2020","5,589","2,487","3,102","5,494","19","5,584","2","1","1","0","0","0","3","7","5,553","24","8","39","0",
"Población_de_20_a_22_años",	07024,"Chanal","2020","627","313","314","616","5","626","1","0","0","0","1","0","0","0","617","9","1","7","0",
"Población_de_20_a_22_años",	07025,"Chapultenango","2020","333","158","175","256","56","333","0","0","0","0","0","0","0","0","326","7","0","15","0",
"Población_de_20_a_22_años",	07026,"Chenalhó","2020","2,695","1,327","1,368","2,617","23","2,694","0","0","0","0","0","0","1","2","2,688","4","2","11","0",
"Población_de_20_a_22_años",	07027,"Chiapa_de_Corzo","2020","5,450","2,668","2,782","211","21","5,438","9","2","1","0","6","0","3","1","5,396","51","2","70","0",
"Población_de_20_a_22_años",	07028,"Chiapilla","2020","291","152","139","1","0","291","0","0","0","0","0","0","0","0","290","1","0","3","0",
"Población_de_20_a_22_años",	07029,"Chicoasén","2020","232","108","124","16","0","232","0","0","0","0","0","0","0","0","229","3","0","7","0",
"Población_de_20_a_22_años",	07030,"Chicomuselo","2020","1,664","761","903","21","0","1,640","24","2","19","0","3","0","0","2","1,631","23","10","28","0",
"Población_de_20_a_22_años",	07031,"Chilón","2020","7,212","3,549","3,663","6,838","108","7,211","0","0","0","0","0","0","1","2","7,164","46","2","96","0",
"Población_de_20_a_22_años",	07032,"Escuintla","2020","1,378","645","733","4","5","1,361","16","0","8","0","8","0","1","0","1,344","30","3","31","0",
"Población_de_20_a_22_años",	07033,"Francisco_León","2020","420","194","226","294","84","420","0","0","0","0","0","0","0","0","416","4","0","6","0",
"Población_de_20_a_22_años",	07034,"Frontera_Comalapa","2020","3,930","1,795","2,135","85","16","3,658","272","11","211","0","49","1","0","9","3,776","45","109","89","0",
"Población_de_20_a_22_años",	07035,"Frontera_Hidalgo","2020","694","348","346","15","5","626","64","0","56","0","8","0","4","1","645","9","35","12","0",
"Población_de_20_a_22_años",	07036,"La_Grandeza","2020","354","163","191","0","0","354","0","0","0","0","0","0","0","0","349","5","0","7","0",
"Población_de_20_a_22_años",	07037,"Huehuetán","2020","1,749","827","922","4","7","1,697","51","2","37","0","12","0","1","0","1,720","16","12","24","0",
"Población_de_20_a_22_años",	07038,"Huixtán","2020","1,186","555","631","1,102","4","1,185","0","0","0","0","0","0","1","0","1,180","5","0","10","0",
"Población_de_20_a_22_años",	07039,"Huitiupán","2020","1,397","671","726","658","11","1,397","0","0","0","0","0","0","0","0","1,386","10","0","26","0",
"Población_de_20_a_22_años",	07040,"Huixtla","2020","2,392","1,171","1,221","58","13","2,260","132","1","116","0","15","0","0","0","2,265","32","88","41","0",
"Población_de_20_a_22_años",	07041,"La_Independencia","2020","2,428","1,148","1,280","137","6","2,422","5","0","5","0","0","0","1","0","2,391","34","2","20","0",
"Población_de_20_a_22_años",	07042,"Ixhuatán","2020","553","270","283","204","4","553","0","0","0","0","0","0","0","0","536","17","0","14","0",
"Población_de_20_a_22_años",	07043,"Ixtacomitán","2020","513","250","263","116","5","512","1","1","0","0","0","0","0","0","502","11","0","15","0",
"Población_de_20_a_22_años",	07044,"Ixtapa","2020","1,612","800","812","300","50","1,610","0","0","0","0","0","0","2","0","1,605","7","0","38","0",
"Población_de_20_a_22_años",	07045,"Ixtapangajoya","2020","339","166","173","45","29","339","0","0","0","0","0","0","0","0","331","8","0","4","0",
"Población_de_20_a_22_años",	07046,"Jiquipilas","2020","1,789","876","913","141","14","1,788","1","0","1","0","0","0","0","0","1,765","24","0","28","0",
"Población_de_20_a_22_años",	07047,"Jitotol","2020","1,426","686","740","1,020","14","1,426","0","0","0","0","0","0","0","0","1,424","2","0","34","0",
"Población_de_20_a_22_años",	07048,"Juárez","2020","899","456","443","67","10","899","0","0","0","0","0","0","0","2","875","22","2","22","0",
"Población_de_20_a_22_años",	07049,"Larráinzar","2020","1,670","814","856","1,638","4","1,670","0","0","0","0","0","0","0","0","1,666","4","0","20","0",
"Población_de_20_a_22_años",	07050,"La_Libertad","2020","181","90","91","13","1","181","0","0","0","0","0","0","0","0","176","5","0","1","0",
"Población_de_20_a_22_años",	07051,"Mapastepec","2020","2,017","956","1,061","6","8","1,986","30","2","6","0","22","0","1","2","1,956","44","17","54","0",
"Población_de_20_a_22_años",	07052,"Las_Margaritas","2020","8,124","3,836","4,288","3,882","29","8,100","21","1","14","0","6","0","3","5","8,069","40","15","113","0",
"Población_de_20_a_22_años",	07053,"Mazapa_de_Madero","2020","332","170","162","1","2","327","5","1","2","0","2","0","0","1","328","0","4","6","0",
"Población_de_20_a_22_años",	07054,"Mazatán","2020","1,321","670","651","5","9","1,213","95","0","73","0","22","0","13","4","1,249","14","45","16","0",
"Población_de_20_a_22_años",	07055,"Metapa","2020","281","137","144","2","0","261","20","1","11","0","8","0","0","0","269","5","7","6","0",
"Población_de_20_a_22_años",	07056,"Mitontic","2020","762","352","410","754","1","761","0","0","0","0","0","0","1","0","762","0","0","4","0",
"Población_de_20_a_22_años",	07057,"Motozintla","2020","3,444","1,614","1,830","19","10","3,373","71","0","53","0","18","0","0","5","3,361","49","34","51","0",
"Población_de_20_a_22_años",	07058,"Nicolás_Ruíz","2020","223","104","119","1","11","223","0","0","0","0","0","0","0","0","222","1","0","3","0",
"Población_de_20_a_22_años",	07059,"Ocosingo","2020","12,476","5,989","6,487","9,208","129","12,444","10","1","4","0","5","0","22","0","12,388","59","6","140","0",
"Población_de_20_a_22_años",	07060,"Ocotepec","2020","688","341","347","670","33","687","0","0","0","0","0","0","1","0","676","11","0","9","0",
"Población_de_20_a_22_años",	07061,"Ocozocoautla_de_Espinosa","2020","5,035","2,468","2,567","875","60","5,027","6","0","4","0","2","0","2","3","4,979","49","5","104","0",
"Población_de_20_a_22_años",	07062,"Ostuacán","2020","859","439","420","13","12","859","0","0","0","0","0","0","0","0","837","22","0","16","0",
"Población_de_20_a_22_años",	07063,"Osumacinta","2020","200","96","104","33","0","200","0","0","0","0","0","0","0","0","194","6","0","4","0",
"Población_de_20_a_22_años",	07064,"Oxchuc","2020","2,763","1,420","1,343","2,645","36","2,763","0","0","0","0","0","0","0","0","2,757","6","0","23","0",
"Población_de_20_a_22_años",	07065,"Palenque","2020","6,588","3,093","3,495","2,788","93","6,485","98","3","16","0","79","0","5","1","6,304","202","78","127","16",
"Población_de_20_a_22_años",	07066,"Pantelhó","2020","1,533","753","780","1,418","6","1,533","0","0","0","0","0","0","0","0","1,521","12","0","13","0",
"Población_de_20_a_22_años",	07067,"Pantepec","2020","643","310","333","219","3","643","0","0","0","0","0","0","0","0","629","14","0","14","0",
"Población_de_20_a_22_años",	07068,"Pichucalco","2020","1,468","735","733","23","6","1,466","1","0","0","0","1","0","1","0","1,426","42","0","38","0",
"Población_de_20_a_22_años",	07069,"Pijijiapan","2020","2,060","988","1,072","24","7","2,040","19","4","4","0","11","0","1","0","2,014","34","11","38","0",
"Población_de_20_a_22_años",	07070,"El_Porvenir","2020","594","321","273","3","8","593","1","1","0","0","0","0","0","0","592","2","0","12","0",
"Población_de_20_a_22_años",	07071,"Villa_Comaltitlán","2020","1,297","618","679","8","7","1,279","18","2","12","0","4","0","0","1","1,246","20","9","22","0",
"Población_de_20_a_22_años",	07072,"Pueblo_Nuevo_Solistahuacán","2020","1,816","902","914","555","24","1,805","10","1","1","0","8","0","1","2","1,702","17","2","67","0",
"Población_de_20_a_22_años",	07073,"Rayón","2020","667","345","322","194","22","667","0","0","0","0","0","0","0","0","657","10","0","22","0",
"Población_de_20_a_22_años",	07074,"Reforma","2020","1,948","941","1,007","3","13","1,948","0","0","0","0","0","0","0","2","1,871","75","2","55","0",
"Población_de_20_a_22_años",	07075,"Las_Rosas","2020","1,495","743","752","60","12","1,494","1","0","1","0","0","0","0","1","1,485","9","1","18","0",
"Población_de_20_a_22_años",	07076,"Sabanilla","2020","1,612","789","823","1,169","6","1,612","0","0","0","0","0","0","0","0","1,606","6","0","21","0",
"Población_de_20_a_22_años",	07077,"Salto_de_Agua","2020","3,139","1,560","1,579","2,592","113","3,137","0","0","0","0","0","0","2","0","3,118","20","0","62","0",
"Población_de_20_a_22_años",	07078,"San_Cristóbal_de_las_Casas","2020","11,842","5,866","5,976","4,101","231","11,806","29","4","4","0","21","0","7","2","11,710","115","13","207","0",
"Población_de_20_a_22_años",	07079,"San_Fernando","2020","2,206","1,104","1,102","55","18","2,206","0","0","0","0","0","0","0","0","2,183","22","0","30","0",
"Población_de_20_a_22_años",	07080,"Siltepec","2020","1,187","589","598","0","2","1,183","4","0","3","0","1","0","0","1","1,166","20","1","18","0",
"Población_de_20_a_22_años",	07081,"Simojovel","2020","2,912","1,351","1,561","2,191","11","2,911","0","0","0","0","0","0","1","1","2,906","3","1","26","0",
"Población_de_20_a_22_años",	07082,"Sitalá","2020","859","376","483","823","4","857","0","0","0","0","0","0","2","0","852","5","0","3","0",
"Población_de_20_a_22_años",	07083,"Socoltenango","2020","914","424","490","42","9","911","3","0","0","0","3","0","0","0","905","8","1","12","0",
"Población_de_20_a_22_años",	07084,"Solosuchiapa","2020","431","222","209","83","4","431","0","0","0","0","0","0","0","0","428","3","0","5","0",
"Población_de_20_a_22_años",	07085,"Soyaló","2020","583","310","273","196","14","582","1","0","1","0","0","0","0","0","574","8","1","13","0",
"Población_de_20_a_22_años",	07086,"Suchiapa","2020","1,360","704","656","19","5","1,360","0","0","0","0","0","0","0","0","1,343","17","0","17","0",
"Población_de_20_a_22_años",	07087,"Suchiate","2020","2,254","1,093","1,161","10","52","1,887","367","2","273","0","91","1","0","11","2,092","19","143","44","0",
"Población_de_20_a_22_años",	07088,"Sunuapa","2020","86","34","52","0","0","86","0","0","0","0","0","0","0","0","84","2","0","4","0",
"Población_de_20_a_22_años",	07089,"Tapachula","2020","17,609","8,650","8,959","163","208","15,922","1,647","5","790","1","850","1","40","29","16,342","239","900","354","105",
"Población_de_20_a_22_años",	07090,"Tapalapa","2020","211","89","122","196","2","211","0","0","0","0","0","0","0","0","207","4","0","10","0",
"Población_de_20_a_22_años",	07091,"Tapilula","2020","679","305","374","29","3","679","0","0","0","0","0","0","0","0","670","9","0","20","0",
"Población_de_20_a_22_años",	07092,"Tecpatán","2020","900","439","461","141","37","900","0","0","0","0","0","0","0","0","891","9","0","17","0",
"Población_de_20_a_22_años",	07093,"Tenejapa","2020","2,520","1,251","1,269","2,461","13","2,520","0","0","0","0","0","0","0","0","2,503","17","0","35","0",
"Población_de_20_a_22_años",	07094,"Teopisca","2020","2,789","1,391","1,398","1,326","11","2,784","3","0","1","0","2","0","2","1","2,772","13","4","39","0",
"Población_de_20_a_22_años",	07096,"Tila","2020","3,766","1,867","1,899","3,567","18","3,766","0","0","0","0","0","0","0","0","3,737","29","0","62","0",
"Población_de_20_a_22_años",	07097,"Tonalá","2020","4,166","2,034","2,132","13","40","4,144","13","3","3","0","7","0","9","2","4,087","65","5","91","0",
"Población_de_20_a_22_años",	07098,"Totolapa","2020","346","164","182","37","0","346","0","0","0","0","0","0","0","0","345","1","0","8","0",
"Población_de_20_a_22_años",	07099,"La_Trinitaria","2020","3,964","1,863","2,101","449","15","3,880","84","1","66","0","17","0","0","7","3,873","52","39","47","0",
"Población_de_20_a_22_años",	07100,"Tumbalá","2020","1,893","914","979","1,819","5","1,893","0","0","0","0","0","0","0","1","1,871","21","1","28","0",
"Población_de_20_a_22_años",	07101,"Tuxtla_Gutiérrez","2020","32,659","16,209","16,450","1,008","563","32,501","145","20","40","2","83","0","13","12","31,796","765","85","472","0",
"Población_de_20_a_22_años",	07102,"Tuxtla_Chico","2020","1,918","914","1,004","6","65","1,840","78","2","61","0","15","0","0","3","1,872","22","23","30","0",
"Población_de_20_a_22_años",	07103,"Tuzantán","2020","1,348","672","676","2","3","1,324","23","1","17","0","5","0","1","0","1,327","18","3","32","0",
"Población_de_20_a_22_años",	07104,"Tzimol","2020","758","369","389","17","0","753","5","0","2","0","3","0","0","1","748","8","2","12","0",
"Población_de_20_a_22_años",	07105,"Unión_Juárez","2020","766","363","403","8","0","743","22","1","21","0","0","0","1","1","744","7","15","17","0",
"Población_de_20_a_22_años",	07106,"Venustiano_Carranza","2020","3,296","1,594","1,702","760","17","3,286","10","0","1","0","9","0","0","0","3,277","16","3","54","0",
"Población_de_20_a_22_años",	07107,"Villa_Corzo","2020","3,252","1,547","1,705","373","22","3,248","4","0","3","0","1","0","0","1","3,229","20","3","69","0",
"Población_de_20_a_22_años",	07108,"Villaflores","2020","5,418","2,639","2,779","191","32","5,412","5","2","2","0","1","0","1","2","5,375","40","3","91","0",
"Población_de_20_a_22_años",	07109,"Yajalón","2020","2,134","1,046","1,088","1,354","7","2,133","1","0","0","0","1","0","0","0","2,116","18","0","42","0",
"Población_de_20_a_22_años",	07110,"San_Lucas","2020","360","191","169","69","14","360","0","0","0","0","0","0","0","0","354","6","0","6","0",
"Población_de_20_a_22_años",	07111,"Zinacantán","2020","2,729","1,261","1,468","2,668","19","2,729","0","0","0","0","0","0","0","1","2,726","2","1","25","0",
"Población_de_20_a_22_años",	07112,"San_Juan_Cancuc","2020","1,892","877","1,015","1,878","17","1,892","0","0","0","0","0","0","0","1","1,888","2","1","17","0",
"Población_de_20_a_22_años",	07113,"Aldama","2020","500","235","265","498","11","500","0","0","0","0","0","0","0","0","500","0","0","7","0",
"Población_de_20_a_22_años",	07114,"Benemérito_de_las_Américas","2020","1,286","631","655","340","5","1,181","105","1","94","0","10","0","0","1","1,227","27","32","12","0",
"Población_de_20_a_22_años",	07115,"Maravilla_Tenejapa","2020","777","359","418","353","55","766","11","0","11","0","0","0","0","1","762","8","7","8","0",
"Población_de_20_a_22_años",	07116,"Marqués_de_Comillas","2020","657","354","303","251","7","639","18","0","16","0","2","0","0","2","639","8","10","6","0",
"Población_de_20_a_22_años",	07117,"Montecristo_de_Guerrero","2020","423","199","224","4","0","419","4","0","2","0","2","0","0","0","419","3","1","8","0",
"Población_de_20_a_22_años",	07118,"San_Andrés_Duraznal","2020","343","163","180","310","28","343","0","0","0","0","0","0","0","1","341","1","1","2","0",
"Población_de_20_a_22_años",	07119,"Santiago_el_Pinar","2020","315","153","162","310","1","315","0","0","0","0","0","0","0","0","314","1","0","7","0",
"Población_de_20_a_22_años",	07120,"Capitán_Luis_Ángel_Vidal","2020","229","141","88","0","0","228","1","0","1","0","0","0","0","0","226","3","0","1","0",
"Población_de_20_a_22_años",	07121,"Rincón_Chamula_San_Pedro","2020","471","193","278","419","3","471","0","0","0","0","0","0","0","0","470","0","0","18","0",
"Población_de_20_a_22_años",	07122,"El_Parral","2020","756","365","391","37","8","756","0","0","0","0","0","0","0","0","752","4","0","22","0",
"Población_de_20_a_22_años",	07123,"Emiliano_Zapata","2020","526","272","254","122","0","526","0","0","0","0","0","0","0","0","517","9","0","7","0",
"Población_de_20_a_22_años",	07124,"Mezcalapa","2020","1,229","591","638","306","8","1,226","3","1","0","0","2","0","0","0","1,193","31","3","24","0",
"Población_de_20_a_22_años",	07125,"Honduras_de_la_Sierra","2020","613","320","293","0","2","612","1","0","0","0","1","0","0","0","610","2","1","17","0",
"Población_de_20_a_22_años",	08,"Chihuahua","2020","193,542","97,416","96,126","6,618","3,638","187,903","5,014","4,675","37","20","282","0","625","443","184,030","7,772","1,052","3,463","48",
"Población_de_20_a_22_años",	08001,"Ahumada","2020","754","382","372","6","2","747","7","6","0","0","1","0","0","0","752","1","1","8","0",
"Población_de_20_a_22_años",	08002,"Aldama","2020","1,267","609","658","16","37","1,254","13","13","0","0","0","0","0","1","1,242","22","2","30","0",
"Población_de_20_a_22_años",	08003,"Allende","2020","399","189","210","19","1","389","10","10","0","0","0","0","0","0","384","14","1","4","0",
"Población_de_20_a_22_años",	08004,"Aquiles_Serdán","2020","1,177","652","525","12","19","1,017","4","4","0","0","0","0","156","0","996","24","0","13","0",
"Población_de_20_a_22_años",	08005,"Ascensión","2020","1,281","614","667","45","5","1,192","87","86","0","0","1","0","2","5","1,193","74","13","12","0",
"Población_de_20_a_22_años",	08006,"Bachíniva","2020","223","115","108","17","2","217","6","6","0","0","0","0","0","1","220","2","1","6","0",
"Población_de_20_a_22_años",	08007,"Balleza","2020","765","402","363","439","1","761","4","4","0","0","0","0","0","1","761","3","1","8","0",
"Población_de_20_a_22_años",	08008,"Batopilas","2020","564","272","292","377","9","564","0","0","0","0","0","0","0","0","562","2","0","3","0",
"Población_de_20_a_22_años",	08009,"Bocoyna","2020","992","476","516","148","35","991","1","1","0","0","0","0","0","0","983","9","0","10","0",
"Población_de_20_a_22_años",	08010,"Buenaventura","2020","1,191","609","582","72","24","1,170","20","14","0","0","6","0","1","1","1,162","28","1","22","0",
"Población_de_20_a_22_años",	08011,"Camargo","2020","2,396","1,231","1,165","116","32","2,377","18","18","0","0","0","0","1","3","2,360","31","5","20","0",
"Población_de_20_a_22_años",	08012,"Carichí","2020","326","148","178","220","1","324","2","2","0","0","0","0","0","1","323","1","2","3","0",
"Población_de_20_a_22_años",	08013,"Casas_Grandes","2020","551","279","272","26","5","538","13","13","0","0","0","0","0","0","537","13","1","16","0",
"Población_de_20_a_22_años",	08014,"Coronado","2020","67","39","28","2","0","67","0","0","0","0","0","0","0","0","63","4","0","3","0",
"Población_de_20_a_22_años",	08015,"Coyame_del_Sotol","2020","30","17","13","1","0","29","1","1","0","0","0","0","0","0","30","0","0","0","0",
"Población_de_20_a_22_años",	08016,"La_Cruz","2020","164","83","81","6","1","164","0","0","0","0","0","0","0","0","164","0","0","3","0",
"Población_de_20_a_22_años",	08017,"Cuauhtémoc","2020","9,262","4,558","4,704","255","142","9,014","239","194","0","2","43","0","9","30","9,039","130","49","169","5",
"Población_de_20_a_22_años",	08018,"Cusihuiriachi","2020","227","135","92","37","2","221","6","6","0","0","0","0","0","2","224","0","3","0","0",
"Población_de_20_a_22_años",	08019,"Chihuahua","2020","49,427","24,962","24,465","649","969","48,738","608","550","4","10","44","0","81","122","48,169","985","200","741","0",
"Población_de_20_a_22_años",	08020,"Chínipas","2020","211","104","107","33","1","211","0","0","0","0","0","0","0","0","206","5","0","10","0",
"Población_de_20_a_22_años",	08021,"Delicias","2020","7,170","3,571","3,599","54","77","7,078","90","86","0","0","4","0","2","16","6,982","156","31","123","0",
"Población_de_20_a_22_años",	08022,"Dr._Belisario_Domínguez","2020","75","36","39","8","0","70","5","5","0","0","0","0","0","1","72","0","3","1","0",
"Población_de_20_a_22_años",	08023,"Galeana","2020","333","158","175","24","4","315","17","17","0","0","0","0","1","1","297","34","2","5","0",
"Población_de_20_a_22_años",	08024,"Santa_Isabel","2020","178","91","87","5","0","175","3","3","0","0","0","0","0","0","174","4","0","4","0",
"Población_de_20_a_22_años",	08025,"Gómez_Farías","2020","232","116","116","1","0","222","10","10","0","0","0","0","0","0","229","2","1","4","0",
"Población_de_20_a_22_años",	08026,"Gran_Morelos","2020","86","46","40","5","1","79","6","6","0","0","0","0","1","1","84","0","1","1","0",
"Población_de_20_a_22_años",	08027,"Guachochi","2020","2,449","1,143","1,306","1,378","27","2,445","4","4","0","0","0","0","0","1","2,417","13","1","27","0",
"Población_de_20_a_22_años",	08028,"Guadalupe","2020","197","93","104","0","3","180","17","17","0","0","0","0","0","1","192","4","1","2","0",
"Población_de_20_a_22_años",	08029,"Guadalupe_y_Calvo","2020","2,455","1,239","1,216","936","29","2,455","0","0","0","0","0","0","0","0","2,437","18","0","51","0",
"Población_de_20_a_22_años",	08030,"Guazapares","2020","331","159","172","102","0","331","0","0","0","0","0","0","0","0","328","3","0","4","0",
"Población_de_20_a_22_años",	08031,"Guerrero","2020","1,431","709","722","59","18","1,395","35","33","1","0","1","0","1","4","1,419","4","8","36","0",
"Población_de_20_a_22_años",	08032,"Hidalgo_del_Parral","2020","6,161","3,040","3,121","71","70","6,096","64","60","1","0","3","0","1","13","5,892","228","23","123","0",
"Población_de_20_a_22_años",	08033,"Huejotitán","2020","33","12","21","1","0","32","1","1","0","0","0","0","0","0","33","0","0","0","0",
"Población_de_20_a_22_años",	08034,"Ignacio_Zaragoza","2020","177","83","94","1","0","169","8","8","0","0","0","0","0","1","174","1","2","6","0",
"Población_de_20_a_22_años",	08035,"Janos","2020","512","277","235","28","1","496","16","11","0","0","5","0","0","4","475","31","6","11","2",
"Población_de_20_a_22_años",	08036,"Jiménez","2020","2,046","1,053","993","45","14","2,036","10","10","0","0","0","0","0","1","2,020","25","1","18","0",
"Población_de_20_a_22_años",	08037,"Juárez","2020","82,642","41,877","40,765","550","1,907","78,926","3,357","3,166","31","8","152","0","359","174","76,064","5,632","582","1,648","35",
"Población_de_20_a_22_años",	08038,"Julimes","2020","178","82","96","4","7","174","4","4","0","0","0","0","0","1","173","4","1","5","0",
"Población_de_20_a_22_años",	08039,"López","2020","154","79","75","17","0","154","0","0","0","0","0","0","0","0","150","4","0","5","0",
"Población_de_20_a_22_años",	08040,"Madera","2020","1,007","495","512","15","7","996","11","11","0","0","0","0","0","3","990","14","3","29","0",
"Población_de_20_a_22_años",	08041,"Maguarichi","2020","49","18","31","4","0","49","0","0","0","0","0","0","0","0","49","0","0","2","0",
"Población_de_20_a_22_años",	08042,"Manuel_Benavides","2020","35","17","18","1","0","35","0","0","0","0","0","0","0","0","35","0","0","0","0",
"Población_de_20_a_22_años",	08043,"Matachí","2020","94","48","46","1","0","92","2","2","0","0","0","0","0","1","91","1","2","3","0",
"Población_de_20_a_22_años",	08044,"Matamoros","2020","200","100","100","2","0","198","2","2","0","0","0","0","0","0","196","4","0","0","0",
"Población_de_20_a_22_años",	08045,"Meoqui","2020","2,274","1,186","1,088","45","13","2,233","39","39","0","0","0","0","2","14","2,218","39","17","44","6",
"Población_de_20_a_22_años",	08046,"Morelos","2020","304","146","158","109","0","304","0","0","0","0","0","0","0","0","296","8","0","7","0",
"Población_de_20_a_22_años",	08047,"Moris","2020","173","83","90","3","3","171","2","2","0","0","0","0","0","0","167","6","0","4","0",
"Población_de_20_a_22_años",	08048,"Namiquipa","2020","882","423","459","21","8","854","28","25","0","0","3","0","0","6","858","12","12","16","0",
"Población_de_20_a_22_años",	08049,"Nonoava","2020","99","47","52","25","0","99","0","0","0","0","0","0","0","0","98","1","0","1","0",
"Población_de_20_a_22_años",	08050,"Nuevo_Casas_Grandes","2020","3,411","1,681","1,730","47","67","3,335","68","68","0","0","0","0","8","12","3,289","90","23","92","0",
"Población_de_20_a_22_años",	08051,"Ocampo","2020","331","165","166","4","4","331","0","0","0","0","0","0","0","1","324","6","1","10","0",
"Población_de_20_a_22_años",	08052,"Ojinaga","2020","1,044","508","536","7","24","974","70","63","0","0","7","0","0","6","998","25","21","13","0",
"Población_de_20_a_22_años",	08053,"Praxedis_G._Guerrero","2020","249","121","128","0","8","229","20","20","0","0","0","0","0","2","241","4","4","4","0",
"Población_de_20_a_22_años",	08054,"Riva_Palacio","2020","400","211","189","13","4","379","21","9","0","0","12","0","0","2","397","0","3","2","0",
"Población_de_20_a_22_años",	08055,"Rosales","2020","853","436","417","11","19","832","21","21","0","0","0","0","0","4","834","12","7","9","0",
"Población_de_20_a_22_años",	08056,"Rosario","2020","71","40","31","0","0","69","2","2","0","0","0","0","0","1","69","1","1","0","0",
"Población_de_20_a_22_años",	08057,"San_Francisco_de_Borja","2020","57","30","27","9","0","54","3","3","0","0","0","0","0","0","57","0","0","4","0",
"Población_de_20_a_22_años",	08058,"San_Francisco_de_Conchos","2020","118","60","58","2","0","117","1","1","0","0","0","0","0","1","116","1","1","0","0",
"Población_de_20_a_22_años",	08059,"San_Francisco_del_Oro","2020","184","88","96","3","0","184","0","0","0","0","0","0","0","0","182","2","0","5","0",
"Población_de_20_a_22_años",	08060,"Santa_Bárbara","2020","567","298","269","8","11","566","1","1","0","0","0","0","0","2","560","4","3","13","0",
"Población_de_20_a_22_años",	08061,"Satevó","2020","130","71","59","2","0","129","1","1","0","0","0","0","0","0","128","2","0","3","0",
"Población_de_20_a_22_años",	08062,"Saucillo","2020","1,454","716","738","8","7","1,429","25","25","0","0","0","0","0","2","1,430","15","8","29","0",
"Población_de_20_a_22_años",	08063,"Temósachic","2020","171","84","87","5","0","169","2","2","0","0","0","0","0","0","170","0","1","1","0",
"Población_de_20_a_22_años",	08064,"El_Tule","2020","59","27","32","0","0","57","2","2","0","0","0","0","0","0","58","1","0","1","0",
"Población_de_20_a_22_años",	08065,"Urique","2020","762","344","418","418","7","762","0","0","0","0","0","0","0","0","754","8","0","11","0",
"Población_de_20_a_22_años",	08066,"Uruachi","2020","271","135","136","65","10","271","0","0","0","0","0","0","0","0","268","3","0","5","0",
"Población_de_20_a_22_años",	08067,"Valle_de_Zaragoza","2020","179","98","81","5","0","172","7","7","0","0","0","0","0","0","175","2","2","0","0",
"Población_de_20_a_22_años",	09,"Ciudad_de_México","2020","430,303","217,141","213,162","5,500","9,171","426,644","3,103","943","47","491","1,615","7","556","398","399,143","28,393","1,632","8,871","14",
"Población_de_20_a_22_años",	09002,"Azcapotzalco","2020","19,051","9,638","9,413","137","394","18,937","108","32","1","19","56","0","6","10","17,365","1,633","50","353","0",
"Población_de_20_a_22_años",	09003,"Coyoacán","2020","28,434","14,317","14,117","433","535","28,054","345","81","5","26","232","1","35","47","25,661","2,515","228","531","0",
"Población_de_20_a_22_años",	09004,"Cuajimalpa_de_Morelos","2020","10,973","5,352","5,621","144","159","10,808","132","48","3","24","57","0","33","11","10,089","795","47","196","0",
"Población_de_20_a_22_años",	09005,"Gustavo_A._Madero","2020","55,253","28,351","26,902","648","1,121","54,949","234","108","3","20","101","2","70","29","50,877","4,000","103","1,154","7",
"Población_de_20_a_22_años",	09006,"Iztacalco","2020","18,476","9,321","9,155","233","332","18,362","91","40","0","20","31","0","23","13","17,183","1,228","40","406","0",
"Población_de_20_a_22_años",	09007,"Iztapalapa","2020","91,613","46,235","45,378","1,174","1,796","91,283","241","144","2","20","74","1","89","37","87,421","3,765","100","2,168","0",
"Población_de_20_a_22_años",	09008,"La_Magdalena_Contreras","2020","12,298","6,185","6,113","130","281","12,220","54","25","2","2","24","1","24","7","11,864","393","17","277","0",
"Población_de_20_a_22_años",	09009,"Milpa_Alta","2020","8,133","4,111","4,022","100","128","8,126","4","3","0","0","1","0","3","1","7,928","201","1","175","0",
"Población_de_20_a_22_años",	09010,"Álvaro_Obregón","2020","36,219","18,069","18,150","444","825","35,805","323","112","9","69","131","2","91","51","33,926","2,039","173","721","4",
"Población_de_20_a_22_años",	09011,"Tláhuac","2020","20,330","10,372","9,958","138","400","20,268","52","27","1","5","19","0","10","8","19,571","733","23","482","0",
"Población_de_20_a_22_años",	09012,"Tlalpan","2020","35,022","17,805","17,217","436","657","34,748","239","99","10","28","102","0","35","32","32,163","2,720","105","660","0",
"Población_de_20_a_22_años",	09013,"Xochimilco","2020","22,242","11,289","10,953","478","490","22,170","47","18","1","10","18","0","25","12","21,343","764","22","523","0",
"Población_de_20_a_22_años",	09014,"Benito_Juárez","2020","14,423","7,056","7,367","151","444","14,014","398","48","2","122","226","0","11","44","12,211","1,932","264","204","0",
"Población_de_20_a_22_años",	09015,"Cuauhtémoc","2020","22,344","11,155","11,189","449","632","21,865","424","69","5","80","270","0","55","29","19,742","2,262","228","409","2",
"Población_de_20_a_22_años",	09016,"Miguel_Hidalgo","2020","15,864","7,922","7,942","131","507","15,497","337","70","2","41","224","0","30","53","13,377","2,260","194","219","0",
"Población_de_20_a_22_años",	09017,"Venustiano_Carranza","2020","19,628","9,963","9,665","274","470","19,538","74","19","1","5","49","0","16","14","18,422","1,153","37","393","1",
"Población_de_20_a_22_años",	10,"Durango","2020","94,518","47,550","46,968","2,775","1,021","93,601","847","789","0","4","51","3","70","139","91,500","2,396","260","2,122","0",
"Población_de_20_a_22_años",	10001,"Canatlán","2020","1,641","948","693","3","8","1,622","19","18","0","0","1","0","0","0","1,575","41","1","54","0",
"Población_de_20_a_22_años",	10002,"Canelas","2020","170","76","94","0","0","169","1","1","0","0","0","0","0","1","168","1","1","3","0",
"Población_de_20_a_22_años",	10003,"Coneto_de_Comonfort","2020","180","81","99","0","0","177","3","3","0","0","0","0","0","1","177","1","2","4","0",
"Población_de_20_a_22_años",	10004,"Cuencamé","2020","1,655","863","792","2","5","1,645","10","10","0","0","0","0","0","3","1,592","59","4","58","0",
"Población_de_20_a_22_años",	10005,"Durango","2020","37,094","18,648","18,446","343","424","36,690","374","351","0","4","18","1","30","67","35,802","901","125","865","0",
"Población_de_20_a_22_años",	10006,"General_Simón_Bolívar","2020","367","179","188","0","0","364","3","3","0","0","0","0","0","0","356","11","0","10","0",
"Población_de_20_a_22_años",	10007,"Gómez_Palacio","2020","20,028","10,138","9,890","16","221","19,935","81","72","0","0","9","0","12","18","19,425","553","31","430","0",
"Población_de_20_a_22_años",	10008,"Guadalupe_Victoria","2020","1,758","897","861","2","16","1,733","24","24","0","0","0","0","1","9","1,700","33","13","39","0",
"Población_de_20_a_22_años",	10009,"Guanaceví","2020","408","211","197","2","2","401","6","6","0","0","0","0","1","0","391","17","0","4","0",
"Población_de_20_a_22_años",	10010,"Hidalgo","2020","128","61","67","0","3","119","9","9","0","0","0","0","0","0","125","2","1","2","0",
"Población_de_20_a_22_años",	10011,"Indé","2020","172","92","80","8","0","168","4","4","0","0","0","0","0","1","160","10","2","5","0",
"Población_de_20_a_22_años",	10012,"Lerdo","2020","8,952","4,427","4,525","5","139","8,900","44","38","0","0","6","0","8","7","8,702","231","12","132","0",
"Población_de_20_a_22_años",	10013,"Mapimí","2020","1,299","634","665","1","24","1,286","13","12","0","0","1","0","0","1","1,245","50","4","21","0",
"Población_de_20_a_22_años",	10014,"Mezquital","2020","2,417","1,158","1,259","2,116","42","2,401","5","3","0","0","0","2","11","0","2,386","14","2","27","0",
"Población_de_20_a_22_años",	10015,"Nazas","2020","530","272","258","0","14","519","11","10","0","0","1","0","0","2","508","17","5","9","0",
"Población_de_20_a_22_años",	10016,"Nombre_de_Dios","2020","873","446","427","0","6","861","12","12","0","0","0","0","0","2","853","15","5","24","0",
"Población_de_20_a_22_años",	10017,"Ocampo","2020","285","158","127","7","0","281","4","4","0","0","0","0","0","2","271","12","2","6","0",
"Población_de_20_a_22_años",	10018,"El_Oro","2020","407","199","208","4","3","392","15","15","0","0","0","0","0","1","392","12","3","11","0",
"Población_de_20_a_22_años",	10019,"Otáez","2020","245","118","127","0","1","244","1","1","0","0","0","0","0","0","243","2","0","6","0",
"Población_de_20_a_22_años",	10020,"Pánuco_de_Coronado","2020","571","276","295","0","0","558","13","13","0","0","0","0","0","2","559","10","2","22","0",
"Población_de_20_a_22_años",	10021,"Peñón_Blanco","2020","495","251","244","1","6","487","8","8","0","0","0","0","0","1","478","16","1","11","0",
"Población_de_20_a_22_años",	10022,"Poanas","2020","1,150","577","573","3","9","1,127","23","23","0","0","0","0","0","1","1,117","29","4","22","0",
"Población_de_20_a_22_años",	10023,"Pueblo_Nuevo","2020","2,787","1,374","1,413","197","16","2,785","2","2","0","0","0","0","0","0","2,714","65","0","80","0",
"Población_de_20_a_22_años",	10024,"Rodeo","2020","515","257","258","0","3","504","11","11","0","0","0","0","0","0","497","17","1","14","0",
"Población_de_20_a_22_años",	10025,"San_Bernardo","2020","103","61","42","4","2","101","2","2","0","0","0","0","0","0","97","6","0","3","0",
"Población_de_20_a_22_años",	10026,"San_Dimas","2020","825","414","411","1","7","825","0","0","0","0","0","0","0","0","813","12","0","18","0",
"Población_de_20_a_22_años",	10027,"San_Juan_de_Guadalupe","2020","221","104","117","0","16","218","3","3","0","0","0","0","0","0","214","5","2","3","0",
"Población_de_20_a_22_años",	10028,"San_Juan_del_Río","2020","562","257","305","0","1","557","5","5","0","0","0","0","0","1","551","7","3","7","0",
"Población_de_20_a_22_años",	10029,"San_Luis_del_Cordero","2020","101","50","51","0","0","100","1","1","0","0","0","0","0","0","100","1","0","2","0",
"Población_de_20_a_22_años",	10030,"San_Pedro_del_Gallo","2020","55","25","30","0","0","53","2","2","0","0","0","0","0","0","54","1","0","3","0",
"Población_de_20_a_22_años",	10031,"Santa_Clara","2020","254","134","120","0","5","251","3","3","0","0","0","0","0","2","242","10","2","9","0",
"Población_de_20_a_22_años",	10032,"Santiago_Papasquiaro","2020","2,492","1,287","1,205","11","16","2,449","43","43","0","0","0","0","0","11","2,404","67","15","63","0",
"Población_de_20_a_22_años",	10033,"Súchil","2020","291","140","151","30","5","290","1","1","0","0","0","0","0","0","287","4","0","11","0",
"Población_de_20_a_22_años",	10034,"Tamazula","2020","1,322","692","630","2","5","1,315","4","4","0","0","0","0","3","1","1,252","68","2","30","0",
"Población_de_20_a_22_años",	10035,"Tepehuanes","2020","502","269","233","2","14","492","10","10","0","0","0","0","0","1","489","12","1","25","0",
"Población_de_20_a_22_años",	10036,"Tlahualilo","2020","906","417","489","0","2","902","4","4","0","0","0","0","0","1","877","27","2","10","0",
"Población_de_20_a_22_años",	10037,"Topia","2020","443","213","230","6","1","432","10","10","0","0","0","0","1","0","428","13","1","12","0",
"Población_de_20_a_22_años",	10038,"Vicente_Guerrero","2020","1,099","539","560","9","4","1,083","16","16","0","0","0","0","0","1","1,064","30","5","37","0",
"Población_de_20_a_22_años",	10039,"Nuevo_Ideal","2020","1,215","607","608","0","1","1,165","47","32","0","0","15","0","3","2","1,192","14","6","30","0",
"Población_de_20_a_22_años",	11,"Guanajuato","2020","332,123","164,584","167,539","928","6,485","329,836","1,903","1,559","13","28","286","17","384","459","322,232","8,283","809","6,229","8",
"Población_de_20_a_22_años",	11001,"Abasolo","2020","5,043","2,488","2,555","5","32","5,007","36","36","0","0","0","0","0","9","4,974","58","11","83","0",
"Población_de_20_a_22_años",	11002,"Acámbaro","2020","5,085","2,510","2,575","4","46","5,026","56","53","0","0","3","0","3","13","4,956","92","27","97","0",
"Población_de_20_a_22_años",	11003,"San_Miguel_de_Allende","2020","9,425","4,483","4,942","28","192","9,382","40","30","1","0","8","1","3","15","9,249","122","24","114","0",
"Población_de_20_a_22_años",	11004,"Apaseo_el_Alto","2020","3,320","1,629","1,691","2","51","3,285","29","28","0","0","1","0","6","11","3,254","50","16","82","0",
"Población_de_20_a_22_años",	11005,"Apaseo_el_Grande","2020","5,944","2,964","2,980","32","84","5,887","45","31","0","0","14","0","12","11","4,950","959","25","120","0",
"Población_de_20_a_22_años",	11006,"Atarjea","2020","206","94","112","0","1","204","2","2","0","0","0","0","0","0","200","6","0","6","0",
"Población_de_20_a_22_años",	11007,"Celaya","2020","27,815","14,039","13,776","46","715","27,644","147","116","1","6","23","1","24","27","27,136","543","51","474","6",
"Población_de_20_a_22_años",	11008,"Manuel_Doblado","2020","2,028","974","1,054","3","13","2,004","22","21","0","0","1","0","2","14","1,978","33","16","47","0",
"Población_de_20_a_22_años",	11009,"Comonfort","2020","4,578","2,194","2,384","6","35","4,556","21","21","0","0","0","0","1","8","4,529","33","15","77","0",
"Población_de_20_a_22_años",	11010,"Coroneo","2020","478","225","253","1","5","473","3","3","0","0","0","0","2","0","455","23","0","12","0",
"Población_de_20_a_22_años",	11011,"Cortazar","2020","5,153","2,508","2,645","14","68","5,122","28","27","0","0","1","0","3","6","5,084","56","11","65","0",
"Población_de_20_a_22_años",	11012,"Cuerámaro","2020","1,604","767","837","0","12","1,579","25","25","0","0","0","0","0","5","1,572","27","5","35","0",
"Población_de_20_a_22_años",	11013,"Doctor_Mora","2020","1,622","796","826","3","12","1,615","7","7","0","0","0","0","0","3","1,580","38","4","30","0",
"Población_de_20_a_22_años",	11014,"Dolores_Hidalgo_Cuna_de_la_Independencia_Nacional","2020","8,968","4,191","4,777","110","177","8,931","35","32","0","0","3","0","2","37","8,701","227","40","219","0",
"Población_de_20_a_22_años",	11015,"Guanajuato","2020","10,977","5,449","5,528","18","389","10,916","49","21","0","3","25","0","12","5","10,699","199","26","191","0",
"Población_de_20_a_22_años",	11016,"Huanímaro","2020","1,140","520","620","0","2","1,133","7","7","0","0","0","0","0","4","1,121","15","4","22","0",
"Población_de_20_a_22_años",	11017,"Irapuato","2020","33,060","16,902","16,158","30","505","32,919","129","90","5","1","33","0","12","20","31,542","1,432","43","485","2",
"Población_de_20_a_22_años",	11018,"Jaral_del_Progreso","2020","1,987","987","1,000","3","19","1,969","18","18","0","0","0","0","0","0","1,959","26","2","36","0",
"Población_de_20_a_22_años",	11019,"Jerécuaro","2020","2,467","1,167","1,300","1","14","2,444","22","20","0","0","2","0","1","9","2,395","56","16","69","0",
"Población_de_20_a_22_años",	11020,"León","2020","95,042","47,864","47,178","214","2,826","94,399","483","314","2","14","140","13","160","94","92,088","2,474","202","1,944","0",
"Población_de_20_a_22_años",	11021,"Moroleón","2020","2,099","1,046","1,053","0","13","2,086","13","11","0","0","2","0","0","2","2,080","16","3","21","0",
"Población_de_20_a_22_años",	11022,"Ocampo","2020","1,410","642","768","0","17","1,394","16","14","1","0","1","0","0","3","1,327","19","5","39","0",
"Población_de_20_a_22_años",	11023,"Pénjamo","2020","7,981","3,921","4,060","9","120","7,926","52","52","0","0","0","0","3","16","7,800","140","22","203","0",
"Población_de_20_a_22_años",	11024,"Pueblo_Nuevo","2020","608","297","311","1","3","600","8","8","0","0","0","0","0","2","603","3","2","9","0",
"Población_de_20_a_22_años",	11025,"Purísima_del_Rincón","2020","4,872","2,435","2,437","12","97","4,836","27","27","0","0","0","0","9","4","4,736","117","8","106","0",
"Población_de_20_a_22_años",	11026,"Romita","2020","3,569","1,738","1,831","5","27","3,534","34","32","0","0","2","0","1","7","3,508","48","12","58","0",
"Población_de_20_a_22_años",	11027,"Salamanca","2020","13,701","6,848","6,853","16","179","13,641","53","40","0","2","11","0","7","9","13,491","159","21","219","0",
"Población_de_20_a_22_años",	11028,"Salvatierra","2020","4,498","2,215","2,283","1","51","4,432","64","64","0","0","0","0","2","23","4,426","40","31","86","0",
"Población_de_20_a_22_años",	11029,"San_Diego_de_la_Unión","2020","2,371","1,132","1,239","1","20","2,359","11","10","0","0","0","1","1","12","2,327","31","12","38","0",
"Población_de_20_a_22_años",	11030,"San_Felipe","2020","6,691","3,116","3,575","10","33","6,650","38","37","1","0","0","0","3","11","6,555","102","21","138","0",
"Población_de_20_a_22_años",	11031,"San_Francisco_del_Rincón","2020","7,412","3,638","3,774","27","105","7,349","51","49","0","2","0","0","12","5","7,242","149","12","179","0",
"Población_de_20_a_22_años",	11032,"San_José_Iturbide","2020","4,875","2,313","2,562","14","42","4,835","39","37","1","0","1","0","1","11","4,536","322","17","73","0",
"Población_de_20_a_22_años",	11033,"San_Luis_de_la_Paz","2020","7,277","3,424","3,853","162","61","7,236","33","32","0","0","1","0","8","10","7,167","94","13","132","0",
"Población_de_20_a_22_años",	11034,"Santa_Catarina","2020","284","130","154","0","0","279","5","5","0","0","0","0","0","0","274","10","0","10","0",
"Población_de_20_a_22_años",	11035,"Santa_Cruz_de_Juventino_Rosas","2020","4,318","2,107","2,211","4","36","4,305","12","12","0","0","0","0","1","5","4,292","18","7","71","0",
"Población_de_20_a_22_años",	11036,"Santiago_Maravatío","2020","297","123","174","1","1","291","6","6","0","0","0","0","0","1","294","1","2","7","0",
"Población_de_20_a_22_años",	11037,"Silao_de_la_Victoria","2020","11,037","5,517","5,520","20","207","10,900","53","49","1","0","2","1","84","5","10,719","223","13","230","0",
"Población_de_20_a_22_años",	11038,"Tarandacuao","2020","526","253","273","0","6","522","4","4","0","0","0","0","0","2","510","14","2","14","0",
"Población_de_20_a_22_años",	11039,"Tarimoro","2020","1,760","860","900","2","8","1,735","25","24","0","0","1","0","0","1","1,737","17","6","17","0",
"Población_de_20_a_22_años",	11040,"Tierra_Blanca","2020","1,219","580","639","110","5","1,213","4","4","0","0","0","0","2","1","1,189","28","1","21","0",
"Población_de_20_a_22_años",	11041,"Uriangato","2020","3,175","1,602","1,573","2","20","3,154","21","21","0","0","0","0","0","3","3,109","62","4","52","0",
"Población_de_20_a_22_años",	11042,"Valle_de_Santiago","2020","7,799","3,852","3,947","2","100","7,728","68","63","0","0","5","0","3","13","7,666","57","22","109","0",
"Población_de_20_a_22_años",	11043,"Victoria","2020","1,062","474","588","2","4","1,057","4","4","0","0","0","0","1","3","1,049","10","3","26","0",
"Población_de_20_a_22_años",	11044,"Villagrán","2020","3,530","1,767","1,763","7","110","3,505","23","18","0","0","5","0","2","3","3,452","70","7","82","0",
"Población_de_20_a_22_años",	11045,"Xichú","2020","513","207","306","0","0","512","0","0","0","0","0","0","1","0","495","18","0","7","0",
"Población_de_20_a_22_años",	11046,"Yuriria","2020","3,297","1,596","1,701","0","22","3,262","35","34","0","0","1","0","0","16","3,226","46","25","74","0",
"Población_de_20_a_22_años",	12,"Guerrero","2020","170,976","81,450","89,526","27,854","14,951","170,216","686","654","5","0","27","0","74","154","167,062","3,617","228","3,978","0",
"Población_de_20_a_22_años",	12001,"Acapulco_de_Juárez","2020","37,661","18,292","19,369","573","3,572","37,524","111","94","3","0","14","0","26","30","36,931","661","48","811","0",
"Población_de_20_a_22_años",	12002,"Ahuacuotzingo","2020","1,261","529","732","263","37","1,253","8","8","0","0","0","0","0","4","1,216","40","4","31","0",
"Población_de_20_a_22_años",	12003,"Ajuchitlán_del_Progreso","2020","1,771","844","927","18","7","1,760","11","11","0","0","0","0","0","4","1,727","39","5","44","0",
"Población_de_20_a_22_años",	12004,"Alcozauca_de_Guerrero","2020","1,058","451","607","958","33","1,047","11","11","0","0","0","0","0","2","1,024","32","2","29","0",
"Población_de_20_a_22_años",	12005,"Alpoyeca","2020","393","191","202","72","8","383","10","10","0","0","0","0","0","0","378","15","0","13","0",
"Población_de_20_a_22_años",	12006,"Apaxtla","2020","468","214","254","1","4","464","4","4","0","0","0","0","0","1","455","12","1","11","0",
"Población_de_20_a_22_años",	12007,"Arcelia","2020","1,510","716","794","5","18","1,492","17","16","0","0","1","0","1","1","1,459","46","4","33","0",
"Población_de_20_a_22_años",	12008,"Atenango_del_Río","2020","411","188","223","14","10","405","6","6","0","0","0","0","0","2","386","22","3","10","0",
"Población_de_20_a_22_años",	12009,"Atlamajalcingo_del_Monte","2020","302","117","185","290","5","301","1","1","0","0","0","0","0","1","293","8","1","8","0",
"Población_de_20_a_22_años",	12010,"Atlixtac","2020","1,343","587","756","852","61","1,343","0","0","0","0","0","0","0","2","1,301","38","2","18","0",
"Población_de_20_a_22_años",	12011,"Atoyac_de_Álvarez","2020","2,633","1,255","1,378","38","217","2,625","8","7","1","0","0","0","0","3","2,593","35","5","65","0",
"Población_de_20_a_22_años",	12012,"Ayutla_de_los_Libres","2020","3,561","1,714","1,847","1,291","340","3,557","2","2","0","0","0","0","2","3","3,504","53","4","82","0",
"Población_de_20_a_22_años",	12013,"Azoyú","2020","639","325","314","27","140","638","1","0","0","0","1","0","0","0","625","13","1","23","0",
"Población_de_20_a_22_años",	12014,"Benito_Juárez","2020","587","292","295","3","18","584","3","3","0","0","0","0","0","0","568","19","0","18","0",
"Población_de_20_a_22_años",	12015,"Buenavista_de_Cuéllar","2020","608","299","309","2","9","600","8","8","0","0","0","0","0","0","578","30","0","10","0",
"Población_de_20_a_22_años",	12016,"Coahuayutla_de_José_María_Izazaga","2020","574","283","291","0","0","574","0","0","0","0","0","0","0","0","567","7","0","9","0",
"Población_de_20_a_22_años",	12017,"Cocula","2020","745","371","374","2","21","733","12","12","0","0","0","0","0","2","726","15","4","19","0",
"Población_de_20_a_22_años",	12018,"Copala","2020","594","295","299","23","337","589","5","5","0","0","0","0","0","2","572","19","3","15","0",
"Población_de_20_a_22_años",	12019,"Copalillo","2020","758","360","398","558","88","755","3","3","0","0","0","0","0","0","735","23","0","16","0",
"Población_de_20_a_22_años",	12020,"Copanatoyac","2020","1,179","544","635","1,045","34","1,178","1","1","0","0","0","0","0","1","1,135","43","1","19","0",
"Población_de_20_a_22_años",	12021,"Coyuca_de_Benítez","2020","3,197","1,523","1,674","22","183","3,176","16","16","0","0","0","0","5","2","3,159","31","3","61","0",
"Población_de_20_a_22_años",	12022,"Coyuca_de_Catalán","2020","1,665","788","877","6","15","1,652","13","13","0","0","0","0","0","1","1,632","32","1","35","0",
"Población_de_20_a_22_años",	12023,"Cuajinicuilapa","2020","1,099","561","538","95","883","1,087","12","12","0","0","0","0","0","2","1,059","37","3","26","0",
"Población_de_20_a_22_años",	12024,"Cualác","2020","335","174","161","136","2","333","2","2","0","0","0","0","0","0","326","9","0","7","0",
"Población_de_20_a_22_años",	12025,"Cuautepec","2020","690","336","354","4","283","690","0","0","0","0","0","0","0","0","685","5","0","18","0",
"Población_de_20_a_22_años",	12026,"Cuetzala_del_Progreso","2020","331","175","156","1","7","324","7","7","0","0","0","0","0","0","318","13","0","7","0",
"Población_de_20_a_22_años",	12027,"Cutzamala_de_Pinzón","2020","896","424","472","2","1","886","10","10","0","0","0","0","0","8","857","29","10","17","0",
"Población_de_20_a_22_años",	12028,"Chilapa_de_Álvarez","2020","5,751","2,596","3,155","1,756","269","5,749","2","2","0","0","0","0","0","2","5,584","164","2","125","0",
"Población_de_20_a_22_años",	12029,"Chilpancingo_de_los_Bravo","2020","15,512","7,272","8,240","721","1,496","15,455","43","41","0","0","2","0","14","7","15,213","274","11","392","0",
"Población_de_20_a_22_años",	12030,"Florencio_Villarreal","2020","1,016","500","516","15","528","1,005","10","10","0","0","0","0","1","1","986","28","2","17","0",
"Población_de_20_a_22_años",	12031,"General_Canuto_A._Neri","2020","273","128","145","0","3","271","2","2","0","0","0","0","0","0","261","12","0","7","0",
"Población_de_20_a_22_años",	12032,"General_Heliodoro_Castillo","2020","1,851","868","983","5","26","1,850","1","1","0","0","0","0","0","0","1,827","23","1","36","0",
"Población_de_20_a_22_años",	12033,"Huamuxtitlán","2020","794","357","437","123","27","776","18","18","0","0","0","0","0","2","768","24","2","20","0",
"Población_de_20_a_22_años",	12034,"Huitzuco_de_los_Figueroa","2020","1,593","768","825","25","35","1,576","17","17","0","0","0","0","0","3","1,559","30","4","39","0",
"Población_de_20_a_22_años",	12035,"Iguala_de_la_Independencia","2020","7,613","3,703","3,910","186","232","7,554","54","52","0","0","2","0","5","9","7,427","168","13","155","0",
"Población_de_20_a_22_años",	12036,"Igualapa","2020","545","243","302","86","138","544","1","1","0","0","0","0","0","0","539","6","0","15","0",
"Población_de_20_a_22_años",	12037,"Ixcateopan_de_Cuauhtémoc","2020","309","162","147","3","0","304","5","5","0","0","0","0","0","0","301","7","1","6","0",
"Población_de_20_a_22_años",	12038,"Zihuatanejo_de_Azueta","2020","5,741","2,755","2,986","116","373","5,703","35","32","0","0","3","0","3","2","5,551","182","4","164","0",
"Población_de_20_a_22_años",	12039,"Juan_R._Escudero","2020","1,191","578","613","17","331","1,185","3","3","0","0","0","0","3","1","1,168","17","3","34","0",
"Población_de_20_a_22_años",	12040,"Leonardo_Bravo","2020","1,356","659","697","4","14","1,350","6","6","0","0","0","0","0","1","1,345","9","2","44","0",
"Población_de_20_a_22_años",	12041,"Malinaltepec","2020","1,361","592","769","1,230","341","1,360","1","1","0","0","0","0","0","1","1,332","27","2","48","0",
"Población_de_20_a_22_años",	12042,"Mártir_de_Cuilapan","2020","838","385","453","359","25","837","1","1","0","0","0","0","0","0","825","13","0","14","0",
"Población_de_20_a_22_años",	12043,"Metlatónoc","2020","856","368","488","833","4","854","2","1","1","0","0","0","0","3","814","39","3","13","0",
"Población_de_20_a_22_años",	12044,"Mochitlán","2020","556","278","278","3","36","555","1","1","0","0","0","0","0","0","548","8","0","9","0",
"Población_de_20_a_22_años",	12045,"Olinalá","2020","1,360","605","755","508","320","1,355","5","5","0","0","0","0","0","1","1,332","27","1","43","0",
"Población_de_20_a_22_años",	12046,"Ometepec","2020","3,724","1,787","1,937","1,270","806","3,719","4","4","0","0","0","0","1","0","3,668","51","1","73","0",
"Población_de_20_a_22_años",	12047,"Pedro_Ascencio_Alquisiras","2020","337","163","174","0","1","336","1","1","0","0","0","0","0","3","331","2","4","11","0",
"Población_de_20_a_22_años",	12048,"Petatlán","2020","2,324","1,171","1,153","12","101","2,312","11","10","0","0","1","0","1","1","2,226","94","3","45","0",
"Población_de_20_a_22_años",	12049,"Pilcaya","2020","601","298","303","0","4","596","4","4","0","0","0","0","1","0","564","37","0","15","0",
"Población_de_20_a_22_años",	12050,"Pungarabato","2020","1,936","908","1,028","4","39","1,922","12","11","0","0","1","0","2","1","1,869","64","3","33","0",
"Población_de_20_a_22_años",	12051,"Quechultenango","2020","1,768","802","966","228","378","1,765","2","2","0","0","0","0","1","3","1,733","30","3","31","0",
"Población_de_20_a_22_años",	12052,"San_Luis_Acatlán","2020","2,293","1,085","1,208","1,235","240","2,293","0","0","0","0","0","0","0","0","2,265","28","0","54","0",
"Población_de_20_a_22_años",	12053,"San_Marcos","2020","2,314","1,168","1,146","26","486","2,304","10","10","0","0","0","0","0","0","2,281","33","0","52","0",
"Población_de_20_a_22_años",	12054,"San_Miguel_Totolapan","2020","1,126","576","550","5","2","1,125","0","0","0","0","0","0","1","1","1,083","42","1","28","0",
"Población_de_20_a_22_años",	12055,"Taxco_de_Alarcón","2020","5,393","2,592","2,801","79","78","5,374","18","18","0","0","0","0","1","2","5,288","101","3","142","0",
"Población_de_20_a_22_años",	12056,"Tecoanapa","2020","2,067","967","1,100","46","429","2,064","1","1","0","0","0","0","2","1","2,047","19","1","39","0",
"Población_de_20_a_22_años",	12057,"Técpan_de_Galeana","2020","2,814","1,427","1,387","24","109","2,801","13","13","0","0","0","0","0","3","2,731","77","6","59","0",
"Población_de_20_a_22_años",	12058,"Teloloapan","2020","2,492","1,183","1,309","14","35","2,473","19","19","0","0","0","0","0","2","2,446","40","5","55","0",
"Población_de_20_a_22_años",	12059,"Tepecoacuilco_de_Trujano","2020","1,406","684","722","224","34","1,398","8","8","0","0","0","0","0","1","1,371","32","1","44","0",
"Población_de_20_a_22_años",	12060,"Tetipac","2020","627","267","360","0","13","622","4","4","0","0","0","0","1","1","608","17","2","18","0",
"Población_de_20_a_22_años",	12061,"Tixtla_de_Guerrero","2020","2,103","1,069","1,034","436","142","2,101","2","2","0","0","0","0","0","0","2,049","54","0","42","0",
"Población_de_20_a_22_años",	12062,"Tlacoachistlahuaca","2020","1,045","447","598","805","116","1,044","0","0","0","0","0","0","1","14","1,008","23","14","20","0",
"Población_de_20_a_22_años",	12063,"Tlacoapa","2020","473","239","234","381","9","473","0","0","0","0","0","0","0","0","467","6","0","26","0",
"Población_de_20_a_22_años",	12064,"Tlalchapa","2020","443","199","244","0","3","440","3","3","0","0","0","0","0","0","434","9","0","7","0",
"Población_de_20_a_22_años",	12065,"Tlalixtaquilla_de_Maldonado","2020","391","196","195","108","4","387","4","4","0","0","0","0","0","0","372","19","0","16","0",
"Población_de_20_a_22_años",	12066,"Tlapa_de_Comonfort","2020","5,297","2,406","2,891","2,894","314","5,267","29","27","0","0","2","0","1","4","5,144","148","5","145","0",
"Población_de_20_a_22_años",	12067,"Tlapehuala","2020","991","486","505","1","41","982","9","9","0","0","0","0","0","2","978","8","4","23","0",
"Población_de_20_a_22_años",	12068,"La_Unión_de_Isidoro_Montes_de_Oca","2020","1,121","555","566","2","32","1,116","5","5","0","0","0","0","0","2","1,078","40","3","30","0",
"Población_de_20_a_22_años",	12069,"Xalpatláhuac","2020","581","216","365","504","5","578","3","3","0","0","0","0","0","1","573","7","1","13","0",
"Población_de_20_a_22_años",	12070,"Xochihuehuetlán","2020","382","169","213","10","3","370","12","12","0","0","0","0","0","0","366","15","1","5","0",
"Población_de_20_a_22_años",	12071,"Xochistlahuaca","2020","1,374","616","758","1,224","203","1,374","0","0","0","0","0","0","0","2","1,327","45","2","41","0",
"Población_de_20_a_22_años",	12072,"Zapotitlán_Tablas","2020","675","318","357","576","25","674","0","0","0","0","0","0","1","0","654","20","0","35","0",
"Población_de_20_a_22_años",	12073,"Zirándaro","2020","727","368","359","35","5","720","7","7","0","0","0","0","0","1","698","26","3","16","0",
"Población_de_20_a_22_años",	12074,"Zitlala","2020","917","406","511","457","13","916","1","1","0","0","0","0","0","0","897","20","0","22","0",
"Población_de_20_a_22_años",	12075,"Eduardo_Neri","2020","2,784","1,378","1,406","424","186","2,777","7","7","0","0","0","0","0","3","2,740","41","3","64","0",
"Población_de_20_a_22_años",	12076,"Acatepec","2020","2,240","1,115","1,125","2,172","21","2,240","0","0","0","0","0","0","0","0","2,231","9","0","67","0",
"Población_de_20_a_22_años",	12077,"Marquelia","2020","636","279","357","33","305","631","5","5","0","0","0","0","0","0","616","20","0","13","0",
"Población_de_20_a_22_años",	12078,"Cochoapa_el_Grande","2020","934","400","534","912","9","934","0","0","0","0","0","0","0","1","927","6","1","16","0",
"Población_de_20_a_22_años",	12079,"José_Joaquín_de_Herrera","2020","939","433","506","865","4","939","0","0","0","0","0","0","0","1","928","10","1","16","0",
"Población_de_20_a_22_años",	12080,"Juchitán","2020","302","136","166","19","167","299","3","3","0","0","0","0","0","0","292","9","1","9","0",
"Población_de_20_a_22_años",	12081,"Iliatenco","2020","614","276","338","538","58","614","0","0","0","0","0","0","0","0","583","31","0","17","0",
"Población_de_20_a_22_años",	13,"Hidalgo","2020","145,456","71,518","73,938","13,201","2,496","144,285","1,060","865","10","33","152","0","111","145","135,515","9,327","332","3,401","3",
"Población_de_20_a_22_años",	13001,"Acatlán","2020","1,039","496","543","2","5","1,017","22","21","0","0","1","0","0","2","1,009","26","4","19","0",
"Población_de_20_a_22_años",	13002,"Acaxochitlán","2020","2,285","1,105","1,180","676","51","2,285","0","0","0","0","0","0","0","1","2,212","72","1","38","0",
"Población_de_20_a_22_años",	13003,"Actopan","2020","2,959","1,465","1,494","28","40","2,921","33","32","0","1","0","0","5","2","2,859","87","3","65","0",
"Población_de_20_a_22_años",	13004,"Agua_Blanca_de_Iturbide","2020","507","259","248","1","10","507","0","0","0","0","0","0","0","0","485","22","0","10","0",
"Población_de_20_a_22_años",	13005,"Ajacuba","2020","872","419","453","2","10","864","7","6","0","0","1","0","1","0","848","23","1","15","0",
"Población_de_20_a_22_años",	13006,"Alfajayucan","2020","730","337","393","88","6","720","10","10","0","0","0","0","0","1","705","24","1","23","0",
"Población_de_20_a_22_años",	13007,"Almoloya","2020","622","307","315","2","8","621","1","1","0","0","0","0","0","1","587","34","1","17","0",
"Población_de_20_a_22_años",	13008,"Apan","2020","2,316","1,133","1,183","3","20","2,307","9","7","0","0","2","0","0","3","2,205","96","6","72","0",
"Población_de_20_a_22_años",	13009,"El_Arenal","2020","1,019","494","525","5","6","1,003","16","16","0","0","0","0","0","0","990","28","1","18","0",
"Población_de_20_a_22_años",	13010,"Atitalaquia","2020","1,501","744","757","4","25","1,493","6","3","0","0","3","0","2","0","1,432","65","2","44","0",
"Población_de_20_a_22_años",	13011,"Atlapexco","2020","747","362","385","467","32","747","0","0","0","0","0","0","0","0","723","23","0","17","0",
"Población_de_20_a_22_años",	13012,"Atotonilco_el_Grande","2020","1,402","674","728","6","10","1,377","25","25","0","0","0","0","0","6","1,362","33","7","27","0",
"Población_de_20_a_22_años",	13013,"Atotonilco_de_Tula","2020","2,770","1,377","1,393","21","76","2,751","15","5","2","1","7","0","4","1","2,004","753","9","65","0",
"Población_de_20_a_22_años",	13014,"Calnali","2020","546","250","296","109","2","546","0","0","0","0","0","0","0","0","524","22","0","16","0",
"Población_de_20_a_22_años",	13015,"Cardonal","2020","913","438","475","486","17","886","27","27","0","0","0","0","0","2","885","26","2","24","0",
"Población_de_20_a_22_años",	13016,"Cuautepec_de_Hinojosa","2020","3,054","1,497","1,557","6","7","3,039","14","12","0","0","2","0","1","2","2,974","74","5","65","0",
"Población_de_20_a_22_años",	13017,"Chapantongo","2020","507","251","256","2","2","505","1","1","0","0","0","0","1","0","477","29","0","9","0",
"Población_de_20_a_22_años",	13018,"Chapulhuacán","2020","1,064","503","561","51","5","1,056","8","8","0","0","0","0","0","0","1,017","39","1","27","0",
"Población_de_20_a_22_años",	13019,"Chilcuautla","2020","871","405","466","264","44","842","29","29","0","0","0","0","0","5","839","26","6","21","0",
"Población_de_20_a_22_años",	13020,"Eloxochitlán","2020","80","31","49","0","0","80","0","0","0","0","0","0","0","0","79","1","0","1","0",
"Población_de_20_a_22_años",	13021,"Emiliano_Zapata","2020","699","354","345","3","17","696","2","2","0","0","0","0","1","0","652","46","0","17","0",
"Población_de_20_a_22_años",	13022,"Epazoyucan","2020","783","381","402","3","26","770","11","11","0","0","0","0","2","0","741","40","1","17","0",
"Población_de_20_a_22_años",	13023,"Francisco_I._Madero","2020","1,848","910","938","9","17","1,830","17","15","0","0","2","0","1","2","1,788","53","6","24","0",
"Población_de_20_a_22_años",	13024,"Huasca_de_Ocampo","2020","737","355","382","2","2","725","12","11","0","0","1","0","0","2","721","12","4","16","0",
"Población_de_20_a_22_años",	13025,"Huautla","2020","582","276","306","350","3","580","2","2","0","0","0","0","0","0","564","18","0","20","0",
"Población_de_20_a_22_años",	13026,"Huazalingo","2020","553","273","280","442","56","553","0","0","0","0","0","0","0","0","536","17","0","20","0",
"Población_de_20_a_22_años",	13027,"Huehuetla","2020","965","468","497","367","71","964","0","0","0","0","0","0","1","0","932","33","0","32","0",
"Población_de_20_a_22_años",	13028,"Huejutla_de_Reyes","2020","5,227","2,546","2,681","2,500","104","5,222","2","1","0","0","1","0","3","0","4,978","246","0","134","0",
"Población_de_20_a_22_años",	13029,"Huichapan","2020","2,179","1,073","1,106","4","11","2,145","34","34","0","0","0","0","0","1","2,082","92","2","66","0",
"Población_de_20_a_22_años",	13030,"Ixmiquilpan","2020","4,724","2,270","2,454","1,161","62","4,580","142","138","0","0","4","0","2","12","4,573","117","26","107","0",
"Población_de_20_a_22_años",	13031,"Jacala_de_Ledezma","2020","511","243","268","2","3","502","9","9","0","0","0","0","0","1","497","10","2","14","0",
"Población_de_20_a_22_años",	13032,"Jaltocán","2020","399","183","216","299","4","399","0","0","0","0","0","0","0","0","383","12","0","18","0",
"Población_de_20_a_22_años",	13033,"Juárez_Hidalgo","2020","85","44","41","0","6","85","0","0","0","0","0","0","0","0","77","8","0","2","0",
"Población_de_20_a_22_años",	13034,"Lolotla","2020","343","166","177","87","2","342","0","0","0","0","0","0","1","0","332","11","0","17","0",
"Población_de_20_a_22_años",	13035,"Metepec","2020","615","292","323","3","41","614","1","1","0","0","0","0","0","0","593","22","0","16","0",
"Población_de_20_a_22_años",	13036,"San_Agustín_Metzquititlán","2020","377","182","195","1","4","373","3","3","0","0","0","0","1","0","366","11","0","5","0",
"Población_de_20_a_22_años",	13037,"Metztitlán","2020","846","421","425","111","5","838","8","8","0","0","0","0","0","1","827","18","1","9","0",
"Población_de_20_a_22_años",	13038,"Mineral_del_Chico","2020","463","220","243","0","9","458","3","3","0","0","0","0","2","0","453","9","0","7","0",
"Población_de_20_a_22_años",	13039,"Mineral_del_Monte","2020","723","358","365","3","8","712","11","10","0","0","1","0","0","0","704","18","1","12","0",
"Población_de_20_a_22_años",	13040,"La_Misión","2020","423","186","237","2","0","418","5","5","0","0","0","0","0","4","409","10","4","12","0",
"Población_de_20_a_22_años",	13041,"Mixquiahuala_de_Juárez","2020","2,320","1,174","1,146","9","25","2,306","14","13","0","0","1","0","0","2","2,252","60","6","70","0",
"Población_de_20_a_22_años",	13042,"Molango_de_Escamilla","2020","469","243","226","1","0","469","0","0","0","0","0","0","0","1","453","12","1","14","0",
"Población_de_20_a_22_años",	13043,"Nicolás_Flores","2020","247","118","129","96","23","245","2","2","0","0","0","0","0","0","242","5","0","5","0",
"Población_de_20_a_22_años",	13044,"Nopala_de_Villagrán","2020","727","340","387","2","43","721","6","6","0","0","0","0","0","0","670","57","0","24","0",
"Población_de_20_a_22_años",	13045,"Omitlán_de_Juárez","2020","414","208","206","0","0","411","3","3","0","0","0","0","0","1","403","10","1","13","0",
"Población_de_20_a_22_años",	13046,"San_Felipe_Orizatlán","2020","1,260","601","659","677","11","1,258","2","1","0","0","1","0","0","1","1,171","87","2","38","0",
"Población_de_20_a_22_años",	13047,"Pacula","2020","188","90","98","1","1","187","1","1","0","0","0","0","0","1","185","2","1","5","0",
"Población_de_20_a_22_años",	13048,"Pachuca_de_Soto","2020","16,109","8,121","7,988","399","349","15,955","133","66","2","12","53","0","21","13","14,808","1,130","62","358","3",
"Población_de_20_a_22_años",	13049,"Pisaflores","2020","778","333","445","10","3","772","6","6","0","0","0","0","0","3","710","63","5","16","0",
"Población_de_20_a_22_años",	13050,"Progreso_de_Obregón","2020","1,129","561","568","10","25","1,117","11","11","0","0","0","0","1","0","1,099","28","1","31","0",
"Población_de_20_a_22_años",	13051,"Mineral_de_la_Reforma","2020","10,645","5,306","5,339","174","217","10,559","65","33","1","6","25","0","21","13","9,405","1,185","35","274","0",
"Población_de_20_a_22_años",	13052,"San_Agustín_Tlaxiaca","2020","2,111","1,035","1,076","8","32","2,094","10","8","0","2","0","0","7","2","1,943","156","5","54","0",
"Población_de_20_a_22_años",	13053,"San_Bartolo_Tutotepec","2020","793","403","390","145","4","790","3","3","0","0","0","0","0","1","775","17","1","21","0",
"Población_de_20_a_22_años",	13054,"San_Salvador","2020","1,733","900","833","174","9","1,718","14","14","0","0","0","0","1","4","1,674","55","4","34","0",
"Población_de_20_a_22_años",	13055,"Santiago_de_Anaya","2020","840","432","408","205","14","835","4","3","0","0","1","0","1","5","809","25","6","15","0",
"Población_de_20_a_22_años",	13056,"Santiago_Tulantepec_de_Lugo_Guerrero","2020","1,964","930","1,034","20","9","1,952","12","10","0","0","2","0","0","3","1,883","77","4","26","0",
"Población_de_20_a_22_años",	13057,"Singuilucan","2020","701","352","349","2","12","701","0","0","0","0","0","0","0","0","684","17","0","25","0",
"Población_de_20_a_22_años",	13058,"Tasquillo","2020","745","364","381","158","7","725","19","19","0","0","0","0","1","3","714","23","8","16","0",
"Población_de_20_a_22_años",	13059,"Tecozautla","2020","1,636","780","856","43","36","1,608","27","27","0","0","0","0","1","13","1,571","51","14","42","0",
"Población_de_20_a_22_años",	13060,"Tenango_de_Doria","2020","814","374","440","183","22","810","4","3","0","0","1","0","0","0","789","20","2","19","0",
"Población_de_20_a_22_años",	13061,"Tepeapulco","2020","2,788","1,351","1,437","11","32","2,761","25","22","0","1","2","0","2","0","2,678","107","2","63","0",
"Población_de_20_a_22_años",	13062,"Tepehuacán_de_Guerrero","2020","1,361","671","690","440","8","1,359","2","2","0","0","0","0","0","0","1,314","47","0","29","0",
"Población_de_20_a_22_años",	13063,"Tepeji_del_Río_de_Ocampo","2020","4,547","2,165","2,382","84","102","4,536","10","8","0","0","2","0","1","3","4,297","244","5","101","0",
"Población_de_20_a_22_años",	13064,"Tepetitlán","2020","475","237","238","3","0","466","9","9","0","0","0","0","0","0","454","20","1","12","0",
"Población_de_20_a_22_años",	13065,"Tetepango","2020","561","282","279","1","47","557","4","3","0","0","1","0","0","1","550","9","2","8","0",
"Población_de_20_a_22_años",	13066,"Villa_de_Tezontepec","2020","743","367","376","1","4","742","0","0","0","0","0","0","1","0","680","63","0","15","0",
"Población_de_20_a_22_años",	13067,"Tezontepec_de_Aldama","2020","2,782","1,421","1,361","2","10","2,769","12","11","0","0","1","0","1","1","2,722","59","1","50","0",
"Población_de_20_a_22_años",	13068,"Tianguistengo","2020","589","301","288","201","2","587","2","2","0","0","0","0","0","2","579","8","2","12","0",
"Población_de_20_a_22_años",	13069,"Tizayuca","2020","7,886","3,899","3,987","53","173","7,850","23","9","2","2","10","0","13","10","5,969","1,894","18","222","0",
"Población_de_20_a_22_años",	13070,"Tlahuelilpan","2020","932","474","458","2","21","932","0","0","0","0","0","0","0","0","916","16","0","18","0",
"Población_de_20_a_22_años",	13071,"Tlahuiltepa","2020","316","138","178","4","1","315","1","1","0","0","0","0","0","0","310","6","0","10","0",
"Población_de_20_a_22_años",	13072,"Tlanalapa","2020","522","278","244","0","1","520","2","2","0","0","0","0","0","0","499","23","0","10","0",
"Población_de_20_a_22_años",	13073,"Tlanchinol","2020","1,566","742","824","654","15","1,565","1","1","0","0","0","0","0","0","1,506","58","0","46","0",
"Población_de_20_a_22_años",	13074,"Tlaxcoapan","2020","1,470","732","738","3","19","1,470","0","0","0","0","0","0","0","0","1,450","19","0","16","0",
"Población_de_20_a_22_años",	13075,"Tolcayuca","2020","990","498","492","6","8","987","3","3","0","0","0","0","0","1","805","183","2","23","0",
"Población_de_20_a_22_años",	13076,"Tula_de_Allende","2020","5,233","2,608","2,625","19","94","5,192","37","22","0","1","14","0","4","1","4,966","223","15","106","0",
"Población_de_20_a_22_años",	13077,"Tulancingo_de_Bravo","2020","8,330","4,082","4,248","120","148","8,287","41","34","1","0","6","0","2","2","7,938","355","6","184","0",
"Población_de_20_a_22_años",	13078,"Xochiatipan","2020","655","312","343","582","9","655","0","0","0","0","0","0","0","0","635","20","0","13","0",
"Población_de_20_a_22_años",	13079,"Xochicoatlán","2020","267","135","132","1","0","267","0","0","0","0","0","0","0","0","260","7","0","7","0",
"Población_de_20_a_22_años",	13080,"Yahualica","2020","1,042","499","543","809","9","1,042","0","0","0","0","0","0","0","0","991","51","0","28","0",
"Población_de_20_a_22_años",	13081,"Zacualtipán_de_Ángeles","2020","2,146","1,056","1,090","158","46","2,144","2","2","0","0","0","0","0","0","2,022","119","1","46","0",
"Población_de_20_a_22_años",	13082,"Zapotlán_de_Juárez","2020","1,076","541","535","5","7","1,071","5","5","0","0","0","0","0","0","1,012","64","0","19","0",
"Población_de_20_a_22_años",	13083,"Zempoala","2020","2,773","1,375","1,398","17","53","2,749","20","7","1","7","5","0","4","1","2,462","296","11","66","0",
"Población_de_20_a_22_años",	13084,"Zimapán","2020","1,897","941","956","136","18","1,856","40","37","1","0","2","0","1","8","1,836","50","11","39","0",
"Población_de_20_a_22_años",	14,"Jalisco","2020","432,727","216,632","216,095","4,624","8,208","427,695","4,489","3,623","50","155","654","7","543","596","412,461","18,294","1,464","7,401","60",
"Población_de_20_a_22_años",	14001,"Acatic","2020","1,185","590","595","0","65","1,170","15","15","0","0","0","0","0","2","1,170","10","5","16","0",
"Población_de_20_a_22_años",	14002,"Acatlán_de_Juárez","2020","1,213","606","607","1","12","1,194","19","17","0","2","0","0","0","2","1,185","22","4","15","0",
"Población_de_20_a_22_años",	14003,"Ahualulco_de_Mercado","2020","1,216","642","574","40","14","1,203","13","13","0","0","0","0","0","4","1,137","73","6","18","0",
"Población_de_20_a_22_años",	14004,"Amacueca","2020","226","121","105","0","4","225","1","1","0","0","0","0","0","0","226","0","0","4","0",
"Población_de_20_a_22_años",	14005,"Amatitán","2020","860","400","460","22","5","848","12","12","0","0","0","0","0","0","846","11","3","29","0",
"Población_de_20_a_22_años",	14006,"Ameca","2020","2,874","1,455","1,419","7","21","2,828","46","46","0","0","0","0","0","3","2,804","63","7","46","0",
"Población_de_20_a_22_años",	14007,"San_Juanito_de_Escobedo","2020","472","240","232","1","1","463","9","9","0","0","0","0","0","1","459","12","1","3","0",
"Población_de_20_a_22_años",	14008,"Arandas","2020","4,188","2,080","2,108","27","33","4,131","54","53","0","0","1","0","3","8","4,084","93","10","78","0",
"Población_de_20_a_22_años",	14009,"El_Arenal","2020","1,106","531","575","3","5","1,090","16","16","0","0","0","0","0","0","1,080","23","2","15","0",
"Población_de_20_a_22_años",	14010,"Atemajac_de_Brizuela","2020","393","195","198","0","6","392","1","1","0","0","0","0","0","0","385","8","0","7","0",
"Población_de_20_a_22_años",	14011,"Atengo","2020","230","124","106","0","1","227","3","3","0","0","0","0","0","1","226","2","2","2","0",
"Población_de_20_a_22_años",	14012,"Atenguillo","2020","165","71","94","0","0","160","5","5","0","0","0","0","0","0","157","7","1","2","0",
"Población_de_20_a_22_años",	14013,"Atotonilco_el_Alto","2020","3,270","1,665","1,605","2","34","3,245","24","23","0","0","1","0","1","4","3,212","54","4","69","0",
"Población_de_20_a_22_años",	14014,"Atoyac","2020","390","200","190","2","6","381","9","9","0","0","0","0","0","1","379","9","2","2","0",
"Población_de_20_a_22_años",	14015,"Autlán_de_Navarro","2020","3,236","1,633","1,603","46","33","3,187","47","46","0","0","1","0","2","5","3,123","99","11","47","0",
"Población_de_20_a_22_años",	14016,"Ayotlán","2020","1,976","973","1,003","9","3","1,952","24","24","0","0","0","0","0","1","1,918","54","4","39","0",
"Población_de_20_a_22_años",	14017,"Ayutla","2020","561","275","286","0","10","556","5","5","0","0","0","0","0","0","556","5","0","9","0",
"Población_de_20_a_22_años",	14018,"La_Barca","2020","3,204","1,575","1,629","4","22","3,164","39","38","1","0","0","0","1","10","3,134","55","15","70","0",
"Población_de_20_a_22_años",	14019,"Bolaños","2020","315","165","150","209","0","314","1","1","0","0","0","0","0","0","302","13","0","2","0",
"Población_de_20_a_22_años",	14020,"Cabo_Corrientes","2020","425","226","199","2","0","419","6","6","0","0","0","0","0","0","409","15","1","9","0",
"Población_de_20_a_22_años",	14021,"Casimiro_Castillo","2020","830","401","429","2","4","818","11","11","0","0","0","0","1","3","786","37","5","31","0",
"Población_de_20_a_22_años",	14022,"Cihuatlán","2020","1,956","994","962","45","35","1,934","19","17","1","0","1","0","3","0","1,836","117","3","30","0",
"Población_de_20_a_22_años",	14023,"Zapotlán_el_Grande","2020","6,819","3,436","3,383","141","86","6,735","84","79","0","0","5","0","0","12","6,211","581","24","92","0",
"Población_de_20_a_22_años",	14024,"Cocula","2020","1,264","616","648","4","9","1,249","15","15","0","0","0","0","0","6","1,229","26","9","25","0",
"Población_de_20_a_22_años",	14025,"Colotlán","2020","1,226","595","631","105","17","1,215","11","11","0","0","0","0","0","5","1,104","115","7","27","0",
"Población_de_20_a_22_años",	14026,"Concepción_de_Buenos_Aires","2020","275","131","144","1","0","270","5","5","0","0","0","0","0","1","262","10","3","0","0",
"Población_de_20_a_22_años",	14027,"Cuautitlán_de_García_Barragán","2020","865","455","410","11","2","854","11","11","0","0","0","0","0","1","846","16","2","24","0",
"Población_de_20_a_22_años",	14028,"Cuautla","2020","74","38","36","0","3","72","2","2","0","0","0","0","0","0","73","1","0","6","0",
"Población_de_20_a_22_años",	14029,"Cuquío","2020","855","398","457","0","2","841","13","13","0","0","0","0","1","2","849","4","2","23","0",
"Población_de_20_a_22_años",	14030,"Chapala","2020","2,535","1,268","1,267","5","131","2,499","36","32","0","1","3","0","0","3","2,484","44","6","38","0",
"Población_de_20_a_22_años",	14031,"Chimaltitán","2020","107","56","51","5","0","105","2","2","0","0","0","0","0","0","103","4","0","2","0",
"Población_de_20_a_22_años",	14032,"Chiquilistlán","2020","308","155","153","0","0","306","2","2","0","0","0","0","0","0","306","2","0","9","0",
"Población_de_20_a_22_años",	14033,"Degollado","2020","925","442","483","4","5","908","16","16","0","0","0","0","1","4","897","21","7","12","0",
"Población_de_20_a_22_años",	14034,"Ejutla","2020","71","31","40","0","0","70","1","1","0","0","0","0","0","1","69","0","2","1","0",
"Población_de_20_a_22_años",	14035,"Encarnación_de_Díaz","2020","2,534","1,250","1,284","6","21","2,486","45","45","0","0","0","0","3","3","2,476","53","5","69","0",
"Población_de_20_a_22_años",	14036,"Etzatlán","2020","965","487","478","2","8","954","11","11","0","0","0","0","0","1","945","18","2","16","0",
"Población_de_20_a_22_años",	14037,"El_Grullo","2020","1,288","626","662","29","4","1,254","34","32","2","0","0","0","0","2","1,235","47","6","20","0",
"Población_de_20_a_22_años",	14038,"Guachinango","2020","158","84","74","0","1","155","3","3","0","0","0","0","0","0","154","4","0","1","0",
"Población_de_20_a_22_años",	14039,"Guadalajara","2020","71,707","35,988","35,719","294","1,607","70,951","620","415","5","30","169","1","136","81","68,914","2,421","247","1,173","7",
"Población_de_20_a_22_años",	14040,"Hostotipaquillo","2020","433","211","222","2","5","431","1","1","0","0","0","0","1","0","425","8","0","8","0",
"Población_de_20_a_22_años",	14041,"Huejúcar","2020","240","105","135","0","0","232","7","7","0","0","0","0","1","0","228","11","1","6","0",
"Población_de_20_a_22_años",	14042,"Huejuquilla_el_Alto","2020","443","229","214","57","3","433","10","10","0","0","0","0","0","1","409","32","2","11","0",
"Población_de_20_a_22_años",	14043,"La_Huerta","2020","930","473","457","7","6","914","16","15","0","0","1","0","0","3","889","33","7","25","0",
"Población_de_20_a_22_años",	14044,"Ixtlahuacán_de_los_Membrillos","2020","3,482","1,737","1,745","21","56","3,450","30","25","1","0","4","0","2","1","3,346","125","9","81","0",
"Población_de_20_a_22_años",	14045,"Ixtlahuacán_del_Río","2020","880","448","432","6","24","850","28","28","0","0","0","0","2","2","865","9","4","20","0",
"Población_de_20_a_22_años",	14046,"Jalostotitlán","2020","1,594","748","846","0","17","1,552","41","41","0","0","0","0","1","2","1,567","22","5","22","0",
"Población_de_20_a_22_años",	14047,"Jamay","2020","1,390","732","658","11","64","1,373","17","16","0","1","0","0","0","0","1,288","100","2","35","0",
"Población_de_20_a_22_años",	14048,"Jesús_María","2020","866","353","513","5","14","860","6","6","0","0","0","0","0","4","840","22","4","31","0",
"Población_de_20_a_22_años",	14049,"Jilotlán_de_los_Dolores","2020","331","167","164","0","1","315","3","3","0","0","0","0","13","1","296","19","3","12","0",
"Población_de_20_a_22_años",	14050,"Jocotepec","2020","2,434","1,242","1,192","38","96","2,400","33","31","1","0","1","0","1","0","2,364","60","8","52","0",
"Población_de_20_a_22_años",	14051,"Juanacatlán","2020","1,526","709","817","2","28","1,515","10","9","0","1","0","0","1","0","1,486","38","2","23","0",
"Población_de_20_a_22_años",	14052,"Juchitlán","2020","228","122","106","1","2","225","3","3","0","0","0","0","0","0","226","2","0","6","0",
"Población_de_20_a_22_años",	14053,"Lagos_de_Moreno","2020","9,050","4,463","4,587","2","87","8,966","79","74","0","0","5","0","5","10","8,860","171","15","163","0",
"Población_de_20_a_22_años",	14054,"El_Limón","2020","185","96","89","1","1","182","3","3","0","0","0","0","0","0","179","4","2","4","0",
"Población_de_20_a_22_años",	14055,"Magdalena","2020","1,054","518","536","2","3","1,029","25","24","0","0","1","0","0","1","1,018","32","4","19","0",
"Población_de_20_a_22_años",	14056,"Santa_María_del_Oro","2020","84","44","40","0","1","80","4","3","1","0","0","0","0","0","78","3","3","3","0",
"Población_de_20_a_22_años",	14057,"La_Manzanilla_de_la_Paz","2020","194","89","105","0","0","188","6","6","0","0","0","0","0","0","187","5","2","3","0",
"Población_de_20_a_22_años",	14058,"Mascota","2020","571","282","289","2","2","557","14","13","0","0","1","0","0","1","546","20","5","16","0",
"Población_de_20_a_22_años",	14059,"Mazamitla","2020","666","308","358","4","1","653","12","12","0","0","0","0","1","2","637","27","2","8","0",
"Población_de_20_a_22_años",	14060,"Mexticacán","2020","185","83","102","0","0","182","3","3","0","0","0","0","0","3","178","4","3","4","0",
"Población_de_20_a_22_años",	14061,"Mezquitic","2020","939","434","505","783","52","937","2","2","0","0","0","0","0","1","904","34","1","30","0",
"Población_de_20_a_22_años",	14062,"Mixtlán","2020","156","91","65","0","1","150","6","6","0","0","0","0","0","0","152","4","0","3","0",
"Población_de_20_a_22_años",	14063,"Ocotlán","2020","5,724","2,925","2,799","7","70","5,670","53","52","0","0","1","0","1","4","5,520","196","8","125","0",
"Población_de_20_a_22_años",	14064,"Ojuelos_de_Jalisco","2020","1,671","791","880","1","4","1,649","21","21","0","0","0","0","1","7","1,596","66","9","35","0",
"Población_de_20_a_22_años",	14065,"Pihuamo","2020","450","214","236","1","2","443","7","7","0","0","0","0","0","0","436","13","1","7","0",
"Población_de_20_a_22_años",	14066,"Poncitlán","2020","2,793","1,396","1,397","3","62","2,768","25","25","0","0","0","0","0","8","2,759","23","11","42","0",
"Población_de_20_a_22_años",	14067,"Puerto_Vallarta","2020","16,018","8,138","7,880","146","358","15,796","201","140","1","16","44","0","21","26","14,447","1,475","84","281","0",
"Población_de_20_a_22_años",	14068,"Villa_Purificación","2020","403","180","223","1","0","394","9","9","0","0","0","0","0","0","397","5","1","6","0",
"Población_de_20_a_22_años",	14069,"Quitupan","2020","331","150","181","0","4","325","6","6","0","0","0","0","0","2","323","6","2","3","0",
"Población_de_20_a_22_años",	14070,"El_Salto","2020","13,051","6,850","6,201","58","221","12,969","70","54","2","1","13","0","12","15","12,489","519","27","263","0",
"Población_de_20_a_22_años",	14071,"San_Cristóbal_de_la_Barranca","2020","130","59","71","6","0","127","3","3","0","0","0","0","0","1","125","3","2","5","0",
"Población_de_20_a_22_años",	14072,"San_Diego_de_Alejandría","2020","350","189","161","1","1","346","4","3","0","0","1","0","0","2","330","16","4","5","0",
"Población_de_20_a_22_años",	14073,"San_Juan_de_los_Lagos","2020","3,749","1,922","1,827","7","39","3,689","60","60","0","0","0","0","0","8","3,678","60","10","53","0",
"Población_de_20_a_22_años",	14074,"San_Julián","2020","684","308","376","0","5","657","27","27","0","0","0","0","0","3","665","11","8","34","0",
"Población_de_20_a_22_años",	14075,"San_Marcos","2020","197","106","91","0","6","197","0","0","0","0","0","0","0","0","191","6","0","4","0",
"Población_de_20_a_22_años",	14076,"San_Martín_de_Bolaños","2020","124","61","63","5","0","122","2","2","0","0","0","0","0","0","122","2","0","0","0",
"Población_de_20_a_22_años",	14077,"San_Martín_Hidalgo","2020","1,249","641","608","0","8","1,217","31","31","0","0","0","0","1","2","1,226","14","8","25","0",
"Población_de_20_a_22_años",	14078,"San_Miguel_el_Alto","2020","1,534","751","783","1","13","1,506","28","28","0","0","0","0","0","9","1,499","24","10","38","0",
"Población_de_20_a_22_años",	14079,"Gómez_Farías","2020","847","422","425","24","26","837","10","10","0","0","0","0","0","2","787","57","3","12","0",
"Población_de_20_a_22_años",	14080,"San_Sebastián_del_Oeste","2020","166","94","72","1","0","165","1","1","0","0","0","0","0","1","158","7","1","5","0",
"Población_de_20_a_22_años",	14081,"Santa_María_de_los_Ángeles","2020","152","81","71","0","1","150","2","2","0","0","0","0","0","0","146","5","1","2","0",
"Población_de_20_a_22_años",	14082,"Sayula","2020","1,938","981","957","62","15","1,920","18","16","1","0","1","0","0","1","1,787","144","6","15","0",
"Población_de_20_a_22_años",	14083,"Tala","2020","4,567","2,278","2,289","103","115","4,510","56","52","1","0","3","0","1","8","4,285","263","17","96","0",
"Población_de_20_a_22_años",	14084,"Talpa_de_Allende","2020","665","340","325","0","2","660","5","5","0","0","0","0","0","0","653","12","0","11","0",
"Población_de_20_a_22_años",	14085,"Tamazula_de_Gordiano","2020","1,707","828","879","19","31","1,666","41","41","0","0","0","0","0","6","1,636","64","7","29","29",
"Población_de_20_a_22_años",	14086,"Tapalpa","2020","1,133","565","568","44","4","1,129","4","4","0","0","0","0","0","2","1,062","69","2","19","0",
"Población_de_20_a_22_años",	14087,"Tecalitlán","2020","798","398","400","4","13","786","12","12","0","0","0","0","0","0","774","24","0","13","0",
"Población_de_20_a_22_años",	14088,"Tecolotlán","2020","693","336","357","1","5","671","22","22","0","0","0","0","0","0","686","5","2","17","0",
"Población_de_20_a_22_años",	14089,"Techaluta_de_Montenegro","2020","182","97","85","2","0","180","2","2","0","0","0","0","0","0","180","2","0","3","0",
"Población_de_20_a_22_años",	14090,"Tenamaxtlán","2020","298","139","159","0","1","292","6","6","0","0","0","0","0","0","291","6","1","5","0",
"Población_de_20_a_22_años",	14091,"Teocaltiche","2020","1,825","891","934","1","45","1,784","41","41","0","0","0","0","0","3","1,789","29","7","37","0",
"Población_de_20_a_22_años",	14092,"Teocuitatlán_de_Corona","2020","516","266","250","16","5","507","9","9","0","0","0","0","0","1","491","23","2","10","0",
"Población_de_20_a_22_años",	14093,"Tepatitlán_de_Morelos","2020","7,980","3,913","4,067","24","183","7,877","101","96","0","1","4","0","2","10","7,853","109","18","83","0",
"Población_de_20_a_22_años",	14094,"Tequila","2020","2,378","1,189","1,189","8","29","2,357","17","15","0","1","1","0","4","2","2,316","53","6","38","0",
"Población_de_20_a_22_años",	14095,"Teuchitlán","2020","447","213","234","2","4","444","3","3","0","0","0","0","0","0","437","10","0","9","0",
"Población_de_20_a_22_años",	14096,"Tizapán_el_Alto","2020","1,067","506","561","6","11","1,055","11","10","1","0","0","0","1","3","1,039","23","5","23","0",
"Población_de_20_a_22_años",	14097,"Tlajomulco_de_Zúñiga","2020","37,483","18,412","19,071","248","1,036","37,196","257","182","7","9","59","0","30","37","35,383","1,989","89","675","0",
"Población_de_20_a_22_años",	14098,"San_Pedro_Tlaquepaque","2020","37,489","18,863","18,626","184","623","37,188","275","197","6","14","58","0","26","25","36,060","1,316","94","636","3",
"Población_de_20_a_22_años",	14099,"Tolimán","2020","576","272","304","47","4","572","4","4","0","0","0","0","0","0","494","81","1","15","0",
"Población_de_20_a_22_años",	14100,"Tomatlán","2020","1,522","799","723","39","13","1,506","15","15","0","0","0","0","1","1","1,425","93","4","42","0",
"Población_de_20_a_22_años",	14101,"Tonalá","2020","31,314","15,589","15,725","72","524","31,144","134","114","1","1","16","2","36","27","30,744","483","42","542","0",
"Población_de_20_a_22_años",	14102,"Tonaya","2020","235","118","117","0","1","231","4","4","0","0","0","0","0","0","227","6","2","1","0",
"Población_de_20_a_22_años",	14103,"Tonila","2020","357","191","166","9","1","352","3","3","0","0","0","0","2","1","344","12","1","6","0",
"Población_de_20_a_22_años",	14104,"Totatiche","2020","148","77","71","5","0","141","7","7","0","0","0","0","0","0","144","4","0","2","0",
"Población_de_20_a_22_años",	14105,"Tototlán","2020","1,145","567","578","2","4","1,127","17","15","0","0","2","0","1","2","1,128","11","4","15","0",
"Población_de_20_a_22_años",	14106,"Tuxcacuesco","2020","272","152","120","43","1","270","2","1","0","0","1","0","0","0","189","82","0","9","0",
"Población_de_20_a_22_años",	14107,"Tuxcueca","2020","289","144","145","1","2","283","6","3","0","0","3","0","0","0","281","5","3","7","0",
"Población_de_20_a_22_años",	14108,"Tuxpan","2020","1,864","934","930","50","49","1,852","11","11","0","0","0","0","1","0","1,785","77","2","22","0",
"Población_de_20_a_22_años",	14109,"Unión_de_San_Antonio","2020","941","468","473","1","7","921","20","19","1","0","0","0","0","1","908","31","2","16","0",
"Población_de_20_a_22_años",	14110,"Unión_de_Tula","2020","542","257","285","1","5","530","12","12","0","0","0","0","0","1","533","7","2","8","0",
"Población_de_20_a_22_años",	14111,"Valle_de_Guadalupe","2020","296","154","142","0","1","290","6","6","0","0","0","0","0","0","296","0","0","3","0",
"Población_de_20_a_22_años",	14112,"Valle_de_Juárez","2020","291","163","128","2","3","281","10","10","0","0","0","0","0","0","281","9","1","9","0",
"Población_de_20_a_22_años",	14113,"San_Gabriel","2020","727","366","361","37","11","719","8","8","0","0","0","0","0","2","610","115","2","14","0",
"Población_de_20_a_22_años",	14114,"Villa_Corona","2020","839","419","420","20","9","819","20","20","0","0","0","0","0","3","798","33","8","12","0",
"Población_de_20_a_22_años",	14115,"Villa_Guerrero","2020","242","137","105","23","0","238","4","4","0","0","0","0","0","2","236","3","3","6","0",
"Población_de_20_a_22_años",	14116,"Villa_Hidalgo","2020","901","431","470","0","9","872","29","28","0","0","1","0","0","3","882","12","7","15","0",
"Población_de_20_a_22_años",	14117,"Cañadas_de_Obregón","2020","176","86","90","1","0","167","9","9","0","0","0","0","0","2","166","7","3","5","0",
"Población_de_20_a_22_años",	14118,"Yahualica_de_González_Gallo","2020","947","463","484","0","7","925","22","22","0","0","0","0","0","4","925","16","6","21","0",
"Población_de_20_a_22_años",	14119,"Zacoalco_de_Torres","2020","1,537","813","724","49","12","1,520","17","17","0","0","0","0","0","3","1,449","83","5","25","0",
"Población_de_20_a_22_años",	14120,"Zapopan","2020","79,392","39,943","39,449","1,125","1,773","78,260","911","563","17","77","251","3","221","137","73,565","5,224","387","1,136","1",
"Población_de_20_a_22_años",	14121,"Zapotiltic","2020","1,799","955","844","132","73","1,777","21","21","0","0","0","0","1","6","1,557","233","9","24","20",
"Población_de_20_a_22_años",	14122,"Zapotitlán_de_Vadillo","2020","377","214","163","1","4","369","8","8","0","0","0","0","0","0","358","17","2","5","0",
"Población_de_20_a_22_años",	14123,"Zapotlán_del_Rey","2020","962","486","476","0","15","944","18","17","0","0","1","0","0","3","945","9","8","19","0",
"Población_de_20_a_22_años",	14124,"Zapotlanejo","2020","3,304","1,652","1,652","0","60","3,251","53","52","0","0","0","1","0","10","3,245","40","17","77","0",
"Población_de_20_a_22_años",	14125,"San_Ignacio_Cerro_Gordo","2020","815","387","428","5","4","786","29","29","0","0","0","0","0","1","791","18","5","15","0",
"Población_de_20_a_22_años",	15,"México","2020","868,526","435,086","433,440","13,063","16,537","862,357","2,849","1,717","60","202","837","33","3,320","323","837,199","27,694","963","17,978","1",
"Población_de_20_a_22_años",	15001,"Acambay_de_Ruíz_Castañeda","2020","3,446","1,639","1,807","210","94","3,425","20","16","0","0","4","0","1","2","3,382","58","5","131","0",
"Población_de_20_a_22_años",	15002,"Acolman","2020","9,300","4,902","4,398","59","129","8,890","19","15","0","1","3","0","391","0","8,699","215","3","179","0",
"Población_de_20_a_22_años",	15003,"Aculco","2020","2,636","1,328","1,308","103","18","2,633","2","2","0","0","0","0","1","2","2,574","60","2","57","0",
"Población_de_20_a_22_años",	15004,"Almoloya_de_Alquisiras","2020","759","346","413","0","42","751","8","8","0","0","0","0","0","1","752","5","2","13","0",
"Población_de_20_a_22_años",	15005,"Almoloya_de_Juárez","2020","8,939","4,472","4,467","21","211","8,784","8","4","0","0","4","0","147","0","8,676","111","3","169","0",
"Población_de_20_a_22_años",	15006,"Almoloya_del_Río","2020","676","331","345","8","6","665","11","11","0","0","0","0","0","0","665","11","0","10","0",
"Población_de_20_a_22_años",	15007,"Amanalco","2020","1,273","618","655","23","11","1,273","0","0","0","0","0","0","0","1","1,254","18","1","27","0",
"Población_de_20_a_22_años",	15008,"Amatepec","2020","1,205","602","603","0","6","1,195","9","9","0","0","0","0","1","1","1,185","15","3","39","0",
"Población_de_20_a_22_años",	15009,"Amecameca","2020","2,795","1,347","1,448","12","55","2,792","2","1","0","0","1","0","1","0","2,757","36","2","54","0",
"Población_de_20_a_22_años",	15010,"Apaxco","2020","1,673","871","802","4","21","1,667","6","0","1","0","5","0","0","1","1,617","50","5","48","0",
"Población_de_20_a_22_años",	15011,"Atenco","2020","4,129","2,055","2,074","41","38","4,117","5","5","0","0","0","0","7","2","4,008","116","2","89","0",
"Población_de_20_a_22_años",	15012,"Atizapán","2020","658","309","349","8","5","655","1","1","0","0","0","0","2","0","645","12","0","11","0",
"Población_de_20_a_22_años",	15013,"Atizapán_de_Zaragoza","2020","24,660","12,416","12,244","215","471","24,475","130","62","3","15","48","2","55","8","23,878","711","42","445","0",
"Población_de_20_a_22_años",	15014,"Atlacomulco","2020","5,878","2,878","3,000","370","41","5,864","12","11","0","1","0","0","2","2","5,764","109","3","102","0",
"Población_de_20_a_22_años",	15015,"Atlautla","2020","1,680","849","831","5","22","1,674","5","3","1","0","1","0","1","2","1,663","13","4","18","0",
"Población_de_20_a_22_años",	15016,"Axapusco","2020","1,469","718","751","6","26","1,465","2","1","0","0","1","0","2","0","1,423","45","1","26","0",
"Población_de_20_a_22_años",	15017,"Ayapango","2020","515","271","244","1","3","515","0","0","0","0","0","0","0","0","500","15","0","10","0",
"Población_de_20_a_22_años",	15018,"Calimaya","2020","3,317","1,635","1,682","12","53","3,302","14","8","0","3","3","0","1","2","3,217","95","3","39","0",
"Población_de_20_a_22_años",	15019,"Capulhuac","2020","2,000","1,019","981","10","39","1,995","4","3","0","0","1","0","1","0","1,974","25","0","31","0",
"Población_de_20_a_22_años",	15020,"Coacalco_de_Berriozábal","2020","14,438","7,233","7,205","38","296","14,335","49","26","3","2","16","2","54","7","14,007","392","21","314","0",
"Población_de_20_a_22_años",	15021,"Coatepec_Harinas","2020","2,080","966","1,114","0","18","2,065","12","12","0","0","0","0","3","3","2,053","24","3","37","0",
"Población_de_20_a_22_años",	15022,"Cocotitlán","2020","762","380","382","7","6","760","1","1","0","0","0","0","1","0","737","25","0","20","0",
"Población_de_20_a_22_años",	15023,"Coyotepec","2020","2,163","1,033","1,130","10","26","2,159","3","1","0","0","2","0","1","2","2,118","39","3","38","0",
"Población_de_20_a_22_años",	15024,"Cuautitlán","2020","9,213","4,795","4,418","51","239","8,991","32","14","1","7","10","0","190","1","8,676","344","12","147","0",
"Población_de_20_a_22_años",	15025,"Chalco","2020","20,628","10,207","10,421","162","384","20,541","37","21","0","3","10","3","50","4","19,536","1,047","16","465","0",
"Población_de_20_a_22_años",	15026,"Chapa_de_Mota","2020","1,628","814","814","179","135","1,627","0","0","0","0","0","0","1","1","1,600","27","1","40","0",
"Población_de_20_a_22_años",	15027,"Chapultepec","2020","652","325","327","4","10","651","0","0","0","0","0","0","1","0","633","19","0","14","0",
"Población_de_20_a_22_años",	15028,"Chiautla","2020","1,615","818","797","14","22","1,614","0","0","0","0","0","0","1","2","1,584","29","2","33","0",
"Población_de_20_a_22_años",	15029,"Chicoloapan","2020","11,084","5,441","5,643","47","147","11,035","24","17","1","1","4","1","25","1","10,627","443","8","276","0",
"Población_de_20_a_22_años",	15030,"Chiconcuac","2020","1,566","782","784","75","22","1,563","1","1","0","0","0","0","2","0","1,509","55","0","26","0",
"Población_de_20_a_22_años",	15031,"Chimalhuacán","2020","38,411","19,090","19,321","480","1,003","38,259","67","49","1","2","15","0","85","7","37,268","1,084","22","1,038","0",
"Población_de_20_a_22_años",	15032,"Donato_Guerra","2020","2,052","996","1,056","397","7","2,048","0","0","0","0","0","0","4","0","2,024","28","0","47","0",
"Población_de_20_a_22_años",	15033,"Ecatepec_de_Morelos","2020","82,833","41,727","41,106","834","1,727","82,330","265","197","6","4","51","7","238","28","80,283","2,344","63","2,038","0",
"Población_de_20_a_22_años",	15034,"Ecatzingo","2020","654","322","332","0","2","652","2","2","0","0","0","0","0","0","642","12","0","8","0",
"Población_de_20_a_22_años",	15035,"Huehuetoca","2020","8,156","4,064","4,092","84","193","8,108","28","15","0","3","10","0","20","2","7,475","650","11","196","0",
"Población_de_20_a_22_años",	15036,"Hueypoxtla","2020","2,251","1,124","1,127","4","24","2,247","2","2","0","0","0","0","2","0","2,203","47","0","53","0",
"Población_de_20_a_22_años",	15037,"Huixquilucan","2020","14,645","7,009","7,636","137","360","14,409","198","75","0","27","96","0","38","24","13,772","798","63","241","0",
"Población_de_20_a_22_años",	15038,"Isidro_Fabela","2020","648","297","351","2","45","648","0","0","0","0","0","0","0","0","638","10","0","12","0",
"Población_de_20_a_22_años",	15039,"Ixtapaluca","2020","30,264","15,056","15,208","268","605","30,122","52","26","1","5","17","3","90","17","28,829","1,367","32","696","0",
"Población_de_20_a_22_años",	15040,"Ixtapan_de_la_Sal","2020","2,024","989","1,035","3","30","2,013","11","11","0","0","0","0","0","1","1,972","50","2","48","0",
"Población_de_20_a_22_años",	15041,"Ixtapan_del_Oro","2020","297","144","153","1","4","295","2","2","0","0","0","0","0","0","295","2","0","3","0",
"Población_de_20_a_22_años",	15042,"Ixtlahuaca","2020","8,547","4,283","4,264","492","49","8,523","6","4","0","0","2","0","18","2","8,434","92","4","178","0",
"Población_de_20_a_22_años",	15043,"Xalatlaco","2020","1,699","863","836","2","20","1,699","0","0","0","0","0","0","0","0","1,675","24","0","20","0",
"Población_de_20_a_22_años",	15044,"Jaltenco","2020","1,429","705","724","7","19","1,423","3","3","0","0","0","0","3","0","1,391","35","0","41","0",
"Población_de_20_a_22_años",	15045,"Jilotepec","2020","4,602","2,288","2,314","14","52","4,568","17","12","1","0","3","1","17","1","4,488","93","6","134","0",
"Población_de_20_a_22_años",	15046,"Jilotzingo","2020","1,022","528","494","4","6","1,022","0","0","0","0","0","0","0","0","1,014","7","0","21","0",
"Población_de_20_a_22_años",	15047,"Jiquipilco","2020","3,941","1,881","2,060","60","98","3,933","6","6","0","0","0","0","2","1","3,885","53","2","88","0",
"Población_de_20_a_22_años",	15048,"Jocotitlán","2020","3,597","1,772","1,825","44","32","3,590","7","7","0","0","0","0","0","1","3,554","41","2","75","0",
"Población_de_20_a_22_años",	15049,"Joquicingo","2020","715","369","346","4","39","700","14","14","0","0","0","0","1","1","700","14","1","22","0",
"Población_de_20_a_22_años",	15050,"Juchitepec","2020","1,432","674","758","11","31","1,429","1","1","0","0","0","0","2","1","1,407","23","1","29","0",
"Población_de_20_a_22_años",	15051,"Lerma","2020","8,678","4,422","4,256","23","94","8,636","19","7","1","3","8","0","23","2","8,402","247","9","123","0",
"Población_de_20_a_22_años",	15052,"Malinalco","2020","1,378","683","695","5","108","1,365","12","11","0","0","1","0","1","1","1,342","34","1","36","0",
"Población_de_20_a_22_años",	15053,"Melchor_Ocampo","2020","3,268","1,622","1,646","22","76","3,259","6","5","0","0","1","0","3","0","3,174","87","3","64","0",
"Población_de_20_a_22_años",	15054,"Metepec","2020","11,729","5,888","5,841","34","250","11,615","100","30","7","11","52","0","14","15","11,342","332","44","165","1",
"Población_de_20_a_22_años",	15055,"Mexicaltzingo","2020","748","367","381","5","11","748","0","0","0","0","0","0","0","1","736","11","1","10","0",
"Población_de_20_a_22_años",	15056,"Morelos","2020","1,768","838","930","124","24","1,765","2","2","0","0","0","0","1","0","1,735","31","0","30","0",
"Población_de_20_a_22_años",	15057,"Naucalpan_de_Juárez","2020","41,706","20,929","20,777","933","900","41,499","159","68","7","16","68","0","48","21","39,760","1,859","47","768","0",
"Población_de_20_a_22_años",	15058,"Nezahualcóyotl","2020","52,915","27,026","25,889","567","1,020","52,252","194","147","3","5","36","3","469","12","50,754","1,741","41","1,165","0",
"Población_de_20_a_22_años",	15059,"Nextlalpan","2020","2,728","1,318","1,410","26","141","2,721","6","3","0","1","2","0","1","1","2,603","122","3","66","0",
"Población_de_20_a_22_años",	15060,"Nicolás_Romero","2020","22,586","11,365","11,221","289","492","22,519","50","32","1","4","13","0","17","3","21,981","585","12","471","0",
"Población_de_20_a_22_años",	15061,"Nopaltepec","2020","559","283","276","0","2","558","1","1","0","0","0","0","0","0","550","9","0","3","0",
"Población_de_20_a_22_años",	15062,"Ocoyoacac","2020","3,732","1,853","1,879","32","53","3,721","8","5","0","0","3","0","3","1","3,636","92","3","45","0",
"Población_de_20_a_22_años",	15063,"Ocuilan","2020","1,940","945","995","127","40","1,934","6","6","0","0","0","0","0","1","1,890","47","2","53","0",
"Población_de_20_a_22_años",	15064,"El_Oro","2020","1,961","1,023","938","121","52","1,949","2","2","0","0","0","0","10","1","1,912","38","1","38","0",
"Población_de_20_a_22_años",	15065,"Otumba","2020","1,889","949","940","6","28","1,861","2","2","0","0","0","0","26","1","1,831","31","1","34","0",
"Población_de_20_a_22_años",	15066,"Otzoloapan","2020","220","112","108","0","0","220","0","0","0","0","0","0","0","0","219","1","0","1","0",
"Población_de_20_a_22_años",	15067,"Otzolotepec","2020","4,996","2,533","2,463","82","33","4,988","5","1","0","2","2","0","3","0","4,919","73","3","80","0",
"Población_de_20_a_22_años",	15068,"Ozumba","2020","1,622","791","831","4","20","1,615","7","7","0","0","0","0","0","0","1,601","19","2","15","0",
"Población_de_20_a_22_años",	15069,"Papalotla","2020","240","125","115","1","6","239","0","0","0","0","0","0","1","0","234","5","0","7","0",
"Población_de_20_a_22_años",	15070,"La_Paz","2020","16,055","8,042","8,013","292","462","15,959","37","28","0","1","7","1","59","5","15,133","889","17","409","0",
"Población_de_20_a_22_años",	15071,"Polotitlán","2020","755","396","359","2","12","754","1","1","0","0","0","0","0","0","735","20","0","26","0",
"Población_de_20_a_22_años",	15072,"Rayón","2020","829","410","419","2","12","829","0","0","0","0","0","0","0","0","817","12","0","15","0",
"Población_de_20_a_22_años",	15073,"San_Antonio_la_Isla","2020","1,551","751","800","6","49","1,549","2","2","0","0","0","0","0","1","1,493","56","2","28","0",
"Población_de_20_a_22_años",	15074,"San_Felipe_del_Progreso","2020","8,342","4,056","4,286","1,616","97","8,335","6","5","0","0","1","0","1","4","8,258","78","5","151","0",
"Población_de_20_a_22_años",	15075,"San_Martín_de_las_Pirámides","2020","1,480","759","721","10","27","1,475","3","1","0","0","2","0","2","0","1,440","40","0","30","0",
"Población_de_20_a_22_años",	15076,"San_Mateo_Atenco","2020","5,242","2,662","2,580","26","51","5,218","14","8","1","1","4","0","10","0","5,119","116","5","75","0",
"Población_de_20_a_22_años",	15077,"San_Simón_de_Guerrero","2020","333","177","156","0","0","333","0","0","0","0","0","0","0","0","328","5","0","7","0",
"Población_de_20_a_22_años",	15078,"Santo_Tomás","2020","473","232","241","0","0","471","2","2","0","0","0","0","0","0","470","3","0","7","0",
"Población_de_20_a_22_años",	15079,"Soyaniquilpan_de_Juárez","2020","660","327","333","1","3","656","4","4","0","0","0","0","0","0","636","24","0","7","0",
"Población_de_20_a_22_años",	15080,"Sultepec","2020","1,107","499","608","3","24","1,100","2","2","0","0","0","0","5","3","1,094","6","3","21","0",
"Población_de_20_a_22_años",	15081,"Tecámac","2020","26,793","13,381","13,412","135","493","26,660","93","48","3","10","32","0","40","6","25,268","1,473","36","560","0",
"Población_de_20_a_22_años",	15082,"Tejupilco","2020","4,188","1,981","2,207","0","25","4,121","67","65","1","0","1","0","0","3","4,112","69","7","102","0",
"Población_de_20_a_22_años",	15083,"Temamatla","2020","670","314","356","4","3","670","0","0","0","0","0","0","0","0","638","32","0","13","0",
"Población_de_20_a_22_años",	15084,"Temascalapa","2020","2,147","1,081","1,066","4","56","2,141","5","3","0","1","1","0","1","0","2,073","73","1","45","0",
"Población_de_20_a_22_años",	15085,"Temascalcingo","2020","3,343","1,631","1,712","295","14","3,337","5","5","0","0","0","0","1","1","3,298","44","1","86","0",
"Población_de_20_a_22_años",	15086,"Temascaltepec","2020","1,731","826","905","51","5","1,722","3","3","0","0","0","0","6","0","1,710","14","1","44","0",
"Población_de_20_a_22_años",	15087,"Temoaya","2020","5,700","2,836","2,864","801","62","5,685","7","1","0","1","5","0","8","0","5,584","107","3","121","0",
"Población_de_20_a_22_años",	15088,"Tenancingo","2020","5,341","2,612","2,729","11","56","5,287","17","16","0","0","1","0","37","2","5,242","57","4","102","0",
"Población_de_20_a_22_años",	15089,"Tenango_del_Aire","2020","587","315","272","1","0","587","0","0","0","0","0","0","0","0","580","7","0","9","0",
"Población_de_20_a_22_años",	15090,"Tenango_del_Valle","2020","4,853","2,413","2,440","9","131","4,824","9","6","0","0","3","0","20","5","4,747","81","7","91","0",
"Población_de_20_a_22_años",	15091,"Teoloyucan","2020","3,469","1,782","1,687","6","59","3,453","5","3","0","0","2","0","11","0","3,424","37","2","62","0",
"Población_de_20_a_22_años",	15092,"Teotihuacán","2020","2,926","1,456","1,470","12","17","2,919","2","2","0","0","0","0","5","3","2,869","52","3","49","0",
"Población_de_20_a_22_años",	15093,"Tepetlaoxtoc","2020","1,746","869","877","15","129","1,740","6","6","0","0","0","0","0","2","1,699","43","3","35","0",
"Población_de_20_a_22_años",	15094,"Tepetlixpa","2020","1,013","526","487","8","18","1,013","0","0","0","0","0","0","0","0","998","15","0","16","0",
"Población_de_20_a_22_años",	15095,"Tepotzotlán","2020","5,325","2,682","2,643","31","79","5,315","9","6","0","2","1","0","1","4","5,165","152","6","95","0",
"Población_de_20_a_22_años",	15096,"Tequixquiac","2020","2,156","1,049","1,107","7","23","2,147","9","7","0","1","1","0","0","0","2,116","39","1","31","0",
"Población_de_20_a_22_años",	15097,"Texcaltitlán","2020","930","457","473","0","4","924","6","6","0","0","0","0","0","0","922","8","0","28","0",
"Población_de_20_a_22_años",	15098,"Texcalyacac","2020","302","165","137","3","9","302","0","0","0","0","0","0","0","0","294","8","0","4","0",
"Población_de_20_a_22_años",	15099,"Texcoco","2020","15,388","7,901","7,487","317","336","15,215","71","31","0","0","40","0","102","3","14,186","1,069","38","272","0",
"Población_de_20_a_22_años",	15100,"Tezoyuca","2020","2,584","1,287","1,297","39","38","2,571","6","5","0","0","1","0","7","0","2,510","66","1","48","0",
"Población_de_20_a_22_años",	15101,"Tianguistenco","2020","4,512","2,314","2,198","11","72","4,493","12","11","0","1","0","0","7","1","4,425","81","1","103","0",
"Población_de_20_a_22_años",	15102,"Timilpan","2020","816","419","397","14","3","811","4","4","0","0","0","0","1","0","812","4","0","18","0",
"Población_de_20_a_22_años",	15103,"Tlalmanalco","2020","2,392","1,145","1,247","3","19","2,384","4","4","0","0","0","0","4","0","2,362","29","0","35","0",
"Población_de_20_a_22_años",	15104,"Tlalnepantla_de_Baz","2020","31,507","16,159","15,348","393","580","30,787","123","65","4","10","43","1","597","21","29,669","1,213","45","550","0",
"Población_de_20_a_22_años",	15105,"Tlatlaya","2020","1,485","709","776","0","2","1,472","13","11","0","0","2","0","0","1","1,455","27","3","33","0",
"Población_de_20_a_22_años",	15106,"Toluca","2020","47,434","23,773","23,661","325","895","47,220","183","67","3","39","73","1","31","26","46,214","1,089","106","719","0",
"Población_de_20_a_22_años",	15107,"Tonatico","2020","609","305","304","1","14","599","10","10","0","0","0","0","0","2","592","14","3","11","0",
"Población_de_20_a_22_años",	15108,"Tultepec","2020","7,961","4,002","3,959","41","172","7,935","24","14","0","2","8","0","2","1","7,749","207","5","178","0",
"Población_de_20_a_22_años",	15109,"Tultitlán","2020","26,139","13,212","12,927","157","498","25,937","94","57","1","2","32","2","108","9","25,372","659","37","543","0",
"Población_de_20_a_22_años",	15110,"Valle_de_Bravo","2020","3,133","1,588","1,545","16","24","3,118","4","4","0","0","0","0","11","0","3,094","26","1","48","0",
"Población_de_20_a_22_años",	15111,"Villa_de_Allende","2020","2,821","1,427","1,394","38","7","2,820","1","1","0","0","0","0","0","0","2,806","15","0","62","0",
"Población_de_20_a_22_años",	15112,"Villa_del_Carbón","2020","2,832","1,380","1,452","35","21","2,827","2","1","0","0","1","0","3","0","2,793","37","0","73","0",
"Población_de_20_a_22_años",	15113,"Villa_Guerrero","2020","3,722","1,824","1,898","2","32","3,697","22","21","0","0","1","0","3","3","3,670","47","4","92","0",
"Población_de_20_a_22_años",	15114,"Villa_Victoria","2020","6,106","3,033","3,073","401","12","6,097","2","1","0","0","1","0","7","0","6,018","82","0","112","0",
"Población_de_20_a_22_años",	15115,"Xonacatlán","2020","2,712","1,382","1,330","7","21","2,707","4","0","1","0","3","0","1","2","2,659","49","4","46","0",
"Población_de_20_a_22_años",	15116,"Zacazonapan","2020","246","124","122","0","3","245","1","1","0","0","0","0","0","0","246","0","0","4","0",
"Población_de_20_a_22_años",	15117,"Zacualpan","2020","669","313","356","0","4","663","6","6","0","0","0","0","0","0","659","10","0","11","0",
"Población_de_20_a_22_años",	15118,"Zinacantepec","2020","11,014","5,450","5,564","17","180","10,986","25","14","0","5","6","0","3","4","10,816","151","11","148","0",
"Población_de_20_a_22_años",	15119,"Zumpahuacán","2020","1,019","508","511","0","9","1,017","2","2","0","0","0","0","0","0","1,002","16","1","14","0",
"Población_de_20_a_22_años",	15120,"Zumpango","2020","13,207","6,557","6,650","93","236","13,116","35","21","1","1","12","0","56","5","12,163","985","12","348","0",
"Población_de_20_a_22_años",	15121,"Cuautitlán_Izcalli","2020","25,980","13,204","12,776","186","637","25,814","135","69","3","8","54","1","31","9","25,010","904","42","508","0",
"Población_de_20_a_22_años",	15122,"Valle_de_Chalco_Solidaridad","2020","19,483","9,785","9,698","285","331","19,384","47","32","4","1","6","4","52","3","18,487","955","9","511","0",
"Población_de_20_a_22_años",	15123,"Luvianos","2020","1,447","643","804","1","7","1,423","24","24","0","0","0","0","0","2","1,420","24","3","47","0",
"Población_de_20_a_22_años",	15124,"San_José_del_Rincón","2020","5,772","2,912","2,860","382","146","5,763","4","3","0","0","0","1","5","1","5,728","41","1","96","0",
"Población_de_20_a_22_años",	15125,"Tonanitla","2020","770","390","380","4","26","770","0","0","0","0","0","0","0","0","737","32","0","9","0",
"Población_de_20_a_22_años",	16,"Michoacán_de_Ocampo","2020","237,949","117,330","120,619","7,985","4,143","234,424","2,344","2,211","13","18","100","2","1,181","439","229,227","6,584","790","4,624","22",
"Población_de_20_a_22_años",	16001,"Acuitzio","2020","599","299","300","2","10","595","4","4","0","0","0","0","0","1","579","19","1","18","0",
"Población_de_20_a_22_años",	16002,"Aguililla","2020","569","271","298","5","13","558","5","5","0","0","0","0","6","3","549","15","4","10","0",
"Población_de_20_a_22_años",	16003,"Álvaro_Obregón","2020","1,106","570","536","0","2","1,092","14","14","0","0","0","0","0","5","1,085","13","8","18","0",
"Población_de_20_a_22_años",	16004,"Angamacutiro","2020","679","348","331","0","7","672","7","7","0","0","0","0","0","1","662","13","4","25","0",
"Población_de_20_a_22_años",	16005,"Angangueo","2020","524","276","248","0","1","523","1","0","0","1","0","0","0","0","514","9","1","9","0",
"Población_de_20_a_22_años",	16006,"Apatzingán","2020","6,206","3,101","3,105","81","76","6,133","54","53","1","0","0","0","19","8","6,008","168","10","118","0",
"Población_de_20_a_22_años",	16007,"Aporo","2020","187","94","93","0","9","182","5","5","0","0","0","0","0","0","184","3","0","0","0",
"Población_de_20_a_22_años",	16008,"Aquila","2020","1,053","541","512","402","6","1,045","5","4","1","0","0","0","3","0","1,026","22","0","22","0",
"Población_de_20_a_22_años",	16009,"Ario","2020","1,766","852","914","6","13","1,737","28","27","0","0","1","0","1","3","1,728","31","6","21","0",
"Población_de_20_a_22_años",	16010,"Arteaga","2020","1,007","480","527","1","17","1,003","4","4","0","0","0","0","0","3","997","7","3","24","0",
"Población_de_20_a_22_años",	16011,"Briseñas","2020","568","280","288","0","4","565","3","3","0","0","0","0","0","1","527","39","1","8","0",
"Población_de_20_a_22_años",	16012,"Buenavista","2020","2,169","1,101","1,068","119","12","2,121","47","47","0","0","0","0","1","3","2,039","123","7","24","17",
"Población_de_20_a_22_años",	16013,"Carácuaro","2020","405","194","211","0","13","404","1","1","0","0","0","0","0","1","404","0","1","4","0",
"Población_de_20_a_22_años",	16014,"Coahuayana","2020","798","410","388","18","29","783","14","13","0","0","1","0","1","4","712","74","12","10","0",
"Población_de_20_a_22_años",	16015,"Coalcomán_de_Vázquez_Pallares","2020","970","476","494","6","39","957","10","10","0","0","0","0","3","1","939","27","2","18","0",
"Población_de_20_a_22_años",	16016,"Coeneo","2020","826","379","447","178","16","817","9","9","0","0","0","0","0","3","807","14","5","13","0",
"Población_de_20_a_22_años",	16017,"Contepec","2020","1,650","787","863","3","8","1,643","7","6","0","0","1","0","0","4","1,575","70","5","56","0",
"Población_de_20_a_22_años",	16018,"Copándaro","2020","466","227","239","0","2","461","5","5","0","0","0","0","0","5","455","3","8","6","0",
"Población_de_20_a_22_años",	16019,"Cotija","2020","1,002","445","557","4","10","976","26","24","0","0","2","0","0","4","963","28","11","33","0",
"Población_de_20_a_22_años",	16020,"Cuitzeo","2020","1,502","772","730","0","17","1,492","10","10","0","0","0","0","0","4","1,478","19","5","29","0",
"Población_de_20_a_22_años",	16021,"Charapan","2020","669","327","342","346","2","665","3","3","0","0","0","0","1","0","663","5","1","14","0",
"Población_de_20_a_22_años",	16022,"Charo","2020","1,210","636","574","2","10","1,145","17","17","0","0","0","0","48","7","1,065","17","12","15","0",
"Población_de_20_a_22_años",	16023,"Chavinda","2020","535","267","268","2","14","523","12","12","0","0","0","0","0","4","518","13","4","13","0",
"Población_de_20_a_22_años",	16024,"Cherán","2020","991","467","524","115","5","976","14","14","0","0","0","0","1","2","980","8","3","24","0",
"Población_de_20_a_22_años",	16025,"Chilchota","2020","2,253","1,127","1,126","1,270","11","2,243","10","10","0","0","0","0","0","1","2,234","15","2","27","0",
"Población_de_20_a_22_años",	16026,"Chinicuila","2020","191","100","91","3","0","190","1","1","0","0","0","0","0","1","181","9","1","5","0",
"Población_de_20_a_22_años",	16027,"Chucándiro","2020","235","112","123","0","2","231","4","4","0","0","0","0","0","1","234","0","1","6","0",
"Población_de_20_a_22_años",	16028,"Churintzio","2020","191","84","107","0","0","188","3","3","0","0","0","0","0","0","188","3","0","5","0",
"Población_de_20_a_22_años",	16029,"Churumuco","2020","449","213","236","0","2","448","1","1","0","0","0","0","0","1","436","12","1","8","0",
"Población_de_20_a_22_años",	16030,"Ecuandureo","2020","521","243","278","1","3","509","11","11","0","0","0","0","1","3","510","5","6","6","0",
"Población_de_20_a_22_años",	16031,"Epitacio_Huerta","2020","633","268","365","1","2","631","2","2","0","0","0","0","0","4","579","49","5","23","0",
"Población_de_20_a_22_años",	16032,"Erongarícuaro","2020","686","344","342","79","1","686","0","0","0","0","0","0","0","0","675","11","0","8","0",
"Población_de_20_a_22_años",	16033,"Gabriel_Zamora","2020","1,043","498","545","2","58","1,037","6","6","0","0","0","0","0","0","1,033","9","1","14","0",
"Población_de_20_a_22_años",	16034,"Hidalgo","2020","6,499","3,216","3,283","5","76","6,419","79","79","0","0","0","0","1","11","6,403","78","18","152","0",
"Población_de_20_a_22_años",	16035,"La_Huacana","2020","1,259","623","636","3","43","1,247","10","10","0","0","0","0","2","1","1,238","17","2","29","0",
"Población_de_20_a_22_años",	16036,"Huandacareo","2020","521","246","275","1","3","505","16","16","0","0","0","0","0","0","508","12","1","14","0",
"Población_de_20_a_22_años",	16037,"Huaniqueo","2020","282","127","155","0","8","280","2","2","0","0","0","0","0","1","279","2","1","4","0",
"Población_de_20_a_22_años",	16038,"Huetamo","2020","1,867","898","969","1","28","1,829","37","37","0","0","0","0","1","7","1,804","52","9","21","0",
"Población_de_20_a_22_años",	16039,"Huiramba","2020","452","206","246","1","8","450","2","2","0","0","0","0","0","1","448","3","1","5","0",
"Población_de_20_a_22_años",	16040,"Indaparapeo","2020","988","499","489","0","7","982","6","6","0","0","0","0","0","0","976","9","3","26","0",
"Población_de_20_a_22_años",	16041,"Irimbo","2020","815","368","447","0","13","809","6","5","0","0","1","0","0","4","801","8","6","23","0",
"Población_de_20_a_22_años",	16042,"Ixtlán","2020","646","313","333","0","7","634","12","12","0","0","0","0","0","2","632","10","4","7","0",
"Población_de_20_a_22_años",	16043,"Jacona","2020","3,522","1,737","1,785","20","35","3,505","16","15","0","0","1","0","1","5","3,474","39","7","62","0",
"Población_de_20_a_22_años",	16044,"Jiménez","2020","537","253","284","1","5","530","7","7","0","0","0","0","0","1","524","9","4","11","0",
"Población_de_20_a_22_años",	16045,"Jiquilpan","2020","1,784","875","909","5","76","1,741","42","41","0","0","1","0","1","3","1,733","40","10","42","0",
"Población_de_20_a_22_años",	16046,"Juárez","2020","695","353","342","0","0","682","13","13","0","0","0","0","0","1","671","20","4","12","0",
"Población_de_20_a_22_años",	16047,"Jungapeo","2020","933","443","490","0","1","930","3","3","0","0","0","0","0","1","926","4","2","8","0",
"Población_de_20_a_22_años",	16048,"Lagunillas","2020","259","113","146","1","0","257","2","2","0","0","0","0","0","1","257","1","1","1","0",
"Población_de_20_a_22_años",	16049,"Madero","2020","953","439","514","0","4","945","8","8","0","0","0","0","0","2","938","12","2","11","0",
"Población_de_20_a_22_años",	16050,"Maravatío","2020","4,442","2,103","2,339","3","48","4,411","26","25","0","0","1","0","5","5","4,314","114","9","98","0",
"Población_de_20_a_22_años",	16051,"Marcos_Castellanos","2020","651","322","329","0","7","635","16","15","0","0","1","0","0","2","603","44","4","15","0",
"Población_de_20_a_22_años",	16052,"Lázaro_Cárdenas","2020","9,488","4,726","4,762","78","252","9,413","62","52","1","2","7","0","13","12","8,891","560","20","195","0",
"Población_de_20_a_22_años",	16053,"Morelia","2020","46,980","23,252","23,728","377","1,010","45,469","514","448","7","7","52","0","997","68","43,815","2,018","142","896","0",
"Población_de_20_a_22_años",	16054,"Morelos","2020","360","189","171","0","1","356","4","4","0","0","0","0","0","4","352","4","4","10","0",
"Población_de_20_a_22_años",	16055,"Múgica","2020","2,230","1,088","1,142","10","17","2,208","21","21","0","0","0","0","1","5","2,172","48","8","46","0",
"Población_de_20_a_22_años",	16056,"Nahuatzen","2020","1,654","844","810","709","88","1,644","9","9","0","0","0","0","1","3","1,629","21","4","22","0",
"Población_de_20_a_22_años",	16057,"Nocupétaro","2020","328","150","178","0","6","322","6","6","0","0","0","0","0","1","325","1","2","3","0",
"Población_de_20_a_22_años",	16058,"Nuevo_Parangaricutiro","2020","1,120","580","540","15","8","1,108","12","12","0","0","0","0","0","3","1,094","20","5","19","0",
"Población_de_20_a_22_años",	16059,"Nuevo_Urecho","2020","404","199","205","0","58","403","1","1","0","0","0","0","0","1","392","11","1","8","0",
"Población_de_20_a_22_años",	16060,"Numarán","2020","455","221","234","0","4","452","3","3","0","0","0","0","0","1","450","3","2","4","0",
"Población_de_20_a_22_años",	16061,"Ocampo","2020","1,362","690","672","4","13","1,361","1","1","0","0","0","0","0","0","1,333","29","0","31","0",
"Población_de_20_a_22_años",	16062,"Pajacuarán","2020","980","469","511","0","4","961","19","19","0","0","0","0","0","3","953","19","8","26","0",
"Población_de_20_a_22_años",	16063,"Panindícuaro","2020","669","302","367","1","5","666","3","3","0","0","0","0","0","1","665","2","2","10","0",
"Población_de_20_a_22_años",	16064,"Parácuaro","2020","1,321","627","694","15","4","1,306","15","15","0","0","0","0","0","2","1,286","30","5","24","0",
"Población_de_20_a_22_años",	16065,"Paracho","2020","1,966","957","1,009","510","12","1,940","26","26","0","0","0","0","0","4","1,941","17","8","35","0",
"Población_de_20_a_22_años",	16066,"Pátzcuaro","2020","4,833","2,457","2,376","214","116","4,805","28","27","0","0","1","0","0","4","4,744","80","8","83","0",
"Población_de_20_a_22_años",	16067,"Penjamillo","2020","721","346","375","0","5","711","9","9","0","0","0","0","1","3","704","12","5","11","0",
"Población_de_20_a_22_años",	16068,"Peribán","2020","1,524","813","711","22","9","1,509","12","12","0","0","0","0","3","2","1,460","59","3","33","0",
"Población_de_20_a_22_años",	16069,"La_Piedad","2020","5,221","2,610","2,611","18","78","5,152","66","61","0","3","2","0","3","13","5,038","135","25","83","0",
"Población_de_20_a_22_años",	16070,"Purépero","2020","721","350","371","0","10","707","14","14","0","0","0","0","0","2","709","7","5","12","0",
"Población_de_20_a_22_años",	16071,"Puruándiro","2020","3,312","1,565","1,747","2","22","3,275","34","34","0","0","0","0","3","15","3,246","41","22","79","0",
"Población_de_20_a_22_años",	16072,"Queréndaro","2020","705","352","353","0","4","696","8","8","0","0","0","0","1","4","690","11","4","31","0",
"Población_de_20_a_22_años",	16073,"Quiroga","2020","1,261","621","640","290","7","1,252","9","9","0","0","0","0","0","4","1,245","10","6","31","0",
"Población_de_20_a_22_años",	16074,"Cojumatlán_de_Régules","2020","488","249","239","0","5","476","11","11","0","0","0","0","1","1","474","9","5","13","0",
"Población_de_20_a_22_años",	16075,"Los_Reyes","2020","4,179","2,135","2,044","944","76","4,121","56","54","0","0","2","0","2","7","3,852","313","13","63","0",
"Población_de_20_a_22_años",	16076,"Sahuayo","2020","3,875","1,895","1,980","6","36","3,844","27","26","0","0","1","0","4","4","3,775","79","8","95","0",
"Población_de_20_a_22_años",	16077,"San_Lucas","2020","679","329","350","5","2","661","15","14","0","0","1","0","3","2","623","49","3","13","0",
"Población_de_20_a_22_años",	16078,"Santa_Ana_Maya","2020","593","304","289","0","3","582","10","10","0","0","0","0","1","5","573","14","5","11","0",
"Población_de_20_a_22_años",	16079,"Salvador_Escalante","2020","2,659","1,351","1,308","2","70","2,648","11","11","0","0","0","0","0","11","2,621","24","14","45","0",
"Población_de_20_a_22_años",	16080,"Senguio","2020","991","485","506","0","32","991","0","0","0","0","0","0","0","0","977","14","0","20","0",
"Población_de_20_a_22_años",	16081,"Susupuato","2020","400","199","201","2","1","398","2","2","0","0","0","0","0","0","385","15","0","8","0",
"Población_de_20_a_22_años",	16082,"Tacámbaro","2020","4,011","1,952","2,059","11","236","3,979","30","29","0","1","0","0","2","7","3,905","93","10","51","0",
"Población_de_20_a_22_años",	16083,"Tancítaro","2020","1,845","952","893","38","10","1,833","10","10","0","0","0","0","2","1","1,799","44","2","37","0",
"Población_de_20_a_22_años",	16084,"Tangamandapio","2020","1,703","838","865","386","20","1,686","17","17","0","0","0","0","0","2","1,674","21","8","18","0",
"Población_de_20_a_22_años",	16085,"Tangancícuaro","2020","1,723","821","902","44","16","1,696","27","26","0","0","1","0","0","2","1,694","23","6","19","0",
"Población_de_20_a_22_años",	16086,"Tanhuato","2020","731","342","389","4","0","726","5","5","0","0","0","0","0","0","724","6","1","14","1",
"Población_de_20_a_22_años",	16087,"Taretan","2020","759","379","380","3","0","754","4","4","0","0","0","0","1","0","737","20","1","22","0",
"Población_de_20_a_22_años",	16088,"Tarímbaro","2020","5,923","2,949","2,974","12","175","5,864","57","53","0","0","4","0","2","12","5,718","189","15","136","0",
"Población_de_20_a_22_años",	16089,"Tepalcatepec","2020","1,065","542","523","5","13","1,043","20","20","0","0","0","0","2","3","1,011","48","6","19","0",
"Población_de_20_a_22_años",	16090,"Tingambato","2020","789","395","394","13","50","785","4","4","0","0","0","0","0","0","775","13","1","19","0",
"Población_de_20_a_22_años",	16091,"Tingüindín","2020","687","336","351","42","12","674","13","13","0","0","0","0","0","2","667","18","2","8","0",
"Población_de_20_a_22_años",	16092,"Tiquicheo_de_Nicolás_Romero","2020","566","282","284","0","5","558","8","8","0","0","0","0","0","1","555","9","2","15","0",
"Población_de_20_a_22_años",	16093,"Tlalpujahua","2020","1,341","670","671","2","10","1,341","0","0","0","0","0","0","0","1","1,297","43","1","40","0",
"Población_de_20_a_22_años",	16094,"Tlazazalca","2020","232","122","110","1","0","226","6","6","0","0","0","0","0","2","226","3","3","5","0",
"Población_de_20_a_22_años",	16095,"Tocumbo","2020","546","277","269","5","6","538","8","8","0","0","0","0","0","2","505","36","4","12","0",
"Población_de_20_a_22_años",	16096,"Tumbiscatío","2020","278","138","140","2","2","277","1","1","0","0","0","0","0","0","272","6","0","3","0",
"Población_de_20_a_22_años",	16097,"Turicato","2020","1,246","628","618","9","8","1,239","7","7","0","0","0","0","0","2","1,215","29","2","25","0",
"Población_de_20_a_22_años",	16098,"Tuxpan","2020","1,248","602","646","0","15","1,238","9","9","0","0","0","0","1","5","1,226","17","5","19","0",
"Población_de_20_a_22_años",	16099,"Tuzantla","2020","579","272","307","2","4","569","9","9","0","0","0","0","1","2","564","9","4","14","0",
"Población_de_20_a_22_años",	16100,"Tzintzuntzan","2020","732","368","364","27","6","724","8","7","0","0","1","0","0","3","717","8","7","18","0",
"Población_de_20_a_22_años",	16101,"Tzitzio","2020","411","184","227","0","5","411","0","0","0","0","0","0","0","0","410","1","0","8","0",
"Población_de_20_a_22_años",	16102,"Uruapan","2020","18,860","9,342","9,518","1,166","328","18,682","152","144","1","2","3","2","26","27","18,410","361","46","380","0",
"Población_de_20_a_22_años",	16103,"Venustiano_Carranza","2020","1,053","504","549","1","20","1,028","25","25","0","0","0","0","0","6","1,002","33","18","19","0",
"Población_de_20_a_22_años",	16104,"Villamar","2020","673","341","332","0","8","660","13","13","0","0","0","0","0","2","667","1","5","9","0",
"Población_de_20_a_22_años",	16105,"Vista_Hermosa","2020","984","469","515","3","23","971","12","12","0","0","0","0","1","0","959","25","0","10","0",
"Población_de_20_a_22_años",	16106,"Yurécuaro","2020","1,642","783","859","66","52","1,631","11","11","0","0","0","0","0","3","1,580","58","4","23","4",
"Población_de_20_a_22_años",	16107,"Zacapu","2020","3,622","1,743","1,879","30","56","3,577","45","40","2","0","3","0","0","4","3,566","46","10","89","0",
"Población_de_20_a_22_años",	16108,"Zamora","2020","10,103","4,957","5,146","52","199","10,011","84","73","0","2","9","0","8","24","9,817","199","44","220","0",
"Población_de_20_a_22_años",	16109,"Zináparo","2020","129","68","61","1","2","123","5","5","0","0","0","0","1","0","126","1","1","3","0",
"Población_de_20_a_22_años",	16110,"Zinapécuaro","2020","2,329","1,110","1,219","0","14","2,288","38","38","0","0","0","0","3","4","2,276","44","7","61","0",
"Población_de_20_a_22_años",	16111,"Ziracuaretiro","2020","1,002","485","517","1","10","989","12","12","0","0","0","0","1","1","982","18","2","11","0",
"Población_de_20_a_22_años",	16112,"Zitácuaro","2020","7,810","3,866","3,944","148","95","7,777","33","31","0","0","2","0","0","8","7,634","147","13","137","0",
"Población_de_20_a_22_años",	16113,"José_Sixto_Verduzco","2020","1,084","535","549","0","2","1,067","17","16","0","0","1","0","0","2","1,047","33","4","25","0",
"Población_de_20_a_22_años",	17,"Morelos","2020","98,380","48,547","49,833","1,637","2,067","97,534","765","657","10","10","88","0","81","117","92,993","5,020","216","1,955","1",
"Población_de_20_a_22_años",	17001,"Amacuzac","2020","831","418","413","0","6","827","4","4","0","0","0","0","0","1","803","27","1","17","0",
"Población_de_20_a_22_años",	17002,"Atlatlahucan","2020","1,236","600","636","31","12","1,220","11","9","0","0","2","0","5","3","1,113","118","3","27","0",
"Población_de_20_a_22_años",	17003,"Axochiapan","2020","1,890","909","981","33","10","1,855","35","35","0","0","0","0","0","1","1,799","87","4","51","0",
"Población_de_20_a_22_años",	17004,"Ayala","2020","4,401","2,179","2,222","189","116","4,363","36","36","0","0","0","0","2","5","4,189","203","8","96","1",
"Población_de_20_a_22_años",	17005,"Coatlán_del_Río","2020","435","191","244","0","13","425","10","9","0","0","1","0","0","0","393","19","0","7","0",
"Población_de_20_a_22_años",	17006,"Cuautla","2020","9,365","4,642","4,723","194","229","9,272","82","71","2","0","9","0","11","8","8,927","410","16","168","0",
"Población_de_20_a_22_años",	17007,"Cuernavaca","2020","18,271","9,004","9,267","257","474","18,086","149","97","4","6","42","0","36","30","16,904","1,279","52","355","0",
"Población_de_20_a_22_años",	17008,"Emiliano_Zapata","2020","5,562","2,782","2,780","19","102","5,521","40","31","0","1","8","0","1","9","5,176","370","16","100","0",
"Población_de_20_a_22_años",	17009,"Huitzilac","2020","1,236","601","635","11","22","1,231","5","3","0","1","1","0","0","0","1,150","83","2","34","0",
"Población_de_20_a_22_años",	17010,"Jantetelco","2020","909","478","431","2","7","902","7","6","0","0","1","0","0","1","865","41","3","22","0",
"Población_de_20_a_22_años",	17011,"Jiutepec","2020","10,960","5,380","5,580","94","264","10,897","56","46","1","1","8","0","7","15","10,428","499","26","186","0",
"Población_de_20_a_22_años",	17012,"Jojutla","2020","2,821","1,402","1,419","27","23","2,785","36","35","1","0","0","0","0","3","2,693","121","7","58","0",
"Población_de_20_a_22_años",	17013,"Jonacatepec","2020","801","395","406","23","8","795","6","6","0","0","0","0","0","0","747","54","0","16","0",
"Población_de_20_a_22_años",	17014,"Mazatepec","2020","501","222","279","4","11","498","3","3","0","0","0","0","0","1","477","23","1","6","0",
"Población_de_20_a_22_años",	17015,"Miacatlán","2020","795","407","388","8","32","789","6","6","0","0","0","0","0","1","762","32","1","16","0",
"Población_de_20_a_22_años",	17016,"Ocuituco","2020","1,023","507","516","2","6","1,020","3","3","0","0","0","0","0","0","1,004","19","0","20","0",
"Población_de_20_a_22_años",	17017,"Puente_de_Ixtla","2020","1,967","949","1,018","11","102","1,955","12","11","0","0","1","0","0","2","1,875","86","5","40","0",
"Población_de_20_a_22_años",	17018,"Temixco","2020","6,177","3,046","3,131","275","115","6,132","42","40","1","0","1","0","3","12","5,845","312","16","148","0",
"Población_de_20_a_22_años",	17019,"Tepalcingo","2020","1,299","643","656","3","20","1,281","18","18","0","0","0","0","0","1","1,245","52","2","26","0",
"Población_de_20_a_22_años",	17020,"Tepoztlán","2020","2,826","1,397","1,429","114","57","2,801","22","20","0","0","2","0","3","2","2,658","159","6","60","0",
"Población_de_20_a_22_años",	17021,"Tetecala","2020","368","169","199","0","2","364","4","4","0","0","0","0","0","0","360","8","0","2","0",
"Población_de_20_a_22_años",	17022,"Tetela_del_Volcán","2020","782","388","394","23","6","780","2","2","0","0","0","0","0","0","769","13","0","21","0",
"Población_de_20_a_22_años",	17023,"Tlalnepantla","2020","364","194","170","14","0","363","0","0","0","0","0","0","1","0","347","17","0","6","0",
"Población_de_20_a_22_años",	17024,"Tlaltizapán_de_Zapata","2020","2,666","1,359","1,307","40","19","2,641","25","25","0","0","0","0","0","2","2,585","73","7","53","0",
"Población_de_20_a_22_años",	17025,"Tlaquiltenango","2020","1,651","811","840","6","16","1,637","13","13","0","0","0","0","1","1","1,587","61","3","30","0",
"Población_de_20_a_22_años",	17026,"Tlayacapan","2020","983","505","478","30","15","977","5","5","0","0","0","0","1","1","957","25","1","24","0",
"Población_de_20_a_22_años",	17027,"Totolapan","2020","590","293","297","7","6","584","5","5","0","0","0","0","1","0","551","38","0","22","0",
"Población_de_20_a_22_años",	17028,"Xochitepec","2020","3,649","1,816","1,833","37","110","3,621","25","23","0","0","2","0","3","8","3,394","190","12","73","0",
"Población_de_20_a_22_años",	17029,"Yautepec","2020","5,190","2,572","2,618","55","162","5,146","42","34","0","0","8","0","2","6","4,956","218","14","103","0",
"Población_de_20_a_22_años",	17030,"Yecapixtla","2020","2,921","1,466","1,455","30","33","2,895","23","21","1","0","1","0","3","2","2,767","148","3","62","0",
"Población_de_20_a_22_años",	17031,"Zacatepec","2020","1,767","871","896","6","25","1,741","26","25","0","1","0","0","0","0","1,694","71","2","36","0",
"Población_de_20_a_22_años",	17032,"Zacualpan_de_Amilpas","2020","463","230","233","0","2","459","4","4","0","0","0","0","0","0","447","15","1","17","0",
"Población_de_20_a_22_años",	17033,"Temoac","2020","1,089","404","685","14","11","1,085","4","4","0","0","0","0","0","2","973","112","3","16","0",
"Población_de_20_a_22_años",	17034,"Coatetelco","2020","566","282","284","1","5","566","0","0","0","0","0","0","0","0","562","4","0","16","0",
"Población_de_20_a_22_años",	17035,"Xoxocotla","2020","1,590","835","755","15","22","1,586","3","2","0","0","1","0","1","0","1,571","18","1","18","0",
"Población_de_20_a_22_años",	17036,"Hueyapan","2020","435","200","235","62","4","434","1","1","0","0","0","0","0","0","420","15","0","3","0",
"Población_de_20_a_22_años",	18,"Nayarit","2020","59,685","30,012","29,673","4,079","548","58,944","698","656","3","5","34","0","43","120","55,813","3,602","223","1,334","3",
"Población_de_20_a_22_años",	18001,"Acaponeta","2020","1,688","823","865","24","4","1,676","12","12","0","0","0","0","0","3","1,617","65","6","34","0",
"Población_de_20_a_22_años",	18002,"Ahuacatlán","2020","656","327","329","3","4","645","11","11","0","0","0","0","0","3","617","36","3","19","0",
"Población_de_20_a_22_años",	18003,"Amatlán_de_Cañas","2020","420","199","221","1","3","409","11","11","0","0","0","0","0","2","384","32","4","11","0",
"Población_de_20_a_22_años",	18004,"Compostela","2020","3,475","1,766","1,709","55","30","3,381","92","89","0","0","3","0","2","10","3,232","219","22","74","0",
"Población_de_20_a_22_años",	18005,"Huajicori","2020","510","240","270","94","1","508","1","1","0","0","0","0","1","1","495","14","1","3","0",
"Población_de_20_a_22_años",	18006,"Ixtlán_del_Río","2020","1,348","665","683","16","6","1,327","21","20","0","0","1","0","0","4","1,294","45","9","20","0",
"Población_de_20_a_22_años",	18007,"Jala","2020","860","479","381","8","4","853","7","7","0","0","0","0","0","3","823","31","6","19","0",
"Población_de_20_a_22_años",	18008,"Xalisco","2020","3,378","1,662","1,716","66","38","3,343","34","34","0","0","0","0","1","2","3,207","160","8","58","0",
"Población_de_20_a_22_años",	18009,"Del_Nayar","2020","2,372","1,202","1,170","2,139","27","2,359","3","3","0","0","0","0","10","0","2,337","29","1","56","0",
"Población_de_20_a_22_años",	18010,"Rosamorada","2020","1,403","717","686","77","4","1,388","15","15","0","0","0","0","0","2","1,364","35","4","35","0",
"Población_de_20_a_22_años",	18011,"Ruíz","2020","1,207","625","582","157","6","1,198","8","8","0","0","0","0","1","0","1,187","20","0","23","0",
"Población_de_20_a_22_años",	18012,"San_Blas","2020","1,761","898","863","65","13","1,729","31","31","0","0","0","0","1","4","1,658","94","9","33","0",
"Población_de_20_a_22_años",	18013,"San_Pedro_Lagunillas","2020","275","137","138","2","4","273","2","2","0","0","0","0","0","1","263","11","1","5","0",
"Población_de_20_a_22_años",	18014,"Santa_María_del_Oro","2020","1,145","587","558","113","1","1,136","9","9","0","0","0","0","0","3","1,090","50","5","25","0",
"Población_de_20_a_22_años",	18015,"Santiago_Ixcuintla","2020","4,192","2,194","1,998","92","93","4,161","31","31","0","0","0","0","0","5","4,073","111","8","89","3",
"Población_de_20_a_22_años",	18016,"Tecuala","2020","1,473","725","748","4","7","1,461","12","12","0","0","0","0","0","2","1,427","40","6","36","0",
"Población_de_20_a_22_años",	18017,"Tepic","2020","22,316","11,135","11,181","706","175","22,048","256","237","1","2","16","0","12","49","21,364","840","83","549","0",
"Población_de_20_a_22_años",	18018,"Tuxpan","2020","1,354","659","695","12","12","1,343","11","11","0","0","0","0","0","2","1,317","34","3","34","0",
"Población_de_20_a_22_años",	18019,"La_Yesca","2020","592","295","297","322","1","585","6","6","0","0","0","0","1","0","578","14","0","17","0",
"Población_de_20_a_22_años",	18020,"Bahía_de_Banderas","2020","9,260","4,677","4,583","123","115","9,121","125","106","2","3","14","0","14","24","7,486","1,722","44","194","0",
"Población_de_20_a_22_años",	19,"Nuevo_León","2020","308,291","156,583","151,708","6,876","5,443","304,631","2,820","1,405","56","234","1,121","4","840","460","273,406","32,427","1,611","4,909","12",
"Población_de_20_a_22_años",	19001,"Abasolo","2020","162","76","86","0","0","159","3","3","0","0","0","0","0","0","159","1","2","4","0",
"Población_de_20_a_22_años",	19002,"Agualeguas","2020","124","64","60","0","0","115","9","9","0","0","0","0","0","2","113","5","6","3","0",
"Población_de_20_a_22_años",	19003,"Los_Aldamas","2020","41","20","21","0","0","31","10","10","0","0","0","0","0","0","39","1","1","0","0",
"Población_de_20_a_22_años",	19004,"Allende","2020","1,824","932","892","9","15","1,810","11","9","0","0","2","0","3","3","1,747","69","5","27","0",
"Población_de_20_a_22_años",	19005,"Anáhuac","2020","788","415","373","0","3","759","27","27","0","0","0","0","2","3","758","22","7","12","0",
"Población_de_20_a_22_años",	19006,"Apodaca","2020","36,213","18,704","17,509","369","516","35,914","204","110","1","21","72","0","95","39","33,168","2,851","109","526","0",
"Población_de_20_a_22_años",	19007,"Aramberri","2020","591","298","293","0","3","590","1","1","0","0","0","0","0","0","582","8","1","9","0",
"Población_de_20_a_22_años",	19008,"Bustamante","2020","168","90","78","1","13","166","2","2","0","0","0","0","0","0","163","5","0","4","0",
"Población_de_20_a_22_años",	19009,"Cadereyta_Jiménez","2020","6,237","3,160","3,077","128","83","6,084","42","30","0","0","12","0","111","8","5,606","496","25","89","0",
"Población_de_20_a_22_años",	19010,"El_Carmen","2020","5,546","2,668","2,878","353","55","5,489","36","16","0","0","20","0","21","2","4,031","1,480","22","105","0",
"Población_de_20_a_22_años",	19011,"Cerralvo","2020","303","151","152","1","2","290","13","13","0","0","0","0","0","1","281","18","4","8","0",
"Población_de_20_a_22_años",	19012,"Ciénega_de_Flores","2020","4,123","2,056","2,067","215","117","4,081","33","14","1","3","15","0","9","6","2,883","1,218","22","63","0",
"Población_de_20_a_22_años",	19013,"China","2020","375","195","180","0","1","360","15","15","0","0","0","0","0","0","365","4","4","6","0",
"Población_de_20_a_22_años",	19014,"Doctor_Arroyo","2020","1,501","728","773","2","12","1,491","9","9","0","0","0","0","1","2","1,461","37","2","55","0",
"Población_de_20_a_22_años",	19015,"Doctor_Coss","2020","52","27","25","0","0","46","6","6","0","0","0","0","0","0","50","1","1","1","0",
"Población_de_20_a_22_años",	19016,"Doctor_González","2020","162","90","72","2","5","160","2","2","0","0","0","0","0","0","152","10","0","3","0",
"Población_de_20_a_22_años",	19017,"Galeana","2020","1,832","947","885","0","11","1,824","8","8","0","0","0","0","0","0","1,776","54","2","42","0",
"Población_de_20_a_22_años",	19018,"García","2020","20,063","10,026","10,037","1,136","330","19,909","136","51","4","29","52","0","18","17","16,248","3,699","90","426","0",
"Población_de_20_a_22_años",	19019,"San_Pedro_Garza_García","2020","6,898","3,190","3,708","340","142","6,611","174","113","0","16","45","0","113","27","5,755","966","64","70","0",
"Población_de_20_a_22_años",	19020,"General_Bravo","2020","224","110","114","2","0","205","19","19","0","0","0","0","0","1","208","11","5","8","0",
"Población_de_20_a_22_años",	19021,"General_Escobedo","2020","26,934","13,670","13,264","405","587","26,760","144","59","3","14","68","0","30","29","24,911","1,882","94","501","0",
"Población_de_20_a_22_años",	19022,"General_Terán","2020","580","265","315","3","32","565","15","15","0","0","0","0","0","3","559","14","7","5","0",
"Población_de_20_a_22_años",	19023,"General_Treviño","2020","50","24","26","0","0","43","7","6","0","0","1","0","0","0","46","4","0","1","0",
"Población_de_20_a_22_años",	19024,"General_Zaragoza","2020","261","149","112","0","0","260","1","1","0","0","0","0","0","1","259","1","1","4","0",
"Población_de_20_a_22_años",	19025,"General_Zuazua","2020","5,861","2,908","2,953","338","82","5,825","18","10","1","0","7","0","18","7","4,096","1,734","11","110","0",
"Población_de_20_a_22_años",	19026,"Guadalupe","2020","33,707","17,447","16,260","362","575","33,361","313","162","2","16","133","0","33","53","31,984","1,501","189","499","12",
"Población_de_20_a_22_años",	19027,"Los_Herreras","2020","62","28","34","0","0","56","6","6","0","0","0","0","0","0","58","0","4","1","0",
"Población_de_20_a_22_años",	19028,"Higueras","2020","55","28","27","0","0","55","0","0","0","0","0","0","0","0","49","6","0","1","0",
"Población_de_20_a_22_años",	19029,"Hualahuises","2020","338","160","178","0","1","336","2","2","0","0","0","0","0","0","336","1","1","4","0",
"Población_de_20_a_22_años",	19030,"Iturbide","2020","155","89","66","0","0","155","0","0","0","0","0","0","0","0","155","0","0","3","0",
"Población_de_20_a_22_años",	19031,"Juárez","2020","25,318","12,653","12,665","637","472","25,148","150","59","6","8","77","0","20","20","22,376","2,830","87","414","0",
"Población_de_20_a_22_años",	19032,"Lampazos_de_Naranjo","2020","214","106","108","0","1","208","6","6","0","0","0","0","0","1","209","4","1","3","0",
"Población_de_20_a_22_años",	19033,"Linares","2020","4,390","2,199","2,191","3","24","4,358","32","31","0","0","1","0","0","10","4,236","143","11","67","0",
"Población_de_20_a_22_años",	19034,"Marín","2020","271","144","127","7","1","267","4","3","0","0","1","0","0","1","245","24","2","6","0",
"Población_de_20_a_22_años",	19035,"Melchor_Ocampo","2020","56","27","29","0","0","55","1","1","0","0","0","0","0","0","53","3","0","1","0",
"Población_de_20_a_22_años",	19036,"Mier_y_Noriega","2020","343","166","177","0","1","338","5","5","0","0","0","0","0","1","332","8","3","13","0",
"Población_de_20_a_22_años",	19037,"Mina","2020","315","161","154","1","3","314","0","0","0","0","0","0","1","1","305","8","1","8","0",
"Población_de_20_a_22_años",	19038,"Montemorelos","2020","3,592","1,835","1,757","11","56","3,495","97","40","2","0","55","0","0","10","3,229","296","65","42","0",
"Población_de_20_a_22_años",	19039,"Monterrey","2020","60,407","30,929","29,478","1,020","1,062","59,308","840","271","30","105","431","3","259","129","54,257","5,313","567","981","0",
"Población_de_20_a_22_años",	19040,"Parás","2020","35","19","16","0","1","34","1","1","0","0","0","0","0","0","33","2","0","0","0",
"Población_de_20_a_22_años",	19041,"Pesquería","2020","8,826","4,414","4,412","703","157","8,785","27","15","0","0","12","0","14","11","5,401","3,388","25","154","0",
"Población_de_20_a_22_años",	19042,"Los_Ramones","2020","220","106","114","0","1","195","25","25","0","0","0","0","0","0","206","10","4","5","0",
"Población_de_20_a_22_años",	19043,"Rayones","2020","82","49","33","0","0","82","0","0","0","0","0","0","0","0","79","3","0","0","0",
"Población_de_20_a_22_años",	19044,"Sabinas_Hidalgo","2020","1,779","905","874","5","4","1,744","33","29","1","0","3","0","2","4","1,733","38","7","25","0",
"Población_de_20_a_22_años",	19045,"Salinas_Victoria","2020","5,086","2,481","2,605","233","64","5,054","24","13","0","1","10","0","8","4","3,788","1,287","10","66","0",
"Población_de_20_a_22_años",	19046,"San_Nicolás_de_los_Garza","2020","21,710","11,291","10,419","208","484","21,482","186","95","5","10","75","1","42","35","20,042","1,535","93","224","0",
"Población_de_20_a_22_años",	19047,"Hidalgo","2020","834","422","412","1","4","826","2","2","0","0","0","0","6","0","812","16","0","10","0",
"Población_de_20_a_22_años",	19048,"Santa_Catarina","2020","17,169","8,712","8,457","322","413","17,038","102","66","0","11","25","0","29","23","15,799","1,293","49","267","0",
"Población_de_20_a_22_años",	19049,"Santiago","2020","2,209","1,136","1,073","58","110","2,186","18","14","0","0","4","0","5","6","2,075","120","7","30","0",
"Población_de_20_a_22_años",	19050,"Vallecillo","2020","59","29","30","1","0","59","0","0","0","0","0","0","0","0","53","6","0","1","0",
"Población_de_20_a_22_años",	19051,"Villaldama","2020","146","84","62","0","0","145","1","1","0","0","0","0","0","0","145","1","0","2","0",
"Población_de_20_a_22_años",	20,"Oaxaca","2020","185,984","89,029","96,955","50,725","9,509","185,202","684","576","16","1","83","8","98","205","179,702","5,784","348","4,799","2",
"Población_de_20_a_22_años",	20001,"Abejones","2020","45","17","28","45","0","45","0","0","0","0","0","0","0","0","45","0","0","0","0",
"Población_de_20_a_22_años",	20002,"Acatlán_de_Pérez_Figueroa","2020","1,981","986","995","158","16","1,976","5","2","1","0","2","0","0","1","1,894","85","2","60","0",
"Población_de_20_a_22_años",	20003,"Asunción_Cacalotepec","2020","100","48","52","96","0","100","0","0","0","0","0","0","0","0","98","2","0","2","0",
"Población_de_20_a_22_años",	20004,"Asunción_Cuyotepeji","2020","56","29","27","0","0","56","0","0","0","0","0","0","0","0","55","1","0","1","0",
"Población_de_20_a_22_años",	20005,"Asunción_Ixtaltepec","2020","498","258","240","116","17","498","0","0","0","0","0","0","0","0","467","31","0","15","0",
"Población_de_20_a_22_años",	20006,"Asunción_Nochixtlán","2020","939","465","474","44","33","937","2","2","0","0","0","0","0","0","901","38","0","34","0",
"Población_de_20_a_22_años",	20007,"Asunción_Ocotlán","2020","91","41","50","71","3","90","1","1","0","0","0","0","0","0","89","1","1","2","0",
"Población_de_20_a_22_años",	20008,"Asunción_Tlacolulita","2020","16","7","9","0","1","16","0","0","0","0","0","0","0","0","16","0","0","0","0",
"Población_de_20_a_22_años",	20009,"Ayotzintepec","2020","265","109","156","118","2","265","0","0","0","0","0","0","0","0","258","7","0","9","0",
"Población_de_20_a_22_años",	20010,"El_Barrio_de_la_Soledad","2020","394","216","178","9","8","393","1","0","0","0","1","0","0","1","376","16","2","10","0",
"Población_de_20_a_22_años",	20011,"Calihualá","2020","64","26","38","38","0","64","0","0","0","0","0","0","0","0","62","2","0","2","0",
"Población_de_20_a_22_años",	20012,"Candelaria_Loxicha","2020","555","270","285","360","19","555","0","0","0","0","0","0","0","0","548","7","0","14","0",
"Población_de_20_a_22_años",	20013,"Ciénega_de_Zimatlán","2020","118","63","55","1","3","115","3","3","0","0","0","0","0","0","118","0","0","2","0",
"Población_de_20_a_22_años",	20014,"Ciudad_Ixtepec","2020","1,164","535","629","69","57","1,158","5","0","0","0","5","0","1","1","1,081","77","5","35","2",
"Población_de_20_a_22_años",	20015,"Coatecas_Altas","2020","281","136","145","173","0","280","1","1","0","0","0","0","0","1","272","8","1","3","0",
"Población_de_20_a_22_años",	20016,"Coicoyán_de_las_Flores","2020","481","221","260","470","1","479","1","0","0","0","0","1","1","0","467","14","0","4","0",
"Población_de_20_a_22_años",	20017,"La_Compañía","2020","165","87","78","1","0","161","4","4","0","0","0","0","0","1","156","6","3","1","0",
"Población_de_20_a_22_años",	20018,"Concepción_Buenavista","2020","23","12","11","0","0","23","0","0","0","0","0","0","0","0","22","1","0","1","0",
"Población_de_20_a_22_años",	20019,"Concepción_Pápalo","2020","75","31","44","9","13","75","0","0","0","0","0","0","0","0","72","3","0","1","0",
"Población_de_20_a_22_años",	20020,"Constancia_del_Rosario","2020","205","82","123","134","5","204","1","1","0","0","0","0","0","2","187","16","2","8","0",
"Población_de_20_a_22_años",	20021,"Cosolapa","2020","662","339","323","13","7","662","0","0","0","0","0","0","0","0","609","53","0","16","0",
"Población_de_20_a_22_años",	20022,"Cosoltepec","2020","10","4","6","0","0","10","0","0","0","0","0","0","0","0","9","1","0","1","0",
"Población_de_20_a_22_años",	20023,"Cuilápam_de_Guerrero","2020","1,312","630","682","84","39","1,308","3","3","0","0","0","0","1","4","1,280","28","4","29","0",
"Población_de_20_a_22_años",	20024,"Cuyamecalco_Villa_de_Zaragoza","2020","108","58","50","9","0","108","0","0","0","0","0","0","0","0","105","3","0","3","0",
"Población_de_20_a_22_años",	20025,"Chahuites","2020","481","227","254","6","17","480","1","0","0","0","1","0","0","0","456","25","0","7","0",
"Población_de_20_a_22_años",	20026,"Chalcatongo_de_Hidalgo","2020","354","145","209","62","4","353","1","1","0","0","0","0","0","0","340","14","0","9","0",
"Población_de_20_a_22_años",	20027,"Chiquihuitlán_de_Benito_Juárez","2020","72","31","41","20","8","72","0","0","0","0","0","0","0","1","65","6","1","3","0",
"Población_de_20_a_22_años",	20028,"Heroica_Ciudad_de_Ejutla_de_Crespo","2020","1,062","533","529","13","38","1,054","7","6","0","0","1","0","1","1","1,037","23","2","31","0",
"Población_de_20_a_22_años",	20029,"Eloxochitlán_de_Flores_Magón","2020","127","52","75","114","3","127","0","0","0","0","0","0","0","0","117","10","0","3","0",
"Población_de_20_a_22_años",	20030,"El_Espinal","2020","310","159","151","21","19","310","0","0","0","0","0","0","0","0","294","16","0","6","0",
"Población_de_20_a_22_años",	20031,"Tamazulápam_del_Espíritu_Santo","2020","249","119","130","224","2","248","1","1","0","0","0","0","0","1","237","11","1","8","0",
"Población_de_20_a_22_años",	20032,"Fresnillo_de_Trujano","2020","44","27","17","0","1","44","0","0","0","0","0","0","0","0","37","7","0","1","0",
"Población_de_20_a_22_años",	20033,"Guadalupe_Etla","2020","135","61","74","3","9","134","1","1","0","0","0","0","0","0","133","2","0","1","0",
"Población_de_20_a_22_años",	20034,"Guadalupe_de_Ramírez","2020","35","17","18","0","0","33","2","2","0","0","0","0","0","0","31","3","1","3","0",
"Población_de_20_a_22_años",	20035,"Guelatao_de_Juárez","2020","15","7","8","2","1","15","0","0","0","0","0","0","0","0","14","1","0","0","0",
"Población_de_20_a_22_años",	20036,"Guevea_de_Humboldt","2020","197","94","103","48","0","197","0","0","0","0","0","0","0","0","196","1","0","6","0",
"Población_de_20_a_22_años",	20037,"Mesones_Hidalgo","2020","218","94","124","69","2","218","0","0","0","0","0","0","0","2","207","9","2","8","0",
"Población_de_20_a_22_años",	20038,"Villa_Hidalgo","2020","61","26","35","47","6","61","0","0","0","0","0","0","0","0","60","1","0","1","0",
"Población_de_20_a_22_años",	20039,"Heroica_Ciudad_de_Huajuapan_de_León","2020","3,702","1,824","1,878","143","107","3,669","28","27","0","0","1","0","5","1","3,584","110","3","104","0",
"Población_de_20_a_22_años",	20040,"Huautepec","2020","232","114","118","227","5","232","0","0","0","0","0","0","0","0","223","9","0","11","0",
"Población_de_20_a_22_años",	20041,"Huautla_de_Jiménez","2020","1,132","564","568","849","17","1,132","0","0","0","0","0","0","0","0","1,062","70","0","37","0",
"Población_de_20_a_22_años",	20042,"Ixtlán_de_Juárez","2020","409","198","211","206","9","409","0","0","0","0","0","0","0","0","403","6","0","12","0",
"Población_de_20_a_22_años",	20043,"Heroica_Ciudad_de_Juchitán_de_Zaragoza","2020","5,620","2,776","2,844","2,963","103","5,582","15","1","4","0","4","6","23","0","5,491","101","3","95","0",
"Población_de_20_a_22_años",	20044,"Loma_Bonita","2020","1,726","821","905","37","110","1,717","8","6","0","0","2","0","1","2","1,591","130","4","63","0",
"Población_de_20_a_22_años",	20045,"Magdalena_Apasco","2020","412","214","198","7","24","409","2","2","0","0","0","0","1","0","401","10","0","9","0",
"Población_de_20_a_22_años",	20046,"Magdalena_Jaltepec","2020","98","49","49","2","6","97","1","0","1","0","0","0","0","0","95","2","1","5","0",
"Población_de_20_a_22_años",	20047,"Santa_Magdalena_Jicotlán","2020","3","2","1","0","0","3","0","0","0","0","0","0","0","0","3","0","0","0","0",
"Población_de_20_a_22_años",	20048,"Magdalena_Mixtepec","2020","80","40","40","2","14","80","0","0","0","0","0","0","0","0","80","0","0","1","0",
"Población_de_20_a_22_años",	20049,"Magdalena_Ocotlán","2020","45","24","21","1","16","45","0","0","0","0","0","0","0","0","45","0","0","2","0",
"Población_de_20_a_22_años",	20050,"Magdalena_Peñasco","2020","111","42","69","102","0","111","0","0","0","0","0","0","0","1","101","9","1","4","0",
"Población_de_20_a_22_años",	20051,"Magdalena_Teitipac","2020","220","101","119","197","0","218","2","2","0","0","0","0","0","0","206","14","0","5","0",
"Población_de_20_a_22_años",	20052,"Magdalena_Tequisistlán","2020","203","102","101","2","4","203","0","0","0","0","0","0","0","1","200","2","1","7","0",
"Población_de_20_a_22_años",	20053,"Magdalena_Tlacotepec","2020","48","26","22","0","0","48","0","0","0","0","0","0","0","0","46","2","0","0","0",
"Población_de_20_a_22_años",	20054,"Magdalena_Zahuatlán","2020","21","8","13","0","0","21","0","0","0","0","0","0","0","0","19","2","0","0","0",
"Población_de_20_a_22_años",	20055,"Mariscala_de_Juárez","2020","163","71","92","1","1","163","0","0","0","0","0","0","0","0","153","10","0","9","0",
"Población_de_20_a_22_años",	20056,"Mártires_de_Tacubaya","2020","64","27","37","0","55","63","1","1","0","0","0","0","0","0","57","6","1","5","0",
"Población_de_20_a_22_años",	20057,"Matías_Romero_Avendaño","2020","1,495","735","760","91","45","1,492","3","3","0","0","0","0","0","1","1,403","91","1","42","0",
"Población_de_20_a_22_años",	20058,"Mazatlán_Villa_de_Flores","2020","380","177","203","293","4","380","0","0","0","0","0","0","0","0","363","17","0","22","0",
"Población_de_20_a_22_años",	20059,"Miahuatlán_de_Porfirio_Díaz","2020","2,517","1,161","1,356","259","74","2,508","9","7","0","0","2","0","0","2","2,425","59","2","74","0",
"Población_de_20_a_22_años",	20060,"Mixistlán_de_la_Reforma","2020","77","31","46","77","1","77","0","0","0","0","0","0","0","0","76","1","0","1","0",
"Población_de_20_a_22_años",	20061,"Monjas","2020","121","42","79","6","0","120","1","1","0","0","0","0","0","0","113","8","0","8","0",
"Población_de_20_a_22_años",	20062,"Natividad","2020","15","7","8","0","1","15","0","0","0","0","0","0","0","0","15","0","0","0","0",
"Población_de_20_a_22_años",	20063,"Nazareno_Etla","2020","199","102","97","2","7","197","2","1","0","0","1","0","0","1","197","1","1","7","0",
"Población_de_20_a_22_años",	20064,"Nejapa_de_Madero","2020","379","199","180","56","4","378","1","0","0","0","1","0","0","2","374","3","2","4","0",
"Población_de_20_a_22_años",	20065,"Ixpantepec_Nieves","2020","32","14","18","13","1","31","1","1","0","0","0","0","0","1","28","3","1","0","0",
"Población_de_20_a_22_años",	20066,"Santiago_Niltepec","2020","155","75","80","0","0","155","0","0","0","0","0","0","0","0","149","6","0","5","0",
"Población_de_20_a_22_años",	20067,"Oaxaca_de_Juárez","2020","13,101","6,384","6,717","967","544","13,027","58","43","3","1","11","0","16","5","12,695","363","23","261","0",
"Población_de_20_a_22_años",	20068,"Ocotlán_de_Morelos","2020","1,258","650","608","23","11","1,253","4","4","0","0","0","0","1","0","1,228","27","1","35","0",
"Población_de_20_a_22_años",	20069,"La_Pe","2020","168","87","81","3","4","168","0","0","0","0","0","0","0","2","163","3","2","5","0",
"Población_de_20_a_22_años",	20070,"Pinotepa_de_Don_Luis","2020","220","107","113","176","6","220","0","0","0","0","0","0","0","0","215","5","0","12","0",
"Población_de_20_a_22_años",	20071,"Pluma_Hidalgo","2020","167","83","84","6","2","167","0","0","0","0","0","0","0","0","164","3","0","4","0",
"Población_de_20_a_22_años",	20072,"San_José_del_Progreso","2020","429","201","228","7","22","429","0","0","0","0","0","0","0","1","417","11","1","14","0",
"Población_de_20_a_22_años",	20073,"Putla_Villa_de_Guerrero","2020","1,538","684","854","429","84","1,524","14","14","0","0","0","0","0","0","1,482","55","1","55","0",
"Población_de_20_a_22_años",	20074,"Santa_Catarina_Quioquitani","2020","16","11","5","14","0","16","0","0","0","0","0","0","0","0","16","0","0","0","0",
"Población_de_20_a_22_años",	20075,"Reforma_de_Pineda","2020","77","36","41","0","3","77","0","0","0","0","0","0","0","0","70","7","0","2","0",
"Población_de_20_a_22_años",	20076,"La_Reforma","2020","217","110","107","4","18","216","1","1","0","0","0","0","0","0","214","3","0","8","0",
"Población_de_20_a_22_años",	20077,"Reyes_Etla","2020","187","89","98","3","2","187","0","0","0","0","0","0","0","0","182","5","0","4","0",
"Población_de_20_a_22_años",	20078,"Rojas_de_Cuauhtémoc","2020","52","27","25","0","0","51","1","1","0","0","0","0","0","0","52","0","0","2","0",
"Población_de_20_a_22_años",	20079,"Salina_Cruz","2020","3,475","1,688","1,787","59","41","3,463","8","3","0","0","5","0","4","0","3,364","103","6","63","0",
"Población_de_20_a_22_años",	20080,"San_Agustín_Amatengo","2020","51","25","26","0","2","50","1","1","0","0","0","0","0","0","48","3","0","2","0",
"Población_de_20_a_22_años",	20081,"San_Agustín_Atenango","2020","63","32","31","12","1","62","1","1","0","0","0","0","0","1","62","0","1","2","0",
"Población_de_20_a_22_años",	20082,"San_Agustín_Chayuco","2020","186","77","109","84","3","186","0","0","0","0","0","0","0","0","178","8","0","6","0",
"Población_de_20_a_22_años",	20083,"San_Agustín_de_las_Juntas","2020","663","329","334","58","12","661","2","1","0","0","1","0","0","0","648","15","0","6","0",
"Población_de_20_a_22_años",	20084,"San_Agustín_Etla","2020","170","83","87","1","4","168","2","2","0","0","0","0","0","0","167","3","0","2","0",
"Población_de_20_a_22_años",	20085,"San_Agustín_Loxicha","2020","1,250","604","646","1,104","19","1,250","0","0","0","0","0","0","0","2","1,238","9","2","36","0",
"Población_de_20_a_22_años",	20086,"San_Agustín_Tlacotepec","2020","25","12","13","10","1","25","0","0","0","0","0","0","0","0","24","1","0","1","0",
"Población_de_20_a_22_años",	20087,"San_Agustín_Yatareni","2020","309","145","164","22","3","308","1","1","0","0","0","0","0","0","296","12","1","5","0",
"Población_de_20_a_22_años",	20088,"San_Andrés_Cabecera_Nueva","2020","112","61","51","1","4","111","1","1","0","0","0","0","0","0","110","2","0","2","0",
"Población_de_20_a_22_años",	20089,"San_Andrés_Dinicuiti","2020","105","57","48","0","6","105","0","0","0","0","0","0","0","0","104","1","0","0","0",
"Población_de_20_a_22_años",	20090,"San_Andrés_Huaxpaltepec","2020","246","109","137","44","33","246","0","0","0","0","0","0","0","0","242","4","0","8","0",
"Población_de_20_a_22_años",	20091,"San_Andrés_Huayápam","2020","275","151","124","16","8","271","4","2","0","0","2","0","0","1","263","10","1","3","0",
"Población_de_20_a_22_años",	20092,"San_Andrés_Ixtlahuaca","2020","64","25","39","8","0","59","5","5","0","0","0","0","0","0","63","0","1","1","0",
"Población_de_20_a_22_años",	20093,"San_Andrés_Lagunas","2020","18","9","9","0","1","18","0","0","0","0","0","0","0","0","16","2","0","2","0",
"Población_de_20_a_22_años",	20094,"San_Andrés_Nuxiño","2020","63","33","30","3","1","63","0","0","0","0","0","0","0","0","61","2","0","4","0",
"Población_de_20_a_22_años",	20095,"San_Andrés_Paxtlán","2020","276","141","135","156","26","276","0","0","0","0","0","0","0","0","268","8","0","7","0",
"Población_de_20_a_22_años",	20096,"San_Andrés_Sinaxtla","2020","19","7","12","0","1","19","0","0","0","0","0","0","0","0","18","1","0","0","0",
"Población_de_20_a_22_años",	20097,"San_Andrés_Solaga","2020","79","40","39","75","0","79","0","0","0","0","0","0","0","0","79","0","0","1","0",
"Población_de_20_a_22_años",	20098,"San_Andrés_Teotilálpam","2020","165","85","80","57","0","165","0","0","0","0","0","0","0","0","162","3","0","6","0",
"Población_de_20_a_22_años",	20099,"San_Andrés_Tepetlapa","2020","18","2","16","0","0","18","0","0","0","0","0","0","0","0","16","2","0","2","0",
"Población_de_20_a_22_años",	20100,"San_Andrés_Yaá","2020","9","5","4","9","0","9","0","0","0","0","0","0","0","0","9","0","0","0","0",
"Población_de_20_a_22_años",	20101,"San_Andrés_Zabache","2020","48","24","24","1","1","47","1","1","0","0","0","0","0","0","46","2","0","3","0",
"Población_de_20_a_22_años",	20102,"San_Andrés_Zautla","2020","242","109","133","2","5","242","0","0","0","0","0","0","0","0","236","6","0","10","0",
"Población_de_20_a_22_años",	20103,"San_Antonino_Castillo_Velasco","2020","276","151","125","13","2","275","1","0","0","0","1","0","0","0","268","7","0","2","0",
"Población_de_20_a_22_años",	20104,"San_Antonino_el_Alto","2020","141","79","62","32","16","141","0","0","0","0","0","0","0","0","137","4","0","2","0",
"Población_de_20_a_22_años",	20105,"San_Antonino_Monte_Verde","2020","383","149","234","369","54","381","1","1","0","0","0","0","1","5","369","8","5","5","0",
"Población_de_20_a_22_años",	20106,"San_Antonio_Acutla","2020","6","5","1","0","1","6","0","0","0","0","0","0","0","0","6","0","0","0","0",
"Población_de_20_a_22_años",	20107,"San_Antonio_de_la_Cal","2020","1,515","733","782","98","64","1,511","3","3","0","0","0","0","1","1","1,475","38","1","23","0",
"Población_de_20_a_22_años",	20108,"San_Antonio_Huitepec","2020","86","35","51","12","4","86","0","0","0","0","0","0","0","1","79","6","1","1","0",
"Población_de_20_a_22_años",	20109,"San_Antonio_Nanahuatípam","2020","56","29","27","4","0","56","0","0","0","0","0","0","0","0","56","0","0","1","0",
"Población_de_20_a_22_años",	20110,"San_Antonio_Sinicahua","2020","59","24","35","56","1","59","0","0","0","0","0","0","0","0","58","1","0","3","0",
"Población_de_20_a_22_años",	20111,"San_Antonio_Tepetlapa","2020","247","101","146","200","5","247","0","0","0","0","0","0","0","1","240","6","1","7","0",
"Población_de_20_a_22_años",	20112,"San_Baltazar_Chichicápam","2020","87","35","52","71","0","87","0","0","0","0","0","0","0","0","81","6","0","3","0",
"Población_de_20_a_22_años",	20113,"San_Baltazar_Loxicha","2020","122","55","67","2","1","122","0","0","0","0","0","0","0","0","115","7","0","7","0",
"Población_de_20_a_22_años",	20114,"San_Baltazar_Yatzachi_el_Bajo","2020","21","9","12","13","0","20","1","1","0","0","0","0","0","0","20","0","1","0","0",
"Población_de_20_a_22_años",	20115,"San_Bartolo_Coyotepec","2020","552","256","296","18","11","548","4","3","0","0","1","0","0","2","542","8","2","4","0",
"Población_de_20_a_22_años",	20116,"San_Bartolomé_Ayautla","2020","140","61","79","135","11","140","0","0","0","0","0","0","0","0","132","8","0","2","0",
"Población_de_20_a_22_años",	20117,"San_Bartolomé_Loxicha","2020","85","35","50","50","0","85","0","0","0","0","0","0","0","0","83","2","0","0","0",
"Población_de_20_a_22_años",	20118,"San_Bartolomé_Quialana","2020","80","25","55","70","3","78","2","2","0","0","0","0","0","0","78","1","1","2","0",
"Población_de_20_a_22_años",	20119,"San_Bartolomé_Yucuañe","2020","28","13","15","10","0","28","0","0","0","0","0","0","0","0","26","2","0","1","0",
"Población_de_20_a_22_años",	20120,"San_Bartolomé_Zoogocho","2020","14","6","8","13","0","14","0","0","0","0","0","0","0","0","12","2","0","0","0",
"Población_de_20_a_22_años",	20121,"San_Bartolo_Soyaltepec","2020","25","13","12","5","0","25","0","0","0","0","0","0","0","0","24","1","0","0","0",
"Población_de_20_a_22_años",	20122,"San_Bartolo_Yautepec","2020","12","9","3","0","0","12","0","0","0","0","0","0","0","0","12","0","0","0","0",
"Población_de_20_a_22_años",	20123,"San_Bernardo_Mixtepec","2020","128","64","64","1","13","125","3","3","0","0","0","0","0","0","123","5","0","3","0",
"Población_de_20_a_22_años",	20124,"San_Blas_Atempa","2020","1,047","528","519","871","13","1,044","2","2","0","0","0","0","1","0","1,020","25","1","9","0",
"Población_de_20_a_22_años",	20125,"San_Carlos_Yautepec","2020","533","282","251","239","10","533","0","0","0","0","0","0","0","0","529","3","0","16","0",
"Población_de_20_a_22_años",	20126,"San_Cristóbal_Amatlán","2020","267","127","140","233","71","267","0","0","0","0","0","0","0","0","259","8","0","7","0",
"Población_de_20_a_22_años",	20127,"San_Cristóbal_Amoltepec","2020","49","19","30","33","1","49","0","0","0","0","0","0","0","0","48","1","0","0","0",
"Población_de_20_a_22_años",	20128,"San_Cristóbal_Lachirioag","2020","27","12","15","22","1","26","1","1","0","0","0","0","0","0","27","0","0","1","0",
"Población_de_20_a_22_años",	20129,"San_Cristóbal_Suchixtlahuaca","2020","11","4","7","0","0","11","0","0","0","0","0","0","0","0","10","1","0","0","0",
"Población_de_20_a_22_años",	20130,"San_Dionisio_del_Mar","2020","190","95","95","37","0","190","0","0","0","0","0","0","0","0","189","1","0","13","0",
"Población_de_20_a_22_años",	20131,"San_Dionisio_Ocotepec","2020","548","256","292","501","4","548","0","0","0","0","0","0","0","0","544","4","0","10","0",
"Población_de_20_a_22_años",	20132,"San_Dionisio_Ocotlán","2020","78","37","41","2","0","78","0","0","0","0","0","0","0","0","74","1","0","5","0",
"Población_de_20_a_22_años",	20133,"San_Esteban_Atatlahuca","2020","123","61","62","97","0","123","0","0","0","0","0","0","0","0","115","8","0","2","0",
"Población_de_20_a_22_años",	20134,"San_Felipe_Jalapa_de_Díaz","2020","1,352","607","745","1,208","26","1,352","0","0","0","0","0","0","0","0","1,331","21","0","23","0",
"Población_de_20_a_22_años",	20135,"San_Felipe_Tejalápam","2020","432","207","225","8","3","431","1","1","0","0","0","0","0","0","430","2","0","7","0",
"Población_de_20_a_22_años",	20136,"San_Felipe_Usila","2020","399","187","212","376","1","399","0","0","0","0","0","0","0","0","390","9","0","15","0",
"Población_de_20_a_22_años",	20137,"San_Francisco_Cahuacuá","2020","158","80","78","1","0","158","0","0","0","0","0","0","0","1","154","3","1","6","0",
"Población_de_20_a_22_años",	20138,"San_Francisco_Cajonos","2020","7","5","2","3","0","7","0","0","0","0","0","0","0","0","6","1","0","1","0",
"Población_de_20_a_22_años",	20139,"San_Francisco_Chapulapa","2020","80","41","39","2","0","80","0","0","0","0","0","0","0","0","73","7","0","4","0",
"Población_de_20_a_22_años",	20140,"San_Francisco_Chindúa","2020","40","20","20","0","0","40","0","0","0","0","0","0","0","0","38","2","0","0","0",
"Población_de_20_a_22_años",	20141,"San_Francisco_del_Mar","2020","384","187","197","26","2","383","1","0","0","0","1","0","0","0","367","17","0","12","0",
"Población_de_20_a_22_años",	20142,"San_Francisco_Huehuetlán","2020","28","11","17","23","0","28","0","0","0","0","0","0","0","0","27","1","0","1","0",
"Población_de_20_a_22_años",	20143,"San_Francisco_Ixhuatán","2020","331","156","175","3","9","330","1","0","0","0","1","0","0","0","301","29","1","9","0",
"Población_de_20_a_22_años",	20144,"San_Francisco_Jaltepetongo","2020","29","14","15","0","0","29","0","0","0","0","0","0","0","0","27","2","0","2","0",
"Población_de_20_a_22_años",	20145,"San_Francisco_Lachigoló","2020","247","118","129","16","17","246","1","1","0","0","0","0","0","0","231","15","1","5","0",
"Población_de_20_a_22_años",	20146,"San_Francisco_Logueche","2020","161","76","85","154","1","161","0","0","0","0","0","0","0","0","160","1","0","3","0",
"Población_de_20_a_22_años",	20147,"San_Francisco_Nuxaño","2020","10","5","5","0","0","10","0","0","0","0","0","0","0","0","10","0","0","0","0",
"Población_de_20_a_22_años",	20148,"San_Francisco_Ozolotepec","2020","100","52","48","78","0","100","0","0","0","0","0","0","0","1","99","0","1","2","0",
"Población_de_20_a_22_años",	20149,"San_Francisco_Sola","2020","113","50","63","6","0","112","1","1","0","0","0","0","0","0","110","3","0","3","0",
"Población_de_20_a_22_años",	20150,"San_Francisco_Telixtlahuaca","2020","751","388","363","9","35","751","0","0","0","0","0","0","0","1","738","12","1","16","0",
"Población_de_20_a_22_años",	20151,"San_Francisco_Teopan","2020","9","6","3","0","0","9","0","0","0","0","0","0","0","0","7","2","0","1","0",
"Población_de_20_a_22_años",	20152,"San_Francisco_Tlapancingo","2020","118","47","71","91","7","118","0","0","0","0","0","0","0","0","113","5","0","3","0",
"Población_de_20_a_22_años",	20153,"San_Gabriel_Mixtepec","2020","215","103","112","5","8","215","0","0","0","0","0","0","0","0","212","3","0","2","0",
"Población_de_20_a_22_años",	20154,"San_Ildefonso_Amatlán","2020","83","35","48","38","2","83","0","0","0","0","0","0","0","0","82","1","0","3","0",
"Población_de_20_a_22_años",	20155,"San_Ildefonso_Sola","2020","60","31","29","1","3","60","0","0","0","0","0","0","0","0","60","0","0","0","0",
"Población_de_20_a_22_años",	20156,"San_Ildefonso_Villa_Alta","2020","148","75","73","93","9","147","0","0","0","0","0","0","1","0","147","1","0","3","0",
"Población_de_20_a_22_años",	20157,"San_Jacinto_Amilpas","2020","861","427","434","49","25","856","5","5","0","0","0","0","0","1","827","32","2","19","0",
"Población_de_20_a_22_años",	20158,"San_Jacinto_Tlacotepec","2020","107","39","68","0","0","107","0","0","0","0","0","0","0","0","107","0","0","4","0",
"Población_de_20_a_22_años",	20159,"San_Jerónimo_Coatlán","2020","310","151","159","4","3","310","0","0","0","0","0","0","0","0","306","4","0","14","0",
"Población_de_20_a_22_años",	20160,"San_Jerónimo_Silacayoapilla","2020","54","26","28","0","1","52","2","2","0","0","0","0","0","0","50","4","0","1","0",
"Población_de_20_a_22_años",	20161,"San_Jerónimo_Sosola","2020","124","56","68","1","0","124","0","0","0","0","0","0","0","0","121","3","0","2","0",
"Población_de_20_a_22_años",	20162,"San_Jerónimo_Taviche","2020","124","60","64","6","0","124","0","0","0","0","0","0","0","0","123","1","0","1","0",
"Población_de_20_a_22_años",	20163,"San_Jerónimo_Tecóatl","2020","43","17","26","25","0","43","0","0","0","0","0","0","0","0","34","9","0","0","0",
"Población_de_20_a_22_años",	20164,"San_Jorge_Nuchita","2020","110","48","62","71","1","109","1","1","0","0","0","0","0","0","98","12","0","2","0",
"Población_de_20_a_22_años",	20165,"San_José_Ayuquila","2020","65","30","35","1","2","64","1","1","0","0","0","0","0","0","60","5","0","1","0",
"Población_de_20_a_22_años",	20166,"San_José_Chiltepec","2020","514","235","279","118","5","514","0","0","0","0","0","0","0","0","502","12","0","12","0",
"Población_de_20_a_22_años",	20167,"San_José_del_Peñasco","2020","105","43","62","3","1","105","0","0","0","0","0","0","0","0","103","2","0","1","0",
"Población_de_20_a_22_años",	20168,"San_José_Estancia_Grande","2020","33","16","17","1","29","33","0","0","0","0","0","0","0","0","33","0","0","0","0",
"Población_de_20_a_22_años",	20169,"San_José_Independencia","2020","128","62","66","122","0","128","0","0","0","0","0","0","0","0","117","11","0","4","0",
"Población_de_20_a_22_años",	20170,"San_José_Lachiguiri","2020","220","112","108","215","1","220","0","0","0","0","0","0","0","0","220","0","0","15","0",
"Población_de_20_a_22_años",	20171,"San_José_Tenango","2020","570","251","319","538","4","570","0","0","0","0","0","0","0","0","540","29","0","21","0",
"Población_de_20_a_22_años",	20172,"San_Juan_Achiutla","2020","12","8","4","1","1","12","0","0","0","0","0","0","0","0","11","1","0","0","0",
"Población_de_20_a_22_años",	20173,"San_Juan_Atepec","2020","44","23","21","24","2","43","1","1","0","0","0","0","0","0","42","2","0","1","0",
"Población_de_20_a_22_años",	20174,"Ánimas_Trujano","2020","190","98","92","11","4","188","2","2","0","0","0","0","0","1","183","6","1","9","0",
"Población_de_20_a_22_años",	20175,"San_Juan_Bautista_Atatlahuca","2020","49","21","28","7","0","49","0","0","0","0","0","0","0","0","49","0","0","2","0",
"Población_de_20_a_22_años",	20176,"San_Juan_Bautista_Coixtlahuaca","2020","85","46","39","5","2","85","0","0","0","0","0","0","0","0","84","1","0","0","0",
"Población_de_20_a_22_años",	20177,"San_Juan_Bautista_Cuicatlán","2020","372","189","183","35","35","371","1","0","0","0","1","0","0","0","345","27","0","11","0",
"Población_de_20_a_22_años",	20178,"San_Juan_Bautista_Guelache","2020","324","164","160","10","5","321","3","3","0","0","0","0","0","0","316","8","0","6","0",
"Población_de_20_a_22_años",	20179,"San_Juan_Bautista_Jayacatlán","2020","56","29","27","0","0","56","0","0","0","0","0","0","0","0","56","0","0","8","0",
"Población_de_20_a_22_años",	20180,"San_Juan_Bautista_Lo_de_Soto","2020","73","41","32","1","71","72","1","1","0","0","0","0","0","0","65","8","0","0","0",
"Población_de_20_a_22_años",	20181,"San_Juan_Bautista_Suchitepec","2020","12","6","6","0","0","12","0","0","0","0","0","0","0","0","12","0","0","0","0",
"Población_de_20_a_22_años",	20182,"San_Juan_Bautista_Tlacoatzintepec","2020","41","16","25","35","1","41","0","0","0","0","0","0","0","0","41","0","0","2","0",
"Población_de_20_a_22_años",	20183,"San_Juan_Bautista_Tlachichilco","2020","79","29","50","1","1","77","2","2","0","0","0","0","0","0","70","9","0","3","0",
"Población_de_20_a_22_años",	20184,"San_Juan_Bautista_Tuxtepec","2020","7,266","3,476","3,790","618","268","7,255","9","7","0","0","1","1","2","2","6,920","340","4","213","0",
"Población_de_20_a_22_años",	20185,"San_Juan_Cacahuatepec","2020","402","182","220","12","68","400","2","2","0","0","0","0","0","0","390","12","0","9","0",
"Población_de_20_a_22_años",	20186,"San_Juan_Cieneguilla","2020","18","9","9","0","0","18","0","0","0","0","0","0","0","0","16","2","0","1","0",
"Población_de_20_a_22_años",	20187,"San_Juan_Coatzóspam","2020","63","33","30","60","0","63","0","0","0","0","0","0","0","0","50","13","0","2","0",
"Población_de_20_a_22_años",	20188,"San_Juan_Colorado","2020","393","182","211","246","56","393","0","0","0","0","0","0","0","0","385","8","0","11","0",
"Población_de_20_a_22_años",	20189,"San_Juan_Comaltepec","2020","164","75","89","144","0","164","0","0","0","0","0","0","0","0","164","0","0","4","0",
"Población_de_20_a_22_años",	20190,"San_Juan_Cotzocón","2020","845","417","428","324","15","841","4","3","0","0","1","0","0","0","812","32","1","24","0",
"Población_de_20_a_22_años",	20191,"San_Juan_Chicomezúchil","2020","10","1","9","0","1","10","0","0","0","0","0","0","0","0","9","1","0","0","0",
"Población_de_20_a_22_años",	20192,"San_Juan_Chilateca","2020","81","33","48","0","2","80","1","1","0","0","0","0","0","0","81","0","0","0","0",
"Población_de_20_a_22_años",	20193,"San_Juan_del_Estado","2020","109","49","60","1","0","108","1","1","0","0","0","0","0","0","108","1","0","8","0",
"Población_de_20_a_22_años",	20194,"San_Juan_del_Río","2020","54","28","26","50","3","53","1","1","0","0","0","0","0","0","51","2","1","2","0",
"Población_de_20_a_22_años",	20195,"San_Juan_Diuxi","2020","20","6","14","12","0","20","0","0","0","0","0","0","0","0","19","1","0","1","0",
"Población_de_20_a_22_años",	20196,"San_Juan_Evangelista_Analco","2020","14","7","7","4","0","14","0","0","0","0","0","0","0","1","12","1","1","0","0",
"Población_de_20_a_22_años",	20197,"San_Juan_Guelavía","2020","119","61","58","42","0","118","1","1","0","0","0","0","0","1","117","1","1","2","0",
"Población_de_20_a_22_años",	20198,"San_Juan_Guichicovi","2020","1,071","481","590","653","6","1,066","3","2","0","0","1","0","2","0","1,028","42","1","37","0",
"Población_de_20_a_22_años",	20199,"San_Juan_Ihualtepec","2020","14","9","5","0","1","14","0","0","0","0","0","0","0","0","14","0","0","0","0",
"Población_de_20_a_22_años",	20200,"San_Juan_Juquila_Mixes","2020","159","87","72","148","3","159","0","0","0","0","0","0","0","0","155","3","0","6","0",
"Población_de_20_a_22_años",	20201,"San_Juan_Juquila_Vijanos","2020","94","45","49","86","0","94","0","0","0","0","0","0","0","0","92","2","0","3","0",
"Población_de_20_a_22_años",	20202,"San_Juan_Lachao","2020","209","85","124","94","12","209","0","0","0","0","0","0","0","0","207","2","0","1","0",
"Población_de_20_a_22_años",	20203,"San_Juan_Lachigalla","2020","195","92","103","0","0","195","0","0","0","0","0","0","0","3","189","2","3","6","0",
"Población_de_20_a_22_años",	20204,"San_Juan_Lajarcia","2020","16","9","7","0","0","16","0","0","0","0","0","0","0","0","16","0","0","1","0",
"Población_de_20_a_22_años",	20205,"San_Juan_Lalana","2020","698","338","360","500","6","698","0","0","0","0","0","0","0","0","671","27","0","35","0",
"Población_de_20_a_22_años",	20206,"San_Juan_de_los_Cués","2020","88","38","50","10","0","88","0","0","0","0","0","0","0","0","82","6","0","4","0",
"Población_de_20_a_22_años",	20207,"San_Juan_Mazatlán","2020","907","446","461","465","24","905","2","2","0","0","0","0","0","0","883","24","0","33","0",
"Población_de_20_a_22_años",	20208,"San_Juan_Mixtepec_-Dto._08_-","2020","238","103","135","194","3","219","19","19","0","0","0","0","0","3","215","15","8","5","0",
"Población_de_20_a_22_años",	20209,"San_Juan_Mixtepec_-Dto._26_-","2020","26","11","15","22","0","26","0","0","0","0","0","0","0","0","26","0","0","1","0",
"Población_de_20_a_22_años",	20210,"San_Juan_Ñumí","2020","220","92","128","205","2","219","1","1","0","0","0","0","0","1","209","9","2","6","0",
"Población_de_20_a_22_años",	20211,"San_Juan_Ozolotepec","2020","180","84","96","147","1","179","1","1","0","0","0","0","0","0","179","1","0","5","0",
"Población_de_20_a_22_años",	20212,"San_Juan_Petlapa","2020","120","56","64","119","0","120","0","0","0","0","0","0","0","0","118","2","0","5","0",
"Población_de_20_a_22_años",	20213,"San_Juan_Quiahije","2020","171","72","99","162","4","171","0","0","0","0","0","0","0","5","163","3","5","4","0",
"Población_de_20_a_22_años",	20214,"San_Juan_Quiotepec","2020","76","40","36","64","20","75","1","1","0","0","0","0","0","0","74","1","1","2","0",
"Población_de_20_a_22_años",	20215,"San_Juan_Sayultepec","2020","27","16","11","0","0","26","1","1","0","0","0","0","0","0","24","3","0","1","0",
"Población_de_20_a_22_años",	20216,"San_Juan_Tabaá","2020","50","24","26","47","0","50","0","0","0","0","0","0","0","0","47","3","0","0","0",
"Población_de_20_a_22_años",	20217,"San_Juan_Tamazola","2020","102","52","50","35","0","102","0","0","0","0","0","0","0","0","99","3","0","5","0",
"Población_de_20_a_22_años",	20218,"San_Juan_Teita","2020","12","4","8","4","0","12","0","0","0","0","0","0","0","0","10","2","0","0","0",
"Población_de_20_a_22_años",	20219,"San_Juan_Teitipac","2020","108","49","59","2","1","108","0","0","0","0","0","0","0","0","107","1","0","3","0",
"Población_de_20_a_22_años",	20220,"San_Juan_Tepeuxila","2020","94","47","47","45","1","94","0","0","0","0","0","0","0","0","91","3","0","3","0",
"Población_de_20_a_22_años",	20221,"San_Juan_Teposcolula","2020","66","32","34","0","3","66","0","0","0","0","0","0","0","0","61","5","0","2","0",
"Población_de_20_a_22_años",	20222,"San_Juan_Yaeé","2020","45","33","12","44","1","45","0","0","0","0","0","0","0","0","44","1","0","1","0",
"Población_de_20_a_22_años",	20223,"San_Juan_Yatzona","2020","13","3","10","13","0","13","0","0","0","0","0","0","0","0","13","0","0","1","0",
"Población_de_20_a_22_años",	20224,"San_Juan_Yucuita","2020","26","13","13","0","2","26","0","0","0","0","0","0","0","0","25","1","0","1","0",
"Población_de_20_a_22_años",	20225,"San_Lorenzo","2020","242","107","135","178","35","242","0","0","0","0","0","0","0","0","240","2","0","7","0",
"Población_de_20_a_22_años",	20226,"San_Lorenzo_Albarradas","2020","113","57","56","21","1","113","0","0","0","0","0","0","0","0","111","2","0","0","0",
"Población_de_20_a_22_años",	20227,"San_Lorenzo_Cacaotepec","2020","901","445","456","16","41","898","1","0","0","0","1","0","2","1","876","22","2","10","0",
"Población_de_20_a_22_años",	20228,"San_Lorenzo_Cuaunecuiltitla","2020","18","9","9","18","0","18","0","0","0","0","0","0","0","0","15","3","0","0","0",
"Población_de_20_a_22_años",	20229,"San_Lorenzo_Texmelúcan","2020","430","162","268","418","5","430","0","0","0","0","0","0","0","2","426","2","2","12","0",
"Población_de_20_a_22_años",	20230,"San_Lorenzo_Victoria","2020","31","19","12","2","0","31","0","0","0","0","0","0","0","0","29","2","0","0","0",
"Población_de_20_a_22_años",	20231,"San_Lucas_Camotlán","2020","203","97","106","201","1","203","0","0","0","0","0","0","0","0","202","1","0","0","0",
"Población_de_20_a_22_años",	20232,"San_Lucas_Ojitlán","2020","915","407","508","769","1","914","1","1","0","0","0","0","0","0","901","14","0","18","0",
"Población_de_20_a_22_años",	20233,"San_Lucas_Quiaviní","2020","90","34","56","86","0","88","2","2","0","0","0","0","0","0","88","2","0","2","0",
"Población_de_20_a_22_años",	20234,"San_Lucas_Zoquiápam","2020","243","114","129","220","2","243","0","0","0","0","0","0","0","0","230","12","0","19","0",
"Población_de_20_a_22_años",	20235,"San_Luis_Amatlán","2020","137","59","78","1","4","137","0","0","0","0","0","0","0","0","131","6","0","5","0",
"Población_de_20_a_22_años",	20236,"San_Marcial_Ozolotepec","2020","48","20","28","47","0","48","0","0","0","0","0","0","0","0","47","1","0","4","0",
"Población_de_20_a_22_años",	20237,"San_Marcos_Arteaga","2020","71","36","35","1","2","71","0","0","0","0","0","0","0","0","68","3","0","2","0",
"Población_de_20_a_22_años",	20238,"San_Martín_de_los_Cansecos","2020","38","21","17","0","4","38","0","0","0","0","0","0","0","0","37","1","0","1","0",
"Población_de_20_a_22_años",	20239,"San_Martín_Huamelúlpam","2020","32","20","12","0","0","32","0","0","0","0","0","0","0","0","28","4","0","1","0",
"Población_de_20_a_22_años",	20240,"San_Martín_Itunyoso","2020","146","63","83","133","1","144","2","2","0","0","0","0","0","0","138","8","0","3","0",
"Población_de_20_a_22_años",	20241,"San_Martín_Lachilá","2020","35","18","17","0","1","34","1","1","0","0","0","0","0","0","35","0","0","2","0",
"Población_de_20_a_22_años",	20242,"San_Martín_Peras","2020","591","257","334","571","4","583","8","7","0","0","1","0","0","6","574","9","8","7","0",
"Población_de_20_a_22_años",	20243,"San_Martín_Tilcajete","2020","107","48","59","2","0","107","0","0","0","0","0","0","0","0","105","2","0","3","0",
"Población_de_20_a_22_años",	20244,"San_Martín_Toxpalan","2020","133","62","71","30","1","131","0","0","0","0","0","0","2","0","128","5","0","5","0",
"Población_de_20_a_22_años",	20245,"San_Martín_Zacatepec","2020","60","26","34","2","0","60","0","0","0","0","0","0","0","0","57","3","0","0","0",
"Población_de_20_a_22_años",	20246,"San_Mateo_Cajonos","2020","17","5","12","11","2","17","0","0","0","0","0","0","0","0","17","0","0","1","0",
"Población_de_20_a_22_años",	20247,"Capulálpam_de_Méndez","2020","68","24","44","3","10","66","2","2","0","0","0","0","0","0","66","2","0","1","0",
"Población_de_20_a_22_años",	20248,"San_Mateo_del_Mar","2020","690","340","350","662","8","690","0","0","0","0","0","0","0","0","682","8","0","18","0",
"Población_de_20_a_22_años",	20249,"San_Mateo_Yoloxochitlán","2020","158","78","80","89","6","158","0","0","0","0","0","0","0","0","144","14","0","6","0",
"Población_de_20_a_22_años",	20250,"San_Mateo_Etlatongo","2020","60","30","30","2","0","60","0","0","0","0","0","0","0","0","54","6","0","0","0",
"Población_de_20_a_22_años",	20251,"San_Mateo_Nejápam","2020","56","25","31","1","1","55","1","1","0","0","0","0","0","0","50","6","0","1","0",
"Población_de_20_a_22_años",	20252,"San_Mateo_Peñasco","2020","79","32","47","65","0","79","0","0","0","0","0","0","0","0","78","1","0","1","0",
"Población_de_20_a_22_años",	20253,"San_Mateo_Piñas","2020","76","35","41","3","1","76","0","0","0","0","0","0","0","0","75","1","0","1","0",
"Población_de_20_a_22_años",	20254,"San_Mateo_Río_Hondo","2020","132","64","68","5","7","132","0","0","0","0","0","0","0","0","130","2","0","4","0",
"Población_de_20_a_22_años",	20255,"San_Mateo_Sindihui","2020","90","40","50","1","0","90","0","0","0","0","0","0","0","0","89","1","0","1","0",
"Población_de_20_a_22_años",	20256,"San_Mateo_Tlapiltepec","2020","11","4","7","0","0","11","0","0","0","0","0","0","0","0","8","3","0","0","0",
"Población_de_20_a_22_años",	20257,"San_Melchor_Betaza","2020","38","13","25","35","0","38","0","0","0","0","0","0","0","0","35","3","0","1","0",
"Población_de_20_a_22_años",	20258,"San_Miguel_Achiutla","2020","17","9","8","0","1","17","0","0","0","0","0","0","0","0","15","2","0","0","0",
"Población_de_20_a_22_años",	20259,"San_Miguel_Ahuehuetitlán","2020","97","43","54","50","0","97","0","0","0","0","0","0","0","0","90","7","0","5","0",
"Población_de_20_a_22_años",	20260,"San_Miguel_Aloápam","2020","110","50","60","108","0","109","1","1","0","0","0","0","0","0","109","0","1","5","0",
"Población_de_20_a_22_años",	20261,"San_Miguel_Amatitlán","2020","360","172","188","35","0","360","0","0","0","0","0","0","0","0","354","6","0","11","0",
"Población_de_20_a_22_años",	20262,"San_Miguel_Amatlán","2020","36","14","22","5","0","36","0","0","0","0","0","0","0","0","36","0","0","1","0",
"Población_de_20_a_22_años",	20263,"San_Miguel_Coatlán","2020","132","52","80","3","4","132","0","0","0","0","0","0","0","0","124","8","0","2","0",
"Población_de_20_a_22_años",	20264,"San_Miguel_Chicahua","2020","69","30","39","51","0","69","0","0","0","0","0","0","0","0","64","5","0","1","0",
"Población_de_20_a_22_años",	20265,"San_Miguel_Chimalapa","2020","240","119","121","42","0","240","0","0","0","0","0","0","0","0","229","11","0","8","0",
"Población_de_20_a_22_años",	20266,"San_Miguel_del_Puerto","2020","370","171","199","4","10","370","0","0","0","0","0","0","0","0","368","2","0","10","0",
"Población_de_20_a_22_años",	20267,"San_Miguel_del_Río","2020","8","5","3","5","0","8","0","0","0","0","0","0","0","0","8","0","0","0","0",
"Población_de_20_a_22_años",	20268,"San_Miguel_Ejutla","2020","50","25","25","1","18","50","0","0","0","0","0","0","0","0","48","2","0","1","0",
"Población_de_20_a_22_años",	20269,"San_Miguel_el_Grande","2020","201","104","97","67","19","199","2","2","0","0","0","0","0","0","193","8","0","3","0",
"Población_de_20_a_22_años",	20270,"San_Miguel_Huautla","2020","26","11","15","5","0","26","0","0","0","0","0","0","0","0","26","0","0","0","0",
"Población_de_20_a_22_años",	20271,"San_Miguel_Mixtepec","2020","174","88","86","153","0","174","0","0","0","0","0","0","0","0","170","4","0","2","0",
"Población_de_20_a_22_años",	20272,"San_Miguel_Panixtlahuaca","2020","277","98","179","257","31","275","2","2","0","0","0","0","0","3","264","10","3","12","0",
"Población_de_20_a_22_años",	20273,"San_Miguel_Peras","2020","157","70","87","38","1","157","0","0","0","0","0","0","0","1","151","5","1","8","0",
"Población_de_20_a_22_años",	20274,"San_Miguel_Piedras","2020","37","17","20","19","1","37","0","0","0","0","0","0","0","0","34","3","0","0","0",
"Población_de_20_a_22_años",	20275,"San_Miguel_Quetzaltepec","2020","340","165","175","338","1","339","1","1","0","0","0","0","0","0","338","2","0","8","0",
"Población_de_20_a_22_años",	20276,"San_Miguel_Santa_Flor","2020","20","10","10","7","8","20","0","0","0","0","0","0","0","0","18","2","0","0","0",
"Población_de_20_a_22_años",	20277,"Villa_Sola_de_Vega","2020","576","283","293","26","5","574","2","2","0","0","0","0","0","0","570","6","0","17","0",
"Población_de_20_a_22_años",	20278,"San_Miguel_Soyaltepec","2020","1,502","699","803","844","20","1,500","2","2","0","0","0","0","0","1","1,444","57","1","56","0",
"Población_de_20_a_22_años",	20279,"San_Miguel_Suchixtepec","2020","139","69","70","63","0","139","0","0","0","0","0","0","0","0","139","0","0","3","0",
"Población_de_20_a_22_años",	20280,"Villa_Talea_de_Castro","2020","64","34","30","14","1","64","0","0","0","0","0","0","0","0","61","3","0","1","0",
"Población_de_20_a_22_años",	20281,"San_Miguel_Tecomatlán","2020","10","7","3","0","0","10","0","0","0","0","0","0","0","0","10","0","0","0","0",
"Población_de_20_a_22_años",	20282,"San_Miguel_Tenango","2020","13","7","6","0","0","13","0","0","0","0","0","0","0","0","12","1","0","1","0",
"Población_de_20_a_22_años",	20283,"San_Miguel_Tequixtepec","2020","35","21","14","0","0","35","0","0","0","0","0","0","0","0","32","3","0","1","0",
"Población_de_20_a_22_años",	20284,"San_Miguel_Tilquiápam","2020","169","83","86","157","1","169","0","0","0","0","0","0","0","0","155","14","0","3","0",
"Población_de_20_a_22_años",	20285,"San_Miguel_Tlacamama","2020","155","78","77","15","40","155","0","0","0","0","0","0","0","1","149","5","1","9","0",
"Población_de_20_a_22_años",	20286,"San_Miguel_Tlacotepec","2020","125","54","71","5","1","125","0","0","0","0","0","0","0","0","125","0","0","5","0",
"Población_de_20_a_22_años",	20287,"San_Miguel_Tulancingo","2020","10","8","2","0","2","10","0","0","0","0","0","0","0","0","9","1","0","0","0",
"Población_de_20_a_22_años",	20288,"San_Miguel_Yotao","2020","28","15","13","25","0","28","0","0","0","0","0","0","0","0","28","0","0","1","0",
"Población_de_20_a_22_años",	20289,"San_Nicolás","2020","47","16","31","1","0","46","1","1","0","0","0","0","0","0","46","1","0","3","0",
"Población_de_20_a_22_años",	20290,"San_Nicolás_Hidalgo","2020","41","22","19","0","2","40","1","1","0","0","0","0","0","0","41","0","0","1","0",
"Población_de_20_a_22_años",	20291,"San_Pablo_Coatlán","2020","169","91","78","2","1","169","0","0","0","0","0","0","0","0","164","4","0","4","0",
"Población_de_20_a_22_años",	20292,"San_Pablo_Cuatro_Venados","2020","74","39","35","4","0","74","0","0","0","0","0","0","0","0","72","2","0","2","0",
"Población_de_20_a_22_años",	20293,"San_Pablo_Etla","2020","809","407","402","41","48","804","5","3","0","0","2","0","0","1","782","22","4","21","0",
"Población_de_20_a_22_años",	20294,"San_Pablo_Huitzo","2020","303","157","146","3","8","299","4","4","0","0","0","0","0","0","295","8","0","9","0",
"Población_de_20_a_22_años",	20295,"San_Pablo_Huixtepec","2020","498","234","264","8","15","489","9","8","0","0","1","0","0","1","485","11","2","9","0",
"Población_de_20_a_22_años",	20296,"San_Pablo_Macuiltianguis","2020","31","15","16","12","0","31","0","0","0","0","0","0","0","0","30","1","0","1","0",
"Población_de_20_a_22_años",	20297,"San_Pablo_Tijaltepec","2020","129","55","74","123","5","128","1","1","0","0","0","0","0","3","123","2","4","0","0",
"Población_de_20_a_22_años",	20298,"San_Pablo_Villa_de_Mitla","2020","593","309","284","62","12","589","4","3","1","0","0","0","0","1","572","19","2","13","0",
"Población_de_20_a_22_años",	20299,"San_Pablo_Yaganiza","2020","45","21","24","37","1","45","0","0","0","0","0","0","0","0","45","0","0","0","0",
"Población_de_20_a_22_años",	20300,"San_Pedro_Amuzgos","2020","293","151","142","250","21","293","0","0","0","0","0","0","0","0","291","2","0","10","0",
"Población_de_20_a_22_años",	20301,"San_Pedro_Apóstol","2020","65","32","33","1","6","65","0","0","0","0","0","0","0","0","65","0","0","4","0",
"Población_de_20_a_22_años",	20302,"San_Pedro_Atoyac","2020","223","108","115","180","1","223","0","0","0","0","0","0","0","0","222","0","0","5","0",
"Población_de_20_a_22_años",	20303,"San_Pedro_Cajonos","2020","34","19","15","28","0","34","0","0","0","0","0","0","0","0","33","1","0","0","0",
"Población_de_20_a_22_años",	20304,"San_Pedro_Coxcaltepec_Cántaros","2020","16","5","11","1","0","16","0","0","0","0","0","0","0","0","16","0","0","2","0",
"Población_de_20_a_22_años",	20305,"San_Pedro_Comitancillo","2020","188","86","102","16","1","188","0","0","0","0","0","0","0","1","180","7","1","6","0",
"Población_de_20_a_22_años",	20306,"San_Pedro_el_Alto","2020","222","113","109","164","0","221","1","1","0","0","0","0","0","0","219","3","0","6","0",
"Población_de_20_a_22_años",	20307,"San_Pedro_Huamelula","2020","354","178","176","16","3","354","0","0","0","0","0","0","0","0","348","6","0","11","0",
"Población_de_20_a_22_años",	20308,"San_Pedro_Huilotepec","2020","145","66","79","30","1","145","0","0","0","0","0","0","0","0","143","2","0","3","0",
"Población_de_20_a_22_años",	20309,"San_Pedro_Ixcatlán","2020","360","164","196","307","48","359","1","0","1","0","0","0","0","0","346","14","0","11","0",
"Población_de_20_a_22_años",	20310,"San_Pedro_Ixtlahuaca","2020","732","352","380","99","24","729","2","2","0","0","0","0","1","0","709","23","0","18","0",
"Población_de_20_a_22_años",	20311,"San_Pedro_Jaltepetongo","2020","8","2","6","4","0","8","0","0","0","0","0","0","0","0","8","0","0","0","0",
"Población_de_20_a_22_años",	20312,"San_Pedro_Jicayán","2020","439","190","249","404","31","439","0","0","0","0","0","0","0","0","428","11","0","27","0",
"Población_de_20_a_22_años",	20313,"San_Pedro_Jocotipac","2020","28","18","10","7","0","28","0","0","0","0","0","0","0","0","26","2","0","1","0",
"Población_de_20_a_22_años",	20314,"San_Pedro_Juchatengo","2020","75","32","43","0","0","75","0","0","0","0","0","0","0","0","73","2","0","4","0",
"Población_de_20_a_22_años",	20315,"San_Pedro_Mártir","2020","64","30","34","15","2","63","1","1","0","0","0","0","0","0","64","0","0","1","0",
"Población_de_20_a_22_años",	20316,"San_Pedro_Mártir_Quiechapa","2020","46","24","22","10","0","46","0","0","0","0","0","0","0","0","44","2","0","1","0",
"Población_de_20_a_22_años",	20317,"San_Pedro_Mártir_Yucuxaco","2020","46","27","19","0","0","46","0","0","0","0","0","0","0","0","45","1","0","1","0",
"Población_de_20_a_22_años",	20318,"San_Pedro_Mixtepec_-Dto._22_-","2020","2,257","1,110","1,147","70","287","2,253","4","3","0","0","1","0","0","2","2,187","68","2","52","0",
"Población_de_20_a_22_años",	20319,"San_Pedro_Mixtepec_-Dto._26_-","2020","39","19","20","35","0","39","0","0","0","0","0","0","0","0","39","0","0","0","0",
"Población_de_20_a_22_años",	20320,"San_Pedro_Molinos","2020","27","13","14","8","1","27","0","0","0","0","0","0","0","0","27","0","0","0","0",
"Población_de_20_a_22_años",	20321,"San_Pedro_Nopala","2020","29","16","13","0","0","29","0","0","0","0","0","0","0","0","27","2","0","2","0",
"Población_de_20_a_22_años",	20322,"San_Pedro_Ocopetatillo","2020","29","18","11","29","0","29","0","0","0","0","0","0","0","0","29","0","0","0","0",
"Población_de_20_a_22_años",	20323,"San_Pedro_Ocotepec","2020","168","74","94","162","0","168","0","0","0","0","0","0","0","0","167","1","0","2","0",
"Población_de_20_a_22_años",	20324,"San_Pedro_Pochutla","2020","2,600","1,305","1,295","145","109","2,596","4","3","0","0","1","0","0","3","2,533","63","4","51","0",
"Población_de_20_a_22_años",	20325,"San_Pedro_Quiatoni","2020","610","314","296","583","3","610","0","0","0","0","0","0","0","0","594","16","0","18","0",
"Población_de_20_a_22_años",	20326,"San_Pedro_Sochiápam","2020","190","95","95","175","2","190","0","0","0","0","0","0","0","0","180","10","0","7","0",
"Población_de_20_a_22_años",	20327,"San_Pedro_Tapanatepec","2020","580","281","299","10","18","580","0","0","0","0","0","0","0","0","529","51","0","14","0",
"Población_de_20_a_22_años",	20328,"San_Pedro_Taviche","2020","98","49","49","0","1","98","0","0","0","0","0","0","0","0","98","0","0","1","0",
"Población_de_20_a_22_años",	20329,"San_Pedro_Teozacoalco","2020","44","23","21","2","2","44","0","0","0","0","0","0","0","0","42","2","0","1","0",
"Población_de_20_a_22_años",	20330,"San_Pedro_Teutila","2020","218","111","107","30","8","218","0","0","0","0","0","0","0","0","208","10","0","13","0",
"Población_de_20_a_22_años",	20331,"San_Pedro_Tidaá","2020","23","9","14","3","0","23","0","0","0","0","0","0","0","1","20","2","1","1","0",
"Población_de_20_a_22_años",	20332,"San_Pedro_Topiltepec","2020","7","4","3","0","0","7","0","0","0","0","0","0","0","0","7","0","0","0","0",
"Población_de_20_a_22_años",	20333,"San_Pedro_Totolápam","2020","153","72","81","18","2","149","3","3","0","0","0","0","1","0","147","4","1","1","0",
"Población_de_20_a_22_años",	20334,"Villa_de_Tututepec_de_Melchor_Ocampo","2020","2,339","1,103","1,236","108","1,239","2,323","14","12","0","0","2","0","2","9","2,250","73","14","79","0",
"Población_de_20_a_22_años",	20335,"San_Pedro_Yaneri","2020","41","21","20","38","1","41","0","0","0","0","0","0","0","0","37","4","0","0","0",
"Población_de_20_a_22_años",	20336,"San_Pedro_Yólox","2020","66","39","27","62","6","64","2","2","0","0","0","0","0","0","65","1","0","5","0",
"Población_de_20_a_22_años",	20337,"San_Pedro_y_San_Pablo_Ayutla","2020","150","66","84","112","10","150","0","0","0","0","0","0","0","0","143","7","0","15","0",
"Población_de_20_a_22_años",	20338,"Villa_de_Etla","2020","493","247","246","28","12","491","2","0","0","0","2","0","0","0","479","12","1","11","0",
"Población_de_20_a_22_años",	20339,"San_Pedro_y_San_Pablo_Teposcolula","2020","176","86","90","4","7","176","0","0","0","0","0","0","0","0","172","4","0","2","0",
"Población_de_20_a_22_años",	20340,"San_Pedro_y_San_Pablo_Tequixtepec","2020","55","29","26","1","0","54","1","1","0","0","0","0","0","0","51","4","0","2","0",
"Población_de_20_a_22_años",	20341,"San_Pedro_Yucunama","2020","11","5","6","0","0","11","0","0","0","0","0","0","0","0","11","0","0","0","0",
"Población_de_20_a_22_años",	20342,"San_Raymundo_Jalpan","2020","210","101","109","10","6","210","0","0","0","0","0","0","0","0","195","14","0","2","0",
"Población_de_20_a_22_años",	20343,"San_Sebastián_Abasolo","2020","86","40","46","2","0","85","1","1","0","0","0","0","0","0","86","0","0","1","0",
"Población_de_20_a_22_años",	20344,"San_Sebastián_Coatlán","2020","115","45","70","0","2","115","0","0","0","0","0","0","0","0","113","2","0","7","0",
"Población_de_20_a_22_años",	20345,"San_Sebastián_Ixcapa","2020","163","86","77","12","55","163","0","0","0","0","0","0","0","0","159","4","0","3","0",
"Población_de_20_a_22_años",	20346,"San_Sebastián_Nicananduta","2020","49","24","25","9","0","49","0","0","0","0","0","0","0","0","44","5","0","4","0",
"Población_de_20_a_22_años",	20347,"San_Sebastián_Río_Hondo","2020","227","114","113","12","0","227","0","0","0","0","0","0","0","1","224","2","1","3","0",
"Población_de_20_a_22_años",	20348,"San_Sebastián_Tecomaxtlahuaca","2020","361","181","180","100","5","356","5","5","0","0","0","0","0","1","347","12","2","9","0",
"Población_de_20_a_22_años",	20349,"San_Sebastián_Teitipac","2020","88","47","41","1","0","88","0","0","0","0","0","0","0","0","87","1","0","5","0",
"Población_de_20_a_22_años",	20350,"San_Sebastián_Tutla","2020","885","399","486","43","38","882","3","2","0","0","1","0","0","3","854","25","5","18","0",
"Población_de_20_a_22_años",	20351,"San_Simón_Almolongas","2020","98","46","52","0","1","95","3","3","0","0","0","0","0","0","95","3","0","6","0",
"Población_de_20_a_22_años",	20352,"San_Simón_Zahuatlán","2020","311","158","153","297","0","311","0","0","0","0","0","0","0","0","309","2","0","6","0",
"Población_de_20_a_22_años",	20353,"Santa_Ana","2020","119","50","69","0","0","118","1","1","0","0","0","0","0","0","117","1","1","3","0",
"Población_de_20_a_22_años",	20354,"Santa_Ana_Ateixtlahuaca","2020","25","19","6","25","0","25","0","0","0","0","0","0","0","0","22","3","0","0","0",
"Población_de_20_a_22_años",	20355,"Santa_Ana_Cuauhtémoc","2020","29","11","18","2","0","29","0","0","0","0","0","0","0","0","28","1","0","0","0",
"Población_de_20_a_22_años",	20356,"Santa_Ana_del_Valle","2020","88","44","44","43","0","88","0","0","0","0","0","0","0","1","86","1","1","1","0",
"Población_de_20_a_22_años",	20357,"Santa_Ana_Tavela","2020","25","6","19","1","0","25","0","0","0","0","0","0","0","0","25","0","0","3","0",
"Población_de_20_a_22_años",	20358,"Santa_Ana_Tlapacoyan","2020","62","32","30","0","2","60","2","2","0","0","0","0","0","1","61","0","1","1","0",
"Población_de_20_a_22_años",	20359,"Santa_Ana_Yareni","2020","23","8","15","23","1","22","1","1","0","0","0","0","0","0","23","0","0","0","0",
"Población_de_20_a_22_años",	20360,"Santa_Ana_Zegache","2020","167","81","86","3","6","167","0","0","0","0","0","0","0","0","164","3","0","5","0",
"Población_de_20_a_22_años",	20361,"Santa_Catalina_Quierí","2020","31","14","17","31","0","31","0","0","0","0","0","0","0","0","31","0","0","0","0",
"Población_de_20_a_22_años",	20362,"Santa_Catarina_Cuixtla","2020","53","24","29","3","3","53","0","0","0","0","0","0","0","0","46","7","0","0","0",
"Población_de_20_a_22_años",	20363,"Santa_Catarina_Ixtepeji","2020","131","59","72","3","5","131","0","0","0","0","0","0","0","0","130","1","0","4","0",
"Población_de_20_a_22_años",	20364,"Santa_Catarina_Juquila","2020","938","440","498","355","86","937","1","1","0","0","0","0","0","2","924","12","2","30","0",
"Población_de_20_a_22_años",	20365,"Santa_Catarina_Lachatao","2020","22","7","15","3","0","22","0","0","0","0","0","0","0","0","22","0","0","0","0",
"Población_de_20_a_22_años",	20366,"Santa_Catarina_Loxicha","2020","117","55","62","2","1","117","0","0","0","0","0","0","0","0","115","2","0","3","0",
"Población_de_20_a_22_años",	20367,"Santa_Catarina_Mechoacán","2020","217","115","102","192","5","217","0","0","0","0","0","0","0","1","210","6","1","7","0",
"Población_de_20_a_22_años",	20368,"Santa_Catarina_Minas","2020","96","56","40","0","4","96","0","0","0","0","0","0","0","0","95","1","0","1","0",
"Población_de_20_a_22_años",	20369,"Santa_Catarina_Quiané","2020","92","38","54","1","1","89","3","3","0","0","0","0","0","0","84","7","1","0","0",
"Población_de_20_a_22_años",	20370,"Santa_Catarina_Tayata","2020","16","8","8","0","0","16","0","0","0","0","0","0","0","0","15","1","0","0","0",
"Población_de_20_a_22_años",	20371,"Santa_Catarina_Ticuá","2020","25","19","6","8","2","25","0","0","0","0","0","0","0","0","24","1","0","1","0",
"Población_de_20_a_22_años",	20372,"Santa_Catarina_Yosonotú","2020","31","12","19","25","0","31","0","0","0","0","0","0","0","0","30","1","0","0","0",
"Población_de_20_a_22_años",	20373,"Santa_Catarina_Zapoquila","2020","11","5","6","0","1","11","0","0","0","0","0","0","0","0","11","0","0","0","0",
"Población_de_20_a_22_años",	20374,"Santa_Cruz_Acatepec","2020","92","43","49","77","0","92","0","0","0","0","0","0","0","0","86","6","0","4","0",
"Población_de_20_a_22_años",	20375,"Santa_Cruz_Amilpas","2020","729","354","375","98","30","724","5","5","0","0","0","0","0","1","711","16","1","14","0",
"Población_de_20_a_22_años",	20376,"Santa_Cruz_de_Bravo","2020","17","12","5","1","0","15","2","2","0","0","0","0","0","0","16","1","0","0","0",
"Población_de_20_a_22_años",	20377,"Santa_Cruz_Itundujia","2020","457","219","238","18","5","457","0","0","0","0","0","0","0","1","445","11","1","15","0",
"Población_de_20_a_22_años",	20378,"Santa_Cruz_Mixtepec","2020","189","100","89","57","6","189","0","0","0","0","0","0","0","0","187","2","0","6","0",
"Población_de_20_a_22_años",	20379,"Santa_Cruz_Nundaco","2020","130","58","72","101","0","129","1","1","0","0","0","0","0","1","126","3","1","2","0",
"Población_de_20_a_22_años",	20380,"Santa_Cruz_Papalutla","2020","94","41","53","2","1","94","0","0","0","0","0","0","0","1","91","2","1","2","0",
"Población_de_20_a_22_años",	20381,"Santa_Cruz_Tacache_de_Mina","2020","123","57","66","1","0","122","1","1","0","0","0","0","0","1","120","2","1","3","0",
"Población_de_20_a_22_años",	20382,"Santa_Cruz_Tacahua","2020","52","25","27","3","0","52","0","0","0","0","0","0","0","0","50","2","0","2","0",
"Población_de_20_a_22_años",	20383,"Santa_Cruz_Tayata","2020","26","13","13","0","0","26","0","0","0","0","0","0","0","0","26","0","0","1","0",
"Población_de_20_a_22_años",	20384,"Santa_Cruz_Xitla","2020","225","118","107","124","8","224","1","1","0","0","0","0","0","2","212","11","2","9","0",
"Población_de_20_a_22_años",	20385,"Santa_Cruz_Xoxocotlán","2020","5,406","2,616","2,790","427","262","5,389","17","12","0","0","5","0","0","7","5,212","183","10","112","0",
"Población_de_20_a_22_años",	20386,"Santa_Cruz_Zenzontepec","2020","996","476","520","686","92","996","0","0","0","0","0","0","0","1","985","10","1","30","0",
"Población_de_20_a_22_años",	20387,"Santa_Gertrudis","2020","110","54","56","1","4","108","2","2","0","0","0","0","0","0","109","0","1","5","0",
"Población_de_20_a_22_años",	20388,"Santa_Inés_del_Monte","2020","159","74","85","3","1","158","1","1","0","0","0","0","0","0","156","3","0","6","0",
"Población_de_20_a_22_años",	20389,"Santa_Inés_Yatzeche","2020","53","19","34","50","1","53","0","0","0","0","0","0","0","0","53","0","0","0","0",
"Población_de_20_a_22_años",	20390,"Santa_Lucía_del_Camino","2020","2,650","1,302","1,348","307","93","2,634","16","12","0","0","4","0","0","1","2,532","104","5","51","0",
"Población_de_20_a_22_años",	20391,"Santa_Lucía_Miahuatlán","2020","134","54","80","129","0","134","0","0","0","0","0","0","0","0","133","1","0","4","0",
"Población_de_20_a_22_años",	20392,"Santa_Lucía_Monteverde","2020","252","102","150","102","4","252","0","0","0","0","0","0","0","0","245","7","0","4","0",
"Población_de_20_a_22_años",	20393,"Santa_Lucía_Ocotlán","2020","211","104","107","165","5","211","0","0","0","0","0","0","0","0","209","2","0","4","0",
"Población_de_20_a_22_años",	20394,"Santa_María_Alotepec","2020","133","63","70","127","0","133","0","0","0","0","0","0","0","0","129","4","0","3","0",
"Población_de_20_a_22_años",	20395,"Santa_María_Apazco","2020","49","25","24","37","7","49","0","0","0","0","0","0","0","0","45","4","0","4","0",
"Población_de_20_a_22_años",	20396,"Santa_María_la_Asunción","2020","109","44","65","105","1","109","0","0","0","0","0","0","0","0","104","5","0","7","0",
"Población_de_20_a_22_años",	20397,"Heroica_Ciudad_de_Tlaxiaco","2020","1,823","845","978","358","51","1,814","9","9","0","0","0","0","0","1","1,760","61","2","53","0",
"Población_de_20_a_22_años",	20398,"Ayoquezco_de_Aldama","2020","211","108","103","3","0","209","2","2","0","0","0","0","0","3","203","3","5","5","0",
"Población_de_20_a_22_años",	20399,"Santa_María_Atzompa","2020","2,217","1,060","1,157","234","61","2,206","10","7","0","0","3","0","1","1","2,151","63","3","56","0",
"Población_de_20_a_22_años",	20400,"Santa_María_Camotlán","2020","51","28","23","0","1","51","0","0","0","0","0","0","0","0","50","1","0","1","0",
"Población_de_20_a_22_años",	20401,"Santa_María_Colotepec","2020","1,147","534","613","82","73","1,144","3","3","0","0","0","0","0","2","1,115","30","2","24","0",
"Población_de_20_a_22_años",	20402,"Santa_María_Cortijo","2020","46","19","27","1","45","45","1","1","0","0","0","0","0","0","43","3","0","5","0",
"Población_de_20_a_22_años",	20403,"Santa_María_Coyotepec","2020","184","94","90","12","2","183","1","1","0","0","0","0","0","0","180","4","0","3","0",
"Población_de_20_a_22_años",	20404,"Santa_María_Chachoápam","2020","19","11","8","1","0","18","1","1","0","0","0","0","0","0","19","0","0","1","0",
"Población_de_20_a_22_años",	20405,"Villa_de_Chilapa_de_Díaz","2020","64","30","34","9","2","64","0","0","0","0","0","0","0","0","61","3","0","1","0",
"Población_de_20_a_22_años",	20406,"Santa_María_Chilchotla","2020","815","382","433","726","3","815","0","0","0","0","0","0","0","0","779","36","0","24","0",
"Población_de_20_a_22_años",	20407,"Santa_María_Chimalapa","2020","299","142","157","115","7","299","0","0","0","0","0","0","0","1","287","11","1","8","0",
"Población_de_20_a_22_años",	20408,"Santa_María_del_Rosario","2020","19","9","10","5","0","19","0","0","0","0","0","0","0","0","16","3","0","0","0",
"Población_de_20_a_22_años",	20409,"Santa_María_del_Tule","2020","348","161","187","24","18","347","1","1","0","0","0","0","0","0","342","5","0","8","0",
"Población_de_20_a_22_años",	20410,"Santa_María_Ecatepec","2020","143","75","68","41","14","143","0","0","0","0","0","0","0","0","142","1","0","4","0",
"Población_de_20_a_22_años",	20411,"Santa_María_Guelacé","2020","44","22","22","3","1","43","1","1","0","0","0","0","0","0","40","4","0","2","0",
"Población_de_20_a_22_años",	20412,"Santa_María_Guienagati","2020","149","72","77","13","7","149","0","0","0","0","0","0","0","0","146","3","0","9","0",
"Población_de_20_a_22_años",	20413,"Santa_María_Huatulco","2020","2,785","1,327","1,458","122","144","2,768","16","13","0","0","3","0","1","4","2,639","135","9","54","0",
"Población_de_20_a_22_años",	20414,"Santa_María_Huazolotitlán","2020","474","224","250","90","311","472","1","1","0","0","0","0","1","0","455","19","0","13","0",
"Población_de_20_a_22_años",	20415,"Santa_María_Ipalapa","2020","219","95","124","10","49","218","1","1","0","0","0","0","0","0","213","6","0","3","0",
"Población_de_20_a_22_años",	20416,"Santa_María_Ixcatlán","2020","13","8","5","0","0","13","0","0","0","0","0","0","0","0","12","1","0","1","0",
"Población_de_20_a_22_años",	20417,"Santa_María_Jacatepec","2020","428","188","240","234","8","427","0","0","0","0","0","0","1","1","418","9","1","19","0",
"Población_de_20_a_22_años",	20418,"Santa_María_Jalapa_del_Marqués","2020","487","231","256","7","5","486","1","1","0","0","0","0","0","1","473","13","1","11","0",
"Población_de_20_a_22_años",	20419,"Santa_María_Jaltianguis","2020","26","13","13","3","0","26","0","0","0","0","0","0","0","1","24","1","1","1","0",
"Población_de_20_a_22_años",	20420,"Santa_María_Lachixío","2020","73","36","37","69","2","72","1","1","0","0","0","0","0","0","69","4","0","0","0",
"Población_de_20_a_22_años",	20421,"Santa_María_Mixtequilla","2020","177","79","98","2","1","177","0","0","0","0","0","0","0","0","166","11","0","0","0",
"Población_de_20_a_22_años",	20422,"Santa_María_Nativitas","2020","25","15","10","6","0","25","0","0","0","0","0","0","0","0","25","0","0","1","0",
"Población_de_20_a_22_años",	20423,"Santa_María_Nduayaco","2020","14","11","3","0","0","14","0","0","0","0","0","0","0","0","13","1","0","1","0",
"Población_de_20_a_22_años",	20424,"Santa_María_Ozolotepec","2020","178","82","96","28","0","178","0","0","0","0","0","0","0","0","175","3","0","2","0",
"Población_de_20_a_22_años",	20425,"Santa_María_Pápalo","2020","60","28","32","51","1","60","0","0","0","0","0","0","0","0","58","2","0","3","0",
"Población_de_20_a_22_años",	20426,"Santa_María_Peñoles","2020","455","236","219","416","19","454","1","1","0","0","0","0","0","1","444","9","2","10","0",
"Población_de_20_a_22_años",	20427,"Santa_María_Petapa","2020","576","278","298","56","26","571","1","1","0","0","0","0","4","0","551","22","0","14","0",
"Población_de_20_a_22_años",	20428,"Santa_María_Quiegolani","2020","104","54","50","93","0","104","0","0","0","0","0","0","0","0","103","0","0","5","0",
"Población_de_20_a_22_años",	20429,"Santa_María_Sola","2020","59","35","24","6","0","59","0","0","0","0","0","0","0","0","54","5","0","2","0",
"Población_de_20_a_22_años",	20430,"Santa_María_Tataltepec","2020","14","6","8","1","0","14","0","0","0","0","0","0","0","0","13","1","0","0","0",
"Población_de_20_a_22_años",	20431,"Santa_María_Tecomavaca","2020","70","34","36","8","1","70","0","0","0","0","0","0","0","0","67","3","0","3","0",
"Población_de_20_a_22_años",	20432,"Santa_María_Temaxcalapa","2020","36","18","18","36","1","36","0","0","0","0","0","0","0","0","36","0","0","2","0",
"Población_de_20_a_22_años",	20433,"Santa_María_Temaxcaltepec","2020","139","56","83","122","51","139","0","0","0","0","0","0","0","1","136","2","1","4","0",
"Población_de_20_a_22_años",	20434,"Santa_María_Teopoxco","2020","93","39","54","88","0","93","0","0","0","0","0","0","0","0","88","5","0","4","0",
"Población_de_20_a_22_años",	20435,"Santa_María_Tepantlali","2020","149","75","74","146","2","149","0","0","0","0","0","0","0","0","148","1","0","9","0",
"Población_de_20_a_22_años",	20436,"Santa_María_Texcatitlán","2020","15","6","9","14","0","15","0","0","0","0","0","0","0","0","13","2","0","0","0",
"Población_de_20_a_22_años",	20437,"Santa_María_Tlahuitoltepec","2020","415","200","215","394","1","414","1","1","0","0","0","0","0","0","405","10","0","16","0",
"Población_de_20_a_22_años",	20438,"Santa_María_Tlalixtac","2020","65","34","31","13","3","65","0","0","0","0","0","0","0","0","63","2","0","1","0",
"Población_de_20_a_22_años",	20439,"Santa_María_Tonameca","2020","1,254","594","660","452","46","1,252","1","1","0","0","0","0","1","2","1,241","11","2","24","0",
"Población_de_20_a_22_años",	20440,"Santa_María_Totolapilla","2020","23","12","11","2","1","23","0","0","0","0","0","0","0","0","23","0","0","2","0",
"Población_de_20_a_22_años",	20441,"Santa_María_Xadani","2020","422","199","223","394","37","421","1","0","1","0","0","0","0","0","389","32","1","8","0",
"Población_de_20_a_22_años",	20442,"Santa_María_Yalina","2020","13","8","5","7","0","13","0","0","0","0","0","0","0","0","13","0","0","0","0",
"Población_de_20_a_22_años",	20443,"Santa_María_Yavesía","2020","13","8","5","1","0","13","0","0","0","0","0","0","0","0","13","0","0","0","0",
"Población_de_20_a_22_años",	20444,"Santa_María_Yolotepec","2020","15","6","9","2","0","14","1","1","0","0","0","0","0","0","15","0","0","0","0",
"Población_de_20_a_22_años",	20445,"Santa_María_Yosoyúa","2020","88","45","43","76","0","88","0","0","0","0","0","0","0","0","86","2","0","3","0",
"Población_de_20_a_22_años",	20446,"Santa_María_Yucuhiti","2020","218","99","119","191","16","218","0","0","0","0","0","0","0","0","214","4","0","10","0",
"Población_de_20_a_22_años",	20447,"Santa_María_Zacatepec","2020","846","395","451","246","44","837","9","9","0","0","0","0","0","6","824","16","6","38","0",
"Población_de_20_a_22_años",	20448,"Santa_María_Zaniza","2020","143","68","75","8","1","143","0","0","0","0","0","0","0","0","142","1","0","1","0",
"Población_de_20_a_22_años",	20449,"Santa_María_Zoquitlán","2020","119","59","60","1","0","118","1","1","0","0","0","0","0","0","118","1","0","3","0",
"Población_de_20_a_22_años",	20450,"Santiago_Amoltepec","2020","798","413","385","409","6","797","1","0","0","0","1","0","0","4","787","7","4","25","0",
"Población_de_20_a_22_años",	20451,"Santiago_Apoala","2020","17","10","7","16","0","17","0","0","0","0","0","0","0","0","17","0","0","0","0",
"Población_de_20_a_22_años",	20452,"Santiago_Apóstol","2020","231","111","120","118","0","231","0","0","0","0","0","0","0","0","230","1","0","2","0",
"Población_de_20_a_22_años",	20453,"Santiago_Astata","2020","161","79","82","4","1","161","0","0","0","0","0","0","0","0","148","13","0","2","0",
"Población_de_20_a_22_años",	20454,"Santiago_Atitlán","2020","195","103","92","190","0","195","0","0","0","0","0","0","0","0","188","7","0","7","0",
"Población_de_20_a_22_años",	20455,"Santiago_Ayuquililla","2020","139","69","70","0","0","139","0","0","0","0","0","0","0","0","133","6","0","4","0",
"Población_de_20_a_22_años",	20456,"Santiago_Cacaloxtepec","2020","59","36","23","0","14","58","1","1","0","0","0","0","0","0","54","5","0","6","0",
"Población_de_20_a_22_años",	20457,"Santiago_Camotlán","2020","207","103","104","171","1","206","1","1","0","0","0","0","0","0","200","6","1","12","0",
"Población_de_20_a_22_años",	20458,"Santiago_Comaltepec","2020","30","14","16","25","0","30","0","0","0","0","0","0","0","0","30","0","0","0","0",
"Población_de_20_a_22_años",	20459,"Santiago_Chazumba","2020","176","86","90","9","1","174","1","1","0","0","0","0","1","1","156","18","1","4","0",
"Población_de_20_a_22_años",	20460,"Santiago_Choápam","2020","215","91","124","101","5","213","0","0","0","0","0","0","2","0","211","3","0","3","0",
"Población_de_20_a_22_años",	20461,"Santiago_del_Río","2020","17","8","9","8","0","17","0","0","0","0","0","0","0","0","17","0","0","0","0",
"Población_de_20_a_22_años",	20462,"Santiago_Huajolotitlán","2020","187","103","84","2","10","185","2","2","0","0","0","0","0","0","172","14","1","3","0",
"Población_de_20_a_22_años",	20463,"Santiago_Huauclilla","2020","16","8","8","0","0","16","0","0","0","0","0","0","0","0","16","0","0","1","0",
"Población_de_20_a_22_años",	20464,"Santiago_Ihuitlán_Plumas","2020","11","6","5","0","0","11","0","0","0","0","0","0","0","0","10","1","0","2","0",
"Población_de_20_a_22_años",	20465,"Santiago_Ixcuintepec","2020","62","26","36","45","0","62","0","0","0","0","0","0","0","0","61","1","0","2","0",
"Población_de_20_a_22_años",	20466,"Santiago_Ixtayutla","2020","859","388","471","745","45","857","1","1","0","0","0","0","1","0","857","0","1","11","0",
"Población_de_20_a_22_años",	20467,"Santiago_Jamiltepec","2020","770","360","410","126","237","765","5","5","0","0","0","0","0","2","750","17","3","24","0",
"Población_de_20_a_22_años",	20468,"Santiago_Jocotepec","2020","589","282","307","401","0","587","2","2","0","0","0","0","0","0","575","12","1","28","0",
"Población_de_20_a_22_años",	20469,"Santiago_Juxtlahuaca","2020","1,663","783","880","1,082","29","1,643","19","19","0","0","0","0","1","9","1,621","26","16","38","0",
"Población_de_20_a_22_años",	20470,"Santiago_Lachiguiri","2020","133","62","71","31","0","132","0","0","0","0","0","0","1","0","130","2","0","1","0",
"Población_de_20_a_22_años",	20471,"Santiago_Lalopa","2020","20","8","12","18","0","20","0","0","0","0","0","0","0","0","20","0","0","0","0",
"Población_de_20_a_22_años",	20472,"Santiago_Laollaga","2020","124","54","70","7","14","122","2","2","0","0","0","0","0","0","116","6","2","4","0",
"Población_de_20_a_22_años",	20473,"Santiago_Laxopa","2020","49","26","23","38","0","49","0","0","0","0","0","0","0","0","48","1","0","1","0",
"Población_de_20_a_22_años",	20474,"Santiago_Llano_Grande","2020","98","40","58","1","92","98","0","0","0","0","0","0","0","1","93","4","1","6","0",
"Población_de_20_a_22_años",	20475,"Santiago_Matatlán","2020","444","192","252","337","2","429","14","14","0","0","0","0","1","2","429","11","3","18","0",
"Población_de_20_a_22_años",	20476,"Santiago_Miltepec","2020","22","12","10","0","1","22","0","0","0","0","0","0","0","0","21","1","0","0","0",
"Población_de_20_a_22_años",	20477,"Santiago_Minas","2020","56","28","28","4","2","56","0","0","0","0","0","0","0","0","56","0","0","2","0",
"Población_de_20_a_22_años",	20478,"Santiago_Nacaltepec","2020","47","18","29","0","1","47","0","0","0","0","0","0","0","0","46","1","0","4","0",
"Población_de_20_a_22_años",	20479,"Santiago_Nejapilla","2020","3","2","1","0","0","3","0","0","0","0","0","0","0","0","3","0","0","0","0",
"Población_de_20_a_22_años",	20480,"Santiago_Nundiche","2020","55","26","29","51","0","55","0","0","0","0","0","0","0","0","52","3","0","1","0",
"Población_de_20_a_22_años",	20481,"Santiago_Nuyoó","2020","44","20","24","37","1","44","0","0","0","0","0","0","0","0","42","2","0","2","0",
"Población_de_20_a_22_años",	20482,"Santiago_Pinotepa_Nacional","2020","2,682","1,298","1,384","336","1,180","2,673","7","4","0","0","3","0","2","1","2,591","88","2","67","0",
"Población_de_20_a_22_años",	20483,"Santiago_Suchilquitongo","2020","502","245","257","5","7","500","2","2","0","0","0","0","0","0","498","4","0","9","0",
"Población_de_20_a_22_años",	20484,"Santiago_Tamazola","2020","209","87","122","1","1","206","3","2","0","0","1","0","0","1","196","11","2","9","0",
"Población_de_20_a_22_años",	20485,"Santiago_Tapextla","2020","127","62","65","4","118","126","1","1","0","0","0","0","0","1","115","11","1","4","0",
"Población_de_20_a_22_años",	20486,"Villa_Tejúpam_de_la_Unión","2020","121","62","59","0","10","121","0","0","0","0","0","0","0","0","119","2","0","2","0",
"Población_de_20_a_22_años",	20487,"Santiago_Tenango","2020","74","35","39","1","2","74","0","0","0","0","0","0","0","0","73","1","0","0","0",
"Población_de_20_a_22_años",	20488,"Santiago_Tepetlapa","2020","4","2","2","0","0","4","0","0","0","0","0","0","0","0","3","1","0","0","0",
"Población_de_20_a_22_años",	20489,"Santiago_Tetepec","2020","205","104","101","44","11","205","0","0","0","0","0","0","0","0","202","3","0","5","0",
"Población_de_20_a_22_años",	20490,"Santiago_Texcalcingo","2020","126","55","71","121","0","126","0","0","0","0","0","0","0","0","120","5","0","3","0",
"Población_de_20_a_22_años",	20491,"Santiago_Textitlán","2020","295","139","156","61","0","294","0","0","0","0","0","0","1","0","295","0","0","5","0",
"Población_de_20_a_22_años",	20492,"Santiago_Tilantongo","2020","66","25","41","14","1","66","0","0","0","0","0","0","0","0","65","1","0","0","0",
"Población_de_20_a_22_años",	20493,"Santiago_Tillo","2020","16","10","6","0","0","16","0","0","0","0","0","0","0","0","15","1","0","0","0",
"Población_de_20_a_22_años",	20494,"Santiago_Tlazoyaltepec","2020","312","139","173","225","2","312","0","0","0","0","0","0","0","1","307","4","1","7","0",
"Población_de_20_a_22_años",	20495,"Santiago_Xanica","2020","128","67","61","40","6","128","0","0","0","0","0","0","0","0","127","1","0","7","0",
"Población_de_20_a_22_años",	20496,"Santiago_Xiacuí","2020","60","33","27","3","0","60","0","0","0","0","0","0","0","0","58","2","0","1","0",
"Población_de_20_a_22_años",	20497,"Santiago_Yaitepec","2020","184","71","113","181","14","184","0","0","0","0","0","0","0","1","182","1","1","0","0",
"Población_de_20_a_22_años",	20498,"Santiago_Yaveo","2020","337","155","182","56","2","336","1","0","1","0","0","0","0","0","302","34","1","12","0",
"Población_de_20_a_22_años",	20499,"Santiago_Yolomécatl","2020","79","37","42","2","2","79","0","0","0","0","0","0","0","0","77","2","0","3","0",
"Población_de_20_a_22_años",	20500,"Santiago_Yosondúa","2020","266","133","133","22","3","265","1","1","0","0","0","0","0","0","257","9","0","13","0",
"Población_de_20_a_22_años",	20501,"Santiago_Yucuyachi","2020","36","19","17","0","0","33","3","3","0","0","0","0","0","0","35","1","0","3","0",
"Población_de_20_a_22_años",	20502,"Santiago_Zacatepec","2020","175","74","101","169","0","175","0","0","0","0","0","0","0","0","169","5","0","6","0",
"Población_de_20_a_22_años",	20503,"Santiago_Zoochila","2020","15","8","7","1","0","15","0","0","0","0","0","0","0","0","15","0","0","2","0",
"Población_de_20_a_22_años",	20504,"Nuevo_Zoquiápam","2020","69","24","45","11","8","68","1","1","0","0","0","0","0","0","66","3","0","1","0",
"Población_de_20_a_22_años",	20505,"Santo_Domingo_Ingenio","2020","266","138","128","2","7","266","0","0","0","0","0","0","0","0","256","10","0","9","0",
"Población_de_20_a_22_años",	20506,"Santo_Domingo_Albarradas","2020","34","17","17","24","5","34","0","0","0","0","0","0","0","0","32","2","0","0","0",
"Población_de_20_a_22_años",	20507,"Santo_Domingo_Armenta","2020","118","53","65","1","111","117","1","1","0","0","0","0","0","0","99","19","0","6","0",
"Población_de_20_a_22_años",	20508,"Santo_Domingo_Chihuitán","2020","55","23","32","4","0","55","0","0","0","0","0","0","0","0","50","5","0","2","0",
"Población_de_20_a_22_años",	20509,"Santo_Domingo_de_Morelos","2020","551","234","317","469","17","550","1","1","0","0","0","0","0","0","546","5","0","16","0",
"Población_de_20_a_22_años",	20510,"Santo_Domingo_Ixcatlán","2020","19","7","12","2","0","19","0","0","0","0","0","0","0","0","19","0","0","1","0",
"Población_de_20_a_22_años",	20511,"Santo_Domingo_Nuxaá","2020","114","52","62","37","1","114","0","0","0","0","0","0","0","0","112","2","0","5","0",
"Población_de_20_a_22_años",	20512,"Santo_Domingo_Ozolotepec","2020","57","26","31","4","0","57","0","0","0","0","0","0","0","0","57","0","0","1","0",
"Población_de_20_a_22_años",	20513,"Santo_Domingo_Petapa","2020","369","175","194","36","8","369","0","0","0","0","0","0","0","0","353","16","0","16","0",
"Población_de_20_a_22_años",	20514,"Santo_Domingo_Roayaga","2020","44","21","23","43","2","44","0","0","0","0","0","0","0","0","44","0","0","1","0",
"Población_de_20_a_22_años",	20515,"Santo_Domingo_Tehuantepec","2020","2,853","1,357","1,496","128","57","2,846","5","2","1","0","2","0","2","0","2,759","91","2","80","0",
"Población_de_20_a_22_años",	20516,"Santo_Domingo_Teojomulco","2020","247","112","135","3","1","245","2","2","0","0","0","0","0","0","246","1","0","7","0",
"Población_de_20_a_22_años",	20517,"Santo_Domingo_Tepuxtepec","2020","255","132","123","244","1","255","0","0","0","0","0","0","0","0","242","13","0","5","0",
"Población_de_20_a_22_años",	20518,"Santo_Domingo_Tlatayápam","2020","3","1","2","0","0","3","0","0","0","0","0","0","0","0","3","0","0","0","0",
"Población_de_20_a_22_años",	20519,"Santo_Domingo_Tomaltepec","2020","163","73","90","10","1","162","1","1","0","0","0","0","0","0","162","1","0","2","0",
"Población_de_20_a_22_años",	20520,"Santo_Domingo_Tonalá","2020","347","145","202","94","4","339","8","8","0","0","0","0","0","3","327","15","5","20","0",
"Población_de_20_a_22_años",	20521,"Santo_Domingo_Tonaltepec","2020","7","2","5","1","0","7","0","0","0","0","0","0","0","0","7","0","0","1","0",
"Población_de_20_a_22_años",	20522,"Santo_Domingo_Xagacía","2020","40","12","28","33","0","40","0","0","0","0","0","0","0","0","36","4","0","2","0",
"Población_de_20_a_22_años",	20523,"Santo_Domingo_Yanhuitlán","2020","41","16","25","0","6","41","0","0","0","0","0","0","0","0","41","0","0","2","0",
"Población_de_20_a_22_años",	20524,"Santo_Domingo_Yodohino","2020","19","10","9","0","0","19","0","0","0","0","0","0","0","0","18","1","0","0","0",
"Población_de_20_a_22_años",	20525,"Santo_Domingo_Zanatepec","2020","447","224","223","2","8","446","1","1","0","0","0","0","0","0","417","29","1","12","0",
"Población_de_20_a_22_años",	20526,"Santos_Reyes_Nopala","2020","804","349","455","401","42","804","0","0","0","0","0","0","0","0","791","13","0","23","0",
"Población_de_20_a_22_años",	20527,"Santos_Reyes_Pápalo","2020","106","59","47","90","14","106","0","0","0","0","0","0","0","0","105","1","0","2","0",
"Población_de_20_a_22_años",	20528,"Santos_Reyes_Tepejillo","2020","21","8","13","12","0","17","4","4","0","0","0","0","0","0","18","2","1","1","0",
"Población_de_20_a_22_años",	20529,"Santos_Reyes_Yucuná","2020","96","41","55","93","0","96","0","0","0","0","0","0","0","0","95","1","0","0","0",
"Población_de_20_a_22_años",	20530,"Santo_Tomás_Jalieza","2020","236","107","129","8","1","236","0","0","0","0","0","0","0","0","233","3","0","5","0",
"Población_de_20_a_22_años",	20531,"Santo_Tomás_Mazaltepec","2020","121","56","65","26","0","121","0","0","0","0","0","0","0","0","118","3","0","3","0",
"Población_de_20_a_22_años",	20532,"Santo_Tomás_Ocotepec","2020","142","57","85","133","2","142","0","0","0","0","0","0","0","0","142","0","0","6","0",
"Población_de_20_a_22_años",	20533,"Santo_Tomás_Tamazulapan","2020","146","74","72","25","5","145","1","1","0","0","0","0","0","0","138","8","0","3","0",
"Población_de_20_a_22_años",	20534,"San_Vicente_Coatlán","2020","167","70","97","150","1","167","0","0","0","0","0","0","0","4","156","7","4","3","0",
"Población_de_20_a_22_años",	20535,"San_Vicente_Lachixío","2020","174","80","94","168","1","174","0","0","0","0","0","0","0","0","169","5","0","2","0",
"Población_de_20_a_22_años",	20536,"San_Vicente_Nuñú","2020","15","8","7","1","2","15","0","0","0","0","0","0","0","0","15","0","0","0","0",
"Población_de_20_a_22_años",	20537,"Silacayoápam","2020","268","124","144","24","2","260","8","8","0","0","0","0","0","0","250","16","2","7","0",
"Población_de_20_a_22_años",	20538,"Sitio_de_Xitlapehua","2020","32","16","16","0","0","32","0","0","0","0","0","0","0","0","28","4","0","0","0",
"Población_de_20_a_22_años",	20539,"Soledad_Etla","2020","294","160","134","5","8","294","0","0","0","0","0","0","0","2","286","6","2","6","0",
"Población_de_20_a_22_años",	20540,"Villa_de_Tamazulápam_del_Progreso","2020","470","152","318","20","155","468","2","1","0","0","1","0","0","0","420","50","0","8","0",
"Población_de_20_a_22_años",	20541,"Tanetze_de_Zaragoza","2020","48","30","18","45","1","48","0","0","0","0","0","0","0","0","46","2","0","3","0",
"Población_de_20_a_22_años",	20542,"Taniche","2020","35","17","18","1","0","35","0","0","0","0","0","0","0","0","33","2","0","0","0",
"Población_de_20_a_22_años",	20543,"Tataltepec_de_Valdés","2020","358","171","187","195","2","358","0","0","0","0","0","0","0","1","356","1","1","9","0",
"Población_de_20_a_22_años",	20544,"Teococuilco_de_Marcos_Pérez","2020","34","12","22","15","0","34","0","0","0","0","0","0","0","0","34","0","0","1","0",
"Población_de_20_a_22_años",	20545,"Teotitlán_de_Flores_Magón","2020","483","249","234","43","23","482","1","1","0","0","0","0","0","0","455","28","0","8","0",
"Población_de_20_a_22_años",	20546,"Teotitlán_del_Valle","2020","276","126","150","143","8","273","3","3","0","0","0","0","0","0","268","7","1","3","0",
"Población_de_20_a_22_años",	20547,"Teotongo","2020","34","17","17","1","0","34","0","0","0","0","0","0","0","0","33","1","0","0","0",
"Población_de_20_a_22_años",	20548,"Tepelmeme_Villa_de_Morelos","2020","76","32","44","1","0","76","0","0","0","0","0","0","0","0","72","4","0","2","0",
"Población_de_20_a_22_años",	20549,"Heroica_Villa_Tezoatlán_de_Segura_y_Luna,_Cuna_de_la_Independencia_de_Oaxaca","2020","533","238","295","278","8","524","9","9","0","0","0","0","0","4","514","13","5","21","0",
"Población_de_20_a_22_años",	20550,"San_Jerónimo_Tlacochahuaya","2020","228","113","115","27","10","224","4","4","0","0","0","0","0","0","222","6","0","9","0",
"Población_de_20_a_22_años",	20551,"Tlacolula_de_Matamoros","2020","1,312","631","681","204","39","1,302","6","6","0","0","0","0","4","1","1,234","70","4","34","0",
"Población_de_20_a_22_años",	20552,"Tlacotepec_Plumas","2020","14","3","11","0","0","14","0","0","0","0","0","0","0","0","14","0","0","1","0",
"Población_de_20_a_22_años",	20553,"Tlalixtac_de_Cabrera","2020","608","288","320","20","10","605","3","3","0","0","0","0","0","1","593","14","1","6","0",
"Población_de_20_a_22_años",	20554,"Totontepec_Villa_de_Morelos","2020","206","102","104","168","1","206","0","0","0","0","0","0","0","0","202","4","0","4","0",
"Población_de_20_a_22_años",	20555,"Trinidad_Zaachila","2020","177","81","96","3","2","177","0","0","0","0","0","0","0","0","170","7","0","1","0",
"Población_de_20_a_22_años",	20556,"La_Trinidad_Vista_Hermosa","2020","9","5","4","1","0","9","0","0","0","0","0","0","0","0","8","1","0","0","0",
"Población_de_20_a_22_años",	20557,"Unión_Hidalgo","2020","601","282","319","118","4","601","0","0","0","0","0","0","0","0","591","10","0","11","0",
"Población_de_20_a_22_años",	20558,"Valerio_Trujano","2020","64","29","35","5","29","64","0","0","0","0","0","0","0","0","63","1","0","2","0",
"Población_de_20_a_22_años",	20559,"San_Juan_Bautista_Valle_Nacional","2020","1,000","444","556","472","37","999","1","1","0","0","0","0","0","1","970","28","1","28","0",
"Población_de_20_a_22_años",	20560,"Villa_Díaz_Ordaz","2020","275","123","152","206","1","272","3","3","0","0","0","0","0","0","271","4","0","8","0",
"Población_de_20_a_22_años",	20561,"Yaxe","2020","152","84","68","2","3","152","0","0","0","0","0","0","0","0","149","3","0","5","0",
"Población_de_20_a_22_años",	20562,"Magdalena_Yodocono_de_Porfirio_Díaz","2020","81","37","44","1","0","81","0","0","0","0","0","0","0","0","76","5","0","6","0",
"Población_de_20_a_22_años",	20563,"Yogana","2020","42","23","19","0","0","41","1","1","0","0","0","0","0","0","41","1","0","2","0",
"Población_de_20_a_22_años",	20564,"Yutanduchi_de_Guerrero","2020","24","12","12","18","0","24","0","0","0","0","0","0","0","0","24","0","0","2","0",
"Población_de_20_a_22_años",	20565,"Villa_de_Zaachila","2020","2,385","1,154","1,231","191","58","2,372","12","12","0","0","0","0","1","3","2,332","48","4","43","0",
"Población_de_20_a_22_años",	20566,"San_Mateo_Yucutindoo","2020","144","68","76","4","2","144","0","0","0","0","0","0","0","0","142","2","0","6","0",
"Población_de_20_a_22_años",	20567,"Zapotitlán_Lagunas","2020","152","76","76","0","0","149","3","3","0","0","0","0","0","1","146","5","1","5","0",
"Población_de_20_a_22_años",	20568,"Zapotitlán_Palmas","2020","72","27","45","1","0","72","0","0","0","0","0","0","0","0","72","0","0","3","0",
"Población_de_20_a_22_años",	20569,"Santa_Inés_de_Zaragoza","2020","36","21","15","2","1","36","0","0","0","0","0","0","0","0","33","3","0","0","0",
"Población_de_20_a_22_años",	20570,"Zimatlán_de_Álvarez","2020","1,057","526","531","26","24","1,046","10","8","2","0","0","0","1","1","1,032","21","3","20","0",
"Población_de_20_a_22_años",	21,"Puebla","2020","ND","ND","ND","ND","ND","ND","ND","ND","ND","ND","ND","ND","ND","ND","ND","ND","ND","ND","ND",
"Población_de_20_a_22_años",	21001,"Acajete","2020","4,008","1,955","2,053","144","17","3,972","36","36","0","0","0","0","0","1","3,930","75","2","70","0",
"Población_de_20_a_22_años",	21002,"Acateno","2020","429","218","211","3","3","429","0","0","0","0","0","0","0","0","408","21","0","16","0",
"Población_de_20_a_22_años",	21003,"Acatlán","2020","1,788","863","925","11","31","1,763","25","25","0","0","0","0","0","2","1,749","33","3","65","0",
"Población_de_20_a_22_años",	21004,"Acatzingo","2020","3,753","1,898","1,855","5","23","3,743","10","10","0","0","0","0","0","0","3,709","44","0","55","0",
"Población_de_20_a_22_años",	21005,"Acteopan","2020","159","81","78","15","11","157","2","2","0","0","0","0","0","0","155","4","0","6","0",
"Población_de_20_a_22_años",	21006,"Ahuacatlán","2020","673","299","374","543","81","673","0","0","0","0","0","0","0","0","661","12","0","10","0",
"Población_de_20_a_22_años",	21007,"Ahuatlán","2020","88","39","49","0","0","86","2","2","0","0","0","0","0","1","84","3","1","0","0",
"Población_de_20_a_22_años",	21008,"Ahuazotepec","2020","529","266","263","2","1","529","0","0","0","0","0","0","0","0","494","35","0","17","0",
"Población_de_20_a_22_años",	21009,"Ahuehuetitla","2020","101","55","46","0","0","98","3","3","0","0","0","0","0","0","97","3","1","4","0",
"Población_de_20_a_22_años",	21010,"Ajalpan","2020","4,361","2,148","2,213","1,844","66","4,356","5","5","0","0","0","0","0","4","4,295","59","4","67","0",
"Población_de_20_a_22_años",	21011,"Albino_Zertuche","2020","77","36","41","0","0","76","1","1","0","0","0","0","0","0","72","4","1","0","0",
"Población_de_20_a_22_años",	21012,"Aljojuca","2020","273","130","143","1","1","268","5","5","0","0","0","0","0","1","262","10","1","11","0",
"Población_de_20_a_22_años",	21013,"Altepexi","2020","1,191","547","644","316","9","1,190","1","1","0","0","0","0","0","0","1,176","14","1","16","0",
"Población_de_20_a_22_años",	21014,"Amixtlán","2020","212","101","111","125","2","212","0","0","0","0","0","0","0","0","210","2","0","10","0",
"Población_de_20_a_22_años",	21015,"Amozoc","2020","7,033","3,512","3,521","103","206","7,026","5","5","0","0","0","0","2","1","6,850","179","2","104","0",
"Población_de_20_a_22_años",	21016,"Aquixtla","2020","428","208","220","13","9","428","0","0","0","0","0","0","0","0","410","18","0","16","0",
"Población_de_20_a_22_años",	21017,"Atempan","2020","1,615","746","869","280","8","1,614","1","1","0","0","0","0","0","0","1,588","26","1","30","0",
"Población_de_20_a_22_años",	21018,"Atexcal","2020","151","74","77","2","7","151","0","0","0","0","0","0","0","0","147","4","0","6","0",
"Población_de_20_a_22_años",	21019,"Atlixco","2020","7,520","3,772","3,748","49","64","7,426","85","79","0","0","6","0","9","5","7,387","111","11","136","0",
"Población_de_20_a_22_años",	21020,"Atoyatempan","2020","421","192","229","2","48","420","1","1","0","0","0","0","0","0","418","3","0","13","0",
"Población_de_20_a_22_años",	21021,"Atzala","2020","81","43","38","0","2","78","3","3","0","0","0","0","0","0","78","2","1","2","0",
"Población_de_20_a_22_años",	21022,"Atzitzihuacán","2020","666","326","340","3","10","657","9","9","0","0","0","0","0","0","649","16","0","19","0",
"Población_de_20_a_22_años",	21023,"Atzitzintla","2020","485","244","241","0","2","484","1","1","0","0","0","0","0","2","479","4","2","9","0",
"Población_de_20_a_22_años",	21024,"Axutla","2020","45","19","26","0","0","45","0","0","0","0","0","0","0","0","45","0","0","1","0",
"Población_de_20_a_22_años",	21025,"Ayotoxco_de_Guerrero","2020","349","156","193","51","10","348","1","1","0","0","0","0","0","1","337","11","1","11","0",
"Población_de_20_a_22_años",	21026,"Calpan","2020","849","431","418","30","71","842","7","7","0","0","0","0","0","1","829","18","2","24","0",
"Población_de_20_a_22_años",	21027,"Caltepec","2020","140","57","83","3","0","140","0","0","0","0","0","0","0","0","136","4","0","3","0",
"Población_de_20_a_22_años",	21028,"Camocuautla","2020","134","66","68","132","1","134","0","0","0","0","0","0","0","0","131","3","0","0","0",
"Población_de_20_a_22_años",	21029,"Caxhuacan","2020","167","77","90","145","1","167","0","0","0","0","0","0","0","0","166","1","0","6","0",
"Población_de_20_a_22_años",	21030,"Coatepec","2020","43","23","20","33","0","43","0","0","0","0","0","0","0","0","43","0","0","2","0",
"Población_de_20_a_22_años",	21031,"Coatzingo","2020","112","55","57","0","1","112","0","0","0","0","0","0","0","0","108","4","0","4","0",
"Población_de_20_a_22_años",	21032,"Cohetzala","2020","38","18","20","0","0","38","0","0","0","0","0","0","0","0","38","0","0","1","0",
"Población_de_20_a_22_años",	21033,"Cohuecan","2020","255","113","142","3","4","253","2","2","0","0","0","0","0","1","241","13","1","5","0",
"Población_de_20_a_22_años",	21034,"Coronango","2020","2,575","1,342","1,233","27","20","2,562","13","7","0","3","3","0","0","0","2,511","59","5","39","0",
"Población_de_20_a_22_años",	21035,"Coxcatlán","2020","990","483","507","308","5","990","0","0","0","0","0","0","0","0","966","23","0","20","0",
"Población_de_20_a_22_años",	21036,"Coyomeapan","2020","606","297","309","582","4","606","0","0","0","0","0","0","0","0","601","5","0","21","0",
"Población_de_20_a_22_años",	21037,"Coyotepec","2020","85","38","47","2","4","85","0","0","0","0","0","0","0","0","76","9","0","1","0",
"Población_de_20_a_22_años",	21038,"Cuapiaxtla_de_Madero","2020","605","305","300","4","4","605","0","0","0","0","0","0","0","0","597","8","0","12","0",
"Población_de_20_a_22_años",	21039,"Cuautempan","2020","433","210","223","276","5","433","0","0","0","0","0","0","0","0","423","10","0","13","0",
"Población_de_20_a_22_años",	21040,"Cuautinchán","2020","717","362","355","4","4","715","2","2","0","0","0","0","0","0","706","11","0","17","0",
"Población_de_20_a_22_años",	21041,"Cuautlancingo","2020","6,896","3,447","3,449","98","166","6,847","42","20","1","8","13","0","7","3","6,433","441","19","94","0",
"Población_de_20_a_22_años",	21042,"Cuayuca_de_Andrade","2020","135","66","69","0","0","134","1","1","0","0","0","0","0","0","129","6","0","4","0",
"Población_de_20_a_22_años",	21043,"Cuetzalan_del_Progreso","2020","2,327","1,149","1,178","1,647","31","2,326","0","0","0","0","0","0","1","0","2,296","28","0","46","0",
"Población_de_20_a_22_años",	21044,"Cuyoaco","2020","858","392","466","14","20","856","1","1","0","0","0","0","1","0","841","17","0","12","0",
"Población_de_20_a_22_años",	21045,"Chalchicomula_de_Sesma","2020","2,352","1,129","1,223","6","11","2,347","3","3","0","0","0","0","2","0","2,303","42","0","43","0",
"Población_de_20_a_22_años",	21046,"Chapulco","2020","455","215","240","5","0","454","0","0","0","0","0","0","1","0","440","14","0","11","0",
"Población_de_20_a_22_años",	21047,"Chiautla","2020","1,039","516","523","1","83","1,027","12","12","0","0","0","0","0","2","1,018","17","4","23","0",
"Población_de_20_a_22_años",	21048,"Chiautzingo","2020","1,218","609","609","11","5","1,213","3","3","0","0","0","0","2","0","1,189","28","0","15","0",
"Población_de_20_a_22_años",	21049,"Chiconcuautla","2020","946","452","494","628","21","945","1","1","0","0","0","0","0","0","926","20","0","24","0",
"Población_de_20_a_22_años",	21050,"Chichiquila","2020","1,559","783","776","181","86","1,559","0","0","0","0","0","0","0","2","1,514","42","2","43","0",
"Población_de_20_a_22_años",	21051,"Chietla","2020","1,661","830","831","2","32","1,641","20","20","0","0","0","0","0","5","1,622","33","6","36","0",
"Población_de_20_a_22_años",	21052,"Chigmecatitlán","2020","43","19","24","16","0","43","0","0","0","0","0","0","0","0","40","3","0","4","0",
"Población_de_20_a_22_años",	21053,"Chignahuapan","2020","3,127","1,500","1,627","17","14","3,115","11","11","0","0","0","0","1","4","2,989","128","7","50","0",
"Población_de_20_a_22_años",	21054,"Chignautla","2020","2,025","972","1,053","50","14","2,025","0","0","0","0","0","0","0","1","1,988","35","1","42","0",
"Población_de_20_a_22_años",	21055,"Chila","2020","228","124","104","1","1","228","0","0","0","0","0","0","0","0","223","5","0","8","0",
"Población_de_20_a_22_años",	21056,"Chila_de_la_Sal","2020","58","29","29","1","0","56","2","2","0","0","0","0","0","0","57","1","0","1","0",
"Población_de_20_a_22_años",	21057,"Honey","2020","266","130","136","11","0","266","0","0","0","0","0","0","0","0","250","16","0","6","0",
"Población_de_20_a_22_años",	21058,"Chilchotla","2020","984","490","494","11","42","984","0","0","0","0","0","0","0","0","960","23","0","22","0",
"Población_de_20_a_22_años",	21059,"Chinantla","2020","130","73","57","0","19","126","4","4","0","0","0","0","0","0","127","3","0","5","0",
"Población_de_20_a_22_años",	21060,"Domingo_Arenas","2020","503","250","253","5","11","502","1","0","0","0","1","0","0","0","493","10","0","4","0",
"Población_de_20_a_22_años",	21061,"Eloxochitlán","2020","816","419","397","728","11","816","0","0","0","0","0","0","0","0","794","22","0","18","0",
"Población_de_20_a_22_años",	21062,"Epatlán","2020","247","129","118","2","5","244","3","3","0","0","0","0","0","0","236","9","2","6","0",
"Población_de_20_a_22_años",	21063,"Esperanza","2020","737","356","381","1","5","734","2","2","0","0","0","0","1","0","729","7","1","19","0",
"Población_de_20_a_22_años",	21064,"Francisco_Z._Mena","2020","656","316","340","14","3","655","1","0","0","0","1","0","0","0","599","56","1","15","0",
"Población_de_20_a_22_años",	21065,"General_Felipe_Ángeles","2020","1,141","568","573","0","7","1,141","0","0","0","0","0","0","0","0","1,114","27","0","24","0",
"Población_de_20_a_22_años",	21066,"Guadalupe","2020","292","153","139","1","0","283","9","8","0","0","1","0","0","0","289","2","1","6","0",
"Población_de_20_a_22_años",	21067,"Guadalupe_Victoria","2020","1,026","494","532","15","6","1,025","0","0","0","0","0","0","1","0","970","55","0","40","0",
"Población_de_20_a_22_años",	21068,"Hermenegildo_Galeana","2020","233","107","126","160","16","233","0","0","0","0","0","0","0","0","231","2","0","10","0",
"Población_de_20_a_22_años",	21069,"Huaquechula","2020","1,568","741","827","3","9","1,547","21","21","0","0","0","0","0","1","1,546","17","4","24","0",
"Población_de_20_a_22_años",	21070,"Huatlatlauca","2020","245","129","116","115","1","243","2","2","0","0","0","0","0","0","234","11","0","6","0",
"Población_de_20_a_22_años",	21071,"Huauchinango","2020","5,074","2,416","2,658","825","39","5,063","10","7","0","0","3","0","1","2","4,904","149","8","89","0",
"Población_de_20_a_22_años",	21072,"Huehuetla","2020","689","356","333","582","7","689","0","0","0","0","0","0","0","0","673","16","0","20","0",
"Población_de_20_a_22_años",	21073,"Huehuetlán_el_Chico","2020","428","211","217","3","1","418","10","10","0","0","0","0","0","0","414","13","1","11","0",
"Población_de_20_a_22_años",	21074,"Huejotzingo","2020","4,890","2,457","2,433","74","156","4,866","21","20","0","0","1","0","3","1","4,570","296","5","105","0",
"Población_de_20_a_22_años",	21075,"Hueyapan","2020","637","320","317","548","2","637","0","0","0","0","0","0","0","0","623","14","0","7","0",
"Población_de_20_a_22_años",	21076,"Hueytamalco","2020","1,269","640","629","28","8","1,269","0","0","0","0","0","0","0","3","1,236","30","3","21","0",
"Población_de_20_a_22_años",	21077,"Hueytlalpan","2020","325","143","182","270","0","325","0","0","0","0","0","0","0","0","320","5","0","3","0",
"Población_de_20_a_22_años",	21078,"Huitzilan_de_Serdán","2020","920","466","454","716","206","917","0","0","0","0","0","0","3","0","908","11","0","12","0",
"Población_de_20_a_22_años",	21079,"Huitziltepec","2020","250","113","137","2","2","249","1","1","0","0","0","0","0","0","246","4","0","7","0",
"Población_de_20_a_22_años",	21080,"Atlequizayan","2020","114","56","58","111","0","114","0","0","0","0","0","0","0","0","110","4","0","2","0",
"Población_de_20_a_22_años",	21081,"Ixcamilpa_de_Guerrero","2020","199","89","110","3","1","194","5","5","0","0","0","0","0","0","194","5","0","8","0",
"Población_de_20_a_22_años",	21082,"Ixcaquixtla","2020","411","210","201","4","15","410","0","0","0","0","0","0","1","0","399","11","0","14","0",
"Población_de_20_a_22_años",	21083,"Ixtacamaxtitlán","2020","1,093","556","537","45","13","1,092","1","0","0","0","1","0","0","0","1,056","36","1","42","0",
"Población_de_20_a_22_años",	21084,"Ixtepec","2020","318","166","152","299","24","318","0","0","0","0","0","0","0","0","313","5","0","6","0",
"Población_de_20_a_22_años",	21085,"Izúcar_de_Matamoros","2020","4,197","2,058","2,139","25","47","4,114","80","75","1","0","3","1","3","8","4,087","90","18","139","0",
"Población_de_20_a_22_años",	21086,"Jalpan","2020","427","207","220","8","8","427","0","0","0","0","0","0","0","0","414","13","0","6","0",
"Población_de_20_a_22_años",	21087,"Jolalpan","2020","636","311","325","4","2","628","8","8","0","0","0","0","0","2","625","9","2","12","0",
"Población_de_20_a_22_años",	21088,"Jonotla","2020","167","86","81","88","1","167","0","0","0","0","0","0","0","0","166","1","0","5","0",
"Población_de_20_a_22_años",	21089,"Jopala","2020","537","226","311","181","4","534","3","1","0","0","2","0","0","0","520","14","3","10","0",
"Población_de_20_a_22_años",	21090,"Juan_C._Bonilla","2020","1,223","605","618","11","20","1,213","8","6","1","0","1","0","2","0","1,181","40","1","23","0",
"Población_de_20_a_22_años",	21091,"Juan_Galindo","2020","440","207","233","41","2","438","1","1","0","0","0","0","1","1","426","12","1","3","0",
"Población_de_20_a_22_años",	21092,"Juan_N._Méndez","2020","205","104","101","1","8","204","1","1","0","0","0","0","0","0","199","6","0","6","0",
"Población_de_20_a_22_años",	21093,"Lafragua","2020","301","153","148","0","4","300","1","1","0","0","0","0","0","0","290","11","0","4","0",
"Población_de_20_a_22_años",	21094,"Libres","2020","1,878","916","962","13","32","1,876","1","1","0","0","0","0","1","0","1,796","80","0","36","0",
"Población_de_20_a_22_años",	21095,"La_Magdalena_Tlatlauquitepec","2020","22","10","12","0","0","22","0","0","0","0","0","0","0","0","21","1","0","0","0",
"Población_de_20_a_22_años",	21096,"Mazapiltepec_de_Juárez","2020","149","74","75","1","1","149","0","0","0","0","0","0","0","0","144","5","0","2","0",
"Población_de_20_a_22_años",	21097,"Mixtla","2020","125","58","67","2","1","125","0","0","0","0","0","0","0","0","124","1","0","2","0",
"Población_de_20_a_22_años",	21098,"Molcaxac","2020","302","151","151","5","4","300","2","2","0","0","0","0","0","1","296","5","1","5","0",
"Población_de_20_a_22_años",	21099,"Cañada_Morelos","2020","1,058","520","538","3","3","1,058","0","0","0","0","0","0","0","1","1,025","32","1","42","0",
"Población_de_20_a_22_años",	21100,"Naupan","2020","359","168","191","289","0","359","0","0","0","0","0","0","0","0","337","22","0","18","0",
"Población_de_20_a_22_años",	21101,"Nauzontla","2020","133","57","76","11","0","133","0","0","0","0","0","0","0","0","132","1","0","1","0",
"Población_de_20_a_22_años",	21102,"Nealtican","2020","786","375","411","5","25","763","23","22","0","0","1","0","0","2","761","20","5","10","0",
"Población_de_20_a_22_años",	21103,"Nicolás_Bravo","2020","323","153","170","3","5","322","1","1","0","0","0","0","0","0","311","12","0","8","0",
"Población_de_20_a_22_años",	21104,"Nopalucan","2020","1,968","984","984","4","111","1,964","2","2","0","0","0","0","2","0","1,940","27","0","29","0",
"Población_de_20_a_22_años",	21105,"Ocotepec","2020","218","106","112","5","2","218","0","0","0","0","0","0","0","0","203","15","0","6","0",
"Población_de_20_a_22_años",	21106,"Ocoyucan","2020","2,556","1,257","1,299","18","55","2,520","35","14","1","10","10","0","1","6","2,248","293","14","45","0",
"Población_de_20_a_22_años",	21107,"Olintla","2020","470","207","263","432","7","470","0","0","0","0","0","0","0","0","459","11","0","8","0",
"Población_de_20_a_22_años",	21108,"Oriental","2020","1,041","511","530","3","15","1,040","1","1","0","0","0","0","0","0","991","50","0","26","0",
"Población_de_20_a_22_años",	21109,"Pahuatlán","2020","899","409","490","510","5","898","1","1","0","0","0","0","0","1","871","27","1","19","0",
"Población_de_20_a_22_años",	21110,"Palmar_de_Bravo","2020","2,889","1,386","1,503","4","26","2,881","6","6","0","0","0","0","2","0","2,847","40","2","54","0",
"Población_de_20_a_22_años",	21111,"Pantepec","2020","651","315","336","128","4","649","2","1","0","0","1","0","0","0","621","28","2","24","0",
"Población_de_20_a_22_años",	21112,"Petlalcingo","2020","399","200","199","6","4","398","1","1","0","0","0","0","0","0","388","10","1","17","0",
"Población_de_20_a_22_años",	21113,"Piaxtla","2020","184","90","94","2","2","178","6","6","0","0","0","0","0","0","179","5","0","9","0",
"Población_de_20_a_22_años",	21114,"Puebla","2020","95,161","47,725","47,436","2,534","2,563","94,643","449","239","8","40","161","1","69","57","88,465","6,198","204","1,515","0",
"Población_de_20_a_22_años",	21115,"Quecholac","2020","3,284","1,655","1,629","4","79","3,278","4","4","0","0","0","0","2","1","3,234","48","1","48","0",
"Población_de_20_a_22_años",	21116,"Quimixtlán","2020","1,070","504","566","22","26","1,070","0","0","0","0","0","0","0","1","1,040","29","1","18","0",
"Población_de_20_a_22_años",	21117,"Rafael_Lara_Grajales","2020","834","409","425","0","8","834","0","0","0","0","0","0","0","0","821","13","0","17","0",
"Población_de_20_a_22_años",	21118,"Los_Reyes_de_Juárez","2020","1,659","847","812","3","9","1,655","4","4","0","0","0","0","0","1","1,627","30","2","19","0",
"Población_de_20_a_22_años",	21119,"San_Andrés_Cholula","2020","10,378","5,071","5,307","167","253","10,166","185","51","2","28","104","0","27","39","8,447","1,771","133","152","0",
"Población_de_20_a_22_años",	21120,"San_Antonio_Cañada","2020","317","159","158","46","0","317","0","0","0","0","0","0","0","0","312","5","0","5","0",
"Población_de_20_a_22_años",	21121,"San_Diego_la_Mesa_Tochimiltzingo","2020","63","30","33","0","1","63","0","0","0","0","0","0","0","0","63","0","0","3","0",
"Población_de_20_a_22_años",	21122,"San_Felipe_Teotlalcingo","2020","586","286","300","5","4","586","0","0","0","0","0","0","0","0","561","25","0","6","0",
"Población_de_20_a_22_años",	21123,"San_Felipe_Tepatlán","2020","129","70","59","74","1","129","0","0","0","0","0","0","0","0","125","4","0","4","0",
"Población_de_20_a_22_años",	21124,"San_Gabriel_Chilac","2020","781","390","391","203","2","779","2","2","0","0","0","0","0","1","763","17","1","20","0",
"Población_de_20_a_22_años",	21125,"San_Gregorio_Atzompa","2020","514","255","259","4","20","513","1","1","0","0","0","0","0","0","498","16","0","7","0",
"Población_de_20_a_22_años",	21126,"San_Jerónimo_Tecuanipan","2020","351","156","195","1","19","351","0","0","0","0","0","0","0","0","348","3","0","5","0",
"Población_de_20_a_22_años",	21127,"San_Jerónimo_Xayacatlán","2020","122","61","61","13","11","119","1","1","0","0","0","0","2","0","117","3","0","0","0",
"Población_de_20_a_22_años",	21128,"San_José_Chiapa","2020","518","230","288","1","6","516","1","1","0","0","0","0","1","0","499","18","1","7","0",
"Población_de_20_a_22_años",	21129,"San_José_Miahuatlán","2020","713","354","359","562","9","711","2","2","0","0","0","0","0","0","703","10","0","12","0",
"Población_de_20_a_22_años",	21130,"San_Juan_Atenco","2020","188","87","101","0","2","187","1","1","0","0","0","0","0","0","184","4","0","4","0",
"Población_de_20_a_22_años",	21131,"San_Juan_Atzompa","2020","44","23","21","0","2","44","0","0","0","0","0","0","0","0","42","2","0","2","0",
"Población_de_20_a_22_años",	21132,"San_Martín_Texmelucan","2020","8,240","4,156","4,084","35","193","8,213","21","19","0","0","2","0","6","4","8,017","213","7","160","0",
"Población_de_20_a_22_años",	21133,"San_Martín_Totoltepec","2020","38","23","15","0","1","38","0","0","0","0","0","0","0","0","38","0","0","0","0",
"Población_de_20_a_22_años",	21134,"San_Matías_Tlalancaleca","2020","1,110","566","544","1","12","1,105","4","3","0","0","1","0","1","1","1,089","19","1","17","0",
"Población_de_20_a_22_años",	21135,"San_Miguel_Ixitlán","2020","18","10","8","0","0","18","0","0","0","0","0","0","0","0","16","2","0","2","0",
"Población_de_20_a_22_años",	21136,"San_Miguel_Xoxtla","2020","721","375","346","3","6","720","1","0","1","0","0","0","0","0","705","15","1","16","0",
"Población_de_20_a_22_años",	21137,"San_Nicolás_Buenos_Aires","2020","486","224","262","0","12","486","0","0","0","0","0","0","0","0","471","15","0","10","0",
"Población_de_20_a_22_años",	21138,"San_Nicolás_de_los_Ranchos","2020","628","298","330","0","11","627","1","1","0","0","0","0","0","0","618","10","0","12","0",
"Población_de_20_a_22_años",	21139,"San_Pablo_Anicano","2020","149","81","68","0","1","148","1","1","0","0","0","0","0","1","143","5","1","4","0",
"Población_de_20_a_22_años",	21140,"San_Pedro_Cholula","2020","7,387","3,715","3,672","98","145","7,321","48","25","0","2","21","0","18","11","6,969","335","23","116","0",
"Población_de_20_a_22_años",	21141,"San_Pedro_Yeloixtlahuaca","2020","154","73","81","0","0","152","2","2","0","0","0","0","0","0","150","4","0","4","0",
"Población_de_20_a_22_años",	21142,"San_Salvador_el_Seco","2020","1,463","714","749","3","29","1,461","1","1","0","0","0","0","1","0","1,424","39","0","44","0",
"Población_de_20_a_22_años",	21143,"San_Salvador_el_Verde","2020","1,931","955","976","6","7","1,927","4","3","0","0","1","0","0","1","1,899","30","2","28","0",
"Población_de_20_a_22_años",	21144,"San_Salvador_Huixcolotla","2020","927","458","469","7","1","927","0","0","0","0","0","0","0","0","894","33","0","10","0",
"Población_de_20_a_22_años",	21145,"San_Sebastián_Tlacotepec","2020","548","277","271","479","4","548","0","0","0","0","0","0","0","0","529","19","0","16","0",
"Población_de_20_a_22_años",	21146,"Santa_Catarina_Tlaltempan","2020","29","18","11","4","0","29","0","0","0","0","0","0","0","0","28","1","0","2","0",
"Población_de_20_a_22_años",	21147,"Santa_Inés_Ahuatempan","2020","291","137","154","3","1","290","1","1","0","0","0","0","0","0","285","6","0","11","0",
"Población_de_20_a_22_años",	21148,"Santa_Isabel_Cholula","2020","668","332","336","3","3","663","5","5","0","0","0","0","0","0","656","12","0","13","0",
"Población_de_20_a_22_años",	21149,"Santiago_Miahuatlán","2020","1,801","918","883","85","21","1,793","5","4","0","0","1","0","3","1","1,762","37","2","38","0",
"Población_de_20_a_22_años",	21150,"Huehuetlán_el_Grande","2020","257","112","145","3","22","257","0","0","0","0","0","0","0","0","251","6","0","6","0",
"Población_de_20_a_22_años",	21151,"Santo_Tomás_Hueyotlipan","2020","493","246","247","1","4","489","4","4","0","0","0","0","0","0","489","4","0","6","0",
"Población_de_20_a_22_años",	21152,"Soltepec","2020","583","300","283","2","10","583","0","0","0","0","0","0","0","1","558","24","1","10","0",
"Población_de_20_a_22_años",	21153,"Tecali_de_Herrera","2020","1,147","593","554","1","23","1,141","6","6","0","0","0","0","0","1","1,120","24","3","17","0",
"Población_de_20_a_22_años",	21154,"Tecamachalco","2020","4,287","2,128","2,159","13","78","4,282","5","5","0","0","0","0","0","2","4,157","119","2","75","0",
"Población_de_20_a_22_años",	21155,"Tecomatlán","2020","577","293","284","140","15","568","9","9","0","0","0","0","0","1","313","260","4","14","0",
"Población_de_20_a_22_años",	21156,"Tehuacán","2020","18,347","8,949","9,398","1,179","272","18,290","45","33","1","2","8","1","12","6","17,232","1,048","21","380","0",
"Población_de_20_a_22_años",	21157,"Tehuitzingo","2020","567","277","290","3","33","559","8","8","0","0","0","0","0","1","550","15","2","15","0",
"Población_de_20_a_22_años",	21158,"Tenampulco","2020","279","148","131","23","3","279","0","0","0","0","0","0","0","0","267","12","0","5","0",
"Población_de_20_a_22_años",	21159,"Teopantlán","2020","148","54","94","96","1","146","2","2","0","0","0","0","0","0","147","1","0","2","0",
"Población_de_20_a_22_años",	21160,"Teotlalco","2020","154","77","77","0","0","147","7","7","0","0","0","0","0","2","142","10","2","2","0",
"Población_de_20_a_22_años",	21161,"Tepanco_de_López","2020","1,290","622","668","108","20","1,276","12","12","0","0","0","0","2","2","1,246","39","4","28","0",
"Población_de_20_a_22_años",	21162,"Tepango_de_Rodríguez","2020","219","114","105","175","0","219","0","0","0","0","0","0","0","0","219","0","0","4","0",
"Población_de_20_a_22_años",	21163,"Tepatlaxco_de_Hidalgo","2020","1,002","474","528","15","11","998","3","3","0","0","0","0","1","0","983","17","2","18","0",
"Población_de_20_a_22_años",	21164,"Tepeaca","2020","4,717","2,356","2,361","2","24","4,703","12","12","0","0","0","0","2","3","4,677","36","4","77","0",
"Población_de_20_a_22_años",	21165,"Tepemaxalco","2020","61","28","33","0","0","61","0","0","0","0","0","0","0","0","60","1","0","6","0",
"Población_de_20_a_22_años",	21166,"Tepeojuma","2020","457","201","256","41","3","449","8","7","0","0","1","0","0","1","449","5","3","12","0",
"Población_de_20_a_22_años",	21167,"Tepetzintla","2020","468","226","242","427","13","467","0","0","0","0","0","0","1","0","464","4","0","11","0",
"Población_de_20_a_22_años",	21168,"Tepexco","2020","439","232","207","0","2","439","0","0","0","0","0","0","0","0","431","8","0","9","0",
"Población_de_20_a_22_años",	21169,"Tepexi_de_Rodríguez","2020","990","488","502","15","5","987","2","2","0","0","0","0","1","3","946","25","4","30","0",
"Población_de_20_a_22_años",	21170,"Tepeyahualco","2020","935","468","467","1","19","935","0","0","0","0","0","0","0","1","885","49","1","17","0",
"Población_de_20_a_22_años",	21171,"Tepeyahualco_de_Cuauhtémoc","2020","176","80","96","0","6","175","1","1","0","0","0","0","0","1","172","3","1","5","0",
"Población_de_20_a_22_años",	21172,"Tetela_de_Ocampo","2020","1,139","542","597","169","15","1,138","1","1","0","0","0","0","0","0","1,096","43","0","25","0",
"Población_de_20_a_22_años",	21173,"Teteles_de_Avila_Castillo","2020","473","131","342","30","3","473","0","0","0","0","0","0","0","0","464","9","0","10","0",
"Población_de_20_a_22_años",	21174,"Teziutlán","2020","5,593","2,720","2,873","297","81","5,587","6","4","2","0","0","0","0","3","5,308","265","4","109","0",
"Población_de_20_a_22_años",	21175,"Tianguismanalco","2020","792","396","396","1","5","779","13","12","0","0","1","0","0","0","774","17","1","16","0",
"Población_de_20_a_22_años",	21176,"Tilapa","2020","473","215","258","1","7","466","7","7","0","0","0","0","0","1","459","13","1","10","0",
"Población_de_20_a_22_años",	21177,"Tlacotepec_de_Benito_Juárez","2020","2,733","1,237","1,496","501","32","2,719","12","12","0","0","0","0","2","2","2,635","96","2","77","0",
"Población_de_20_a_22_años",	21178,"Tlacuilotepec","2020","528","258","270","63","3","528","0","0","0","0","0","0","0","1","502","25","1","16","0",
"Población_de_20_a_22_años",	21179,"Tlachichuca","2020","1,596","786","810","1","8","1,592","3","3","0","0","0","0","1","3","1,533","57","5","48","0",
"Población_de_20_a_22_años",	21180,"Tlahuapan","2020","2,180","1,098","1,082","4","7","2,177","2","2","0","0","0","0","1","0","2,132","48","0","45","0",
"Población_de_20_a_22_años",	21181,"Tlaltenango","2020","374","184","190","0","13","367","7","7","0","0","0","0","0","0","354","20","0","6","0",
"Población_de_20_a_22_años",	21182,"Tlanepantla","2020","315","150","165","2","4","313","1","0","1","0","0","0","1","1","306","7","1","3","0",
"Población_de_20_a_22_años",	21183,"Tlaola","2020","955","450","505","485","2","955","0","0","0","0","0","0","0","0","934","20","0","20","0",
"Población_de_20_a_22_años",	21184,"Tlapacoya","2020","296","126","170","74","0","296","0","0","0","0","0","0","0","1","288","7","1","6","0",
"Población_de_20_a_22_años",	21185,"Tlapanalá","2020","544","273","271","2","0","541","3","3","0","0","0","0","0","2","532","10","2","4","0",
"Población_de_20_a_22_años",	21186,"Tlatlauquitepec","2020","2,518","1,212","1,306","273","24","2,514","1","1","0","0","0","0","3","1","2,450","64","2","48","0",
"Población_de_20_a_22_años",	21187,"Tlaxco","2020","169","79","90","2","4","169","0","0","0","0","0","0","0","0","161","8","0","3","0",
"Población_de_20_a_22_años",	21188,"Tochimilco","2020","1,032","483","549","34","18","1,022","10","10","0","0","0","0","0","1","1,012","19","1","16","0",
"Población_de_20_a_22_años",	21189,"Tochtepec","2020","1,160","524","636","9","5","1,158","2","1","1","0","0","0","0","0","1,140","20","0","24","0",
"Población_de_20_a_22_años",	21190,"Totoltepec_de_Guerrero","2020","45","24","21","1","3","45","0","0","0","0","0","0","0","0","42","3","0","0","0",
"Población_de_20_a_22_años",	21191,"Tulcingo","2020","441","200","241","10","8","434","7","6","0","0","1","0","0","2","408","29","4","8","0",
"Población_de_20_a_22_años",	21192,"Tuzamapan_de_Galeana","2020","234","120","114","62","3","233","1","1","0","0","0","0","0","0","229","5","0","5","0",
"Población_de_20_a_22_años",	21193,"Tzicatlacoyan","2020","290","146","144","0","17","289","1","1","0","0","0","0","0","0","288","2","0","5","0",
"Población_de_20_a_22_años",	21194,"Venustiano_Carranza","2020","1,168","554","614","6","11","1,162","5","5","0","0","0","0","1","3","1,107","57","3","34","0",
"Población_de_20_a_22_años",	21195,"Vicente_Guerrero","2020","1,316","571","745","401","31","1,315","1","1","0","0","0","0","0","6","1,271","39","6","28","0",
"Población_de_20_a_22_años",	21196,"Xayacatlán_de_Bravo","2020","69","41","28","3","0","69","0","0","0","0","0","0","0","0","66","3","0","1","0",
"Población_de_20_a_22_años",	21197,"Xicotepec","2020","3,967","1,914","2,053","68","26","3,962","4","1","0","0","3","0","1","4","3,814","146","7","62","0",
"Población_de_20_a_22_años",	21198,"Xicotlán","2020","58","29","29","0","0","58","0","0","0","0","0","0","0","0","54","4","0","4","0",
"Población_de_20_a_22_años",	21199,"Xiutetelco","2020","2,347","1,118","1,229","16","25","2,347","0","0","0","0","0","0","0","4","2,278","65","4","46","0",
"Población_de_20_a_22_años",	21200,"Xochiapulco","2020","128","64","64","31","2","128","0","0","0","0","0","0","0","0","126","2","0","2","0",
"Población_de_20_a_22_años",	21201,"Xochiltepec","2020","161","69","92","2","2","158","3","3","0","0","0","0","0","0","155","6","0","3","0",
"Población_de_20_a_22_años",	21202,"Xochitlán_de_Vicente_Suárez","2020","628","298","330","463","13","627","1","1","0","0","0","0","0","0","620","8","0","5","0",
"Población_de_20_a_22_años",	21203,"Xochitlán_Todos_Santos","2020","396","185","211","1","3","391","3","3","0","0","0","0","2","1","389","4","1","8","0",
"Población_de_20_a_22_años",	21204,"Yaonáhuac","2020","354","165","189","123","1","354","0","0","0","0","0","0","0","0","344","10","0","7","0",
"Población_de_20_a_22_años",	21205,"Yehualtepec","2020","1,369","673","696","4","6","1,367","2","2","0","0","0","0","0","0","1,354","14","1","24","0",
"Población_de_20_a_22_años",	21206,"Zacapala","2020","201","90","111","4","1","198","3","3","0","0","0","0","0","1","198","2","1","7","0",
"Población_de_20_a_22_años",	21207,"Zacapoaxtla","2020","2,954","1,389","1,565","699","35","2,949","3","3","0","0","0","0","2","0","2,866","86","0","55","0",
"Población_de_20_a_22_años",	21208,"Zacatlán","2020","4,291","2,083","2,208","322","53","4,282","5","5","0","0","0","0","4","7","4,133","144","7","79","0",
"Población_de_20_a_22_años",	21209,"Zapotitlán","2020","424","202","222","15","5","420","3","3","0","0","0","0","1","0","415","8","0","13","0",
"Población_de_20_a_22_años",	21210,"Zapotitlán_de_Méndez","2020","268","128","140","188","8","268","0","0","0","0","0","0","0","0","262","6","0","8","0",
"Población_de_20_a_22_años",	21211,"Zaragoza","2020","832","393","439","16","9","831","0","0","0","0","0","0","1","1","799","31","1","23","0",
"Población_de_20_a_22_años",	21212,"Zautla","2020","902","429","473","283","9","902","0","0","0","0","0","0","0","2","877","23","2","17","0",
"Población_de_20_a_22_años",	21213,"Zihuateutla","2020","552","244","308","141","4","552","0","0","0","0","0","0","0","0","542","10","0","11","0",
"Población_de_20_a_22_años",	21214,"Zinacatepec","2020","966","463","503","232","48","965","0","0","0","0","0","0","1","0","936","29","0","26","0",
"Población_de_20_a_22_años",	21215,"Zongozotla","2020","224","123","101","190","5","224","0","0","0","0","0","0","0","0","223","1","0","3","0",
"Población_de_20_a_22_años",	21216,"Zoquiapan","2020","88","45","43","62","0","88","0","0","0","0","0","0","0","0","84","4","0","3","0",
"Población_de_20_a_22_años",	21217,"Zoquitlán","2020","809","384","425","766","38","809","0","0","0","0","0","0","0","0","788","21","0","31","0",
"Población_de_20_a_22_años",	22,"Querétaro","2020","124,906","62,665","62,241","1,779","2,529","123,730","969","493","7","83","386","0","207","214","109,582","14,484","549","2,292","0",
"Población_de_20_a_22_años",	22001,"Amealco_de_Bonfil","2020","3,620","1,768","1,852","648","28","3,601","18","17","0","0","1","0","1","3","3,517","98","5","79","0",
"Población_de_20_a_22_años",	22002,"Pinal_de_Amoles","2020","1,416","677","739","0","40","1,412","4","4","0","0","0","0","0","5","1,385","26","5","26","0",
"Población_de_20_a_22_años",	22003,"Arroyo_Seco","2020","580","270","310","1","1","577","3","3","0","0","0","0","0","3","559","18","3","10","0",
"Población_de_20_a_22_años",	22004,"Cadereyta_de_Montes","2020","3,394","1,677","1,717","31","41","3,359","35","28","0","0","7","0","0","9","3,307","69","18","74","0",
"Población_de_20_a_22_años",	22005,"Colón","2020","3,776","1,984","1,792","9","46","3,771","5","4","0","0","1","0","0","7","3,677","92","7","90","0",
"Población_de_20_a_22_años",	22006,"Corregidora","2020","10,451","5,253","5,198","46","199","10,314","121","54","1","16","50","0","16","20","9,145","1,236","56","159","0",
"Población_de_20_a_22_años",	22007,"Ezequiel_Montes","2020","2,349","1,178","1,171","5","64","2,322","25","21","0","0","4","0","2","1","2,276","69","4","43","0",
"Población_de_20_a_22_años",	22008,"Huimilpan","2020","1,839","780","1,059","6","19","1,828","9","7","0","0","2","0","2","17","1,770","48","18","48","0",
"Población_de_20_a_22_años",	22009,"Jalpan_de_Serra","2020","1,512","688","824","6","11","1,496","16","16","0","0","0","0","0","1","1,454","52","2","29","0",
"Población_de_20_a_22_años",	22010,"Landa_de_Matamoros","2020","798","362","436","2","7","788","9","9","0","0","0","0","1","6","760","31","7","17","0",
"Población_de_20_a_22_años",	22011,"El_Marqués","2020","12,473","6,441","6,032","145","346","12,358","100","30","5","18","47","0","15","26","9,264","3,117","75","270","0",
"Población_de_20_a_22_años",	22012,"Pedro_Escobedo","2020","4,159","2,095","2,064","20","28","4,142","14","11","0","0","3","0","3","0","3,974","185","0","84","0",
"Población_de_20_a_22_años",	22013,"Peñamiller","2020","977","473","504","3","8","973","3","3","0","0","0","0","1","3","962","12","3","18","0",
"Población_de_20_a_22_años",	22014,"Querétaro","2020","56,707","28,487","28,220","514","1,357","56,031","520","217","1","47","255","0","156","84","48,070","8,116","301","889","0",
"Población_de_20_a_22_años",	22015,"San_Joaquín","2020","357","142","215","1","4","356","1","1","0","0","0","0","0","1","353","3","1","12","0",
"Población_de_20_a_22_años",	22016,"San_Juan_del_Río","2020","15,360","7,795","7,565","62","274","15,284","67","50","0","1","16","0","9","28","14,066","1,220","43","329","0",
"Población_de_20_a_22_años",	22017,"Tequisquiapan","2020","3,737","1,905","1,832","3","34","3,725","11","10","0","1","0","0","1","0","3,656","79","1","77","0",
"Población_de_20_a_22_años",	22018,"Tolimán","2020","1,401","690","711","277","22","1,393","8","8","0","0","0","0","0","0","1,387","13","0","38","0",
"Población_de_20_a_22_años",	23,"Quintana_Roo","2020","95,969","48,855","47,114","9,450","2,961","94,050","1,739","159","706","142","729","3","180","109","77,995","16,655","998","1,807","0",
"Población_de_20_a_22_años",	23001,"Cozumel","2020","4,172","2,182","1,990","108","59","4,126","41","11","9","2","18","1","5","4","3,714","423","18","93","0",
"Población_de_20_a_22_años",	23002,"Felipe_Carrillo_Puerto","2020","4,420","2,258","2,162","2,501","127","4,413","7","1","4","0","2","0","0","0","4,330","85","3","86","0",
"Población_de_20_a_22_años",	23003,"Isla_Mujeres","2020","1,074","539","535","97","24","1,058","14","0","8","0","6","0","2","0","926","145","3","15","0",
"Población_de_20_a_22_años",	23004,"Othón_P._Blanco","2020","11,743","5,978","5,765","319","465","11,577","151","15","11","1","124","0","15","16","11,012","583","105","248","0",
"Población_de_20_a_22_años",	23005,"Benito_Juárez","2020","48,054","24,284","23,770","2,077","1,297","46,792","1,152","94","590","101","366","1","110","63","37,929","9,257","680","933","0",
"Población_de_20_a_22_años",	23006,"José_María_Morelos","2020","2,110","1,083","1,027","859","57","2,110","0","0","0","0","0","0","0","0","2,068","40","0","45","0",
"Población_de_20_a_22_años",	23007,"Lázaro_Cárdenas","2020","1,454","709","745","413","146","1,450","4","0","0","0","4","0","0","0","1,376","74","4","29","0",
"Población_de_20_a_22_años",	23008,"Solidaridad","2020","16,713","8,488","8,225","1,842","605","16,425","251","31","62","37","120","1","37","21","11,399","5,112","140","248","0",
"Población_de_20_a_22_años",	23009,"Tulum","2020","2,768","1,497","1,271","802","111","2,734","30","1","5","1","23","0","4","1","2,143","599","25","39","0",
"Población_de_20_a_22_años",	23010,"Bacalar","2020","2,194","1,152","1,042","331","38","2,125","69","2","12","0","55","0","0","0","2,085","103","5","42","0",
"Población_de_20_a_22_años",	23011,"Puerto_Morelos","2020","1,267","685","582","101","32","1,240","20","4","5","0","11","0","7","4","1,013","234","15","29","0",
"Población_de_20_a_22_años",	24,"San_Luis_Potosí","2020","141,766","69,808","71,958","9,842","2,989","140,546","944","764","8","14","156","2","276","171","136,895","4,176","374","2,756","4",
"Población_de_20_a_22_años",	24001,"Ahualulco","2020","997","436","561","0","15","989","7","7","0","0","0","0","1","1","983","12","1","19","0",
"Población_de_20_a_22_años",	24002,"Alaquines","2020","360","177","183","3","0","357","2","2","0","0","0","0","1","5","349","4","6","4","0",
"Población_de_20_a_22_años",	24003,"Aquismón","2020","2,255","1,115","1,140","1,640","130","2,249","3","2","0","0","1","0","3","1","2,201","51","1","52","0",
"Población_de_20_a_22_años",	24004,"Armadillo_de_los_Infante","2020","174","82","92","0","0","172","2","2","0","0","0","0","0","0","168","5","1","4","0",
"Población_de_20_a_22_años",	24005,"Cárdenas","2020","807","387","420","11","2","797","9","9","0","0","0","0","1","3","788","16","3","16","0",
"Población_de_20_a_22_años",	24006,"Catorce","2020","361","196","165","0","0","359","1","1","0","0","0","0","1","0","354","6","0","7","0",
"Población_de_20_a_22_años",	24007,"Cedral","2020","1,039","522","517","3","67","1,035","3","3","0","0","0","0","1","2","1,001","36","2","14","0",
"Población_de_20_a_22_años",	24008,"Cerritos","2020","944","464","480","2","5","932","12","12","0","0","0","0","0","2","922","16","6","20","0",
"Población_de_20_a_22_años",	24009,"Cerro_de_San_Pedro","2020","271","148","123","0","3","266","5","4","0","0","1","0","0","0","261","8","2","4","0",
"Población_de_20_a_22_años",	24010,"Ciudad_del_Maíz","2020","1,307","635","672","5","5","1,300","7","7","0","0","0","0","0","2","1,267","38","2","29","0",
"Población_de_20_a_22_años",	24011,"Ciudad_Fernández","2020","2,548","1,255","1,293","12","31","2,510","38","38","0","0","0","0","0","9","2,489","45","14","55","0",
"Población_de_20_a_22_años",	24012,"Tancanhuitz","2020","833","422","411","553","4","833","0","0","0","0","0","0","0","0","812","14","0","18","0",
"Población_de_20_a_22_años",	24013,"Ciudad_Valles","2020","8,189","3,973","4,216","530","143","8,151","34","29","1","0","4","0","4","7","7,923","235","15","141","0",
"Población_de_20_a_22_años",	24014,"Coxcatlán","2020","583","289","294","447","7","583","0","0","0","0","0","0","0","0","562","21","0","15","0",
"Población_de_20_a_22_años",	24015,"Charcas","2020","945","450","495","0","8","945","0","0","0","0","0","0","0","0","918","27","0","14","0",
"Población_de_20_a_22_años",	24016,"Ebano","2020","1,753","861","892","114","7","1,742","11","10","1","0","0","0","0","0","1,689","61","3","29","0",
"Población_de_20_a_22_años",	24017,"Guadalcázar","2020","1,044","537","507","2","6","1,028","9","9","0","0","0","0","7","0","1,008","25","3","18","0",
"Población_de_20_a_22_años",	24018,"Huehuetlán","2020","706","336","370","435","18","705","1","1","0","0","0","0","0","0","692","14","0","12","0",
"Población_de_20_a_22_años",	24019,"Lagunillas","2020","188","89","99","2","0","185","3","3","0","0","0","0","0","1","178","8","2","9","0",
"Población_de_20_a_22_años",	24020,"Matehuala","2020","5,207","2,645","2,562","7","43","5,152","52","52","0","0","0","0","3","8","4,979","199","17","108","0",
"Población_de_20_a_22_años",	24021,"Mexquitic_de_Carmona","2020","3,025","1,481","1,544","4","58","3,008","15","15","0","0","0","0","2","4","2,983","32","8","49","0",
"Población_de_20_a_22_años",	24022,"Moctezuma","2020","856","383","473","0","18","849","7","7","0","0","0","0","0","4","839","10","6","22","0",
"Población_de_20_a_22_años",	24023,"Rayón","2020","670","315","355","57","4","658","12","11","0","0","1","0","0","4","654","8","8","19","0",
"Población_de_20_a_22_años",	24024,"Rioverde","2020","4,773","2,291","2,482","19","52","4,720","53","53","0","0","0","0","0","8","4,597","148","14","105","0",
"Población_de_20_a_22_años",	24025,"Salinas","2020","1,595","737","858","0","14","1,584","11","11","0","0","0","0","0","10","1,532","52","11","57","0",
"Población_de_20_a_22_años",	24026,"San_Antonio","2020","442","213","229","362","6","442","0","0","0","0","0","0","0","0","435","7","0","10","0",
"Población_de_20_a_22_años",	24027,"San_Ciro_de_Acosta","2020","433","202","231","4","6","430","3","3","0","0","0","0","0","1","423","9","1","3","0",
"Población_de_20_a_22_años",	24028,"San_Luis_Potosí","2020","50,072","24,835","25,237","219","1,363","49,454","405","272","4","12","117","0","213","54","48,025","1,679","154","884","4",
"Población_de_20_a_22_años",	24029,"San_Martín_Chalchicuautla","2020","603","295","308","218","15","602","1","1","0","0","0","0","0","0","584","19","0","13","0",
"Población_de_20_a_22_años",	24030,"San_Nicolás_Tolentino","2020","203","97","106","0","0","199","4","4","0","0","0","0","0","0","198","4","1","5","0",
"Población_de_20_a_22_años",	24031,"Santa_Catarina","2020","597","295","302","399","42","596","1","1","0","0","0","0","0","0","596","1","0","11","0",
"Población_de_20_a_22_años",	24032,"Santa_María_del_Río","2020","2,085","1,001","1,084","5","39","2,065","20","18","0","1","1","0","0","3","2,047","30","7","28","0",
"Población_de_20_a_22_años",	24033,"Santo_Domingo","2020","403","181","222","0","3","400","3","3","0","0","0","0","0","4","380","18","5","14","0",
"Población_de_20_a_22_años",	24034,"San_Vicente_Tancuayalab","2020","652","329","323","132","4","648","3","3","0","0","0","0","1","0","636","16","0","9","0",
"Población_de_20_a_22_años",	24035,"Soledad_de_Graciano_Sánchez","2020","18,368","9,224","9,144","83","385","18,257","88","58","0","1","27","2","23","11","17,785","519","38","346","0",
"Población_de_20_a_22_años",	24036,"Tamasopo","2020","1,334","633","701","171","39","1,316","17","15","2","0","0","0","1","0","1,306","25","2","26","0",
"Población_de_20_a_22_años",	24037,"Tamazunchale","2020","4,337","2,099","2,238","1,214","130","4,334","3","3","0","0","0","0","0","2","4,167","163","2","79","0",
"Población_de_20_a_22_años",	24038,"Tampacán","2020","516","264","252","145","1","516","0","0","0","0","0","0","0","0","499","17","0","23","0",
"Población_de_20_a_22_años",	24039,"Tampamolón_Corona","2020","594","292","302","319","11","594","0","0","0","0","0","0","0","0","576","18","0","14","0",
"Población_de_20_a_22_años",	24040,"Tamuín","2020","1,699","869","830","162","9","1,686","13","13","0","0","0","0","0","1","1,626","71","1","37","0",
"Población_de_20_a_22_años",	24041,"Tanlajás","2020","743","378","365","600","5","743","0","0","0","0","0","0","0","0","732","10","0","18","0",
"Población_de_20_a_22_años",	24042,"Tanquián_de_Escobedo","2020","505","262","243","53","51","504","1","1","0","0","0","0","0","0","485","20","0","12","0",
"Población_de_20_a_22_años",	24043,"Tierra_Nueva","2020","348","157","191","0","0","345","3","3","0","0","0","0","0","1","345","2","1","9","0",
"Población_de_20_a_22_años",	24044,"Vanegas","2020","275","137","138","3","3","273","2","2","0","0","0","0","0","0","260","15","0","11","0",
"Población_de_20_a_22_años",	24045,"Venado","2020","628","311","317","1","7","625","3","3","0","0","0","0","0","3","609","15","4","23","0",
"Población_de_20_a_22_años",	24046,"Villa_de_Arriaga","2020","906","436","470","0","3","899","7","7","0","0","0","0","0","1","872","33","1","24","0",
"Población_de_20_a_22_años",	24047,"Villa_de_Guadalupe","2020","406","196","210","0","1","400","5","5","0","0","0","0","1","1","390","12","4","10","0",
"Población_de_20_a_22_años",	24048,"Villa_de_la_Paz","2020","272","136","136","1","9","268","4","4","0","0","0","0","0","1","261","9","2","11","0",
"Población_de_20_a_22_años",	24049,"Villa_de_Ramos","2020","1,818","814","1,004","6","3","1,810","7","7","0","0","0","0","1","4","1,751","63","4","50","0",
"Población_de_20_a_22_años",	24050,"Villa_de_Reyes","2020","2,867","1,430","1,437","2","26","2,856","10","9","0","0","1","0","1","3","2,809","53","5","47","0",
"Población_de_20_a_22_años",	24051,"Villa_Hidalgo","2020","708","348","360","2","16","700","7","6","0","0","1","0","1","0","698","9","1","14","0",
"Población_de_20_a_22_años",	24052,"Villa_Juárez","2020","418","216","202","1","2","405","13","13","0","0","0","0","0","0","410","5","3","16","0",
"Población_de_20_a_22_años",	24053,"Axtla_de_Terrazas","2020","1,339","665","674","493","6","1,336","2","2","0","0","0","0","1","0","1,294","44","0","24","0",
"Población_de_20_a_22_años",	24054,"Xilitla","2020","2,232","1,099","1,133","811","34","2,229","3","3","0","0","0","0","0","5","2,149","78","5","51","0",
"Población_de_20_a_22_años",	24055,"Zaragoza","2020","1,546","806","740","2","111","1,536","6","6","0","0","0","0","4","1","1,524","17","2","25","0",
"Población_de_20_a_22_años",	24056,"Villa_de_Arista","2020","883","385","498","1","3","879","4","4","0","0","0","0","0","3","858","22","3","21","0",
"Población_de_20_a_22_años",	24057,"Matlapa","2020","1,176","534","642","584","7","1,170","2","2","0","0","0","0","4","0","1,128","44","1","25","0",
"Población_de_20_a_22_años",	24058,"El_Naranjo","2020","928","443","485","3","9","920","7","5","0","0","2","0","1","1","888","38","2","23","0",
"Población_de_20_a_22_años",	25,"Sinaloa","2020","157,678","78,723","78,955","2,600","2,391","156,654","942","849","6","15","69","3","82","147","150,304","7,015","285","2,824","22",
"Población_de_20_a_22_años",	25001,"Ahome","2020","24,515","12,108","12,407","262","250","24,418","91","86","0","0","5","0","6","26","23,693","776","40","519","0",
"Población_de_20_a_22_años",	25002,"Angostura","2020","1,953","1,033","920","20","9","1,945","7","7","0","0","0","0","1","2","1,912","39","2","38","0",
"Población_de_20_a_22_años",	25003,"Badiraguato","2020","1,066","567","499","1","18","1,066","0","0","0","0","0","0","0","0","1,055","11","0","18","0",
"Población_de_20_a_22_años",	25004,"Concordia","2020","1,052","516","536","3","29","1,050","1","1","0","0","0","0","1","0","1,004","48","0","22","0",
"Población_de_20_a_22_años",	25005,"Cosalá","2020","766","385","381","0","7","753","13","13","0","0","0","0","0","1","746","19","1","12","0",
"Población_de_20_a_22_años",	25006,"Culiacán","2020","54,341","26,885","27,456","398","1,015","53,840","466","421","2","5","36","2","35","53","52,383","1,823","111","913","0",
"Población_de_20_a_22_años",	25007,"Choix","2020","1,197","579","618","23","89","1,185","12","12","0","0","0","0","0","1","1,172","20","5","16","0",
"Población_de_20_a_22_años",	25008,"Elota","2020","3,311","1,760","1,551","369","27","3,276","27","26","0","0","1","0","8","4","2,707","590","6","37","0",
"Población_de_20_a_22_años",	25009,"Escuinapa","2020","2,977","1,471","1,506","259","118","2,965","12","10","0","0","2","0","0","3","2,735","231","9","67","9",
"Población_de_20_a_22_años",	25010,"El_Fuerte","2020","4,779","2,298","2,481","233","97","4,762","17","16","0","0","1","0","0","1","4,551","225","2","85","0",
"Población_de_20_a_22_años",	25011,"Guasave","2020","14,984","7,614","7,370","343","150","14,896","83","79","0","0","3","1","5","8","14,288","666","20","249","0",
"Población_de_20_a_22_años",	25012,"Mazatlán","2020","26,319","13,057","13,262","120","372","26,182","119","89","3","9","18","0","18","28","24,825","1,417","62","443","1",
"Población_de_20_a_22_años",	25013,"Mocorito","2020","1,661","859","802","0","4","1,651","10","10","0","0","0","0","0","2","1,644","14","3","30","0",
"Población_de_20_a_22_años",	25014,"Rosario","2020","2,352","1,181","1,171","78","16","2,345","6","6","0","0","0","0","1","2","2,194","156","2","47","0",
"Población_de_20_a_22_años",	25015,"Salvador_Alvarado","2020","3,684","1,795","1,889","9","31","3,656","25","24","1","0","0","0","3","5","3,582","93","7","72","0",
"Población_de_20_a_22_años",	25016,"San_Ignacio","2020","782","414","368","10","2","776","4","4","0","0","0","0","2","1","696","83","1","22","0",
"Población_de_20_a_22_años",	25017,"Sinaloa","2020","3,707","1,903","1,804","65","25","3,679","27","27","0","0","0","0","1","5","3,653","46","6","72","0",
"Población_de_20_a_22_años",	25018,"Navolato","2020","8,232","4,298","3,934","407","132","8,209","22","18","0","1","3","0","1","5","7,464","758","8","162","12",
"Población_de_20_a_22_años",	26,"Sonora","2020","152,305","77,686","74,619","3,168","2,517","149,668","2,467","2,302","17","11","135","2","170","290","145,445","5,988","701","2,938","23",
"Población_de_20_a_22_años",	26001,"Aconchi","2020","101","58","43","0","0","101","0","0","0","0","0","0","0","0","99","2","0","5","0",
"Población_de_20_a_22_años",	26002,"Agua_Prieta","2020","4,918","2,448","2,470","7","39","4,558","356","353","0","0","3","0","4","17","4,610","238","65","98","5",
"Población_de_20_a_22_años",	26003,"Alamos","2020","1,117","586","531","83","19","1,117","0","0","0","0","0","0","0","1","1,103","13","1","25","0",
"Población_de_20_a_22_años",	26004,"Altar","2020","482","228","254","4","4","475","7","4","1","0","2","0","0","2","455","24","3","10","1",
"Población_de_20_a_22_años",	26005,"Arivechi","2020","25","8","17","0","0","25","0","0","0","0","0","0","0","0","24","1","0","0","0",
"Población_de_20_a_22_años",	26006,"Arizpe","2020","91","54","37","0","0","89","2","2","0","0","0","0","0","0","88","2","1","4","0",
"Población_de_20_a_22_años",	26007,"Atil","2020","21","9","12","0","0","20","1","1","0","0","0","0","0","0","21","0","0","0","0",
"Población_de_20_a_22_años",	26008,"Bacadéhuachi","2020","29","17","12","0","0","29","0","0","0","0","0","0","0","0","29","0","0","2","0",
"Población_de_20_a_22_años",	26009,"Bacanora","2020","17","5","12","0","0","17","0","0","0","0","0","0","0","0","17","0","0","1","0",
"Población_de_20_a_22_años",	26010,"Bacerac","2020","39","21","18","0","0","37","2","2","0","0","0","0","0","0","37","2","0","0","0",
"Población_de_20_a_22_años",	26011,"Bacoachi","2020","53","29","24","0","0","53","0","0","0","0","0","0","0","0","53","0","0","1","0",
"Población_de_20_a_22_años",	26012,"Bácum","2020","1,210","650","560","175","8","1,199","11","10","0","0","1","0","0","1","1,099","109","2","25","0",
"Población_de_20_a_22_años",	26013,"Banámichi","2020","86","38","48","0","0","85","1","1","0","0","0","0","0","0","82","4","0","0","0",
"Población_de_20_a_22_años",	26014,"Baviácora","2020","106","63","43","0","1","101","5","5","0","0","0","0","0","0","105","0","1","3","0",
"Población_de_20_a_22_años",	26015,"Bavispe","2020","37","17","20","0","0","36","1","1","0","0","0","0","0","0","36","1","0","1","0",
"Población_de_20_a_22_años",	26016,"Benjamín_Hill","2020","213","122","91","0","1","212","1","1","0","0","0","0","0","0","212","1","0","6","0",
"Población_de_20_a_22_años",	26017,"Caborca","2020","4,230","2,215","2,015","38","65","4,171","58","33","6","0","19","0","1","6","3,946","251","33","105","8",
"Población_de_20_a_22_años",	26018,"Cajeme","2020","22,557","11,290","11,267","126","257","22,418","126","109","2","0","15","0","13","20","21,833","664","52","494","3",
"Población_de_20_a_22_años",	26019,"Cananea","2020","1,747","906","841","3","18","1,730","17","16","0","0","1","0","0","6","1,672","64","9","28","0",
"Población_de_20_a_22_años",	26020,"Carbó","2020","208","120","88","3","5","207","0","0","0","0","0","0","1","0","194","13","0","2","0",
"Población_de_20_a_22_años",	26021,"La_Colorada","2020","64","41","23","0","0","62","0","0","0","0","0","0","2","0","57","5","0","0","0",
"Población_de_20_a_22_años",	26022,"Cucurpe","2020","38","23","15","0","0","38","0","0","0","0","0","0","0","0","38","0","0","0","0",
"Población_de_20_a_22_años",	26023,"Cumpas","2020","225","106","119","0","1","216","9","9","0","0","0","0","0","0","224","1","0","2","0",
"Población_de_20_a_22_años",	26024,"Divisaderos","2020","27","10","17","0","0","27","0","0","0","0","0","0","0","0","27","0","0","2","0",
"Población_de_20_a_22_años",	26025,"Empalme","2020","2,665","1,454","1,211","253","22","2,645","19","18","1","0","0","0","1","1","2,375","286","3","50","0",
"Población_de_20_a_22_años",	26026,"Etchojoa","2020","3,275","1,714","1,561","185","52","3,266","8","8","0","0","0","0","1","1","3,253","19","3","61","0",
"Población_de_20_a_22_años",	26027,"Fronteras","2020","344","180","164","3","2","338","6","6","0","0","0","0","0","1","310","33","1","6","0",
"Población_de_20_a_22_años",	26028,"Granados","2020","22","10","12","0","0","22","0","0","0","0","0","0","0","0","22","0","0","1","0",
"Población_de_20_a_22_años",	26029,"Guaymas","2020","7,754","4,003","3,751","758","72","7,726","23","15","0","0","8","0","5","4","7,565","174","10","167","0",
"Población_de_20_a_22_años",	26030,"Hermosillo","2020","51,205","26,048","25,157","830","1,226","50,726","383","317","5","6","54","1","96","105","49,061","1,878","168","928","0",
"Población_de_20_a_22_años",	26031,"Huachinera","2020","56","30","26","0","0","56","0","0","0","0","0","0","0","0","55","1","0","2","0",
"Población_de_20_a_22_años",	26032,"Huásabas","2020","21","14","7","0","0","21","0","0","0","0","0","0","0","0","21","0","0","1","0",
"Población_de_20_a_22_años",	26033,"Huatabampo","2020","3,755","1,962","1,793","153","36","3,747","6","5","1","0","0","0","2","0","3,720","33","1","72","0",
"Población_de_20_a_22_años",	26034,"Huépac","2020","18","12","6","0","0","18","0","0","0","0","0","0","0","1","16","1","1","0","0",
"Población_de_20_a_22_años",	26035,"Imuris","2020","570","276","294","8","9","562","8","8","0","0","0","0","0","1","529","38","3","11","0",
"Población_de_20_a_22_años",	26036,"Magdalena","2020","1,609","766","843","7","10","1,584","23","23","0","0","0","0","2","5","1,559","41","7","31","0",
"Población_de_20_a_22_años",	26037,"Mazatán","2020","33","20","13","0","0","32","1","1","0","0","0","0","0","0","33","0","0","0","0",
"Población_de_20_a_22_años",	26038,"Moctezuma","2020","282","135","147","1","0","280","2","2","0","0","0","0","0","0","279","3","0","6","0",
"Población_de_20_a_22_años",	26039,"Naco","2020","274","134","140","2","0","238","36","36","0","0","0","0","0","1","263","9","2","6","0",
"Población_de_20_a_22_años",	26040,"Nácori_Chico","2020","47","30","17","1","0","47","0","0","0","0","0","0","0","0","44","3","0","1","0",
"Población_de_20_a_22_años",	26041,"Nacozari_de_García","2020","524","283","241","1","2","520","4","4","0","0","0","0","0","2","493","25","4","5","0",
"Población_de_20_a_22_años",	26042,"Navojoa","2020","8,571","4,323","4,248","70","41","8,548","21","20","0","0","1","0","2","0","8,460","106","2","176","0",
"Población_de_20_a_22_años",	26043,"Nogales","2020","14,563","7,460","7,103","68","230","14,032","515","500","0","1","14","0","16","64","13,493","893","159","244","4",
"Población_de_20_a_22_años",	26044,"Onavas","2020","16","7","9","0","0","16","0","0","0","0","0","0","0","0","16","0","0","0","0",
"Población_de_20_a_22_años",	26045,"Opodepe","2020","87","49","38","0","12","85","2","2","0","0","0","0","0","0","85","2","0","1","0",
"Población_de_20_a_22_años",	26046,"Oquitoa","2020","17","6","11","0","0","17","0","0","0","0","0","0","0","0","17","0","0","0","0",
"Población_de_20_a_22_años",	26047,"Pitiquito","2020","416","232","184","22","13","415","1","1","0","0","0","0","0","0","404","11","1","8","0",
"Población_de_20_a_22_años",	26048,"Puerto_Peñasco","2020","2,925","1,496","1,429","31","115","2,852","71","63","0","3","5","0","2","13","2,695","195","32","43","0",
"Población_de_20_a_22_años",	26049,"Quiriego","2020","117","65","52","2","0","117","0","0","0","0","0","0","0","0","117","0","0","4","0",
"Población_de_20_a_22_años",	26050,"Rayón","2020","30","12","18","1","0","30","0","0","0","0","0","0","0","0","30","0","0","1","0",
"Población_de_20_a_22_años",	26051,"Rosario","2020","185","95","90","0","1","184","1","1","0","0","0","0","0","0","184","1","0","3","0",
"Población_de_20_a_22_años",	26052,"Sahuaripa","2020","163","79","84","0","0","161","2","2","0","0","0","0","0","0","163","0","0","2","0",
"Población_de_20_a_22_años",	26053,"San_Felipe_de_Jesús","2020","11","5","6","0","0","11","0","0","0","0","0","0","0","0","11","0","0","0","0",
"Población_de_20_a_22_años",	26054,"San_Javier","2020","18","11","7","0","0","18","0","0","0","0","0","0","0","0","14","4","0","0","0",
"Población_de_20_a_22_años",	26055,"San_Luis_Río_Colorado","2020","10,407","5,261","5,146","68","179","9,702","687","677","1","0","9","0","18","35","9,672","594","125","189","2",
"Población_de_20_a_22_años",	26056,"San_Miguel_de_Horcasitas","2020","645","341","304","178","2","641","3","1","0","0","2","0","1","2","481","160","3","4","0",
"Población_de_20_a_22_años",	26057,"San_Pedro_de_la_Cueva","2020","35","21","14","0","0","35","0","0","0","0","0","0","0","0","35","0","0","2","0",
"Población_de_20_a_22_años",	26058,"Santa_Ana","2020","720","377","343","2","1","708","11","11","0","0","0","0","1","1","706","11","2","18","0",
"Población_de_20_a_22_años",	26059,"Santa_Cruz","2020","67","37","30","0","0","67","0","0","0","0","0","0","0","0","66","1","0","1","0",
"Población_de_20_a_22_años",	26060,"Sáric","2020","82","46","36","0","0","79","2","2","0","0","0","0","1","0","73","9","0","3","0",
"Población_de_20_a_22_años",	26061,"Soyopa","2020","38","20","18","0","0","38","0","0","0","0","0","0","0","0","37","1","0","1","0",
"Población_de_20_a_22_años",	26062,"Suaqui_Grande","2020","37","19","18","0","0","37","0","0","0","0","0","0","0","0","37","0","0","1","0",
"Población_de_20_a_22_años",	26063,"Tepache","2020","32","15","17","0","0","31","1","1","0","0","0","0","0","0","32","0","0","1","0",
"Población_de_20_a_22_años",	26064,"Trincheras","2020","41","22","19","0","0","41","0","0","0","0","0","0","0","0","41","0","0","2","0",
"Población_de_20_a_22_años",	26065,"Tubutama","2020","58","35","23","0","0","58","0","0","0","0","0","0","0","0","57","1","0","1","0",
"Población_de_20_a_22_años",	26066,"Ures","2020","266","139","127","1","1","261","5","4","0","1","0","0","0","0","260","3","3","3","0",
"Población_de_20_a_22_años",	26067,"Villa_Hidalgo","2020","40","22","18","0","0","39","1","1","0","0","0","0","0","0","40","0","0","0","0",
"Población_de_20_a_22_años",	26068,"Villa_Pesqueira","2020","32","19","13","0","0","32","0","0","0","0","0","0","0","0","32","0","0","1","0",
"Población_de_20_a_22_años",	26069,"Yécora","2020","164","80","84","20","12","164","0","0","0","0","0","0","0","0","159","5","0","3","0",
"Población_de_20_a_22_años",	26070,"General_Plutarco_Elías_Calles","2020","576","287","289","0","1","550","25","24","0","0","1","0","1","0","531","39","4","21","0",
"Población_de_20_a_22_años",	26071,"Benito_Juárez","2020","1,097","572","525","20","58","1,095","2","1","0","0","0","1","0","0","1,091","6","0","29","0",
"Población_de_20_a_22_años",	26072,"San_Ignacio_Río_Muerto","2020","754","398","356","44","2","753","1","1","0","0","0","0","0","0","747","7","0","14","0",
"Población_de_20_a_22_años",	27,"Tabasco","2020","114,210","55,989","58,221","4,222","1,876","113,806","343","25","77","70","170","1","61","22","111,037","2,507","205","2,561","17",
"Población_de_20_a_22_años",	27001,"Balancán","2020","2,566","1,289","1,277","77","55","2,544","22","2","19","0","1","0","0","0","2,450","109","6","69","0",
"Población_de_20_a_22_años",	27002,"Cárdenas","2020","11,177","5,435","5,742","28","59","11,166","9","2","3","1","3","0","2","4","10,987","142","8","258","0",
"Población_de_20_a_22_años",	27003,"Centla","2020","5,161","2,560","2,601","383","62","5,159","0","0","0","0","0","0","2","0","5,068","91","0","126","0",
"Población_de_20_a_22_años",	27004,"Centro","2020","33,197","16,512","16,685","1,771","639","33,038","135","11","5","57","61","1","24","11","31,732","1,067","72","713","4",
"Población_de_20_a_22_años",	27005,"Comalcalco","2020","10,134","4,893","5,241","16","340","10,130","4","1","0","1","2","0","0","3","9,958","137","6","230","0",
"Población_de_20_a_22_años",	27006,"Cunduacán","2020","6,477","3,194","3,283","20","116","6,474","3","1","1","0","1","0","0","2","6,335","126","3","140","0",
"Población_de_20_a_22_años",	27007,"Emiliano_Zapata","2020","1,404","682","722","17","48","1,396","8","0","0","0","8","0","0","1","1,330","67","7","24","0",
"Población_de_20_a_22_años",	27008,"Huimanguillo","2020","9,300","4,418","4,882","11","93","9,291","3","1","0","0","2","0","6","1","9,132","153","1","230","0",
"Población_de_20_a_22_años",	27009,"Jalapa","2020","1,749","902","847","7","8","1,749","0","0","0","0","0","0","0","0","1,726","23","0","43","0",
"Población_de_20_a_22_años",	27010,"Jalpa_de_Méndez","2020","4,384","2,210","2,174","14","124","4,379","4","0","1","0","3","0","1","0","4,349","35","0","103","0",
"Población_de_20_a_22_años",	27011,"Jonuta","2020","1,470","717","753","31","14","1,470","0","0","0","0","0","0","0","0","1,443","27","0","38","0",
"Población_de_20_a_22_años",	27012,"Macuspana","2020","7,408","3,628","3,780","376","141","7,394","5","1","0","0","4","0","9","0","7,354","46","1","181","0",
"Población_de_20_a_22_años",	27013,"Nacajuca","2020","7,112","3,457","3,655","897","87","7,084","27","5","3","10","9","0","1","0","6,982","120","9","162","0",
"Población_de_20_a_22_años",	27014,"Paraíso","2020","4,681","2,252","2,429","16","12","4,678","2","1","0","1","0","0","1","0","4,616","64","1","83","0",
"Población_de_20_a_22_años",	27015,"Tacotalpa","2020","2,252","1,055","1,197","379","8","2,251","1","0","0","0","1","0","0","0","2,184","58","1","46","0",
"Población_de_20_a_22_años",	27016,"Teapa","2020","2,953","1,442","1,511","26","27","2,944","3","0","2","0","1","0","6","0","2,814","130","2","42","0",
"Población_de_20_a_22_años",	27017,"Tenosique","2020","2,785","1,343","1,442","153","43","2,659","117","0","43","0","74","0","9","0","2,577","112","88","73","13",
"Población_de_20_a_22_años",	28,"Tamaulipas","2020","174,084","87,362","86,722","849","2,620","170,167","3,696","3,346","29","28","293","0","221","290","163,561","9,404","909","3,146","30",
"Población_de_20_a_22_años",	28001,"Abasolo","2020","348","185","163","1","3","347","0","0","0","0","0","0","1","2","341","5","2","6","0",
"Población_de_20_a_22_años",	28002,"Aldama","2020","1,099","548","551","2","7","1,097","2","2","0","0","0","0","0","1","1,083","15","1","36","0",
"Población_de_20_a_22_años",	28003,"Altamira","2020","13,199","6,529","6,670","80","210","13,133","43","36","1","2","4","0","23","8","12,359","805","13","305","0",
"Población_de_20_a_22_años",	28004,"Antiguo_Morelos","2020","356","168","188","1","10","351","5","5","0","0","0","0","0","0","338","18","0","6","0",
"Población_de_20_a_22_años",	28005,"Burgos","2020","135","73","62","0","3","131","4","4","0","0","0","0","0","2","133","0","2","2","0",
"Población_de_20_a_22_años",	28006,"Bustamante","2020","307","162","145","0","0","307","0","0","0","0","0","0","0","0","301","6","0","5","0",
"Población_de_20_a_22_años",	28007,"Camargo","2020","655","321","334","0","3","605","50","46","1","0","3","0","0","1","641","11","3","13","0",
"Población_de_20_a_22_años",	28008,"Casas","2020","170","94","76","1","0","170","0","0","0","0","0","0","0","0","170","0","0","3","0",
"Población_de_20_a_22_años",	28009,"Ciudad_Madero","2020","9,783","4,968","4,815","51","116","9,740","37","30","1","1","5","0","6","4","9,228","535","14","157","0",
"Población_de_20_a_22_años",	28010,"Cruillas","2020","77","36","41","0","0","76","1","1","0","0","0","0","0","0","76","0","1","1","0",
"Población_de_20_a_22_años",	28011,"Gómez_Farías","2020","350","181","169","1","0","350","0","0","0","0","0","0","0","0","347","3","0","6","0",
"Población_de_20_a_22_años",	28012,"González","2020","1,881","931","950","10","14","1,859","15","12","0","0","3","0","7","4","1,816","49","8","55","0",
"Población_de_20_a_22_años",	28013,"Güémez","2020","685","357","328","3","0","683","2","1","1","0","0","0","0","2","664","18","3","15","0",
"Población_de_20_a_22_años",	28014,"Guerrero","2020","130","62","68","0","1","124","6","6","0","0","0","0","0","1","125","2","3","5","0",
"Población_de_20_a_22_años",	28015,"Gustavo_Díaz_Ordaz","2020","766","368","398","3","5","703","63","61","0","0","2","0","0","6","727","23","16","10","0",
"Población_de_20_a_22_años",	28016,"Hidalgo","2020","597","304","293","0","5","594","3","3","0","0","0","0","0","2","581","14","2","5","0",
"Población_de_20_a_22_años",	28017,"Jaumave","2020","717","364","353","2","30","717","0","0","0","0","0","0","0","0","706","11","0","12","0",
"Población_de_20_a_22_años",	28018,"Jiménez","2020","260","133","127","0","1","260","0","0","0","0","0","0","0","0","257","3","0","4","0",
"Población_de_20_a_22_años",	28019,"Llera","2020","554","280","274","4","2","551","3","3","0","0","0","0","0","0","542","12","0","10","0",
"Población_de_20_a_22_años",	28020,"Mainero","2020","58","27","31","0","0","58","0","0","0","0","0","0","0","0","57","1","0","1","0",
"Población_de_20_a_22_años",	28021,"El_Mante","2020","4,404","2,128","2,276","12","28","4,391","13","11","0","0","2","0","0","6","4,323","71","10","93","0",
"Población_de_20_a_22_años",	28022,"Matamoros","2020","28,753","14,606","14,147","112","456","27,640","1,094","993","3","7","91","0","19","81","27,386","1,029","305","560","17",
"Población_de_20_a_22_años",	28023,"Méndez","2020","128","63","65","0","0","125","3","3","0","0","0","0","0","0","125","2","1","3","0",
"Población_de_20_a_22_años",	28024,"Mier","2020","204","98","106","0","2","200","4","4","0","0","0","0","0","0","192","12","0","2","0",
"Población_de_20_a_22_años",	28025,"Miguel_Alemán","2020","1,038","537","501","2","11","957","81","80","0","0","1","0","0","5","1,000","21","17","13","0",
"Población_de_20_a_22_años",	28026,"Miquihuana","2020","140","66","74","0","1","139","1","1","0","0","0","0","0","0","137","3","0","6","0",
"Población_de_20_a_22_años",	28027,"Nuevo_Laredo","2020","22,477","11,121","11,356","53","281","21,410","1,045","964","13","3","65","0","22","36","21,189","1,108","164","392","5",
"Población_de_20_a_22_años",	28028,"Nuevo_Morelos","2020","169","90","79","7","0","168","1","1","0","0","0","0","0","0","161","8","0","1","0",
"Población_de_20_a_22_años",	28029,"Ocampo","2020","502","264","238","2","5","500","2","2","0","0","0","0","0","2","492","8","2","6","0",
"Población_de_20_a_22_años",	28030,"Padilla","2020","535","264","271","0","2","531","4","2","0","0","2","0","0","0","529","4","2","7","0",
"Población_de_20_a_22_años",	28031,"Palmillas","2020","90","37","53","0","0","90","0","0","0","0","0","0","0","0","90","0","0","1","0",
"Población_de_20_a_22_años",	28032,"Reynosa","2020","36,359","18,400","17,959","335","742","35,536","752","659","4","12","77","0","71","52","32,245","3,861","188","601","8",
"Población_de_20_a_22_años",	28033,"Río_Bravo","2020","6,698","3,354","3,344","23","80","6,495","202","198","0","0","4","0","1","31","6,483","150","64","99","0",
"Población_de_20_a_22_años",	28034,"San_Carlos","2020","210","115","95","0","1","210","0","0","0","0","0","0","0","0","209","1","0","5","0",
"Población_de_20_a_22_años",	28035,"San_Fernando","2020","2,089","1,070","1,019","0","12","2,066","23","22","0","0","1","0","0","7","2,053","28","8","36","0",
"Población_de_20_a_22_años",	28036,"San_Nicolás","2020","40","20","20","0","0","40","0","0","0","0","0","0","0","0","40","0","0","0","0",
"Población_de_20_a_22_años",	28037,"Soto_la_Marina","2020","921","474","447","1","13","917","4","4","0","0","0","0","0","1","891","29","1","20","0",
"Población_de_20_a_22_años",	28038,"Tampico","2020","14,475","7,240","7,235","105","277","14,382","84","55","5","3","21","0","9","11","13,311","1,126","34","260","0",
"Población_de_20_a_22_años",	28039,"Tula","2020","1,154","553","601","0","6","1,149","5","5","0","0","0","0","0","5","1,126","21","7","15","0",
"Población_de_20_a_22_años",	28040,"Valle_Hermoso","2020","2,886","1,421","1,465","2","11","2,803","83","81","0","0","2","0","0","5","2,829","46","11","57","0",
"Población_de_20_a_22_años",	28041,"Victoria","2020","17,516","8,759","8,757","34","275","17,396","58","48","0","0","10","0","62","13","17,104","332","25","288","0",
"Población_de_20_a_22_años",	28042,"Villagrán","2020","172","95","77","0","0","172","0","0","0","0","0","0","0","0","165","7","0","6","0",
"Población_de_20_a_22_años",	28043,"Xicoténcatl","2020","997","496","501","2","7","994","3","3","0","0","0","0","0","2","989","6","2","18","0",
"Población_de_20_a_22_años",	29,"Tlaxcala","2020","69,977","35,128","34,849","836","992","69,717","202","166","4","3","29","0","58","35","67,077","2,733","65","1,295","8",
"Población_de_20_a_22_años",	29001,"Amaxac_de_Guerrero","2020","561","262","299","1","11","560","1","1","0","0","0","0","0","0","536","25","0","9","0",
"Población_de_20_a_22_años",	29002,"Apetatitlán_de_Antonio_Carvajal","2020","794","423","371","2","4","792","2","1","0","0","1","0","0","0","767","26","1","14","1",
"Población_de_20_a_22_años",	29003,"Atlangatepec","2020","375","188","187","1","1","375","0","0","0","0","0","0","0","0","364","11","0","8","0",
"Población_de_20_a_22_años",	29004,"Atltzayanca","2020","886","451","435","1","17","885","1","1","0","0","0","0","0","0","868","18","0","16","0",
"Población_de_20_a_22_años",	29005,"Apizaco","2020","4,190","2,114","2,076","18","67","4,162","20","8","0","0","12","0","8","4","3,951","187","14","78","7",
"Población_de_20_a_22_años",	29006,"Calpulalpan","2020","2,637","1,274","1,363","7","42","2,632","0","0","0","0","0","0","5","1","2,515","117","1","67","0",
"Población_de_20_a_22_años",	29007,"El_Carmen_Tequexquitla","2020","989","482","507","1","3","989","0","0","0","0","0","0","0","0","972","15","0","10","0",
"Población_de_20_a_22_años",	29008,"Cuapiaxtla","2020","812","407","405","1","9","812","0","0","0","0","0","0","0","0","776","36","0","18","0",
"Población_de_20_a_22_años",	29009,"Cuaxomulco","2020","319","171","148","4","0","319","0","0","0","0","0","0","0","0","312","7","0","9","0",
"Población_de_20_a_22_años",	29010,"Chiautempan","2020","3,661","1,865","1,796","33","57","3,648","10","10","0","0","0","0","3","0","3,573","83","2","70","0",
"Población_de_20_a_22_años",	29011,"Muñoz_de_Domingo_Arenas","2020","254","129","125","0","5","254","0","0","0","0","0","0","0","0","247","7","0","4","0",
"Población_de_20_a_22_años",	29012,"Españita","2020","439","220","219","2","2","437","2","2","0","0","0","0","0","0","416","23","0","7","0",
"Población_de_20_a_22_años",	29013,"Huamantla","2020","5,266","2,627","2,639","7","38","5,262","4","1","0","0","3","0","0","0","5,127","138","1","112","0",
"Población_de_20_a_22_años",	29014,"Hueyotlipan","2020","777","403","374","1","7","771","6","6","0","0","0","0","0","2","760","15","2","20","0",
"Población_de_20_a_22_años",	29015,"Ixtacuixtla_de_Mariano_Matamoros","2020","2,001","1,033","968","10","16","1,987","9","7","1","0","1","0","5","2","1,939","59","2","38","0",
"Población_de_20_a_22_años",	29016,"Ixtenco","2020","367","184","183","5","3","367","0","0","0","0","0","0","0","0","341","26","0","10","0",
"Población_de_20_a_22_años",	29017,"Mazatecochco_de_José_María_Morelos","2020","627","301","326","12","29","625","2","2","0","0","0","0","0","0","606","21","0","6","0",
"Población_de_20_a_22_años",	29018,"Contla_de_Juan_Cuamatzi","2020","2,011","1,030","981","65","23","2,011","0","0","0","0","0","0","0","1","1,989","21","1","52","0",
"Población_de_20_a_22_años",	29019,"Tepetitla_de_Lardizábal","2020","1,298","628","670","3","2","1,294","4","3","0","0","1","0","0","1","1,221","75","2","23","0",
"Población_de_20_a_22_años",	29020,"Sanctórum_de_Lázaro_Cárdenas","2020","449","222","227","0","4","449","0","0","0","0","0","0","0","0","423","26","0","13","0",
"Población_de_20_a_22_años",	29021,"Nanacamilpa_de_Mariano_Arista","2020","946","483","463","5","8","944","2","2","0","0","0","0","0","0","893","53","0","29","0",
"Población_de_20_a_22_años",	29022,"Acuamanala_de_Miguel_Hidalgo","2020","362","190","172","0","2","360","2","2","0","0","0","0","0","1","355","6","1","3","0",
"Población_de_20_a_22_años",	29023,"Natívitas","2020","1,414","704","710","2","16","1,405","9","9","0","0","0","0","0","2","1,354","57","3","23","0",
"Población_de_20_a_22_años",	29024,"Panotla","2020","1,530","729","801","14","70","1,527","1","0","1","0","0","0","2","1","1,404","124","2","26","0",
"Población_de_20_a_22_años",	29025,"San_Pablo_del_Monte","2020","4,855","2,447","2,408","446","44","4,849","3","2","1","0","0","0","3","2","4,671","182","2","65","0",
"Población_de_20_a_22_años",	29026,"Santa_Cruz_Tlaxcala","2020","1,295","642","653","13","19","1,293","2","1","0","0","1","0","0","0","1,199","95","1","38","0",
"Población_de_20_a_22_años",	29027,"Tenancingo","2020","654","336","318","2","9","652","2","2","0","0","0","0","0","0","619","34","0","12","0",
"Población_de_20_a_22_años",	29028,"Teolocholco","2020","1,361","680","681","26","6","1,355","3","3","0","0","0","0","3","3","1,316","40","4","19","0",
"Población_de_20_a_22_años",	29029,"Tepeyanco","2020","712","370","342","1","7","710","2","2","0","0","0","0","0","1","696","15","1","5","0",
"Población_de_20_a_22_años",	29030,"Terrenate","2020","783","387","396","2","6","783","0","0","0","0","0","0","0","1","757","25","1","13","0",
"Población_de_20_a_22_años",	29031,"Tetla_de_la_Solidaridad","2020","1,847","966","881","4","29","1,845","2","2","0","0","0","0","0","2","1,744","101","2","28","0",
"Población_de_20_a_22_años",	29032,"Tetlatlahuca","2020","646","333","313","1","7","643","3","3","0","0","0","0","0","0","632","14","0","8","0",
"Población_de_20_a_22_años",	29033,"Tlaxcala","2020","4,996","2,473","2,523","35","62","4,976","15","7","1","2","5","0","5","2","4,711","253","6","76","0",
"Población_de_20_a_22_años",	29034,"Tlaxco","2020","2,347","1,184","1,163","6","13","2,334","12","11","0","0","1","0","1","2","2,219","124","3","48","0",
"Población_de_20_a_22_años",	29035,"Tocatlán","2020","325","146","179","0","2","324","1","1","0","0","0","0","0","0","322","3","0","4","0",
"Población_de_20_a_22_años",	29036,"Totolac","2020","1,172","575","597","10","41","1,171","0","0","0","0","0","0","1","0","1,119","52","0","20","0",
"Población_de_20_a_22_años",	29037,"Ziltlaltépec_de_Trinidad_Sánchez_Santos","2020","460","217","243","0","1","457","1","1","0","0","0","0","2","0","421","37","0","14","0",
"Población_de_20_a_22_años",	29038,"Tzompantepec","2020","1,000","530","470","3","9","998","2","2","0","0","0","0","0","0","945","54","0","24","0",
"Población_de_20_a_22_años",	29039,"Xaloztoc","2020","1,358","692","666","2","57","1,354","4","4","0","0","0","0","0","0","1,324","33","0","17","0",
"Población_de_20_a_22_años",	29040,"Xaltocan","2020","542","267","275","3","2","540","2","2","0","0","0","0","0","0","521","21","0","8","0",
"Población_de_20_a_22_años",	29041,"Papalotla_de_Xicohténcatl","2020","1,778","886","892","22","12","1,758","13","13","0","0","0","0","7","0","1,670","101","1","35","0",
"Población_de_20_a_22_años",	29042,"Xicohtzinco","2020","742","395","347","3","33","733","9","8","0","0","1","0","0","0","708","33","1","12","0",
"Población_de_20_a_22_años",	29043,"Yauhquemehcan","2020","2,274","1,168","1,106","7","16","2,263","10","6","0","1","3","0","1","2","2,155","114","5","60","0",
"Población_de_20_a_22_años",	29044,"Zacatelco","2020","2,525","1,278","1,247","14","39","2,509","16","16","0","0","0","0","0","3","2,429","91","4","40","0",
"Población_de_20_a_22_años",	29045,"Benito_Juárez","2020","350","169","181","2","5","350","0","0","0","0","0","0","0","0","329","21","0","9","0",
"Población_de_20_a_22_años",	29046,"Emiliano_Zapata","2020","236","110","126","0","0","236","0","0","0","0","0","0","0","0","231","5","0","5","0",
"Población_de_20_a_22_años",	29047,"Lázaro_Cárdenas","2020","203","89","114","0","0","203","0","0","0","0","0","0","0","0","196","7","0","0","0",
"Población_de_20_a_22_años",	29048,"La_Magdalena_Tlaltelulco","2020","103","55","48","0","9","96","0","0","0","0","0","0","7","0","93","2","0","4","0",
"Población_de_20_a_22_años",	29049,"San_Damián_Texóloc","2020","319","166","153","0","27","318","1","1","0","0","0","0","0","0","314","5","0","5","0",
"Población_de_20_a_22_años",	29050,"San_Francisco_Tetlanohcan","2020","653","308","345","25","23","651","2","2","0","0","0","0","0","1","631","21","1","10","0",
"Población_de_20_a_22_años",	29051,"San_Jerónimo_Zacualpan","2020","213","100","113","0","5","212","1","1","0","0","0","0","0","0","208","5","0","6","0",
"Población_de_20_a_22_años",	29052,"San_José_Teacalco","2020","337","171","166","0","3","337","0","0","0","0","0","0","0","1","327","9","1","7","0",
"Población_de_20_a_22_años",	29053,"San_Juan_Huactzinco","2020","438","223","215","1","12","433","1","1","0","0","0","0","4","0","424","10","0","4","0",
"Población_de_20_a_22_años",	29054,"San_Lorenzo_Axocomanitla","2020","316","152","164","2","30","316","0","0","0","0","0","0","0","0","308","8","0","4","0",
"Población_de_20_a_22_años",	29055,"San_Lucas_Tecopilco","2020","155","81","74","0","0","155","0","0","0","0","0","0","0","0","154","1","0","2","0",
"Población_de_20_a_22_años",	29056,"Santa_Ana_Nopalucan","2020","420","222","198","0","14","420","0","0","0","0","0","0","0","0","414","6","0","1","0",
"Población_de_20_a_22_años",	29057,"Santa_Apolonia_Teacalco","2020","259","122","137","0","2","255","4","4","0","0","0","0","0","0","255","4","0","2","0",
"Población_de_20_a_22_años",	29058,"Santa_Catarina_Ayometla","2020","540","265","275","2","6","531","8","8","0","0","0","0","1","0","523","16","0","11","0",
"Población_de_20_a_22_años",	29059,"Santa_Cruz_Quilehtla","2020","478","231","247","4","1","470","8","8","0","0","0","0","0","0","466","12","0","11","0",
"Población_de_20_a_22_años",	29060,"Santa_Isabel_Xiloxoxtla","2020","320","172","148","5","5","320","0","0","0","0","0","0","0","0","317","3","0","3","0",
"Población_de_20_a_22_años",	30,"Veracruz_de_Ignacio_de_la_Llave","2020","366,582","180,472","186,110","25,956","10,096","365,523","747","445","32","37","231","2","312","195","356,248","9,516","415","7,774","33",
"Población_de_20_a_22_años",	30001,"Acajete","2020","530","290","240","1","3","530","0","0","0","0","0","0","0","0","527","3","0","7","0",
"Población_de_20_a_22_años",	30002,"Acatlán","2020","166","74","92","0","10","166","0","0","0","0","0","0","0","0","163","3","0","6","0",
"Población_de_20_a_22_años",	30003,"Acayucan","2020","3,650","1,729","1,921","120","33","3,618","32","2","10","0","20","0","0","1","3,533","81","29","100","21",
"Población_de_20_a_22_años",	30004,"Actopan","2020","1,747","871","876","5","133","1,743","4","2","0","0","2","0","0","4","1,720","22","4","40","0",
"Población_de_20_a_22_años",	30005,"Acula","2020","196","110","86","0","2","196","0","0","0","0","0","0","0","0","193","3","0","3","0",
"Población_de_20_a_22_años",	30006,"Acultzingo","2020","1,227","611","616","195","9","1,226","1","1","0","0","0","0","0","0","1,198","28","0","32","0",
"Población_de_20_a_22_años",	30007,"Camarón_de_Tejeda","2020","247","132","115","0","1","247","0","0","0","0","0","0","0","0","246","1","0","5","0",
"Población_de_20_a_22_años",	30008,"Alpatláhuac","2020","463","220","243","3","1","463","0","0","0","0","0","0","0","0","451","12","0","18","0",
"Población_de_20_a_22_años",	30009,"Alto_Lucero_de_Gutiérrez_Barrios","2020","1,079","538","541","1","8","1,076","3","3","0","0","0","0","0","2","1,052","17","4","32","0",
"Población_de_20_a_22_años",	30010,"Altotonga","2020","3,281","1,573","1,708","5","7","3,278","2","1","0","0","1","0","1","3","3,226","52","3","80","0",
"Población_de_20_a_22_años",	30011,"Alvarado","2020","2,982","1,650","1,332","6","129","2,962","18","6","0","1","10","1","2","7","2,461","505","15","50","0",
"Población_de_20_a_22_años",	30012,"Amatitlán","2020","299","160","139","1","9","299","0","0","0","0","0","0","0","0","293","6","0","4","0",
"Población_de_20_a_22_años",	30013,"Naranjos_Amatlán","2020","1,050","507","543","6","31","1,049","1","1","0","0","0","0","0","0","1,020","30","0","24","0",
"Población_de_20_a_22_años",	30014,"Amatlán_de_los_Reyes","2020","2,169","1,149","1,020","20","21","2,164","3","3","0","0","0","0","2","3","2,092","33","3","56","0",
"Población_de_20_a_22_años",	30015,"Angel_R._Cabada","2020","1,259","620","639","4","13","1,257","1","0","1","0","0","0","1","1","1,215","40","2","35","0",
"Población_de_20_a_22_años",	30016,"La_Antigua","2020","1,342","683","659","1","48","1,336","5","3","0","0","2","0","1","0","1,307","31","2","31","0",
"Población_de_20_a_22_años",	30017,"Apazapan","2020","173","94","79","0","3","173","0","0","0","0","0","0","0","0","169","4","0","7","0",
"Población_de_20_a_22_años",	30018,"Aquila","2020","81","27","54","1","26","81","0","0","0","0","0","0","0","0","73","6","0","4","0",
"Población_de_20_a_22_años",	30019,"Astacinga","2020","327","128","199","312","9","327","0","0","0","0","0","0","0","0","318","9","0","3","0",
"Población_de_20_a_22_años",	30020,"Atlahuilco","2020","654","299","355","610","2","654","0","0","0","0","0","0","0","0","639","15","0","13","0",
"Población_de_20_a_22_años",	30021,"Atoyac","2020","1,032","505","527","2","26","1,031","1","1","0","0","0","0","0","1","1,000","31","1","18","0",
"Población_de_20_a_22_años",	30022,"Atzacan","2020","1,257","648","609","4","23","1,257","0","0","0","0","0","0","0","0","1,241","16","0","29","0",
"Población_de_20_a_22_años",	30023,"Atzalan","2020","2,239","1,068","1,171","3","7","2,237","2","1","1","0","0","0","0","2","2,182","54","2","55","0",
"Población_de_20_a_22_años",	30024,"Tlaltetela","2020","927","496","431","0","5","925","2","1","0","0","1","0","0","2","911","13","3","19","0",
"Población_de_20_a_22_años",	30025,"Ayahualulco","2020","1,086","511","575","3","20","1,084","0","0","0","0","0","0","2","0","1,057","27","0","34","0",
"Población_de_20_a_22_años",	30026,"Banderilla","2020","1,371","638","733","2","22","1,367","4","0","0","0","4","0","0","0","1,348","22","1","21","0",
"Población_de_20_a_22_años",	30027,"Benito_Juárez","2020","551","258","293","419","116","551","0","0","0","0","0","0","0","0","541","10","0","8","0",
"Población_de_20_a_22_años",	30028,"Boca_del_Río","2020","6,576","3,285","3,291","18","350","6,532","36","14","1","8","13","0","8","7","6,318","234","18","111","0",
"Población_de_20_a_22_años",	30029,"Calcahualco","2020","662","325","337","5","10","662","0","0","0","0","0","0","0","1","640","21","1","9","0",
"Población_de_20_a_22_años",	30030,"Camerino_Z._Mendoza","2020","2,000","978","1,022","467","47","1,998","1","1","0","0","0","0","1","1","1,959","39","1","31","0",
"Población_de_20_a_22_años",	30031,"Carrillo_Puerto","2020","940","468","472","3","23","937","3","3","0","0","0","0","0","3","930","7","3","18","0",
"Población_de_20_a_22_años",	30032,"Catemaco","2020","2,106","954","1,152","5","15","2,103","3","3","0","0","0","0","0","0","2,059","45","2","49","0",
"Población_de_20_a_22_años",	30033,"Cazones_de_Herrera","2020","957","449","508","26","10","956","1","0","0","0","1","0","0","0","923","33","1","24","0",
"Población_de_20_a_22_años",	30034,"Cerro_Azul","2020","975","469","506","1","26","974","1","1","0","0","0","0","0","0","937","38","0","19","0",
"Población_de_20_a_22_años",	30035,"Citlaltépetl","2020","362","178","184","6","3","362","0","0","0","0","0","0","0","0","343","19","0","13","0",
"Población_de_20_a_22_años",	30036,"Coacoatzintla","2020","621","317","304","1","64","621","0","0","0","0","0","0","0","0","612","9","0","19","0",
"Población_de_20_a_22_años",	30037,"Coahuitlán","2020","383","193","190","157","0","383","0","0","0","0","0","0","0","0","376","7","0","4","0",
"Población_de_20_a_22_años",	30038,"Coatepec","2020","4,296","2,212","2,084","11","95","4,255","8","6","0","0","2","0","33","3","4,191","71","3","79","0",
"Población_de_20_a_22_años",	30039,"Coatzacoalcos","2020","13,768","6,871","6,897","113","326","13,665","39","11","0","1","27","0","64","3","13,142","546","18","338","4",
"Población_de_20_a_22_años",	30040,"Coatzintla","2020","2,412","1,232","1,180","73","12","2,404","6","2","0","3","1","0","2","0","2,344","62","4","41","0",
"Población_de_20_a_22_años",	30041,"Coetzala","2020","124","63","61","45","2","124","0","0","0","0","0","0","0","0","122","2","0","2","0",
"Población_de_20_a_22_años",	30042,"Colipa","2020","260","115","145","0","3","258","2","2","0","0","0","0","0","0","256","4","0","4","0",
"Población_de_20_a_22_años",	30043,"Comapa","2020","981","485","496","1","15","981","0","0","0","0","0","0","0","0","975","6","0","32","0",
"Población_de_20_a_22_años",	30044,"Córdoba","2020","9,267","4,659","4,608","118","251","9,245","21","20","0","0","1","0","1","0","9,098","164","5","194","0",
"Población_de_20_a_22_años",	30045,"Cosamaloapan_de_Carpio","2020","2,130","1,081","1,049","67","69","2,127","2","2","0","0","0","0","1","1","2,044","83","2","45","0",
"Población_de_20_a_22_años",	30046,"Cosautlán_de_Carvajal","2020","767","357","410","0","2","766","1","0","0","0","1","0","0","0","746","21","0","19","0",
"Población_de_20_a_22_años",	30047,"Coscomatepec","2020","3,297","1,620","1,677","6","143","3,296","1","0","1","0","0","0","0","2","3,248","44","3","56","0",
"Población_de_20_a_22_años",	30048,"Cosoleacaque","2020","5,791","2,820","2,971","85","73","5,779","11","2","1","0","8","0","1","1","5,631","151","7","114","0",
"Población_de_20_a_22_años",	30049,"Cotaxtla","2020","1,070","534","536","7","14","1,070","0","0","0","0","0","0","0","2","1,048","20","2","29","0",
"Población_de_20_a_22_años",	30050,"Coxquihui","2020","682","329","353","426","17","682","0","0","0","0","0","0","0","0","667","15","0","11","0",
"Población_de_20_a_22_años",	30051,"Coyutla","2020","914","424","490","408","13","914","0","0","0","0","0","0","0","2","886","26","2","16","0",
"Población_de_20_a_22_años",	30052,"Cuichapa","2020","555","264","291","5","19","553","2","1","0","0","1","0","0","0","545","9","1","14","0",
"Población_de_20_a_22_años",	30053,"Cuitláhuac","2020","1,268","633","635","10","202","1,260","7","6","0","0","1","0","1","2","1,245","19","4","17","0",
"Población_de_20_a_22_años",	30054,"Chacaltianguis","2020","398","184","214","1","2","398","0","0","0","0","0","0","0","0","391","7","0","11","0",
"Población_de_20_a_22_años",	30055,"Chalma","2020","402","203","199","99","3","400","2","2","0","0","0","0","0","0","372","30","0","8","0",
"Población_de_20_a_22_años",	30056,"Chiconamel","2020","202","93","109","73","2","202","0","0","0","0","0","0","0","0","196","6","0","6","0",
"Población_de_20_a_22_años",	30057,"Chiconquiaco","2020","776","405","371","0","2","776","0","0","0","0","0","0","0","0","772","4","0","22","0",
"Población_de_20_a_22_años",	30058,"Chicontepec","2020","1,719","857","862","855","19","1,719","0","0","0","0","0","0","0","1","1,657","57","1","52","0",
"Población_de_20_a_22_años",	30059,"Chinameca","2020","927","409","518","13","166","927","0","0","0","0","0","0","0","0","914","13","0","21","0",
"Población_de_20_a_22_años",	30060,"Chinampa_de_Gorostiza","2020","638","313","325","1","12","638","0","0","0","0","0","0","0","0","621","17","0","11","0",
"Población_de_20_a_22_años",	30061,"Las_Choapas","2020","3,758","1,833","1,925","166","36","3,747","10","9","0","0","1","0","1","0","3,637","120","1","86","0",
"Población_de_20_a_22_años",	30062,"Chocamán","2020","1,086","533","553","2","7","1,085","0","0","0","0","0","0","1","0","1,068","18","0","25","0",
"Población_de_20_a_22_años",	30063,"Chontla","2020","391","189","202","23","4","391","0","0","0","0","0","0","0","0","367","24","0","13","0",
"Población_de_20_a_22_años",	30064,"Chumatlán","2020","191","83","108","164","11","191","0","0","0","0","0","0","0","0","189","2","0","5","0",
"Población_de_20_a_22_años",	30065,"Emiliano_Zapata","2020","4,051","1,997","2,054","13","136","4,043","8","7","0","0","1","0","0","3","3,936","110","5","56","0",
"Población_de_20_a_22_años",	30066,"Espinal","2020","1,062","509","553","267","95","1,062","0","0","0","0","0","0","0","0","1,045","17","0","17","0",
"Población_de_20_a_22_años",	30067,"Filomeno_Mata","2020","1,081","469","612","1,038","3","1,080","0","0","0","0","0","0","1","0","1,070","11","0","20","0",
"Población_de_20_a_22_años",	30068,"Fortín","2020","3,051","1,530","1,521","20","57","3,041","10","8","0","0","2","0","0","3","2,991","56","4","52","0",
"Población_de_20_a_22_años",	30069,"Gutiérrez_Zamora","2020","896","425","471","0","5","896","0","0","0","0","0","0","0","0","865","31","0","21","0",
"Población_de_20_a_22_años",	30070,"Hidalgotitlán","2020","740","359","381","5","24","737","3","3","0","0","0","0","0","1","709","30","1","20","0",
"Población_de_20_a_22_años",	30071,"Huatusco","2020","3,263","1,606","1,657","4","50","3,262","1","1","0","0","0","0","0","1","3,196","66","1","56","0",
"Población_de_20_a_22_años",	30072,"Huayacocotla","2020","969","476","493","37","17","964","0","0","0","0","0","0","5","0","923","42","0","26","0",
"Población_de_20_a_22_años",	30073,"Hueyapan_de_Ocampo","2020","1,697","832","865","459","169","1,697","0","0","0","0","0","0","0","0","1,664","32","0","32","0",
"Población_de_20_a_22_años",	30074,"Huiloapan_de_Cuauhtémoc","2020","384","182","202","8","9","383","1","1","0","0","0","0","0","0","381","3","0","8","0",
"Población_de_20_a_22_años",	30075,"Ignacio_de_la_Llave","2020","591","283","308","0","35","591","0","0","0","0","0","0","0","0","583","8","0","15","0",
"Población_de_20_a_22_años",	30076,"Ilamatlán","2020","575","267","308","502","52","575","0","0","0","0","0","0","0","0","563","12","0","5","0",
"Población_de_20_a_22_años",	30077,"Isla","2020","1,773","898","875","38","149","1,768","4","3","0","0","1","0","1","8","1,720","44","9","34","0",
"Población_de_20_a_22_años",	30078,"Ixcatepec","2020","478","233","245","107","1","476","2","1","0","0","1","0","0","1","456","20","2","28","0",
"Población_de_20_a_22_años",	30079,"Ixhuacán_de_los_Reyes","2020","571","272","299","2","32","571","0","0","0","0","0","0","0","0","557","14","0","14","0",
"Población_de_20_a_22_años",	30080,"Ixhuatlán_del_Café","2020","1,218","629","589","1","17","1,218","0","0","0","0","0","0","0","2","1,197","19","2","15","0",
"Población_de_20_a_22_años",	30081,"Ixhuatlancillo","2020","1,416","697","719","335","32","1,412","4","4","0","0","0","0","0","3","1,387","26","3","33","0",
"Población_de_20_a_22_años",	30082,"Ixhuatlán_del_Sureste","2020","720","352","368","1","4","720","0","0","0","0","0","0","0","0","711","8","0","22","0",
"Población_de_20_a_22_años",	30083,"Ixhuatlán_de_Madero","2020","1,723","885","838","975","112","1,723","0","0","0","0","0","0","0","0","1,662","61","0","46","0",
"Población_de_20_a_22_años",	30084,"Ixmatlahuacan","2020","205","95","110","0","1","205","0","0","0","0","0","0","0","0","202","3","0","3","0",
"Población_de_20_a_22_años",	30085,"Ixtaczoquitlán","2020","3,580","1,765","1,815","118","31","3,576","3","2","1","0","0","0","1","5","3,490","83","6","77","0",
"Población_de_20_a_22_años",	30086,"Jalacingo","2020","2,531","1,223","1,308","2","33","2,528","1","1","0","0","0","0","2","0","2,430","92","1","63","0",
"Población_de_20_a_22_años",	30087,"Xalapa","2020","25,708","12,673","13,035","101","950","25,607","79","42","3","2","32","0","22","22","24,927","719","41","542","0",
"Población_de_20_a_22_años",	30088,"Jalcomulco","2020","173","88","85","1","3","173","0","0","0","0","0","0","0","0","167","6","0","5","0",
"Población_de_20_a_22_años",	30089,"Jáltipan","2020","1,515","710","805","8","26","1,515","0","0","0","0","0","0","0","0","1,465","50","0","53","0",
"Población_de_20_a_22_años",	30090,"Jamapa","2020","526","270","256","0","18","522","4","3","0","0","1","0","0","0","520","6","0","12","0",
"Población_de_20_a_22_años",	30091,"Jesús_Carranza","2020","1,212","586","626","20","17","1,205","7","6","0","0","1","0","0","1","1,113","98","1","31","0",
"Población_de_20_a_22_años",	30092,"Xico","2020","2,007","1,027","980","3","72","2,003","2","2","0","0","0","0","2","0","1,994","12","0","35","0",
"Población_de_20_a_22_años",	30093,"Jilotepec","2020","891","419","472","1","10","890","0","0","0","0","0","0","1","0","881","10","0","9","0",
"Población_de_20_a_22_años",	30094,"Juan_Rodríguez_Clara","2020","1,603","800","803","40","6","1,600","3","3","0","0","0","0","0","1","1,561","41","1","34","0",
"Población_de_20_a_22_años",	30095,"Juchique_de_Ferrer","2020","551","257","294","0","6","549","2","2","0","0","0","0","0","0","544","7","0","13","0",
"Población_de_20_a_22_años",	30096,"Landero_y_Coss","2020","79","42","37","0","0","73","5","5","0","0","0","0","1","0","78","1","0","2","0",
"Población_de_20_a_22_años",	30097,"Lerdo_de_Tejada","2020","801","393","408","1","14","801","0","0","0","0","0","0","0","0","793","8","0","18","0",
"Población_de_20_a_22_años",	30098,"Magdalena","2020","173","84","89","149","1","173","0","0","0","0","0","0","0","0","168","5","0","8","0",
"Población_de_20_a_22_años",	30099,"Maltrata","2020","1,023","483","540","0","45","1,019","4","4","0","0","0","0","0","0","1,013","9","1","15","0",
"Población_de_20_a_22_años",	30100,"Manlio_Fabio_Altamirano","2020","1,010","534","476","0","13","1,010","0","0","0","0","0","0","0","0","996","14","0","24","0",
"Población_de_20_a_22_años",	30101,"Mariano_Escobedo","2020","1,999","988","1,011","3","16","1,997","2","1","0","0","1","0","0","0","1,957","41","1","40","0",
"Población_de_20_a_22_años",	30102,"Martínez_de_la_Torre","2020","5,376","2,652","2,724","31","38","5,362","14","13","0","0","1","0","0","2","5,236","135","5","134","0",
"Población_de_20_a_22_años",	30103,"Mecatlán","2020","536","243","293","477","8","536","0","0","0","0","0","0","0","0","525","9","0","2","0",
"Población_de_20_a_22_años",	30104,"Mecayapan","2020","782","354","428","517","49","778","4","4","0","0","0","0","0","0","757","25","0","29","0",
"Población_de_20_a_22_años",	30105,"Medellín_de_Bravo","2020","4,413","2,070","2,343","21","142","4,393","17","8","1","2","6","0","3","5","4,262","136","9","97","0",
"Población_de_20_a_22_años",	30106,"Miahuatlán","2020","269","146","123","2","6","265","4","4","0","0","0","0","0","0","266","3","0","3","0",
"Población_de_20_a_22_años",	30107,"Las_Minas","2020","160","71","89","0","0","160","0","0","0","0","0","0","0","0","159","1","0","7","0",
"Población_de_20_a_22_años",	30108,"Minatitlán","2020","6,158","3,023","3,135","74","83","6,141","16","6","2","0","8","0","1","1","6,030","122","6","137","0",
"Población_de_20_a_22_años",	30109,"Misantla","2020","3,245","1,582","1,663","3","16","3,232","6","5","0","0","1","0","7","2","3,189","46","2","71","0",
"Población_de_20_a_22_años",	30110,"Mixtla_de_Altamirano","2020","637","282","355","610","14","637","0","0","0","0","0","0","0","0","625","12","0","7","0",
"Población_de_20_a_22_años",	30111,"Moloacán","2020","682","305","377","1","2","681","1","1","0","0","0","0","0","0","671","11","0","6","0",
"Población_de_20_a_22_años",	30112,"Naolinco","2020","1,116","546","570","2","66","1,115","1","1","0","0","0","0","0","1","1,107","8","1","30","0",
"Población_de_20_a_22_años",	30113,"Naranjal","2020","238","125","113","14","10","238","0","0","0","0","0","0","0","0","235","3","0","7","0",
"Población_de_20_a_22_años",	30114,"Nautla","2020","415","201","214","0","3","415","0","0","0","0","0","0","0","0","406","9","0","7","0",
"Población_de_20_a_22_años",	30115,"Nogales","2020","1,753","859","894","90","32","1,749","4","3","0","0","1","0","0","0","1,731","21","1","27","0",
"Población_de_20_a_22_años",	30116,"Oluta","2020","712","340","372","1","7","701","11","1","2","0","8","0","0","2","685","14","13","19","6",
"Población_de_20_a_22_años",	30117,"Omealca","2020","1,111","544","567","33","19","1,108","3","3","0","0","0","0","0","0","1,092","17","1","18","0",
"Población_de_20_a_22_años",	30118,"Orizaba","2020","5,438","2,708","2,730","60","92","5,430","8","4","1","0","2","1","0","4","5,298","130","8","115","0",
"Población_de_20_a_22_años",	30119,"Otatitlán","2020","226","104","122","3","11","226","0","0","0","0","0","0","0","1","207","18","1","1","0",
"Población_de_20_a_22_años",	30120,"Oteapan","2020","459","235","224","8","74","459","0","0","0","0","0","0","0","0","440","19","0","14","0",
"Población_de_20_a_22_años",	30121,"Ozuluama_de_Mascareñas","2020","815","425","390","7","37","814","0","0","0","0","0","0","1","1","787","26","1","10","0",
"Población_de_20_a_22_años",	30122,"Pajapan","2020","857","399","458","594","31","857","0","0","0","0","0","0","0","0","845","12","0","21","0",
"Población_de_20_a_22_años",	30123,"Pánuco","2020","4,216","2,110","2,106","27","22","4,201","12","10","1","0","1","0","3","4","4,041","166","6","75","0",
"Población_de_20_a_22_años",	30124,"Papantla","2020","6,333","3,098","3,235","648","117","6,317","8","7","1","0","0","0","8","2","6,188","134","3","143","0",
"Población_de_20_a_22_años",	30125,"Paso_del_Macho","2020","1,459","734","725","2","59","1,457","1","1","0","0","0","0","1","0","1,438","20","0","45","0",
"Población_de_20_a_22_años",	30126,"Paso_de_Ovejas","2020","1,403","718","685","16","31","1,401","2","1","0","0","1","0","0","0","1,386","16","1","18","0",
"Población_de_20_a_22_años",	30127,"La_Perla","2020","1,668","783","885","7","13","1,667","1","1","0","0","0","0","0","2","1,647","19","2","43","0",
"Población_de_20_a_22_años",	30128,"Perote","2020","3,882","1,887","1,995","11","60","3,836","2","1","0","0","1","0","44","0","3,698","140","1","78","0",
"Población_de_20_a_22_años",	30129,"Platón_Sánchez","2020","674","322","352","108","2","674","0","0","0","0","0","0","0","0","653","21","0","22","0",
"Población_de_20_a_22_años",	30130,"Playa_Vicente","2020","1,476","686","790","206","175","1,469","5","5","0","0","0","0","2","2","1,413","60","3","37","0",
"Población_de_20_a_22_años",	30131,"Poza_Rica_de_Hidalgo","2020","8,394","4,163","4,231","70","137","8,356","25","9","0","7","9","0","13","1","8,194","170","9","162","0",
"Población_de_20_a_22_años",	30132,"Las_Vigas_de_Ramírez","2020","1,122","555","567","0","15","1,121","1","1","0","0","0","0","0","0","1,111","11","0","22","0",
"Población_de_20_a_22_años",	30133,"Pueblo_Viejo","2020","2,833","1,409","1,424","16","16","2,828","4","2","0","0","2","0","1","0","2,645","185","3","61","0",
"Población_de_20_a_22_años",	30134,"Puente_Nacional","2020","934","495","439","7","13","931","3","3","0","0","0","0","0","1","924","8","1","20","0",
"Población_de_20_a_22_años",	30135,"Rafael_Delgado","2020","1,291","640","651","501","8","1,290","1","1","0","0","0","0","0","0","1,282","9","0","23","0",
"Población_de_20_a_22_años",	30136,"Rafael_Lucio","2020","421","209","212","0","17","421","0","0","0","0","0","0","0","0","419","2","0","8","0",
"Población_de_20_a_22_años",	30137,"Los_Reyes","2020","405","197","208","365","48","405","0","0","0","0","0","0","0","0","404","1","0","3","0",
"Población_de_20_a_22_años",	30138,"Río_Blanco","2020","1,896","958","938","20","32","1,891","5","2","0","3","0","0","0","0","1,853","40","3","36","0",
"Población_de_20_a_22_años",	30139,"Saltabarranca","2020","223","114","109","1","0","223","0","0","0","0","0","0","0","0","222","1","0","7","0",
"Población_de_20_a_22_años",	30140,"San_Andrés_Tenejapan","2020","201","107","94","152","5","201","0","0","0","0","0","0","0","0","200","1","0","5","0",
"Población_de_20_a_22_años",	30141,"San_Andrés_Tuxtla","2020","7,329","3,451","3,878","16","32","7,318","9","7","0","0","2","0","2","3","7,146","167","7","153","0",
"Población_de_20_a_22_años",	30142,"San_Juan_Evangelista","2020","1,355","666","689","2","35","1,353","2","1","0","0","1","0","0","0","1,327","27","1","24","0",
"Población_de_20_a_22_años",	30143,"Santiago_Tuxtla","2020","2,328","1,076","1,252","3","12","2,325","2","1","0","0","1","0","1","0","2,309","19","0","45","0",
"Población_de_20_a_22_años",	30144,"Sayula_de_Alemán","2020","1,362","692","670","103","100","1,361","1","1","0","0","0","0","0","0","1,338","24","0","42","0",
"Población_de_20_a_22_años",	30145,"Soconusco","2020","757","377","380","10","17","756","1","1","0","0","0","0","0","0","734","23","0","17","0",
"Población_de_20_a_22_años",	30146,"Sochiapa","2020","219","111","108","1","8","219","0","0","0","0","0","0","0","0","213","6","0","6","0",
"Población_de_20_a_22_años",	30147,"Soledad_Atzompa","2020","1,303","641","662","1,228","17","1,303","0","0","0","0","0","0","0","0","1,291","12","0","30","0",
"Población_de_20_a_22_años",	30148,"Soledad_de_Doblado","2020","1,259","639","620","1","39","1,258","1","1","0","0","0","0","0","1","1,242","16","1","23","0",
"Población_de_20_a_22_años",	30149,"Soteapan","2020","1,551","689","862","1,249","14","1,550","0","0","0","0","0","0","1","0","1,520","31","0","47","0",
"Población_de_20_a_22_años",	30150,"Tamalín","2020","465","232","233","8","13","465","0","0","0","0","0","0","0","0","455","10","0","5","0",
"Población_de_20_a_22_años",	30151,"Tamiahua","2020","780","381","399","11","326","779","1","1","0","0","0","0","0","0","752","28","0","22","0",
"Población_de_20_a_22_años",	30152,"Tampico_Alto","2020","455","206","249","2","2","455","0","0","0","0","0","0","0","0","435","20","0","13","0",
"Población_de_20_a_22_años",	30153,"Tancoco","2020","173","97","76","0","4","171","2","1","0","0","1","0","0","0","164","8","1","4","0",
"Población_de_20_a_22_años",	30154,"Tantima","2020","438","214","224","1","0","437","1","1","0","0","0","0","0","0","426","12","0","7","0",
"Población_de_20_a_22_años",	30155,"Tantoyuca","2020","3,801","1,853","1,948","1,262","72","3,798","3","3","0","0","0","0","0","0","3,733","64","1","88","0",
"Población_de_20_a_22_años",	30156,"Tatatila","2020","324","172","152","2","0","324","0","0","0","0","0","0","0","0","320","4","0","3","0",
"Población_de_20_a_22_años",	30157,"Castillo_de_Teayo","2020","825","409","416","8","10","820","3","1","2","0","0","0","2","3","791","29","5","8","0",
"Población_de_20_a_22_años",	30158,"Tecolutla","2020","1,024","483","541","4","42","1,023","0","0","0","0","0","0","1","1","992","31","1","22","0",
"Población_de_20_a_22_años",	30159,"Tehuipango","2020","1,693","810","883","1,644","15","1,693","0","0","0","0","0","0","0","1","1,654","38","1","10","0",
"Población_de_20_a_22_años",	30160,"Álamo_Temapache","2020","4,433","2,174","2,259","74","93","4,429","3","2","0","0","1","0","1","2","4,334","95","3","93","0",
"Población_de_20_a_22_años",	30161,"Tempoal","2020","1,214","609","605","45","11","1,213","1","1","0","0","0","0","0","0","1,154","60","0","32","0",
"Población_de_20_a_22_años",	30162,"Tenampa","2020","322","169","153","0","8","322","0","0","0","0","0","0","0","0","318","4","0","5","0",
"Población_de_20_a_22_años",	30163,"Tenochtitlán","2020","261","110","151","0","1","261","0","0","0","0","0","0","0","1","256","4","1","4","0",
"Población_de_20_a_22_años",	30164,"Teocelo","2020","730","375","355","0","4","730","0","0","0","0","0","0","0","0","712","18","0","14","0",
"Población_de_20_a_22_años",	30165,"Tepatlaxco","2020","468","257","211","1","5","468","0","0","0","0","0","0","0","0","458","10","0","11","0",
"Población_de_20_a_22_años",	30166,"Tepetlán","2020","475","234","241","1","19","475","0","0","0","0","0","0","0","0","473","2","0","15","0",
"Población_de_20_a_22_años",	30167,"Tepetzintla","2020","564","283","281","5","6","563","1","0","0","0","1","0","0","0","550","13","1","17","0",
"Población_de_20_a_22_años",	30168,"Tequila","2020","935","452","483","778","7","935","0","0","0","0","0","0","0","0","925","10","0","11","0",
"Población_de_20_a_22_años",	30169,"José_Azueta","2020","896","428","468","15","55","895","1","1","0","0","0","0","0","2","870","24","2","24","0",
"Población_de_20_a_22_años",	30170,"Texcatepec","2020","430","220","210","328","4","429","1","1","0","0","0","0","0","1","416","13","1","12","0",
"Población_de_20_a_22_años",	30171,"Texhuacán","2020","276","116","160","156","19","276","0","0","0","0","0","0","0","0","266","10","0","14","0",
"Población_de_20_a_22_años",	30172,"Texistepec","2020","784","382","402","2","10","784","0","0","0","0","0","0","0","0","767","17","0","15","0",
"Población_de_20_a_22_años",	30173,"Tezonapa","2020","2,426","1,227","1,199","440","33","2,424","2","2","0","0","0","0","0","3","2,330","93","3","78","0",
"Población_de_20_a_22_años",	30174,"Tierra_Blanca","2020","4,187","2,015","2,172","81","96","4,174","13","11","0","0","2","0","0","3","4,093","88","6","102","2",
"Población_de_20_a_22_años",	30175,"Tihuatlán","2020","4,215","2,002","2,213","21","72","4,193","11","9","0","0","2","0","11","0","4,129","76","0","77","0",
"Población_de_20_a_22_años",	30176,"Tlacojalpan","2020","159","89","70","5","4","158","1","1","0","0","0","0","0","1","143","14","2","3","0",
"Población_de_20_a_22_años",	30177,"Tlacolulan","2020","664","332","332","0","4","664","0","0","0","0","0","0","0","0","660","4","0","17","0",
"Población_de_20_a_22_años",	30178,"Tlacotalpan","2020","535","245","290","1","12","535","0","0","0","0","0","0","0","0","527","8","0","9","0",
"Población_de_20_a_22_años",	30179,"Tlacotepec_de_Mejía","2020","227","107","120","1","9","225","2","2","0","0","0","0","0","0","219","8","0","3","0",
"Población_de_20_a_22_años",	30180,"Tlachichilco","2020","411","205","206","155","2","409","2","2","0","0","0","0","0","0","400","11","0","9","0",
"Población_de_20_a_22_años",	30181,"Tlalixcoyan","2020","1,545","741","804","2","40","1,542","3","3","0","0","0","0","0","0","1,523","21","1","28","0",
"Población_de_20_a_22_años",	30182,"Tlalnelhuayocan","2020","1,087","544","543","1","32","1,086","0","0","0","0","0","0","1","0","1,075","12","0","21","0",
"Población_de_20_a_22_años",	30183,"Tlapacoyan","2020","3,000","1,504","1,496","4","64","2,992","4","4","0","0","0","0","4","0","2,927","68","2","49","0",
"Población_de_20_a_22_años",	30184,"Tlaquilpa","2020","421","191","230","396","4","421","0","0","0","0","0","0","0","1","405","15","1","8","0",
"Población_de_20_a_22_años",	30185,"Tlilapan","2020","325","172","153","97","18","325","0","0","0","0","0","0","0","0","321","4","0","6","0",
"Población_de_20_a_22_años",	30186,"Tomatlán","2020","321","168","153","0","28","319","2","2","0","0","0","0","0","0","317","3","1","10","0",
"Población_de_20_a_22_años",	30187,"Tonayán","2020","339","164","175","1","1","339","0","0","0","0","0","0","0","0","336","3","0","7","0",
"Población_de_20_a_22_años",	30188,"Totutla","2020","920","464","456","1","23","920","0","0","0","0","0","0","0","0","915","5","0","19","0",
"Población_de_20_a_22_años",	30189,"Tuxpan","2020","6,902","3,472","3,430","39","156","6,882","11","6","0","1","4","0","9","1","6,647","227","3","130","0",
"Población_de_20_a_22_años",	30190,"Tuxtilla","2020","78","38","40","0","1","77","1","1","0","0","0","0","0","0","76","2","0","3","0",
"Población_de_20_a_22_años",	30191,"Ursulo_Galván","2020","1,311","669","642","4","43","1,309","2","1","0","0","1","0","0","0","1,285","26","0","33","0",
"Población_de_20_a_22_años",	30192,"Vega_de_Alatorre","2020","908","411","497","0","3","907","1","1","0","0","0","0","0","4","873","30","5","13","0",
"Población_de_20_a_22_años",	30193,"Veracruz","2020","28,464","14,188","14,276","154","1,280","28,349","86","43","2","9","32","0","29","21","27,564","823","46","537","0",
"Población_de_20_a_22_años",	30194,"Villa_Aldama","2020","665","334","331","0","8","665","0","0","0","0","0","0","0","0","653","12","0","14","0",
"Población_de_20_a_22_años",	30195,"Xoxocotla","2020","323","180","143","101","5","323","0","0","0","0","0","0","0","0","319","4","0","5","0",
"Población_de_20_a_22_años",	30196,"Yanga","2020","761","368","393","10","255","752","9","9","0","0","0","0","0","1","750","10","1","12","0",
"Población_de_20_a_22_años",	30197,"Yecuatla","2020","471","228","243","1","4","466","5","5","0","0","0","0","0","0","453","18","0","8","0",
"Población_de_20_a_22_años",	30198,"Zacualpan","2020","253","117","136","3","2","253","0","0","0","0","0","0","0","0","241","12","0","8","0",
"Población_de_20_a_22_años",	30199,"Zaragoza","2020","674","314","360","90","3","673","1","1","0","0","0","0","0","0","664","10","0","27","0",
"Población_de_20_a_22_años",	30200,"Zentla","2020","631","329","302","1","2","631","0","0","0","0","0","0","0","2","622","7","2","16","0",
"Población_de_20_a_22_años",	30201,"Zongolica","2020","2,172","1,018","1,154","1,344","100","2,166","1","1","0","0","0","0","5","0","2,130","37","0","44","0",
"Población_de_20_a_22_años",	30202,"Zontecomatlán_de_López_y_Fuentes","2020","553","271","282","428","2","553","0","0","0","0","0","0","0","0","535","18","0","22","0",
"Población_de_20_a_22_años",	30203,"Zozocolco_de_Hidalgo","2020","619","304","315","405","5","619","0","0","0","0","0","0","0","0","600","19","0","14","0",
"Población_de_20_a_22_años",	30204,"Agua_Dulce","2020","1,846","882","964","9","20","1,844","1","1","0","0","0","0","1","0","1,789","56","0","53","0",
"Población_de_20_a_22_años",	30205,"El_Higo","2020","797","431","366","7","3","796","1","1","0","0","0","0","0","0","778","19","0","17","0",
"Población_de_20_a_22_años",	30206,"Nanchital_de_Lázaro_Cárdenas_del_Río","2020","1,284","634","650","10","50","1,280","3","1","0","0","2","0","1","0","1,256","26","1","23","0",
"Población_de_20_a_22_años",	30207,"Tres_Valles","2020","1,946","992","954","157","38","1,941","5","2","1","0","2","0","0","2","1,865","76","3","35","0",
"Población_de_20_a_22_años",	30208,"Carlos_A._Carrillo","2020","927","442","485","7","17","927","0","0","0","0","0","0","0","0","891","36","0","17","0",
"Población_de_20_a_22_años",	30209,"Tatahuicapan_de_Juárez","2020","678","331","347","396","18","678","0","0","0","0","0","0","0","1","659","18","1","19","0",
"Población_de_20_a_22_años",	30210,"Uxpanapa","2020","1,348","657","691","339","80","1,346","2","2","0","0","0","0","0","1","1,315","32","1","40","0",
"Población_de_20_a_22_años",	30211,"San_Rafael","2020","1,366","720","646","5","2","1,363","3","2","0","0","1","0","0","1","1,342","22","2","17","0",
"Población_de_20_a_22_años",	30212,"Santiago_Sochiapan","2020","482","221","261","131","1","480","2","2","0","0","0","0","0","1","449","31","1","9","0",
"Población_de_20_a_22_años",	31,"Yucatán","2020","121,201","60,866","60,335","19,921","3,952","120,374","688","156","22","76","433","1","139","87","112,855","7,781","444","2,527","1",
"Población_de_20_a_22_años",	31001,"Abalá","2020","341","176","165","163","20","340","1","1","0","0","0","0","0","0","339","2","0","7","0",
"Población_de_20_a_22_años",	31002,"Acanceh","2020","838","410","428","65","5","837","1","0","0","0","1","0","0","0","828","10","0","8","0",
"Población_de_20_a_22_años",	31003,"Akil","2020","699","343","356","247","7","698","1","1","0","0","0","0","0","0","686","13","0","16","0",
"Población_de_20_a_22_años",	31004,"Baca","2020","266","124","142","6","3","266","0","0","0","0","0","0","0","0","256","10","0","3","0",
"Población_de_20_a_22_años",	31005,"Bokobá","2020","107","52","55","3","26","107","0","0","0","0","0","0","0","0","106","1","0","1","0",
"Población_de_20_a_22_años",	31006,"Buctzotz","2020","475","241","234","19","2","475","0","0","0","0","0","0","0","1","465","9","1","11","0",
"Población_de_20_a_22_años",	31007,"Cacalchén","2020","350","189","161","8","12","349","0","0","0","0","0","0","1","0","341","8","0","6","0",
"Población_de_20_a_22_años",	31008,"Calotmul","2020","179","85","94","53","1","179","0","0","0","0","0","0","0","0","175","4","0","0","0",
"Población_de_20_a_22_años",	31009,"Cansahcab","2020","191","94","97","3","1","191","0","0","0","0","0","0","0","0","187","4","0","5","0",
"Población_de_20_a_22_años",	31010,"Cantamayec","2020","147","84","63","112","11","147","0","0","0","0","0","0","0","0","147","0","0","4","0",
"Población_de_20_a_22_años",	31011,"Celestún","2020","474","230","244","3","9","474","0","0","0","0","0","0","0","0","465","9","0","10","0",
"Población_de_20_a_22_años",	31012,"Cenotillo","2020","130","58","72","11","1","130","0","0","0","0","0","0","0","0","128","2","0","2","0",
"Población_de_20_a_22_años",	31013,"Conkal","2020","759","375","384","18","12","747","12","1","0","4","7","0","0","1","631","124","4","8","0",
"Población_de_20_a_22_años",	31014,"Cuncunul","2020","100","47","53","70","13","100","0","0","0","0","0","0","0","0","100","0","0","0","0",
"Población_de_20_a_22_años",	31015,"Cuzamá","2020","291","163","128","71","6","291","0","0","0","0","0","0","0","0","289","2","0","7","0",
"Población_de_20_a_22_años",	31016,"Chacsinkín","2020","172","90","82","158","0","172","0","0","0","0","0","0","0","0","170","2","0","4","0",
"Población_de_20_a_22_años",	31017,"Chankom","2020","246","126","120","206","13","244","1","0","1","0","0","0","1","0","240","5","0","8","0",
"Población_de_20_a_22_años",	31018,"Chapab","2020","171","76","95","77","6","171","0","0","0","0","0","0","0","0","169","2","0","1","0",
"Población_de_20_a_22_años",	31019,"Chemax","2020","2,438","1,243","1,195","2,124","146","2,438","0","0","0","0","0","0","0","0","2,404","34","0","39","0",
"Población_de_20_a_22_años",	31020,"Chicxulub_Pueblo","2020","232","121","111","0","20","232","0","0","0","0","0","0","0","0","227","5","0","4","0",
"Población_de_20_a_22_años",	31021,"Chichimilá","2020","559","290","269","480","64","559","0","0","0","0","0","0","0","0","546","13","0","8","0",
"Población_de_20_a_22_años",	31022,"Chikindzonot","2020","199","94","105","188","1","199","0","0","0","0","0","0","0","0","197","2","0","5","0",
"Población_de_20_a_22_años",	31023,"Chocholá","2020","253","128","125","3","4","253","0","0","0","0","0","0","0","0","248","5","0","4","0",
"Población_de_20_a_22_años",	31024,"Chumayel","2020","188","96","92","142","2","188","0","0","0","0","0","0","0","0","187","1","0","2","0",
"Población_de_20_a_22_años",	31025,"Dzán","2020","281","127","154","150","15","279","2","1","0","0","1","0","0","0","279","2","0","7","0",
"Población_de_20_a_22_años",	31026,"Dzemul","2020","160","79","81","7","23","159","1","1","0","0","0","0","0","0","157","3","0","4","0",
"Población_de_20_a_22_años",	31027,"Dzidzantún","2020","376","188","188","3","5","376","0","0","0","0","0","0","0","0","366","10","0","10","0",
"Población_de_20_a_22_años",	31028,"Dzilam_de_Bravo","2020","166","76","90","5","6","166","0","0","0","0","0","0","0","0","161","5","0","5","0",
"Población_de_20_a_22_años",	31029,"Dzilam_González","2020","274","143","131","3","2","274","0","0","0","0","0","0","0","0","265","9","0","4","0",
"Población_de_20_a_22_años",	31030,"Dzitás","2020","195","108","87","61","3","194","1","0","0","0","1","0","0","0","189","6","0","5","0",
"Población_de_20_a_22_años",	31031,"Dzoncauich","2020","112","57","55","20","28","112","0","0","0","0","0","0","0","0","111","1","0","4","0",
"Población_de_20_a_22_años",	31032,"Espita","2020","948","487","461","371","63","947","1","0","0","0","1","0","0","0","928","19","1","8","0",
"Población_de_20_a_22_años",	31033,"Halachó","2020","1,037","516","521","359","8","1,037","0","0","0","0","0","0","0","0","1,020","17","0","26","0",
"Población_de_20_a_22_años",	31034,"Hocabá","2020","323","167","156","107","49","323","0","0","0","0","0","0","0","0","321","2","0","15","0",
"Población_de_20_a_22_años",	31035,"Hoctún","2020","325","178","147","85","34","325","0","0","0","0","0","0","0","1","315","9","1","4","0",
"Población_de_20_a_22_años",	31036,"Homún","2020","437","230","207","104","22","437","0","0","0","0","0","0","0","0","437","0","0","11","0",
"Población_de_20_a_22_años",	31037,"Huhí","2020","267","125","142","20","28","266","1","1","0","0","0","0","0","0","264","3","0","6","0",
"Población_de_20_a_22_años",	31038,"Hunucmá","2020","1,761","890","871","167","35","1,761","0","0","0","0","0","0","0","0","1,732","29","0","56","0",
"Población_de_20_a_22_años",	31039,"Ixil","2020","231","117","114","6","3","231","0","0","0","0","0","0","0","0","231","0","0","3","0",
"Población_de_20_a_22_años",	31040,"Izamal","2020","1,378","695","683","182","21","1,378","0","0","0","0","0","0","0","0","1,340","38","0","34","0",
"Población_de_20_a_22_años",	31041,"Kanasín","2020","7,323","3,591","3,732","389","275","7,296","20","3","1","6","10","0","7","2","6,794","511","10","168","0",
"Población_de_20_a_22_años",	31042,"Kantunil","2020","269","134","135","29","7","269","0","0","0","0","0","0","0","0","263","6","0","12","0",
"Población_de_20_a_22_años",	31043,"Kaua","2020","192","112","80","149","0","192","0","0","0","0","0","0","0","0","189","3","0","4","0",
"Población_de_20_a_22_años",	31044,"Kinchil","2020","402","208","194","20","14","402","0","0","0","0","0","0","0","0","399","3","0","13","0",
"Población_de_20_a_22_años",	31045,"Kopomá","2020","115","69","46","8","0","115","0","0","0","0","0","0","0","0","114","1","0","3","0",
"Población_de_20_a_22_años",	31046,"Mama","2020","156","75","81","71","4","155","1","1","0","0","0","0","0","0","156","0","0","7","0",
"Población_de_20_a_22_años",	31047,"Maní","2020","293","152","141","184","4","288","5","4","0","0","1","0","0","1","290","0","3","2","0",
"Población_de_20_a_22_años",	31048,"Maxcanú","2020","1,326","692","634","258","48","1,326","0","0","0","0","0","0","0","3","1,280","43","3","29","0",
"Población_de_20_a_22_años",	31049,"Mayapán","2020","230","125","105","219","39","230","0","0","0","0","0","0","0","0","227","3","0","4","0",
"Población_de_20_a_22_años",	31050,"Mérida","2020","51,293","25,721","25,572","1,425","1,594","50,623","563","106","12","65","379","1","107","67","45,304","5,503","390","1,067","1",
"Población_de_20_a_22_años",	31051,"Mocochá","2020","176","86","90","8","9","176","0","0","0","0","0","0","0","0","173","3","0","1","0",
"Población_de_20_a_22_años",	31052,"Motul","2020","1,944","992","952","135","26","1,938","6","2","0","0","4","0","0","2","1,910","31","3","35","0",
"Población_de_20_a_22_años",	31053,"Muna","2020","729","368","361","54","14","726","3","3","0","0","0","0","0","1","717","11","1","20","0",
"Población_de_20_a_22_años",	31054,"Muxupip","2020","139","66","73","18","11","139","0","0","0","0","0","0","0","0","138","1","0","4","0",
"Población_de_20_a_22_años",	31055,"Opichén","2020","389","190","199","210","41","389","0","0","0","0","0","0","0","1","382","6","1","7","0",
"Población_de_20_a_22_años",	31056,"Oxkutzcab","2020","1,851","878","973","775","45","1,839","12","10","0","0","2","0","0","1","1,832","16","3","34","0",
"Población_de_20_a_22_años",	31057,"Panabá","2020","363","174","189","20","27","363","0","0","0","0","0","0","0","0","355","8","0","7","0",
"Población_de_20_a_22_años",	31058,"Peto","2020","1,396","691","705","597","15","1,392","4","3","0","0","1","0","0","1","1,352","40","2","31","0",
"Población_de_20_a_22_años",	31059,"Progreso","2020","3,399","1,731","1,668","45","65","3,364","21","5","5","0","11","0","14","2","3,199","183","11","107","0",
"Población_de_20_a_22_años",	31060,"Quintana_Roo","2020","32","11","21","1","1","32","0","0","0","0","0","0","0","0","32","0","0","0","0",
"Población_de_20_a_22_años",	31061,"Río_Lagartos","2020","206","99","107","7","9","205","1","0","1","0","0","0","0","0","202","4","0","5","0",
"Población_de_20_a_22_años",	31062,"Sacalum","2020","238","121","117","72","35","238","0","0","0","0","0","0","0","0","234","4","0","11","0",
"Población_de_20_a_22_años",	31063,"Samahil","2020","285","143","142","21","6","285","0","0","0","0","0","0","0","0","283","2","0","4","0",
"Población_de_20_a_22_años",	31064,"Sanahcat","2020","56","25","31","10","3","56","0","0","0","0","0","0","0","0","56","0","0","2","0",
"Población_de_20_a_22_años",	31065,"San_Felipe","2020","109","58","51","3","0","109","0","0","0","0","0","0","0","0","105","4","0","2","0",
"Población_de_20_a_22_años",	31066,"Santa_Elena","2020","265","142","123","184","0","264","1","0","1","0","0","0","0","0","262","3","0","3","0",
"Población_de_20_a_22_años",	31067,"Seyé","2020","494","267","227","12","15","494","0","0","0","0","0","0","0","0","487","7","0","11","0",
"Población_de_20_a_22_años",	31068,"Sinanché","2020","170","94","76","5","8","170","0","0","0","0","0","0","0","0","164","6","0","6","0",
"Población_de_20_a_22_años",	31069,"Sotuta","2020","489","266","223","112","4","486","1","0","0","0","1","0","2","0","487","2","0","17","0",
"Población_de_20_a_22_años",	31070,"Sucilá","2020","209","103","106","42","1","209","0","0","0","0","0","0","0","0","204","5","0","3","0",
"Población_de_20_a_22_años",	31071,"Sudzal","2020","91","42","49","29","13","91","0","0","0","0","0","0","0","0","85","6","0","2","0",
"Población_de_20_a_22_años",	31072,"Suma","2020","88","45","43","4","9","88","0","0","0","0","0","0","0","0","86","2","0","1","0",
"Población_de_20_a_22_años",	31073,"Tahdziú","2020","377","202","175","371","4","377","0","0","0","0","0","0","0","0","376","1","0","5","0",
"Población_de_20_a_22_años",	31074,"Tahmek","2020","201","107","94","33","5","201","0","0","0","0","0","0","0","0","197","4","0","12","0",
"Población_de_20_a_22_años",	31075,"Teabo","2020","418","194","224","251","24","418","0","0","0","0","0","0","0","0","415","3","0","6","0",
"Población_de_20_a_22_años",	31076,"Tecoh","2020","934","500","434","255","46","934","0","0","0","0","0","0","0","0","929","5","0","21","0",
"Población_de_20_a_22_años",	31077,"Tekal_de_Venegas","2020","135","72","63","21","7","135","0","0","0","0","0","0","0","0","134","1","0","7","0",
"Población_de_20_a_22_años",	31078,"Tekantó","2020","196","99","97","5","30","196","0","0","0","0","0","0","0","0","190","6","0","1","0",
"Población_de_20_a_22_años",	31079,"Tekax","2020","2,518","1,205","1,313","1,027","27","2,517","0","0","0","0","0","0","1","0","2,476","40","0","46","0",
"Población_de_20_a_22_años",	31080,"Tekit","2020","592","309","283","123","21","592","0","0","0","0","0","0","0","0","589","3","0","11","0",
"Población_de_20_a_22_años",	31081,"Tekom","2020","188","92","96","156","6","188","0","0","0","0","0","0","0","0","180","7","0","5","0",
"Población_de_20_a_22_años",	31082,"Telchac_Pueblo","2020","134","62","72","3","35","133","1","1","0","0","0","0","0","0","132","2","0","1","0",
"Población_de_20_a_22_años",	31083,"Telchac_Puerto","2020","98","46","52","3","2","98","0","0","0","0","0","0","0","0","96","2","0","1","0",
"Población_de_20_a_22_años",	31084,"Temax","2020","320","155","165","9","10","320","0","0","0","0","0","0","0","0","317","3","0","10","0",
"Población_de_20_a_22_años",	31085,"Temozón","2020","970","495","475","690","28","970","0","0","0","0","0","0","0","0","960","10","0","20","0",
"Población_de_20_a_22_años",	31086,"Tepakán","2020","91","46","45","28","0","91","0","0","0","0","0","0","0","0","87","4","0","2","0",
"Población_de_20_a_22_años",	31087,"Tetiz","2020","306","149","157","33","0","306","0","0","0","0","0","0","0","0","303","3","0","3","0",
"Población_de_20_a_22_años",	31088,"Teya","2020","85","42","43","16","17","85","0","0","0","0","0","0","0","0","83","2","0","3","0",
"Población_de_20_a_22_años",	31089,"Ticul","2020","2,126","1,065","1,061","246","23","2,124","2","1","0","0","1","0","0","2","2,096","27","3","29","0",
"Población_de_20_a_22_años",	31090,"Timucuy","2020","397","230","167","268","8","397","0","0","0","0","0","0","0","0","396","1","0","1","0",
"Población_de_20_a_22_años",	31091,"Tinum","2020","695","367","328","312","2","695","0","0","0","0","0","0","0","0","687","8","0","13","0",
"Población_de_20_a_22_años",	31092,"Tixcacalcupul","2020","424","227","197","392","1","424","0","0","0","0","0","0","0","0","419","5","0","12","0",
"Población_de_20_a_22_años",	31093,"Tixkokob","2020","873","446","427","13","6","872","1","1","0","0","0","0","0","0","848","25","0","17","0",
"Población_de_20_a_22_años",	31094,"Tixmehuac","2020","296","144","152","245","1","296","0","0","0","0","0","0","0","0","288","8","0","7","0",
"Población_de_20_a_22_años",	31095,"Tixpéhual","2020","285","148","137","11","0","284","1","1","0","0","0","0","0","0","277","8","0","3","0",
"Población_de_20_a_22_años",	31096,"Tizimín","2020","4,452","2,226","2,226","901","226","4,443","7","6","1","0","0","0","2","0","4,315","137","0","99","0",
"Población_de_20_a_22_años",	31097,"Tunkás","2020","159","81","78","36","4","158","1","1","0","0","0","0","0","0","156","3","0","1","0",
"Población_de_20_a_22_años",	31098,"Tzucacab","2020","802","428","374","272","16","802","0","0","0","0","0","0","0","0","776","25","0","12","0",
"Población_de_20_a_22_años",	31099,"Uayma","2020","242","115","127","191","1","242","0","0","0","0","0","0","0","0","236","6","0","3","0",
"Población_de_20_a_22_años",	31100,"Ucú","2020","206","104","102","7","8","206","0","0","0","0","0","0","0","0","202","4","0","0","0",
"Población_de_20_a_22_años",	31101,"Umán","2020","3,635","1,758","1,877","179","51","3,625","7","2","0","0","5","0","3","1","3,395","234","3","72","0",
"Población_de_20_a_22_años",	31102,"Valladolid","2020","4,865","2,447","2,418","2,216","195","4,857","8","0","0","1","7","0","0","0","4,532","329","4","93","0",
"Población_de_20_a_22_años",	31103,"Xocchel","2020","173","84","89","39","26","173","0","0","0","0","0","0","0","0","171","2","0","3","0",
"Población_de_20_a_22_años",	31104,"Yaxcabá","2020","928","492","436","568","38","927","0","0","0","0","0","0","1","0","913","15","0","20","0",
"Población_de_20_a_22_años",	31105,"Yaxkukul","2020","179","88","91","4","6","179","0","0","0","0","0","0","0","0","176","3","0","1","0",
"Población_de_20_a_22_años",	31106,"Yobaín","2020","108","52","56","1","6","108","0","0","0","0","0","0","0","0","100","8","0","0","0",
"Población_de_20_a_22_años",	32,"Zacatecas","2020","80,789","39,288","41,501","341","966","79,815","915","867","3","2","42","1","59","177","77,977","2,362","332","1,870","0",
"Población_de_20_a_22_años",	32001,"Apozol","2020","293","144","149","4","0","289","4","4","0","0","0","0","0","2","281","9","3","7","0",
"Población_de_20_a_22_años",	32002,"Apulco","2020","183","90","93","0","2","179","4","4","0","0","0","0","0","1","171","7","5","5","0",
"Población_de_20_a_22_años",	32003,"Atolinga","2020","76","26","50","0","1","73","3","3","0","0","0","0","0","1","72","3","1","2","0",
"Población_de_20_a_22_años",	32004,"Benito_Juárez","2020","179","82","97","0","0","177","2","2","0","0","0","0","0","0","170","9","0","4","0",
"Población_de_20_a_22_años",	32005,"Calera","2020","2,522","1,237","1,285","17","43","2,509","9","9","0","0","0","0","4","3","2,459","53","5","48","0",
"Población_de_20_a_22_años",	32006,"Cañitas_de_Felipe_Pescador","2020","388","187","201","0","2","384","4","4","0","0","0","0","0","1","378","9","1","13","0",
"Población_de_20_a_22_años",	32007,"Concepción_del_Oro","2020","518","269","249","1","1","517","0","0","0","0","0","0","1","0","483","34","0","8","0",
"Población_de_20_a_22_años",	32008,"Cuauhtémoc","2020","657","323","334","0","0","653","4","4","0","0","0","0","0","0","632","22","1","25","0",
"Población_de_20_a_22_años",	32009,"Chalchihuites","2020","459","219","240","0","3","446","13","13","0","0","0","0","0","0","445","13","1","15","0",
"Población_de_20_a_22_años",	32010,"Fresnillo","2020","12,470","6,128","6,342","34","130","12,380","88","87","0","0","1","0","2","6","12,192","234","14","240","0",
"Población_de_20_a_22_años",	32011,"Trinidad_García_de_la_Cadena","2020","155","79","76","22","1","150","4","4","0","0","0","0","1","0","127","28","0","3","0",
"Población_de_20_a_22_años",	32012,"Genaro_Codina","2020","363","153","210","0","1","361","2","2","0","0","0","0","0","0","359","4","0","11","0",
"Población_de_20_a_22_años",	32013,"General_Enrique_Estrada","2020","354","182","172","23","3","345","9","9","0","0","0","0","0","1","341","10","3","7","0",
"Población_de_20_a_22_años",	32014,"General_Francisco_R._Murguía","2020","935","453","482","0","23","927","8","8","0","0","0","0","0","5","910","16","9","24","0",
"Población_de_20_a_22_años",	32015,"El_Plateado_de_Joaquín_Amaro","2020","49","26","23","0","0","45","4","4","0","0","0","0","0","0","47","1","1","2","0",
"Población_de_20_a_22_años",	32016,"General_Pánfilo_Natera","2020","1,135","536","599","2","16","1,124","11","11","0","0","0","0","0","0","1,109","24","2","38","0",
"Población_de_20_a_22_años",	32017,"Guadalupe","2020","11,787","5,646","6,141","33","201","11,691","94","79","0","0","15","0","2","11","11,344","414","27","313","0",
"Población_de_20_a_22_años",	32018,"Huanusco","2020","190","95","95","0","3","186","4","4","0","0","0","0","0","2","181","7","2","3","0",
"Población_de_20_a_22_años",	32019,"Jalpa","2020","1,207","593","614","3","12","1,190","16","16","0","0","0","0","1","2","1,150","52","4","21","0",
"Población_de_20_a_22_años",	32020,"Jerez","2020","2,884","1,428","1,456","7","15","2,795","89","89","0","0","0","0","0","12","2,805","53","25","77","0",
"Población_de_20_a_22_años",	32021,"Jiménez_del_Teul","2020","210","100","110","0","0","208","2","2","0","0","0","0","0","0","208","1","1","5","0",
"Población_de_20_a_22_años",	32022,"Juan_Aldama","2020","926","475","451","2","15","907","19","18","0","0","1","0","0","8","898","15","13","17","0",
"Población_de_20_a_22_años",	32023,"Juchipila","2020","546","279","267","1","2","535","11","11","0","0","0","0","0","2","526","15","5","10","0",
"Población_de_20_a_22_años",	32024,"Loreto","2020","2,716","1,324","1,392","3","118","2,692","23","21","1","0","1","0","1","6","2,627","81","7","80","0",
"Población_de_20_a_22_años",	32025,"Luis_Moya","2020","600","288","312","0","17","593","7","7","0","0","0","0","0","0","582","18","0","6","0",
"Población_de_20_a_22_años",	32026,"Mazapil","2020","645","312","333","0","9","641","4","4","0","0","0","0","0","1","610","31","2","11","0",
"Población_de_20_a_22_años",	32027,"Melchor_Ocampo","2020","93","45","48","0","0","93","0","0","0","0","0","0","0","0","88","5","0","1","0",
"Población_de_20_a_22_años",	32028,"Mezquital_del_Oro","2020","117","61","56","1","3","116","1","1","0","0","0","0","0","1","111","5","1","1","0",
"Población_de_20_a_22_años",	32029,"Miguel_Auza","2020","1,193","560","633","0","10","1,166","27","17","0","0","9","1","0","4","1,158","28","7","19","0",
"Población_de_20_a_22_años",	32030,"Momax","2020","89","43","46","1","0","88","1","1","0","0","0","0","0","0","80","9","0","2","0",
"Población_de_20_a_22_años",	32031,"Monte_Escobedo","2020","341","179","162","7","5","333","8","8","0","0","0","0","0","3","325","12","4","12","0",
"Población_de_20_a_22_años",	32032,"Morelos","2020","689","336","353","2","4","682","7","7","0","0","0","0","0","1","682","6","1","14","0",
"Población_de_20_a_22_años",	32033,"Moyahua_de_Estrada","2020","190","100","90","0","0","185","5","5","0","0","0","0","0","1","175","13","1","6","0",
"Población_de_20_a_22_años",	32034,"Nochistlán_de_Mejía","2020","1,208","586","622","1","6","1,175","25","25","0","0","0","0","8","6","1,098","91","11","26","0",
"Población_de_20_a_22_años",	32035,"Noria_de_Ángeles","2020","755","354","401","0","4","745","9","9","0","0","0","0","1","6","722","27","6","23","0",
"Población_de_20_a_22_años",	32036,"Ojocaliente","2020","2,276","1,093","1,183","1","20","2,248","27","26","0","0","1","0","1","5","2,215","45","15","58","0",
"Población_de_20_a_22_años",	32037,"Pánuco","2020","862","438","424","15","6","858","4","4","0","0","0","0","0","1","836","24","2","26","0",
"Población_de_20_a_22_años",	32038,"Pinos","2020","2,950","1,299","1,651","0","8","2,938","11","11","0","0","0","0","1","14","2,854","78","17","74","0",
"Población_de_20_a_22_años",	32039,"Río_Grande","2020","3,150","1,570","1,580","0","36","3,122","28","28","0","0","0","0","0","13","3,087","44","19","73","0",
"Población_de_20_a_22_años",	32040,"Sain_Alto","2020","996","459","537","0","4","978","18","17","0","1","0","0","0","7","964","19","13","16","0",
"Población_de_20_a_22_años",	32041,"El_Salvador","2020","77","39","38","0","0","77","0","0","0","0","0","0","0","0","71","6","0","1","0",
"Población_de_20_a_22_años",	32042,"Sombrerete","2020","2,800","1,405","1,395","1","29","2,771","29","29","0","0","0","0","0","8","2,731","56","12","68","0",
"Población_de_20_a_22_años",	32043,"Susticacán","2020","72","35","37","0","0","70","2","2","0","0","0","0","0","0","72","0","0","1","0",
"Población_de_20_a_22_años",	32044,"Tabasco","2020","827","403","424","2","12","806","21","21","0","0","0","0","0","1","811","14","2","16","0",
"Población_de_20_a_22_años",	32045,"Tepechitlán","2020","324","149","175","2","2","308","16","16","0","0","0","0","0","3","306","11","7","6","0",
"Población_de_20_a_22_años",	32046,"Tepetongo","2020","214","93","121","0","2","213","1","1","0","0","0","0","0","0","206","8","0","3","0",
"Población_de_20_a_22_años",	32047,"Teúl_de_González_Ortega","2020","216","109","107","2","0","208","8","8","0","0","0","0","0","0","204","11","1","6","0",
"Población_de_20_a_22_años",	32048,"Tlaltenango_de_Sánchez_Román","2020","1,295","654","641","30","16","1,268","24","23","1","0","0","0","3","1","1,202","85","4","23","0",
"Población_de_20_a_22_años",	32049,"Valparaíso","2020","1,333","657","676","66","9","1,301","30","30","0","0","0","0","2","1","1,285","41","6","29","0",
"Población_de_20_a_22_años",	32050,"Vetagrande","2020","522","243","279","0","4","517","5","5","0","0","0","0","0","0","518","4","0","14","0",
"Población_de_20_a_22_años",	32051,"Villa_de_Cos","2020","1,537","750","787","16","3","1,525","12","12","0","0","0","0","0","0","1,488","47","2","33","0",
"Población_de_20_a_22_años",	32052,"Villa_García","2020","1,014","493","521","0","6","1,011","3","3","0","0","0","0","0","2","971","41","2","19","0",
"Población_de_20_a_22_años",	32053,"Villa_González_Ortega","2020","566","276","290","0","2","565","1","1","0","0","0","0","0","3","550","13","3","25","0",
"Población_de_20_a_22_años",	32054,"Villa_Hidalgo","2020","875","383","492","0","9","865","10","10","0","0","0","0","0","4","857","12","6","32","0",
"Población_de_20_a_22_años",	32055,"Villanueva","2020","1,439","747","692","3","8","1,393","46","45","1","0","0","0","0","6","1,387","18","10","30","0",
"Población_de_20_a_22_años",	32056,"Zacatecas","2020","9,125","4,457","4,668","38","129","9,002","92","77","0","1","14","0","31","21","8,638","409","46","193","0",
"Población_de_20_a_22_años",	32057,"Trancoso","2020","1,096","551","545","1","11","1,093","3","3","0","0","0","0","0","1","1,079","15","2","25","0",
"Población_de_20_a_22_años",	32058,"Santa_María_de_la_Paz","2020","101","47","54","0","0","98","3","3","0","0","0","0","0","0","99","2","0","0","0",
