"Serie","cvegeo","Entidad_federativa","Periodo","Sexo|Total_Edad__Tuberculosis|Total_Tipos_de_Tuberculosis|Todas_las_formas","Sexo|Total_Edad__Tuberculosis|Total_Tipos_de_Tuberculosis|Tuberculosis_meníngea","Sexo|Total_Edad__Tuberculosis|Total_Tipos_de_Tuberculosis|Tuberculosis_otras_formas","Sexo|Total_Edad__Tuberculosis|Total_Tipos_de_Tuberculosis|Tuberculosis_respiratoria","Sexo|Total_Edad__Tuberculosis|Menor_de_1_año_Tipos_de_Tuberculosis|Todas_las_formas","Sexo|Total_Edad__Tuberculosis|Menor_de_1_año_Tipos_de_Tuberculosis|Tuberculosis_meníngea","Sexo|Total_Edad__Tuberculosis|Menor_de_1_año_Tipos_de_Tuberculosis|Tuberculosis_otras_formas","Sexo|Total_Edad__Tuberculosis|Menor_de_1_año_Tipos_de_Tuberculosis|Tuberculosis_respiratoria","Sexo|Total_Edad__Tuberculosis|01-04_años_Tipos_de_Tuberculosis|Todas_las_formas","Sexo|Total_Edad__Tuberculosis|01-04_años_Tipos_de_Tuberculosis|Tuberculosis_meníngea","Sexo|Total_Edad__Tuberculosis|01-04_años_Tipos_de_Tuberculosis|Tuberculosis_otras_formas","Sexo|Total_Edad__Tuberculosis|01-04_años_Tipos_de_Tuberculosis|Tuberculosis_respiratoria","Sexo|Total_Edad__Tuberculosis|05-14_años_Tipos_de_Tuberculosis|Todas_las_formas","Sexo|Total_Edad__Tuberculosis|05-14_años_Tipos_de_Tuberculosis|Tuberculosis_meníngea","Sexo|Total_Edad__Tuberculosis|05-14_años_Tipos_de_Tuberculosis|Tuberculosis_otras_formas","Sexo|Total_Edad__Tuberculosis|05-14_años_Tipos_de_Tuberculosis|Tuberculosis_respiratoria","Sexo|Total_Edad__Tuberculosis|15_a_24_años_Tipos_de_Tuberculosis|Todas_las_formas","Sexo|Total_Edad__Tuberculosis|15_a_24_años_Tipos_de_Tuberculosis|Tuberculosis_meníngea","Sexo|Total_Edad__Tuberculosis|15_a_24_años_Tipos_de_Tuberculosis|Tuberculosis_otras_formas","Sexo|Total_Edad__Tuberculosis|15_a_24_años_Tipos_de_Tuberculosis|Tuberculosis_respiratoria","Sexo|Total_Edad__Tuberculosis|25-44_años_Tipos_de_Tuberculosis|Todas_las_formas","Sexo|Total_Edad__Tuberculosis|25-44_años_Tipos_de_Tuberculosis|Tuberculosis_meníngea","Sexo|Total_Edad__Tuberculosis|25-44_años_Tipos_de_Tuberculosis|Tuberculosis_otras_formas","Sexo|Total_Edad__Tuberculosis|25-44_años_Tipos_de_Tuberculosis|Tuberculosis_respiratoria","Sexo|Total_Edad__Tuberculosis|45-64_años_Tipos_de_Tuberculosis|Todas_las_formas","Sexo|Total_Edad__Tuberculosis|45-64_años_Tipos_de_Tuberculosis|Tuberculosis_meníngea","Sexo|Total_Edad__Tuberculosis|45-64_años_Tipos_de_Tuberculosis|Tuberculosis_otras_formas","Sexo|Total_Edad__Tuberculosis|45-64_años_Tipos_de_Tuberculosis|Tuberculosis_respiratoria","Sexo|Total_Edad__Tuberculosis|65_años_y_mas_Tipos_de_Tuberculosis|Todas_las_formas","Sexo|Total_Edad__Tuberculosis|65_años_y_mas_Tipos_de_Tuberculosis|Tuberculosis_meníngea","Sexo|Total_Edad__Tuberculosis|65_años_y_mas_Tipos_de_Tuberculosis|Tuberculosis_otras_formas","Sexo|Total_Edad__Tuberculosis|65_años_y_mas_Tipos_de_Tuberculosis|Tuberculosis_respiratoria","Sexo|Total_Edad__Tuberculosis|Edad_desconocida_Tipos_de_Tuberculosis|Todas_las_formas","Sexo|Total_Edad__Tuberculosis|Edad_desconocida_Tipos_de_Tuberculosis|Tuberculosis_meníngea","Sexo|Total_Edad__Tuberculosis|Edad_desconocida_Tipos_de_Tuberculosis|Tuberculosis_otras_formas","Sexo|Total_Edad__Tuberculosis|Edad_desconocida_Tipos_de_Tuberculosis|Tuberculosis_respiratoria","Sexo|Hombres_Edad__Tuberculosis|Total_Tipos_de_Tuberculosis|Todas_las_formas","Sexo|Hombres_Edad__Tuberculosis|Total_Tipos_de_Tuberculosis|Tuberculosis_meníngea","Sexo|Hombres_Edad__Tuberculosis|Total_Tipos_de_Tuberculosis|Tuberculosis_otras_formas","Sexo|Hombres_Edad__Tuberculosis|Total_Tipos_de_Tuberculosis|Tuberculosis_respiratoria","Sexo|Hombres_Edad__Tuberculosis|Menor_de_1_año_Tipos_de_Tuberculosis|Todas_las_formas","Sexo|Hombres_Edad__Tuberculosis|Menor_de_1_año_Tipos_de_Tuberculosis|Tuberculosis_meníngea","Sexo|Hombres_Edad__Tuberculosis|Menor_de_1_año_Tipos_de_Tuberculosis|Tuberculosis_otras_formas","Sexo|Hombres_Edad__Tuberculosis|Menor_de_1_año_Tipos_de_Tuberculosis|Tuberculosis_respiratoria","Sexo|Hombres_Edad__Tuberculosis|01-04_años_Tipos_de_Tuberculosis|Todas_las_formas","Sexo|Hombres_Edad__Tuberculosis|01-04_años_Tipos_de_Tuberculosis|Tuberculosis_meníngea","Sexo|Hombres_Edad__Tuberculosis|01-04_años_Tipos_de_Tuberculosis|Tuberculosis_otras_formas","Sexo|Hombres_Edad__Tuberculosis|01-04_años_Tipos_de_Tuberculosis|Tuberculosis_respiratoria","Sexo|Hombres_Edad__Tuberculosis|05-14_años_Tipos_de_Tuberculosis|Todas_las_formas","Sexo|Hombres_Edad__Tuberculosis|05-14_años_Tipos_de_Tuberculosis|Tuberculosis_meníngea","Sexo|Hombres_Edad__Tuberculosis|05-14_años_Tipos_de_Tuberculosis|Tuberculosis_otras_formas","Sexo|Hombres_Edad__Tuberculosis|05-14_años_Tipos_de_Tuberculosis|Tuberculosis_respiratoria","Sexo|Hombres_Edad__Tuberculosis|15_a_24_años_Tipos_de_Tuberculosis|Todas_las_formas","Sexo|Hombres_Edad__Tuberculosis|15_a_24_años_Tipos_de_Tuberculosis|Tuberculosis_meníngea","Sexo|Hombres_Edad__Tuberculosis|15_a_24_años_Tipos_de_Tuberculosis|Tuberculosis_otras_formas","Sexo|Hombres_Edad__Tuberculosis|15_a_24_años_Tipos_de_Tuberculosis|Tuberculosis_respiratoria","Sexo|Hombres_Edad__Tuberculosis|25-44_años_Tipos_de_Tuberculosis|Todas_las_formas","Sexo|Hombres_Edad__Tuberculosis|25-44_años_Tipos_de_Tuberculosis|Tuberculosis_meníngea","Sexo|Hombres_Edad__Tuberculosis|25-44_años_Tipos_de_Tuberculosis|Tuberculosis_otras_formas","Sexo|Hombres_Edad__Tuberculosis|25-44_años_Tipos_de_Tuberculosis|Tuberculosis_respiratoria","Sexo|Hombres_Edad__Tuberculosis|45-64_años_Tipos_de_Tuberculosis|Todas_las_formas","Sexo|Hombres_Edad__Tuberculosis|45-64_años_Tipos_de_Tuberculosis|Tuberculosis_meníngea","Sexo|Hombres_Edad__Tuberculosis|45-64_años_Tipos_de_Tuberculosis|Tuberculosis_otras_formas","Sexo|Hombres_Edad__Tuberculosis|45-64_años_Tipos_de_Tuberculosis|Tuberculosis_respiratoria","Sexo|Hombres_Edad__Tuberculosis|65_años_y_mas_Tipos_de_Tuberculosis|Todas_las_formas","Sexo|Hombres_Edad__Tuberculosis|65_años_y_mas_Tipos_de_Tuberculosis|Tuberculosis_meníngea","Sexo|Hombres_Edad__Tuberculosis|65_años_y_mas_Tipos_de_Tuberculosis|Tuberculosis_otras_formas","Sexo|Hombres_Edad__Tuberculosis|65_años_y_mas_Tipos_de_Tuberculosis|Tuberculosis_respiratoria","Sexo|Hombres_Edad__Tuberculosis|Edad_desconocida_Tipos_de_Tuberculosis|Todas_las_formas","Sexo|Hombres_Edad__Tuberculosis|Edad_desconocida_Tipos_de_Tuberculosis|Tuberculosis_meníngea","Sexo|Hombres_Edad__Tuberculosis|Edad_desconocida_Tipos_de_Tuberculosis|Tuberculosis_otras_formas","Sexo|Hombres_Edad__Tuberculosis|Edad_desconocida_Tipos_de_Tuberculosis|Tuberculosis_respiratoria","Sexo|Mujeres_Edad__Tuberculosis|Total_Tipos_de_Tuberculosis|Todas_las_formas","Sexo|Mujeres_Edad__Tuberculosis|Total_Tipos_de_Tuberculosis|Tuberculosis_meníngea","Sexo|Mujeres_Edad__Tuberculosis|Total_Tipos_de_Tuberculosis|Tuberculosis_otras_formas","Sexo|Mujeres_Edad__Tuberculosis|Total_Tipos_de_Tuberculosis|Tuberculosis_respiratoria","Sexo|Mujeres_Edad__Tuberculosis|Menor_de_1_año_Tipos_de_Tuberculosis|Todas_las_formas","Sexo|Mujeres_Edad__Tuberculosis|Menor_de_1_año_Tipos_de_Tuberculosis|Tuberculosis_meníngea","Sexo|Mujeres_Edad__Tuberculosis|Menor_de_1_año_Tipos_de_Tuberculosis|Tuberculosis_otras_formas","Sexo|Mujeres_Edad__Tuberculosis|Menor_de_1_año_Tipos_de_Tuberculosis|Tuberculosis_respiratoria","Sexo|Mujeres_Edad__Tuberculosis|01-04_años_Tipos_de_Tuberculosis|Todas_las_formas","Sexo|Mujeres_Edad__Tuberculosis|01-04_años_Tipos_de_Tuberculosis|Tuberculosis_meníngea","Sexo|Mujeres_Edad__Tuberculosis|01-04_años_Tipos_de_Tuberculosis|Tuberculosis_otras_formas","Sexo|Mujeres_Edad__Tuberculosis|01-04_años_Tipos_de_Tuberculosis|Tuberculosis_respiratoria","Sexo|Mujeres_Edad__Tuberculosis|05-14_años_Tipos_de_Tuberculosis|Todas_las_formas","Sexo|Mujeres_Edad__Tuberculosis|05-14_años_Tipos_de_Tuberculosis|Tuberculosis_meníngea","Sexo|Mujeres_Edad__Tuberculosis|05-14_años_Tipos_de_Tuberculosis|Tuberculosis_otras_formas","Sexo|Mujeres_Edad__Tuberculosis|05-14_años_Tipos_de_Tuberculosis|Tuberculosis_respiratoria","Sexo|Mujeres_Edad__Tuberculosis|15_a_24_años_Tipos_de_Tuberculosis|Todas_las_formas","Sexo|Mujeres_Edad__Tuberculosis|15_a_24_años_Tipos_de_Tuberculosis|Tuberculosis_meníngea","Sexo|Mujeres_Edad__Tuberculosis|15_a_24_años_Tipos_de_Tuberculosis|Tuberculosis_otras_formas","Sexo|Mujeres_Edad__Tuberculosis|15_a_24_años_Tipos_de_Tuberculosis|Tuberculosis_respiratoria","Sexo|Mujeres_Edad__Tuberculosis|25-44_años_Tipos_de_Tuberculosis|Todas_las_formas","Sexo|Mujeres_Edad__Tuberculosis|25-44_años_Tipos_de_Tuberculosis|Tuberculosis_meníngea","Sexo|Mujeres_Edad__Tuberculosis|25-44_años_Tipos_de_Tuberculosis|Tuberculosis_otras_formas","Sexo|Mujeres_Edad__Tuberculosis|25-44_años_Tipos_de_Tuberculosis|Tuberculosis_respiratoria","Sexo|Mujeres_Edad__Tuberculosis|45-64_años_Tipos_de_Tuberculosis|Todas_las_formas","Sexo|Mujeres_Edad__Tuberculosis|45-64_años_Tipos_de_Tuberculosis|Tuberculosis_meníngea","Sexo|Mujeres_Edad__Tuberculosis|45-64_años_Tipos_de_Tuberculosis|Tuberculosis_otras_formas","Sexo|Mujeres_Edad__Tuberculosis|45-64_años_Tipos_de_Tuberculosis|Tuberculosis_respiratoria","Sexo|Mujeres_Edad__Tuberculosis|65_años_y_mas_Tipos_de_Tuberculosis|Todas_las_formas","Sexo|Mujeres_Edad__Tuberculosis|65_años_y_mas_Tipos_de_Tuberculosis|Tuberculosis_meníngea","Sexo|Mujeres_Edad__Tuberculosis|65_años_y_mas_Tipos_de_Tuberculosis|Tuberculosis_otras_formas","Sexo|Mujeres_Edad__Tuberculosis|65_años_y_mas_Tipos_de_Tuberculosis|Tuberculosis_respiratoria","Sexo|Mujeres_Edad__Tuberculosis|Edad_desconocida_Tipos_de_Tuberculosis|Todas_las_formas","Sexo|Mujeres_Edad__Tuberculosis|Edad_desconocida_Tipos_de_Tuberculosis|Tuberculosis_meníngea","Sexo|Mujeres_Edad__Tuberculosis|Edad_desconocida_Tipos_de_Tuberculosis|Tuberculosis_otras_formas","Sexo|Mujeres_Edad__Tuberculosis|Edad_desconocida_Tipos_de_Tuberculosis|Tuberculosis_respiratoria",
"Casos_de_tuberculosis",	00,"Estados_Unidos_Mexicanos","2024","25,980","538","4,474","20,968","70","4","18","48","187","27","66","94","597","15","243","339","3,493","82","651","2,760","8,895","252","1,728","6,915","8,693","128","1,162","7,403","4,044","30","606","3,408","1","0","0","1","16,475","388","2,555","13,532","40","2","10","28","94","14","34","46","271","10","117","144","2,167","51","361","1,755","5,970","193","1,058","4,719","5,491","100","651","4,740","2,441","18","324","2,099","1","0","0","1","9,505","150","1,919","7,436","30","2","8","20","93","13","32","48","326","5","126","195","1,326","31","290","1,005","2,925","59","670","2,196","3,202","28","511","2,663","1,603","12","282","1,309","0","0","0","0",
"Casos_de_tuberculosis",	01,"Aguascalientes","2024","105","2","31","72","1","0","0","1","0","0","0","0","7","0","6","1","7","0","4","3","28","2","10","16","38","0","8","30","24","0","3","21","0","0","0","0","52","1","9","42","1","0","0","1","0","0","0","0","2","0","2","0","3","0","2","1","13","1","3","9","20","0","2","18","13","0","0","13","0","0","0","0","53","1","22","30","0","0","0","0","0","0","0","0","5","0","4","1","4","0","2","2","15","1","7","7","18","0","6","12","11","0","3","8","0","0","0","0",
"Casos_de_tuberculosis",	02,"Baja_California","2024","2,447","43","585","1,819","5","0","1","4","24","0","15","9","118","3","69","46","460","11","107","342","951","15","232","704","694","14","126","554","195","0","35","160","0","0","0","0","1,569","29","317","1,223","3","0","1","2","13","0","10","3","47","1","31","15","290","8","64","218","622","9","130","483","483","11","62","410","111","0","19","92","0","0","0","0","878","14","268","596","2","0","0","2","11","0","5","6","71","2","38","31","170","3","43","124","329","6","102","221","211","3","64","144","84","0","16","68","0","0","0","0",
"Casos_de_tuberculosis",	03,"Baja_California_Sur","2024","277","1","38","238","1","0","1","0","0","0","0","0","4","0","3","1","40","0","7","33","123","1","18","104","85","0","9","76","24","0","0","24","0","0","0","0","194","1","27","166","1","0","1","0","0","0","0","0","1","0","1","0","34","0","6","28","82","1","10","71","61","0","9","52","15","0","0","15","0","0","0","0","83","0","11","72","0","0","0","0","0","0","0","0","3","0","2","1","6","0","1","5","41","0","8","33","24","0","0","24","9","0","0","9","0","0","0","0",
"Casos_de_tuberculosis",	04,"Campeche","2024","206","1","38","167","0","0","0","0","1","0","0","1","3","0","1","2","25","1","8","16","77","0","11","66","73","0","11","62","27","0","7","20","0","0","0","0","134","1","22","111","0","0","0","0","1","0","0","1","3","0","1","2","18","1","6","11","51","0","6","45","43","0","6","37","18","0","3","15","0","0","0","0","72","0","16","56","0","0","0","0","0","0","0","0","0","0","0","0","7","0","2","5","26","0","5","21","30","0","5","25","9","0","4","5","0","0","0","0",
"Casos_de_tuberculosis",	05,"Coahuila_de_Zaragoza","2024","645","9","90","546","2","1","0","1","9","0","0","9","17","0","4","13","103","2","9","92","200","2","33","165","205","4","27","174","109","0","17","92","0","0","0","0","404","6","50","348","2","1","0","1","4","0","0","4","11","0","3","8","61","1","3","57","132","1","22","109","135","3","15","117","59","0","7","52","0","0","0","0","241","3","40","198","0","0","0","0","5","0","0","5","6","0","1","5","42","1","6","35","68","1","11","56","70","1","12","57","50","0","10","40","0","0","0","0",
"Casos_de_tuberculosis",	06,"Colima","2024","218","3","30","185","0","0","0","0","1","0","1","0","5","0","1","4","24","0","3","21","77","3","14","60","73","0","7","66","38","0","4","34","0","0","0","0","144","2","23","119","0","0","0","0","0","0","0","0","2","0","0","2","13","0","2","11","56","2","13","41","49","0","5","44","24","0","3","21","0","0","0","0","74","1","7","66","0","0","0","0","1","0","1","0","3","0","1","2","11","0","1","10","21","1","1","19","24","0","2","22","14","0","1","13","0","0","0","0",
"Casos_de_tuberculosis",	07,"Chiapas","2024","1,747","23","139","1,585","4","2","0","2","13","6","2","5","22","0","5","17","262","2","20","240","647","10","66","571","558","1","30","527","241","2","16","223","0","0","0","0","1,062","18","78","966","2","1","0","1","3","3","0","0","10","0","3","7","166","1","11","154","397","10","37","350","334","1","17","316","150","2","10","138","0","0","0","0","685","5","61","619","2","1","0","1","10","3","2","5","12","0","2","10","96","1","9","86","250","0","29","221","224","0","13","211","91","0","6","85","0","0","0","0",
"Casos_de_tuberculosis",	08,"Chihuahua","2024","947","18","142","787","8","1","3","4","21","5","2","14","23","0","3","20","154","1","28","125","319","6","56","257","287","4","26","257","135","1","24","110","0","0","0","0","573","11","84","478","5","0","3","2","9","2","1","6","12","0","2","10","94","0","17","77","201","6","29","166","175","2","16","157","77","1","16","60","0","0","0","0","374","7","58","309","3","1","0","2","12","3","1","8","11","0","1","10","60","1","11","48","118","0","27","91","112","2","10","100","58","0","8","50","0","0","0","0",
"Casos_de_tuberculosis",	09,"Ciudad_de_México","2024","907","31","237","639","2","0","0","2","7","0","2","5","11","1","4","6","46","2","14","30","293","11","93","189","348","13","80","255","200","4","44","152","0","0","0","0","531","22","115","394","1","0","0","1","5","0","2","3","7","1","2","4","31","2","9","20","187","9","56","122","195","9","32","154","105","1","14","90","0","0","0","0","376","9","122","245","1","0","0","1","2","0","0","2","4","0","2","2","15","0","5","10","106","2","37","67","153","4","48","101","95","3","30","62","0","0","0","0",
"Casos_de_tuberculosis",	10,"Durango","2024","252","15","73","164","0","0","0","0","3","0","2","1","6","1","4","1","25","3","8","14","63","4","18","41","89","5","27","57","66","2","14","50","0","0","0","0","145","9","36","100","0","0","0","0","1","0","1","0","3","1","2","0","11","1","2","8","44","2","11","31","47","3","11","33","39","2","9","28","0","0","0","0","107","6","37","64","0","0","0","0","2","0","1","1","3","0","2","1","14","2","6","6","19","2","7","10","42","2","16","24","27","0","5","22","0","0","0","0",
"Casos_de_tuberculosis",	11,"Guanajuato","2024","448","21","164","263","4","0","4","0","9","0","9","0","15","1","9","5","43","3","21","19","128","10","45","73","154","6","50","98","95","1","26","68","0","0","0","0","274","13","91","170","1","0","1","0","4","0","4","0","12","1","8","3","27","2","11","14","78","6","27","45","95","4","28","63","57","0","12","45","0","0","0","0","174","8","73","93","3","0","3","0","5","0","5","0","3","0","1","2","16","1","10","5","50","4","18","28","59","2","22","35","38","1","14","23","0","0","0","0",
"Casos_de_tuberculosis",	12,"Guerrero","2024","1,175","10","100","1,065","3","0","2","1","1","0","1","0","13","0","2","11","131","1","17","113","322","5","29","288","454","2","28","424","251","2","21","228","0","0","0","0","723","7","58","658","2","0","1","1","0","0","0","0","9","0","2","7","74","0","9","65","210","4","20","186","273","2","16","255","155","1","10","144","0","0","0","0","452","3","42","407","1","0","1","0","1","0","1","0","4","0","0","4","57","1","8","48","112","1","9","102","181","0","12","169","96","1","11","84","0","0","0","0",
"Casos_de_tuberculosis",	13,"Hidalgo","2024","223","4","45","174","0","0","0","0","1","0","0","1","2","0","2","0","20","0","5","15","64","4","17","43","74","0","9","65","62","0","12","50","0","0","0","0","113","4","21","88","0","0","0","0","0","0","0","0","0","0","0","0","6","0","3","3","42","4","10","28","35","0","6","29","30","0","2","28","0","0","0","0","110","0","24","86","0","0","0","0","1","0","0","1","2","0","2","0","14","0","2","12","22","0","7","15","39","0","3","36","32","0","10","22","0","0","0","0",
"Casos_de_tuberculosis",	14,"Jalisco","2024","1,333","56","432","845","3","0","0","3","10","3","5","2","38","0","25","13","163","9","58","96","505","30","181","294","424","12","106","306","190","2","57","131","0","0","0","0","854","43","244","567","1","0","0","1","6","1","3","2","13","0","8","5","100","6","33","61","352","25","114","213","271","10","59","202","111","1","27","83","0","0","0","0","479","13","188","278","2","0","0","2","4","2","2","0","25","0","17","8","63","3","25","35","153","5","67","81","153","2","47","104","79","1","30","48","0","0","0","0",
"Casos_de_tuberculosis",	15,"México","2024","1,091","45","256","790","6","0","2","4","12","1","1","10","14","1","4","9","101","9","28","64","374","20","90","264","372","14","69","289","212","0","62","150","0","0","0","0","655","35","138","482","2","0","1","1","5","1","0","4","7","1","2","4","65","7","18","40","248","14","46","188","206","12","40","154","122","0","31","91","0","0","0","0","436","10","118","308","4","0","1","3","7","0","1","6","7","0","2","5","36","2","10","24","126","6","44","76","166","2","29","135","90","0","31","59","0","0","0","0",
"Casos_de_tuberculosis",	16,"Michoacán_de_Ocampo","2024","345","4","60","281","0","0","0","0","1","0","1","0","14","0","6","8","39","0","4","35","95","1","19","75","135","2","19","114","61","1","11","49","0","0","0","0","209","4","31","174","0","0","0","0","0","0","0","0","7","0","3","4","26","0","2","24","61","1","9","51","81","2","14","65","34","1","3","30","0","0","0","0","136","0","29","107","0","0","0","0","1","0","1","0","7","0","3","4","13","0","2","11","34","0","10","24","54","0","5","49","27","0","8","19","0","0","0","0",
"Casos_de_tuberculosis",	17,"Morelos","2024","229","7","52","170","0","0","0","0","1","0","1","0","6","0","4","2","19","0","9","10","65","5","18","42","81","2","9","70","57","0","11","46","0","0","0","0","157","6","32","119","0","0","0","0","0","0","0","0","2","0","2","0","10","0","4","6","47","4","11","32","60","2","6","52","38","0","9","29","0","0","0","0","72","1","20","51","0","0","0","0","1","0","1","0","4","0","2","2","9","0","5","4","18","1","7","10","21","0","3","18","19","0","2","17","0","0","0","0",
"Casos_de_tuberculosis",	18,"Nayarit","2024","488","12","97","379","1","0","1","0","6","2","2","2","20","1","8","11","68","1","13","54","162","8","42","112","137","0","20","117","94","0","11","83","0","0","0","0","312","7","55","250","0","0","0","0","3","1","1","1","9","0","5","4","34","1","3","30","117","5","29","83","88","0","10","78","61","0","7","54","0","0","0","0","176","5","42","129","1","0","1","0","3","1","1","1","11","1","3","7","34","0","10","24","45","3","13","29","49","0","10","39","33","0","4","29","0","0","0","0",
"Casos_de_tuberculosis",	19,"Nuevo_León","2024","1,982","40","203","1,739","4","0","0","4","11","2","2","7","47","2","14","31","325","8","34","283","678","20","84","574","680","8","58","614","237","0","11","226","0","0","0","0","1,311","28","124","1,159","3","0","0","3","7","2","1","4","22","1","8","13","196","2","21","173","482","16","54","412","462","7","38","417","139","0","2","137","0","0","0","0","671","12","79","580","1","0","0","1","4","0","1","3","25","1","6","18","129","6","13","110","196","4","30","162","218","1","20","197","98","0","9","89","0","0","0","0",
"Casos_de_tuberculosis",	20,"Oaxaca","2024","722","12","114","596","0","0","0","0","5","1","3","1","14","0","9","5","71","3","12","56","207","0","46","161","254","4","26","224","171","4","18","149","0","0","0","0","445","8","63","374","0","0","0","0","4","1","3","0","9","0","5","4","42","3","5","34","131","0","25","106","151","3","13","135","108","1","12","95","0","0","0","0","277","4","51","222","0","0","0","0","1","0","0","1","5","0","4","1","29","0","7","22","76","0","21","55","103","1","13","89","63","3","6","54","0","0","0","0",
"Casos_de_tuberculosis",	21,"Puebla","2024","611","19","108","484","2","0","1","1","1","0","1","0","7","0","2","5","57","5","9","43","206","9","51","146","231","4","29","198","107","1","15","91","0","0","0","0","381","15","67","299","1","0","0","1","1","0","1","0","3","0","1","2","39","4","8","27","138","7","31","100","136","4","17","115","63","0","9","54","0","0","0","0","230","4","41","185","1","0","1","0","0","0","0","0","4","0","1","3","18","1","1","16","68","2","20","46","95","0","12","83","44","1","6","37","0","0","0","0",
"Casos_de_tuberculosis",	22,"Querétaro","2024","302","12","98","192","0","0","0","0","3","0","0","3","14","0","6","8","29","4","17","8","82","4","29","49","107","3","32","72","67","1","14","52","0","0","0","0","154","7","43","104","0","0","0","0","3","0","0","3","7","0","2","5","10","2","6","2","43","3","13","27","59","2","14","43","32","0","8","24","0","0","0","0","148","5","55","88","0","0","0","0","0","0","0","0","7","0","4","3","19","2","11","6","39","1","16","22","48","1","18","29","35","1","6","28","0","0","0","0",
"Casos_de_tuberculosis",	23,"Quintana_Roo","2024","578","9","64","505","1","0","0","1","1","0","0","1","8","0","2","6","74","1","4","69","269","8","37","224","172","0","15","157","53","0","6","47","0","0","0","0","407","7","45","355","1","0","0","1","0","0","0","0","5","0","2","3","54","1","4","49","203","6","27","170","113","0","9","104","31","0","3","28","0","0","0","0","171","2","19","150","0","0","0","0","1","0","0","1","3","0","0","3","20","0","0","20","66","2","10","54","59","0","6","53","22","0","3","19","0","0","0","0",
"Casos_de_tuberculosis",	24,"San_Luis_Potosí","2024","554","23","153","378","0","0","0","0","4","0","3","1","17","3","9","5","57","1","18","38","160","12","53","95","197","6","48","143","119","1","22","96","0","0","0","0","311","16","76","219","0","0","0","0","2","0","1","1","4","2","2","0","28","0","9","19","90","9","28","53","114","4","24","86","73","1","12","60","0","0","0","0","243","7","77","159","0","0","0","0","2","0","2","0","13","1","7","5","29","1","9","19","70","3","25","42","83","2","24","57","46","0","10","36","0","0","0","0",
"Casos_de_tuberculosis",	25,"Sinaloa","2024","1,477","20","284","1,173","3","0","1","2","11","3","4","4","42","0","13","29","275","3","61","211","509","10","90","409","424","2","78","344","212","2","37","173","1","0","0","1","1,030","15","174","841","3","0","1","2","6","1","2","3","16","0","5","11","180","2","27","151","400","8","68","324","291","2","48","241","133","2","23","108","1","0","0","1","447","5","110","332","0","0","0","0","5","2","2","1","26","0","8","18","95","1","34","60","109","2","22","85","133","0","30","103","79","0","14","65","0","0","0","0",
"Casos_de_tuberculosis",	26,"Sonora","2024","1,367","20","204","1,143","3","0","0","3","10","1","2","7","29","1","4","24","234","5","40","189","566","8","83","475","375","5","53","317","150","0","22","128","0","0","0","0","939","16","135","788","1","0","0","1","6","1","0","5","11","1","2","8","151","3","26","122","412","7","56","349","263","4","37","222","95","0","14","81","0","0","0","0","428","4","69","355","2","0","0","2","4","0","2","2","18","0","2","16","83","2","14","67","154","1","27","126","112","1","16","95","55","0","8","47","0","0","0","0",
"Casos_de_tuberculosis",	27,"Tabasco","2024","843","10","97","736","0","0","0","0","1","0","1","0","12","0","3","9","73","0","4","69","309","5","49","255","334","3","31","300","114","2","9","103","0","0","0","0","557","10","74","473","0","0","0","0","0","0","0","0","4","0","3","1","44","0","4","40","223","5","37","181","207","3","23","181","79","2","7","70","0","0","0","0","286","0","23","263","0","0","0","0","1","0","1","0","8","0","0","8","29","0","0","29","86","0","12","74","127","0","8","119","35","0","2","33","0","0","0","0",
"Casos_de_tuberculosis",	28,"Tamaulipas","2024","1,496","12","141","1,343","6","0","1","5","6","2","3","1","27","1","7","19","262","2","33","227","488","6","50","432","525","1","38","486","182","0","9","173","0","0","0","0","974","6","89","879","3","0","0","3","4","1","2","1","12","1","4","7","177","1","21","155","323","3","35","285","342","0","20","322","113","0","7","106","0","0","0","0","522","6","52","464","3","0","1","2","2","1","1","0","15","0","3","12","85","1","12","72","165","3","15","147","183","1","18","164","69","0","2","67","0","0","0","0",
"Casos_de_tuberculosis",	29,"Tlaxcala","2024","43","0","11","32","0","0","0","0","0","0","0","0","1","0","0","1","5","0","2","3","13","0","3","10","15","0","2","13","9","0","4","5","0","0","0","0","26","0","6","20","0","0","0","0","0","0","0","0","0","0","0","0","3","0","1","2","5","0","0","5","10","0","1","9","8","0","4","4","0","0","0","0","17","0","5","12","0","0","0","0","0","0","0","0","1","0","0","1","2","0","1","1","8","0","3","5","5","0","1","4","1","0","0","1","0","0","0","0",
"Casos_de_tuberculosis",	30,"Veracruz_de_Ignacio_de_la_Llave","2024","2,450","39","280","2,131","6","0","0","6","12","1","3","8","30","0","8","22","258","3","37","218","754","22","124","608","938","10","70","858","452","3","38","411","0","0","0","0","1,544","31","173","1,340","4","0","0","4","6","0","2","4","15","0","4","11","160","2","19","139","476","19","79","378","586","8","41","537","297","2","28","267","0","0","0","0","906","8","107","791","2","0","0","2","6","1","1","4","15","0","4","11","98","1","18","79","278","3","45","230","352","2","29","321","155","1","10","144","0","0","0","0",
"Casos_de_tuberculosis",	31,"Yucatán","2024","307","8","42","257","5","0","1","4","2","0","0","2","5","0","2","3","28","1","7","20","106","6","13","87","114","1","9","104","47","0","10","37","0","0","0","0","199","6","24","169","3","0","1","2","1","0","0","1","4","0","1","3","17","1","4","12","74","4","9","61","75","1","5","69","25","0","4","21","0","0","0","0","108","2","18","88","2","0","0","2","1","0","0","1","1","0","1","0","11","0","3","8","32","2","4","26","39","0","4","35","22","0","6","16","0","0","0","0",
"Casos_de_tuberculosis",	32,"Zacatecas","2024","165","9","66","90","0","0","0","0","0","0","0","0","6","0","4","2","15","1","10","4","55","5","24","26","46","2","12","32","43","1","16","26","0","0","0","0","92","4","31","57","0","0","0","0","0","0","0","0","2","0","1","1","3","0","1","2","30","2","13","15","31","1","7","23","26","1","9","16","0","0","0","0","73","5","35","33","0","0","0","0","0","0","0","0","4","0","3","1","12","1","9","2","25","3","11","11","15","1","5","9","17","0","7","10","0","0","0","0",
"Casos_de_tuberculosis",	00,"Estados_Unidos_Mexicanos","2023","25,430","553","4,304","20,573","58","8","12","38","219","22","81","116","477","12","194","271","3,410","81","628","2,701","8,702","252","1,726","6,724","8,651","138","1,152","7,361","3,911","40","510","3,361","2","0","1","1","16,095","394","2,487","13,214","29","2","7","20","121","11","46","64","220","6","90","124","2,047","57","338","1,652","5,798","191","1,071","4,536","5,486","101","654","4,731","2,393","26","280","2,087","1","0","1","0","9,335","159","1,817","7,359","29","6","5","18","98","11","35","52","257","6","104","147","1,363","24","290","1,049","2,904","61","655","2,188","3,165","37","498","2,630","1,518","14","230","1,274","1","0","0","1",
"Casos_de_tuberculosis",	01,"Aguascalientes","2023","121","2","38","81","1","0","0","1","1","0","1","0","2","0","2","0","8","1","5","2","31","1","13","17","46","0","10","36","32","0","7","25","0","0","0","0","79","2","24","53","0","0","0","0","1","0","1","0","1","0","1","0","6","1","5","0","16","1","4","11","33","0","8","25","22","0","5","17","0","0","0","0","42","0","14","28","1","0","0","1","0","0","0","0","1","0","1","0","2","0","0","2","15","0","9","6","13","0","2","11","10","0","2","8","0","0","0","0",
"Casos_de_tuberculosis",	02,"Baja_California","2023","2,312","45","509","1,758","9","0","1","8","26","3","13","10","54","0","28","26","475","9","120","346","936","22","212","702","644","9","104","531","168","2","31","135","0","0","0","0","1,516","36","286","1,194","6","0","1","5","15","2","6","7","22","0","12","10","302","7","65","230","631","16","127","488","447","9","63","375","93","2","12","79","0","0","0","0","796","9","223","564","3","0","0","3","11","1","7","3","32","0","16","16","173","2","55","116","305","6","85","214","197","0","41","156","75","0","19","56","0","0","0","0",
"Casos_de_tuberculosis",	03,"Baja_California_Sur","2023","268","6","43","219","0","0","0","0","7","2","1","4","6","0","2","4","41","0","5","36","106","3","18","85","80","1","14","65","28","0","3","25","0","0","0","0","173","2","30","141","0","0","0","0","0","0","0","0","3","0","2","1","24","0","2","22","76","1","15","60","55","1","8","46","15","0","3","12","0","0","0","0","95","4","13","78","0","0","0","0","7","2","1","4","3","0","0","3","17","0","3","14","30","2","3","25","25","0","6","19","13","0","0","13","0","0","0","0",
"Casos_de_tuberculosis",	04,"Campeche","2023","202","2","42","158","1","0","0","1","0","0","0","0","2","0","2","0","30","0","10","20","73","2","13","58","73","0","12","61","23","0","5","18","0","0","0","0","132","2","25","105","1","0","0","1","0","0","0","0","0","0","0","0","16","0","5","11","53","2","8","43","47","0","9","38","15","0","3","12","0","0","0","0","70","0","17","53","0","0","0","0","0","0","0","0","2","0","2","0","14","0","5","9","20","0","5","15","26","0","3","23","8","0","2","6","0","0","0","0",
"Casos_de_tuberculosis",	05,"Coahuila_de_Zaragoza","2023","665","6","84","575","1","0","0","1","8","0","2","6","14","0","5","9","96","1","7","88","225","1","38","186","227","3","29","195","94","1","3","90","0","0","0","0","416","5","45","366","0","0","0","0","6","0","1","5","7","0","3","4","50","1","3","46","142","1","22","119","153","3","14","136","58","0","2","56","0","0","0","0","249","1","39","209","1","0","0","1","2","0","1","1","7","0","2","5","46","0","4","42","83","0","16","67","74","0","15","59","36","1","1","34","0","0","0","0",
"Casos_de_tuberculosis",	06,"Colima","2023","192","5","33","154","0","0","0","0","0","0","0","0","5","0","1","4","32","2","2","28","65","2","15","48","66","1","10","55","24","0","5","19","0","0","0","0","136","5","24","107","0","0","0","0","0","0","0","0","2","0","1","1","23","2","1","20","51","2","12","37","47","1","7","39","13","0","3","10","0","0","0","0","56","0","9","47","0","0","0","0","0","0","0","0","3","0","0","3","9","0","1","8","14","0","3","11","19","0","3","16","11","0","2","9","0","0","0","0",
"Casos_de_tuberculosis",	07,"Chiapas","2023","1,656","20","138","1,498","3","0","1","2","16","2","3","11","30","0","5","25","218","2","12","204","605","13","55","537","546","2","48","496","238","1","14","223","0","0","0","0","1,015","14","89","912","1","0","0","1","8","0","2","6","20","0","5","15","114","2","6","106","385","9","39","337","332","2","30","300","155","1","7","147","0","0","0","0","641","6","49","586","2","0","1","1","8","2","1","5","10","0","0","10","104","0","6","98","220","4","16","200","214","0","18","196","83","0","7","76","0","0","0","0",
"Casos_de_tuberculosis",	08,"Chihuahua","2023","930","19","175","736","5","1","0","4","22","4","9","9","20","0","6","14","167","6","35","126","279","4","54","221","284","4","51","229","153","0","20","133","0","0","0","0","569","13","100","456","2","0","0","2","16","2","8","6","9","0","2","7","101","4","22","75","169","3","28","138","181","4","30","147","91","0","10","81","0","0","0","0","361","6","75","280","3","1","0","2","6","2","1","3","11","0","4","7","66","2","13","51","110","1","26","83","103","0","21","82","62","0","10","52","0","0","0","0",
"Casos_de_tuberculosis",	09,"Ciudad_de_México","2023","906","39","251","616","3","0","0","3","7","0","4","3","10","0","5","5","60","5","21","34","290","21","91","178","328","9","76","243","207","4","53","150","1","0","1","0","531","30","127","374","2","0","0","2","6","0","3","3","1","0","1","0","31","2","12","17","199","18","52","129","189","7","36","146","102","3","22","77","1","0","1","0","375","9","124","242","1","0","0","1","1","0","1","0","9","0","4","5","29","3","9","17","91","3","39","49","139","2","40","97","105","1","31","73","0","0","0","0",
"Casos_de_tuberculosis",	10,"Durango","2023","257","10","77","170","2","0","0","2","2","0","1","1","4","1","3","0","25","2","12","11","83","5","28","50","95","2","21","72","46","0","12","34","0","0","0","0","161","7","46","108","2","0","0","2","2","0","1","1","1","0","1","0","12","1","6","5","52","4","18","30","62","2","14","46","30","0","6","24","0","0","0","0","96","3","31","62","0","0","0","0","0","0","0","0","3","1","2","0","13","1","6","6","31","1","10","20","33","0","7","26","16","0","6","10","0","0","0","0",
"Casos_de_tuberculosis",	11,"Guanajuato","2023","395","15","101","279","0","0","0","0","2","0","0","2","12","0","6","6","28","1","10","17","137","5","47","85","140","7","25","108","76","2","13","61","0","0","0","0","227","10","48","169","0","0","0","0","2","0","0","2","7","0","3","4","13","1","4","8","78","4","24","50","84","4","7","73","43","1","10","32","0","0","0","0","168","5","53","110","0","0","0","0","0","0","0","0","5","0","3","2","15","0","6","9","59","1","23","35","56","3","18","35","33","1","3","29","0","0","0","0",
"Casos_de_tuberculosis",	12,"Guerrero","2023","1,191","12","87","1,092","2","1","1","0","5","1","0","4","16","0","6","10","107","4","9","94","332","2","23","307","495","4","33","458","234","0","15","219","0","0","0","0","729","8","49","672","1","0","1","0","2","0","0","2","5","0","1","4","69","3","7","59","195","2","12","181","305","3","21","281","152","0","7","145","0","0","0","0","462","4","38","420","1","1","0","0","3","1","0","2","11","0","5","6","38","1","2","35","137","0","11","126","190","1","12","177","82","0","8","74","0","0","0","0",
"Casos_de_tuberculosis",	13,"Hidalgo","2023","202","5","36","161","1","0","0","1","2","0","0","2","0","0","0","0","13","0","4","9","58","5","11","42","71","0","13","58","57","0","8","49","0","0","0","0","106","3","17","86","0","0","0","0","1","0","0","1","0","0","0","0","6","0","2","4","30","3","6","21","36","0","4","32","33","0","5","28","0","0","0","0","96","2","19","75","1","0","0","1","1","0","0","1","0","0","0","0","7","0","2","5","28","2","5","21","35","0","9","26","24","0","3","21","0","0","0","0",
"Casos_de_tuberculosis",	14,"Jalisco","2023","1,312","65","404","843","1","0","1","0","14","2","9","3","37","6","21","10","144","10","45","89","500","26","180","294","432","18","96","318","184","3","52","129","0","0","0","0","811","49","229","533","1","0","1","0","10","2","6","2","18","4","11","3","74","7","13","54","337","21","113","203","272","12","60","200","99","3","25","71","0","0","0","0","501","16","175","310","0","0","0","0","4","0","3","1","19","2","10","7","70","3","32","35","163","5","67","91","160","6","36","118","85","0","27","58","0","0","0","0",
"Casos_de_tuberculosis",	15,"México","2023","969","48","238","683","2","0","1","1","9","0","2","7","18","0","8","10","70","4","21","45","350","23","109","218","361","15","67","279","159","6","30","123","0","0","0","0","589","32","128","429","1","0","0","1","5","0","1","4","7","0","4","3","37","3","9","25","232","17","60","155","224","11","38","175","83","1","16","66","0","0","0","0","380","16","110","254","1","0","1","0","4","0","1","3","11","0","4","7","33","1","12","20","118","6","49","63","137","4","29","104","76","5","14","57","0","0","0","0",
"Casos_de_tuberculosis",	16,"Michoacán_de_Ocampo","2023","320","7","62","251","2","0","1","1","1","0","1","0","8","0","6","2","43","1","4","38","104","3","27","74","115","3","18","94","47","0","5","42","0","0","0","0","189","3","26","160","1","0","0","1","1","0","1","0","3","0","3","0","28","0","0","28","69","2","14","53","57","1","3","53","30","0","5","25","0","0","0","0","131","4","36","91","1","0","1","0","0","0","0","0","5","0","3","2","15","1","4","10","35","1","13","21","58","2","15","41","17","0","0","17","0","0","0","0",
"Casos_de_tuberculosis",	17,"Morelos","2023","257","6","70","181","0","0","0","0","2","0","2","0","6","0","5","1","21","1","8","12","71","3","26","42","111","2","20","89","46","0","9","37","0","0","0","0","163","4","41","118","0","0","0","0","2","0","2","0","4","0","3","1","9","0","3","6","52","2","18","32","68","2","10","56","28","0","5","23","0","0","0","0","94","2","29","63","0","0","0","0","0","0","0","0","2","0","2","0","12","1","5","6","19","1","8","10","43","0","10","33","18","0","4","14","0","0","0","0",
"Casos_de_tuberculosis",	18,"Nayarit","2023","508","12","89","407","3","0","1","2","4","1","1","2","12","0","7","5","84","0","16","68","165","6","36","123","151","3","16","132","89","2","12","75","0","0","0","0","328","9","57","262","1","0","0","1","2","1","0","1","7","0","4","3","52","0","8","44","119","5","29","85","87","2","8","77","60","1","8","51","0","0","0","0","180","3","32","145","2","0","1","1","2","0","1","1","5","0","3","2","32","0","8","24","46","1","7","38","64","1","8","55","29","1","4","24","0","0","0","0",
"Casos_de_tuberculosis",	19,"Nuevo_León","2023","1,930","41","219","1,670","5","1","0","4","16","5","5","6","36","2","13","21","330","8","45","277","669","16","88","565","625","8","43","574","249","1","25","223","0","0","0","0","1,261","27","123","1,111","2","1","0","1","10","3","3","4","17","1","3","13","213","6","30","177","444","11","52","381","417","5","21","391","158","0","14","144","0","0","0","0","669","14","96","559","3","0","0","3","6","2","2","2","19","1","10","8","117","2","15","100","225","5","36","184","208","3","22","183","91","1","11","79","0","0","0","0",
"Casos_de_tuberculosis",	20,"Oaxaca","2023","824","9","120","695","2","0","1","1","2","0","2","0","15","0","8","7","77","0","17","60","235","4","48","183","305","3","30","272","187","2","14","171","1","0","0","1","484","5","70","409","2","0","1","1","1","0","1","0","9","0","5","4","43","0","10","33","141","3","28","110","174","2","18","154","114","0","7","107","0","0","0","0","340","4","50","286","0","0","0","0","1","0","1","0","6","0","3","3","34","0","7","27","94","1","20","73","131","1","12","118","73","2","7","64","1","0","0","1",
"Casos_de_tuberculosis",	21,"Puebla","2023","627","29","131","467","2","0","1","1","7","0","3","4","11","1","8","2","67","5","17","45","205","15","58","132","226","5","31","190","109","3","13","93","0","0","0","0","373","20","71","282","1","0","1","0","3","0","1","2","4","1","2","1","44","4","10","30","134","11","35","88","124","2","15","107","63","2","7","54","0","0","0","0","254","9","60","185","1","0","0","1","4","0","2","2","7","0","6","1","23","1","7","15","71","4","23","44","102","3","16","83","46","1","6","39","0","0","0","0",
"Casos_de_tuberculosis",	22,"Querétaro","2023","275","16","94","165","1","1","0","0","3","0","2","1","8","0","4","4","25","1","15","9","77","8","33","36","102","5","31","66","59","1","9","49","0","0","0","0","153","10","44","99","0","0","0","0","0","0","0","0","4","0","1","3","11","0","6","5","41","6","16","19","63","3","18","42","34","1","3","30","0","0","0","0","122","6","50","66","1","1","0","0","3","0","2","1","4","0","3","1","14","1","9","4","36","2","17","17","39","2","13","24","25","0","6","19","0","0","0","0",
"Casos_de_tuberculosis",	23,"Quintana_Roo","2023","511","6","50","455","0","0","0","0","1","0","1","0","4","0","0","4","59","2","4","53","206","3","28","175","193","1","15","177","48","0","2","46","0","0","0","0","343","5","37","301","0","0","0","0","1","0","1","0","2","0","0","2","42","2","3","37","148","2","20","126","118","1","11","106","32","0","2","30","0","0","0","0","168","1","13","154","0","0","0","0","0","0","0","0","2","0","0","2","17","0","1","16","58","1","8","49","75","0","4","71","16","0","0","16","0","0","0","0",
"Casos_de_tuberculosis",	24,"San_Luis_Potosí","2023","499","16","132","351","1","0","1","0","5","0","3","2","13","0","8","5","41","3","11","27","151","7","50","94","181","5","35","141","107","1","24","82","0","0","0","0","300","12","65","223","1","0","1","0","2","0","1","1","5","0","3","2","21","1","6","14","90","5","24","61","109","5","17","87","72","1","13","58","0","0","0","0","199","4","67","128","0","0","0","0","3","0","2","1","8","0","5","3","20","2","5","13","61","2","26","33","72","0","18","54","35","0","11","24","0","0","0","0",
"Casos_de_tuberculosis",	25,"Sinaloa","2023","1,471","19","241","1,211","3","2","0","1","9","0","3","6","26","0","7","19","258","2","44","212","560","8","108","444","417","6","54","357","198","1","25","172","0","0","0","0","1,018","13","160","845","0","0","0","0","4","0","2","2","12","0","3","9","165","1","25","139","408","7","82","319","303","4","35","264","126","1","13","112","0","0","0","0","453","6","81","366","3","2","0","1","5","0","1","4","14","0","4","10","93","1","19","73","152","1","26","125","114","2","19","93","72","0","12","60","0","0","0","0",
"Casos_de_tuberculosis",	26,"Sonora","2023","1,308","18","176","1,114","5","1","2","2","18","2","3","13","28","1","6","21","235","2","32","201","499","8","71","420","382","1","47","334","141","3","15","123","0","0","0","0","903","12","113","778","3","1","1","1","6","1","0","5","10","0","2","8","144","2","18","124","367","5","51","311","277","1","29","247","96","2","12","82","0","0","0","0","405","6","63","336","2","0","1","1","12","1","3","8","18","1","4","13","91","0","14","77","132","3","20","109","105","0","18","87","45","1","3","41","0","0","0","0",
"Casos_de_tuberculosis",	27,"Tabasco","2023","908","14","86","808","1","0","0","1","3","0","0","3","8","1","1","6","78","1","15","62","314","7","30","277","362","5","30","327","142","0","10","132","0","0","0","0","598","13","60","525","0","0","0","0","1","0","0","1","3","0","0","3","54","1","11","42","224","7","23","194","231","5","18","208","85","0","8","77","0","0","0","0","310","1","26","283","1","0","0","1","2","0","0","2","5","1","1","3","24","0","4","20","90","0","7","83","131","0","12","119","57","0","2","55","0","0","0","0",
"Casos_de_tuberculosis",	28,"Tamaulipas","2023","1,457","4","133","1,320","1","0","0","1","11","0","1","10","25","0","5","20","252","1","27","224","491","2","59","430","483","1","33","449","194","0","8","186","0","0","0","0","945","3","74","868","1","0","0","1","4","0","1","3","13","0","3","10","159","1","15","143","316","1","29","286","318","1","20","297","134","0","6","128","0","0","0","0","512","1","59","452","0","0","0","0","7","0","0","7","12","0","2","10","93","0","12","81","175","1","30","144","165","0","13","152","60","0","2","58","0","0","0","0",
"Casos_de_tuberculosis",	29,"Tlaxcala","2023","44","1","11","32","0","0","0","0","0","0","0","0","2","0","1","1","4","0","1","3","14","0","6","8","16","0","1","15","8","1","2","5","0","0","0","0","23","1","5","17","0","0","0","0","0","0","0","0","0","0","0","0","2","0","1","1","9","0","3","6","8","0","1","7","4","1","0","3","0","0","0","0","21","0","6","15","0","0","0","0","0","0","0","0","2","0","1","1","2","0","0","2","5","0","3","2","8","0","0","8","4","0","2","2","0","0","0","0",
"Casos_de_tuberculosis",	30,"Veracruz_de_Ignacio_de_la_Llave","2023","2,409","37","305","2,067","1","1","0","0","10","0","6","4","33","0","7","26","276","3","44","229","704","19","107","578","910","10","94","806","475","4","47","424","0","0","0","0","1,504","23","200","1,281","0","0","0","0","7","0","4","3","14","0","5","9","155","2","26","127","469","13","76","380","554","4","59","491","305","4","30","271","0","0","0","0","905","14","105","786","1","1","0","0","3","0","2","1","19","0","2","17","121","1","18","102","235","6","31","198","356","6","35","315","170","0","17","153","0","0","0","0",
"Casos_de_tuberculosis",	31,"Yucatán","2023","347","6","50","291","0","0","0","0","3","0","0","3","4","0","1","3","36","1","5","30","124","4","22","98","131","1","16","114","49","0","6","43","0","0","0","0","237","6","36","195","0","0","0","0","3","0","0","3","4","0","1","3","25","1","4","20","93","4","18","71","83","1","9","73","29","0","4","25","0","0","0","0","110","0","14","96","0","0","0","0","0","0","0","0","0","0","0","0","11","0","1","10","31","0","4","27","48","0","7","41","20","0","2","18","0","0","0","0",
"Casos_de_tuberculosis",	32,"Zacatecas","2023","157","13","79","65","0","0","0","0","3","0","3","0","8","0","7","1","10","3","5","2","43","4","22","17","53","4","29","20","40","2","13","25","0","0","0","0","83","10","38","35","0","0","0","0","0","0","0","0","6","0","5","1","2","2","0","0","28","3","13","12","28","3","13","12","19","2","7","10","0","0","0","0","74","3","41","30","0","0","0","0","3","0","3","0","2","0","2","0","8","1","5","2","15","1","9","5","25","1","16","8","21","0","6","15","0","0","0","0",
"Casos_de_tuberculosis",	00,"Estados_Unidos_Mexicanos","2022","24,051","573","4,051","19,427","50","6","11","33","199","35","60","104","482","14","193","275","3,174","85","601","2,488","8,219","249","1,624","6,346","8,233","144","1,085","7,004","3,693","40","477","3,176","1","0","0","1","15,138","416","2,323","12,399","28","4","8","16","120","21","41","58","228","9","92","127","1,891","58","334","1,499","5,427","192","980","4,255","5,199","106","621","4,472","2,244","26","247","1,971","1","0","0","1","8,913","157","1,728","7,028","22","2","3","17","79","14","19","46","254","5","101","148","1,283","27","267","989","2,792","57","644","2,091","3,034","38","464","2,532","1,449","14","230","1,205","0","0","0","0",
"Casos_de_tuberculosis",	01,"Aguascalientes","2022","126","10","57","59","ND","ND","ND","ND","ND","ND","ND","ND","ND","ND","ND","ND","ND","ND","ND","ND","ND","ND","ND","ND","ND","ND","ND","ND","ND","ND","ND","ND","ND","ND","ND","ND","66","7","24","35","ND","ND","ND","ND","ND","ND","ND","ND","ND","ND","ND","ND","ND","ND","ND","ND","ND","ND","ND","ND","ND","ND","ND","ND","ND","ND","ND","ND","ND","ND","ND","ND","60","3","33","24","ND","ND","ND","ND","ND","ND","ND","ND","ND","ND","ND","ND","ND","ND","ND","ND","ND","ND","ND","ND","ND","ND","ND","ND","ND","ND","ND","ND","ND","ND","ND","ND",
"Casos_de_tuberculosis",	02,"Baja_California","2022","2,377","51","461","1,865","ND","ND","ND","ND","ND","ND","ND","ND","ND","ND","ND","ND","ND","ND","ND","ND","ND","ND","ND","ND","ND","ND","ND","ND","ND","ND","ND","ND","ND","ND","ND","ND","1,526","34","275","1,217","ND","ND","ND","ND","ND","ND","ND","ND","ND","ND","ND","ND","ND","ND","ND","ND","ND","ND","ND","ND","ND","ND","ND","ND","ND","ND","ND","ND","ND","ND","ND","ND","851","17","186","648","ND","ND","ND","ND","ND","ND","ND","ND","ND","ND","ND","ND","ND","ND","ND","ND","ND","ND","ND","ND","ND","ND","ND","ND","ND","ND","ND","ND","ND","ND","ND","ND",
"Casos_de_tuberculosis",	03,"Baja_California_Sur","2022","248","1","47","200","ND","ND","ND","ND","ND","ND","ND","ND","ND","ND","ND","ND","ND","ND","ND","ND","ND","ND","ND","ND","ND","ND","ND","ND","ND","ND","ND","ND","ND","ND","ND","ND","166","0","27","139","ND","ND","ND","ND","ND","ND","ND","ND","ND","ND","ND","ND","ND","ND","ND","ND","ND","ND","ND","ND","ND","ND","ND","ND","ND","ND","ND","ND","ND","ND","ND","ND","82","1","20","61","ND","ND","ND","ND","ND","ND","ND","ND","ND","ND","ND","ND","ND","ND","ND","ND","ND","ND","ND","ND","ND","ND","ND","ND","ND","ND","ND","ND","ND","ND","ND","ND",
"Casos_de_tuberculosis",	04,"Campeche","2022","206","4","26","176","ND","ND","ND","ND","ND","ND","ND","ND","ND","ND","ND","ND","ND","ND","ND","ND","ND","ND","ND","ND","ND","ND","ND","ND","ND","ND","ND","ND","ND","ND","ND","ND","142","2","17","123","ND","ND","ND","ND","ND","ND","ND","ND","ND","ND","ND","ND","ND","ND","ND","ND","ND","ND","ND","ND","ND","ND","ND","ND","ND","ND","ND","ND","ND","ND","ND","ND","64","2","9","53","ND","ND","ND","ND","ND","ND","ND","ND","ND","ND","ND","ND","ND","ND","ND","ND","ND","ND","ND","ND","ND","ND","ND","ND","ND","ND","ND","ND","ND","ND","ND","ND",
"Casos_de_tuberculosis",	05,"Coahuila_de_Zaragoza","2022","570","5","76","489","ND","ND","ND","ND","ND","ND","ND","ND","ND","ND","ND","ND","ND","ND","ND","ND","ND","ND","ND","ND","ND","ND","ND","ND","ND","ND","ND","ND","ND","ND","ND","ND","316","3","38","275","ND","ND","ND","ND","ND","ND","ND","ND","ND","ND","ND","ND","ND","ND","ND","ND","ND","ND","ND","ND","ND","ND","ND","ND","ND","ND","ND","ND","ND","ND","ND","ND","254","2","38","214","ND","ND","ND","ND","ND","ND","ND","ND","ND","ND","ND","ND","ND","ND","ND","ND","ND","ND","ND","ND","ND","ND","ND","ND","ND","ND","ND","ND","ND","ND","ND","ND",
"Casos_de_tuberculosis",	06,"Colima","2022","184","2","23","159","ND","ND","ND","ND","ND","ND","ND","ND","ND","ND","ND","ND","ND","ND","ND","ND","ND","ND","ND","ND","ND","ND","ND","ND","ND","ND","ND","ND","ND","ND","ND","ND","118","2","18","98","ND","ND","ND","ND","ND","ND","ND","ND","ND","ND","ND","ND","ND","ND","ND","ND","ND","ND","ND","ND","ND","ND","ND","ND","ND","ND","ND","ND","ND","ND","ND","ND","66","0","5","61","ND","ND","ND","ND","ND","ND","ND","ND","ND","ND","ND","ND","ND","ND","ND","ND","ND","ND","ND","ND","ND","ND","ND","ND","ND","ND","ND","ND","ND","ND","ND","ND",
"Casos_de_tuberculosis",	07,"Chiapas","2022","1,590","12","145","1,433","ND","ND","ND","ND","ND","ND","ND","ND","ND","ND","ND","ND","ND","ND","ND","ND","ND","ND","ND","ND","ND","ND","ND","ND","ND","ND","ND","ND","ND","ND","ND","ND","937","10","87","840","ND","ND","ND","ND","ND","ND","ND","ND","ND","ND","ND","ND","ND","ND","ND","ND","ND","ND","ND","ND","ND","ND","ND","ND","ND","ND","ND","ND","ND","ND","ND","ND","653","2","58","593","ND","ND","ND","ND","ND","ND","ND","ND","ND","ND","ND","ND","ND","ND","ND","ND","ND","ND","ND","ND","ND","ND","ND","ND","ND","ND","ND","ND","ND","ND","ND","ND",
"Casos_de_tuberculosis",	08,"Chihuahua","2022","814","22","124","668","ND","ND","ND","ND","ND","ND","ND","ND","ND","ND","ND","ND","ND","ND","ND","ND","ND","ND","ND","ND","ND","ND","ND","ND","ND","ND","ND","ND","ND","ND","ND","ND","471","15","63","393","ND","ND","ND","ND","ND","ND","ND","ND","ND","ND","ND","ND","ND","ND","ND","ND","ND","ND","ND","ND","ND","ND","ND","ND","ND","ND","ND","ND","ND","ND","ND","ND","343","7","61","275","ND","ND","ND","ND","ND","ND","ND","ND","ND","ND","ND","ND","ND","ND","ND","ND","ND","ND","ND","ND","ND","ND","ND","ND","ND","ND","ND","ND","ND","ND","ND","ND",
"Casos_de_tuberculosis",	09,"Ciudad_de_México","2022","832","46","230","556","ND","ND","ND","ND","ND","ND","ND","ND","ND","ND","ND","ND","ND","ND","ND","ND","ND","ND","ND","ND","ND","ND","ND","ND","ND","ND","ND","ND","ND","ND","ND","ND","503","35","126","342","ND","ND","ND","ND","ND","ND","ND","ND","ND","ND","ND","ND","ND","ND","ND","ND","ND","ND","ND","ND","ND","ND","ND","ND","ND","ND","ND","ND","ND","ND","ND","ND","329","11","104","214","ND","ND","ND","ND","ND","ND","ND","ND","ND","ND","ND","ND","ND","ND","ND","ND","ND","ND","ND","ND","ND","ND","ND","ND","ND","ND","ND","ND","ND","ND","ND","ND",
"Casos_de_tuberculosis",	10,"Durango","2022","201","7","45","149","ND","ND","ND","ND","ND","ND","ND","ND","ND","ND","ND","ND","ND","ND","ND","ND","ND","ND","ND","ND","ND","ND","ND","ND","ND","ND","ND","ND","ND","ND","ND","ND","122","6","27","89","ND","ND","ND","ND","ND","ND","ND","ND","ND","ND","ND","ND","ND","ND","ND","ND","ND","ND","ND","ND","ND","ND","ND","ND","ND","ND","ND","ND","ND","ND","ND","ND","79","1","18","60","ND","ND","ND","ND","ND","ND","ND","ND","ND","ND","ND","ND","ND","ND","ND","ND","ND","ND","ND","ND","ND","ND","ND","ND","ND","ND","ND","ND","ND","ND","ND","ND",
"Casos_de_tuberculosis",	11,"Guanajuato","2022","388","23","118","247","ND","ND","ND","ND","ND","ND","ND","ND","ND","ND","ND","ND","ND","ND","ND","ND","ND","ND","ND","ND","ND","ND","ND","ND","ND","ND","ND","ND","ND","ND","ND","ND","211","13","52","146","ND","ND","ND","ND","ND","ND","ND","ND","ND","ND","ND","ND","ND","ND","ND","ND","ND","ND","ND","ND","ND","ND","ND","ND","ND","ND","ND","ND","ND","ND","ND","ND","177","10","66","101","ND","ND","ND","ND","ND","ND","ND","ND","ND","ND","ND","ND","ND","ND","ND","ND","ND","ND","ND","ND","ND","ND","ND","ND","ND","ND","ND","ND","ND","ND","ND","ND",
"Casos_de_tuberculosis",	12,"Guerrero","2022","1,178","13","85","1,080","ND","ND","ND","ND","ND","ND","ND","ND","ND","ND","ND","ND","ND","ND","ND","ND","ND","ND","ND","ND","ND","ND","ND","ND","ND","ND","ND","ND","ND","ND","ND","ND","698","9","43","646","ND","ND","ND","ND","ND","ND","ND","ND","ND","ND","ND","ND","ND","ND","ND","ND","ND","ND","ND","ND","ND","ND","ND","ND","ND","ND","ND","ND","ND","ND","ND","ND","480","4","42","434","ND","ND","ND","ND","ND","ND","ND","ND","ND","ND","ND","ND","ND","ND","ND","ND","ND","ND","ND","ND","ND","ND","ND","ND","ND","ND","ND","ND","ND","ND","ND","ND",
"Casos_de_tuberculosis",	13,"Hidalgo","2022","197","4","32","161","ND","ND","ND","ND","ND","ND","ND","ND","ND","ND","ND","ND","ND","ND","ND","ND","ND","ND","ND","ND","ND","ND","ND","ND","ND","ND","ND","ND","ND","ND","ND","ND","111","2","17","92","ND","ND","ND","ND","ND","ND","ND","ND","ND","ND","ND","ND","ND","ND","ND","ND","ND","ND","ND","ND","ND","ND","ND","ND","ND","ND","ND","ND","ND","ND","ND","ND","86","2","15","69","ND","ND","ND","ND","ND","ND","ND","ND","ND","ND","ND","ND","ND","ND","ND","ND","ND","ND","ND","ND","ND","ND","ND","ND","ND","ND","ND","ND","ND","ND","ND","ND",
"Casos_de_tuberculosis",	14,"Jalisco","2022","1,197","54","386","757","ND","ND","ND","ND","ND","ND","ND","ND","ND","ND","ND","ND","ND","ND","ND","ND","ND","ND","ND","ND","ND","ND","ND","ND","ND","ND","ND","ND","ND","ND","ND","ND","748","42","208","498","ND","ND","ND","ND","ND","ND","ND","ND","ND","ND","ND","ND","ND","ND","ND","ND","ND","ND","ND","ND","ND","ND","ND","ND","ND","ND","ND","ND","ND","ND","ND","ND","449","12","178","259","ND","ND","ND","ND","ND","ND","ND","ND","ND","ND","ND","ND","ND","ND","ND","ND","ND","ND","ND","ND","ND","ND","ND","ND","ND","ND","ND","ND","ND","ND","ND","ND",
"Casos_de_tuberculosis",	15,"México","2022","888","51","236","601","ND","ND","ND","ND","ND","ND","ND","ND","ND","ND","ND","ND","ND","ND","ND","ND","ND","ND","ND","ND","ND","ND","ND","ND","ND","ND","ND","ND","ND","ND","ND","ND","557","37","128","392","ND","ND","ND","ND","ND","ND","ND","ND","ND","ND","ND","ND","ND","ND","ND","ND","ND","ND","ND","ND","ND","ND","ND","ND","ND","ND","ND","ND","ND","ND","ND","ND","331","14","108","209","ND","ND","ND","ND","ND","ND","ND","ND","ND","ND","ND","ND","ND","ND","ND","ND","ND","ND","ND","ND","ND","ND","ND","ND","ND","ND","ND","ND","ND","ND","ND","ND",
"Casos_de_tuberculosis",	16,"Michoacán_de_Ocampo","2022","314","5","53","256","ND","ND","ND","ND","ND","ND","ND","ND","ND","ND","ND","ND","ND","ND","ND","ND","ND","ND","ND","ND","ND","ND","ND","ND","ND","ND","ND","ND","ND","ND","ND","ND","206","4","28","174","ND","ND","ND","ND","ND","ND","ND","ND","ND","ND","ND","ND","ND","ND","ND","ND","ND","ND","ND","ND","ND","ND","ND","ND","ND","ND","ND","ND","ND","ND","ND","ND","108","1","25","82","ND","ND","ND","ND","ND","ND","ND","ND","ND","ND","ND","ND","ND","ND","ND","ND","ND","ND","ND","ND","ND","ND","ND","ND","ND","ND","ND","ND","ND","ND","ND","ND",
"Casos_de_tuberculosis",	17,"Morelos","2022","224","4","62","158","ND","ND","ND","ND","ND","ND","ND","ND","ND","ND","ND","ND","ND","ND","ND","ND","ND","ND","ND","ND","ND","ND","ND","ND","ND","ND","ND","ND","ND","ND","ND","ND","137","3","31","103","ND","ND","ND","ND","ND","ND","ND","ND","ND","ND","ND","ND","ND","ND","ND","ND","ND","ND","ND","ND","ND","ND","ND","ND","ND","ND","ND","ND","ND","ND","ND","ND","87","1","31","55","ND","ND","ND","ND","ND","ND","ND","ND","ND","ND","ND","ND","ND","ND","ND","ND","ND","ND","ND","ND","ND","ND","ND","ND","ND","ND","ND","ND","ND","ND","ND","ND",
"Casos_de_tuberculosis",	18,"Nayarit","2022","508","14","99","395","ND","ND","ND","ND","ND","ND","ND","ND","ND","ND","ND","ND","ND","ND","ND","ND","ND","ND","ND","ND","ND","ND","ND","ND","ND","ND","ND","ND","ND","ND","ND","ND","322","10","63","249","ND","ND","ND","ND","ND","ND","ND","ND","ND","ND","ND","ND","ND","ND","ND","ND","ND","ND","ND","ND","ND","ND","ND","ND","ND","ND","ND","ND","ND","ND","ND","ND","186","4","36","146","ND","ND","ND","ND","ND","ND","ND","ND","ND","ND","ND","ND","ND","ND","ND","ND","ND","ND","ND","ND","ND","ND","ND","ND","ND","ND","ND","ND","ND","ND","ND","ND",
"Casos_de_tuberculosis",	19,"Nuevo_León","2022","1,768","25","198","1,545","ND","ND","ND","ND","ND","ND","ND","ND","ND","ND","ND","ND","ND","ND","ND","ND","ND","ND","ND","ND","ND","ND","ND","ND","ND","ND","ND","ND","ND","ND","ND","ND","1,144","19","120","1,005","ND","ND","ND","ND","ND","ND","ND","ND","ND","ND","ND","ND","ND","ND","ND","ND","ND","ND","ND","ND","ND","ND","ND","ND","ND","ND","ND","ND","ND","ND","ND","ND","624","6","78","540","ND","ND","ND","ND","ND","ND","ND","ND","ND","ND","ND","ND","ND","ND","ND","ND","ND","ND","ND","ND","ND","ND","ND","ND","ND","ND","ND","ND","ND","ND","ND","ND",
"Casos_de_tuberculosis",	20,"Oaxaca","2022","740","14","113","613","ND","ND","ND","ND","ND","ND","ND","ND","ND","ND","ND","ND","ND","ND","ND","ND","ND","ND","ND","ND","ND","ND","ND","ND","ND","ND","ND","ND","ND","ND","ND","ND","419","11","52","356","ND","ND","ND","ND","ND","ND","ND","ND","ND","ND","ND","ND","ND","ND","ND","ND","ND","ND","ND","ND","ND","ND","ND","ND","ND","ND","ND","ND","ND","ND","ND","ND","321","3","61","257","ND","ND","ND","ND","ND","ND","ND","ND","ND","ND","ND","ND","ND","ND","ND","ND","ND","ND","ND","ND","ND","ND","ND","ND","ND","ND","ND","ND","ND","ND","ND","ND",
"Casos_de_tuberculosis",	21,"Puebla","2022","546","22","119","405","ND","ND","ND","ND","ND","ND","ND","ND","ND","ND","ND","ND","ND","ND","ND","ND","ND","ND","ND","ND","ND","ND","ND","ND","ND","ND","ND","ND","ND","ND","ND","ND","337","20","81","236","ND","ND","ND","ND","ND","ND","ND","ND","ND","ND","ND","ND","ND","ND","ND","ND","ND","ND","ND","ND","ND","ND","ND","ND","ND","ND","ND","ND","ND","ND","ND","ND","209","2","38","169","ND","ND","ND","ND","ND","ND","ND","ND","ND","ND","ND","ND","ND","ND","ND","ND","ND","ND","ND","ND","ND","ND","ND","ND","ND","ND","ND","ND","ND","ND","ND","ND",
"Casos_de_tuberculosis",	22,"Querétaro","2022","256","18","79","159","ND","ND","ND","ND","ND","ND","ND","ND","ND","ND","ND","ND","ND","ND","ND","ND","ND","ND","ND","ND","ND","ND","ND","ND","ND","ND","ND","ND","ND","ND","ND","ND","142","13","34","95","ND","ND","ND","ND","ND","ND","ND","ND","ND","ND","ND","ND","ND","ND","ND","ND","ND","ND","ND","ND","ND","ND","ND","ND","ND","ND","ND","ND","ND","ND","ND","ND","114","5","45","64","ND","ND","ND","ND","ND","ND","ND","ND","ND","ND","ND","ND","ND","ND","ND","ND","ND","ND","ND","ND","ND","ND","ND","ND","ND","ND","ND","ND","ND","ND","ND","ND",
"Casos_de_tuberculosis",	23,"Quintana_Roo","2022","524","8","51","465","ND","ND","ND","ND","ND","ND","ND","ND","ND","ND","ND","ND","ND","ND","ND","ND","ND","ND","ND","ND","ND","ND","ND","ND","ND","ND","ND","ND","ND","ND","ND","ND","371","6","37","328","ND","ND","ND","ND","ND","ND","ND","ND","ND","ND","ND","ND","ND","ND","ND","ND","ND","ND","ND","ND","ND","ND","ND","ND","ND","ND","ND","ND","ND","ND","ND","ND","153","2","14","137","ND","ND","ND","ND","ND","ND","ND","ND","ND","ND","ND","ND","ND","ND","ND","ND","ND","ND","ND","ND","ND","ND","ND","ND","ND","ND","ND","ND","ND","ND","ND","ND",
"Casos_de_tuberculosis",	24,"San_Luis_Potosí","2022","531","27","158","346","ND","ND","ND","ND","ND","ND","ND","ND","ND","ND","ND","ND","ND","ND","ND","ND","ND","ND","ND","ND","ND","ND","ND","ND","ND","ND","ND","ND","ND","ND","ND","ND","322","16","82","224","ND","ND","ND","ND","ND","ND","ND","ND","ND","ND","ND","ND","ND","ND","ND","ND","ND","ND","ND","ND","ND","ND","ND","ND","ND","ND","ND","ND","ND","ND","ND","ND","209","11","76","122","ND","ND","ND","ND","ND","ND","ND","ND","ND","ND","ND","ND","ND","ND","ND","ND","ND","ND","ND","ND","ND","ND","ND","ND","ND","ND","ND","ND","ND","ND","ND","ND",
"Casos_de_tuberculosis",	25,"Sinaloa","2022","1,295","19","212","1,064","ND","ND","ND","ND","ND","ND","ND","ND","ND","ND","ND","ND","ND","ND","ND","ND","ND","ND","ND","ND","ND","ND","ND","ND","ND","ND","ND","ND","ND","ND","ND","ND","906","13","130","763","ND","ND","ND","ND","ND","ND","ND","ND","ND","ND","ND","ND","ND","ND","ND","ND","ND","ND","ND","ND","ND","ND","ND","ND","ND","ND","ND","ND","ND","ND","ND","ND","389","6","82","301","ND","ND","ND","ND","ND","ND","ND","ND","ND","ND","ND","ND","ND","ND","ND","ND","ND","ND","ND","ND","ND","ND","ND","ND","ND","ND","ND","ND","ND","ND","ND","ND",
"Casos_de_tuberculosis",	26,"Sonora","2022","1,252","21","185","1,046","ND","ND","ND","ND","ND","ND","ND","ND","ND","ND","ND","ND","ND","ND","ND","ND","ND","ND","ND","ND","ND","ND","ND","ND","ND","ND","ND","ND","ND","ND","ND","ND","869","16","126","727","ND","ND","ND","ND","ND","ND","ND","ND","ND","ND","ND","ND","ND","ND","ND","ND","ND","ND","ND","ND","ND","ND","ND","ND","ND","ND","ND","ND","ND","ND","ND","ND","383","5","59","319","ND","ND","ND","ND","ND","ND","ND","ND","ND","ND","ND","ND","ND","ND","ND","ND","ND","ND","ND","ND","ND","ND","ND","ND","ND","ND","ND","ND","ND","ND","ND","ND",
"Casos_de_tuberculosis",	27,"Tabasco","2022","969","23","97","849","ND","ND","ND","ND","ND","ND","ND","ND","ND","ND","ND","ND","ND","ND","ND","ND","ND","ND","ND","ND","ND","ND","ND","ND","ND","ND","ND","ND","ND","ND","ND","ND","647","18","61","568","ND","ND","ND","ND","ND","ND","ND","ND","ND","ND","ND","ND","ND","ND","ND","ND","ND","ND","ND","ND","ND","ND","ND","ND","ND","ND","ND","ND","ND","ND","ND","ND","322","5","36","281","ND","ND","ND","ND","ND","ND","ND","ND","ND","ND","ND","ND","ND","ND","ND","ND","ND","ND","ND","ND","ND","ND","ND","ND","ND","ND","ND","ND","ND","ND","ND","ND",
"Casos_de_tuberculosis",	28,"Tamaulipas","2022","1,314","5","123","1,186","ND","ND","ND","ND","ND","ND","ND","ND","ND","ND","ND","ND","ND","ND","ND","ND","ND","ND","ND","ND","ND","ND","ND","ND","ND","ND","ND","ND","ND","ND","ND","ND","841","3","72","766","ND","ND","ND","ND","ND","ND","ND","ND","ND","ND","ND","ND","ND","ND","ND","ND","ND","ND","ND","ND","ND","ND","ND","ND","ND","ND","ND","ND","ND","ND","ND","ND","473","2","51","420","ND","ND","ND","ND","ND","ND","ND","ND","ND","ND","ND","ND","ND","ND","ND","ND","ND","ND","ND","ND","ND","ND","ND","ND","ND","ND","ND","ND","ND","ND","ND","ND",
"Casos_de_tuberculosis",	29,"Tlaxcala","2022","40","2","15","23","ND","ND","ND","ND","ND","ND","ND","ND","ND","ND","ND","ND","ND","ND","ND","ND","ND","ND","ND","ND","ND","ND","ND","ND","ND","ND","ND","ND","ND","ND","ND","ND","20","1","6","13","ND","ND","ND","ND","ND","ND","ND","ND","ND","ND","ND","ND","ND","ND","ND","ND","ND","ND","ND","ND","ND","ND","ND","ND","ND","ND","ND","ND","ND","ND","ND","ND","20","1","9","10","ND","ND","ND","ND","ND","ND","ND","ND","ND","ND","ND","ND","ND","ND","ND","ND","ND","ND","ND","ND","ND","ND","ND","ND","ND","ND","ND","ND","ND","ND","ND","ND",
"Casos_de_tuberculosis",	30,"Veracruz_de_Ignacio_de_la_Llave","2022","2,320","48","301","1,971","ND","ND","ND","ND","ND","ND","ND","ND","ND","ND","ND","ND","ND","ND","ND","ND","ND","ND","ND","ND","ND","ND","ND","ND","ND","ND","ND","ND","ND","ND","ND","ND","1,473","35","202","1,236","ND","ND","ND","ND","ND","ND","ND","ND","ND","ND","ND","ND","ND","ND","ND","ND","ND","ND","ND","ND","ND","ND","ND","ND","ND","ND","ND","ND","ND","ND","ND","ND","847","13","99","735","ND","ND","ND","ND","ND","ND","ND","ND","ND","ND","ND","ND","ND","ND","ND","ND","ND","ND","ND","ND","ND","ND","ND","ND","ND","ND","ND","ND","ND","ND","ND","ND",
"Casos_de_tuberculosis",	31,"Yucatán","2022","332","8","39","285","ND","ND","ND","ND","ND","ND","ND","ND","ND","ND","ND","ND","ND","ND","ND","ND","ND","ND","ND","ND","ND","ND","ND","ND","ND","ND","ND","ND","ND","ND","ND","ND","221","8","24","189","ND","ND","ND","ND","ND","ND","ND","ND","ND","ND","ND","ND","ND","ND","ND","ND","ND","ND","ND","ND","ND","ND","ND","ND","ND","ND","ND","ND","ND","ND","ND","ND","111","0","15","96","ND","ND","ND","ND","ND","ND","ND","ND","ND","ND","ND","ND","ND","ND","ND","ND","ND","ND","ND","ND","ND","ND","ND","ND","ND","ND","ND","ND","ND","ND","ND","ND",
"Casos_de_tuberculosis",	32,"Zacatecas","2022","122","5","56","61","ND","ND","ND","ND","ND","ND","ND","ND","ND","ND","ND","ND","ND","ND","ND","ND","ND","ND","ND","ND","ND","ND","ND","ND","ND","ND","ND","ND","ND","ND","ND","ND","69","3","24","42","ND","ND","ND","ND","ND","ND","ND","ND","ND","ND","ND","ND","ND","ND","ND","ND","ND","ND","ND","ND","ND","ND","ND","ND","ND","ND","ND","ND","ND","ND","ND","ND","53","2","32","19","ND","ND","ND","ND","ND","ND","ND","ND","ND","ND","ND","ND","ND","ND","ND","ND","ND","ND","ND","ND","ND","ND","ND","ND","ND","ND","ND","ND","ND","ND","ND","ND",
"Casos_de_tuberculosis",	00,"Estados_Unidos_Mexicanos","2021","20,374","477","3,902","15,995","82","19","20","43","159","14","63","82","449","29","199","221","2,951","78","577","2,296","7,169","190","1,528","5,451","6,760","114","1,040","5,606","2,802","33","474","2,295","ND","ND","ND","ND","12,815","328","2,269","10,218","35","6","9","20","92","9","36","47","209","14","101","94","1,797","46","316","1,435","4,714","147","941","3,626","4,273","86","599","3,588","1,693","20","266","1,407","ND","ND","ND","ND","7,559","149","1,633","5,777","47","13","11","23","67","5","27","35","240","15","98","127","1,154","32","261","861","2,455","43","587","1,825","2,487","28","441","2,018","1,109","13","208","888","ND","ND","ND","ND",
"Casos_de_tuberculosis",	01,"Aguascalientes","2021","98","6","42","50","ND","ND","ND","ND","ND","ND","ND","ND","ND","ND","ND","ND","ND","ND","ND","ND","ND","ND","ND","ND","ND","ND","ND","ND","ND","ND","ND","ND","ND","ND","ND","ND","55","4","17","34","ND","ND","ND","ND","ND","ND","ND","ND","ND","ND","ND","ND","ND","ND","ND","ND","ND","ND","ND","ND","ND","ND","ND","ND","ND","ND","ND","ND","ND","ND","ND","ND","43","2","25","16","ND","ND","ND","ND","ND","ND","ND","ND","ND","ND","ND","ND","ND","ND","ND","ND","ND","ND","ND","ND","ND","ND","ND","ND","ND","ND","ND","ND","ND","ND","ND","ND",
"Casos_de_tuberculosis",	02,"Baja_California","2021","2,159","50","508","1,601","ND","ND","ND","ND","ND","ND","ND","ND","ND","ND","ND","ND","ND","ND","ND","ND","ND","ND","ND","ND","ND","ND","ND","ND","ND","ND","ND","ND","ND","ND","ND","ND","1,427","37","283","1,107","ND","ND","ND","ND","ND","ND","ND","ND","ND","ND","ND","ND","ND","ND","ND","ND","ND","ND","ND","ND","ND","ND","ND","ND","ND","ND","ND","ND","ND","ND","ND","ND","732","13","225","494","ND","ND","ND","ND","ND","ND","ND","ND","ND","ND","ND","ND","ND","ND","ND","ND","ND","ND","ND","ND","ND","ND","ND","ND","ND","ND","ND","ND","ND","ND","ND","ND",
"Casos_de_tuberculosis",	03,"Baja_California_Sur","2021","198","0","37","161","ND","ND","ND","ND","ND","ND","ND","ND","ND","ND","ND","ND","ND","ND","ND","ND","ND","ND","ND","ND","ND","ND","ND","ND","ND","ND","ND","ND","ND","ND","ND","ND","141","0","31","110","ND","ND","ND","ND","ND","ND","ND","ND","ND","ND","ND","ND","ND","ND","ND","ND","ND","ND","ND","ND","ND","ND","ND","ND","ND","ND","ND","ND","ND","ND","ND","ND","57","0","6","51","ND","ND","ND","ND","ND","ND","ND","ND","ND","ND","ND","ND","ND","ND","ND","ND","ND","ND","ND","ND","ND","ND","ND","ND","ND","ND","ND","ND","ND","ND","ND","ND",
"Casos_de_tuberculosis",	04,"Campeche","2021","186","4","32","150","ND","ND","ND","ND","ND","ND","ND","ND","ND","ND","ND","ND","ND","ND","ND","ND","ND","ND","ND","ND","ND","ND","ND","ND","ND","ND","ND","ND","ND","ND","ND","ND","125","4","19","102","ND","ND","ND","ND","ND","ND","ND","ND","ND","ND","ND","ND","ND","ND","ND","ND","ND","ND","ND","ND","ND","ND","ND","ND","ND","ND","ND","ND","ND","ND","ND","ND","61","0","13","48","ND","ND","ND","ND","ND","ND","ND","ND","ND","ND","ND","ND","ND","ND","ND","ND","ND","ND","ND","ND","ND","ND","ND","ND","ND","ND","ND","ND","ND","ND","ND","ND",
"Casos_de_tuberculosis",	05,"Coahuila_de_Zaragoza","2021","486","7","67","412","ND","ND","ND","ND","ND","ND","ND","ND","ND","ND","ND","ND","ND","ND","ND","ND","ND","ND","ND","ND","ND","ND","ND","ND","ND","ND","ND","ND","ND","ND","ND","ND","287","5","37","245","ND","ND","ND","ND","ND","ND","ND","ND","ND","ND","ND","ND","ND","ND","ND","ND","ND","ND","ND","ND","ND","ND","ND","ND","ND","ND","ND","ND","ND","ND","ND","ND","199","2","30","167","ND","ND","ND","ND","ND","ND","ND","ND","ND","ND","ND","ND","ND","ND","ND","ND","ND","ND","ND","ND","ND","ND","ND","ND","ND","ND","ND","ND","ND","ND","ND","ND",
"Casos_de_tuberculosis",	06,"Colima","2021","128","1","21","106","ND","ND","ND","ND","ND","ND","ND","ND","ND","ND","ND","ND","ND","ND","ND","ND","ND","ND","ND","ND","ND","ND","ND","ND","ND","ND","ND","ND","ND","ND","ND","ND","76","0","11","65","ND","ND","ND","ND","ND","ND","ND","ND","ND","ND","ND","ND","ND","ND","ND","ND","ND","ND","ND","ND","ND","ND","ND","ND","ND","ND","ND","ND","ND","ND","ND","ND","52","1","10","41","ND","ND","ND","ND","ND","ND","ND","ND","ND","ND","ND","ND","ND","ND","ND","ND","ND","ND","ND","ND","ND","ND","ND","ND","ND","ND","ND","ND","ND","ND","ND","ND",
"Casos_de_tuberculosis",	07,"Chiapas","2021","1,327","11","118","1,198","ND","ND","ND","ND","ND","ND","ND","ND","ND","ND","ND","ND","ND","ND","ND","ND","ND","ND","ND","ND","ND","ND","ND","ND","ND","ND","ND","ND","ND","ND","ND","ND","776","7","72","697","ND","ND","ND","ND","ND","ND","ND","ND","ND","ND","ND","ND","ND","ND","ND","ND","ND","ND","ND","ND","ND","ND","ND","ND","ND","ND","ND","ND","ND","ND","ND","ND","551","4","46","501","ND","ND","ND","ND","ND","ND","ND","ND","ND","ND","ND","ND","ND","ND","ND","ND","ND","ND","ND","ND","ND","ND","ND","ND","ND","ND","ND","ND","ND","ND","ND","ND",
"Casos_de_tuberculosis",	08,"Chihuahua","2021","672","18","135","519","ND","ND","ND","ND","ND","ND","ND","ND","ND","ND","ND","ND","ND","ND","ND","ND","ND","ND","ND","ND","ND","ND","ND","ND","ND","ND","ND","ND","ND","ND","ND","ND","403","10","76","317","ND","ND","ND","ND","ND","ND","ND","ND","ND","ND","ND","ND","ND","ND","ND","ND","ND","ND","ND","ND","ND","ND","ND","ND","ND","ND","ND","ND","ND","ND","ND","ND","269","8","59","202","ND","ND","ND","ND","ND","ND","ND","ND","ND","ND","ND","ND","ND","ND","ND","ND","ND","ND","ND","ND","ND","ND","ND","ND","ND","ND","ND","ND","ND","ND","ND","ND",
"Casos_de_tuberculosis",	09,"Ciudad_de_México","2021","678","31","232","415","ND","ND","ND","ND","ND","ND","ND","ND","ND","ND","ND","ND","ND","ND","ND","ND","ND","ND","ND","ND","ND","ND","ND","ND","ND","ND","ND","ND","ND","ND","ND","ND","387","24","127","236","ND","ND","ND","ND","ND","ND","ND","ND","ND","ND","ND","ND","ND","ND","ND","ND","ND","ND","ND","ND","ND","ND","ND","ND","ND","ND","ND","ND","ND","ND","ND","ND","291","7","105","179","ND","ND","ND","ND","ND","ND","ND","ND","ND","ND","ND","ND","ND","ND","ND","ND","ND","ND","ND","ND","ND","ND","ND","ND","ND","ND","ND","ND","ND","ND","ND","ND",
"Casos_de_tuberculosis",	10,"Durango","2021","170","6","57","107","ND","ND","ND","ND","ND","ND","ND","ND","ND","ND","ND","ND","ND","ND","ND","ND","ND","ND","ND","ND","ND","ND","ND","ND","ND","ND","ND","ND","ND","ND","ND","ND","100","2","38","60","ND","ND","ND","ND","ND","ND","ND","ND","ND","ND","ND","ND","ND","ND","ND","ND","ND","ND","ND","ND","ND","ND","ND","ND","ND","ND","ND","ND","ND","ND","ND","ND","70","4","19","47","ND","ND","ND","ND","ND","ND","ND","ND","ND","ND","ND","ND","ND","ND","ND","ND","ND","ND","ND","ND","ND","ND","ND","ND","ND","ND","ND","ND","ND","ND","ND","ND",
"Casos_de_tuberculosis",	11,"Guanajuato","2021","360","15","131","214","ND","ND","ND","ND","ND","ND","ND","ND","ND","ND","ND","ND","ND","ND","ND","ND","ND","ND","ND","ND","ND","ND","ND","ND","ND","ND","ND","ND","ND","ND","ND","ND","201","12","65","124","ND","ND","ND","ND","ND","ND","ND","ND","ND","ND","ND","ND","ND","ND","ND","ND","ND","ND","ND","ND","ND","ND","ND","ND","ND","ND","ND","ND","ND","ND","ND","ND","159","3","66","90","ND","ND","ND","ND","ND","ND","ND","ND","ND","ND","ND","ND","ND","ND","ND","ND","ND","ND","ND","ND","ND","ND","ND","ND","ND","ND","ND","ND","ND","ND","ND","ND",
"Casos_de_tuberculosis",	12,"Guerrero","2021","968","7","91","870","ND","ND","ND","ND","ND","ND","ND","ND","ND","ND","ND","ND","ND","ND","ND","ND","ND","ND","ND","ND","ND","ND","ND","ND","ND","ND","ND","ND","ND","ND","ND","ND","591","5","58","528","ND","ND","ND","ND","ND","ND","ND","ND","ND","ND","ND","ND","ND","ND","ND","ND","ND","ND","ND","ND","ND","ND","ND","ND","ND","ND","ND","ND","ND","ND","ND","ND","377","2","33","342","ND","ND","ND","ND","ND","ND","ND","ND","ND","ND","ND","ND","ND","ND","ND","ND","ND","ND","ND","ND","ND","ND","ND","ND","ND","ND","ND","ND","ND","ND","ND","ND",
"Casos_de_tuberculosis",	13,"Hidalgo","2021","183","5","25","153","ND","ND","ND","ND","ND","ND","ND","ND","ND","ND","ND","ND","ND","ND","ND","ND","ND","ND","ND","ND","ND","ND","ND","ND","ND","ND","ND","ND","ND","ND","ND","ND","106","4","13","89","ND","ND","ND","ND","ND","ND","ND","ND","ND","ND","ND","ND","ND","ND","ND","ND","ND","ND","ND","ND","ND","ND","ND","ND","ND","ND","ND","ND","ND","ND","ND","ND","77","1","12","64","ND","ND","ND","ND","ND","ND","ND","ND","ND","ND","ND","ND","ND","ND","ND","ND","ND","ND","ND","ND","ND","ND","ND","ND","ND","ND","ND","ND","ND","ND","ND","ND",
"Casos_de_tuberculosis",	14,"Jalisco","2021","1,073","52","407","614","ND","ND","ND","ND","ND","ND","ND","ND","ND","ND","ND","ND","ND","ND","ND","ND","ND","ND","ND","ND","ND","ND","ND","ND","ND","ND","ND","ND","ND","ND","ND","ND","665","31","218","416","ND","ND","ND","ND","ND","ND","ND","ND","ND","ND","ND","ND","ND","ND","ND","ND","ND","ND","ND","ND","ND","ND","ND","ND","ND","ND","ND","ND","ND","ND","ND","ND","408","21","189","198","ND","ND","ND","ND","ND","ND","ND","ND","ND","ND","ND","ND","ND","ND","ND","ND","ND","ND","ND","ND","ND","ND","ND","ND","ND","ND","ND","ND","ND","ND","ND","ND",
"Casos_de_tuberculosis",	15,"México","2021","674","39","167","468","ND","ND","ND","ND","ND","ND","ND","ND","ND","ND","ND","ND","ND","ND","ND","ND","ND","ND","ND","ND","ND","ND","ND","ND","ND","ND","ND","ND","ND","ND","ND","ND","401","24","80","297","ND","ND","ND","ND","ND","ND","ND","ND","ND","ND","ND","ND","ND","ND","ND","ND","ND","ND","ND","ND","ND","ND","ND","ND","ND","ND","ND","ND","ND","ND","ND","ND","273","15","87","171","ND","ND","ND","ND","ND","ND","ND","ND","ND","ND","ND","ND","ND","ND","ND","ND","ND","ND","ND","ND","ND","ND","ND","ND","ND","ND","ND","ND","ND","ND","ND","ND",
"Casos_de_tuberculosis",	16,"Michoacán_de_Ocampo","2021","279","4","64","211","ND","ND","ND","ND","ND","ND","ND","ND","ND","ND","ND","ND","ND","ND","ND","ND","ND","ND","ND","ND","ND","ND","ND","ND","ND","ND","ND","ND","ND","ND","ND","ND","160","2","28","130","ND","ND","ND","ND","ND","ND","ND","ND","ND","ND","ND","ND","ND","ND","ND","ND","ND","ND","ND","ND","ND","ND","ND","ND","ND","ND","ND","ND","ND","ND","ND","ND","119","2","36","81","ND","ND","ND","ND","ND","ND","ND","ND","ND","ND","ND","ND","ND","ND","ND","ND","ND","ND","ND","ND","ND","ND","ND","ND","ND","ND","ND","ND","ND","ND","ND","ND",
"Casos_de_tuberculosis",	17,"Morelos","2021","185","5","52","128","ND","ND","ND","ND","ND","ND","ND","ND","ND","ND","ND","ND","ND","ND","ND","ND","ND","ND","ND","ND","ND","ND","ND","ND","ND","ND","ND","ND","ND","ND","ND","ND","109","2","29","78","ND","ND","ND","ND","ND","ND","ND","ND","ND","ND","ND","ND","ND","ND","ND","ND","ND","ND","ND","ND","ND","ND","ND","ND","ND","ND","ND","ND","ND","ND","ND","ND","76","3","23","50","ND","ND","ND","ND","ND","ND","ND","ND","ND","ND","ND","ND","ND","ND","ND","ND","ND","ND","ND","ND","ND","ND","ND","ND","ND","ND","ND","ND","ND","ND","ND","ND",
"Casos_de_tuberculosis",	18,"Nayarit","2021","378","10","87","281","ND","ND","ND","ND","ND","ND","ND","ND","ND","ND","ND","ND","ND","ND","ND","ND","ND","ND","ND","ND","ND","ND","ND","ND","ND","ND","ND","ND","ND","ND","ND","ND","232","10","47","175","ND","ND","ND","ND","ND","ND","ND","ND","ND","ND","ND","ND","ND","ND","ND","ND","ND","ND","ND","ND","ND","ND","ND","ND","ND","ND","ND","ND","ND","ND","ND","ND","146","0","40","106","ND","ND","ND","ND","ND","ND","ND","ND","ND","ND","ND","ND","ND","ND","ND","ND","ND","ND","ND","ND","ND","ND","ND","ND","ND","ND","ND","ND","ND","ND","ND","ND",
"Casos_de_tuberculosis",	19,"Nuevo_León","2021","1,585","24","226","1,335","ND","ND","ND","ND","ND","ND","ND","ND","ND","ND","ND","ND","ND","ND","ND","ND","ND","ND","ND","ND","ND","ND","ND","ND","ND","ND","ND","ND","ND","ND","ND","ND","999","16","143","840","ND","ND","ND","ND","ND","ND","ND","ND","ND","ND","ND","ND","ND","ND","ND","ND","ND","ND","ND","ND","ND","ND","ND","ND","ND","ND","ND","ND","ND","ND","ND","ND","586","8","83","495","ND","ND","ND","ND","ND","ND","ND","ND","ND","ND","ND","ND","ND","ND","ND","ND","ND","ND","ND","ND","ND","ND","ND","ND","ND","ND","ND","ND","ND","ND","ND","ND",
"Casos_de_tuberculosis",	20,"Oaxaca","2021","503","17","81","405","ND","ND","ND","ND","ND","ND","ND","ND","ND","ND","ND","ND","ND","ND","ND","ND","ND","ND","ND","ND","ND","ND","ND","ND","ND","ND","ND","ND","ND","ND","ND","ND","292","10","40","242","ND","ND","ND","ND","ND","ND","ND","ND","ND","ND","ND","ND","ND","ND","ND","ND","ND","ND","ND","ND","ND","ND","ND","ND","ND","ND","ND","ND","ND","ND","ND","ND","211","7","41","163","ND","ND","ND","ND","ND","ND","ND","ND","ND","ND","ND","ND","ND","ND","ND","ND","ND","ND","ND","ND","ND","ND","ND","ND","ND","ND","ND","ND","ND","ND","ND","ND",
"Casos_de_tuberculosis",	21,"Puebla","2021","383","11","96","276","ND","ND","ND","ND","ND","ND","ND","ND","ND","ND","ND","ND","ND","ND","ND","ND","ND","ND","ND","ND","ND","ND","ND","ND","ND","ND","ND","ND","ND","ND","ND","ND","225","9","53","163","ND","ND","ND","ND","ND","ND","ND","ND","ND","ND","ND","ND","ND","ND","ND","ND","ND","ND","ND","ND","ND","ND","ND","ND","ND","ND","ND","ND","ND","ND","ND","ND","158","2","43","113","ND","ND","ND","ND","ND","ND","ND","ND","ND","ND","ND","ND","ND","ND","ND","ND","ND","ND","ND","ND","ND","ND","ND","ND","ND","ND","ND","ND","ND","ND","ND","ND",
"Casos_de_tuberculosis",	22,"Querétaro","2021","176","6","71","99","ND","ND","ND","ND","ND","ND","ND","ND","ND","ND","ND","ND","ND","ND","ND","ND","ND","ND","ND","ND","ND","ND","ND","ND","ND","ND","ND","ND","ND","ND","ND","ND","103","5","42","56","ND","ND","ND","ND","ND","ND","ND","ND","ND","ND","ND","ND","ND","ND","ND","ND","ND","ND","ND","ND","ND","ND","ND","ND","ND","ND","ND","ND","ND","ND","ND","ND","73","1","29","43","ND","ND","ND","ND","ND","ND","ND","ND","ND","ND","ND","ND","ND","ND","ND","ND","ND","ND","ND","ND","ND","ND","ND","ND","ND","ND","ND","ND","ND","ND","ND","ND",
"Casos_de_tuberculosis",	23,"Quintana_Roo","2021","456","7","69","380","ND","ND","ND","ND","ND","ND","ND","ND","ND","ND","ND","ND","ND","ND","ND","ND","ND","ND","ND","ND","ND","ND","ND","ND","ND","ND","ND","ND","ND","ND","ND","ND","309","6","47","256","ND","ND","ND","ND","ND","ND","ND","ND","ND","ND","ND","ND","ND","ND","ND","ND","ND","ND","ND","ND","ND","ND","ND","ND","ND","ND","ND","ND","ND","ND","ND","ND","147","1","22","124","ND","ND","ND","ND","ND","ND","ND","ND","ND","ND","ND","ND","ND","ND","ND","ND","ND","ND","ND","ND","ND","ND","ND","ND","ND","ND","ND","ND","ND","ND","ND","ND",
"Casos_de_tuberculosis",	24,"San_Luis_Potosí","2021","428","17","155","256","ND","ND","ND","ND","ND","ND","ND","ND","ND","ND","ND","ND","ND","ND","ND","ND","ND","ND","ND","ND","ND","ND","ND","ND","ND","ND","ND","ND","ND","ND","ND","ND","251","13","82","156","ND","ND","ND","ND","ND","ND","ND","ND","ND","ND","ND","ND","ND","ND","ND","ND","ND","ND","ND","ND","ND","ND","ND","ND","ND","ND","ND","ND","ND","ND","ND","ND","177","4","73","100","ND","ND","ND","ND","ND","ND","ND","ND","ND","ND","ND","ND","ND","ND","ND","ND","ND","ND","ND","ND","ND","ND","ND","ND","ND","ND","ND","ND","ND","ND","ND","ND",
"Casos_de_tuberculosis",	25,"Sinaloa","2021","1,237","27","204","1,006","ND","ND","ND","ND","ND","ND","ND","ND","ND","ND","ND","ND","ND","ND","ND","ND","ND","ND","ND","ND","ND","ND","ND","ND","ND","ND","ND","ND","ND","ND","ND","ND","851","21","131","699","ND","ND","ND","ND","ND","ND","ND","ND","ND","ND","ND","ND","ND","ND","ND","ND","ND","ND","ND","ND","ND","ND","ND","ND","ND","ND","ND","ND","ND","ND","ND","ND","386","6","73","307","ND","ND","ND","ND","ND","ND","ND","ND","ND","ND","ND","ND","ND","ND","ND","ND","ND","ND","ND","ND","ND","ND","ND","ND","ND","ND","ND","ND","ND","ND","ND","ND",
"Casos_de_tuberculosis",	26,"Sonora","2021","1,131","23","165","943","ND","ND","ND","ND","ND","ND","ND","ND","ND","ND","ND","ND","ND","ND","ND","ND","ND","ND","ND","ND","ND","ND","ND","ND","ND","ND","ND","ND","ND","ND","ND","ND","778","13","115","650","ND","ND","ND","ND","ND","ND","ND","ND","ND","ND","ND","ND","ND","ND","ND","ND","ND","ND","ND","ND","ND","ND","ND","ND","ND","ND","ND","ND","ND","ND","ND","ND","353","10","50","293","ND","ND","ND","ND","ND","ND","ND","ND","ND","ND","ND","ND","ND","ND","ND","ND","ND","ND","ND","ND","ND","ND","ND","ND","ND","ND","ND","ND","ND","ND","ND","ND",
"Casos_de_tuberculosis",	27,"Tabasco","2021","738","16","72","650","ND","ND","ND","ND","ND","ND","ND","ND","ND","ND","ND","ND","ND","ND","ND","ND","ND","ND","ND","ND","ND","ND","ND","ND","ND","ND","ND","ND","ND","ND","ND","ND","517","12","57","448","ND","ND","ND","ND","ND","ND","ND","ND","ND","ND","ND","ND","ND","ND","ND","ND","ND","ND","ND","ND","ND","ND","ND","ND","ND","ND","ND","ND","ND","ND","ND","ND","221","4","15","202","ND","ND","ND","ND","ND","ND","ND","ND","ND","ND","ND","ND","ND","ND","ND","ND","ND","ND","ND","ND","ND","ND","ND","ND","ND","ND","ND","ND","ND","ND","ND","ND",
"Casos_de_tuberculosis",	28,"Tamaulipas","2021","1,180","9","121","1,050","ND","ND","ND","ND","ND","ND","ND","ND","ND","ND","ND","ND","ND","ND","ND","ND","ND","ND","ND","ND","ND","ND","ND","ND","ND","ND","ND","ND","ND","ND","ND","ND","747","4","67","676","ND","ND","ND","ND","ND","ND","ND","ND","ND","ND","ND","ND","ND","ND","ND","ND","ND","ND","ND","ND","ND","ND","ND","ND","ND","ND","ND","ND","ND","ND","ND","ND","433","5","54","374","ND","ND","ND","ND","ND","ND","ND","ND","ND","ND","ND","ND","ND","ND","ND","ND","ND","ND","ND","ND","ND","ND","ND","ND","ND","ND","ND","ND","ND","ND","ND","ND",
"Casos_de_tuberculosis",	29,"Tlaxcala","2021","27","0","5","22","ND","ND","ND","ND","ND","ND","ND","ND","ND","ND","ND","ND","ND","ND","ND","ND","ND","ND","ND","ND","ND","ND","ND","ND","ND","ND","ND","ND","ND","ND","ND","ND","11","0","1","10","ND","ND","ND","ND","ND","ND","ND","ND","ND","ND","ND","ND","ND","ND","ND","ND","ND","ND","ND","ND","ND","ND","ND","ND","ND","ND","ND","ND","ND","ND","ND","ND","16","0","4","12","ND","ND","ND","ND","ND","ND","ND","ND","ND","ND","ND","ND","ND","ND","ND","ND","ND","ND","ND","ND","ND","ND","ND","ND","ND","ND","ND","ND","ND","ND","ND","ND",
"Casos_de_tuberculosis",	30,"Veracruz_de_Ignacio_de_la_Llave","2021","1,968","38","270","1,660","ND","ND","ND","ND","ND","ND","ND","ND","ND","ND","ND","ND","ND","ND","ND","ND","ND","ND","ND","ND","ND","ND","ND","ND","ND","ND","ND","ND","ND","ND","ND","ND","1,267","28","193","1,046","ND","ND","ND","ND","ND","ND","ND","ND","ND","ND","ND","ND","ND","ND","ND","ND","ND","ND","ND","ND","ND","ND","ND","ND","ND","ND","ND","ND","ND","ND","ND","ND","701","10","77","614","ND","ND","ND","ND","ND","ND","ND","ND","ND","ND","ND","ND","ND","ND","ND","ND","ND","ND","ND","ND","ND","ND","ND","ND","ND","ND","ND","ND","ND","ND","ND","ND",
"Casos_de_tuberculosis",	31,"Yucatán","2021","242","7","33","202","ND","ND","ND","ND","ND","ND","ND","ND","ND","ND","ND","ND","ND","ND","ND","ND","ND","ND","ND","ND","ND","ND","ND","ND","ND","ND","ND","ND","ND","ND","ND","ND","159","5","22","132","ND","ND","ND","ND","ND","ND","ND","ND","ND","ND","ND","ND","ND","ND","ND","ND","ND","ND","ND","ND","ND","ND","ND","ND","ND","ND","ND","ND","ND","ND","ND","ND","83","2","11","70","ND","ND","ND","ND","ND","ND","ND","ND","ND","ND","ND","ND","ND","ND","ND","ND","ND","ND","ND","ND","ND","ND","ND","ND","ND","ND","ND","ND","ND","ND","ND","ND",
"Casos_de_tuberculosis",	32,"Zacatecas","2021","118","4","61","53","ND","ND","ND","ND","ND","ND","ND","ND","ND","ND","ND","ND","ND","ND","ND","ND","ND","ND","ND","ND","ND","ND","ND","ND","ND","ND","ND","ND","ND","ND","ND","ND","64","3","27","34","ND","ND","ND","ND","ND","ND","ND","ND","ND","ND","ND","ND","ND","ND","ND","ND","ND","ND","ND","ND","ND","ND","ND","ND","ND","ND","ND","ND","ND","ND","ND","ND","54","1","34","19","ND","ND","ND","ND","ND","ND","ND","ND","ND","ND","ND","ND","ND","ND","ND","ND","ND","ND","ND","ND","ND","ND","ND","ND","ND","ND","ND","ND","ND","ND","ND","ND",
"Casos_de_tuberculosis",	00,"Estados_Unidos_Mexicanos","2020","16,747","364","3,184","13,199","70","8","15","47","118","12","62","44","343","22","153","168","2,522","54","524","1,944","6,084","175","1,278","4,631","5,464","66","786","4,612","2,146","27","366","1,753","ND","ND","ND","ND","10,482","241","1,816","8,425","45","6","13","26","61","6","32","23","151","10","66","75","1,511","28","286","1,197","3,957","131","781","3,045","3,475","39","454","2,982","1,282","21","184","1,077","ND","ND","ND","ND","6,265","123","1,368","4,774","25","2","2","21","57","6","30","21","192","12","87","93","1,011","26","238","747","2,127","44","497","1,586","1,989","27","332","1,630","864","6","182","676","ND","ND","ND","ND",
"Casos_de_tuberculosis",	01,"Aguascalientes","2020","55","1","35","19","ND","ND","ND","ND","ND","ND","ND","ND","ND","ND","ND","ND","ND","ND","ND","ND","ND","ND","ND","ND","ND","ND","ND","ND","ND","ND","ND","ND","ND","ND","ND","ND","33","1","19","13","ND","ND","ND","ND","ND","ND","ND","ND","ND","ND","ND","ND","ND","ND","ND","ND","ND","ND","ND","ND","ND","ND","ND","ND","ND","ND","ND","ND","ND","ND","ND","ND","22","0","16","6","ND","ND","ND","ND","ND","ND","ND","ND","ND","ND","ND","ND","ND","ND","ND","ND","ND","ND","ND","ND","ND","ND","ND","ND","ND","ND","ND","ND","ND","ND","ND","ND",
"Casos_de_tuberculosis",	02,"Baja_California","2020","1,852","51","397","1,404","ND","ND","ND","ND","ND","ND","ND","ND","ND","ND","ND","ND","ND","ND","ND","ND","ND","ND","ND","ND","ND","ND","ND","ND","ND","ND","ND","ND","ND","ND","ND","ND","1,224","30","223","971","ND","ND","ND","ND","ND","ND","ND","ND","ND","ND","ND","ND","ND","ND","ND","ND","ND","ND","ND","ND","ND","ND","ND","ND","ND","ND","ND","ND","ND","ND","ND","ND","628","21","174","433","ND","ND","ND","ND","ND","ND","ND","ND","ND","ND","ND","ND","ND","ND","ND","ND","ND","ND","ND","ND","ND","ND","ND","ND","ND","ND","ND","ND","ND","ND","ND","ND",
"Casos_de_tuberculosis",	03,"Baja_California_Sur","2020","207","2","28","177","ND","ND","ND","ND","ND","ND","ND","ND","ND","ND","ND","ND","ND","ND","ND","ND","ND","ND","ND","ND","ND","ND","ND","ND","ND","ND","ND","ND","ND","ND","ND","ND","141","2","21","118","ND","ND","ND","ND","ND","ND","ND","ND","ND","ND","ND","ND","ND","ND","ND","ND","ND","ND","ND","ND","ND","ND","ND","ND","ND","ND","ND","ND","ND","ND","ND","ND","66","0","7","59","ND","ND","ND","ND","ND","ND","ND","ND","ND","ND","ND","ND","ND","ND","ND","ND","ND","ND","ND","ND","ND","ND","ND","ND","ND","ND","ND","ND","ND","ND","ND","ND",
"Casos_de_tuberculosis",	04,"Campeche","2020","158","2","29","127","ND","ND","ND","ND","ND","ND","ND","ND","ND","ND","ND","ND","ND","ND","ND","ND","ND","ND","ND","ND","ND","ND","ND","ND","ND","ND","ND","ND","ND","ND","ND","ND","100","1","22","77","ND","ND","ND","ND","ND","ND","ND","ND","ND","ND","ND","ND","ND","ND","ND","ND","ND","ND","ND","ND","ND","ND","ND","ND","ND","ND","ND","ND","ND","ND","ND","ND","58","1","7","50","ND","ND","ND","ND","ND","ND","ND","ND","ND","ND","ND","ND","ND","ND","ND","ND","ND","ND","ND","ND","ND","ND","ND","ND","ND","ND","ND","ND","ND","ND","ND","ND",
"Casos_de_tuberculosis",	05,"Coahuila_de_Zaragoza","2020","426","7","40","379","ND","ND","ND","ND","ND","ND","ND","ND","ND","ND","ND","ND","ND","ND","ND","ND","ND","ND","ND","ND","ND","ND","ND","ND","ND","ND","ND","ND","ND","ND","ND","ND","234","7","24","203","ND","ND","ND","ND","ND","ND","ND","ND","ND","ND","ND","ND","ND","ND","ND","ND","ND","ND","ND","ND","ND","ND","ND","ND","ND","ND","ND","ND","ND","ND","ND","ND","192","0","16","176","ND","ND","ND","ND","ND","ND","ND","ND","ND","ND","ND","ND","ND","ND","ND","ND","ND","ND","ND","ND","ND","ND","ND","ND","ND","ND","ND","ND","ND","ND","ND","ND",
"Casos_de_tuberculosis",	06,"Colima","2020","129","0","17","112","ND","ND","ND","ND","ND","ND","ND","ND","ND","ND","ND","ND","ND","ND","ND","ND","ND","ND","ND","ND","ND","ND","ND","ND","ND","ND","ND","ND","ND","ND","ND","ND","89","0","11","78","ND","ND","ND","ND","ND","ND","ND","ND","ND","ND","ND","ND","ND","ND","ND","ND","ND","ND","ND","ND","ND","ND","ND","ND","ND","ND","ND","ND","ND","ND","ND","ND","40","0","6","34","ND","ND","ND","ND","ND","ND","ND","ND","ND","ND","ND","ND","ND","ND","ND","ND","ND","ND","ND","ND","ND","ND","ND","ND","ND","ND","ND","ND","ND","ND","ND","ND",
"Casos_de_tuberculosis",	07,"Chiapas","2020","1,070","7","109","954","ND","ND","ND","ND","ND","ND","ND","ND","ND","ND","ND","ND","ND","ND","ND","ND","ND","ND","ND","ND","ND","ND","ND","ND","ND","ND","ND","ND","ND","ND","ND","ND","657","6","65","586","ND","ND","ND","ND","ND","ND","ND","ND","ND","ND","ND","ND","ND","ND","ND","ND","ND","ND","ND","ND","ND","ND","ND","ND","ND","ND","ND","ND","ND","ND","ND","ND","413","1","44","368","ND","ND","ND","ND","ND","ND","ND","ND","ND","ND","ND","ND","ND","ND","ND","ND","ND","ND","ND","ND","ND","ND","ND","ND","ND","ND","ND","ND","ND","ND","ND","ND",
"Casos_de_tuberculosis",	08,"Chihuahua","2020","551","19","132","400","ND","ND","ND","ND","ND","ND","ND","ND","ND","ND","ND","ND","ND","ND","ND","ND","ND","ND","ND","ND","ND","ND","ND","ND","ND","ND","ND","ND","ND","ND","ND","ND","352","12","82","258","ND","ND","ND","ND","ND","ND","ND","ND","ND","ND","ND","ND","ND","ND","ND","ND","ND","ND","ND","ND","ND","ND","ND","ND","ND","ND","ND","ND","ND","ND","ND","ND","199","7","50","142","ND","ND","ND","ND","ND","ND","ND","ND","ND","ND","ND","ND","ND","ND","ND","ND","ND","ND","ND","ND","ND","ND","ND","ND","ND","ND","ND","ND","ND","ND","ND","ND",
"Casos_de_tuberculosis",	09,"Ciudad_de_México","2020","528","30","181","317","ND","ND","ND","ND","ND","ND","ND","ND","ND","ND","ND","ND","ND","ND","ND","ND","ND","ND","ND","ND","ND","ND","ND","ND","ND","ND","ND","ND","ND","ND","ND","ND","321","21","107","193","ND","ND","ND","ND","ND","ND","ND","ND","ND","ND","ND","ND","ND","ND","ND","ND","ND","ND","ND","ND","ND","ND","ND","ND","ND","ND","ND","ND","ND","ND","ND","ND","207","9","74","124","ND","ND","ND","ND","ND","ND","ND","ND","ND","ND","ND","ND","ND","ND","ND","ND","ND","ND","ND","ND","ND","ND","ND","ND","ND","ND","ND","ND","ND","ND","ND","ND",
"Casos_de_tuberculosis",	10,"Durango","2020","117","4","42","71","ND","ND","ND","ND","ND","ND","ND","ND","ND","ND","ND","ND","ND","ND","ND","ND","ND","ND","ND","ND","ND","ND","ND","ND","ND","ND","ND","ND","ND","ND","ND","ND","70","1","26","43","ND","ND","ND","ND","ND","ND","ND","ND","ND","ND","ND","ND","ND","ND","ND","ND","ND","ND","ND","ND","ND","ND","ND","ND","ND","ND","ND","ND","ND","ND","ND","ND","47","3","16","28","ND","ND","ND","ND","ND","ND","ND","ND","ND","ND","ND","ND","ND","ND","ND","ND","ND","ND","ND","ND","ND","ND","ND","ND","ND","ND","ND","ND","ND","ND","ND","ND",
"Casos_de_tuberculosis",	11,"Guanajuato","2020","295","5","113","177","ND","ND","ND","ND","ND","ND","ND","ND","ND","ND","ND","ND","ND","ND","ND","ND","ND","ND","ND","ND","ND","ND","ND","ND","ND","ND","ND","ND","ND","ND","ND","ND","157","4","53","100","ND","ND","ND","ND","ND","ND","ND","ND","ND","ND","ND","ND","ND","ND","ND","ND","ND","ND","ND","ND","ND","ND","ND","ND","ND","ND","ND","ND","ND","ND","ND","ND","138","1","60","77","ND","ND","ND","ND","ND","ND","ND","ND","ND","ND","ND","ND","ND","ND","ND","ND","ND","ND","ND","ND","ND","ND","ND","ND","ND","ND","ND","ND","ND","ND","ND","ND",
"Casos_de_tuberculosis",	12,"Guerrero","2020","866","7","68","791","ND","ND","ND","ND","ND","ND","ND","ND","ND","ND","ND","ND","ND","ND","ND","ND","ND","ND","ND","ND","ND","ND","ND","ND","ND","ND","ND","ND","ND","ND","ND","ND","529","3","44","482","ND","ND","ND","ND","ND","ND","ND","ND","ND","ND","ND","ND","ND","ND","ND","ND","ND","ND","ND","ND","ND","ND","ND","ND","ND","ND","ND","ND","ND","ND","ND","ND","337","4","24","309","ND","ND","ND","ND","ND","ND","ND","ND","ND","ND","ND","ND","ND","ND","ND","ND","ND","ND","ND","ND","ND","ND","ND","ND","ND","ND","ND","ND","ND","ND","ND","ND",
"Casos_de_tuberculosis",	13,"Hidalgo","2020","150","3","15","132","ND","ND","ND","ND","ND","ND","ND","ND","ND","ND","ND","ND","ND","ND","ND","ND","ND","ND","ND","ND","ND","ND","ND","ND","ND","ND","ND","ND","ND","ND","ND","ND","68","3","8","57","ND","ND","ND","ND","ND","ND","ND","ND","ND","ND","ND","ND","ND","ND","ND","ND","ND","ND","ND","ND","ND","ND","ND","ND","ND","ND","ND","ND","ND","ND","ND","ND","82","0","7","75","ND","ND","ND","ND","ND","ND","ND","ND","ND","ND","ND","ND","ND","ND","ND","ND","ND","ND","ND","ND","ND","ND","ND","ND","ND","ND","ND","ND","ND","ND","ND","ND",
"Casos_de_tuberculosis",	14,"Jalisco","2020","884","39","304","541","ND","ND","ND","ND","ND","ND","ND","ND","ND","ND","ND","ND","ND","ND","ND","ND","ND","ND","ND","ND","ND","ND","ND","ND","ND","ND","ND","ND","ND","ND","ND","ND","535","26","162","347","ND","ND","ND","ND","ND","ND","ND","ND","ND","ND","ND","ND","ND","ND","ND","ND","ND","ND","ND","ND","ND","ND","ND","ND","ND","ND","ND","ND","ND","ND","ND","ND","349","13","142","194","ND","ND","ND","ND","ND","ND","ND","ND","ND","ND","ND","ND","ND","ND","ND","ND","ND","ND","ND","ND","ND","ND","ND","ND","ND","ND","ND","ND","ND","ND","ND","ND",
"Casos_de_tuberculosis",	15,"México","2020","519","30","167","322","ND","ND","ND","ND","ND","ND","ND","ND","ND","ND","ND","ND","ND","ND","ND","ND","ND","ND","ND","ND","ND","ND","ND","ND","ND","ND","ND","ND","ND","ND","ND","ND","329","21","90","218","ND","ND","ND","ND","ND","ND","ND","ND","ND","ND","ND","ND","ND","ND","ND","ND","ND","ND","ND","ND","ND","ND","ND","ND","ND","ND","ND","ND","ND","ND","ND","ND","190","9","77","104","ND","ND","ND","ND","ND","ND","ND","ND","ND","ND","ND","ND","ND","ND","ND","ND","ND","ND","ND","ND","ND","ND","ND","ND","ND","ND","ND","ND","ND","ND","ND","ND",
"Casos_de_tuberculosis",	16,"Michoacán_de_Ocampo","2020","243","2","48","193","ND","ND","ND","ND","ND","ND","ND","ND","ND","ND","ND","ND","ND","ND","ND","ND","ND","ND","ND","ND","ND","ND","ND","ND","ND","ND","ND","ND","ND","ND","ND","ND","140","2","23","115","ND","ND","ND","ND","ND","ND","ND","ND","ND","ND","ND","ND","ND","ND","ND","ND","ND","ND","ND","ND","ND","ND","ND","ND","ND","ND","ND","ND","ND","ND","ND","ND","103","0","25","78","ND","ND","ND","ND","ND","ND","ND","ND","ND","ND","ND","ND","ND","ND","ND","ND","ND","ND","ND","ND","ND","ND","ND","ND","ND","ND","ND","ND","ND","ND","ND","ND",
"Casos_de_tuberculosis",	17,"Morelos","2020","136","2","55","79","ND","ND","ND","ND","ND","ND","ND","ND","ND","ND","ND","ND","ND","ND","ND","ND","ND","ND","ND","ND","ND","ND","ND","ND","ND","ND","ND","ND","ND","ND","ND","ND","77","1","27","49","ND","ND","ND","ND","ND","ND","ND","ND","ND","ND","ND","ND","ND","ND","ND","ND","ND","ND","ND","ND","ND","ND","ND","ND","ND","ND","ND","ND","ND","ND","ND","ND","59","1","28","30","ND","ND","ND","ND","ND","ND","ND","ND","ND","ND","ND","ND","ND","ND","ND","ND","ND","ND","ND","ND","ND","ND","ND","ND","ND","ND","ND","ND","ND","ND","ND","ND",
"Casos_de_tuberculosis",	18,"Nayarit","2020","324","5","101","218","ND","ND","ND","ND","ND","ND","ND","ND","ND","ND","ND","ND","ND","ND","ND","ND","ND","ND","ND","ND","ND","ND","ND","ND","ND","ND","ND","ND","ND","ND","ND","ND","192","2","56","134","ND","ND","ND","ND","ND","ND","ND","ND","ND","ND","ND","ND","ND","ND","ND","ND","ND","ND","ND","ND","ND","ND","ND","ND","ND","ND","ND","ND","ND","ND","ND","ND","132","3","45","84","ND","ND","ND","ND","ND","ND","ND","ND","ND","ND","ND","ND","ND","ND","ND","ND","ND","ND","ND","ND","ND","ND","ND","ND","ND","ND","ND","ND","ND","ND","ND","ND",
"Casos_de_tuberculosis",	19,"Nuevo_León","2020","1,286","22","207","1,057","ND","ND","ND","ND","ND","ND","ND","ND","ND","ND","ND","ND","ND","ND","ND","ND","ND","ND","ND","ND","ND","ND","ND","ND","ND","ND","ND","ND","ND","ND","ND","ND","810","14","120","676","ND","ND","ND","ND","ND","ND","ND","ND","ND","ND","ND","ND","ND","ND","ND","ND","ND","ND","ND","ND","ND","ND","ND","ND","ND","ND","ND","ND","ND","ND","ND","ND","476","8","87","381","ND","ND","ND","ND","ND","ND","ND","ND","ND","ND","ND","ND","ND","ND","ND","ND","ND","ND","ND","ND","ND","ND","ND","ND","ND","ND","ND","ND","ND","ND","ND","ND",
"Casos_de_tuberculosis",	20,"Oaxaca","2020","449","6","65","378","ND","ND","ND","ND","ND","ND","ND","ND","ND","ND","ND","ND","ND","ND","ND","ND","ND","ND","ND","ND","ND","ND","ND","ND","ND","ND","ND","ND","ND","ND","ND","ND","267","2","30","235","ND","ND","ND","ND","ND","ND","ND","ND","ND","ND","ND","ND","ND","ND","ND","ND","ND","ND","ND","ND","ND","ND","ND","ND","ND","ND","ND","ND","ND","ND","ND","ND","182","4","35","143","ND","ND","ND","ND","ND","ND","ND","ND","ND","ND","ND","ND","ND","ND","ND","ND","ND","ND","ND","ND","ND","ND","ND","ND","ND","ND","ND","ND","ND","ND","ND","ND",
"Casos_de_tuberculosis",	21,"Puebla","2020","350","11","85","254","ND","ND","ND","ND","ND","ND","ND","ND","ND","ND","ND","ND","ND","ND","ND","ND","ND","ND","ND","ND","ND","ND","ND","ND","ND","ND","ND","ND","ND","ND","ND","ND","197","9","51","137","ND","ND","ND","ND","ND","ND","ND","ND","ND","ND","ND","ND","ND","ND","ND","ND","ND","ND","ND","ND","ND","ND","ND","ND","ND","ND","ND","ND","ND","ND","ND","ND","153","2","34","117","ND","ND","ND","ND","ND","ND","ND","ND","ND","ND","ND","ND","ND","ND","ND","ND","ND","ND","ND","ND","ND","ND","ND","ND","ND","ND","ND","ND","ND","ND","ND","ND",
"Casos_de_tuberculosis",	22,"Querétaro","2020","162","4","72","86","ND","ND","ND","ND","ND","ND","ND","ND","ND","ND","ND","ND","ND","ND","ND","ND","ND","ND","ND","ND","ND","ND","ND","ND","ND","ND","ND","ND","ND","ND","ND","ND","87","2","35","50","ND","ND","ND","ND","ND","ND","ND","ND","ND","ND","ND","ND","ND","ND","ND","ND","ND","ND","ND","ND","ND","ND","ND","ND","ND","ND","ND","ND","ND","ND","ND","ND","75","2","37","36","ND","ND","ND","ND","ND","ND","ND","ND","ND","ND","ND","ND","ND","ND","ND","ND","ND","ND","ND","ND","ND","ND","ND","ND","ND","ND","ND","ND","ND","ND","ND","ND",
"Casos_de_tuberculosis",	23,"Quintana_Roo","2020","344","8","54","282","ND","ND","ND","ND","ND","ND","ND","ND","ND","ND","ND","ND","ND","ND","ND","ND","ND","ND","ND","ND","ND","ND","ND","ND","ND","ND","ND","ND","ND","ND","ND","ND","226","6","32","188","ND","ND","ND","ND","ND","ND","ND","ND","ND","ND","ND","ND","ND","ND","ND","ND","ND","ND","ND","ND","ND","ND","ND","ND","ND","ND","ND","ND","ND","ND","ND","ND","118","2","22","94","ND","ND","ND","ND","ND","ND","ND","ND","ND","ND","ND","ND","ND","ND","ND","ND","ND","ND","ND","ND","ND","ND","ND","ND","ND","ND","ND","ND","ND","ND","ND","ND",
"Casos_de_tuberculosis",	24,"San_Luis_Potosí","2020","389","25","132","232","ND","ND","ND","ND","ND","ND","ND","ND","ND","ND","ND","ND","ND","ND","ND","ND","ND","ND","ND","ND","ND","ND","ND","ND","ND","ND","ND","ND","ND","ND","ND","ND","235","14","64","157","ND","ND","ND","ND","ND","ND","ND","ND","ND","ND","ND","ND","ND","ND","ND","ND","ND","ND","ND","ND","ND","ND","ND","ND","ND","ND","ND","ND","ND","ND","ND","ND","154","11","68","75","ND","ND","ND","ND","ND","ND","ND","ND","ND","ND","ND","ND","ND","ND","ND","ND","ND","ND","ND","ND","ND","ND","ND","ND","ND","ND","ND","ND","ND","ND","ND","ND",
"Casos_de_tuberculosis",	25,"Sinaloa","2020","940","11","126","803","ND","ND","ND","ND","ND","ND","ND","ND","ND","ND","ND","ND","ND","ND","ND","ND","ND","ND","ND","ND","ND","ND","ND","ND","ND","ND","ND","ND","ND","ND","ND","ND","633","8","72","553","ND","ND","ND","ND","ND","ND","ND","ND","ND","ND","ND","ND","ND","ND","ND","ND","ND","ND","ND","ND","ND","ND","ND","ND","ND","ND","ND","ND","ND","ND","ND","ND","307","3","54","250","ND","ND","ND","ND","ND","ND","ND","ND","ND","ND","ND","ND","ND","ND","ND","ND","ND","ND","ND","ND","ND","ND","ND","ND","ND","ND","ND","ND","ND","ND","ND","ND",
"Casos_de_tuberculosis",	26,"Sonora","2020","914","10","102","802","ND","ND","ND","ND","ND","ND","ND","ND","ND","ND","ND","ND","ND","ND","ND","ND","ND","ND","ND","ND","ND","ND","ND","ND","ND","ND","ND","ND","ND","ND","ND","ND","656","6","62","588","ND","ND","ND","ND","ND","ND","ND","ND","ND","ND","ND","ND","ND","ND","ND","ND","ND","ND","ND","ND","ND","ND","ND","ND","ND","ND","ND","ND","ND","ND","ND","ND","258","4","40","214","ND","ND","ND","ND","ND","ND","ND","ND","ND","ND","ND","ND","ND","ND","ND","ND","ND","ND","ND","ND","ND","ND","ND","ND","ND","ND","ND","ND","ND","ND","ND","ND",
"Casos_de_tuberculosis",	27,"Tabasco","2020","568","5","55","508","ND","ND","ND","ND","ND","ND","ND","ND","ND","ND","ND","ND","ND","ND","ND","ND","ND","ND","ND","ND","ND","ND","ND","ND","ND","ND","ND","ND","ND","ND","ND","ND","368","5","38","325","ND","ND","ND","ND","ND","ND","ND","ND","ND","ND","ND","ND","ND","ND","ND","ND","ND","ND","ND","ND","ND","ND","ND","ND","ND","ND","ND","ND","ND","ND","ND","ND","200","0","17","183","ND","ND","ND","ND","ND","ND","ND","ND","ND","ND","ND","ND","ND","ND","ND","ND","ND","ND","ND","ND","ND","ND","ND","ND","ND","ND","ND","ND","ND","ND","ND","ND",
"Casos_de_tuberculosis",	28,"Tamaulipas","2020","912","3","96","813","ND","ND","ND","ND","ND","ND","ND","ND","ND","ND","ND","ND","ND","ND","ND","ND","ND","ND","ND","ND","ND","ND","ND","ND","ND","ND","ND","ND","ND","ND","ND","ND","561","1","58","502","ND","ND","ND","ND","ND","ND","ND","ND","ND","ND","ND","ND","ND","ND","ND","ND","ND","ND","ND","ND","ND","ND","ND","ND","ND","ND","ND","ND","ND","ND","ND","ND","351","2","38","311","ND","ND","ND","ND","ND","ND","ND","ND","ND","ND","ND","ND","ND","ND","ND","ND","ND","ND","ND","ND","ND","ND","ND","ND","ND","ND","ND","ND","ND","ND","ND","ND",
"Casos_de_tuberculosis",	29,"Tlaxcala","2020","25","0","4","21","ND","ND","ND","ND","ND","ND","ND","ND","ND","ND","ND","ND","ND","ND","ND","ND","ND","ND","ND","ND","ND","ND","ND","ND","ND","ND","ND","ND","ND","ND","ND","ND","13","0","3","10","ND","ND","ND","ND","ND","ND","ND","ND","ND","ND","ND","ND","ND","ND","ND","ND","ND","ND","ND","ND","ND","ND","ND","ND","ND","ND","ND","ND","ND","ND","ND","ND","12","0","1","11","ND","ND","ND","ND","ND","ND","ND","ND","ND","ND","ND","ND","ND","ND","ND","ND","ND","ND","ND","ND","ND","ND","ND","ND","ND","ND","ND","ND","ND","ND","ND","ND",
"Casos_de_tuberculosis",	30,"Veracruz_de_Ignacio_de_la_Llave","2020","1,619","30","220","1,369","ND","ND","ND","ND","ND","ND","ND","ND","ND","ND","ND","ND","ND","ND","ND","ND","ND","ND","ND","ND","ND","ND","ND","ND","ND","ND","ND","ND","ND","ND","ND","ND","1,017","22","136","859","ND","ND","ND","ND","ND","ND","ND","ND","ND","ND","ND","ND","ND","ND","ND","ND","ND","ND","ND","ND","ND","ND","ND","ND","ND","ND","ND","ND","ND","ND","ND","ND","602","8","84","510","ND","ND","ND","ND","ND","ND","ND","ND","ND","ND","ND","ND","ND","ND","ND","ND","ND","ND","ND","ND","ND","ND","ND","ND","ND","ND","ND","ND","ND","ND","ND","ND",
"Casos_de_tuberculosis",	31,"Yucatán","2020","202","3","44","155","ND","ND","ND","ND","ND","ND","ND","ND","ND","ND","ND","ND","ND","ND","ND","ND","ND","ND","ND","ND","ND","ND","ND","ND","ND","ND","ND","ND","ND","ND","ND","ND","121","3","32","86","ND","ND","ND","ND","ND","ND","ND","ND","ND","ND","ND","ND","ND","ND","ND","ND","ND","ND","ND","ND","ND","ND","ND","ND","ND","ND","ND","ND","ND","ND","ND","ND","81","0","12","69","ND","ND","ND","ND","ND","ND","ND","ND","ND","ND","ND","ND","ND","ND","ND","ND","ND","ND","ND","ND","ND","ND","ND","ND","ND","ND","ND","ND","ND","ND","ND","ND",
"Casos_de_tuberculosis",	32,"Zacatecas","2020","77","10","41","26","ND","ND","ND","ND","ND","ND","ND","ND","ND","ND","ND","ND","ND","ND","ND","ND","ND","ND","ND","ND","ND","ND","ND","ND","ND","ND","ND","ND","ND","ND","ND","ND","43","6","20","17","ND","ND","ND","ND","ND","ND","ND","ND","ND","ND","ND","ND","ND","ND","ND","ND","ND","ND","ND","ND","ND","ND","ND","ND","ND","ND","ND","ND","ND","ND","ND","ND","34","4","21","9","ND","ND","ND","ND","ND","ND","ND","ND","ND","ND","ND","ND","ND","ND","ND","ND","ND","ND","ND","ND","ND","ND","ND","ND","ND","ND","ND","ND","ND","ND","ND","ND",
"Casos_de_tuberculosis",	00,"Estados_Unidos_Mexicanos","2019","24,446","499","4,153","19,794","57","3","16","38","179","14","80","85","425","16","203","206","3,390","77","641","2,672","8,642","222","1,632","6,788","8,133","137","1,089","6,907","3,620","30","492","3,098","ND","ND","ND","ND","15,631","339","2,355","12,937","31","0","7","24","97","8","40","49","209","5","98","106","2,099","51","357","1,691","5,731","154","958","4,619","5,233","100","629","4,504","2,231","21","266","1,944","ND","ND","ND","ND","8,815","160","1,798","6,857","26","3","9","14","82","6","40","36","216","11","105","100","1,291","26","284","981","2,911","68","674","2,169","2,900","37","460","2,403","1,389","9","226","1,154","ND","ND","ND","ND",
"Casos_de_tuberculosis",	01,"Aguascalientes","2019","92","8","42","42","ND","ND","ND","ND","ND","ND","ND","ND","ND","ND","ND","ND","ND","ND","ND","ND","ND","ND","ND","ND","ND","ND","ND","ND","ND","ND","ND","ND","ND","ND","ND","ND","56","4","26","26","ND","ND","ND","ND","ND","ND","ND","ND","ND","ND","ND","ND","ND","ND","ND","ND","ND","ND","ND","ND","ND","ND","ND","ND","ND","ND","ND","ND","ND","ND","ND","ND","36","4","16","16","ND","ND","ND","ND","ND","ND","ND","ND","ND","ND","ND","ND","ND","ND","ND","ND","ND","ND","ND","ND","ND","ND","ND","ND","ND","ND","ND","ND","ND","ND","ND","ND",
"Casos_de_tuberculosis",	02,"Baja_California","2019","2,667","57","455","2,155","ND","ND","ND","ND","ND","ND","ND","ND","ND","ND","ND","ND","ND","ND","ND","ND","ND","ND","ND","ND","ND","ND","ND","ND","ND","ND","ND","ND","ND","ND","ND","ND","1,793","39","260","1,494","ND","ND","ND","ND","ND","ND","ND","ND","ND","ND","ND","ND","ND","ND","ND","ND","ND","ND","ND","ND","ND","ND","ND","ND","ND","ND","ND","ND","ND","ND","ND","ND","874","18","195","661","ND","ND","ND","ND","ND","ND","ND","ND","ND","ND","ND","ND","ND","ND","ND","ND","ND","ND","ND","ND","ND","ND","ND","ND","ND","ND","ND","ND","ND","ND","ND","ND",
"Casos_de_tuberculosis",	03,"Baja_California_Sur","2019","298","2","47","249","ND","ND","ND","ND","ND","ND","ND","ND","ND","ND","ND","ND","ND","ND","ND","ND","ND","ND","ND","ND","ND","ND","ND","ND","ND","ND","ND","ND","ND","ND","ND","ND","213","1","29","183","ND","ND","ND","ND","ND","ND","ND","ND","ND","ND","ND","ND","ND","ND","ND","ND","ND","ND","ND","ND","ND","ND","ND","ND","ND","ND","ND","ND","ND","ND","ND","ND","85","1","18","66","ND","ND","ND","ND","ND","ND","ND","ND","ND","ND","ND","ND","ND","ND","ND","ND","ND","ND","ND","ND","ND","ND","ND","ND","ND","ND","ND","ND","ND","ND","ND","ND",
"Casos_de_tuberculosis",	04,"Campeche","2019","224","3","52","169","ND","ND","ND","ND","ND","ND","ND","ND","ND","ND","ND","ND","ND","ND","ND","ND","ND","ND","ND","ND","ND","ND","ND","ND","ND","ND","ND","ND","ND","ND","ND","ND","154","2","37","115","ND","ND","ND","ND","ND","ND","ND","ND","ND","ND","ND","ND","ND","ND","ND","ND","ND","ND","ND","ND","ND","ND","ND","ND","ND","ND","ND","ND","ND","ND","ND","ND","70","1","15","54","ND","ND","ND","ND","ND","ND","ND","ND","ND","ND","ND","ND","ND","ND","ND","ND","ND","ND","ND","ND","ND","ND","ND","ND","ND","ND","ND","ND","ND","ND","ND","ND",
"Casos_de_tuberculosis",	05,"Coahuila_de_Zaragoza","2019","631","5","76","550","ND","ND","ND","ND","ND","ND","ND","ND","ND","ND","ND","ND","ND","ND","ND","ND","ND","ND","ND","ND","ND","ND","ND","ND","ND","ND","ND","ND","ND","ND","ND","ND","370","3","43","324","ND","ND","ND","ND","ND","ND","ND","ND","ND","ND","ND","ND","ND","ND","ND","ND","ND","ND","ND","ND","ND","ND","ND","ND","ND","ND","ND","ND","ND","ND","ND","ND","261","2","33","226","ND","ND","ND","ND","ND","ND","ND","ND","ND","ND","ND","ND","ND","ND","ND","ND","ND","ND","ND","ND","ND","ND","ND","ND","ND","ND","ND","ND","ND","ND","ND","ND",
"Casos_de_tuberculosis",	06,"Colima","2019","175","2","24","149","ND","ND","ND","ND","ND","ND","ND","ND","ND","ND","ND","ND","ND","ND","ND","ND","ND","ND","ND","ND","ND","ND","ND","ND","ND","ND","ND","ND","ND","ND","ND","ND","117","2","15","100","ND","ND","ND","ND","ND","ND","ND","ND","ND","ND","ND","ND","ND","ND","ND","ND","ND","ND","ND","ND","ND","ND","ND","ND","ND","ND","ND","ND","ND","ND","ND","ND","58","0","9","49","ND","ND","ND","ND","ND","ND","ND","ND","ND","ND","ND","ND","ND","ND","ND","ND","ND","ND","ND","ND","ND","ND","ND","ND","ND","ND","ND","ND","ND","ND","ND","ND",
"Casos_de_tuberculosis",	07,"Chiapas","2019","1,501","7","115","1,379","ND","ND","ND","ND","ND","ND","ND","ND","ND","ND","ND","ND","ND","ND","ND","ND","ND","ND","ND","ND","ND","ND","ND","ND","ND","ND","ND","ND","ND","ND","ND","ND","926","4","53","869","ND","ND","ND","ND","ND","ND","ND","ND","ND","ND","ND","ND","ND","ND","ND","ND","ND","ND","ND","ND","ND","ND","ND","ND","ND","ND","ND","ND","ND","ND","ND","ND","575","3","62","510","ND","ND","ND","ND","ND","ND","ND","ND","ND","ND","ND","ND","ND","ND","ND","ND","ND","ND","ND","ND","ND","ND","ND","ND","ND","ND","ND","ND","ND","ND","ND","ND",
"Casos_de_tuberculosis",	08,"Chihuahua","2019","764","16","180","568","ND","ND","ND","ND","ND","ND","ND","ND","ND","ND","ND","ND","ND","ND","ND","ND","ND","ND","ND","ND","ND","ND","ND","ND","ND","ND","ND","ND","ND","ND","ND","ND","476","10","108","358","ND","ND","ND","ND","ND","ND","ND","ND","ND","ND","ND","ND","ND","ND","ND","ND","ND","ND","ND","ND","ND","ND","ND","ND","ND","ND","ND","ND","ND","ND","ND","ND","288","6","72","210","ND","ND","ND","ND","ND","ND","ND","ND","ND","ND","ND","ND","ND","ND","ND","ND","ND","ND","ND","ND","ND","ND","ND","ND","ND","ND","ND","ND","ND","ND","ND","ND",
"Casos_de_tuberculosis",	09,"Ciudad_de_México","2019","794","34","234","526","ND","ND","ND","ND","ND","ND","ND","ND","ND","ND","ND","ND","ND","ND","ND","ND","ND","ND","ND","ND","ND","ND","ND","ND","ND","ND","ND","ND","ND","ND","ND","ND","454","29","123","302","ND","ND","ND","ND","ND","ND","ND","ND","ND","ND","ND","ND","ND","ND","ND","ND","ND","ND","ND","ND","ND","ND","ND","ND","ND","ND","ND","ND","ND","ND","ND","ND","340","5","111","224","ND","ND","ND","ND","ND","ND","ND","ND","ND","ND","ND","ND","ND","ND","ND","ND","ND","ND","ND","ND","ND","ND","ND","ND","ND","ND","ND","ND","ND","ND","ND","ND",
"Casos_de_tuberculosis",	10,"Durango","2019","223","3","54","166","ND","ND","ND","ND","ND","ND","ND","ND","ND","ND","ND","ND","ND","ND","ND","ND","ND","ND","ND","ND","ND","ND","ND","ND","ND","ND","ND","ND","ND","ND","ND","ND","147","2","32","113","ND","ND","ND","ND","ND","ND","ND","ND","ND","ND","ND","ND","ND","ND","ND","ND","ND","ND","ND","ND","ND","ND","ND","ND","ND","ND","ND","ND","ND","ND","ND","ND","76","1","22","53","ND","ND","ND","ND","ND","ND","ND","ND","ND","ND","ND","ND","ND","ND","ND","ND","ND","ND","ND","ND","ND","ND","ND","ND","ND","ND","ND","ND","ND","ND","ND","ND",
"Casos_de_tuberculosis",	11,"Guanajuato","2019","443","11","139","293","ND","ND","ND","ND","ND","ND","ND","ND","ND","ND","ND","ND","ND","ND","ND","ND","ND","ND","ND","ND","ND","ND","ND","ND","ND","ND","ND","ND","ND","ND","ND","ND","254","8","72","174","ND","ND","ND","ND","ND","ND","ND","ND","ND","ND","ND","ND","ND","ND","ND","ND","ND","ND","ND","ND","ND","ND","ND","ND","ND","ND","ND","ND","ND","ND","ND","ND","189","3","67","119","ND","ND","ND","ND","ND","ND","ND","ND","ND","ND","ND","ND","ND","ND","ND","ND","ND","ND","ND","ND","ND","ND","ND","ND","ND","ND","ND","ND","ND","ND","ND","ND",
"Casos_de_tuberculosis",	12,"Guerrero","2019","1,270","22","102","1,146","ND","ND","ND","ND","ND","ND","ND","ND","ND","ND","ND","ND","ND","ND","ND","ND","ND","ND","ND","ND","ND","ND","ND","ND","ND","ND","ND","ND","ND","ND","ND","ND","786","14","54","718","ND","ND","ND","ND","ND","ND","ND","ND","ND","ND","ND","ND","ND","ND","ND","ND","ND","ND","ND","ND","ND","ND","ND","ND","ND","ND","ND","ND","ND","ND","ND","ND","484","8","48","428","ND","ND","ND","ND","ND","ND","ND","ND","ND","ND","ND","ND","ND","ND","ND","ND","ND","ND","ND","ND","ND","ND","ND","ND","ND","ND","ND","ND","ND","ND","ND","ND",
"Casos_de_tuberculosis",	13,"Hidalgo","2019","214","2","44","168","ND","ND","ND","ND","ND","ND","ND","ND","ND","ND","ND","ND","ND","ND","ND","ND","ND","ND","ND","ND","ND","ND","ND","ND","ND","ND","ND","ND","ND","ND","ND","ND","132","2","25","105","ND","ND","ND","ND","ND","ND","ND","ND","ND","ND","ND","ND","ND","ND","ND","ND","ND","ND","ND","ND","ND","ND","ND","ND","ND","ND","ND","ND","ND","ND","ND","ND","82","0","19","63","ND","ND","ND","ND","ND","ND","ND","ND","ND","ND","ND","ND","ND","ND","ND","ND","ND","ND","ND","ND","ND","ND","ND","ND","ND","ND","ND","ND","ND","ND","ND","ND",
"Casos_de_tuberculosis",	14,"Jalisco","2019","1,125","39","297","789","ND","ND","ND","ND","ND","ND","ND","ND","ND","ND","ND","ND","ND","ND","ND","ND","ND","ND","ND","ND","ND","ND","ND","ND","ND","ND","ND","ND","ND","ND","ND","ND","725","29","156","540","ND","ND","ND","ND","ND","ND","ND","ND","ND","ND","ND","ND","ND","ND","ND","ND","ND","ND","ND","ND","ND","ND","ND","ND","ND","ND","ND","ND","ND","ND","ND","ND","400","10","141","249","ND","ND","ND","ND","ND","ND","ND","ND","ND","ND","ND","ND","ND","ND","ND","ND","ND","ND","ND","ND","ND","ND","ND","ND","ND","ND","ND","ND","ND","ND","ND","ND",
"Casos_de_tuberculosis",	15,"México","2019","848","38","248","562","ND","ND","ND","ND","ND","ND","ND","ND","ND","ND","ND","ND","ND","ND","ND","ND","ND","ND","ND","ND","ND","ND","ND","ND","ND","ND","ND","ND","ND","ND","ND","ND","519","24","137","358","ND","ND","ND","ND","ND","ND","ND","ND","ND","ND","ND","ND","ND","ND","ND","ND","ND","ND","ND","ND","ND","ND","ND","ND","ND","ND","ND","ND","ND","ND","ND","ND","329","14","111","204","ND","ND","ND","ND","ND","ND","ND","ND","ND","ND","ND","ND","ND","ND","ND","ND","ND","ND","ND","ND","ND","ND","ND","ND","ND","ND","ND","ND","ND","ND","ND","ND",
"Casos_de_tuberculosis",	16,"Michoacán_de_Ocampo","2019","328","7","65","256","ND","ND","ND","ND","ND","ND","ND","ND","ND","ND","ND","ND","ND","ND","ND","ND","ND","ND","ND","ND","ND","ND","ND","ND","ND","ND","ND","ND","ND","ND","ND","ND","203","4","29","170","ND","ND","ND","ND","ND","ND","ND","ND","ND","ND","ND","ND","ND","ND","ND","ND","ND","ND","ND","ND","ND","ND","ND","ND","ND","ND","ND","ND","ND","ND","ND","ND","125","3","36","86","ND","ND","ND","ND","ND","ND","ND","ND","ND","ND","ND","ND","ND","ND","ND","ND","ND","ND","ND","ND","ND","ND","ND","ND","ND","ND","ND","ND","ND","ND","ND","ND",
"Casos_de_tuberculosis",	17,"Morelos","2019","210","6","63","141","ND","ND","ND","ND","ND","ND","ND","ND","ND","ND","ND","ND","ND","ND","ND","ND","ND","ND","ND","ND","ND","ND","ND","ND","ND","ND","ND","ND","ND","ND","ND","ND","125","4","34","87","ND","ND","ND","ND","ND","ND","ND","ND","ND","ND","ND","ND","ND","ND","ND","ND","ND","ND","ND","ND","ND","ND","ND","ND","ND","ND","ND","ND","ND","ND","ND","ND","85","2","29","54","ND","ND","ND","ND","ND","ND","ND","ND","ND","ND","ND","ND","ND","ND","ND","ND","ND","ND","ND","ND","ND","ND","ND","ND","ND","ND","ND","ND","ND","ND","ND","ND",
"Casos_de_tuberculosis",	18,"Nayarit","2019","386","7","82","297","ND","ND","ND","ND","ND","ND","ND","ND","ND","ND","ND","ND","ND","ND","ND","ND","ND","ND","ND","ND","ND","ND","ND","ND","ND","ND","ND","ND","ND","ND","ND","ND","250","3","51","196","ND","ND","ND","ND","ND","ND","ND","ND","ND","ND","ND","ND","ND","ND","ND","ND","ND","ND","ND","ND","ND","ND","ND","ND","ND","ND","ND","ND","ND","ND","ND","ND","136","4","31","101","ND","ND","ND","ND","ND","ND","ND","ND","ND","ND","ND","ND","ND","ND","ND","ND","ND","ND","ND","ND","ND","ND","ND","ND","ND","ND","ND","ND","ND","ND","ND","ND",
"Casos_de_tuberculosis",	19,"Nuevo_León","2019","1,907","39","258","1,610","ND","ND","ND","ND","ND","ND","ND","ND","ND","ND","ND","ND","ND","ND","ND","ND","ND","ND","ND","ND","ND","ND","ND","ND","ND","ND","ND","ND","ND","ND","ND","ND","1,213","27","150","1,036","ND","ND","ND","ND","ND","ND","ND","ND","ND","ND","ND","ND","ND","ND","ND","ND","ND","ND","ND","ND","ND","ND","ND","ND","ND","ND","ND","ND","ND","ND","ND","ND","694","12","108","574","ND","ND","ND","ND","ND","ND","ND","ND","ND","ND","ND","ND","ND","ND","ND","ND","ND","ND","ND","ND","ND","ND","ND","ND","ND","ND","ND","ND","ND","ND","ND","ND",
"Casos_de_tuberculosis",	20,"Oaxaca","2019","769","14","128","627","ND","ND","ND","ND","ND","ND","ND","ND","ND","ND","ND","ND","ND","ND","ND","ND","ND","ND","ND","ND","ND","ND","ND","ND","ND","ND","ND","ND","ND","ND","ND","ND","454","9","59","386","ND","ND","ND","ND","ND","ND","ND","ND","ND","ND","ND","ND","ND","ND","ND","ND","ND","ND","ND","ND","ND","ND","ND","ND","ND","ND","ND","ND","ND","ND","ND","ND","315","5","69","241","ND","ND","ND","ND","ND","ND","ND","ND","ND","ND","ND","ND","ND","ND","ND","ND","ND","ND","ND","ND","ND","ND","ND","ND","ND","ND","ND","ND","ND","ND","ND","ND",
"Casos_de_tuberculosis",	21,"Puebla","2019","611","21","128","462","ND","ND","ND","ND","ND","ND","ND","ND","ND","ND","ND","ND","ND","ND","ND","ND","ND","ND","ND","ND","ND","ND","ND","ND","ND","ND","ND","ND","ND","ND","ND","ND","344","14","65","265","ND","ND","ND","ND","ND","ND","ND","ND","ND","ND","ND","ND","ND","ND","ND","ND","ND","ND","ND","ND","ND","ND","ND","ND","ND","ND","ND","ND","ND","ND","ND","ND","267","7","63","197","ND","ND","ND","ND","ND","ND","ND","ND","ND","ND","ND","ND","ND","ND","ND","ND","ND","ND","ND","ND","ND","ND","ND","ND","ND","ND","ND","ND","ND","ND","ND","ND",
"Casos_de_tuberculosis",	22,"Querétaro","2019","263","8","107","148","ND","ND","ND","ND","ND","ND","ND","ND","ND","ND","ND","ND","ND","ND","ND","ND","ND","ND","ND","ND","ND","ND","ND","ND","ND","ND","ND","ND","ND","ND","ND","ND","142","5","45","92","ND","ND","ND","ND","ND","ND","ND","ND","ND","ND","ND","ND","ND","ND","ND","ND","ND","ND","ND","ND","ND","ND","ND","ND","ND","ND","ND","ND","ND","ND","ND","ND","121","3","62","56","ND","ND","ND","ND","ND","ND","ND","ND","ND","ND","ND","ND","ND","ND","ND","ND","ND","ND","ND","ND","ND","ND","ND","ND","ND","ND","ND","ND","ND","ND","ND","ND",
"Casos_de_tuberculosis",	23,"Quintana_Roo","2019","544","5","83","456","ND","ND","ND","ND","ND","ND","ND","ND","ND","ND","ND","ND","ND","ND","ND","ND","ND","ND","ND","ND","ND","ND","ND","ND","ND","ND","ND","ND","ND","ND","ND","ND","362","4","51","307","ND","ND","ND","ND","ND","ND","ND","ND","ND","ND","ND","ND","ND","ND","ND","ND","ND","ND","ND","ND","ND","ND","ND","ND","ND","ND","ND","ND","ND","ND","ND","ND","182","1","32","149","ND","ND","ND","ND","ND","ND","ND","ND","ND","ND","ND","ND","ND","ND","ND","ND","ND","ND","ND","ND","ND","ND","ND","ND","ND","ND","ND","ND","ND","ND","ND","ND",
"Casos_de_tuberculosis",	24,"San_Luis_Potosí","2019","490","18","165","307","ND","ND","ND","ND","ND","ND","ND","ND","ND","ND","ND","ND","ND","ND","ND","ND","ND","ND","ND","ND","ND","ND","ND","ND","ND","ND","ND","ND","ND","ND","ND","ND","259","11","66","182","ND","ND","ND","ND","ND","ND","ND","ND","ND","ND","ND","ND","ND","ND","ND","ND","ND","ND","ND","ND","ND","ND","ND","ND","ND","ND","ND","ND","ND","ND","ND","ND","231","7","99","125","ND","ND","ND","ND","ND","ND","ND","ND","ND","ND","ND","ND","ND","ND","ND","ND","ND","ND","ND","ND","ND","ND","ND","ND","ND","ND","ND","ND","ND","ND","ND","ND",
"Casos_de_tuberculosis",	25,"Sinaloa","2019","1,152","14","195","943","ND","ND","ND","ND","ND","ND","ND","ND","ND","ND","ND","ND","ND","ND","ND","ND","ND","ND","ND","ND","ND","ND","ND","ND","ND","ND","ND","ND","ND","ND","ND","ND","795","8","127","660","ND","ND","ND","ND","ND","ND","ND","ND","ND","ND","ND","ND","ND","ND","ND","ND","ND","ND","ND","ND","ND","ND","ND","ND","ND","ND","ND","ND","ND","ND","ND","ND","357","6","68","283","ND","ND","ND","ND","ND","ND","ND","ND","ND","ND","ND","ND","ND","ND","ND","ND","ND","ND","ND","ND","ND","ND","ND","ND","ND","ND","ND","ND","ND","ND","ND","ND",
"Casos_de_tuberculosis",	26,"Sonora","2019","1,298","26","137","1,135","ND","ND","ND","ND","ND","ND","ND","ND","ND","ND","ND","ND","ND","ND","ND","ND","ND","ND","ND","ND","ND","ND","ND","ND","ND","ND","ND","ND","ND","ND","ND","ND","940","19","89","832","ND","ND","ND","ND","ND","ND","ND","ND","ND","ND","ND","ND","ND","ND","ND","ND","ND","ND","ND","ND","ND","ND","ND","ND","ND","ND","ND","ND","ND","ND","ND","ND","358","7","48","303","ND","ND","ND","ND","ND","ND","ND","ND","ND","ND","ND","ND","ND","ND","ND","ND","ND","ND","ND","ND","ND","ND","ND","ND","ND","ND","ND","ND","ND","ND","ND","ND",
"Casos_de_tuberculosis",	27,"Tabasco","2019","860","12","79","769","ND","ND","ND","ND","ND","ND","ND","ND","ND","ND","ND","ND","ND","ND","ND","ND","ND","ND","ND","ND","ND","ND","ND","ND","ND","ND","ND","ND","ND","ND","ND","ND","586","8","61","517","ND","ND","ND","ND","ND","ND","ND","ND","ND","ND","ND","ND","ND","ND","ND","ND","ND","ND","ND","ND","ND","ND","ND","ND","ND","ND","ND","ND","ND","ND","ND","ND","274","4","18","252","ND","ND","ND","ND","ND","ND","ND","ND","ND","ND","ND","ND","ND","ND","ND","ND","ND","ND","ND","ND","ND","ND","ND","ND","ND","ND","ND","ND","ND","ND","ND","ND",
"Casos_de_tuberculosis",	28,"Tamaulipas","2019","1,330","2","122","1,206","ND","ND","ND","ND","ND","ND","ND","ND","ND","ND","ND","ND","ND","ND","ND","ND","ND","ND","ND","ND","ND","ND","ND","ND","ND","ND","ND","ND","ND","ND","ND","ND","893","1","72","820","ND","ND","ND","ND","ND","ND","ND","ND","ND","ND","ND","ND","ND","ND","ND","ND","ND","ND","ND","ND","ND","ND","ND","ND","ND","ND","ND","ND","ND","ND","ND","ND","437","1","50","386","ND","ND","ND","ND","ND","ND","ND","ND","ND","ND","ND","ND","ND","ND","ND","ND","ND","ND","ND","ND","ND","ND","ND","ND","ND","ND","ND","ND","ND","ND","ND","ND",
"Casos_de_tuberculosis",	29,"Tlaxcala","2019","35","0","2","33","ND","ND","ND","ND","ND","ND","ND","ND","ND","ND","ND","ND","ND","ND","ND","ND","ND","ND","ND","ND","ND","ND","ND","ND","ND","ND","ND","ND","ND","ND","ND","ND","25","0","1","24","ND","ND","ND","ND","ND","ND","ND","ND","ND","ND","ND","ND","ND","ND","ND","ND","ND","ND","ND","ND","ND","ND","ND","ND","ND","ND","ND","ND","ND","ND","ND","ND","10","0","1","9","ND","ND","ND","ND","ND","ND","ND","ND","ND","ND","ND","ND","ND","ND","ND","ND","ND","ND","ND","ND","ND","ND","ND","ND","ND","ND","ND","ND","ND","ND","ND","ND",
"Casos_de_tuberculosis",	30,"Veracruz_de_Ignacio_de_la_Llave","2019","2,565","56","345","2,164","ND","ND","ND","ND","ND","ND","ND","ND","ND","ND","ND","ND","ND","ND","ND","ND","ND","ND","ND","ND","ND","ND","ND","ND","ND","ND","ND","ND","ND","ND","ND","ND","1,629","36","226","1,367","ND","ND","ND","ND","ND","ND","ND","ND","ND","ND","ND","ND","ND","ND","ND","ND","ND","ND","ND","ND","ND","ND","ND","ND","ND","ND","ND","ND","ND","ND","ND","ND","936","20","119","797","ND","ND","ND","ND","ND","ND","ND","ND","ND","ND","ND","ND","ND","ND","ND","ND","ND","ND","ND","ND","ND","ND","ND","ND","ND","ND","ND","ND","ND","ND","ND","ND",
"Casos_de_tuberculosis",	31,"Yucatán","2019","323","9","46","268","ND","ND","ND","ND","ND","ND","ND","ND","ND","ND","ND","ND","ND","ND","ND","ND","ND","ND","ND","ND","ND","ND","ND","ND","ND","ND","ND","ND","ND","ND","ND","ND","222","8","37","177","ND","ND","ND","ND","ND","ND","ND","ND","ND","ND","ND","ND","ND","ND","ND","ND","ND","ND","ND","ND","ND","ND","ND","ND","ND","ND","ND","ND","ND","ND","ND","ND","101","1","9","91","ND","ND","ND","ND","ND","ND","ND","ND","ND","ND","ND","ND","ND","ND","ND","ND","ND","ND","ND","ND","ND","ND","ND","ND","ND","ND","ND","ND","ND","ND","ND","ND",
"Casos_de_tuberculosis",	32,"Zacatecas","2019","106","6","39","61","ND","ND","ND","ND","ND","ND","ND","ND","ND","ND","ND","ND","ND","ND","ND","ND","ND","ND","ND","ND","ND","ND","ND","ND","ND","ND","ND","ND","ND","ND","ND","ND","67","5","22","40","ND","ND","ND","ND","ND","ND","ND","ND","ND","ND","ND","ND","ND","ND","ND","ND","ND","ND","ND","ND","ND","ND","ND","ND","ND","ND","ND","ND","ND","ND","ND","ND","39","1","17","21","ND","ND","ND","ND","ND","ND","ND","ND","ND","ND","ND","ND","ND","ND","ND","ND","ND","ND","ND","ND","ND","ND","ND","ND","ND","ND","ND","ND","ND","ND","ND","ND",
"Casos_de_tuberculosis",	00,"Estados_Unidos_Mexicanos","2018","22,133","460","4,115","17,558","98","4","28","66","188","7","83","98","451","15","180","256","3,171","71","651","2,449","7,732","204","1,626","5,902","7,173","132","1,043","5,998","3,320","27","504","2,789","ND","ND","ND","ND","13,770","305","2,328","11,137","60","2","16","42","116","6","47","63","209","9","77","123","1,921","50","327","1,544","5,003","142","998","3,863","4,445","80","581","3,784","2,016","16","282","1,718","ND","ND","ND","ND","8,363","155","1,787","6,421","38","2","12","24","72","1","36","35","242","6","103","133","1,250","21","324","905","2,729","62","628","2,039","2,728","52","462","2,214","1,304","11","222","1,071","ND","ND","ND","ND",
"Casos_de_tuberculosis",	01,"Aguascalientes","2018","76","1","43","32","ND","ND","ND","ND","ND","ND","ND","ND","ND","ND","ND","ND","ND","ND","ND","ND","ND","ND","ND","ND","ND","ND","ND","ND","ND","ND","ND","ND","ND","ND","ND","ND","41","1","16","24","ND","ND","ND","ND","ND","ND","ND","ND","ND","ND","ND","ND","ND","ND","ND","ND","ND","ND","ND","ND","ND","ND","ND","ND","ND","ND","ND","ND","ND","ND","ND","ND","35","0","27","8","ND","ND","ND","ND","ND","ND","ND","ND","ND","ND","ND","ND","ND","ND","ND","ND","ND","ND","ND","ND","ND","ND","ND","ND","ND","ND","ND","ND","ND","ND","ND","ND",
"Casos_de_tuberculosis",	02,"Baja_California","2018","2,099","41","400","1,658","ND","ND","ND","ND","ND","ND","ND","ND","ND","ND","ND","ND","ND","ND","ND","ND","ND","ND","ND","ND","ND","ND","ND","ND","ND","ND","ND","ND","ND","ND","ND","ND","1,414","28","235","1,151","ND","ND","ND","ND","ND","ND","ND","ND","ND","ND","ND","ND","ND","ND","ND","ND","ND","ND","ND","ND","ND","ND","ND","ND","ND","ND","ND","ND","ND","ND","ND","ND","685","13","165","507","ND","ND","ND","ND","ND","ND","ND","ND","ND","ND","ND","ND","ND","ND","ND","ND","ND","ND","ND","ND","ND","ND","ND","ND","ND","ND","ND","ND","ND","ND","ND","ND",
"Casos_de_tuberculosis",	03,"Baja_California_Sur","2018","246","1","49","196","ND","ND","ND","ND","ND","ND","ND","ND","ND","ND","ND","ND","ND","ND","ND","ND","ND","ND","ND","ND","ND","ND","ND","ND","ND","ND","ND","ND","ND","ND","ND","ND","176","0","38","138","ND","ND","ND","ND","ND","ND","ND","ND","ND","ND","ND","ND","ND","ND","ND","ND","ND","ND","ND","ND","ND","ND","ND","ND","ND","ND","ND","ND","ND","ND","ND","ND","70","1","11","58","ND","ND","ND","ND","ND","ND","ND","ND","ND","ND","ND","ND","ND","ND","ND","ND","ND","ND","ND","ND","ND","ND","ND","ND","ND","ND","ND","ND","ND","ND","ND","ND",
"Casos_de_tuberculosis",	04,"Campeche","2018","181","1","34","146","ND","ND","ND","ND","ND","ND","ND","ND","ND","ND","ND","ND","ND","ND","ND","ND","ND","ND","ND","ND","ND","ND","ND","ND","ND","ND","ND","ND","ND","ND","ND","ND","128","0","23","105","ND","ND","ND","ND","ND","ND","ND","ND","ND","ND","ND","ND","ND","ND","ND","ND","ND","ND","ND","ND","ND","ND","ND","ND","ND","ND","ND","ND","ND","ND","ND","ND","53","1","11","41","ND","ND","ND","ND","ND","ND","ND","ND","ND","ND","ND","ND","ND","ND","ND","ND","ND","ND","ND","ND","ND","ND","ND","ND","ND","ND","ND","ND","ND","ND","ND","ND",
"Casos_de_tuberculosis",	05,"Coahuila_de_Zaragoza","2018","572","8","81","483","ND","ND","ND","ND","ND","ND","ND","ND","ND","ND","ND","ND","ND","ND","ND","ND","ND","ND","ND","ND","ND","ND","ND","ND","ND","ND","ND","ND","ND","ND","ND","ND","330","7","46","277","ND","ND","ND","ND","ND","ND","ND","ND","ND","ND","ND","ND","ND","ND","ND","ND","ND","ND","ND","ND","ND","ND","ND","ND","ND","ND","ND","ND","ND","ND","ND","ND","242","1","35","206","ND","ND","ND","ND","ND","ND","ND","ND","ND","ND","ND","ND","ND","ND","ND","ND","ND","ND","ND","ND","ND","ND","ND","ND","ND","ND","ND","ND","ND","ND","ND","ND",
"Casos_de_tuberculosis",	06,"Colima","2018","161","1","25","135","ND","ND","ND","ND","ND","ND","ND","ND","ND","ND","ND","ND","ND","ND","ND","ND","ND","ND","ND","ND","ND","ND","ND","ND","ND","ND","ND","ND","ND","ND","ND","ND","111","1","18","92","ND","ND","ND","ND","ND","ND","ND","ND","ND","ND","ND","ND","ND","ND","ND","ND","ND","ND","ND","ND","ND","ND","ND","ND","ND","ND","ND","ND","ND","ND","ND","ND","50","0","7","43","ND","ND","ND","ND","ND","ND","ND","ND","ND","ND","ND","ND","ND","ND","ND","ND","ND","ND","ND","ND","ND","ND","ND","ND","ND","ND","ND","ND","ND","ND","ND","ND",
"Casos_de_tuberculosis",	07,"Chiapas","2018","1,372","6","147","1,219","ND","ND","ND","ND","ND","ND","ND","ND","ND","ND","ND","ND","ND","ND","ND","ND","ND","ND","ND","ND","ND","ND","ND","ND","ND","ND","ND","ND","ND","ND","ND","ND","838","5","87","746","ND","ND","ND","ND","ND","ND","ND","ND","ND","ND","ND","ND","ND","ND","ND","ND","ND","ND","ND","ND","ND","ND","ND","ND","ND","ND","ND","ND","ND","ND","ND","ND","534","1","60","473","ND","ND","ND","ND","ND","ND","ND","ND","ND","ND","ND","ND","ND","ND","ND","ND","ND","ND","ND","ND","ND","ND","ND","ND","ND","ND","ND","ND","ND","ND","ND","ND",
"Casos_de_tuberculosis",	08,"Chihuahua","2018","662","10","139","513","ND","ND","ND","ND","ND","ND","ND","ND","ND","ND","ND","ND","ND","ND","ND","ND","ND","ND","ND","ND","ND","ND","ND","ND","ND","ND","ND","ND","ND","ND","ND","ND","412","7","89","316","ND","ND","ND","ND","ND","ND","ND","ND","ND","ND","ND","ND","ND","ND","ND","ND","ND","ND","ND","ND","ND","ND","ND","ND","ND","ND","ND","ND","ND","ND","ND","ND","250","3","50","197","ND","ND","ND","ND","ND","ND","ND","ND","ND","ND","ND","ND","ND","ND","ND","ND","ND","ND","ND","ND","ND","ND","ND","ND","ND","ND","ND","ND","ND","ND","ND","ND",
"Casos_de_tuberculosis",	09,"Ciudad_de_México","2018","791","47","295","449","ND","ND","ND","ND","ND","ND","ND","ND","ND","ND","ND","ND","ND","ND","ND","ND","ND","ND","ND","ND","ND","ND","ND","ND","ND","ND","ND","ND","ND","ND","ND","ND","445","28","163","254","ND","ND","ND","ND","ND","ND","ND","ND","ND","ND","ND","ND","ND","ND","ND","ND","ND","ND","ND","ND","ND","ND","ND","ND","ND","ND","ND","ND","ND","ND","ND","ND","346","19","132","195","ND","ND","ND","ND","ND","ND","ND","ND","ND","ND","ND","ND","ND","ND","ND","ND","ND","ND","ND","ND","ND","ND","ND","ND","ND","ND","ND","ND","ND","ND","ND","ND",
"Casos_de_tuberculosis",	10,"Durango","2018","233","3","59","171","ND","ND","ND","ND","ND","ND","ND","ND","ND","ND","ND","ND","ND","ND","ND","ND","ND","ND","ND","ND","ND","ND","ND","ND","ND","ND","ND","ND","ND","ND","ND","ND","131","2","34","95","ND","ND","ND","ND","ND","ND","ND","ND","ND","ND","ND","ND","ND","ND","ND","ND","ND","ND","ND","ND","ND","ND","ND","ND","ND","ND","ND","ND","ND","ND","ND","ND","102","1","25","76","ND","ND","ND","ND","ND","ND","ND","ND","ND","ND","ND","ND","ND","ND","ND","ND","ND","ND","ND","ND","ND","ND","ND","ND","ND","ND","ND","ND","ND","ND","ND","ND",
"Casos_de_tuberculosis",	11,"Guanajuato","2018","405","18","120","267","ND","ND","ND","ND","ND","ND","ND","ND","ND","ND","ND","ND","ND","ND","ND","ND","ND","ND","ND","ND","ND","ND","ND","ND","ND","ND","ND","ND","ND","ND","ND","ND","248","11","66","171","ND","ND","ND","ND","ND","ND","ND","ND","ND","ND","ND","ND","ND","ND","ND","ND","ND","ND","ND","ND","ND","ND","ND","ND","ND","ND","ND","ND","ND","ND","ND","ND","157","7","54","96","ND","ND","ND","ND","ND","ND","ND","ND","ND","ND","ND","ND","ND","ND","ND","ND","ND","ND","ND","ND","ND","ND","ND","ND","ND","ND","ND","ND","ND","ND","ND","ND",
"Casos_de_tuberculosis",	12,"Guerrero","2018","1,206","8","138","1,060","ND","ND","ND","ND","ND","ND","ND","ND","ND","ND","ND","ND","ND","ND","ND","ND","ND","ND","ND","ND","ND","ND","ND","ND","ND","ND","ND","ND","ND","ND","ND","ND","729","6","79","644","ND","ND","ND","ND","ND","ND","ND","ND","ND","ND","ND","ND","ND","ND","ND","ND","ND","ND","ND","ND","ND","ND","ND","ND","ND","ND","ND","ND","ND","ND","ND","ND","477","2","59","416","ND","ND","ND","ND","ND","ND","ND","ND","ND","ND","ND","ND","ND","ND","ND","ND","ND","ND","ND","ND","ND","ND","ND","ND","ND","ND","ND","ND","ND","ND","ND","ND",
"Casos_de_tuberculosis",	13,"Hidalgo","2018","218","4","29","185","ND","ND","ND","ND","ND","ND","ND","ND","ND","ND","ND","ND","ND","ND","ND","ND","ND","ND","ND","ND","ND","ND","ND","ND","ND","ND","ND","ND","ND","ND","ND","ND","121","3","14","104","ND","ND","ND","ND","ND","ND","ND","ND","ND","ND","ND","ND","ND","ND","ND","ND","ND","ND","ND","ND","ND","ND","ND","ND","ND","ND","ND","ND","ND","ND","ND","ND","97","1","15","81","ND","ND","ND","ND","ND","ND","ND","ND","ND","ND","ND","ND","ND","ND","ND","ND","ND","ND","ND","ND","ND","ND","ND","ND","ND","ND","ND","ND","ND","ND","ND","ND",
"Casos_de_tuberculosis",	14,"Jalisco","2018","1,141","51","391","699","ND","ND","ND","ND","ND","ND","ND","ND","ND","ND","ND","ND","ND","ND","ND","ND","ND","ND","ND","ND","ND","ND","ND","ND","ND","ND","ND","ND","ND","ND","ND","ND","689","36","187","466","ND","ND","ND","ND","ND","ND","ND","ND","ND","ND","ND","ND","ND","ND","ND","ND","ND","ND","ND","ND","ND","ND","ND","ND","ND","ND","ND","ND","ND","ND","ND","ND","452","15","204","233","ND","ND","ND","ND","ND","ND","ND","ND","ND","ND","ND","ND","ND","ND","ND","ND","ND","ND","ND","ND","ND","ND","ND","ND","ND","ND","ND","ND","ND","ND","ND","ND",
"Casos_de_tuberculosis",	15,"México","2018","851","34","285","532","ND","ND","ND","ND","ND","ND","ND","ND","ND","ND","ND","ND","ND","ND","ND","ND","ND","ND","ND","ND","ND","ND","ND","ND","ND","ND","ND","ND","ND","ND","ND","ND","506","25","164","317","ND","ND","ND","ND","ND","ND","ND","ND","ND","ND","ND","ND","ND","ND","ND","ND","ND","ND","ND","ND","ND","ND","ND","ND","ND","ND","ND","ND","ND","ND","ND","ND","345","9","121","215","ND","ND","ND","ND","ND","ND","ND","ND","ND","ND","ND","ND","ND","ND","ND","ND","ND","ND","ND","ND","ND","ND","ND","ND","ND","ND","ND","ND","ND","ND","ND","ND",
"Casos_de_tuberculosis",	16,"Michoacán_de_Ocampo","2018","328","3","51","274","ND","ND","ND","ND","ND","ND","ND","ND","ND","ND","ND","ND","ND","ND","ND","ND","ND","ND","ND","ND","ND","ND","ND","ND","ND","ND","ND","ND","ND","ND","ND","ND","189","1","21","167","ND","ND","ND","ND","ND","ND","ND","ND","ND","ND","ND","ND","ND","ND","ND","ND","ND","ND","ND","ND","ND","ND","ND","ND","ND","ND","ND","ND","ND","ND","ND","ND","139","2","30","107","ND","ND","ND","ND","ND","ND","ND","ND","ND","ND","ND","ND","ND","ND","ND","ND","ND","ND","ND","ND","ND","ND","ND","ND","ND","ND","ND","ND","ND","ND","ND","ND",
"Casos_de_tuberculosis",	17,"Morelos","2018","201","4","64","133","ND","ND","ND","ND","ND","ND","ND","ND","ND","ND","ND","ND","ND","ND","ND","ND","ND","ND","ND","ND","ND","ND","ND","ND","ND","ND","ND","ND","ND","ND","ND","ND","118","1","36","81","ND","ND","ND","ND","ND","ND","ND","ND","ND","ND","ND","ND","ND","ND","ND","ND","ND","ND","ND","ND","ND","ND","ND","ND","ND","ND","ND","ND","ND","ND","ND","ND","83","3","28","52","ND","ND","ND","ND","ND","ND","ND","ND","ND","ND","ND","ND","ND","ND","ND","ND","ND","ND","ND","ND","ND","ND","ND","ND","ND","ND","ND","ND","ND","ND","ND","ND",
"Casos_de_tuberculosis",	18,"Nayarit","2018","376","9","85","282","ND","ND","ND","ND","ND","ND","ND","ND","ND","ND","ND","ND","ND","ND","ND","ND","ND","ND","ND","ND","ND","ND","ND","ND","ND","ND","ND","ND","ND","ND","ND","ND","216","6","53","157","ND","ND","ND","ND","ND","ND","ND","ND","ND","ND","ND","ND","ND","ND","ND","ND","ND","ND","ND","ND","ND","ND","ND","ND","ND","ND","ND","ND","ND","ND","ND","ND","160","3","32","125","ND","ND","ND","ND","ND","ND","ND","ND","ND","ND","ND","ND","ND","ND","ND","ND","ND","ND","ND","ND","ND","ND","ND","ND","ND","ND","ND","ND","ND","ND","ND","ND",
"Casos_de_tuberculosis",	19,"Nuevo_León","2018","1,490","25","199","1,266","ND","ND","ND","ND","ND","ND","ND","ND","ND","ND","ND","ND","ND","ND","ND","ND","ND","ND","ND","ND","ND","ND","ND","ND","ND","ND","ND","ND","ND","ND","ND","ND","961","17","128","816","ND","ND","ND","ND","ND","ND","ND","ND","ND","ND","ND","ND","ND","ND","ND","ND","ND","ND","ND","ND","ND","ND","ND","ND","ND","ND","ND","ND","ND","ND","ND","ND","529","8","71","450","ND","ND","ND","ND","ND","ND","ND","ND","ND","ND","ND","ND","ND","ND","ND","ND","ND","ND","ND","ND","ND","ND","ND","ND","ND","ND","ND","ND","ND","ND","ND","ND",
"Casos_de_tuberculosis",	20,"Oaxaca","2018","734","17","123","594","ND","ND","ND","ND","ND","ND","ND","ND","ND","ND","ND","ND","ND","ND","ND","ND","ND","ND","ND","ND","ND","ND","ND","ND","ND","ND","ND","ND","ND","ND","ND","ND","427","9","57","361","ND","ND","ND","ND","ND","ND","ND","ND","ND","ND","ND","ND","ND","ND","ND","ND","ND","ND","ND","ND","ND","ND","ND","ND","ND","ND","ND","ND","ND","ND","ND","ND","307","8","66","233","ND","ND","ND","ND","ND","ND","ND","ND","ND","ND","ND","ND","ND","ND","ND","ND","ND","ND","ND","ND","ND","ND","ND","ND","ND","ND","ND","ND","ND","ND","ND","ND",
"Casos_de_tuberculosis",	21,"Puebla","2018","581","8","163","410","ND","ND","ND","ND","ND","ND","ND","ND","ND","ND","ND","ND","ND","ND","ND","ND","ND","ND","ND","ND","ND","ND","ND","ND","ND","ND","ND","ND","ND","ND","ND","ND","332","4","78","250","ND","ND","ND","ND","ND","ND","ND","ND","ND","ND","ND","ND","ND","ND","ND","ND","ND","ND","ND","ND","ND","ND","ND","ND","ND","ND","ND","ND","ND","ND","ND","ND","249","4","85","160","ND","ND","ND","ND","ND","ND","ND","ND","ND","ND","ND","ND","ND","ND","ND","ND","ND","ND","ND","ND","ND","ND","ND","ND","ND","ND","ND","ND","ND","ND","ND","ND",
"Casos_de_tuberculosis",	22,"Querétaro","2018","247","12","103","132","ND","ND","ND","ND","ND","ND","ND","ND","ND","ND","ND","ND","ND","ND","ND","ND","ND","ND","ND","ND","ND","ND","ND","ND","ND","ND","ND","ND","ND","ND","ND","ND","126","6","48","72","ND","ND","ND","ND","ND","ND","ND","ND","ND","ND","ND","ND","ND","ND","ND","ND","ND","ND","ND","ND","ND","ND","ND","ND","ND","ND","ND","ND","ND","ND","ND","ND","121","6","55","60","ND","ND","ND","ND","ND","ND","ND","ND","ND","ND","ND","ND","ND","ND","ND","ND","ND","ND","ND","ND","ND","ND","ND","ND","ND","ND","ND","ND","ND","ND","ND","ND",
"Casos_de_tuberculosis",	23,"Quintana_Roo","2018","435","3","50","382","ND","ND","ND","ND","ND","ND","ND","ND","ND","ND","ND","ND","ND","ND","ND","ND","ND","ND","ND","ND","ND","ND","ND","ND","ND","ND","ND","ND","ND","ND","ND","ND","295","2","35","258","ND","ND","ND","ND","ND","ND","ND","ND","ND","ND","ND","ND","ND","ND","ND","ND","ND","ND","ND","ND","ND","ND","ND","ND","ND","ND","ND","ND","ND","ND","ND","ND","140","1","15","124","ND","ND","ND","ND","ND","ND","ND","ND","ND","ND","ND","ND","ND","ND","ND","ND","ND","ND","ND","ND","ND","ND","ND","ND","ND","ND","ND","ND","ND","ND","ND","ND",
"Casos_de_tuberculosis",	24,"San_Luis_Potosí","2018","444","19","153","272","ND","ND","ND","ND","ND","ND","ND","ND","ND","ND","ND","ND","ND","ND","ND","ND","ND","ND","ND","ND","ND","ND","ND","ND","ND","ND","ND","ND","ND","ND","ND","ND","247","12","71","164","ND","ND","ND","ND","ND","ND","ND","ND","ND","ND","ND","ND","ND","ND","ND","ND","ND","ND","ND","ND","ND","ND","ND","ND","ND","ND","ND","ND","ND","ND","ND","ND","197","7","82","108","ND","ND","ND","ND","ND","ND","ND","ND","ND","ND","ND","ND","ND","ND","ND","ND","ND","ND","ND","ND","ND","ND","ND","ND","ND","ND","ND","ND","ND","ND","ND","ND",
"Casos_de_tuberculosis",	25,"Sinaloa","2018","1,015","11","153","851","ND","ND","ND","ND","ND","ND","ND","ND","ND","ND","ND","ND","ND","ND","ND","ND","ND","ND","ND","ND","ND","ND","ND","ND","ND","ND","ND","ND","ND","ND","ND","ND","675","5","89","581","ND","ND","ND","ND","ND","ND","ND","ND","ND","ND","ND","ND","ND","ND","ND","ND","ND","ND","ND","ND","ND","ND","ND","ND","ND","ND","ND","ND","ND","ND","ND","ND","340","6","64","270","ND","ND","ND","ND","ND","ND","ND","ND","ND","ND","ND","ND","ND","ND","ND","ND","ND","ND","ND","ND","ND","ND","ND","ND","ND","ND","ND","ND","ND","ND","ND","ND",
"Casos_de_tuberculosis",	26,"Sonora","2018","1,170","19","138","1,013","ND","ND","ND","ND","ND","ND","ND","ND","ND","ND","ND","ND","ND","ND","ND","ND","ND","ND","ND","ND","ND","ND","ND","ND","ND","ND","ND","ND","ND","ND","ND","ND","813","13","94","706","ND","ND","ND","ND","ND","ND","ND","ND","ND","ND","ND","ND","ND","ND","ND","ND","ND","ND","ND","ND","ND","ND","ND","ND","ND","ND","ND","ND","ND","ND","ND","ND","357","6","44","307","ND","ND","ND","ND","ND","ND","ND","ND","ND","ND","ND","ND","ND","ND","ND","ND","ND","ND","ND","ND","ND","ND","ND","ND","ND","ND","ND","ND","ND","ND","ND","ND",
"Casos_de_tuberculosis",	27,"Tabasco","2018","762","11","83","668","ND","ND","ND","ND","ND","ND","ND","ND","ND","ND","ND","ND","ND","ND","ND","ND","ND","ND","ND","ND","ND","ND","ND","ND","ND","ND","ND","ND","ND","ND","ND","ND","510","8","60","442","ND","ND","ND","ND","ND","ND","ND","ND","ND","ND","ND","ND","ND","ND","ND","ND","ND","ND","ND","ND","ND","ND","ND","ND","ND","ND","ND","ND","ND","ND","ND","ND","252","3","23","226","ND","ND","ND","ND","ND","ND","ND","ND","ND","ND","ND","ND","ND","ND","ND","ND","ND","ND","ND","ND","ND","ND","ND","ND","ND","ND","ND","ND","ND","ND","ND","ND",
"Casos_de_tuberculosis",	28,"Tamaulipas","2018","1,259","5","114","1,140","ND","ND","ND","ND","ND","ND","ND","ND","ND","ND","ND","ND","ND","ND","ND","ND","ND","ND","ND","ND","ND","ND","ND","ND","ND","ND","ND","ND","ND","ND","ND","ND","778","5","53","720","ND","ND","ND","ND","ND","ND","ND","ND","ND","ND","ND","ND","ND","ND","ND","ND","ND","ND","ND","ND","ND","ND","ND","ND","ND","ND","ND","ND","ND","ND","ND","ND","481","0","61","420","ND","ND","ND","ND","ND","ND","ND","ND","ND","ND","ND","ND","ND","ND","ND","ND","ND","ND","ND","ND","ND","ND","ND","ND","ND","ND","ND","ND","ND","ND","ND","ND",
"Casos_de_tuberculosis",	29,"Tlaxcala","2018","55","1","15","39","ND","ND","ND","ND","ND","ND","ND","ND","ND","ND","ND","ND","ND","ND","ND","ND","ND","ND","ND","ND","ND","ND","ND","ND","ND","ND","ND","ND","ND","ND","ND","ND","25","0","8","17","ND","ND","ND","ND","ND","ND","ND","ND","ND","ND","ND","ND","ND","ND","ND","ND","ND","ND","ND","ND","ND","ND","ND","ND","ND","ND","ND","ND","ND","ND","ND","ND","30","1","7","22","ND","ND","ND","ND","ND","ND","ND","ND","ND","ND","ND","ND","ND","ND","ND","ND","ND","ND","ND","ND","ND","ND","ND","ND","ND","ND","ND","ND","ND","ND","ND","ND",
"Casos_de_tuberculosis",	30,"Veracruz_de_Ignacio_de_la_Llave","2018","2,384","57","289","2,038","ND","ND","ND","ND","ND","ND","ND","ND","ND","ND","ND","ND","ND","ND","ND","ND","ND","ND","ND","ND","ND","ND","ND","ND","ND","ND","ND","ND","ND","ND","ND","ND","1,473","40","187","1,246","ND","ND","ND","ND","ND","ND","ND","ND","ND","ND","ND","ND","ND","ND","ND","ND","ND","ND","ND","ND","ND","ND","ND","ND","ND","ND","ND","ND","ND","ND","ND","ND","911","17","102","792","ND","ND","ND","ND","ND","ND","ND","ND","ND","ND","ND","ND","ND","ND","ND","ND","ND","ND","ND","ND","ND","ND","ND","ND","ND","ND","ND","ND","ND","ND","ND","ND",
"Casos_de_tuberculosis",	31,"Yucatán","2018","305","14","41","250","ND","ND","ND","ND","ND","ND","ND","ND","ND","ND","ND","ND","ND","ND","ND","ND","ND","ND","ND","ND","ND","ND","ND","ND","ND","ND","ND","ND","ND","ND","ND","ND","186","11","24","151","ND","ND","ND","ND","ND","ND","ND","ND","ND","ND","ND","ND","ND","ND","ND","ND","ND","ND","ND","ND","ND","ND","ND","ND","ND","ND","ND","ND","ND","ND","ND","ND","119","3","17","99","ND","ND","ND","ND","ND","ND","ND","ND","ND","ND","ND","ND","ND","ND","ND","ND","ND","ND","ND","ND","ND","ND","ND","ND","ND","ND","ND","ND","ND","ND","ND","ND",
"Casos_de_tuberculosis",	32,"Zacatecas","2018","133","8","56","69","ND","ND","ND","ND","ND","ND","ND","ND","ND","ND","ND","ND","ND","ND","ND","ND","ND","ND","ND","ND","ND","ND","ND","ND","ND","ND","ND","ND","ND","ND","ND","ND","80","5","27","48","ND","ND","ND","ND","ND","ND","ND","ND","ND","ND","ND","ND","ND","ND","ND","ND","ND","ND","ND","ND","ND","ND","ND","ND","ND","ND","ND","ND","ND","ND","ND","ND","53","3","29","21","ND","ND","ND","ND","ND","ND","ND","ND","ND","ND","ND","ND","ND","ND","ND","ND","ND","ND","ND","ND","ND","ND","ND","ND","ND","ND","ND","ND","ND","ND","ND","ND",
"Casos_de_tuberculosis",	00,"Estados_Unidos_Mexicanos","2017","21,694","422","4,171","17,101","95","9","24","62","171","11","72","88","422","15","190","217","3,160","61","621","2,478","7,491","184","1,648","5,659","7,145","117","1,116","5,912","3,210","25","500","2,685","ND","ND","ND","ND","13,657","288","2,355","11,014","51","4","12","35","96","4","39","53","189","11","85","93","1,892","37","328","1,527","5,012","134","1,008","3,870","4,556","80","629","3,847","1,861","18","254","1,589","ND","ND","ND","ND","8,037","134","1,816","6,087","44","5","12","27","75","7","33","35","233","4","105","124","1,268","24","293","951","2,479","50","640","1,789","2,589","37","487","2,065","1,349","7","246","1,096","ND","ND","ND","ND",
"Casos_de_tuberculosis",	01,"Aguascalientes","2017","60","1","27","32","ND","ND","ND","ND","ND","ND","ND","ND","ND","ND","ND","ND","ND","ND","ND","ND","ND","ND","ND","ND","ND","ND","ND","ND","ND","ND","ND","ND","ND","ND","ND","ND","42","1","15","26","ND","ND","ND","ND","ND","ND","ND","ND","ND","ND","ND","ND","ND","ND","ND","ND","ND","ND","ND","ND","ND","ND","ND","ND","ND","ND","ND","ND","ND","ND","ND","ND","18","0","12","6","ND","ND","ND","ND","ND","ND","ND","ND","ND","ND","ND","ND","ND","ND","ND","ND","ND","ND","ND","ND","ND","ND","ND","ND","ND","ND","ND","ND","ND","ND","ND","ND",
"Casos_de_tuberculosis",	02,"Baja_California","2017","2,094","54","446","1,594","ND","ND","ND","ND","ND","ND","ND","ND","ND","ND","ND","ND","ND","ND","ND","ND","ND","ND","ND","ND","ND","ND","ND","ND","ND","ND","ND","ND","ND","ND","ND","ND","1,411","40","242","1,129","ND","ND","ND","ND","ND","ND","ND","ND","ND","ND","ND","ND","ND","ND","ND","ND","ND","ND","ND","ND","ND","ND","ND","ND","ND","ND","ND","ND","ND","ND","ND","ND","683","14","204","465","ND","ND","ND","ND","ND","ND","ND","ND","ND","ND","ND","ND","ND","ND","ND","ND","ND","ND","ND","ND","ND","ND","ND","ND","ND","ND","ND","ND","ND","ND","ND","ND",
"Casos_de_tuberculosis",	03,"Baja_California_Sur","2017","212","1","41","170","ND","ND","ND","ND","ND","ND","ND","ND","ND","ND","ND","ND","ND","ND","ND","ND","ND","ND","ND","ND","ND","ND","ND","ND","ND","ND","ND","ND","ND","ND","ND","ND","134","0","25","109","ND","ND","ND","ND","ND","ND","ND","ND","ND","ND","ND","ND","ND","ND","ND","ND","ND","ND","ND","ND","ND","ND","ND","ND","ND","ND","ND","ND","ND","ND","ND","ND","78","1","16","61","ND","ND","ND","ND","ND","ND","ND","ND","ND","ND","ND","ND","ND","ND","ND","ND","ND","ND","ND","ND","ND","ND","ND","ND","ND","ND","ND","ND","ND","ND","ND","ND",
"Casos_de_tuberculosis",	04,"Campeche","2017","155","0","23","132","ND","ND","ND","ND","ND","ND","ND","ND","ND","ND","ND","ND","ND","ND","ND","ND","ND","ND","ND","ND","ND","ND","ND","ND","ND","ND","ND","ND","ND","ND","ND","ND","112","0","16","96","ND","ND","ND","ND","ND","ND","ND","ND","ND","ND","ND","ND","ND","ND","ND","ND","ND","ND","ND","ND","ND","ND","ND","ND","ND","ND","ND","ND","ND","ND","ND","ND","43","0","7","36","ND","ND","ND","ND","ND","ND","ND","ND","ND","ND","ND","ND","ND","ND","ND","ND","ND","ND","ND","ND","ND","ND","ND","ND","ND","ND","ND","ND","ND","ND","ND","ND",
"Casos_de_tuberculosis",	05,"Coahuila_de_Zaragoza","2017","599","5","91","503","ND","ND","ND","ND","ND","ND","ND","ND","ND","ND","ND","ND","ND","ND","ND","ND","ND","ND","ND","ND","ND","ND","ND","ND","ND","ND","ND","ND","ND","ND","ND","ND","353","4","46","303","ND","ND","ND","ND","ND","ND","ND","ND","ND","ND","ND","ND","ND","ND","ND","ND","ND","ND","ND","ND","ND","ND","ND","ND","ND","ND","ND","ND","ND","ND","ND","ND","246","1","45","200","ND","ND","ND","ND","ND","ND","ND","ND","ND","ND","ND","ND","ND","ND","ND","ND","ND","ND","ND","ND","ND","ND","ND","ND","ND","ND","ND","ND","ND","ND","ND","ND",
"Casos_de_tuberculosis",	06,"Colima","2017","182","3","34","145","ND","ND","ND","ND","ND","ND","ND","ND","ND","ND","ND","ND","ND","ND","ND","ND","ND","ND","ND","ND","ND","ND","ND","ND","ND","ND","ND","ND","ND","ND","ND","ND","130","3","23","104","ND","ND","ND","ND","ND","ND","ND","ND","ND","ND","ND","ND","ND","ND","ND","ND","ND","ND","ND","ND","ND","ND","ND","ND","ND","ND","ND","ND","ND","ND","ND","ND","52","0","11","41","ND","ND","ND","ND","ND","ND","ND","ND","ND","ND","ND","ND","ND","ND","ND","ND","ND","ND","ND","ND","ND","ND","ND","ND","ND","ND","ND","ND","ND","ND","ND","ND",
"Casos_de_tuberculosis",	07,"Chiapas","2017","1,365","7","141","1,217","ND","ND","ND","ND","ND","ND","ND","ND","ND","ND","ND","ND","ND","ND","ND","ND","ND","ND","ND","ND","ND","ND","ND","ND","ND","ND","ND","ND","ND","ND","ND","ND","841","6","84","751","ND","ND","ND","ND","ND","ND","ND","ND","ND","ND","ND","ND","ND","ND","ND","ND","ND","ND","ND","ND","ND","ND","ND","ND","ND","ND","ND","ND","ND","ND","ND","ND","524","1","57","466","ND","ND","ND","ND","ND","ND","ND","ND","ND","ND","ND","ND","ND","ND","ND","ND","ND","ND","ND","ND","ND","ND","ND","ND","ND","ND","ND","ND","ND","ND","ND","ND",
"Casos_de_tuberculosis",	08,"Chihuahua","2017","688","12","131","545","ND","ND","ND","ND","ND","ND","ND","ND","ND","ND","ND","ND","ND","ND","ND","ND","ND","ND","ND","ND","ND","ND","ND","ND","ND","ND","ND","ND","ND","ND","ND","ND","416","6","78","332","ND","ND","ND","ND","ND","ND","ND","ND","ND","ND","ND","ND","ND","ND","ND","ND","ND","ND","ND","ND","ND","ND","ND","ND","ND","ND","ND","ND","ND","ND","ND","ND","272","6","53","213","ND","ND","ND","ND","ND","ND","ND","ND","ND","ND","ND","ND","ND","ND","ND","ND","ND","ND","ND","ND","ND","ND","ND","ND","ND","ND","ND","ND","ND","ND","ND","ND",
"Casos_de_tuberculosis",	09,"Ciudad_de_México","2017","923","53","327","543","ND","ND","ND","ND","ND","ND","ND","ND","ND","ND","ND","ND","ND","ND","ND","ND","ND","ND","ND","ND","ND","ND","ND","ND","ND","ND","ND","ND","ND","ND","ND","ND","554","36","186","332","ND","ND","ND","ND","ND","ND","ND","ND","ND","ND","ND","ND","ND","ND","ND","ND","ND","ND","ND","ND","ND","ND","ND","ND","ND","ND","ND","ND","ND","ND","ND","ND","369","17","141","211","ND","ND","ND","ND","ND","ND","ND","ND","ND","ND","ND","ND","ND","ND","ND","ND","ND","ND","ND","ND","ND","ND","ND","ND","ND","ND","ND","ND","ND","ND","ND","ND",
"Casos_de_tuberculosis",	10,"Durango","2017","234","5","67","162","ND","ND","ND","ND","ND","ND","ND","ND","ND","ND","ND","ND","ND","ND","ND","ND","ND","ND","ND","ND","ND","ND","ND","ND","ND","ND","ND","ND","ND","ND","ND","ND","131","4","31","96","ND","ND","ND","ND","ND","ND","ND","ND","ND","ND","ND","ND","ND","ND","ND","ND","ND","ND","ND","ND","ND","ND","ND","ND","ND","ND","ND","ND","ND","ND","ND","ND","103","1","36","66","ND","ND","ND","ND","ND","ND","ND","ND","ND","ND","ND","ND","ND","ND","ND","ND","ND","ND","ND","ND","ND","ND","ND","ND","ND","ND","ND","ND","ND","ND","ND","ND",
"Casos_de_tuberculosis",	11,"Guanajuato","2017","339","10","105","224","ND","ND","ND","ND","ND","ND","ND","ND","ND","ND","ND","ND","ND","ND","ND","ND","ND","ND","ND","ND","ND","ND","ND","ND","ND","ND","ND","ND","ND","ND","ND","ND","191","9","41","141","ND","ND","ND","ND","ND","ND","ND","ND","ND","ND","ND","ND","ND","ND","ND","ND","ND","ND","ND","ND","ND","ND","ND","ND","ND","ND","ND","ND","ND","ND","ND","ND","148","1","64","83","ND","ND","ND","ND","ND","ND","ND","ND","ND","ND","ND","ND","ND","ND","ND","ND","ND","ND","ND","ND","ND","ND","ND","ND","ND","ND","ND","ND","ND","ND","ND","ND",
"Casos_de_tuberculosis",	12,"Guerrero","2017","1,196","16","118","1,062","ND","ND","ND","ND","ND","ND","ND","ND","ND","ND","ND","ND","ND","ND","ND","ND","ND","ND","ND","ND","ND","ND","ND","ND","ND","ND","ND","ND","ND","ND","ND","ND","733","10","68","655","ND","ND","ND","ND","ND","ND","ND","ND","ND","ND","ND","ND","ND","ND","ND","ND","ND","ND","ND","ND","ND","ND","ND","ND","ND","ND","ND","ND","ND","ND","ND","ND","463","6","50","407","ND","ND","ND","ND","ND","ND","ND","ND","ND","ND","ND","ND","ND","ND","ND","ND","ND","ND","ND","ND","ND","ND","ND","ND","ND","ND","ND","ND","ND","ND","ND","ND",
"Casos_de_tuberculosis",	13,"Hidalgo","2017","188","4","54","130","ND","ND","ND","ND","ND","ND","ND","ND","ND","ND","ND","ND","ND","ND","ND","ND","ND","ND","ND","ND","ND","ND","ND","ND","ND","ND","ND","ND","ND","ND","ND","ND","107","3","28","76","ND","ND","ND","ND","ND","ND","ND","ND","ND","ND","ND","ND","ND","ND","ND","ND","ND","ND","ND","ND","ND","ND","ND","ND","ND","ND","ND","ND","ND","ND","ND","ND","81","1","26","54","ND","ND","ND","ND","ND","ND","ND","ND","ND","ND","ND","ND","ND","ND","ND","ND","ND","ND","ND","ND","ND","ND","ND","ND","ND","ND","ND","ND","ND","ND","ND","ND",
"Casos_de_tuberculosis",	14,"Jalisco","2017","1,084","21","331","732","ND","ND","ND","ND","ND","ND","ND","ND","ND","ND","ND","ND","ND","ND","ND","ND","ND","ND","ND","ND","ND","ND","ND","ND","ND","ND","ND","ND","ND","ND","ND","ND","651","16","176","459","ND","ND","ND","ND","ND","ND","ND","ND","ND","ND","ND","ND","ND","ND","ND","ND","ND","ND","ND","ND","ND","ND","ND","ND","ND","ND","ND","ND","ND","ND","ND","ND","433","5","155","273","ND","ND","ND","ND","ND","ND","ND","ND","ND","ND","ND","ND","ND","ND","ND","ND","ND","ND","ND","ND","ND","ND","ND","ND","ND","ND","ND","ND","ND","ND","ND","ND",
"Casos_de_tuberculosis",	15,"México","2017","890","39","309","542","ND","ND","ND","ND","ND","ND","ND","ND","ND","ND","ND","ND","ND","ND","ND","ND","ND","ND","ND","ND","ND","ND","ND","ND","ND","ND","ND","ND","ND","ND","ND","ND","497","28","171","298","ND","ND","ND","ND","ND","ND","ND","ND","ND","ND","ND","ND","ND","ND","ND","ND","ND","ND","ND","ND","ND","ND","ND","ND","ND","ND","ND","ND","ND","ND","ND","ND","393","11","138","244","ND","ND","ND","ND","ND","ND","ND","ND","ND","ND","ND","ND","ND","ND","ND","ND","ND","ND","ND","ND","ND","ND","ND","ND","ND","ND","ND","ND","ND","ND","ND","ND",
"Casos_de_tuberculosis",	16,"Michoacán_de_Ocampo","2017","345","4","86","255","ND","ND","ND","ND","ND","ND","ND","ND","ND","ND","ND","ND","ND","ND","ND","ND","ND","ND","ND","ND","ND","ND","ND","ND","ND","ND","ND","ND","ND","ND","ND","ND","206","0","47","159","ND","ND","ND","ND","ND","ND","ND","ND","ND","ND","ND","ND","ND","ND","ND","ND","ND","ND","ND","ND","ND","ND","ND","ND","ND","ND","ND","ND","ND","ND","ND","ND","139","4","39","96","ND","ND","ND","ND","ND","ND","ND","ND","ND","ND","ND","ND","ND","ND","ND","ND","ND","ND","ND","ND","ND","ND","ND","ND","ND","ND","ND","ND","ND","ND","ND","ND",
"Casos_de_tuberculosis",	17,"Morelos","2017","195","2","49","144","ND","ND","ND","ND","ND","ND","ND","ND","ND","ND","ND","ND","ND","ND","ND","ND","ND","ND","ND","ND","ND","ND","ND","ND","ND","ND","ND","ND","ND","ND","ND","ND","120","1","32","87","ND","ND","ND","ND","ND","ND","ND","ND","ND","ND","ND","ND","ND","ND","ND","ND","ND","ND","ND","ND","ND","ND","ND","ND","ND","ND","ND","ND","ND","ND","ND","ND","75","1","17","57","ND","ND","ND","ND","ND","ND","ND","ND","ND","ND","ND","ND","ND","ND","ND","ND","ND","ND","ND","ND","ND","ND","ND","ND","ND","ND","ND","ND","ND","ND","ND","ND",
"Casos_de_tuberculosis",	18,"Nayarit","2017","324","7","68","249","ND","ND","ND","ND","ND","ND","ND","ND","ND","ND","ND","ND","ND","ND","ND","ND","ND","ND","ND","ND","ND","ND","ND","ND","ND","ND","ND","ND","ND","ND","ND","ND","221","5","46","170","ND","ND","ND","ND","ND","ND","ND","ND","ND","ND","ND","ND","ND","ND","ND","ND","ND","ND","ND","ND","ND","ND","ND","ND","ND","ND","ND","ND","ND","ND","ND","ND","103","2","22","79","ND","ND","ND","ND","ND","ND","ND","ND","ND","ND","ND","ND","ND","ND","ND","ND","ND","ND","ND","ND","ND","ND","ND","ND","ND","ND","ND","ND","ND","ND","ND","ND",
"Casos_de_tuberculosis",	19,"Nuevo_León","2017","1,459","27","217","1,215","ND","ND","ND","ND","ND","ND","ND","ND","ND","ND","ND","ND","ND","ND","ND","ND","ND","ND","ND","ND","ND","ND","ND","ND","ND","ND","ND","ND","ND","ND","ND","ND","952","16","125","811","ND","ND","ND","ND","ND","ND","ND","ND","ND","ND","ND","ND","ND","ND","ND","ND","ND","ND","ND","ND","ND","ND","ND","ND","ND","ND","ND","ND","ND","ND","ND","ND","507","11","92","404","ND","ND","ND","ND","ND","ND","ND","ND","ND","ND","ND","ND","ND","ND","ND","ND","ND","ND","ND","ND","ND","ND","ND","ND","ND","ND","ND","ND","ND","ND","ND","ND",
"Casos_de_tuberculosis",	20,"Oaxaca","2017","763","13","131","619","ND","ND","ND","ND","ND","ND","ND","ND","ND","ND","ND","ND","ND","ND","ND","ND","ND","ND","ND","ND","ND","ND","ND","ND","ND","ND","ND","ND","ND","ND","ND","ND","463","11","65","387","ND","ND","ND","ND","ND","ND","ND","ND","ND","ND","ND","ND","ND","ND","ND","ND","ND","ND","ND","ND","ND","ND","ND","ND","ND","ND","ND","ND","ND","ND","ND","ND","300","2","66","232","ND","ND","ND","ND","ND","ND","ND","ND","ND","ND","ND","ND","ND","ND","ND","ND","ND","ND","ND","ND","ND","ND","ND","ND","ND","ND","ND","ND","ND","ND","ND","ND",
"Casos_de_tuberculosis",	21,"Puebla","2017","585","14","177","394","ND","ND","ND","ND","ND","ND","ND","ND","ND","ND","ND","ND","ND","ND","ND","ND","ND","ND","ND","ND","ND","ND","ND","ND","ND","ND","ND","ND","ND","ND","ND","ND","343","10","99","234","ND","ND","ND","ND","ND","ND","ND","ND","ND","ND","ND","ND","ND","ND","ND","ND","ND","ND","ND","ND","ND","ND","ND","ND","ND","ND","ND","ND","ND","ND","ND","ND","242","4","78","160","ND","ND","ND","ND","ND","ND","ND","ND","ND","ND","ND","ND","ND","ND","ND","ND","ND","ND","ND","ND","ND","ND","ND","ND","ND","ND","ND","ND","ND","ND","ND","ND",
"Casos_de_tuberculosis",	22,"Querétaro","2017","196","7","98","91","ND","ND","ND","ND","ND","ND","ND","ND","ND","ND","ND","ND","ND","ND","ND","ND","ND","ND","ND","ND","ND","ND","ND","ND","ND","ND","ND","ND","ND","ND","ND","ND","111","4","49","58","ND","ND","ND","ND","ND","ND","ND","ND","ND","ND","ND","ND","ND","ND","ND","ND","ND","ND","ND","ND","ND","ND","ND","ND","ND","ND","ND","ND","ND","ND","ND","ND","85","3","49","33","ND","ND","ND","ND","ND","ND","ND","ND","ND","ND","ND","ND","ND","ND","ND","ND","ND","ND","ND","ND","ND","ND","ND","ND","ND","ND","ND","ND","ND","ND","ND","ND",
"Casos_de_tuberculosis",	23,"Quintana_Roo","2017","413","1","69","343","ND","ND","ND","ND","ND","ND","ND","ND","ND","ND","ND","ND","ND","ND","ND","ND","ND","ND","ND","ND","ND","ND","ND","ND","ND","ND","ND","ND","ND","ND","ND","ND","291","1","54","236","ND","ND","ND","ND","ND","ND","ND","ND","ND","ND","ND","ND","ND","ND","ND","ND","ND","ND","ND","ND","ND","ND","ND","ND","ND","ND","ND","ND","ND","ND","ND","ND","122","0","15","107","ND","ND","ND","ND","ND","ND","ND","ND","ND","ND","ND","ND","ND","ND","ND","ND","ND","ND","ND","ND","ND","ND","ND","ND","ND","ND","ND","ND","ND","ND","ND","ND",
"Casos_de_tuberculosis",	24,"San_Luis_Potosí","2017","431","9","150","272","ND","ND","ND","ND","ND","ND","ND","ND","ND","ND","ND","ND","ND","ND","ND","ND","ND","ND","ND","ND","ND","ND","ND","ND","ND","ND","ND","ND","ND","ND","ND","ND","235","4","64","167","ND","ND","ND","ND","ND","ND","ND","ND","ND","ND","ND","ND","ND","ND","ND","ND","ND","ND","ND","ND","ND","ND","ND","ND","ND","ND","ND","ND","ND","ND","ND","ND","196","5","86","105","ND","ND","ND","ND","ND","ND","ND","ND","ND","ND","ND","ND","ND","ND","ND","ND","ND","ND","ND","ND","ND","ND","ND","ND","ND","ND","ND","ND","ND","ND","ND","ND",
"Casos_de_tuberculosis",	25,"Sinaloa","2017","974","16","130","828","ND","ND","ND","ND","ND","ND","ND","ND","ND","ND","ND","ND","ND","ND","ND","ND","ND","ND","ND","ND","ND","ND","ND","ND","ND","ND","ND","ND","ND","ND","ND","ND","663","12","85","566","ND","ND","ND","ND","ND","ND","ND","ND","ND","ND","ND","ND","ND","ND","ND","ND","ND","ND","ND","ND","ND","ND","ND","ND","ND","ND","ND","ND","ND","ND","ND","ND","311","4","45","262","ND","ND","ND","ND","ND","ND","ND","ND","ND","ND","ND","ND","ND","ND","ND","ND","ND","ND","ND","ND","ND","ND","ND","ND","ND","ND","ND","ND","ND","ND","ND","ND",
"Casos_de_tuberculosis",	26,"Sonora","2017","1,088","13","145","930","ND","ND","ND","ND","ND","ND","ND","ND","ND","ND","ND","ND","ND","ND","ND","ND","ND","ND","ND","ND","ND","ND","ND","ND","ND","ND","ND","ND","ND","ND","ND","ND","776","8","106","662","ND","ND","ND","ND","ND","ND","ND","ND","ND","ND","ND","ND","ND","ND","ND","ND","ND","ND","ND","ND","ND","ND","ND","ND","ND","ND","ND","ND","ND","ND","ND","ND","312","5","39","268","ND","ND","ND","ND","ND","ND","ND","ND","ND","ND","ND","ND","ND","ND","ND","ND","ND","ND","ND","ND","ND","ND","ND","ND","ND","ND","ND","ND","ND","ND","ND","ND",
"Casos_de_tuberculosis",	27,"Tabasco","2017","815","7","95","713","ND","ND","ND","ND","ND","ND","ND","ND","ND","ND","ND","ND","ND","ND","ND","ND","ND","ND","ND","ND","ND","ND","ND","ND","ND","ND","ND","ND","ND","ND","ND","ND","551","6","62","483","ND","ND","ND","ND","ND","ND","ND","ND","ND","ND","ND","ND","ND","ND","ND","ND","ND","ND","ND","ND","ND","ND","ND","ND","ND","ND","ND","ND","ND","ND","ND","ND","264","1","33","230","ND","ND","ND","ND","ND","ND","ND","ND","ND","ND","ND","ND","ND","ND","ND","ND","ND","ND","ND","ND","ND","ND","ND","ND","ND","ND","ND","ND","ND","ND","ND","ND",
"Casos_de_tuberculosis",	28,"Tamaulipas","2017","1,164","3","100","1,061","ND","ND","ND","ND","ND","ND","ND","ND","ND","ND","ND","ND","ND","ND","ND","ND","ND","ND","ND","ND","ND","ND","ND","ND","ND","ND","ND","ND","ND","ND","ND","ND","717","0","44","673","ND","ND","ND","ND","ND","ND","ND","ND","ND","ND","ND","ND","ND","ND","ND","ND","ND","ND","ND","ND","ND","ND","ND","ND","ND","ND","ND","ND","ND","ND","ND","ND","447","3","56","388","ND","ND","ND","ND","ND","ND","ND","ND","ND","ND","ND","ND","ND","ND","ND","ND","ND","ND","ND","ND","ND","ND","ND","ND","ND","ND","ND","ND","ND","ND","ND","ND",
"Casos_de_tuberculosis",	29,"Tlaxcala","2017","36","0","11","25","ND","ND","ND","ND","ND","ND","ND","ND","ND","ND","ND","ND","ND","ND","ND","ND","ND","ND","ND","ND","ND","ND","ND","ND","ND","ND","ND","ND","ND","ND","ND","ND","21","0","6","15","ND","ND","ND","ND","ND","ND","ND","ND","ND","ND","ND","ND","ND","ND","ND","ND","ND","ND","ND","ND","ND","ND","ND","ND","ND","ND","ND","ND","ND","ND","ND","ND","15","0","5","10","ND","ND","ND","ND","ND","ND","ND","ND","ND","ND","ND","ND","ND","ND","ND","ND","ND","ND","ND","ND","ND","ND","ND","ND","ND","ND","ND","ND","ND","ND","ND","ND",
"Casos_de_tuberculosis",	30,"Veracruz_de_Ignacio_de_la_Llave","2017","2,327","57","311","1,959","ND","ND","ND","ND","ND","ND","ND","ND","ND","ND","ND","ND","ND","ND","ND","ND","ND","ND","ND","ND","ND","ND","ND","ND","ND","ND","ND","ND","ND","ND","ND","ND","1,460","39","190","1,231","ND","ND","ND","ND","ND","ND","ND","ND","ND","ND","ND","ND","ND","ND","ND","ND","ND","ND","ND","ND","ND","ND","ND","ND","ND","ND","ND","ND","ND","ND","ND","ND","867","18","121","728","ND","ND","ND","ND","ND","ND","ND","ND","ND","ND","ND","ND","ND","ND","ND","ND","ND","ND","ND","ND","ND","ND","ND","ND","ND","ND","ND","ND","ND","ND","ND","ND",
"Casos_de_tuberculosis",	31,"Yucatán","2017","273","8","48","217","ND","ND","ND","ND","ND","ND","ND","ND","ND","ND","ND","ND","ND","ND","ND","ND","ND","ND","ND","ND","ND","ND","ND","ND","ND","ND","ND","ND","ND","ND","ND","ND","171","3","28","140","ND","ND","ND","ND","ND","ND","ND","ND","ND","ND","ND","ND","ND","ND","ND","ND","ND","ND","ND","ND","ND","ND","ND","ND","ND","ND","ND","ND","ND","ND","ND","ND","102","5","20","77","ND","ND","ND","ND","ND","ND","ND","ND","ND","ND","ND","ND","ND","ND","ND","ND","ND","ND","ND","ND","ND","ND","ND","ND","ND","ND","ND","ND","ND","ND","ND","ND",
"Casos_de_tuberculosis",	32,"Zacatecas","2017","97","3","41","53","ND","ND","ND","ND","ND","ND","ND","ND","ND","ND","ND","ND","ND","ND","ND","ND","ND","ND","ND","ND","ND","ND","ND","ND","ND","ND","ND","ND","ND","ND","ND","ND","53","2","23","28","ND","ND","ND","ND","ND","ND","ND","ND","ND","ND","ND","ND","ND","ND","ND","ND","ND","ND","ND","ND","ND","ND","ND","ND","ND","ND","ND","ND","ND","ND","ND","ND","44","1","18","25","ND","ND","ND","ND","ND","ND","ND","ND","ND","ND","ND","ND","ND","ND","ND","ND","ND","ND","ND","ND","ND","ND","ND","ND","ND","ND","ND","ND","ND","ND","ND","ND",
"Casos_de_tuberculosis",	00,"Estados_Unidos_Mexicanos","2016","21,184","373","3,898","16,913","94","0","35","59","174","12","89","73","504","23","225","256","3,165","50","606","2,509","7,395","183","1,526","5,686","6,747","76","991","5,680","3,105","29","426","2,650","ND","ND","ND","ND","13,048","238","2,071","10,739","59","0","21","38","89","5","51","33","223","13","91","119","1,852","29","305","1,518","4,807","119","889","3,799","4,163","56","509","3,598","1,855","16","205","1,634","ND","ND","ND","ND","8,136","135","1,827","6,174","35","0","14","21","85","7","38","40","281","10","134","137","1,313","21","301","991","2,588","64","637","1,887","2,584","20","482","2,082","1,250","13","221","1,016","ND","ND","ND","ND",
"Casos_de_tuberculosis",	01,"Aguascalientes","2016","70","2","33","35","ND","ND","ND","ND","ND","ND","ND","ND","ND","ND","ND","ND","ND","ND","ND","ND","ND","ND","ND","ND","ND","ND","ND","ND","ND","ND","ND","ND","ND","ND","ND","ND","36","0","14","22","ND","ND","ND","ND","ND","ND","ND","ND","ND","ND","ND","ND","ND","ND","ND","ND","ND","ND","ND","ND","ND","ND","ND","ND","ND","ND","ND","ND","ND","ND","ND","ND","34","2","19","13","ND","ND","ND","ND","ND","ND","ND","ND","ND","ND","ND","ND","ND","ND","ND","ND","ND","ND","ND","ND","ND","ND","ND","ND","ND","ND","ND","ND","ND","ND","ND","ND",
"Casos_de_tuberculosis",	02,"Baja_California","2016","2,047","37","423","1,587","ND","ND","ND","ND","ND","ND","ND","ND","ND","ND","ND","ND","ND","ND","ND","ND","ND","ND","ND","ND","ND","ND","ND","ND","ND","ND","ND","ND","ND","ND","ND","ND","1,359","25","224","1,110","ND","ND","ND","ND","ND","ND","ND","ND","ND","ND","ND","ND","ND","ND","ND","ND","ND","ND","ND","ND","ND","ND","ND","ND","ND","ND","ND","ND","ND","ND","ND","ND","688","12","199","477","ND","ND","ND","ND","ND","ND","ND","ND","ND","ND","ND","ND","ND","ND","ND","ND","ND","ND","ND","ND","ND","ND","ND","ND","ND","ND","ND","ND","ND","ND","ND","ND",
"Casos_de_tuberculosis",	03,"Baja_California_Sur","2016","209","1","42","166","ND","ND","ND","ND","ND","ND","ND","ND","ND","ND","ND","ND","ND","ND","ND","ND","ND","ND","ND","ND","ND","ND","ND","ND","ND","ND","ND","ND","ND","ND","ND","ND","147","0","26","121","ND","ND","ND","ND","ND","ND","ND","ND","ND","ND","ND","ND","ND","ND","ND","ND","ND","ND","ND","ND","ND","ND","ND","ND","ND","ND","ND","ND","ND","ND","ND","ND","62","1","16","45","ND","ND","ND","ND","ND","ND","ND","ND","ND","ND","ND","ND","ND","ND","ND","ND","ND","ND","ND","ND","ND","ND","ND","ND","ND","ND","ND","ND","ND","ND","ND","ND",
"Casos_de_tuberculosis",	04,"Campeche","2016","180","1","21","158","ND","ND","ND","ND","ND","ND","ND","ND","ND","ND","ND","ND","ND","ND","ND","ND","ND","ND","ND","ND","ND","ND","ND","ND","ND","ND","ND","ND","ND","ND","ND","ND","117","1","16","100","ND","ND","ND","ND","ND","ND","ND","ND","ND","ND","ND","ND","ND","ND","ND","ND","ND","ND","ND","ND","ND","ND","ND","ND","ND","ND","ND","ND","ND","ND","ND","ND","63","0","5","58","ND","ND","ND","ND","ND","ND","ND","ND","ND","ND","ND","ND","ND","ND","ND","ND","ND","ND","ND","ND","ND","ND","ND","ND","ND","ND","ND","ND","ND","ND","ND","ND",
"Casos_de_tuberculosis",	05,"Coahuila_de_Zaragoza","2016","522","7","78","437","ND","ND","ND","ND","ND","ND","ND","ND","ND","ND","ND","ND","ND","ND","ND","ND","ND","ND","ND","ND","ND","ND","ND","ND","ND","ND","ND","ND","ND","ND","ND","ND","317","3","40","274","ND","ND","ND","ND","ND","ND","ND","ND","ND","ND","ND","ND","ND","ND","ND","ND","ND","ND","ND","ND","ND","ND","ND","ND","ND","ND","ND","ND","ND","ND","ND","ND","205","4","38","163","ND","ND","ND","ND","ND","ND","ND","ND","ND","ND","ND","ND","ND","ND","ND","ND","ND","ND","ND","ND","ND","ND","ND","ND","ND","ND","ND","ND","ND","ND","ND","ND",
"Casos_de_tuberculosis",	06,"Colima","2016","160","1","20","139","ND","ND","ND","ND","ND","ND","ND","ND","ND","ND","ND","ND","ND","ND","ND","ND","ND","ND","ND","ND","ND","ND","ND","ND","ND","ND","ND","ND","ND","ND","ND","ND","106","0","15","91","ND","ND","ND","ND","ND","ND","ND","ND","ND","ND","ND","ND","ND","ND","ND","ND","ND","ND","ND","ND","ND","ND","ND","ND","ND","ND","ND","ND","ND","ND","ND","ND","54","1","5","48","ND","ND","ND","ND","ND","ND","ND","ND","ND","ND","ND","ND","ND","ND","ND","ND","ND","ND","ND","ND","ND","ND","ND","ND","ND","ND","ND","ND","ND","ND","ND","ND",
"Casos_de_tuberculosis",	07,"Chiapas","2016","1,315","6","154","1,155","ND","ND","ND","ND","ND","ND","ND","ND","ND","ND","ND","ND","ND","ND","ND","ND","ND","ND","ND","ND","ND","ND","ND","ND","ND","ND","ND","ND","ND","ND","ND","ND","754","4","88","662","ND","ND","ND","ND","ND","ND","ND","ND","ND","ND","ND","ND","ND","ND","ND","ND","ND","ND","ND","ND","ND","ND","ND","ND","ND","ND","ND","ND","ND","ND","ND","ND","561","2","66","493","ND","ND","ND","ND","ND","ND","ND","ND","ND","ND","ND","ND","ND","ND","ND","ND","ND","ND","ND","ND","ND","ND","ND","ND","ND","ND","ND","ND","ND","ND","ND","ND",
"Casos_de_tuberculosis",	08,"Chihuahua","2016","714","20","138","556","ND","ND","ND","ND","ND","ND","ND","ND","ND","ND","ND","ND","ND","ND","ND","ND","ND","ND","ND","ND","ND","ND","ND","ND","ND","ND","ND","ND","ND","ND","ND","ND","418","13","71","334","ND","ND","ND","ND","ND","ND","ND","ND","ND","ND","ND","ND","ND","ND","ND","ND","ND","ND","ND","ND","ND","ND","ND","ND","ND","ND","ND","ND","ND","ND","ND","ND","296","7","67","222","ND","ND","ND","ND","ND","ND","ND","ND","ND","ND","ND","ND","ND","ND","ND","ND","ND","ND","ND","ND","ND","ND","ND","ND","ND","ND","ND","ND","ND","ND","ND","ND",
"Casos_de_tuberculosis",	09,"Ciudad_de_México","2016","758","20","284","454","ND","ND","ND","ND","ND","ND","ND","ND","ND","ND","ND","ND","ND","ND","ND","ND","ND","ND","ND","ND","ND","ND","ND","ND","ND","ND","ND","ND","ND","ND","ND","ND","417","12","146","259","ND","ND","ND","ND","ND","ND","ND","ND","ND","ND","ND","ND","ND","ND","ND","ND","ND","ND","ND","ND","ND","ND","ND","ND","ND","ND","ND","ND","ND","ND","ND","ND","341","8","138","195","ND","ND","ND","ND","ND","ND","ND","ND","ND","ND","ND","ND","ND","ND","ND","ND","ND","ND","ND","ND","ND","ND","ND","ND","ND","ND","ND","ND","ND","ND","ND","ND",
"Casos_de_tuberculosis",	10,"Durango","2016","240","3","71","166","ND","ND","ND","ND","ND","ND","ND","ND","ND","ND","ND","ND","ND","ND","ND","ND","ND","ND","ND","ND","ND","ND","ND","ND","ND","ND","ND","ND","ND","ND","ND","ND","141","0","37","104","ND","ND","ND","ND","ND","ND","ND","ND","ND","ND","ND","ND","ND","ND","ND","ND","ND","ND","ND","ND","ND","ND","ND","ND","ND","ND","ND","ND","ND","ND","ND","ND","99","3","34","62","ND","ND","ND","ND","ND","ND","ND","ND","ND","ND","ND","ND","ND","ND","ND","ND","ND","ND","ND","ND","ND","ND","ND","ND","ND","ND","ND","ND","ND","ND","ND","ND",
"Casos_de_tuberculosis",	11,"Guanajuato","2016","309","12","80","217","ND","ND","ND","ND","ND","ND","ND","ND","ND","ND","ND","ND","ND","ND","ND","ND","ND","ND","ND","ND","ND","ND","ND","ND","ND","ND","ND","ND","ND","ND","ND","ND","174","7","37","130","ND","ND","ND","ND","ND","ND","ND","ND","ND","ND","ND","ND","ND","ND","ND","ND","ND","ND","ND","ND","ND","ND","ND","ND","ND","ND","ND","ND","ND","ND","ND","ND","135","5","43","87","ND","ND","ND","ND","ND","ND","ND","ND","ND","ND","ND","ND","ND","ND","ND","ND","ND","ND","ND","ND","ND","ND","ND","ND","ND","ND","ND","ND","ND","ND","ND","ND",
"Casos_de_tuberculosis",	12,"Guerrero","2016","1,181","7","87","1,087","ND","ND","ND","ND","ND","ND","ND","ND","ND","ND","ND","ND","ND","ND","ND","ND","ND","ND","ND","ND","ND","ND","ND","ND","ND","ND","ND","ND","ND","ND","ND","ND","726","4","41","681","ND","ND","ND","ND","ND","ND","ND","ND","ND","ND","ND","ND","ND","ND","ND","ND","ND","ND","ND","ND","ND","ND","ND","ND","ND","ND","ND","ND","ND","ND","ND","ND","455","3","46","406","ND","ND","ND","ND","ND","ND","ND","ND","ND","ND","ND","ND","ND","ND","ND","ND","ND","ND","ND","ND","ND","ND","ND","ND","ND","ND","ND","ND","ND","ND","ND","ND",
"Casos_de_tuberculosis",	13,"Hidalgo","2016","223","5","44","174","ND","ND","ND","ND","ND","ND","ND","ND","ND","ND","ND","ND","ND","ND","ND","ND","ND","ND","ND","ND","ND","ND","ND","ND","ND","ND","ND","ND","ND","ND","ND","ND","130","4","25","101","ND","ND","ND","ND","ND","ND","ND","ND","ND","ND","ND","ND","ND","ND","ND","ND","ND","ND","ND","ND","ND","ND","ND","ND","ND","ND","ND","ND","ND","ND","ND","ND","93","1","19","73","ND","ND","ND","ND","ND","ND","ND","ND","ND","ND","ND","ND","ND","ND","ND","ND","ND","ND","ND","ND","ND","ND","ND","ND","ND","ND","ND","ND","ND","ND","ND","ND",
"Casos_de_tuberculosis",	14,"Jalisco","2016","1,046","33","330","683","ND","ND","ND","ND","ND","ND","ND","ND","ND","ND","ND","ND","ND","ND","ND","ND","ND","ND","ND","ND","ND","ND","ND","ND","ND","ND","ND","ND","ND","ND","ND","ND","617","22","151","444","ND","ND","ND","ND","ND","ND","ND","ND","ND","ND","ND","ND","ND","ND","ND","ND","ND","ND","ND","ND","ND","ND","ND","ND","ND","ND","ND","ND","ND","ND","ND","ND","429","11","179","239","ND","ND","ND","ND","ND","ND","ND","ND","ND","ND","ND","ND","ND","ND","ND","ND","ND","ND","ND","ND","ND","ND","ND","ND","ND","ND","ND","ND","ND","ND","ND","ND",
"Casos_de_tuberculosis",	15,"México","2016","914","34","342","538","ND","ND","ND","ND","ND","ND","ND","ND","ND","ND","ND","ND","ND","ND","ND","ND","ND","ND","ND","ND","ND","ND","ND","ND","ND","ND","ND","ND","ND","ND","ND","ND","484","22","165","297","ND","ND","ND","ND","ND","ND","ND","ND","ND","ND","ND","ND","ND","ND","ND","ND","ND","ND","ND","ND","ND","ND","ND","ND","ND","ND","ND","ND","ND","ND","ND","ND","430","12","177","241","ND","ND","ND","ND","ND","ND","ND","ND","ND","ND","ND","ND","ND","ND","ND","ND","ND","ND","ND","ND","ND","ND","ND","ND","ND","ND","ND","ND","ND","ND","ND","ND",
"Casos_de_tuberculosis",	16,"Michoacán_de_Ocampo","2016","343","2","74","267","ND","ND","ND","ND","ND","ND","ND","ND","ND","ND","ND","ND","ND","ND","ND","ND","ND","ND","ND","ND","ND","ND","ND","ND","ND","ND","ND","ND","ND","ND","ND","ND","206","2","32","172","ND","ND","ND","ND","ND","ND","ND","ND","ND","ND","ND","ND","ND","ND","ND","ND","ND","ND","ND","ND","ND","ND","ND","ND","ND","ND","ND","ND","ND","ND","ND","ND","137","0","42","95","ND","ND","ND","ND","ND","ND","ND","ND","ND","ND","ND","ND","ND","ND","ND","ND","ND","ND","ND","ND","ND","ND","ND","ND","ND","ND","ND","ND","ND","ND","ND","ND",
"Casos_de_tuberculosis",	17,"Morelos","2016","213","2","59","152","ND","ND","ND","ND","ND","ND","ND","ND","ND","ND","ND","ND","ND","ND","ND","ND","ND","ND","ND","ND","ND","ND","ND","ND","ND","ND","ND","ND","ND","ND","ND","ND","131","2","37","92","ND","ND","ND","ND","ND","ND","ND","ND","ND","ND","ND","ND","ND","ND","ND","ND","ND","ND","ND","ND","ND","ND","ND","ND","ND","ND","ND","ND","ND","ND","ND","ND","82","0","22","60","ND","ND","ND","ND","ND","ND","ND","ND","ND","ND","ND","ND","ND","ND","ND","ND","ND","ND","ND","ND","ND","ND","ND","ND","ND","ND","ND","ND","ND","ND","ND","ND",
"Casos_de_tuberculosis",	18,"Nayarit","2016","324","5","62","257","ND","ND","ND","ND","ND","ND","ND","ND","ND","ND","ND","ND","ND","ND","ND","ND","ND","ND","ND","ND","ND","ND","ND","ND","ND","ND","ND","ND","ND","ND","ND","ND","195","2","35","158","ND","ND","ND","ND","ND","ND","ND","ND","ND","ND","ND","ND","ND","ND","ND","ND","ND","ND","ND","ND","ND","ND","ND","ND","ND","ND","ND","ND","ND","ND","ND","ND","129","3","27","99","ND","ND","ND","ND","ND","ND","ND","ND","ND","ND","ND","ND","ND","ND","ND","ND","ND","ND","ND","ND","ND","ND","ND","ND","ND","ND","ND","ND","ND","ND","ND","ND",
"Casos_de_tuberculosis",	19,"Nuevo_León","2016","1,489","14","214","1,261","ND","ND","ND","ND","ND","ND","ND","ND","ND","ND","ND","ND","ND","ND","ND","ND","ND","ND","ND","ND","ND","ND","ND","ND","ND","ND","ND","ND","ND","ND","ND","ND","909","9","112","788","ND","ND","ND","ND","ND","ND","ND","ND","ND","ND","ND","ND","ND","ND","ND","ND","ND","ND","ND","ND","ND","ND","ND","ND","ND","ND","ND","ND","ND","ND","ND","ND","580","5","102","473","ND","ND","ND","ND","ND","ND","ND","ND","ND","ND","ND","ND","ND","ND","ND","ND","ND","ND","ND","ND","ND","ND","ND","ND","ND","ND","ND","ND","ND","ND","ND","ND",
"Casos_de_tuberculosis",	20,"Oaxaca","2016","698","18","104","576","ND","ND","ND","ND","ND","ND","ND","ND","ND","ND","ND","ND","ND","ND","ND","ND","ND","ND","ND","ND","ND","ND","ND","ND","ND","ND","ND","ND","ND","ND","ND","ND","430","12","52","366","ND","ND","ND","ND","ND","ND","ND","ND","ND","ND","ND","ND","ND","ND","ND","ND","ND","ND","ND","ND","ND","ND","ND","ND","ND","ND","ND","ND","ND","ND","ND","ND","268","6","52","210","ND","ND","ND","ND","ND","ND","ND","ND","ND","ND","ND","ND","ND","ND","ND","ND","ND","ND","ND","ND","ND","ND","ND","ND","ND","ND","ND","ND","ND","ND","ND","ND",
"Casos_de_tuberculosis",	21,"Puebla","2016","637","24","194","419","ND","ND","ND","ND","ND","ND","ND","ND","ND","ND","ND","ND","ND","ND","ND","ND","ND","ND","ND","ND","ND","ND","ND","ND","ND","ND","ND","ND","ND","ND","ND","ND","337","15","102","220","ND","ND","ND","ND","ND","ND","ND","ND","ND","ND","ND","ND","ND","ND","ND","ND","ND","ND","ND","ND","ND","ND","ND","ND","ND","ND","ND","ND","ND","ND","ND","ND","300","9","92","199","ND","ND","ND","ND","ND","ND","ND","ND","ND","ND","ND","ND","ND","ND","ND","ND","ND","ND","ND","ND","ND","ND","ND","ND","ND","ND","ND","ND","ND","ND","ND","ND",
"Casos_de_tuberculosis",	22,"Querétaro","2016","207","11","61","135","ND","ND","ND","ND","ND","ND","ND","ND","ND","ND","ND","ND","ND","ND","ND","ND","ND","ND","ND","ND","ND","ND","ND","ND","ND","ND","ND","ND","ND","ND","ND","ND","112","8","25","79","ND","ND","ND","ND","ND","ND","ND","ND","ND","ND","ND","ND","ND","ND","ND","ND","ND","ND","ND","ND","ND","ND","ND","ND","ND","ND","ND","ND","ND","ND","ND","ND","95","3","36","56","ND","ND","ND","ND","ND","ND","ND","ND","ND","ND","ND","ND","ND","ND","ND","ND","ND","ND","ND","ND","ND","ND","ND","ND","ND","ND","ND","ND","ND","ND","ND","ND",
"Casos_de_tuberculosis",	23,"Quintana_Roo","2016","362","5","44","313","ND","ND","ND","ND","ND","ND","ND","ND","ND","ND","ND","ND","ND","ND","ND","ND","ND","ND","ND","ND","ND","ND","ND","ND","ND","ND","ND","ND","ND","ND","ND","ND","260","1","37","222","ND","ND","ND","ND","ND","ND","ND","ND","ND","ND","ND","ND","ND","ND","ND","ND","ND","ND","ND","ND","ND","ND","ND","ND","ND","ND","ND","ND","ND","ND","ND","ND","102","4","7","91","ND","ND","ND","ND","ND","ND","ND","ND","ND","ND","ND","ND","ND","ND","ND","ND","ND","ND","ND","ND","ND","ND","ND","ND","ND","ND","ND","ND","ND","ND","ND","ND",
"Casos_de_tuberculosis",	24,"San_Luis_Potosí","2016","414","6","118","290","ND","ND","ND","ND","ND","ND","ND","ND","ND","ND","ND","ND","ND","ND","ND","ND","ND","ND","ND","ND","ND","ND","ND","ND","ND","ND","ND","ND","ND","ND","ND","ND","223","5","42","176","ND","ND","ND","ND","ND","ND","ND","ND","ND","ND","ND","ND","ND","ND","ND","ND","ND","ND","ND","ND","ND","ND","ND","ND","ND","ND","ND","ND","ND","ND","ND","ND","191","1","76","114","ND","ND","ND","ND","ND","ND","ND","ND","ND","ND","ND","ND","ND","ND","ND","ND","ND","ND","ND","ND","ND","ND","ND","ND","ND","ND","ND","ND","ND","ND","ND","ND",
"Casos_de_tuberculosis",	25,"Sinaloa","2016","970","16","159","795","ND","ND","ND","ND","ND","ND","ND","ND","ND","ND","ND","ND","ND","ND","ND","ND","ND","ND","ND","ND","ND","ND","ND","ND","ND","ND","ND","ND","ND","ND","ND","ND","655","12","105","538","ND","ND","ND","ND","ND","ND","ND","ND","ND","ND","ND","ND","ND","ND","ND","ND","ND","ND","ND","ND","ND","ND","ND","ND","ND","ND","ND","ND","ND","ND","ND","ND","315","4","54","257","ND","ND","ND","ND","ND","ND","ND","ND","ND","ND","ND","ND","ND","ND","ND","ND","ND","ND","ND","ND","ND","ND","ND","ND","ND","ND","ND","ND","ND","ND","ND","ND",
"Casos_de_tuberculosis",	26,"Sonora","2016","1,101","16","117","968","ND","ND","ND","ND","ND","ND","ND","ND","ND","ND","ND","ND","ND","ND","ND","ND","ND","ND","ND","ND","ND","ND","ND","ND","ND","ND","ND","ND","ND","ND","ND","ND","774","11","72","691","ND","ND","ND","ND","ND","ND","ND","ND","ND","ND","ND","ND","ND","ND","ND","ND","ND","ND","ND","ND","ND","ND","ND","ND","ND","ND","ND","ND","ND","ND","ND","ND","327","5","45","277","ND","ND","ND","ND","ND","ND","ND","ND","ND","ND","ND","ND","ND","ND","ND","ND","ND","ND","ND","ND","ND","ND","ND","ND","ND","ND","ND","ND","ND","ND","ND","ND",
"Casos_de_tuberculosis",	27,"Tabasco","2016","800","6","69","725","ND","ND","ND","ND","ND","ND","ND","ND","ND","ND","ND","ND","ND","ND","ND","ND","ND","ND","ND","ND","ND","ND","ND","ND","ND","ND","ND","ND","ND","ND","ND","ND","526","5","36","485","ND","ND","ND","ND","ND","ND","ND","ND","ND","ND","ND","ND","ND","ND","ND","ND","ND","ND","ND","ND","ND","ND","ND","ND","ND","ND","ND","ND","ND","ND","ND","ND","274","1","33","240","ND","ND","ND","ND","ND","ND","ND","ND","ND","ND","ND","ND","ND","ND","ND","ND","ND","ND","ND","ND","ND","ND","ND","ND","ND","ND","ND","ND","ND","ND","ND","ND",
"Casos_de_tuberculosis",	28,"Tamaulipas","2016","1,125","6","105","1,014","ND","ND","ND","ND","ND","ND","ND","ND","ND","ND","ND","ND","ND","ND","ND","ND","ND","ND","ND","ND","ND","ND","ND","ND","ND","ND","ND","ND","ND","ND","ND","ND","692","3","52","637","ND","ND","ND","ND","ND","ND","ND","ND","ND","ND","ND","ND","ND","ND","ND","ND","ND","ND","ND","ND","ND","ND","ND","ND","ND","ND","ND","ND","ND","ND","ND","ND","433","3","53","377","ND","ND","ND","ND","ND","ND","ND","ND","ND","ND","ND","ND","ND","ND","ND","ND","ND","ND","ND","ND","ND","ND","ND","ND","ND","ND","ND","ND","ND","ND","ND","ND",
"Casos_de_tuberculosis",	29,"Tlaxcala","2016","52","1","15","36","ND","ND","ND","ND","ND","ND","ND","ND","ND","ND","ND","ND","ND","ND","ND","ND","ND","ND","ND","ND","ND","ND","ND","ND","ND","ND","ND","ND","ND","ND","ND","ND","26","1","6","19","ND","ND","ND","ND","ND","ND","ND","ND","ND","ND","ND","ND","ND","ND","ND","ND","ND","ND","ND","ND","ND","ND","ND","ND","ND","ND","ND","ND","ND","ND","ND","ND","26","0","9","17","ND","ND","ND","ND","ND","ND","ND","ND","ND","ND","ND","ND","ND","ND","ND","ND","ND","ND","ND","ND","ND","ND","ND","ND","ND","ND","ND","ND","ND","ND","ND","ND",
"Casos_de_tuberculosis",	30,"Veracruz_de_Ignacio_de_la_Llave","2016","2,224","42","287","1,895","ND","ND","ND","ND","ND","ND","ND","ND","ND","ND","ND","ND","ND","ND","ND","ND","ND","ND","ND","ND","ND","ND","ND","ND","ND","ND","ND","ND","ND","ND","ND","ND","1,390","28","186","1,176","ND","ND","ND","ND","ND","ND","ND","ND","ND","ND","ND","ND","ND","ND","ND","ND","ND","ND","ND","ND","ND","ND","ND","ND","ND","ND","ND","ND","ND","ND","ND","ND","834","14","101","719","ND","ND","ND","ND","ND","ND","ND","ND","ND","ND","ND","ND","ND","ND","ND","ND","ND","ND","ND","ND","ND","ND","ND","ND","ND","ND","ND","ND","ND","ND","ND","ND",
"Casos_de_tuberculosis",	31,"Yucatán","2016","258","7","36","215","ND","ND","ND","ND","ND","ND","ND","ND","ND","ND","ND","ND","ND","ND","ND","ND","ND","ND","ND","ND","ND","ND","ND","ND","ND","ND","ND","ND","ND","ND","ND","ND","184","3","22","159","ND","ND","ND","ND","ND","ND","ND","ND","ND","ND","ND","ND","ND","ND","ND","ND","ND","ND","ND","ND","ND","ND","ND","ND","ND","ND","ND","ND","ND","ND","ND","ND","74","4","14","56","ND","ND","ND","ND","ND","ND","ND","ND","ND","ND","ND","ND","ND","ND","ND","ND","ND","ND","ND","ND","ND","ND","ND","ND","ND","ND","ND","ND","ND","ND","ND","ND",
"Casos_de_tuberculosis",	32,"Zacatecas","2016","79","3","33","43","ND","ND","ND","ND","ND","ND","ND","ND","ND","ND","ND","ND","ND","ND","ND","ND","ND","ND","ND","ND","ND","ND","ND","ND","ND","ND","ND","ND","ND","ND","ND","ND","55","2","22","31","ND","ND","ND","ND","ND","ND","ND","ND","ND","ND","ND","ND","ND","ND","ND","ND","ND","ND","ND","ND","ND","ND","ND","ND","ND","ND","ND","ND","ND","ND","ND","ND","24","1","11","12","ND","ND","ND","ND","ND","ND","ND","ND","ND","ND","ND","ND","ND","ND","ND","ND","ND","ND","ND","ND","ND","ND","ND","ND","ND","ND","ND","ND","ND","ND","ND","ND",
"Casos_de_tuberculosis",	00,"Estados_Unidos_Mexicanos","2015","20,561","284","3,815","16,462","93","4","29","60","198","9","98","91","483","7","215","261","3,044","38","591","2,415","7,238","137","1,510","5,591","6,395","68","937","5,390","3,110","21","435","2,654","ND","ND","ND","ND","12,704","188","2,045","10,471","59","2","17","40","112","6","54","52","230","6","110","114","1,798","20","297","1,481","4,665","103","834","3,728","3,950","37","490","3,423","1,890","14","243","1,633","ND","ND","ND","ND","7,857","96","1,770","5,991","34","2","12","20","86","3","44","39","253","1","105","147","1,246","18","294","934","2,573","34","676","1,863","2,445","31","447","1,967","1,220","7","192","1,021","ND","ND","ND","ND",
"Casos_de_tuberculosis",	01,"Aguascalientes","2015","73","2","30","41","ND","ND","ND","ND","ND","ND","ND","ND","ND","ND","ND","ND","ND","ND","ND","ND","ND","ND","ND","ND","ND","ND","ND","ND","ND","ND","ND","ND","ND","ND","ND","ND","33","2","15","16","ND","ND","ND","ND","ND","ND","ND","ND","ND","ND","ND","ND","ND","ND","ND","ND","ND","ND","ND","ND","ND","ND","ND","ND","ND","ND","ND","ND","ND","ND","ND","ND","40","0","15","25","ND","ND","ND","ND","ND","ND","ND","ND","ND","ND","ND","ND","ND","ND","ND","ND","ND","ND","ND","ND","ND","ND","ND","ND","ND","ND","ND","ND","ND","ND","ND","ND",
"Casos_de_tuberculosis",	02,"Baja_California","2015","1,988","38","386","1,564","ND","ND","ND","ND","ND","ND","ND","ND","ND","ND","ND","ND","ND","ND","ND","ND","ND","ND","ND","ND","ND","ND","ND","ND","ND","ND","ND","ND","ND","ND","ND","ND","1,330","30","208","1,092","ND","ND","ND","ND","ND","ND","ND","ND","ND","ND","ND","ND","ND","ND","ND","ND","ND","ND","ND","ND","ND","ND","ND","ND","ND","ND","ND","ND","ND","ND","ND","ND","658","8","178","472","ND","ND","ND","ND","ND","ND","ND","ND","ND","ND","ND","ND","ND","ND","ND","ND","ND","ND","ND","ND","ND","ND","ND","ND","ND","ND","ND","ND","ND","ND","ND","ND",
"Casos_de_tuberculosis",	03,"Baja_California_Sur","2015","184","0","28","156","ND","ND","ND","ND","ND","ND","ND","ND","ND","ND","ND","ND","ND","ND","ND","ND","ND","ND","ND","ND","ND","ND","ND","ND","ND","ND","ND","ND","ND","ND","ND","ND","131","0","16","115","ND","ND","ND","ND","ND","ND","ND","ND","ND","ND","ND","ND","ND","ND","ND","ND","ND","ND","ND","ND","ND","ND","ND","ND","ND","ND","ND","ND","ND","ND","ND","ND","53","0","12","41","ND","ND","ND","ND","ND","ND","ND","ND","ND","ND","ND","ND","ND","ND","ND","ND","ND","ND","ND","ND","ND","ND","ND","ND","ND","ND","ND","ND","ND","ND","ND","ND",
"Casos_de_tuberculosis",	04,"Campeche","2015","138","1","13","124","ND","ND","ND","ND","ND","ND","ND","ND","ND","ND","ND","ND","ND","ND","ND","ND","ND","ND","ND","ND","ND","ND","ND","ND","ND","ND","ND","ND","ND","ND","ND","ND","86","0","9","77","ND","ND","ND","ND","ND","ND","ND","ND","ND","ND","ND","ND","ND","ND","ND","ND","ND","ND","ND","ND","ND","ND","ND","ND","ND","ND","ND","ND","ND","ND","ND","ND","52","1","4","47","ND","ND","ND","ND","ND","ND","ND","ND","ND","ND","ND","ND","ND","ND","ND","ND","ND","ND","ND","ND","ND","ND","ND","ND","ND","ND","ND","ND","ND","ND","ND","ND",
"Casos_de_tuberculosis",	05,"Coahuila_de_Zaragoza","2015","573","7","70","496","ND","ND","ND","ND","ND","ND","ND","ND","ND","ND","ND","ND","ND","ND","ND","ND","ND","ND","ND","ND","ND","ND","ND","ND","ND","ND","ND","ND","ND","ND","ND","ND","327","5","35","287","ND","ND","ND","ND","ND","ND","ND","ND","ND","ND","ND","ND","ND","ND","ND","ND","ND","ND","ND","ND","ND","ND","ND","ND","ND","ND","ND","ND","ND","ND","ND","ND","246","2","35","209","ND","ND","ND","ND","ND","ND","ND","ND","ND","ND","ND","ND","ND","ND","ND","ND","ND","ND","ND","ND","ND","ND","ND","ND","ND","ND","ND","ND","ND","ND","ND","ND",
"Casos_de_tuberculosis",	06,"Colima","2015","153","1","27","125","ND","ND","ND","ND","ND","ND","ND","ND","ND","ND","ND","ND","ND","ND","ND","ND","ND","ND","ND","ND","ND","ND","ND","ND","ND","ND","ND","ND","ND","ND","ND","ND","94","1","14","79","ND","ND","ND","ND","ND","ND","ND","ND","ND","ND","ND","ND","ND","ND","ND","ND","ND","ND","ND","ND","ND","ND","ND","ND","ND","ND","ND","ND","ND","ND","ND","ND","59","0","13","46","ND","ND","ND","ND","ND","ND","ND","ND","ND","ND","ND","ND","ND","ND","ND","ND","ND","ND","ND","ND","ND","ND","ND","ND","ND","ND","ND","ND","ND","ND","ND","ND",
"Casos_de_tuberculosis",	07,"Chiapas","2015","1,307","9","114","1,184","ND","ND","ND","ND","ND","ND","ND","ND","ND","ND","ND","ND","ND","ND","ND","ND","ND","ND","ND","ND","ND","ND","ND","ND","ND","ND","ND","ND","ND","ND","ND","ND","807","5","67","735","ND","ND","ND","ND","ND","ND","ND","ND","ND","ND","ND","ND","ND","ND","ND","ND","ND","ND","ND","ND","ND","ND","ND","ND","ND","ND","ND","ND","ND","ND","ND","ND","500","4","47","449","ND","ND","ND","ND","ND","ND","ND","ND","ND","ND","ND","ND","ND","ND","ND","ND","ND","ND","ND","ND","ND","ND","ND","ND","ND","ND","ND","ND","ND","ND","ND","ND",
"Casos_de_tuberculosis",	08,"Chihuahua","2015","745","15","153","577","ND","ND","ND","ND","ND","ND","ND","ND","ND","ND","ND","ND","ND","ND","ND","ND","ND","ND","ND","ND","ND","ND","ND","ND","ND","ND","ND","ND","ND","ND","ND","ND","474","13","87","374","ND","ND","ND","ND","ND","ND","ND","ND","ND","ND","ND","ND","ND","ND","ND","ND","ND","ND","ND","ND","ND","ND","ND","ND","ND","ND","ND","ND","ND","ND","ND","ND","271","2","66","203","ND","ND","ND","ND","ND","ND","ND","ND","ND","ND","ND","ND","ND","ND","ND","ND","ND","ND","ND","ND","ND","ND","ND","ND","ND","ND","ND","ND","ND","ND","ND","ND",
"Casos_de_tuberculosis",	09,"Ciudad_de_México","2015","834","27","331","476","ND","ND","ND","ND","ND","ND","ND","ND","ND","ND","ND","ND","ND","ND","ND","ND","ND","ND","ND","ND","ND","ND","ND","ND","ND","ND","ND","ND","ND","ND","ND","ND","490","22","184","284","ND","ND","ND","ND","ND","ND","ND","ND","ND","ND","ND","ND","ND","ND","ND","ND","ND","ND","ND","ND","ND","ND","ND","ND","ND","ND","ND","ND","ND","ND","ND","ND","344","5","147","192","ND","ND","ND","ND","ND","ND","ND","ND","ND","ND","ND","ND","ND","ND","ND","ND","ND","ND","ND","ND","ND","ND","ND","ND","ND","ND","ND","ND","ND","ND","ND","ND",
"Casos_de_tuberculosis",	10,"Durango","2015","221","7","63","151","ND","ND","ND","ND","ND","ND","ND","ND","ND","ND","ND","ND","ND","ND","ND","ND","ND","ND","ND","ND","ND","ND","ND","ND","ND","ND","ND","ND","ND","ND","ND","ND","131","2","36","93","ND","ND","ND","ND","ND","ND","ND","ND","ND","ND","ND","ND","ND","ND","ND","ND","ND","ND","ND","ND","ND","ND","ND","ND","ND","ND","ND","ND","ND","ND","ND","ND","90","5","27","58","ND","ND","ND","ND","ND","ND","ND","ND","ND","ND","ND","ND","ND","ND","ND","ND","ND","ND","ND","ND","ND","ND","ND","ND","ND","ND","ND","ND","ND","ND","ND","ND",
"Casos_de_tuberculosis",	11,"Guanajuato","2015","372","10","121","241","ND","ND","ND","ND","ND","ND","ND","ND","ND","ND","ND","ND","ND","ND","ND","ND","ND","ND","ND","ND","ND","ND","ND","ND","ND","ND","ND","ND","ND","ND","ND","ND","195","8","53","134","ND","ND","ND","ND","ND","ND","ND","ND","ND","ND","ND","ND","ND","ND","ND","ND","ND","ND","ND","ND","ND","ND","ND","ND","ND","ND","ND","ND","ND","ND","ND","ND","177","2","68","107","ND","ND","ND","ND","ND","ND","ND","ND","ND","ND","ND","ND","ND","ND","ND","ND","ND","ND","ND","ND","ND","ND","ND","ND","ND","ND","ND","ND","ND","ND","ND","ND",
"Casos_de_tuberculosis",	12,"Guerrero","2015","1,354","8","122","1,224","ND","ND","ND","ND","ND","ND","ND","ND","ND","ND","ND","ND","ND","ND","ND","ND","ND","ND","ND","ND","ND","ND","ND","ND","ND","ND","ND","ND","ND","ND","ND","ND","809","5","69","735","ND","ND","ND","ND","ND","ND","ND","ND","ND","ND","ND","ND","ND","ND","ND","ND","ND","ND","ND","ND","ND","ND","ND","ND","ND","ND","ND","ND","ND","ND","ND","ND","545","3","53","489","ND","ND","ND","ND","ND","ND","ND","ND","ND","ND","ND","ND","ND","ND","ND","ND","ND","ND","ND","ND","ND","ND","ND","ND","ND","ND","ND","ND","ND","ND","ND","ND",
"Casos_de_tuberculosis",	13,"Hidalgo","2015","199","1","43","155","ND","ND","ND","ND","ND","ND","ND","ND","ND","ND","ND","ND","ND","ND","ND","ND","ND","ND","ND","ND","ND","ND","ND","ND","ND","ND","ND","ND","ND","ND","ND","ND","106","1","19","86","ND","ND","ND","ND","ND","ND","ND","ND","ND","ND","ND","ND","ND","ND","ND","ND","ND","ND","ND","ND","ND","ND","ND","ND","ND","ND","ND","ND","ND","ND","ND","ND","93","0","24","69","ND","ND","ND","ND","ND","ND","ND","ND","ND","ND","ND","ND","ND","ND","ND","ND","ND","ND","ND","ND","ND","ND","ND","ND","ND","ND","ND","ND","ND","ND","ND","ND",
"Casos_de_tuberculosis",	14,"Jalisco","2015","1,159","24","362","773","ND","ND","ND","ND","ND","ND","ND","ND","ND","ND","ND","ND","ND","ND","ND","ND","ND","ND","ND","ND","ND","ND","ND","ND","ND","ND","ND","ND","ND","ND","ND","ND","717","16","173","528","ND","ND","ND","ND","ND","ND","ND","ND","ND","ND","ND","ND","ND","ND","ND","ND","ND","ND","ND","ND","ND","ND","ND","ND","ND","ND","ND","ND","ND","ND","ND","ND","442","8","189","245","ND","ND","ND","ND","ND","ND","ND","ND","ND","ND","ND","ND","ND","ND","ND","ND","ND","ND","ND","ND","ND","ND","ND","ND","ND","ND","ND","ND","ND","ND","ND","ND",
"Casos_de_tuberculosis",	15,"México","2015","804","19","272","513","ND","ND","ND","ND","ND","ND","ND","ND","ND","ND","ND","ND","ND","ND","ND","ND","ND","ND","ND","ND","ND","ND","ND","ND","ND","ND","ND","ND","ND","ND","ND","ND","454","8","148","298","ND","ND","ND","ND","ND","ND","ND","ND","ND","ND","ND","ND","ND","ND","ND","ND","ND","ND","ND","ND","ND","ND","ND","ND","ND","ND","ND","ND","ND","ND","ND","ND","350","11","124","215","ND","ND","ND","ND","ND","ND","ND","ND","ND","ND","ND","ND","ND","ND","ND","ND","ND","ND","ND","ND","ND","ND","ND","ND","ND","ND","ND","ND","ND","ND","ND","ND",
"Casos_de_tuberculosis",	16,"Michoacán_de_Ocampo","2015","316","1","66","249","ND","ND","ND","ND","ND","ND","ND","ND","ND","ND","ND","ND","ND","ND","ND","ND","ND","ND","ND","ND","ND","ND","ND","ND","ND","ND","ND","ND","ND","ND","ND","ND","176","1","32","143","ND","ND","ND","ND","ND","ND","ND","ND","ND","ND","ND","ND","ND","ND","ND","ND","ND","ND","ND","ND","ND","ND","ND","ND","ND","ND","ND","ND","ND","ND","ND","ND","140","0","34","106","ND","ND","ND","ND","ND","ND","ND","ND","ND","ND","ND","ND","ND","ND","ND","ND","ND","ND","ND","ND","ND","ND","ND","ND","ND","ND","ND","ND","ND","ND","ND","ND",
"Casos_de_tuberculosis",	17,"Morelos","2015","205","3","63","139","ND","ND","ND","ND","ND","ND","ND","ND","ND","ND","ND","ND","ND","ND","ND","ND","ND","ND","ND","ND","ND","ND","ND","ND","ND","ND","ND","ND","ND","ND","ND","ND","109","2","33","74","ND","ND","ND","ND","ND","ND","ND","ND","ND","ND","ND","ND","ND","ND","ND","ND","ND","ND","ND","ND","ND","ND","ND","ND","ND","ND","ND","ND","ND","ND","ND","ND","96","1","30","65","ND","ND","ND","ND","ND","ND","ND","ND","ND","ND","ND","ND","ND","ND","ND","ND","ND","ND","ND","ND","ND","ND","ND","ND","ND","ND","ND","ND","ND","ND","ND","ND",
"Casos_de_tuberculosis",	18,"Nayarit","2015","340","1","84","255","ND","ND","ND","ND","ND","ND","ND","ND","ND","ND","ND","ND","ND","ND","ND","ND","ND","ND","ND","ND","ND","ND","ND","ND","ND","ND","ND","ND","ND","ND","ND","ND","208","1","44","163","ND","ND","ND","ND","ND","ND","ND","ND","ND","ND","ND","ND","ND","ND","ND","ND","ND","ND","ND","ND","ND","ND","ND","ND","ND","ND","ND","ND","ND","ND","ND","ND","132","0","40","92","ND","ND","ND","ND","ND","ND","ND","ND","ND","ND","ND","ND","ND","ND","ND","ND","ND","ND","ND","ND","ND","ND","ND","ND","ND","ND","ND","ND","ND","ND","ND","ND",
"Casos_de_tuberculosis",	19,"Nuevo_León","2015","1,373","16","209","1,148","ND","ND","ND","ND","ND","ND","ND","ND","ND","ND","ND","ND","ND","ND","ND","ND","ND","ND","ND","ND","ND","ND","ND","ND","ND","ND","ND","ND","ND","ND","ND","ND","876","12","114","750","ND","ND","ND","ND","ND","ND","ND","ND","ND","ND","ND","ND","ND","ND","ND","ND","ND","ND","ND","ND","ND","ND","ND","ND","ND","ND","ND","ND","ND","ND","ND","ND","497","4","95","398","ND","ND","ND","ND","ND","ND","ND","ND","ND","ND","ND","ND","ND","ND","ND","ND","ND","ND","ND","ND","ND","ND","ND","ND","ND","ND","ND","ND","ND","ND","ND","ND",
"Casos_de_tuberculosis",	20,"Oaxaca","2015","582","4","91","487","ND","ND","ND","ND","ND","ND","ND","ND","ND","ND","ND","ND","ND","ND","ND","ND","ND","ND","ND","ND","ND","ND","ND","ND","ND","ND","ND","ND","ND","ND","ND","ND","338","1","43","294","ND","ND","ND","ND","ND","ND","ND","ND","ND","ND","ND","ND","ND","ND","ND","ND","ND","ND","ND","ND","ND","ND","ND","ND","ND","ND","ND","ND","ND","ND","ND","ND","244","3","48","193","ND","ND","ND","ND","ND","ND","ND","ND","ND","ND","ND","ND","ND","ND","ND","ND","ND","ND","ND","ND","ND","ND","ND","ND","ND","ND","ND","ND","ND","ND","ND","ND",
"Casos_de_tuberculosis",	21,"Puebla","2015","577","10","152","415","ND","ND","ND","ND","ND","ND","ND","ND","ND","ND","ND","ND","ND","ND","ND","ND","ND","ND","ND","ND","ND","ND","ND","ND","ND","ND","ND","ND","ND","ND","ND","ND","331","9","73","249","ND","ND","ND","ND","ND","ND","ND","ND","ND","ND","ND","ND","ND","ND","ND","ND","ND","ND","ND","ND","ND","ND","ND","ND","ND","ND","ND","ND","ND","ND","ND","ND","246","1","79","166","ND","ND","ND","ND","ND","ND","ND","ND","ND","ND","ND","ND","ND","ND","ND","ND","ND","ND","ND","ND","ND","ND","ND","ND","ND","ND","ND","ND","ND","ND","ND","ND",
"Casos_de_tuberculosis",	22,"Querétaro","2015","179","11","57","111","ND","ND","ND","ND","ND","ND","ND","ND","ND","ND","ND","ND","ND","ND","ND","ND","ND","ND","ND","ND","ND","ND","ND","ND","ND","ND","ND","ND","ND","ND","ND","ND","95","5","28","62","ND","ND","ND","ND","ND","ND","ND","ND","ND","ND","ND","ND","ND","ND","ND","ND","ND","ND","ND","ND","ND","ND","ND","ND","ND","ND","ND","ND","ND","ND","ND","ND","84","6","29","49","ND","ND","ND","ND","ND","ND","ND","ND","ND","ND","ND","ND","ND","ND","ND","ND","ND","ND","ND","ND","ND","ND","ND","ND","ND","ND","ND","ND","ND","ND","ND","ND",
"Casos_de_tuberculosis",	23,"Quintana_Roo","2015","313","3","44","266","ND","ND","ND","ND","ND","ND","ND","ND","ND","ND","ND","ND","ND","ND","ND","ND","ND","ND","ND","ND","ND","ND","ND","ND","ND","ND","ND","ND","ND","ND","ND","ND","230","3","31","196","ND","ND","ND","ND","ND","ND","ND","ND","ND","ND","ND","ND","ND","ND","ND","ND","ND","ND","ND","ND","ND","ND","ND","ND","ND","ND","ND","ND","ND","ND","ND","ND","83","0","13","70","ND","ND","ND","ND","ND","ND","ND","ND","ND","ND","ND","ND","ND","ND","ND","ND","ND","ND","ND","ND","ND","ND","ND","ND","ND","ND","ND","ND","ND","ND","ND","ND",
"Casos_de_tuberculosis",	24,"San_Luis_Potosí","2015","419","4","134","281","ND","ND","ND","ND","ND","ND","ND","ND","ND","ND","ND","ND","ND","ND","ND","ND","ND","ND","ND","ND","ND","ND","ND","ND","ND","ND","ND","ND","ND","ND","ND","ND","213","2","52","159","ND","ND","ND","ND","ND","ND","ND","ND","ND","ND","ND","ND","ND","ND","ND","ND","ND","ND","ND","ND","ND","ND","ND","ND","ND","ND","ND","ND","ND","ND","ND","ND","206","2","82","122","ND","ND","ND","ND","ND","ND","ND","ND","ND","ND","ND","ND","ND","ND","ND","ND","ND","ND","ND","ND","ND","ND","ND","ND","ND","ND","ND","ND","ND","ND","ND","ND",
"Casos_de_tuberculosis",	25,"Sinaloa","2015","1,034","12","153","869","ND","ND","ND","ND","ND","ND","ND","ND","ND","ND","ND","ND","ND","ND","ND","ND","ND","ND","ND","ND","ND","ND","ND","ND","ND","ND","ND","ND","ND","ND","ND","ND","664","5","87","572","ND","ND","ND","ND","ND","ND","ND","ND","ND","ND","ND","ND","ND","ND","ND","ND","ND","ND","ND","ND","ND","ND","ND","ND","ND","ND","ND","ND","ND","ND","ND","ND","370","7","66","297","ND","ND","ND","ND","ND","ND","ND","ND","ND","ND","ND","ND","ND","ND","ND","ND","ND","ND","ND","ND","ND","ND","ND","ND","ND","ND","ND","ND","ND","ND","ND","ND",
"Casos_de_tuberculosis",	26,"Sonora","2015","946","13","91","842","ND","ND","ND","ND","ND","ND","ND","ND","ND","ND","ND","ND","ND","ND","ND","ND","ND","ND","ND","ND","ND","ND","ND","ND","ND","ND","ND","ND","ND","ND","ND","ND","668","8","56","604","ND","ND","ND","ND","ND","ND","ND","ND","ND","ND","ND","ND","ND","ND","ND","ND","ND","ND","ND","ND","ND","ND","ND","ND","ND","ND","ND","ND","ND","ND","ND","ND","278","5","35","238","ND","ND","ND","ND","ND","ND","ND","ND","ND","ND","ND","ND","ND","ND","ND","ND","ND","ND","ND","ND","ND","ND","ND","ND","ND","ND","ND","ND","ND","ND","ND","ND",
"Casos_de_tuberculosis",	27,"Tabasco","2015","666","2","61","603","ND","ND","ND","ND","ND","ND","ND","ND","ND","ND","ND","ND","ND","ND","ND","ND","ND","ND","ND","ND","ND","ND","ND","ND","ND","ND","ND","ND","ND","ND","ND","ND","456","1","36","419","ND","ND","ND","ND","ND","ND","ND","ND","ND","ND","ND","ND","ND","ND","ND","ND","ND","ND","ND","ND","ND","ND","ND","ND","ND","ND","ND","ND","ND","ND","ND","ND","210","1","25","184","ND","ND","ND","ND","ND","ND","ND","ND","ND","ND","ND","ND","ND","ND","ND","ND","ND","ND","ND","ND","ND","ND","ND","ND","ND","ND","ND","ND","ND","ND","ND","ND",
"Casos_de_tuberculosis",	28,"Tamaulipas","2015","1,057","4","105","948","ND","ND","ND","ND","ND","ND","ND","ND","ND","ND","ND","ND","ND","ND","ND","ND","ND","ND","ND","ND","ND","ND","ND","ND","ND","ND","ND","ND","ND","ND","ND","ND","653","2","59","592","ND","ND","ND","ND","ND","ND","ND","ND","ND","ND","ND","ND","ND","ND","ND","ND","ND","ND","ND","ND","ND","ND","ND","ND","ND","ND","ND","ND","ND","ND","ND","ND","404","2","46","356","ND","ND","ND","ND","ND","ND","ND","ND","ND","ND","ND","ND","ND","ND","ND","ND","ND","ND","ND","ND","ND","ND","ND","ND","ND","ND","ND","ND","ND","ND","ND","ND",
"Casos_de_tuberculosis",	29,"Tlaxcala","2015","36","0","4","32","ND","ND","ND","ND","ND","ND","ND","ND","ND","ND","ND","ND","ND","ND","ND","ND","ND","ND","ND","ND","ND","ND","ND","ND","ND","ND","ND","ND","ND","ND","ND","ND","16","0","0","16","ND","ND","ND","ND","ND","ND","ND","ND","ND","ND","ND","ND","ND","ND","ND","ND","ND","ND","ND","ND","ND","ND","ND","ND","ND","ND","ND","ND","ND","ND","ND","ND","20","0","4","16","ND","ND","ND","ND","ND","ND","ND","ND","ND","ND","ND","ND","ND","ND","ND","ND","ND","ND","ND","ND","ND","ND","ND","ND","ND","ND","ND","ND","ND","ND","ND","ND",
"Casos_de_tuberculosis",	30,"Veracruz_de_Ignacio_de_la_Llave","2015","2,072","24","300","1,748","ND","ND","ND","ND","ND","ND","ND","ND","ND","ND","ND","ND","ND","ND","ND","ND","ND","ND","ND","ND","ND","ND","ND","ND","ND","ND","ND","ND","ND","ND","ND","ND","1,256","15","185","1,056","ND","ND","ND","ND","ND","ND","ND","ND","ND","ND","ND","ND","ND","ND","ND","ND","ND","ND","ND","ND","ND","ND","ND","ND","ND","ND","ND","ND","ND","ND","ND","ND","816","9","115","692","ND","ND","ND","ND","ND","ND","ND","ND","ND","ND","ND","ND","ND","ND","ND","ND","ND","ND","ND","ND","ND","ND","ND","ND","ND","ND","ND","ND","ND","ND","ND","ND",
"Casos_de_tuberculosis",	31,"Yucatán","2015","239","4","33","202","ND","ND","ND","ND","ND","ND","ND","ND","ND","ND","ND","ND","ND","ND","ND","ND","ND","ND","ND","ND","ND","ND","ND","ND","ND","ND","ND","ND","ND","ND","ND","ND","166","2","21","143","ND","ND","ND","ND","ND","ND","ND","ND","ND","ND","ND","ND","ND","ND","ND","ND","ND","ND","ND","ND","ND","ND","ND","ND","ND","ND","ND","ND","ND","ND","ND","ND","73","2","12","59","ND","ND","ND","ND","ND","ND","ND","ND","ND","ND","ND","ND","ND","ND","ND","ND","ND","ND","ND","ND","ND","ND","ND","ND","ND","ND","ND","ND","ND","ND","ND","ND",
"Casos_de_tuberculosis",	32,"Zacatecas","2015","103","3","33","67","ND","ND","ND","ND","ND","ND","ND","ND","ND","ND","ND","ND","ND","ND","ND","ND","ND","ND","ND","ND","ND","ND","ND","ND","ND","ND","ND","ND","ND","ND","ND","ND","65","1","18","46","ND","ND","ND","ND","ND","ND","ND","ND","ND","ND","ND","ND","ND","ND","ND","ND","ND","ND","ND","ND","ND","ND","ND","ND","ND","ND","ND","ND","ND","ND","ND","ND","38","2","15","21","ND","ND","ND","ND","ND","ND","ND","ND","ND","ND","ND","ND","ND","ND","ND","ND","ND","ND","ND","ND","ND","ND","ND","ND","ND","ND","ND","ND","ND","ND","ND","ND",
"Casos_de_tuberculosis",	00,"Estados_Unidos_Mexicanos","2014","20,126","313","3,576","16,237","99","1","28","70","184","7","97","80","490","14","234","242","3,056","48","535","2,473","6,938","130","1,391","5,417","6,269","89","860","5,320","3,090","24","431","2,635","ND","ND","ND","ND","12,363","208","1,899","10,256","67","1","19","47","114","5","60","49","218","8","99","111","1,753","25","272","1,456","4,434","92","771","3,571","3,835","61","436","3,338","1,942","16","242","1,684","ND","ND","ND","ND","7,763","105","1,677","5,981","32","0","9","23","70","2","37","31","272","6","135","131","1,303","23","263","1,017","2,504","38","620","1,846","2,434","28","424","1,982","1,148","8","189","951","ND","ND","ND","ND",
"Casos_de_tuberculosis",	01,"Aguascalientes","2014","56","1","25","30","ND","ND","ND","ND","ND","ND","ND","ND","ND","ND","ND","ND","ND","ND","ND","ND","ND","ND","ND","ND","ND","ND","ND","ND","ND","ND","ND","ND","ND","ND","ND","ND","35","1","15","19","ND","ND","ND","ND","ND","ND","ND","ND","ND","ND","ND","ND","ND","ND","ND","ND","ND","ND","ND","ND","ND","ND","ND","ND","ND","ND","ND","ND","ND","ND","ND","ND","21","0","10","11","ND","ND","ND","ND","ND","ND","ND","ND","ND","ND","ND","ND","ND","ND","ND","ND","ND","ND","ND","ND","ND","ND","ND","ND","ND","ND","ND","ND","ND","ND","ND","ND",
"Casos_de_tuberculosis",	02,"Baja_California","2014","1,897","36","347","1,514","ND","ND","ND","ND","ND","ND","ND","ND","ND","ND","ND","ND","ND","ND","ND","ND","ND","ND","ND","ND","ND","ND","ND","ND","ND","ND","ND","ND","ND","ND","ND","ND","1,270","28","184","1,058","ND","ND","ND","ND","ND","ND","ND","ND","ND","ND","ND","ND","ND","ND","ND","ND","ND","ND","ND","ND","ND","ND","ND","ND","ND","ND","ND","ND","ND","ND","ND","ND","627","8","163","456","ND","ND","ND","ND","ND","ND","ND","ND","ND","ND","ND","ND","ND","ND","ND","ND","ND","ND","ND","ND","ND","ND","ND","ND","ND","ND","ND","ND","ND","ND","ND","ND",
"Casos_de_tuberculosis",	03,"Baja_California_Sur","2014","170","0","29","141","ND","ND","ND","ND","ND","ND","ND","ND","ND","ND","ND","ND","ND","ND","ND","ND","ND","ND","ND","ND","ND","ND","ND","ND","ND","ND","ND","ND","ND","ND","ND","ND","130","0","20","110","ND","ND","ND","ND","ND","ND","ND","ND","ND","ND","ND","ND","ND","ND","ND","ND","ND","ND","ND","ND","ND","ND","ND","ND","ND","ND","ND","ND","ND","ND","ND","ND","40","0","9","31","ND","ND","ND","ND","ND","ND","ND","ND","ND","ND","ND","ND","ND","ND","ND","ND","ND","ND","ND","ND","ND","ND","ND","ND","ND","ND","ND","ND","ND","ND","ND","ND",
"Casos_de_tuberculosis",	04,"Campeche","2014","125","3","16","106","ND","ND","ND","ND","ND","ND","ND","ND","ND","ND","ND","ND","ND","ND","ND","ND","ND","ND","ND","ND","ND","ND","ND","ND","ND","ND","ND","ND","ND","ND","ND","ND","87","3","13","71","ND","ND","ND","ND","ND","ND","ND","ND","ND","ND","ND","ND","ND","ND","ND","ND","ND","ND","ND","ND","ND","ND","ND","ND","ND","ND","ND","ND","ND","ND","ND","ND","38","0","3","35","ND","ND","ND","ND","ND","ND","ND","ND","ND","ND","ND","ND","ND","ND","ND","ND","ND","ND","ND","ND","ND","ND","ND","ND","ND","ND","ND","ND","ND","ND","ND","ND",
"Casos_de_tuberculosis",	05,"Coahuila_de_Zaragoza","2014","528","6","91","431","ND","ND","ND","ND","ND","ND","ND","ND","ND","ND","ND","ND","ND","ND","ND","ND","ND","ND","ND","ND","ND","ND","ND","ND","ND","ND","ND","ND","ND","ND","ND","ND","289","2","44","243","ND","ND","ND","ND","ND","ND","ND","ND","ND","ND","ND","ND","ND","ND","ND","ND","ND","ND","ND","ND","ND","ND","ND","ND","ND","ND","ND","ND","ND","ND","ND","ND","239","4","47","188","ND","ND","ND","ND","ND","ND","ND","ND","ND","ND","ND","ND","ND","ND","ND","ND","ND","ND","ND","ND","ND","ND","ND","ND","ND","ND","ND","ND","ND","ND","ND","ND",
"Casos_de_tuberculosis",	06,"Colima","2014","162","1","31","130","ND","ND","ND","ND","ND","ND","ND","ND","ND","ND","ND","ND","ND","ND","ND","ND","ND","ND","ND","ND","ND","ND","ND","ND","ND","ND","ND","ND","ND","ND","ND","ND","96","1","19","76","ND","ND","ND","ND","ND","ND","ND","ND","ND","ND","ND","ND","ND","ND","ND","ND","ND","ND","ND","ND","ND","ND","ND","ND","ND","ND","ND","ND","ND","ND","ND","ND","66","0","12","54","ND","ND","ND","ND","ND","ND","ND","ND","ND","ND","ND","ND","ND","ND","ND","ND","ND","ND","ND","ND","ND","ND","ND","ND","ND","ND","ND","ND","ND","ND","ND","ND",
"Casos_de_tuberculosis",	07,"Chiapas","2014","1,297","4","132","1,161","ND","ND","ND","ND","ND","ND","ND","ND","ND","ND","ND","ND","ND","ND","ND","ND","ND","ND","ND","ND","ND","ND","ND","ND","ND","ND","ND","ND","ND","ND","ND","ND","745","0","78","667","ND","ND","ND","ND","ND","ND","ND","ND","ND","ND","ND","ND","ND","ND","ND","ND","ND","ND","ND","ND","ND","ND","ND","ND","ND","ND","ND","ND","ND","ND","ND","ND","552","4","54","494","ND","ND","ND","ND","ND","ND","ND","ND","ND","ND","ND","ND","ND","ND","ND","ND","ND","ND","ND","ND","ND","ND","ND","ND","ND","ND","ND","ND","ND","ND","ND","ND",
"Casos_de_tuberculosis",	08,"Chihuahua","2014","697","10","131","556","ND","ND","ND","ND","ND","ND","ND","ND","ND","ND","ND","ND","ND","ND","ND","ND","ND","ND","ND","ND","ND","ND","ND","ND","ND","ND","ND","ND","ND","ND","ND","ND","442","7","70","365","ND","ND","ND","ND","ND","ND","ND","ND","ND","ND","ND","ND","ND","ND","ND","ND","ND","ND","ND","ND","ND","ND","ND","ND","ND","ND","ND","ND","ND","ND","ND","ND","255","3","61","191","ND","ND","ND","ND","ND","ND","ND","ND","ND","ND","ND","ND","ND","ND","ND","ND","ND","ND","ND","ND","ND","ND","ND","ND","ND","ND","ND","ND","ND","ND","ND","ND",
"Casos_de_tuberculosis",	09,"Ciudad_de_México","2014","787","31","272","484","ND","ND","ND","ND","ND","ND","ND","ND","ND","ND","ND","ND","ND","ND","ND","ND","ND","ND","ND","ND","ND","ND","ND","ND","ND","ND","ND","ND","ND","ND","ND","ND","440","19","134","287","ND","ND","ND","ND","ND","ND","ND","ND","ND","ND","ND","ND","ND","ND","ND","ND","ND","ND","ND","ND","ND","ND","ND","ND","ND","ND","ND","ND","ND","ND","ND","ND","347","12","138","197","ND","ND","ND","ND","ND","ND","ND","ND","ND","ND","ND","ND","ND","ND","ND","ND","ND","ND","ND","ND","ND","ND","ND","ND","ND","ND","ND","ND","ND","ND","ND","ND",
"Casos_de_tuberculosis",	10,"Durango","2014","210","1","62","147","ND","ND","ND","ND","ND","ND","ND","ND","ND","ND","ND","ND","ND","ND","ND","ND","ND","ND","ND","ND","ND","ND","ND","ND","ND","ND","ND","ND","ND","ND","ND","ND","130","1","39","90","ND","ND","ND","ND","ND","ND","ND","ND","ND","ND","ND","ND","ND","ND","ND","ND","ND","ND","ND","ND","ND","ND","ND","ND","ND","ND","ND","ND","ND","ND","ND","ND","80","0","23","57","ND","ND","ND","ND","ND","ND","ND","ND","ND","ND","ND","ND","ND","ND","ND","ND","ND","ND","ND","ND","ND","ND","ND","ND","ND","ND","ND","ND","ND","ND","ND","ND",
"Casos_de_tuberculosis",	11,"Guanajuato","2014","378","10","135","233","ND","ND","ND","ND","ND","ND","ND","ND","ND","ND","ND","ND","ND","ND","ND","ND","ND","ND","ND","ND","ND","ND","ND","ND","ND","ND","ND","ND","ND","ND","ND","ND","201","7","56","138","ND","ND","ND","ND","ND","ND","ND","ND","ND","ND","ND","ND","ND","ND","ND","ND","ND","ND","ND","ND","ND","ND","ND","ND","ND","ND","ND","ND","ND","ND","ND","ND","177","3","79","95","ND","ND","ND","ND","ND","ND","ND","ND","ND","ND","ND","ND","ND","ND","ND","ND","ND","ND","ND","ND","ND","ND","ND","ND","ND","ND","ND","ND","ND","ND","ND","ND",
"Casos_de_tuberculosis",	12,"Guerrero","2014","1,306","10","104","1,192","ND","ND","ND","ND","ND","ND","ND","ND","ND","ND","ND","ND","ND","ND","ND","ND","ND","ND","ND","ND","ND","ND","ND","ND","ND","ND","ND","ND","ND","ND","ND","ND","802","5","66","731","ND","ND","ND","ND","ND","ND","ND","ND","ND","ND","ND","ND","ND","ND","ND","ND","ND","ND","ND","ND","ND","ND","ND","ND","ND","ND","ND","ND","ND","ND","ND","ND","504","5","38","461","ND","ND","ND","ND","ND","ND","ND","ND","ND","ND","ND","ND","ND","ND","ND","ND","ND","ND","ND","ND","ND","ND","ND","ND","ND","ND","ND","ND","ND","ND","ND","ND",
"Casos_de_tuberculosis",	13,"Hidalgo","2014","192","3","33","156","ND","ND","ND","ND","ND","ND","ND","ND","ND","ND","ND","ND","ND","ND","ND","ND","ND","ND","ND","ND","ND","ND","ND","ND","ND","ND","ND","ND","ND","ND","ND","ND","128","3","19","106","ND","ND","ND","ND","ND","ND","ND","ND","ND","ND","ND","ND","ND","ND","ND","ND","ND","ND","ND","ND","ND","ND","ND","ND","ND","ND","ND","ND","ND","ND","ND","ND","64","0","14","50","ND","ND","ND","ND","ND","ND","ND","ND","ND","ND","ND","ND","ND","ND","ND","ND","ND","ND","ND","ND","ND","ND","ND","ND","ND","ND","ND","ND","ND","ND","ND","ND",
"Casos_de_tuberculosis",	14,"Jalisco","2014","1,031","31","307","693","ND","ND","ND","ND","ND","ND","ND","ND","ND","ND","ND","ND","ND","ND","ND","ND","ND","ND","ND","ND","ND","ND","ND","ND","ND","ND","ND","ND","ND","ND","ND","ND","592","19","145","428","ND","ND","ND","ND","ND","ND","ND","ND","ND","ND","ND","ND","ND","ND","ND","ND","ND","ND","ND","ND","ND","ND","ND","ND","ND","ND","ND","ND","ND","ND","ND","ND","439","12","162","265","ND","ND","ND","ND","ND","ND","ND","ND","ND","ND","ND","ND","ND","ND","ND","ND","ND","ND","ND","ND","ND","ND","ND","ND","ND","ND","ND","ND","ND","ND","ND","ND",
"Casos_de_tuberculosis",	15,"México","2014","760","22","258","480","ND","ND","ND","ND","ND","ND","ND","ND","ND","ND","ND","ND","ND","ND","ND","ND","ND","ND","ND","ND","ND","ND","ND","ND","ND","ND","ND","ND","ND","ND","ND","ND","421","15","136","270","ND","ND","ND","ND","ND","ND","ND","ND","ND","ND","ND","ND","ND","ND","ND","ND","ND","ND","ND","ND","ND","ND","ND","ND","ND","ND","ND","ND","ND","ND","ND","ND","339","7","122","210","ND","ND","ND","ND","ND","ND","ND","ND","ND","ND","ND","ND","ND","ND","ND","ND","ND","ND","ND","ND","ND","ND","ND","ND","ND","ND","ND","ND","ND","ND","ND","ND",
"Casos_de_tuberculosis",	16,"Michoacán_de_Ocampo","2014","324","3","63","258","ND","ND","ND","ND","ND","ND","ND","ND","ND","ND","ND","ND","ND","ND","ND","ND","ND","ND","ND","ND","ND","ND","ND","ND","ND","ND","ND","ND","ND","ND","ND","ND","191","1","25","165","ND","ND","ND","ND","ND","ND","ND","ND","ND","ND","ND","ND","ND","ND","ND","ND","ND","ND","ND","ND","ND","ND","ND","ND","ND","ND","ND","ND","ND","ND","ND","ND","133","2","38","93","ND","ND","ND","ND","ND","ND","ND","ND","ND","ND","ND","ND","ND","ND","ND","ND","ND","ND","ND","ND","ND","ND","ND","ND","ND","ND","ND","ND","ND","ND","ND","ND",
"Casos_de_tuberculosis",	17,"Morelos","2014","196","0","60","136","ND","ND","ND","ND","ND","ND","ND","ND","ND","ND","ND","ND","ND","ND","ND","ND","ND","ND","ND","ND","ND","ND","ND","ND","ND","ND","ND","ND","ND","ND","ND","ND","110","0","30","80","ND","ND","ND","ND","ND","ND","ND","ND","ND","ND","ND","ND","ND","ND","ND","ND","ND","ND","ND","ND","ND","ND","ND","ND","ND","ND","ND","ND","ND","ND","ND","ND","86","0","30","56","ND","ND","ND","ND","ND","ND","ND","ND","ND","ND","ND","ND","ND","ND","ND","ND","ND","ND","ND","ND","ND","ND","ND","ND","ND","ND","ND","ND","ND","ND","ND","ND",
"Casos_de_tuberculosis",	18,"Nayarit","2014","333","9","82","242","ND","ND","ND","ND","ND","ND","ND","ND","ND","ND","ND","ND","ND","ND","ND","ND","ND","ND","ND","ND","ND","ND","ND","ND","ND","ND","ND","ND","ND","ND","ND","ND","213","6","53","154","ND","ND","ND","ND","ND","ND","ND","ND","ND","ND","ND","ND","ND","ND","ND","ND","ND","ND","ND","ND","ND","ND","ND","ND","ND","ND","ND","ND","ND","ND","ND","ND","120","3","29","88","ND","ND","ND","ND","ND","ND","ND","ND","ND","ND","ND","ND","ND","ND","ND","ND","ND","ND","ND","ND","ND","ND","ND","ND","ND","ND","ND","ND","ND","ND","ND","ND",
"Casos_de_tuberculosis",	19,"Nuevo_León","2014","1,105","19","167","919","ND","ND","ND","ND","ND","ND","ND","ND","ND","ND","ND","ND","ND","ND","ND","ND","ND","ND","ND","ND","ND","ND","ND","ND","ND","ND","ND","ND","ND","ND","ND","ND","675","11","108","556","ND","ND","ND","ND","ND","ND","ND","ND","ND","ND","ND","ND","ND","ND","ND","ND","ND","ND","ND","ND","ND","ND","ND","ND","ND","ND","ND","ND","ND","ND","ND","ND","430","8","59","363","ND","ND","ND","ND","ND","ND","ND","ND","ND","ND","ND","ND","ND","ND","ND","ND","ND","ND","ND","ND","ND","ND","ND","ND","ND","ND","ND","ND","ND","ND","ND","ND",
"Casos_de_tuberculosis",	20,"Oaxaca","2014","791","14","114","663","ND","ND","ND","ND","ND","ND","ND","ND","ND","ND","ND","ND","ND","ND","ND","ND","ND","ND","ND","ND","ND","ND","ND","ND","ND","ND","ND","ND","ND","ND","ND","ND","468","12","57","399","ND","ND","ND","ND","ND","ND","ND","ND","ND","ND","ND","ND","ND","ND","ND","ND","ND","ND","ND","ND","ND","ND","ND","ND","ND","ND","ND","ND","ND","ND","ND","ND","323","2","57","264","ND","ND","ND","ND","ND","ND","ND","ND","ND","ND","ND","ND","ND","ND","ND","ND","ND","ND","ND","ND","ND","ND","ND","ND","ND","ND","ND","ND","ND","ND","ND","ND",
"Casos_de_tuberculosis",	21,"Puebla","2014","663","14","155","494","ND","ND","ND","ND","ND","ND","ND","ND","ND","ND","ND","ND","ND","ND","ND","ND","ND","ND","ND","ND","ND","ND","ND","ND","ND","ND","ND","ND","ND","ND","ND","ND","360","9","84","267","ND","ND","ND","ND","ND","ND","ND","ND","ND","ND","ND","ND","ND","ND","ND","ND","ND","ND","ND","ND","ND","ND","ND","ND","ND","ND","ND","ND","ND","ND","ND","ND","303","5","71","227","ND","ND","ND","ND","ND","ND","ND","ND","ND","ND","ND","ND","ND","ND","ND","ND","ND","ND","ND","ND","ND","ND","ND","ND","ND","ND","ND","ND","ND","ND","ND","ND",
"Casos_de_tuberculosis",	22,"Querétaro","2014","229","14","78","137","ND","ND","ND","ND","ND","ND","ND","ND","ND","ND","ND","ND","ND","ND","ND","ND","ND","ND","ND","ND","ND","ND","ND","ND","ND","ND","ND","ND","ND","ND","ND","ND","107","10","30","67","ND","ND","ND","ND","ND","ND","ND","ND","ND","ND","ND","ND","ND","ND","ND","ND","ND","ND","ND","ND","ND","ND","ND","ND","ND","ND","ND","ND","ND","ND","ND","ND","122","4","48","70","ND","ND","ND","ND","ND","ND","ND","ND","ND","ND","ND","ND","ND","ND","ND","ND","ND","ND","ND","ND","ND","ND","ND","ND","ND","ND","ND","ND","ND","ND","ND","ND",
"Casos_de_tuberculosis",	23,"Quintana_Roo","2014","294","2","43","249","ND","ND","ND","ND","ND","ND","ND","ND","ND","ND","ND","ND","ND","ND","ND","ND","ND","ND","ND","ND","ND","ND","ND","ND","ND","ND","ND","ND","ND","ND","ND","ND","191","2","27","162","ND","ND","ND","ND","ND","ND","ND","ND","ND","ND","ND","ND","ND","ND","ND","ND","ND","ND","ND","ND","ND","ND","ND","ND","ND","ND","ND","ND","ND","ND","ND","ND","103","0","16","87","ND","ND","ND","ND","ND","ND","ND","ND","ND","ND","ND","ND","ND","ND","ND","ND","ND","ND","ND","ND","ND","ND","ND","ND","ND","ND","ND","ND","ND","ND","ND","ND",
"Casos_de_tuberculosis",	24,"San_Luis_Potosí","2014","393","5","124","264","ND","ND","ND","ND","ND","ND","ND","ND","ND","ND","ND","ND","ND","ND","ND","ND","ND","ND","ND","ND","ND","ND","ND","ND","ND","ND","ND","ND","ND","ND","ND","ND","208","4","47","157","ND","ND","ND","ND","ND","ND","ND","ND","ND","ND","ND","ND","ND","ND","ND","ND","ND","ND","ND","ND","ND","ND","ND","ND","ND","ND","ND","ND","ND","ND","ND","ND","185","1","77","107","ND","ND","ND","ND","ND","ND","ND","ND","ND","ND","ND","ND","ND","ND","ND","ND","ND","ND","ND","ND","ND","ND","ND","ND","ND","ND","ND","ND","ND","ND","ND","ND",
"Casos_de_tuberculosis",	25,"Sinaloa","2014","1,003","8","118","877","ND","ND","ND","ND","ND","ND","ND","ND","ND","ND","ND","ND","ND","ND","ND","ND","ND","ND","ND","ND","ND","ND","ND","ND","ND","ND","ND","ND","ND","ND","ND","ND","675","4","58","613","ND","ND","ND","ND","ND","ND","ND","ND","ND","ND","ND","ND","ND","ND","ND","ND","ND","ND","ND","ND","ND","ND","ND","ND","ND","ND","ND","ND","ND","ND","ND","ND","328","4","60","264","ND","ND","ND","ND","ND","ND","ND","ND","ND","ND","ND","ND","ND","ND","ND","ND","ND","ND","ND","ND","ND","ND","ND","ND","ND","ND","ND","ND","ND","ND","ND","ND",
"Casos_de_tuberculosis",	26,"Sonora","2014","927","8","91","828","ND","ND","ND","ND","ND","ND","ND","ND","ND","ND","ND","ND","ND","ND","ND","ND","ND","ND","ND","ND","ND","ND","ND","ND","ND","ND","ND","ND","ND","ND","ND","ND","653","6","64","583","ND","ND","ND","ND","ND","ND","ND","ND","ND","ND","ND","ND","ND","ND","ND","ND","ND","ND","ND","ND","ND","ND","ND","ND","ND","ND","ND","ND","ND","ND","ND","ND","274","2","27","245","ND","ND","ND","ND","ND","ND","ND","ND","ND","ND","ND","ND","ND","ND","ND","ND","ND","ND","ND","ND","ND","ND","ND","ND","ND","ND","ND","ND","ND","ND","ND","ND",
"Casos_de_tuberculosis",	27,"Tabasco","2014","673","1","65","607","ND","ND","ND","ND","ND","ND","ND","ND","ND","ND","ND","ND","ND","ND","ND","ND","ND","ND","ND","ND","ND","ND","ND","ND","ND","ND","ND","ND","ND","ND","ND","ND","460","0","37","423","ND","ND","ND","ND","ND","ND","ND","ND","ND","ND","ND","ND","ND","ND","ND","ND","ND","ND","ND","ND","ND","ND","ND","ND","ND","ND","ND","ND","ND","ND","ND","ND","213","1","28","184","ND","ND","ND","ND","ND","ND","ND","ND","ND","ND","ND","ND","ND","ND","ND","ND","ND","ND","ND","ND","ND","ND","ND","ND","ND","ND","ND","ND","ND","ND","ND","ND",
"Casos_de_tuberculosis",	28,"Tamaulipas","2014","1,095","8","116","971","ND","ND","ND","ND","ND","ND","ND","ND","ND","ND","ND","ND","ND","ND","ND","ND","ND","ND","ND","ND","ND","ND","ND","ND","ND","ND","ND","ND","ND","ND","ND","ND","702","5","58","639","ND","ND","ND","ND","ND","ND","ND","ND","ND","ND","ND","ND","ND","ND","ND","ND","ND","ND","ND","ND","ND","ND","ND","ND","ND","ND","ND","ND","ND","ND","ND","ND","393","3","58","332","ND","ND","ND","ND","ND","ND","ND","ND","ND","ND","ND","ND","ND","ND","ND","ND","ND","ND","ND","ND","ND","ND","ND","ND","ND","ND","ND","ND","ND","ND","ND","ND",
"Casos_de_tuberculosis",	29,"Tlaxcala","2014","54","0","7","47","ND","ND","ND","ND","ND","ND","ND","ND","ND","ND","ND","ND","ND","ND","ND","ND","ND","ND","ND","ND","ND","ND","ND","ND","ND","ND","ND","ND","ND","ND","ND","ND","28","0","2","26","ND","ND","ND","ND","ND","ND","ND","ND","ND","ND","ND","ND","ND","ND","ND","ND","ND","ND","ND","ND","ND","ND","ND","ND","ND","ND","ND","ND","ND","ND","ND","ND","26","0","5","21","ND","ND","ND","ND","ND","ND","ND","ND","ND","ND","ND","ND","ND","ND","ND","ND","ND","ND","ND","ND","ND","ND","ND","ND","ND","ND","ND","ND","ND","ND","ND","ND",
"Casos_de_tuberculosis",	30,"Veracruz_de_Ignacio_de_la_Llave","2014","2,141","29","260","1,852","ND","ND","ND","ND","ND","ND","ND","ND","ND","ND","ND","ND","ND","ND","ND","ND","ND","ND","ND","ND","ND","ND","ND","ND","ND","ND","ND","ND","ND","ND","ND","ND","1,324","22","148","1,154","ND","ND","ND","ND","ND","ND","ND","ND","ND","ND","ND","ND","ND","ND","ND","ND","ND","ND","ND","ND","ND","ND","ND","ND","ND","ND","ND","ND","ND","ND","ND","ND","817","7","112","698","ND","ND","ND","ND","ND","ND","ND","ND","ND","ND","ND","ND","ND","ND","ND","ND","ND","ND","ND","ND","ND","ND","ND","ND","ND","ND","ND","ND","ND","ND","ND","ND",
"Casos_de_tuberculosis",	31,"Yucatán","2014","224","5","38","181","ND","ND","ND","ND","ND","ND","ND","ND","ND","ND","ND","ND","ND","ND","ND","ND","ND","ND","ND","ND","ND","ND","ND","ND","ND","ND","ND","ND","ND","ND","ND","ND","143","2","22","119","ND","ND","ND","ND","ND","ND","ND","ND","ND","ND","ND","ND","ND","ND","ND","ND","ND","ND","ND","ND","ND","ND","ND","ND","ND","ND","ND","ND","ND","ND","ND","ND","81","3","16","62","ND","ND","ND","ND","ND","ND","ND","ND","ND","ND","ND","ND","ND","ND","ND","ND","ND","ND","ND","ND","ND","ND","ND","ND","ND","ND","ND","ND","ND","ND","ND","ND",
"Casos_de_tuberculosis",	32,"Zacatecas","2014","85","5","22","58","ND","ND","ND","ND","ND","ND","ND","ND","ND","ND","ND","ND","ND","ND","ND","ND","ND","ND","ND","ND","ND","ND","ND","ND","ND","ND","ND","ND","ND","ND","ND","ND","47","3","11","33","ND","ND","ND","ND","ND","ND","ND","ND","ND","ND","ND","ND","ND","ND","ND","ND","ND","ND","ND","ND","ND","ND","ND","ND","ND","ND","ND","ND","ND","ND","ND","ND","38","2","11","25","ND","ND","ND","ND","ND","ND","ND","ND","ND","ND","ND","ND","ND","ND","ND","ND","ND","ND","ND","ND","ND","ND","ND","ND","ND","ND","ND","ND","ND","ND","ND","ND",
"Casos_de_tuberculosis",	00,"Estados_Unidos_Mexicanos","2013","19,703","271","3,352","16,080","99","4","25","70","196","9","90","97","498","9","221","268","2,957","53","500","2,404","6,804","113","1,257","5,434","6,106","71","878","5,157","3,043","12","381","2,650","ND","ND","ND","ND","12,135","181","1,746","10,208","61","1","14","46","118","6","58","54","244","7","106","131","1,729","32","225","1,472","4,367","80","692","3,595","3,766","47","453","3,266","1,850","8","198","1,644","ND","ND","ND","ND","7,568","90","1,606","5,872","38","3","11","24","78","3","32","43","254","2","115","137","1,228","21","275","932","2,437","33","565","1,839","2,340","24","425","1,891","1,193","4","183","1,006","ND","ND","ND","ND",
"Casos_de_tuberculosis",	01,"Aguascalientes","2013","95","0","56","39","ND","ND","ND","ND","ND","ND","ND","ND","ND","ND","ND","ND","ND","ND","ND","ND","ND","ND","ND","ND","ND","ND","ND","ND","ND","ND","ND","ND","ND","ND","ND","ND","44","0","25","19","ND","ND","ND","ND","ND","ND","ND","ND","ND","ND","ND","ND","ND","ND","ND","ND","ND","ND","ND","ND","ND","ND","ND","ND","ND","ND","ND","ND","ND","ND","ND","ND","51","0","31","20","ND","ND","ND","ND","ND","ND","ND","ND","ND","ND","ND","ND","ND","ND","ND","ND","ND","ND","ND","ND","ND","ND","ND","ND","ND","ND","ND","ND","ND","ND","ND","ND",
"Casos_de_tuberculosis",	02,"Baja_California","2013","1,839","29","378","1,432","ND","ND","ND","ND","ND","ND","ND","ND","ND","ND","ND","ND","ND","ND","ND","ND","ND","ND","ND","ND","ND","ND","ND","ND","ND","ND","ND","ND","ND","ND","ND","ND","1,209","25","205","979","ND","ND","ND","ND","ND","ND","ND","ND","ND","ND","ND","ND","ND","ND","ND","ND","ND","ND","ND","ND","ND","ND","ND","ND","ND","ND","ND","ND","ND","ND","ND","ND","630","4","173","453","ND","ND","ND","ND","ND","ND","ND","ND","ND","ND","ND","ND","ND","ND","ND","ND","ND","ND","ND","ND","ND","ND","ND","ND","ND","ND","ND","ND","ND","ND","ND","ND",
"Casos_de_tuberculosis",	03,"Baja_California_Sur","2013","177","1","25","151","ND","ND","ND","ND","ND","ND","ND","ND","ND","ND","ND","ND","ND","ND","ND","ND","ND","ND","ND","ND","ND","ND","ND","ND","ND","ND","ND","ND","ND","ND","ND","ND","126","1","22","103","ND","ND","ND","ND","ND","ND","ND","ND","ND","ND","ND","ND","ND","ND","ND","ND","ND","ND","ND","ND","ND","ND","ND","ND","ND","ND","ND","ND","ND","ND","ND","ND","51","0","3","48","ND","ND","ND","ND","ND","ND","ND","ND","ND","ND","ND","ND","ND","ND","ND","ND","ND","ND","ND","ND","ND","ND","ND","ND","ND","ND","ND","ND","ND","ND","ND","ND",
"Casos_de_tuberculosis",	04,"Campeche","2013","156","1","17","138","ND","ND","ND","ND","ND","ND","ND","ND","ND","ND","ND","ND","ND","ND","ND","ND","ND","ND","ND","ND","ND","ND","ND","ND","ND","ND","ND","ND","ND","ND","ND","ND","100","1","13","86","ND","ND","ND","ND","ND","ND","ND","ND","ND","ND","ND","ND","ND","ND","ND","ND","ND","ND","ND","ND","ND","ND","ND","ND","ND","ND","ND","ND","ND","ND","ND","ND","56","0","4","52","ND","ND","ND","ND","ND","ND","ND","ND","ND","ND","ND","ND","ND","ND","ND","ND","ND","ND","ND","ND","ND","ND","ND","ND","ND","ND","ND","ND","ND","ND","ND","ND",
"Casos_de_tuberculosis",	05,"Coahuila_de_Zaragoza","2013","609","2","83","524","ND","ND","ND","ND","ND","ND","ND","ND","ND","ND","ND","ND","ND","ND","ND","ND","ND","ND","ND","ND","ND","ND","ND","ND","ND","ND","ND","ND","ND","ND","ND","ND","344","0","40","304","ND","ND","ND","ND","ND","ND","ND","ND","ND","ND","ND","ND","ND","ND","ND","ND","ND","ND","ND","ND","ND","ND","ND","ND","ND","ND","ND","ND","ND","ND","ND","ND","265","2","43","220","ND","ND","ND","ND","ND","ND","ND","ND","ND","ND","ND","ND","ND","ND","ND","ND","ND","ND","ND","ND","ND","ND","ND","ND","ND","ND","ND","ND","ND","ND","ND","ND",
"Casos_de_tuberculosis",	06,"Colima","2013","117","2","18","97","ND","ND","ND","ND","ND","ND","ND","ND","ND","ND","ND","ND","ND","ND","ND","ND","ND","ND","ND","ND","ND","ND","ND","ND","ND","ND","ND","ND","ND","ND","ND","ND","85","1","11","73","ND","ND","ND","ND","ND","ND","ND","ND","ND","ND","ND","ND","ND","ND","ND","ND","ND","ND","ND","ND","ND","ND","ND","ND","ND","ND","ND","ND","ND","ND","ND","ND","32","1","7","24","ND","ND","ND","ND","ND","ND","ND","ND","ND","ND","ND","ND","ND","ND","ND","ND","ND","ND","ND","ND","ND","ND","ND","ND","ND","ND","ND","ND","ND","ND","ND","ND",
"Casos_de_tuberculosis",	07,"Chiapas","2013","1,246","4","133","1,109","ND","ND","ND","ND","ND","ND","ND","ND","ND","ND","ND","ND","ND","ND","ND","ND","ND","ND","ND","ND","ND","ND","ND","ND","ND","ND","ND","ND","ND","ND","ND","ND","755","2","69","684","ND","ND","ND","ND","ND","ND","ND","ND","ND","ND","ND","ND","ND","ND","ND","ND","ND","ND","ND","ND","ND","ND","ND","ND","ND","ND","ND","ND","ND","ND","ND","ND","491","2","64","425","ND","ND","ND","ND","ND","ND","ND","ND","ND","ND","ND","ND","ND","ND","ND","ND","ND","ND","ND","ND","ND","ND","ND","ND","ND","ND","ND","ND","ND","ND","ND","ND",
"Casos_de_tuberculosis",	08,"Chihuahua","2013","696","12","116","568","ND","ND","ND","ND","ND","ND","ND","ND","ND","ND","ND","ND","ND","ND","ND","ND","ND","ND","ND","ND","ND","ND","ND","ND","ND","ND","ND","ND","ND","ND","ND","ND","420","6","58","356","ND","ND","ND","ND","ND","ND","ND","ND","ND","ND","ND","ND","ND","ND","ND","ND","ND","ND","ND","ND","ND","ND","ND","ND","ND","ND","ND","ND","ND","ND","ND","ND","276","6","58","212","ND","ND","ND","ND","ND","ND","ND","ND","ND","ND","ND","ND","ND","ND","ND","ND","ND","ND","ND","ND","ND","ND","ND","ND","ND","ND","ND","ND","ND","ND","ND","ND",
"Casos_de_tuberculosis",	09,"Ciudad_de_México","2013","811","44","261","506","ND","ND","ND","ND","ND","ND","ND","ND","ND","ND","ND","ND","ND","ND","ND","ND","ND","ND","ND","ND","ND","ND","ND","ND","ND","ND","ND","ND","ND","ND","ND","ND","467","31","137","299","ND","ND","ND","ND","ND","ND","ND","ND","ND","ND","ND","ND","ND","ND","ND","ND","ND","ND","ND","ND","ND","ND","ND","ND","ND","ND","ND","ND","ND","ND","ND","ND","344","13","124","207","ND","ND","ND","ND","ND","ND","ND","ND","ND","ND","ND","ND","ND","ND","ND","ND","ND","ND","ND","ND","ND","ND","ND","ND","ND","ND","ND","ND","ND","ND","ND","ND",
"Casos_de_tuberculosis",	10,"Durango","2013","203","2","64","137","ND","ND","ND","ND","ND","ND","ND","ND","ND","ND","ND","ND","ND","ND","ND","ND","ND","ND","ND","ND","ND","ND","ND","ND","ND","ND","ND","ND","ND","ND","ND","ND","123","2","35","86","ND","ND","ND","ND","ND","ND","ND","ND","ND","ND","ND","ND","ND","ND","ND","ND","ND","ND","ND","ND","ND","ND","ND","ND","ND","ND","ND","ND","ND","ND","ND","ND","80","0","29","51","ND","ND","ND","ND","ND","ND","ND","ND","ND","ND","ND","ND","ND","ND","ND","ND","ND","ND","ND","ND","ND","ND","ND","ND","ND","ND","ND","ND","ND","ND","ND","ND",
"Casos_de_tuberculosis",	11,"Guanajuato","2013","366","7","112","247","ND","ND","ND","ND","ND","ND","ND","ND","ND","ND","ND","ND","ND","ND","ND","ND","ND","ND","ND","ND","ND","ND","ND","ND","ND","ND","ND","ND","ND","ND","ND","ND","214","4","50","160","ND","ND","ND","ND","ND","ND","ND","ND","ND","ND","ND","ND","ND","ND","ND","ND","ND","ND","ND","ND","ND","ND","ND","ND","ND","ND","ND","ND","ND","ND","ND","ND","152","3","62","87","ND","ND","ND","ND","ND","ND","ND","ND","ND","ND","ND","ND","ND","ND","ND","ND","ND","ND","ND","ND","ND","ND","ND","ND","ND","ND","ND","ND","ND","ND","ND","ND",
"Casos_de_tuberculosis",	12,"Guerrero","2013","1,337","21","103","1,213","ND","ND","ND","ND","ND","ND","ND","ND","ND","ND","ND","ND","ND","ND","ND","ND","ND","ND","ND","ND","ND","ND","ND","ND","ND","ND","ND","ND","ND","ND","ND","ND","801","10","52","739","ND","ND","ND","ND","ND","ND","ND","ND","ND","ND","ND","ND","ND","ND","ND","ND","ND","ND","ND","ND","ND","ND","ND","ND","ND","ND","ND","ND","ND","ND","ND","ND","536","11","51","474","ND","ND","ND","ND","ND","ND","ND","ND","ND","ND","ND","ND","ND","ND","ND","ND","ND","ND","ND","ND","ND","ND","ND","ND","ND","ND","ND","ND","ND","ND","ND","ND",
"Casos_de_tuberculosis",	13,"Hidalgo","2013","237","2","37","198","ND","ND","ND","ND","ND","ND","ND","ND","ND","ND","ND","ND","ND","ND","ND","ND","ND","ND","ND","ND","ND","ND","ND","ND","ND","ND","ND","ND","ND","ND","ND","ND","121","1","17","103","ND","ND","ND","ND","ND","ND","ND","ND","ND","ND","ND","ND","ND","ND","ND","ND","ND","ND","ND","ND","ND","ND","ND","ND","ND","ND","ND","ND","ND","ND","ND","ND","116","1","20","95","ND","ND","ND","ND","ND","ND","ND","ND","ND","ND","ND","ND","ND","ND","ND","ND","ND","ND","ND","ND","ND","ND","ND","ND","ND","ND","ND","ND","ND","ND","ND","ND",
"Casos_de_tuberculosis",	14,"Jalisco","2013","981","21","302","658","ND","ND","ND","ND","ND","ND","ND","ND","ND","ND","ND","ND","ND","ND","ND","ND","ND","ND","ND","ND","ND","ND","ND","ND","ND","ND","ND","ND","ND","ND","ND","ND","589","14","153","422","ND","ND","ND","ND","ND","ND","ND","ND","ND","ND","ND","ND","ND","ND","ND","ND","ND","ND","ND","ND","ND","ND","ND","ND","ND","ND","ND","ND","ND","ND","ND","ND","392","7","149","236","ND","ND","ND","ND","ND","ND","ND","ND","ND","ND","ND","ND","ND","ND","ND","ND","ND","ND","ND","ND","ND","ND","ND","ND","ND","ND","ND","ND","ND","ND","ND","ND",
"Casos_de_tuberculosis",	15,"México","2013","744","26","258","460","ND","ND","ND","ND","ND","ND","ND","ND","ND","ND","ND","ND","ND","ND","ND","ND","ND","ND","ND","ND","ND","ND","ND","ND","ND","ND","ND","ND","ND","ND","ND","ND","407","20","115","272","ND","ND","ND","ND","ND","ND","ND","ND","ND","ND","ND","ND","ND","ND","ND","ND","ND","ND","ND","ND","ND","ND","ND","ND","ND","ND","ND","ND","ND","ND","ND","ND","337","6","143","188","ND","ND","ND","ND","ND","ND","ND","ND","ND","ND","ND","ND","ND","ND","ND","ND","ND","ND","ND","ND","ND","ND","ND","ND","ND","ND","ND","ND","ND","ND","ND","ND",
"Casos_de_tuberculosis",	16,"Michoacán_de_Ocampo","2013","327","2","60","265","ND","ND","ND","ND","ND","ND","ND","ND","ND","ND","ND","ND","ND","ND","ND","ND","ND","ND","ND","ND","ND","ND","ND","ND","ND","ND","ND","ND","ND","ND","ND","ND","186","2","29","155","ND","ND","ND","ND","ND","ND","ND","ND","ND","ND","ND","ND","ND","ND","ND","ND","ND","ND","ND","ND","ND","ND","ND","ND","ND","ND","ND","ND","ND","ND","ND","ND","141","0","31","110","ND","ND","ND","ND","ND","ND","ND","ND","ND","ND","ND","ND","ND","ND","ND","ND","ND","ND","ND","ND","ND","ND","ND","ND","ND","ND","ND","ND","ND","ND","ND","ND",
"Casos_de_tuberculosis",	17,"Morelos","2013","220","1","55","164","ND","ND","ND","ND","ND","ND","ND","ND","ND","ND","ND","ND","ND","ND","ND","ND","ND","ND","ND","ND","ND","ND","ND","ND","ND","ND","ND","ND","ND","ND","ND","ND","127","0","29","98","ND","ND","ND","ND","ND","ND","ND","ND","ND","ND","ND","ND","ND","ND","ND","ND","ND","ND","ND","ND","ND","ND","ND","ND","ND","ND","ND","ND","ND","ND","ND","ND","93","1","26","66","ND","ND","ND","ND","ND","ND","ND","ND","ND","ND","ND","ND","ND","ND","ND","ND","ND","ND","ND","ND","ND","ND","ND","ND","ND","ND","ND","ND","ND","ND","ND","ND",
"Casos_de_tuberculosis",	18,"Nayarit","2013","291","2","51","238","ND","ND","ND","ND","ND","ND","ND","ND","ND","ND","ND","ND","ND","ND","ND","ND","ND","ND","ND","ND","ND","ND","ND","ND","ND","ND","ND","ND","ND","ND","ND","ND","192","1","28","163","ND","ND","ND","ND","ND","ND","ND","ND","ND","ND","ND","ND","ND","ND","ND","ND","ND","ND","ND","ND","ND","ND","ND","ND","ND","ND","ND","ND","ND","ND","ND","ND","99","1","23","75","ND","ND","ND","ND","ND","ND","ND","ND","ND","ND","ND","ND","ND","ND","ND","ND","ND","ND","ND","ND","ND","ND","ND","ND","ND","ND","ND","ND","ND","ND","ND","ND",
"Casos_de_tuberculosis",	19,"Nuevo_León","2013","1,233","14","159","1,060","ND","ND","ND","ND","ND","ND","ND","ND","ND","ND","ND","ND","ND","ND","ND","ND","ND","ND","ND","ND","ND","ND","ND","ND","ND","ND","ND","ND","ND","ND","ND","ND","786","13","90","683","ND","ND","ND","ND","ND","ND","ND","ND","ND","ND","ND","ND","ND","ND","ND","ND","ND","ND","ND","ND","ND","ND","ND","ND","ND","ND","ND","ND","ND","ND","ND","ND","447","1","69","377","ND","ND","ND","ND","ND","ND","ND","ND","ND","ND","ND","ND","ND","ND","ND","ND","ND","ND","ND","ND","ND","ND","ND","ND","ND","ND","ND","ND","ND","ND","ND","ND",
"Casos_de_tuberculosis",	20,"Oaxaca","2013","698","6","115","577","ND","ND","ND","ND","ND","ND","ND","ND","ND","ND","ND","ND","ND","ND","ND","ND","ND","ND","ND","ND","ND","ND","ND","ND","ND","ND","ND","ND","ND","ND","ND","ND","394","3","52","339","ND","ND","ND","ND","ND","ND","ND","ND","ND","ND","ND","ND","ND","ND","ND","ND","ND","ND","ND","ND","ND","ND","ND","ND","ND","ND","ND","ND","ND","ND","ND","ND","304","3","63","238","ND","ND","ND","ND","ND","ND","ND","ND","ND","ND","ND","ND","ND","ND","ND","ND","ND","ND","ND","ND","ND","ND","ND","ND","ND","ND","ND","ND","ND","ND","ND","ND",
"Casos_de_tuberculosis",	21,"Puebla","2013","536","10","120","406","ND","ND","ND","ND","ND","ND","ND","ND","ND","ND","ND","ND","ND","ND","ND","ND","ND","ND","ND","ND","ND","ND","ND","ND","ND","ND","ND","ND","ND","ND","ND","ND","282","9","62","211","ND","ND","ND","ND","ND","ND","ND","ND","ND","ND","ND","ND","ND","ND","ND","ND","ND","ND","ND","ND","ND","ND","ND","ND","ND","ND","ND","ND","ND","ND","ND","ND","254","1","58","195","ND","ND","ND","ND","ND","ND","ND","ND","ND","ND","ND","ND","ND","ND","ND","ND","ND","ND","ND","ND","ND","ND","ND","ND","ND","ND","ND","ND","ND","ND","ND","ND",
"Casos_de_tuberculosis",	22,"Querétaro","2013","245","11","100","134","ND","ND","ND","ND","ND","ND","ND","ND","ND","ND","ND","ND","ND","ND","ND","ND","ND","ND","ND","ND","ND","ND","ND","ND","ND","ND","ND","ND","ND","ND","ND","ND","125","7","45","73","ND","ND","ND","ND","ND","ND","ND","ND","ND","ND","ND","ND","ND","ND","ND","ND","ND","ND","ND","ND","ND","ND","ND","ND","ND","ND","ND","ND","ND","ND","ND","ND","120","4","55","61","ND","ND","ND","ND","ND","ND","ND","ND","ND","ND","ND","ND","ND","ND","ND","ND","ND","ND","ND","ND","ND","ND","ND","ND","ND","ND","ND","ND","ND","ND","ND","ND",
"Casos_de_tuberculosis",	23,"Quintana_Roo","2013","244","6","34","204","ND","ND","ND","ND","ND","ND","ND","ND","ND","ND","ND","ND","ND","ND","ND","ND","ND","ND","ND","ND","ND","ND","ND","ND","ND","ND","ND","ND","ND","ND","ND","ND","170","5","22","143","ND","ND","ND","ND","ND","ND","ND","ND","ND","ND","ND","ND","ND","ND","ND","ND","ND","ND","ND","ND","ND","ND","ND","ND","ND","ND","ND","ND","ND","ND","ND","ND","74","1","12","61","ND","ND","ND","ND","ND","ND","ND","ND","ND","ND","ND","ND","ND","ND","ND","ND","ND","ND","ND","ND","ND","ND","ND","ND","ND","ND","ND","ND","ND","ND","ND","ND",
"Casos_de_tuberculosis",	24,"San_Luis_Potosí","2013","342","0","82","260","ND","ND","ND","ND","ND","ND","ND","ND","ND","ND","ND","ND","ND","ND","ND","ND","ND","ND","ND","ND","ND","ND","ND","ND","ND","ND","ND","ND","ND","ND","ND","ND","201","0","43","158","ND","ND","ND","ND","ND","ND","ND","ND","ND","ND","ND","ND","ND","ND","ND","ND","ND","ND","ND","ND","ND","ND","ND","ND","ND","ND","ND","ND","ND","ND","ND","ND","141","0","39","102","ND","ND","ND","ND","ND","ND","ND","ND","ND","ND","ND","ND","ND","ND","ND","ND","ND","ND","ND","ND","ND","ND","ND","ND","ND","ND","ND","ND","ND","ND","ND","ND",
"Casos_de_tuberculosis",	25,"Sinaloa","2013","878","4","79","795","ND","ND","ND","ND","ND","ND","ND","ND","ND","ND","ND","ND","ND","ND","ND","ND","ND","ND","ND","ND","ND","ND","ND","ND","ND","ND","ND","ND","ND","ND","ND","ND","596","1","41","554","ND","ND","ND","ND","ND","ND","ND","ND","ND","ND","ND","ND","ND","ND","ND","ND","ND","ND","ND","ND","ND","ND","ND","ND","ND","ND","ND","ND","ND","ND","ND","ND","282","3","38","241","ND","ND","ND","ND","ND","ND","ND","ND","ND","ND","ND","ND","ND","ND","ND","ND","ND","ND","ND","ND","ND","ND","ND","ND","ND","ND","ND","ND","ND","ND","ND","ND",
"Casos_de_tuberculosis",	26,"Sonora","2013","854","6","73","775","ND","ND","ND","ND","ND","ND","ND","ND","ND","ND","ND","ND","ND","ND","ND","ND","ND","ND","ND","ND","ND","ND","ND","ND","ND","ND","ND","ND","ND","ND","ND","ND","617","2","47","568","ND","ND","ND","ND","ND","ND","ND","ND","ND","ND","ND","ND","ND","ND","ND","ND","ND","ND","ND","ND","ND","ND","ND","ND","ND","ND","ND","ND","ND","ND","ND","ND","237","4","26","207","ND","ND","ND","ND","ND","ND","ND","ND","ND","ND","ND","ND","ND","ND","ND","ND","ND","ND","ND","ND","ND","ND","ND","ND","ND","ND","ND","ND","ND","ND","ND","ND",
"Casos_de_tuberculosis",	27,"Tabasco","2013","619","2","49","568","ND","ND","ND","ND","ND","ND","ND","ND","ND","ND","ND","ND","ND","ND","ND","ND","ND","ND","ND","ND","ND","ND","ND","ND","ND","ND","ND","ND","ND","ND","ND","ND","420","2","30","388","ND","ND","ND","ND","ND","ND","ND","ND","ND","ND","ND","ND","ND","ND","ND","ND","ND","ND","ND","ND","ND","ND","ND","ND","ND","ND","ND","ND","ND","ND","ND","ND","199","0","19","180","ND","ND","ND","ND","ND","ND","ND","ND","ND","ND","ND","ND","ND","ND","ND","ND","ND","ND","ND","ND","ND","ND","ND","ND","ND","ND","ND","ND","ND","ND","ND","ND",
"Casos_de_tuberculosis",	28,"Tamaulipas","2013","1,108","6","94","1,008","ND","ND","ND","ND","ND","ND","ND","ND","ND","ND","ND","ND","ND","ND","ND","ND","ND","ND","ND","ND","ND","ND","ND","ND","ND","ND","ND","ND","ND","ND","ND","ND","695","2","50","643","ND","ND","ND","ND","ND","ND","ND","ND","ND","ND","ND","ND","ND","ND","ND","ND","ND","ND","ND","ND","ND","ND","ND","ND","ND","ND","ND","ND","ND","ND","ND","ND","413","4","44","365","ND","ND","ND","ND","ND","ND","ND","ND","ND","ND","ND","ND","ND","ND","ND","ND","ND","ND","ND","ND","ND","ND","ND","ND","ND","ND","ND","ND","ND","ND","ND","ND",
"Casos_de_tuberculosis",	29,"Tlaxcala","2013","50","0","7","43","ND","ND","ND","ND","ND","ND","ND","ND","ND","ND","ND","ND","ND","ND","ND","ND","ND","ND","ND","ND","ND","ND","ND","ND","ND","ND","ND","ND","ND","ND","ND","ND","29","0","2","27","ND","ND","ND","ND","ND","ND","ND","ND","ND","ND","ND","ND","ND","ND","ND","ND","ND","ND","ND","ND","ND","ND","ND","ND","ND","ND","ND","ND","ND","ND","ND","ND","21","0","5","16","ND","ND","ND","ND","ND","ND","ND","ND","ND","ND","ND","ND","ND","ND","ND","ND","ND","ND","ND","ND","ND","ND","ND","ND","ND","ND","ND","ND","ND","ND","ND","ND",
"Casos_de_tuberculosis",	30,"Veracruz_de_Ignacio_de_la_Llave","2013","2,114","24","244","1,846","ND","ND","ND","ND","ND","ND","ND","ND","ND","ND","ND","ND","ND","ND","ND","ND","ND","ND","ND","ND","ND","ND","ND","ND","ND","ND","ND","ND","ND","ND","ND","ND","1,299","15","143","1,141","ND","ND","ND","ND","ND","ND","ND","ND","ND","ND","ND","ND","ND","ND","ND","ND","ND","ND","ND","ND","ND","ND","ND","ND","ND","ND","ND","ND","ND","ND","ND","ND","815","9","101","705","ND","ND","ND","ND","ND","ND","ND","ND","ND","ND","ND","ND","ND","ND","ND","ND","ND","ND","ND","ND","ND","ND","ND","ND","ND","ND","ND","ND","ND","ND","ND","ND",
"Casos_de_tuberculosis",	31,"Yucatán","2013","238","2","35","201","ND","ND","ND","ND","ND","ND","ND","ND","ND","ND","ND","ND","ND","ND","ND","ND","ND","ND","ND","ND","ND","ND","ND","ND","ND","ND","ND","ND","ND","ND","ND","ND","159","1","17","141","ND","ND","ND","ND","ND","ND","ND","ND","ND","ND","ND","ND","ND","ND","ND","ND","ND","ND","ND","ND","ND","ND","ND","ND","ND","ND","ND","ND","ND","ND","ND","ND","79","1","18","60","ND","ND","ND","ND","ND","ND","ND","ND","ND","ND","ND","ND","ND","ND","ND","ND","ND","ND","ND","ND","ND","ND","ND","ND","ND","ND","ND","ND","ND","ND","ND","ND",
"Casos_de_tuberculosis",	32,"Zacatecas","2013","92","1","32","59","ND","ND","ND","ND","ND","ND","ND","ND","ND","ND","ND","ND","ND","ND","ND","ND","ND","ND","ND","ND","ND","ND","ND","ND","ND","ND","ND","ND","ND","ND","ND","ND","52","0","14","38","ND","ND","ND","ND","ND","ND","ND","ND","ND","ND","ND","ND","ND","ND","ND","ND","ND","ND","ND","ND","ND","ND","ND","ND","ND","ND","ND","ND","ND","ND","ND","ND","40","1","18","21","ND","ND","ND","ND","ND","ND","ND","ND","ND","ND","ND","ND","ND","ND","ND","ND","ND","ND","ND","ND","ND","ND","ND","ND","ND","ND","ND","ND","ND","ND","ND","ND",
"Casos_de_tuberculosis",	00,"Estados_Unidos_Mexicanos","2012","19,697","298","3,541","15,858","103","1","20","82","246","11","102","133","612","17","267","328","2,907","42","525","2,340","6,814","127","1,366","5,321","6,028","78","846","5,104","2,987","22","415","2,550","ND","ND","ND","ND","12,020","196","1,853","9,971","56","0","11","45","132","4","58","70","296","10","123","163","1,675","18","248","1,409","4,458","90","763","3,605","3,610","59","425","3,126","1,793","15","225","1,553","ND","ND","ND","ND","7,677","102","1,688","5,887","47","1","9","37","114","7","44","63","316","7","144","165","1,232","24","277","931","2,356","37","603","1,716","2,418","19","421","1,978","1,194","7","190","997","ND","ND","ND","ND",
"Casos_de_tuberculosis",	01,"Aguascalientes","2012","75","2","39","34","ND","ND","ND","ND","ND","ND","ND","ND","ND","ND","ND","ND","ND","ND","ND","ND","ND","ND","ND","ND","ND","ND","ND","ND","ND","ND","ND","ND","ND","ND","ND","ND","40","0","17","23","ND","ND","ND","ND","ND","ND","ND","ND","ND","ND","ND","ND","ND","ND","ND","ND","ND","ND","ND","ND","ND","ND","ND","ND","ND","ND","ND","ND","ND","ND","ND","ND","35","2","22","11","ND","ND","ND","ND","ND","ND","ND","ND","ND","ND","ND","ND","ND","ND","ND","ND","ND","ND","ND","ND","ND","ND","ND","ND","ND","ND","ND","ND","ND","ND","ND","ND",
"Casos_de_tuberculosis",	02,"Baja_California","2012","1,948","41","400","1,507","ND","ND","ND","ND","ND","ND","ND","ND","ND","ND","ND","ND","ND","ND","ND","ND","ND","ND","ND","ND","ND","ND","ND","ND","ND","ND","ND","ND","ND","ND","ND","ND","1,244","29","200","1,015","ND","ND","ND","ND","ND","ND","ND","ND","ND","ND","ND","ND","ND","ND","ND","ND","ND","ND","ND","ND","ND","ND","ND","ND","ND","ND","ND","ND","ND","ND","ND","ND","704","12","200","492","ND","ND","ND","ND","ND","ND","ND","ND","ND","ND","ND","ND","ND","ND","ND","ND","ND","ND","ND","ND","ND","ND","ND","ND","ND","ND","ND","ND","ND","ND","ND","ND",
"Casos_de_tuberculosis",	03,"Baja_California_Sur","2012","159","1","22","136","ND","ND","ND","ND","ND","ND","ND","ND","ND","ND","ND","ND","ND","ND","ND","ND","ND","ND","ND","ND","ND","ND","ND","ND","ND","ND","ND","ND","ND","ND","ND","ND","120","1","15","104","ND","ND","ND","ND","ND","ND","ND","ND","ND","ND","ND","ND","ND","ND","ND","ND","ND","ND","ND","ND","ND","ND","ND","ND","ND","ND","ND","ND","ND","ND","ND","ND","39","0","7","32","ND","ND","ND","ND","ND","ND","ND","ND","ND","ND","ND","ND","ND","ND","ND","ND","ND","ND","ND","ND","ND","ND","ND","ND","ND","ND","ND","ND","ND","ND","ND","ND",
"Casos_de_tuberculosis",	04,"Campeche","2012","139","0","20","119","ND","ND","ND","ND","ND","ND","ND","ND","ND","ND","ND","ND","ND","ND","ND","ND","ND","ND","ND","ND","ND","ND","ND","ND","ND","ND","ND","ND","ND","ND","ND","ND","86","0","14","72","ND","ND","ND","ND","ND","ND","ND","ND","ND","ND","ND","ND","ND","ND","ND","ND","ND","ND","ND","ND","ND","ND","ND","ND","ND","ND","ND","ND","ND","ND","ND","ND","53","0","6","47","ND","ND","ND","ND","ND","ND","ND","ND","ND","ND","ND","ND","ND","ND","ND","ND","ND","ND","ND","ND","ND","ND","ND","ND","ND","ND","ND","ND","ND","ND","ND","ND",
"Casos_de_tuberculosis",	05,"Coahuila_de_Zaragoza","2012","554","8","85","461","ND","ND","ND","ND","ND","ND","ND","ND","ND","ND","ND","ND","ND","ND","ND","ND","ND","ND","ND","ND","ND","ND","ND","ND","ND","ND","ND","ND","ND","ND","ND","ND","315","5","36","274","ND","ND","ND","ND","ND","ND","ND","ND","ND","ND","ND","ND","ND","ND","ND","ND","ND","ND","ND","ND","ND","ND","ND","ND","ND","ND","ND","ND","ND","ND","ND","ND","239","3","49","187","ND","ND","ND","ND","ND","ND","ND","ND","ND","ND","ND","ND","ND","ND","ND","ND","ND","ND","ND","ND","ND","ND","ND","ND","ND","ND","ND","ND","ND","ND","ND","ND",
"Casos_de_tuberculosis",	06,"Colima","2012","151","0","19","132","ND","ND","ND","ND","ND","ND","ND","ND","ND","ND","ND","ND","ND","ND","ND","ND","ND","ND","ND","ND","ND","ND","ND","ND","ND","ND","ND","ND","ND","ND","ND","ND","99","0","11","88","ND","ND","ND","ND","ND","ND","ND","ND","ND","ND","ND","ND","ND","ND","ND","ND","ND","ND","ND","ND","ND","ND","ND","ND","ND","ND","ND","ND","ND","ND","ND","ND","52","0","8","44","ND","ND","ND","ND","ND","ND","ND","ND","ND","ND","ND","ND","ND","ND","ND","ND","ND","ND","ND","ND","ND","ND","ND","ND","ND","ND","ND","ND","ND","ND","ND","ND",
"Casos_de_tuberculosis",	07,"Chiapas","2012","1,254","4","144","1,106","ND","ND","ND","ND","ND","ND","ND","ND","ND","ND","ND","ND","ND","ND","ND","ND","ND","ND","ND","ND","ND","ND","ND","ND","ND","ND","ND","ND","ND","ND","ND","ND","707","2","72","633","ND","ND","ND","ND","ND","ND","ND","ND","ND","ND","ND","ND","ND","ND","ND","ND","ND","ND","ND","ND","ND","ND","ND","ND","ND","ND","ND","ND","ND","ND","ND","ND","547","2","72","473","ND","ND","ND","ND","ND","ND","ND","ND","ND","ND","ND","ND","ND","ND","ND","ND","ND","ND","ND","ND","ND","ND","ND","ND","ND","ND","ND","ND","ND","ND","ND","ND",
"Casos_de_tuberculosis",	08,"Chihuahua","2012","753","10","113","630","ND","ND","ND","ND","ND","ND","ND","ND","ND","ND","ND","ND","ND","ND","ND","ND","ND","ND","ND","ND","ND","ND","ND","ND","ND","ND","ND","ND","ND","ND","ND","ND","424","7","60","357","ND","ND","ND","ND","ND","ND","ND","ND","ND","ND","ND","ND","ND","ND","ND","ND","ND","ND","ND","ND","ND","ND","ND","ND","ND","ND","ND","ND","ND","ND","ND","ND","329","3","53","273","ND","ND","ND","ND","ND","ND","ND","ND","ND","ND","ND","ND","ND","ND","ND","ND","ND","ND","ND","ND","ND","ND","ND","ND","ND","ND","ND","ND","ND","ND","ND","ND",
"Casos_de_tuberculosis",	09,"Ciudad_de_México","2012","800","28","292","480","ND","ND","ND","ND","ND","ND","ND","ND","ND","ND","ND","ND","ND","ND","ND","ND","ND","ND","ND","ND","ND","ND","ND","ND","ND","ND","ND","ND","ND","ND","ND","ND","434","20","140","274","ND","ND","ND","ND","ND","ND","ND","ND","ND","ND","ND","ND","ND","ND","ND","ND","ND","ND","ND","ND","ND","ND","ND","ND","ND","ND","ND","ND","ND","ND","ND","ND","366","8","152","206","ND","ND","ND","ND","ND","ND","ND","ND","ND","ND","ND","ND","ND","ND","ND","ND","ND","ND","ND","ND","ND","ND","ND","ND","ND","ND","ND","ND","ND","ND","ND","ND",
"Casos_de_tuberculosis",	10,"Durango","2012","229","6","48","175","ND","ND","ND","ND","ND","ND","ND","ND","ND","ND","ND","ND","ND","ND","ND","ND","ND","ND","ND","ND","ND","ND","ND","ND","ND","ND","ND","ND","ND","ND","ND","ND","144","5","32","107","ND","ND","ND","ND","ND","ND","ND","ND","ND","ND","ND","ND","ND","ND","ND","ND","ND","ND","ND","ND","ND","ND","ND","ND","ND","ND","ND","ND","ND","ND","ND","ND","85","1","16","68","ND","ND","ND","ND","ND","ND","ND","ND","ND","ND","ND","ND","ND","ND","ND","ND","ND","ND","ND","ND","ND","ND","ND","ND","ND","ND","ND","ND","ND","ND","ND","ND",
"Casos_de_tuberculosis",	11,"Guanajuato","2012","351","7","141","203","ND","ND","ND","ND","ND","ND","ND","ND","ND","ND","ND","ND","ND","ND","ND","ND","ND","ND","ND","ND","ND","ND","ND","ND","ND","ND","ND","ND","ND","ND","ND","ND","187","6","65","116","ND","ND","ND","ND","ND","ND","ND","ND","ND","ND","ND","ND","ND","ND","ND","ND","ND","ND","ND","ND","ND","ND","ND","ND","ND","ND","ND","ND","ND","ND","ND","ND","164","1","76","87","ND","ND","ND","ND","ND","ND","ND","ND","ND","ND","ND","ND","ND","ND","ND","ND","ND","ND","ND","ND","ND","ND","ND","ND","ND","ND","ND","ND","ND","ND","ND","ND",
"Casos_de_tuberculosis",	12,"Guerrero","2012","1,220","17","129","1,074","ND","ND","ND","ND","ND","ND","ND","ND","ND","ND","ND","ND","ND","ND","ND","ND","ND","ND","ND","ND","ND","ND","ND","ND","ND","ND","ND","ND","ND","ND","ND","ND","728","11","71","646","ND","ND","ND","ND","ND","ND","ND","ND","ND","ND","ND","ND","ND","ND","ND","ND","ND","ND","ND","ND","ND","ND","ND","ND","ND","ND","ND","ND","ND","ND","ND","ND","492","6","58","428","ND","ND","ND","ND","ND","ND","ND","ND","ND","ND","ND","ND","ND","ND","ND","ND","ND","ND","ND","ND","ND","ND","ND","ND","ND","ND","ND","ND","ND","ND","ND","ND",
"Casos_de_tuberculosis",	13,"Hidalgo","2012","281","2","36","243","ND","ND","ND","ND","ND","ND","ND","ND","ND","ND","ND","ND","ND","ND","ND","ND","ND","ND","ND","ND","ND","ND","ND","ND","ND","ND","ND","ND","ND","ND","ND","ND","164","1","13","150","ND","ND","ND","ND","ND","ND","ND","ND","ND","ND","ND","ND","ND","ND","ND","ND","ND","ND","ND","ND","ND","ND","ND","ND","ND","ND","ND","ND","ND","ND","ND","ND","117","1","23","93","ND","ND","ND","ND","ND","ND","ND","ND","ND","ND","ND","ND","ND","ND","ND","ND","ND","ND","ND","ND","ND","ND","ND","ND","ND","ND","ND","ND","ND","ND","ND","ND",
"Casos_de_tuberculosis",	14,"Jalisco","2012","1,036","29","315","692","ND","ND","ND","ND","ND","ND","ND","ND","ND","ND","ND","ND","ND","ND","ND","ND","ND","ND","ND","ND","ND","ND","ND","ND","ND","ND","ND","ND","ND","ND","ND","ND","608","17","151","440","ND","ND","ND","ND","ND","ND","ND","ND","ND","ND","ND","ND","ND","ND","ND","ND","ND","ND","ND","ND","ND","ND","ND","ND","ND","ND","ND","ND","ND","ND","ND","ND","428","12","164","252","ND","ND","ND","ND","ND","ND","ND","ND","ND","ND","ND","ND","ND","ND","ND","ND","ND","ND","ND","ND","ND","ND","ND","ND","ND","ND","ND","ND","ND","ND","ND","ND",
"Casos_de_tuberculosis",	15,"México","2012","871","31","290","550","ND","ND","ND","ND","ND","ND","ND","ND","ND","ND","ND","ND","ND","ND","ND","ND","ND","ND","ND","ND","ND","ND","ND","ND","ND","ND","ND","ND","ND","ND","ND","ND","475","16","139","320","ND","ND","ND","ND","ND","ND","ND","ND","ND","ND","ND","ND","ND","ND","ND","ND","ND","ND","ND","ND","ND","ND","ND","ND","ND","ND","ND","ND","ND","ND","ND","ND","396","15","151","230","ND","ND","ND","ND","ND","ND","ND","ND","ND","ND","ND","ND","ND","ND","ND","ND","ND","ND","ND","ND","ND","ND","ND","ND","ND","ND","ND","ND","ND","ND","ND","ND",
"Casos_de_tuberculosis",	16,"Michoacán_de_Ocampo","2012","316","2","72","242","ND","ND","ND","ND","ND","ND","ND","ND","ND","ND","ND","ND","ND","ND","ND","ND","ND","ND","ND","ND","ND","ND","ND","ND","ND","ND","ND","ND","ND","ND","ND","ND","184","2","38","144","ND","ND","ND","ND","ND","ND","ND","ND","ND","ND","ND","ND","ND","ND","ND","ND","ND","ND","ND","ND","ND","ND","ND","ND","ND","ND","ND","ND","ND","ND","ND","ND","132","0","34","98","ND","ND","ND","ND","ND","ND","ND","ND","ND","ND","ND","ND","ND","ND","ND","ND","ND","ND","ND","ND","ND","ND","ND","ND","ND","ND","ND","ND","ND","ND","ND","ND",
"Casos_de_tuberculosis",	17,"Morelos","2012","175","2","47","126","ND","ND","ND","ND","ND","ND","ND","ND","ND","ND","ND","ND","ND","ND","ND","ND","ND","ND","ND","ND","ND","ND","ND","ND","ND","ND","ND","ND","ND","ND","ND","ND","104","2","24","78","ND","ND","ND","ND","ND","ND","ND","ND","ND","ND","ND","ND","ND","ND","ND","ND","ND","ND","ND","ND","ND","ND","ND","ND","ND","ND","ND","ND","ND","ND","ND","ND","71","0","23","48","ND","ND","ND","ND","ND","ND","ND","ND","ND","ND","ND","ND","ND","ND","ND","ND","ND","ND","ND","ND","ND","ND","ND","ND","ND","ND","ND","ND","ND","ND","ND","ND",
"Casos_de_tuberculosis",	18,"Nayarit","2012","282","5","53","224","ND","ND","ND","ND","ND","ND","ND","ND","ND","ND","ND","ND","ND","ND","ND","ND","ND","ND","ND","ND","ND","ND","ND","ND","ND","ND","ND","ND","ND","ND","ND","ND","178","5","25","148","ND","ND","ND","ND","ND","ND","ND","ND","ND","ND","ND","ND","ND","ND","ND","ND","ND","ND","ND","ND","ND","ND","ND","ND","ND","ND","ND","ND","ND","ND","ND","ND","104","0","28","76","ND","ND","ND","ND","ND","ND","ND","ND","ND","ND","ND","ND","ND","ND","ND","ND","ND","ND","ND","ND","ND","ND","ND","ND","ND","ND","ND","ND","ND","ND","ND","ND",
"Casos_de_tuberculosis",	19,"Nuevo_León","2012","1,263","15","176","1,072","ND","ND","ND","ND","ND","ND","ND","ND","ND","ND","ND","ND","ND","ND","ND","ND","ND","ND","ND","ND","ND","ND","ND","ND","ND","ND","ND","ND","ND","ND","ND","ND","800","9","110","681","ND","ND","ND","ND","ND","ND","ND","ND","ND","ND","ND","ND","ND","ND","ND","ND","ND","ND","ND","ND","ND","ND","ND","ND","ND","ND","ND","ND","ND","ND","ND","ND","463","6","66","391","ND","ND","ND","ND","ND","ND","ND","ND","ND","ND","ND","ND","ND","ND","ND","ND","ND","ND","ND","ND","ND","ND","ND","ND","ND","ND","ND","ND","ND","ND","ND","ND",
"Casos_de_tuberculosis",	20,"Oaxaca","2012","754","7","135","612","ND","ND","ND","ND","ND","ND","ND","ND","ND","ND","ND","ND","ND","ND","ND","ND","ND","ND","ND","ND","ND","ND","ND","ND","ND","ND","ND","ND","ND","ND","ND","ND","442","4","78","360","ND","ND","ND","ND","ND","ND","ND","ND","ND","ND","ND","ND","ND","ND","ND","ND","ND","ND","ND","ND","ND","ND","ND","ND","ND","ND","ND","ND","ND","ND","ND","ND","312","3","57","252","ND","ND","ND","ND","ND","ND","ND","ND","ND","ND","ND","ND","ND","ND","ND","ND","ND","ND","ND","ND","ND","ND","ND","ND","ND","ND","ND","ND","ND","ND","ND","ND",
"Casos_de_tuberculosis",	21,"Puebla","2012","520","9","107","404","ND","ND","ND","ND","ND","ND","ND","ND","ND","ND","ND","ND","ND","ND","ND","ND","ND","ND","ND","ND","ND","ND","ND","ND","ND","ND","ND","ND","ND","ND","ND","ND","292","7","59","226","ND","ND","ND","ND","ND","ND","ND","ND","ND","ND","ND","ND","ND","ND","ND","ND","ND","ND","ND","ND","ND","ND","ND","ND","ND","ND","ND","ND","ND","ND","ND","ND","228","2","48","178","ND","ND","ND","ND","ND","ND","ND","ND","ND","ND","ND","ND","ND","ND","ND","ND","ND","ND","ND","ND","ND","ND","ND","ND","ND","ND","ND","ND","ND","ND","ND","ND",
"Casos_de_tuberculosis",	22,"Querétaro","2012","224","8","81","135","ND","ND","ND","ND","ND","ND","ND","ND","ND","ND","ND","ND","ND","ND","ND","ND","ND","ND","ND","ND","ND","ND","ND","ND","ND","ND","ND","ND","ND","ND","ND","ND","131","3","46","82","ND","ND","ND","ND","ND","ND","ND","ND","ND","ND","ND","ND","ND","ND","ND","ND","ND","ND","ND","ND","ND","ND","ND","ND","ND","ND","ND","ND","ND","ND","ND","ND","93","5","35","53","ND","ND","ND","ND","ND","ND","ND","ND","ND","ND","ND","ND","ND","ND","ND","ND","ND","ND","ND","ND","ND","ND","ND","ND","ND","ND","ND","ND","ND","ND","ND","ND",
"Casos_de_tuberculosis",	23,"Quintana_Roo","2012","299","5","44","250","ND","ND","ND","ND","ND","ND","ND","ND","ND","ND","ND","ND","ND","ND","ND","ND","ND","ND","ND","ND","ND","ND","ND","ND","ND","ND","ND","ND","ND","ND","ND","ND","197","3","27","167","ND","ND","ND","ND","ND","ND","ND","ND","ND","ND","ND","ND","ND","ND","ND","ND","ND","ND","ND","ND","ND","ND","ND","ND","ND","ND","ND","ND","ND","ND","ND","ND","102","2","17","83","ND","ND","ND","ND","ND","ND","ND","ND","ND","ND","ND","ND","ND","ND","ND","ND","ND","ND","ND","ND","ND","ND","ND","ND","ND","ND","ND","ND","ND","ND","ND","ND",
"Casos_de_tuberculosis",	24,"San_Luis_Potosí","2012","378","1","98","279","ND","ND","ND","ND","ND","ND","ND","ND","ND","ND","ND","ND","ND","ND","ND","ND","ND","ND","ND","ND","ND","ND","ND","ND","ND","ND","ND","ND","ND","ND","ND","ND","207","0","41","166","ND","ND","ND","ND","ND","ND","ND","ND","ND","ND","ND","ND","ND","ND","ND","ND","ND","ND","ND","ND","ND","ND","ND","ND","ND","ND","ND","ND","ND","ND","ND","ND","171","1","57","113","ND","ND","ND","ND","ND","ND","ND","ND","ND","ND","ND","ND","ND","ND","ND","ND","ND","ND","ND","ND","ND","ND","ND","ND","ND","ND","ND","ND","ND","ND","ND","ND",
"Casos_de_tuberculosis",	25,"Sinaloa","2012","873","8","92","773","ND","ND","ND","ND","ND","ND","ND","ND","ND","ND","ND","ND","ND","ND","ND","ND","ND","ND","ND","ND","ND","ND","ND","ND","ND","ND","ND","ND","ND","ND","ND","ND","573","6","52","515","ND","ND","ND","ND","ND","ND","ND","ND","ND","ND","ND","ND","ND","ND","ND","ND","ND","ND","ND","ND","ND","ND","ND","ND","ND","ND","ND","ND","ND","ND","ND","ND","300","2","40","258","ND","ND","ND","ND","ND","ND","ND","ND","ND","ND","ND","ND","ND","ND","ND","ND","ND","ND","ND","ND","ND","ND","ND","ND","ND","ND","ND","ND","ND","ND","ND","ND",
"Casos_de_tuberculosis",	26,"Sonora","2012","846","10","87","749","ND","ND","ND","ND","ND","ND","ND","ND","ND","ND","ND","ND","ND","ND","ND","ND","ND","ND","ND","ND","ND","ND","ND","ND","ND","ND","ND","ND","ND","ND","ND","ND","610","9","53","548","ND","ND","ND","ND","ND","ND","ND","ND","ND","ND","ND","ND","ND","ND","ND","ND","ND","ND","ND","ND","ND","ND","ND","ND","ND","ND","ND","ND","ND","ND","ND","ND","236","1","34","201","ND","ND","ND","ND","ND","ND","ND","ND","ND","ND","ND","ND","ND","ND","ND","ND","ND","ND","ND","ND","ND","ND","ND","ND","ND","ND","ND","ND","ND","ND","ND","ND",
"Casos_de_tuberculosis",	27,"Tabasco","2012","545","3","63","479","ND","ND","ND","ND","ND","ND","ND","ND","ND","ND","ND","ND","ND","ND","ND","ND","ND","ND","ND","ND","ND","ND","ND","ND","ND","ND","ND","ND","ND","ND","ND","ND","357","2","34","321","ND","ND","ND","ND","ND","ND","ND","ND","ND","ND","ND","ND","ND","ND","ND","ND","ND","ND","ND","ND","ND","ND","ND","ND","ND","ND","ND","ND","ND","ND","ND","ND","188","1","29","158","ND","ND","ND","ND","ND","ND","ND","ND","ND","ND","ND","ND","ND","ND","ND","ND","ND","ND","ND","ND","ND","ND","ND","ND","ND","ND","ND","ND","ND","ND","ND","ND",
"Casos_de_tuberculosis",	28,"Tamaulipas","2012","1,116","8","83","1,025","ND","ND","ND","ND","ND","ND","ND","ND","ND","ND","ND","ND","ND","ND","ND","ND","ND","ND","ND","ND","ND","ND","ND","ND","ND","ND","ND","ND","ND","ND","ND","ND","736","5","43","688","ND","ND","ND","ND","ND","ND","ND","ND","ND","ND","ND","ND","ND","ND","ND","ND","ND","ND","ND","ND","ND","ND","ND","ND","ND","ND","ND","ND","ND","ND","ND","ND","380","3","40","337","ND","ND","ND","ND","ND","ND","ND","ND","ND","ND","ND","ND","ND","ND","ND","ND","ND","ND","ND","ND","ND","ND","ND","ND","ND","ND","ND","ND","ND","ND","ND","ND",
"Casos_de_tuberculosis",	29,"Tlaxcala","2012","49","0","7","42","ND","ND","ND","ND","ND","ND","ND","ND","ND","ND","ND","ND","ND","ND","ND","ND","ND","ND","ND","ND","ND","ND","ND","ND","ND","ND","ND","ND","ND","ND","ND","ND","32","0","4","28","ND","ND","ND","ND","ND","ND","ND","ND","ND","ND","ND","ND","ND","ND","ND","ND","ND","ND","ND","ND","ND","ND","ND","ND","ND","ND","ND","ND","ND","ND","ND","ND","17","0","3","14","ND","ND","ND","ND","ND","ND","ND","ND","ND","ND","ND","ND","ND","ND","ND","ND","ND","ND","ND","ND","ND","ND","ND","ND","ND","ND","ND","ND","ND","ND","ND","ND",
"Casos_de_tuberculosis",	30,"Veracruz_de_Ignacio_de_la_Llave","2012","1,943","21","249","1,673","ND","ND","ND","ND","ND","ND","ND","ND","ND","ND","ND","ND","ND","ND","ND","ND","ND","ND","ND","ND","ND","ND","ND","ND","ND","ND","ND","ND","ND","ND","ND","ND","1,208","16","152","1,040","ND","ND","ND","ND","ND","ND","ND","ND","ND","ND","ND","ND","ND","ND","ND","ND","ND","ND","ND","ND","ND","ND","ND","ND","ND","ND","ND","ND","ND","ND","ND","ND","735","5","97","633","ND","ND","ND","ND","ND","ND","ND","ND","ND","ND","ND","ND","ND","ND","ND","ND","ND","ND","ND","ND","ND","ND","ND","ND","ND","ND","ND","ND","ND","ND","ND","ND",
"Casos_de_tuberculosis",	31,"Yucatán","2012","218","6","31","181","ND","ND","ND","ND","ND","ND","ND","ND","ND","ND","ND","ND","ND","ND","ND","ND","ND","ND","ND","ND","ND","ND","ND","ND","ND","ND","ND","ND","ND","ND","ND","ND","149","3","20","126","ND","ND","ND","ND","ND","ND","ND","ND","ND","ND","ND","ND","ND","ND","ND","ND","ND","ND","ND","ND","ND","ND","ND","ND","ND","ND","ND","ND","ND","ND","ND","ND","69","3","11","55","ND","ND","ND","ND","ND","ND","ND","ND","ND","ND","ND","ND","ND","ND","ND","ND","ND","ND","ND","ND","ND","ND","ND","ND","ND","ND","ND","ND","ND","ND","ND","ND",
"Casos_de_tuberculosis",	32,"Zacatecas","2012","75","2","23","50","ND","ND","ND","ND","ND","ND","ND","ND","ND","ND","ND","ND","ND","ND","ND","ND","ND","ND","ND","ND","ND","ND","ND","ND","ND","ND","ND","ND","ND","ND","ND","ND","45","0","11","34","ND","ND","ND","ND","ND","ND","ND","ND","ND","ND","ND","ND","ND","ND","ND","ND","ND","ND","ND","ND","ND","ND","ND","ND","ND","ND","ND","ND","ND","ND","ND","ND","30","2","12","16","ND","ND","ND","ND","ND","ND","ND","ND","ND","ND","ND","ND","ND","ND","ND","ND","ND","ND","ND","ND","ND","ND","ND","ND","ND","ND","ND","ND","ND","ND","ND","ND",
"Casos_de_tuberculosis",	00,"Estados_Unidos_Mexicanos","2011","18,984","290","3,237","15,457","98","4","30","64","217","7","103","107","566","12","243","311","2,819","49","515","2,255","6,626","129","1,222","5,275","5,774","65","770","4,939","2,884","24","354","2,506","ND","ND","ND","ND","11,535","185","1,638","9,712","58","3","16","39","120","4","62","54","273","10","110","153","1,608","22","244","1,342","4,299","85","662","3,552","3,471","47","367","3,057","1,706","14","177","1,515","ND","ND","ND","ND","7,449","105","1,599","5,745","40","1","14","25","97","3","41","53","293","2","133","158","1,211","27","271","913","2,327","44","560","1,723","2,303","18","403","1,882","1,178","10","177","991","ND","ND","ND","ND",
"Casos_de_tuberculosis",	01,"Aguascalientes","2011","86","4","36","46","ND","ND","ND","ND","ND","ND","ND","ND","ND","ND","ND","ND","ND","ND","ND","ND","ND","ND","ND","ND","ND","ND","ND","ND","ND","ND","ND","ND","ND","ND","ND","ND","45","2","18","25","ND","ND","ND","ND","ND","ND","ND","ND","ND","ND","ND","ND","ND","ND","ND","ND","ND","ND","ND","ND","ND","ND","ND","ND","ND","ND","ND","ND","ND","ND","ND","ND","41","2","18","21","ND","ND","ND","ND","ND","ND","ND","ND","ND","ND","ND","ND","ND","ND","ND","ND","ND","ND","ND","ND","ND","ND","ND","ND","ND","ND","ND","ND","ND","ND","ND","ND",
"Casos_de_tuberculosis",	02,"Baja_California","2011","1,793","29","338","1,426","ND","ND","ND","ND","ND","ND","ND","ND","ND","ND","ND","ND","ND","ND","ND","ND","ND","ND","ND","ND","ND","ND","ND","ND","ND","ND","ND","ND","ND","ND","ND","ND","1,155","20","165","970","ND","ND","ND","ND","ND","ND","ND","ND","ND","ND","ND","ND","ND","ND","ND","ND","ND","ND","ND","ND","ND","ND","ND","ND","ND","ND","ND","ND","ND","ND","ND","ND","638","9","173","456","ND","ND","ND","ND","ND","ND","ND","ND","ND","ND","ND","ND","ND","ND","ND","ND","ND","ND","ND","ND","ND","ND","ND","ND","ND","ND","ND","ND","ND","ND","ND","ND",
"Casos_de_tuberculosis",	03,"Baja_California_Sur","2011","166","2","21","143","ND","ND","ND","ND","ND","ND","ND","ND","ND","ND","ND","ND","ND","ND","ND","ND","ND","ND","ND","ND","ND","ND","ND","ND","ND","ND","ND","ND","ND","ND","ND","ND","114","1","13","100","ND","ND","ND","ND","ND","ND","ND","ND","ND","ND","ND","ND","ND","ND","ND","ND","ND","ND","ND","ND","ND","ND","ND","ND","ND","ND","ND","ND","ND","ND","ND","ND","52","1","8","43","ND","ND","ND","ND","ND","ND","ND","ND","ND","ND","ND","ND","ND","ND","ND","ND","ND","ND","ND","ND","ND","ND","ND","ND","ND","ND","ND","ND","ND","ND","ND","ND",
"Casos_de_tuberculosis",	04,"Campeche","2011","141","2","13","126","ND","ND","ND","ND","ND","ND","ND","ND","ND","ND","ND","ND","ND","ND","ND","ND","ND","ND","ND","ND","ND","ND","ND","ND","ND","ND","ND","ND","ND","ND","ND","ND","86","0","4","82","ND","ND","ND","ND","ND","ND","ND","ND","ND","ND","ND","ND","ND","ND","ND","ND","ND","ND","ND","ND","ND","ND","ND","ND","ND","ND","ND","ND","ND","ND","ND","ND","55","2","9","44","ND","ND","ND","ND","ND","ND","ND","ND","ND","ND","ND","ND","ND","ND","ND","ND","ND","ND","ND","ND","ND","ND","ND","ND","ND","ND","ND","ND","ND","ND","ND","ND",
"Casos_de_tuberculosis",	05,"Coahuila_de_Zaragoza","2011","480","5","64","411","ND","ND","ND","ND","ND","ND","ND","ND","ND","ND","ND","ND","ND","ND","ND","ND","ND","ND","ND","ND","ND","ND","ND","ND","ND","ND","ND","ND","ND","ND","ND","ND","264","2","26","236","ND","ND","ND","ND","ND","ND","ND","ND","ND","ND","ND","ND","ND","ND","ND","ND","ND","ND","ND","ND","ND","ND","ND","ND","ND","ND","ND","ND","ND","ND","ND","ND","216","3","38","175","ND","ND","ND","ND","ND","ND","ND","ND","ND","ND","ND","ND","ND","ND","ND","ND","ND","ND","ND","ND","ND","ND","ND","ND","ND","ND","ND","ND","ND","ND","ND","ND",
"Casos_de_tuberculosis",	06,"Colima","2011","162","1","18","143","ND","ND","ND","ND","ND","ND","ND","ND","ND","ND","ND","ND","ND","ND","ND","ND","ND","ND","ND","ND","ND","ND","ND","ND","ND","ND","ND","ND","ND","ND","ND","ND","108","1","11","96","ND","ND","ND","ND","ND","ND","ND","ND","ND","ND","ND","ND","ND","ND","ND","ND","ND","ND","ND","ND","ND","ND","ND","ND","ND","ND","ND","ND","ND","ND","ND","ND","54","0","7","47","ND","ND","ND","ND","ND","ND","ND","ND","ND","ND","ND","ND","ND","ND","ND","ND","ND","ND","ND","ND","ND","ND","ND","ND","ND","ND","ND","ND","ND","ND","ND","ND",
"Casos_de_tuberculosis",	07,"Chiapas","2011","1,081","5","124","952","ND","ND","ND","ND","ND","ND","ND","ND","ND","ND","ND","ND","ND","ND","ND","ND","ND","ND","ND","ND","ND","ND","ND","ND","ND","ND","ND","ND","ND","ND","ND","ND","651","1","72","578","ND","ND","ND","ND","ND","ND","ND","ND","ND","ND","ND","ND","ND","ND","ND","ND","ND","ND","ND","ND","ND","ND","ND","ND","ND","ND","ND","ND","ND","ND","ND","ND","430","4","52","374","ND","ND","ND","ND","ND","ND","ND","ND","ND","ND","ND","ND","ND","ND","ND","ND","ND","ND","ND","ND","ND","ND","ND","ND","ND","ND","ND","ND","ND","ND","ND","ND",
"Casos_de_tuberculosis",	08,"Chihuahua","2011","756","12","123","621","ND","ND","ND","ND","ND","ND","ND","ND","ND","ND","ND","ND","ND","ND","ND","ND","ND","ND","ND","ND","ND","ND","ND","ND","ND","ND","ND","ND","ND","ND","ND","ND","434","6","66","362","ND","ND","ND","ND","ND","ND","ND","ND","ND","ND","ND","ND","ND","ND","ND","ND","ND","ND","ND","ND","ND","ND","ND","ND","ND","ND","ND","ND","ND","ND","ND","ND","322","6","57","259","ND","ND","ND","ND","ND","ND","ND","ND","ND","ND","ND","ND","ND","ND","ND","ND","ND","ND","ND","ND","ND","ND","ND","ND","ND","ND","ND","ND","ND","ND","ND","ND",
"Casos_de_tuberculosis",	09,"Ciudad_de_México","2011","805","37","298","470","ND","ND","ND","ND","ND","ND","ND","ND","ND","ND","ND","ND","ND","ND","ND","ND","ND","ND","ND","ND","ND","ND","ND","ND","ND","ND","ND","ND","ND","ND","ND","ND","438","25","140","273","ND","ND","ND","ND","ND","ND","ND","ND","ND","ND","ND","ND","ND","ND","ND","ND","ND","ND","ND","ND","ND","ND","ND","ND","ND","ND","ND","ND","ND","ND","ND","ND","367","12","158","197","ND","ND","ND","ND","ND","ND","ND","ND","ND","ND","ND","ND","ND","ND","ND","ND","ND","ND","ND","ND","ND","ND","ND","ND","ND","ND","ND","ND","ND","ND","ND","ND",
"Casos_de_tuberculosis",	10,"Durango","2011","224","4","48","172","ND","ND","ND","ND","ND","ND","ND","ND","ND","ND","ND","ND","ND","ND","ND","ND","ND","ND","ND","ND","ND","ND","ND","ND","ND","ND","ND","ND","ND","ND","ND","ND","118","3","25","90","ND","ND","ND","ND","ND","ND","ND","ND","ND","ND","ND","ND","ND","ND","ND","ND","ND","ND","ND","ND","ND","ND","ND","ND","ND","ND","ND","ND","ND","ND","ND","ND","106","1","23","82","ND","ND","ND","ND","ND","ND","ND","ND","ND","ND","ND","ND","ND","ND","ND","ND","ND","ND","ND","ND","ND","ND","ND","ND","ND","ND","ND","ND","ND","ND","ND","ND",
"Casos_de_tuberculosis",	11,"Guanajuato","2011","398","12","121","265","ND","ND","ND","ND","ND","ND","ND","ND","ND","ND","ND","ND","ND","ND","ND","ND","ND","ND","ND","ND","ND","ND","ND","ND","ND","ND","ND","ND","ND","ND","ND","ND","221","5","50","166","ND","ND","ND","ND","ND","ND","ND","ND","ND","ND","ND","ND","ND","ND","ND","ND","ND","ND","ND","ND","ND","ND","ND","ND","ND","ND","ND","ND","ND","ND","ND","ND","177","7","71","99","ND","ND","ND","ND","ND","ND","ND","ND","ND","ND","ND","ND","ND","ND","ND","ND","ND","ND","ND","ND","ND","ND","ND","ND","ND","ND","ND","ND","ND","ND","ND","ND",
"Casos_de_tuberculosis",	12,"Guerrero","2011","1,226","16","99","1,111","ND","ND","ND","ND","ND","ND","ND","ND","ND","ND","ND","ND","ND","ND","ND","ND","ND","ND","ND","ND","ND","ND","ND","ND","ND","ND","ND","ND","ND","ND","ND","ND","759","10","55","694","ND","ND","ND","ND","ND","ND","ND","ND","ND","ND","ND","ND","ND","ND","ND","ND","ND","ND","ND","ND","ND","ND","ND","ND","ND","ND","ND","ND","ND","ND","ND","ND","467","6","44","417","ND","ND","ND","ND","ND","ND","ND","ND","ND","ND","ND","ND","ND","ND","ND","ND","ND","ND","ND","ND","ND","ND","ND","ND","ND","ND","ND","ND","ND","ND","ND","ND",
"Casos_de_tuberculosis",	13,"Hidalgo","2011","259","0","46","213","ND","ND","ND","ND","ND","ND","ND","ND","ND","ND","ND","ND","ND","ND","ND","ND","ND","ND","ND","ND","ND","ND","ND","ND","ND","ND","ND","ND","ND","ND","ND","ND","146","0","22","124","ND","ND","ND","ND","ND","ND","ND","ND","ND","ND","ND","ND","ND","ND","ND","ND","ND","ND","ND","ND","ND","ND","ND","ND","ND","ND","ND","ND","ND","ND","ND","ND","113","0","24","89","ND","ND","ND","ND","ND","ND","ND","ND","ND","ND","ND","ND","ND","ND","ND","ND","ND","ND","ND","ND","ND","ND","ND","ND","ND","ND","ND","ND","ND","ND","ND","ND",
"Casos_de_tuberculosis",	14,"Jalisco","2011","893","17","271","605","ND","ND","ND","ND","ND","ND","ND","ND","ND","ND","ND","ND","ND","ND","ND","ND","ND","ND","ND","ND","ND","ND","ND","ND","ND","ND","ND","ND","ND","ND","ND","ND","498","10","130","358","ND","ND","ND","ND","ND","ND","ND","ND","ND","ND","ND","ND","ND","ND","ND","ND","ND","ND","ND","ND","ND","ND","ND","ND","ND","ND","ND","ND","ND","ND","ND","ND","395","7","141","247","ND","ND","ND","ND","ND","ND","ND","ND","ND","ND","ND","ND","ND","ND","ND","ND","ND","ND","ND","ND","ND","ND","ND","ND","ND","ND","ND","ND","ND","ND","ND","ND",
"Casos_de_tuberculosis",	15,"México","2011","743","27","246","470","ND","ND","ND","ND","ND","ND","ND","ND","ND","ND","ND","ND","ND","ND","ND","ND","ND","ND","ND","ND","ND","ND","ND","ND","ND","ND","ND","ND","ND","ND","ND","ND","394","16","112","266","ND","ND","ND","ND","ND","ND","ND","ND","ND","ND","ND","ND","ND","ND","ND","ND","ND","ND","ND","ND","ND","ND","ND","ND","ND","ND","ND","ND","ND","ND","ND","ND","349","11","134","204","ND","ND","ND","ND","ND","ND","ND","ND","ND","ND","ND","ND","ND","ND","ND","ND","ND","ND","ND","ND","ND","ND","ND","ND","ND","ND","ND","ND","ND","ND","ND","ND",
"Casos_de_tuberculosis",	16,"Michoacán_de_Ocampo","2011","357","6","67","284","ND","ND","ND","ND","ND","ND","ND","ND","ND","ND","ND","ND","ND","ND","ND","ND","ND","ND","ND","ND","ND","ND","ND","ND","ND","ND","ND","ND","ND","ND","ND","ND","223","3","31","189","ND","ND","ND","ND","ND","ND","ND","ND","ND","ND","ND","ND","ND","ND","ND","ND","ND","ND","ND","ND","ND","ND","ND","ND","ND","ND","ND","ND","ND","ND","ND","ND","134","3","36","95","ND","ND","ND","ND","ND","ND","ND","ND","ND","ND","ND","ND","ND","ND","ND","ND","ND","ND","ND","ND","ND","ND","ND","ND","ND","ND","ND","ND","ND","ND","ND","ND",
"Casos_de_tuberculosis",	17,"Morelos","2011","188","2","46","140","ND","ND","ND","ND","ND","ND","ND","ND","ND","ND","ND","ND","ND","ND","ND","ND","ND","ND","ND","ND","ND","ND","ND","ND","ND","ND","ND","ND","ND","ND","ND","ND","105","2","27","76","ND","ND","ND","ND","ND","ND","ND","ND","ND","ND","ND","ND","ND","ND","ND","ND","ND","ND","ND","ND","ND","ND","ND","ND","ND","ND","ND","ND","ND","ND","ND","ND","83","0","19","64","ND","ND","ND","ND","ND","ND","ND","ND","ND","ND","ND","ND","ND","ND","ND","ND","ND","ND","ND","ND","ND","ND","ND","ND","ND","ND","ND","ND","ND","ND","ND","ND",
"Casos_de_tuberculosis",	18,"Nayarit","2011","293","4","50","239","ND","ND","ND","ND","ND","ND","ND","ND","ND","ND","ND","ND","ND","ND","ND","ND","ND","ND","ND","ND","ND","ND","ND","ND","ND","ND","ND","ND","ND","ND","ND","ND","170","3","27","140","ND","ND","ND","ND","ND","ND","ND","ND","ND","ND","ND","ND","ND","ND","ND","ND","ND","ND","ND","ND","ND","ND","ND","ND","ND","ND","ND","ND","ND","ND","ND","ND","123","1","23","99","ND","ND","ND","ND","ND","ND","ND","ND","ND","ND","ND","ND","ND","ND","ND","ND","ND","ND","ND","ND","ND","ND","ND","ND","ND","ND","ND","ND","ND","ND","ND","ND",
"Casos_de_tuberculosis",	19,"Nuevo_León","2011","1,194","15","149","1,030","ND","ND","ND","ND","ND","ND","ND","ND","ND","ND","ND","ND","ND","ND","ND","ND","ND","ND","ND","ND","ND","ND","ND","ND","ND","ND","ND","ND","ND","ND","ND","ND","741","10","88","643","ND","ND","ND","ND","ND","ND","ND","ND","ND","ND","ND","ND","ND","ND","ND","ND","ND","ND","ND","ND","ND","ND","ND","ND","ND","ND","ND","ND","ND","ND","ND","ND","453","5","61","387","ND","ND","ND","ND","ND","ND","ND","ND","ND","ND","ND","ND","ND","ND","ND","ND","ND","ND","ND","ND","ND","ND","ND","ND","ND","ND","ND","ND","ND","ND","ND","ND",
"Casos_de_tuberculosis",	20,"Oaxaca","2011","699","11","108","580","ND","ND","ND","ND","ND","ND","ND","ND","ND","ND","ND","ND","ND","ND","ND","ND","ND","ND","ND","ND","ND","ND","ND","ND","ND","ND","ND","ND","ND","ND","ND","ND","395","9","46","340","ND","ND","ND","ND","ND","ND","ND","ND","ND","ND","ND","ND","ND","ND","ND","ND","ND","ND","ND","ND","ND","ND","ND","ND","ND","ND","ND","ND","ND","ND","ND","ND","304","2","62","240","ND","ND","ND","ND","ND","ND","ND","ND","ND","ND","ND","ND","ND","ND","ND","ND","ND","ND","ND","ND","ND","ND","ND","ND","ND","ND","ND","ND","ND","ND","ND","ND",
"Casos_de_tuberculosis",	21,"Puebla","2011","490","9","73","408","ND","ND","ND","ND","ND","ND","ND","ND","ND","ND","ND","ND","ND","ND","ND","ND","ND","ND","ND","ND","ND","ND","ND","ND","ND","ND","ND","ND","ND","ND","ND","ND","278","5","32","241","ND","ND","ND","ND","ND","ND","ND","ND","ND","ND","ND","ND","ND","ND","ND","ND","ND","ND","ND","ND","ND","ND","ND","ND","ND","ND","ND","ND","ND","ND","ND","ND","212","4","41","167","ND","ND","ND","ND","ND","ND","ND","ND","ND","ND","ND","ND","ND","ND","ND","ND","ND","ND","ND","ND","ND","ND","ND","ND","ND","ND","ND","ND","ND","ND","ND","ND",
"Casos_de_tuberculosis",	22,"Querétaro","2011","206","5","79","122","ND","ND","ND","ND","ND","ND","ND","ND","ND","ND","ND","ND","ND","ND","ND","ND","ND","ND","ND","ND","ND","ND","ND","ND","ND","ND","ND","ND","ND","ND","ND","ND","106","4","33","69","ND","ND","ND","ND","ND","ND","ND","ND","ND","ND","ND","ND","ND","ND","ND","ND","ND","ND","ND","ND","ND","ND","ND","ND","ND","ND","ND","ND","ND","ND","ND","ND","100","1","46","53","ND","ND","ND","ND","ND","ND","ND","ND","ND","ND","ND","ND","ND","ND","ND","ND","ND","ND","ND","ND","ND","ND","ND","ND","ND","ND","ND","ND","ND","ND","ND","ND",
"Casos_de_tuberculosis",	23,"Quintana_Roo","2011","251","3","35","213","ND","ND","ND","ND","ND","ND","ND","ND","ND","ND","ND","ND","ND","ND","ND","ND","ND","ND","ND","ND","ND","ND","ND","ND","ND","ND","ND","ND","ND","ND","ND","ND","170","2","26","142","ND","ND","ND","ND","ND","ND","ND","ND","ND","ND","ND","ND","ND","ND","ND","ND","ND","ND","ND","ND","ND","ND","ND","ND","ND","ND","ND","ND","ND","ND","ND","ND","81","1","9","71","ND","ND","ND","ND","ND","ND","ND","ND","ND","ND","ND","ND","ND","ND","ND","ND","ND","ND","ND","ND","ND","ND","ND","ND","ND","ND","ND","ND","ND","ND","ND","ND",
"Casos_de_tuberculosis",	24,"San_Luis_Potosí","2011","376","0","114","262","ND","ND","ND","ND","ND","ND","ND","ND","ND","ND","ND","ND","ND","ND","ND","ND","ND","ND","ND","ND","ND","ND","ND","ND","ND","ND","ND","ND","ND","ND","ND","ND","202","0","51","151","ND","ND","ND","ND","ND","ND","ND","ND","ND","ND","ND","ND","ND","ND","ND","ND","ND","ND","ND","ND","ND","ND","ND","ND","ND","ND","ND","ND","ND","ND","ND","ND","174","0","63","111","ND","ND","ND","ND","ND","ND","ND","ND","ND","ND","ND","ND","ND","ND","ND","ND","ND","ND","ND","ND","ND","ND","ND","ND","ND","ND","ND","ND","ND","ND","ND","ND",
"Casos_de_tuberculosis",	25,"Sinaloa","2011","796","4","78","714","ND","ND","ND","ND","ND","ND","ND","ND","ND","ND","ND","ND","ND","ND","ND","ND","ND","ND","ND","ND","ND","ND","ND","ND","ND","ND","ND","ND","ND","ND","ND","ND","529","2","46","481","ND","ND","ND","ND","ND","ND","ND","ND","ND","ND","ND","ND","ND","ND","ND","ND","ND","ND","ND","ND","ND","ND","ND","ND","ND","ND","ND","ND","ND","ND","ND","ND","267","2","32","233","ND","ND","ND","ND","ND","ND","ND","ND","ND","ND","ND","ND","ND","ND","ND","ND","ND","ND","ND","ND","ND","ND","ND","ND","ND","ND","ND","ND","ND","ND","ND","ND",
"Casos_de_tuberculosis",	26,"Sonora","2011","822","16","80","726","ND","ND","ND","ND","ND","ND","ND","ND","ND","ND","ND","ND","ND","ND","ND","ND","ND","ND","ND","ND","ND","ND","ND","ND","ND","ND","ND","ND","ND","ND","ND","ND","585","11","45","529","ND","ND","ND","ND","ND","ND","ND","ND","ND","ND","ND","ND","ND","ND","ND","ND","ND","ND","ND","ND","ND","ND","ND","ND","ND","ND","ND","ND","ND","ND","ND","ND","237","5","35","197","ND","ND","ND","ND","ND","ND","ND","ND","ND","ND","ND","ND","ND","ND","ND","ND","ND","ND","ND","ND","ND","ND","ND","ND","ND","ND","ND","ND","ND","ND","ND","ND",
"Casos_de_tuberculosis",	27,"Tabasco","2011","559","3","56","500","ND","ND","ND","ND","ND","ND","ND","ND","ND","ND","ND","ND","ND","ND","ND","ND","ND","ND","ND","ND","ND","ND","ND","ND","ND","ND","ND","ND","ND","ND","ND","ND","375","3","37","335","ND","ND","ND","ND","ND","ND","ND","ND","ND","ND","ND","ND","ND","ND","ND","ND","ND","ND","ND","ND","ND","ND","ND","ND","ND","ND","ND","ND","ND","ND","ND","ND","184","0","19","165","ND","ND","ND","ND","ND","ND","ND","ND","ND","ND","ND","ND","ND","ND","ND","ND","ND","ND","ND","ND","ND","ND","ND","ND","ND","ND","ND","ND","ND","ND","ND","ND",
"Casos_de_tuberculosis",	28,"Tamaulipas","2011","1,153","8","118","1,027","ND","ND","ND","ND","ND","ND","ND","ND","ND","ND","ND","ND","ND","ND","ND","ND","ND","ND","ND","ND","ND","ND","ND","ND","ND","ND","ND","ND","ND","ND","ND","ND","732","7","57","668","ND","ND","ND","ND","ND","ND","ND","ND","ND","ND","ND","ND","ND","ND","ND","ND","ND","ND","ND","ND","ND","ND","ND","ND","ND","ND","ND","ND","ND","ND","ND","ND","421","1","61","359","ND","ND","ND","ND","ND","ND","ND","ND","ND","ND","ND","ND","ND","ND","ND","ND","ND","ND","ND","ND","ND","ND","ND","ND","ND","ND","ND","ND","ND","ND","ND","ND",
"Casos_de_tuberculosis",	29,"Tlaxcala","2011","51","0","10","41","ND","ND","ND","ND","ND","ND","ND","ND","ND","ND","ND","ND","ND","ND","ND","ND","ND","ND","ND","ND","ND","ND","ND","ND","ND","ND","ND","ND","ND","ND","ND","ND","27","0","6","21","ND","ND","ND","ND","ND","ND","ND","ND","ND","ND","ND","ND","ND","ND","ND","ND","ND","ND","ND","ND","ND","ND","ND","ND","ND","ND","ND","ND","ND","ND","ND","ND","24","0","4","20","ND","ND","ND","ND","ND","ND","ND","ND","ND","ND","ND","ND","ND","ND","ND","ND","ND","ND","ND","ND","ND","ND","ND","ND","ND","ND","ND","ND","ND","ND","ND","ND",
"Casos_de_tuberculosis",	30,"Veracruz_de_Ignacio_de_la_Llave","2011","1,990","22","232","1,736","ND","ND","ND","ND","ND","ND","ND","ND","ND","ND","ND","ND","ND","ND","ND","ND","ND","ND","ND","ND","ND","ND","ND","ND","ND","ND","ND","ND","ND","ND","ND","ND","1,264","18","140","1,106","ND","ND","ND","ND","ND","ND","ND","ND","ND","ND","ND","ND","ND","ND","ND","ND","ND","ND","ND","ND","ND","ND","ND","ND","ND","ND","ND","ND","ND","ND","ND","ND","726","4","92","630","ND","ND","ND","ND","ND","ND","ND","ND","ND","ND","ND","ND","ND","ND","ND","ND","ND","ND","ND","ND","ND","ND","ND","ND","ND","ND","ND","ND","ND","ND","ND","ND",
"Casos_de_tuberculosis",	31,"Yucatán","2011","237","6","36","195","ND","ND","ND","ND","ND","ND","ND","ND","ND","ND","ND","ND","ND","ND","ND","ND","ND","ND","ND","ND","ND","ND","ND","ND","ND","ND","ND","ND","ND","ND","ND","ND","138","2","13","123","ND","ND","ND","ND","ND","ND","ND","ND","ND","ND","ND","ND","ND","ND","ND","ND","ND","ND","ND","ND","ND","ND","ND","ND","ND","ND","ND","ND","ND","ND","ND","ND","99","4","23","72","ND","ND","ND","ND","ND","ND","ND","ND","ND","ND","ND","ND","ND","ND","ND","ND","ND","ND","ND","ND","ND","ND","ND","ND","ND","ND","ND","ND","ND","ND","ND","ND",
"Casos_de_tuberculosis",	32,"Zacatecas","2011","109","3","40","66","ND","ND","ND","ND","ND","ND","ND","ND","ND","ND","ND","ND","ND","ND","ND","ND","ND","ND","ND","ND","ND","ND","ND","ND","ND","ND","ND","ND","ND","ND","ND","ND","64","2","24","38","ND","ND","ND","ND","ND","ND","ND","ND","ND","ND","ND","ND","ND","ND","ND","ND","ND","ND","ND","ND","ND","ND","ND","ND","ND","ND","ND","ND","ND","ND","ND","ND","45","1","16","28","ND","ND","ND","ND","ND","ND","ND","ND","ND","ND","ND","ND","ND","ND","ND","ND","ND","ND","ND","ND","ND","ND","ND","ND","ND","ND","ND","ND","ND","ND","ND","ND",
"Casos_de_tuberculosis",	00,"Estados_Unidos_Mexicanos","2010","18,848","293","3,171","15,384","96","4","23","69","209","10","102","97","617","21","287","309","2,817","59","479","2,279","6,486","117","1,199","5,170","5,655","63","735","4,857","2,968","19","346","2,603","ND","ND","ND","ND","11,468","180","1,688","9,600","63","1","18","44","121","4","60","57","295","9","133","153","1,622","31","259","1,332","4,134","82","664","3,388","3,454","43","380","3,031","1,779","10","174","1,595","ND","ND","ND","ND","7,380","113","1,483","5,784","33","3","5","25","88","6","42","40","322","12","154","156","1,195","28","220","947","2,352","35","535","1,782","2,201","20","355","1,826","1,189","9","172","1,008","ND","ND","ND","ND",
"Casos_de_tuberculosis",	01,"Aguascalientes","2010","124","6","56","62","ND","ND","ND","ND","ND","ND","ND","ND","ND","ND","ND","ND","ND","ND","ND","ND","ND","ND","ND","ND","ND","ND","ND","ND","ND","ND","ND","ND","ND","ND","ND","ND","61","3","26","32","ND","ND","ND","ND","ND","ND","ND","ND","ND","ND","ND","ND","ND","ND","ND","ND","ND","ND","ND","ND","ND","ND","ND","ND","ND","ND","ND","ND","ND","ND","ND","ND","63","3","30","30","ND","ND","ND","ND","ND","ND","ND","ND","ND","ND","ND","ND","ND","ND","ND","ND","ND","ND","ND","ND","ND","ND","ND","ND","ND","ND","ND","ND","ND","ND","ND","ND",
"Casos_de_tuberculosis",	02,"Baja_California","2010","1,707","30","340","1,337","ND","ND","ND","ND","ND","ND","ND","ND","ND","ND","ND","ND","ND","ND","ND","ND","ND","ND","ND","ND","ND","ND","ND","ND","ND","ND","ND","ND","ND","ND","ND","ND","1,128","20","187","921","ND","ND","ND","ND","ND","ND","ND","ND","ND","ND","ND","ND","ND","ND","ND","ND","ND","ND","ND","ND","ND","ND","ND","ND","ND","ND","ND","ND","ND","ND","ND","ND","579","10","153","416","ND","ND","ND","ND","ND","ND","ND","ND","ND","ND","ND","ND","ND","ND","ND","ND","ND","ND","ND","ND","ND","ND","ND","ND","ND","ND","ND","ND","ND","ND","ND","ND",
"Casos_de_tuberculosis",	03,"Baja_California_Sur","2010","144","1","25","118","ND","ND","ND","ND","ND","ND","ND","ND","ND","ND","ND","ND","ND","ND","ND","ND","ND","ND","ND","ND","ND","ND","ND","ND","ND","ND","ND","ND","ND","ND","ND","ND","97","1","16","80","ND","ND","ND","ND","ND","ND","ND","ND","ND","ND","ND","ND","ND","ND","ND","ND","ND","ND","ND","ND","ND","ND","ND","ND","ND","ND","ND","ND","ND","ND","ND","ND","47","0","9","38","ND","ND","ND","ND","ND","ND","ND","ND","ND","ND","ND","ND","ND","ND","ND","ND","ND","ND","ND","ND","ND","ND","ND","ND","ND","ND","ND","ND","ND","ND","ND","ND",
"Casos_de_tuberculosis",	04,"Campeche","2010","108","0","9","99","ND","ND","ND","ND","ND","ND","ND","ND","ND","ND","ND","ND","ND","ND","ND","ND","ND","ND","ND","ND","ND","ND","ND","ND","ND","ND","ND","ND","ND","ND","ND","ND","73","0","7","66","ND","ND","ND","ND","ND","ND","ND","ND","ND","ND","ND","ND","ND","ND","ND","ND","ND","ND","ND","ND","ND","ND","ND","ND","ND","ND","ND","ND","ND","ND","ND","ND","35","0","2","33","ND","ND","ND","ND","ND","ND","ND","ND","ND","ND","ND","ND","ND","ND","ND","ND","ND","ND","ND","ND","ND","ND","ND","ND","ND","ND","ND","ND","ND","ND","ND","ND",
"Casos_de_tuberculosis",	05,"Coahuila_de_Zaragoza","2010","506","4","64","438","ND","ND","ND","ND","ND","ND","ND","ND","ND","ND","ND","ND","ND","ND","ND","ND","ND","ND","ND","ND","ND","ND","ND","ND","ND","ND","ND","ND","ND","ND","ND","ND","292","2","33","257","ND","ND","ND","ND","ND","ND","ND","ND","ND","ND","ND","ND","ND","ND","ND","ND","ND","ND","ND","ND","ND","ND","ND","ND","ND","ND","ND","ND","ND","ND","ND","ND","214","2","31","181","ND","ND","ND","ND","ND","ND","ND","ND","ND","ND","ND","ND","ND","ND","ND","ND","ND","ND","ND","ND","ND","ND","ND","ND","ND","ND","ND","ND","ND","ND","ND","ND",
"Casos_de_tuberculosis",	06,"Colima","2010","126","1","12","113","ND","ND","ND","ND","ND","ND","ND","ND","ND","ND","ND","ND","ND","ND","ND","ND","ND","ND","ND","ND","ND","ND","ND","ND","ND","ND","ND","ND","ND","ND","ND","ND","74","1","6","67","ND","ND","ND","ND","ND","ND","ND","ND","ND","ND","ND","ND","ND","ND","ND","ND","ND","ND","ND","ND","ND","ND","ND","ND","ND","ND","ND","ND","ND","ND","ND","ND","52","0","6","46","ND","ND","ND","ND","ND","ND","ND","ND","ND","ND","ND","ND","ND","ND","ND","ND","ND","ND","ND","ND","ND","ND","ND","ND","ND","ND","ND","ND","ND","ND","ND","ND",
"Casos_de_tuberculosis",	07,"Chiapas","2010","1,208","9","103","1,096","ND","ND","ND","ND","ND","ND","ND","ND","ND","ND","ND","ND","ND","ND","ND","ND","ND","ND","ND","ND","ND","ND","ND","ND","ND","ND","ND","ND","ND","ND","ND","ND","676","2","58","616","ND","ND","ND","ND","ND","ND","ND","ND","ND","ND","ND","ND","ND","ND","ND","ND","ND","ND","ND","ND","ND","ND","ND","ND","ND","ND","ND","ND","ND","ND","ND","ND","532","7","45","480","ND","ND","ND","ND","ND","ND","ND","ND","ND","ND","ND","ND","ND","ND","ND","ND","ND","ND","ND","ND","ND","ND","ND","ND","ND","ND","ND","ND","ND","ND","ND","ND",
"Casos_de_tuberculosis",	08,"Chihuahua","2010","719","11","134","574","ND","ND","ND","ND","ND","ND","ND","ND","ND","ND","ND","ND","ND","ND","ND","ND","ND","ND","ND","ND","ND","ND","ND","ND","ND","ND","ND","ND","ND","ND","ND","ND","441","7","75","359","ND","ND","ND","ND","ND","ND","ND","ND","ND","ND","ND","ND","ND","ND","ND","ND","ND","ND","ND","ND","ND","ND","ND","ND","ND","ND","ND","ND","ND","ND","ND","ND","278","4","59","215","ND","ND","ND","ND","ND","ND","ND","ND","ND","ND","ND","ND","ND","ND","ND","ND","ND","ND","ND","ND","ND","ND","ND","ND","ND","ND","ND","ND","ND","ND","ND","ND",
"Casos_de_tuberculosis",	09,"Ciudad_de_México","2010","777","38","255","484","ND","ND","ND","ND","ND","ND","ND","ND","ND","ND","ND","ND","ND","ND","ND","ND","ND","ND","ND","ND","ND","ND","ND","ND","ND","ND","ND","ND","ND","ND","ND","ND","454","22","146","286","ND","ND","ND","ND","ND","ND","ND","ND","ND","ND","ND","ND","ND","ND","ND","ND","ND","ND","ND","ND","ND","ND","ND","ND","ND","ND","ND","ND","ND","ND","ND","ND","323","16","109","198","ND","ND","ND","ND","ND","ND","ND","ND","ND","ND","ND","ND","ND","ND","ND","ND","ND","ND","ND","ND","ND","ND","ND","ND","ND","ND","ND","ND","ND","ND","ND","ND",
"Casos_de_tuberculosis",	10,"Durango","2010","189","2","38","149","ND","ND","ND","ND","ND","ND","ND","ND","ND","ND","ND","ND","ND","ND","ND","ND","ND","ND","ND","ND","ND","ND","ND","ND","ND","ND","ND","ND","ND","ND","ND","ND","124","1","25","98","ND","ND","ND","ND","ND","ND","ND","ND","ND","ND","ND","ND","ND","ND","ND","ND","ND","ND","ND","ND","ND","ND","ND","ND","ND","ND","ND","ND","ND","ND","ND","ND","65","1","13","51","ND","ND","ND","ND","ND","ND","ND","ND","ND","ND","ND","ND","ND","ND","ND","ND","ND","ND","ND","ND","ND","ND","ND","ND","ND","ND","ND","ND","ND","ND","ND","ND",
"Casos_de_tuberculosis",	11,"Guanajuato","2010","405","9","142","254","ND","ND","ND","ND","ND","ND","ND","ND","ND","ND","ND","ND","ND","ND","ND","ND","ND","ND","ND","ND","ND","ND","ND","ND","ND","ND","ND","ND","ND","ND","ND","ND","222","6","63","153","ND","ND","ND","ND","ND","ND","ND","ND","ND","ND","ND","ND","ND","ND","ND","ND","ND","ND","ND","ND","ND","ND","ND","ND","ND","ND","ND","ND","ND","ND","ND","ND","183","3","79","101","ND","ND","ND","ND","ND","ND","ND","ND","ND","ND","ND","ND","ND","ND","ND","ND","ND","ND","ND","ND","ND","ND","ND","ND","ND","ND","ND","ND","ND","ND","ND","ND",
"Casos_de_tuberculosis",	12,"Guerrero","2010","1,085","10","81","994","ND","ND","ND","ND","ND","ND","ND","ND","ND","ND","ND","ND","ND","ND","ND","ND","ND","ND","ND","ND","ND","ND","ND","ND","ND","ND","ND","ND","ND","ND","ND","ND","627","6","47","574","ND","ND","ND","ND","ND","ND","ND","ND","ND","ND","ND","ND","ND","ND","ND","ND","ND","ND","ND","ND","ND","ND","ND","ND","ND","ND","ND","ND","ND","ND","ND","ND","458","4","34","420","ND","ND","ND","ND","ND","ND","ND","ND","ND","ND","ND","ND","ND","ND","ND","ND","ND","ND","ND","ND","ND","ND","ND","ND","ND","ND","ND","ND","ND","ND","ND","ND",
"Casos_de_tuberculosis",	13,"Hidalgo","2010","281","1","39","241","ND","ND","ND","ND","ND","ND","ND","ND","ND","ND","ND","ND","ND","ND","ND","ND","ND","ND","ND","ND","ND","ND","ND","ND","ND","ND","ND","ND","ND","ND","ND","ND","169","0","24","145","ND","ND","ND","ND","ND","ND","ND","ND","ND","ND","ND","ND","ND","ND","ND","ND","ND","ND","ND","ND","ND","ND","ND","ND","ND","ND","ND","ND","ND","ND","ND","ND","112","1","15","96","ND","ND","ND","ND","ND","ND","ND","ND","ND","ND","ND","ND","ND","ND","ND","ND","ND","ND","ND","ND","ND","ND","ND","ND","ND","ND","ND","ND","ND","ND","ND","ND",
"Casos_de_tuberculosis",	14,"Jalisco","2010","955","18","300","637","ND","ND","ND","ND","ND","ND","ND","ND","ND","ND","ND","ND","ND","ND","ND","ND","ND","ND","ND","ND","ND","ND","ND","ND","ND","ND","ND","ND","ND","ND","ND","ND","544","12","152","380","ND","ND","ND","ND","ND","ND","ND","ND","ND","ND","ND","ND","ND","ND","ND","ND","ND","ND","ND","ND","ND","ND","ND","ND","ND","ND","ND","ND","ND","ND","ND","ND","411","6","148","257","ND","ND","ND","ND","ND","ND","ND","ND","ND","ND","ND","ND","ND","ND","ND","ND","ND","ND","ND","ND","ND","ND","ND","ND","ND","ND","ND","ND","ND","ND","ND","ND",
"Casos_de_tuberculosis",	15,"México","2010","772","28","255","489","ND","ND","ND","ND","ND","ND","ND","ND","ND","ND","ND","ND","ND","ND","ND","ND","ND","ND","ND","ND","ND","ND","ND","ND","ND","ND","ND","ND","ND","ND","ND","ND","426","16","136","274","ND","ND","ND","ND","ND","ND","ND","ND","ND","ND","ND","ND","ND","ND","ND","ND","ND","ND","ND","ND","ND","ND","ND","ND","ND","ND","ND","ND","ND","ND","ND","ND","346","12","119","215","ND","ND","ND","ND","ND","ND","ND","ND","ND","ND","ND","ND","ND","ND","ND","ND","ND","ND","ND","ND","ND","ND","ND","ND","ND","ND","ND","ND","ND","ND","ND","ND",
"Casos_de_tuberculosis",	16,"Michoacán_de_Ocampo","2010","336","5","65","266","ND","ND","ND","ND","ND","ND","ND","ND","ND","ND","ND","ND","ND","ND","ND","ND","ND","ND","ND","ND","ND","ND","ND","ND","ND","ND","ND","ND","ND","ND","ND","ND","192","3","28","161","ND","ND","ND","ND","ND","ND","ND","ND","ND","ND","ND","ND","ND","ND","ND","ND","ND","ND","ND","ND","ND","ND","ND","ND","ND","ND","ND","ND","ND","ND","ND","ND","144","2","37","105","ND","ND","ND","ND","ND","ND","ND","ND","ND","ND","ND","ND","ND","ND","ND","ND","ND","ND","ND","ND","ND","ND","ND","ND","ND","ND","ND","ND","ND","ND","ND","ND",
"Casos_de_tuberculosis",	17,"Morelos","2010","206","10","54","142","ND","ND","ND","ND","ND","ND","ND","ND","ND","ND","ND","ND","ND","ND","ND","ND","ND","ND","ND","ND","ND","ND","ND","ND","ND","ND","ND","ND","ND","ND","ND","ND","124","5","31","88","ND","ND","ND","ND","ND","ND","ND","ND","ND","ND","ND","ND","ND","ND","ND","ND","ND","ND","ND","ND","ND","ND","ND","ND","ND","ND","ND","ND","ND","ND","ND","ND","82","5","23","54","ND","ND","ND","ND","ND","ND","ND","ND","ND","ND","ND","ND","ND","ND","ND","ND","ND","ND","ND","ND","ND","ND","ND","ND","ND","ND","ND","ND","ND","ND","ND","ND",
"Casos_de_tuberculosis",	18,"Nayarit","2010","341","4","55","282","ND","ND","ND","ND","ND","ND","ND","ND","ND","ND","ND","ND","ND","ND","ND","ND","ND","ND","ND","ND","ND","ND","ND","ND","ND","ND","ND","ND","ND","ND","ND","ND","205","3","25","177","ND","ND","ND","ND","ND","ND","ND","ND","ND","ND","ND","ND","ND","ND","ND","ND","ND","ND","ND","ND","ND","ND","ND","ND","ND","ND","ND","ND","ND","ND","ND","ND","136","1","30","105","ND","ND","ND","ND","ND","ND","ND","ND","ND","ND","ND","ND","ND","ND","ND","ND","ND","ND","ND","ND","ND","ND","ND","ND","ND","ND","ND","ND","ND","ND","ND","ND",
"Casos_de_tuberculosis",	19,"Nuevo_León","2010","1,126","10","155","961","ND","ND","ND","ND","ND","ND","ND","ND","ND","ND","ND","ND","ND","ND","ND","ND","ND","ND","ND","ND","ND","ND","ND","ND","ND","ND","ND","ND","ND","ND","ND","ND","687","9","82","596","ND","ND","ND","ND","ND","ND","ND","ND","ND","ND","ND","ND","ND","ND","ND","ND","ND","ND","ND","ND","ND","ND","ND","ND","ND","ND","ND","ND","ND","ND","ND","ND","439","1","73","365","ND","ND","ND","ND","ND","ND","ND","ND","ND","ND","ND","ND","ND","ND","ND","ND","ND","ND","ND","ND","ND","ND","ND","ND","ND","ND","ND","ND","ND","ND","ND","ND",
"Casos_de_tuberculosis",	20,"Oaxaca","2010","745","10","89","646","ND","ND","ND","ND","ND","ND","ND","ND","ND","ND","ND","ND","ND","ND","ND","ND","ND","ND","ND","ND","ND","ND","ND","ND","ND","ND","ND","ND","ND","ND","ND","ND","424","7","37","380","ND","ND","ND","ND","ND","ND","ND","ND","ND","ND","ND","ND","ND","ND","ND","ND","ND","ND","ND","ND","ND","ND","ND","ND","ND","ND","ND","ND","ND","ND","ND","ND","321","3","52","266","ND","ND","ND","ND","ND","ND","ND","ND","ND","ND","ND","ND","ND","ND","ND","ND","ND","ND","ND","ND","ND","ND","ND","ND","ND","ND","ND","ND","ND","ND","ND","ND",
"Casos_de_tuberculosis",	21,"Puebla","2010","457","7","81","369","ND","ND","ND","ND","ND","ND","ND","ND","ND","ND","ND","ND","ND","ND","ND","ND","ND","ND","ND","ND","ND","ND","ND","ND","ND","ND","ND","ND","ND","ND","ND","ND","252","4","45","203","ND","ND","ND","ND","ND","ND","ND","ND","ND","ND","ND","ND","ND","ND","ND","ND","ND","ND","ND","ND","ND","ND","ND","ND","ND","ND","ND","ND","ND","ND","ND","ND","205","3","36","166","ND","ND","ND","ND","ND","ND","ND","ND","ND","ND","ND","ND","ND","ND","ND","ND","ND","ND","ND","ND","ND","ND","ND","ND","ND","ND","ND","ND","ND","ND","ND","ND",
"Casos_de_tuberculosis",	22,"Querétaro","2010","187","8","75","104","ND","ND","ND","ND","ND","ND","ND","ND","ND","ND","ND","ND","ND","ND","ND","ND","ND","ND","ND","ND","ND","ND","ND","ND","ND","ND","ND","ND","ND","ND","ND","ND","91","1","38","52","ND","ND","ND","ND","ND","ND","ND","ND","ND","ND","ND","ND","ND","ND","ND","ND","ND","ND","ND","ND","ND","ND","ND","ND","ND","ND","ND","ND","ND","ND","ND","ND","96","7","37","52","ND","ND","ND","ND","ND","ND","ND","ND","ND","ND","ND","ND","ND","ND","ND","ND","ND","ND","ND","ND","ND","ND","ND","ND","ND","ND","ND","ND","ND","ND","ND","ND",
"Casos_de_tuberculosis",	23,"Quintana_Roo","2010","241","0","19","222","ND","ND","ND","ND","ND","ND","ND","ND","ND","ND","ND","ND","ND","ND","ND","ND","ND","ND","ND","ND","ND","ND","ND","ND","ND","ND","ND","ND","ND","ND","ND","ND","166","0","12","154","ND","ND","ND","ND","ND","ND","ND","ND","ND","ND","ND","ND","ND","ND","ND","ND","ND","ND","ND","ND","ND","ND","ND","ND","ND","ND","ND","ND","ND","ND","ND","ND","75","0","7","68","ND","ND","ND","ND","ND","ND","ND","ND","ND","ND","ND","ND","ND","ND","ND","ND","ND","ND","ND","ND","ND","ND","ND","ND","ND","ND","ND","ND","ND","ND","ND","ND",
"Casos_de_tuberculosis",	24,"San_Luis_Potosí","2010","408","2","109","297","ND","ND","ND","ND","ND","ND","ND","ND","ND","ND","ND","ND","ND","ND","ND","ND","ND","ND","ND","ND","ND","ND","ND","ND","ND","ND","ND","ND","ND","ND","ND","ND","230","2","50","178","ND","ND","ND","ND","ND","ND","ND","ND","ND","ND","ND","ND","ND","ND","ND","ND","ND","ND","ND","ND","ND","ND","ND","ND","ND","ND","ND","ND","ND","ND","ND","ND","178","0","59","119","ND","ND","ND","ND","ND","ND","ND","ND","ND","ND","ND","ND","ND","ND","ND","ND","ND","ND","ND","ND","ND","ND","ND","ND","ND","ND","ND","ND","ND","ND","ND","ND",
"Casos_de_tuberculosis",	25,"Sinaloa","2010","812","8","82","722","ND","ND","ND","ND","ND","ND","ND","ND","ND","ND","ND","ND","ND","ND","ND","ND","ND","ND","ND","ND","ND","ND","ND","ND","ND","ND","ND","ND","ND","ND","ND","ND","542","5","40","497","ND","ND","ND","ND","ND","ND","ND","ND","ND","ND","ND","ND","ND","ND","ND","ND","ND","ND","ND","ND","ND","ND","ND","ND","ND","ND","ND","ND","ND","ND","ND","ND","270","3","42","225","ND","ND","ND","ND","ND","ND","ND","ND","ND","ND","ND","ND","ND","ND","ND","ND","ND","ND","ND","ND","ND","ND","ND","ND","ND","ND","ND","ND","ND","ND","ND","ND",
"Casos_de_tuberculosis",	26,"Sonora","2010","832","8","91","733","ND","ND","ND","ND","ND","ND","ND","ND","ND","ND","ND","ND","ND","ND","ND","ND","ND","ND","ND","ND","ND","ND","ND","ND","ND","ND","ND","ND","ND","ND","ND","ND","580","6","56","518","ND","ND","ND","ND","ND","ND","ND","ND","ND","ND","ND","ND","ND","ND","ND","ND","ND","ND","ND","ND","ND","ND","ND","ND","ND","ND","ND","ND","ND","ND","ND","ND","252","2","35","215","ND","ND","ND","ND","ND","ND","ND","ND","ND","ND","ND","ND","ND","ND","ND","ND","ND","ND","ND","ND","ND","ND","ND","ND","ND","ND","ND","ND","ND","ND","ND","ND",
"Casos_de_tuberculosis",	27,"Tabasco","2010","518","3","58","457","ND","ND","ND","ND","ND","ND","ND","ND","ND","ND","ND","ND","ND","ND","ND","ND","ND","ND","ND","ND","ND","ND","ND","ND","ND","ND","ND","ND","ND","ND","ND","ND","344","1","30","313","ND","ND","ND","ND","ND","ND","ND","ND","ND","ND","ND","ND","ND","ND","ND","ND","ND","ND","ND","ND","ND","ND","ND","ND","ND","ND","ND","ND","ND","ND","ND","ND","174","2","28","144","ND","ND","ND","ND","ND","ND","ND","ND","ND","ND","ND","ND","ND","ND","ND","ND","ND","ND","ND","ND","ND","ND","ND","ND","ND","ND","ND","ND","ND","ND","ND","ND",
"Casos_de_tuberculosis",	28,"Tamaulipas","2010","1,175","10","100","1,065","ND","ND","ND","ND","ND","ND","ND","ND","ND","ND","ND","ND","ND","ND","ND","ND","ND","ND","ND","ND","ND","ND","ND","ND","ND","ND","ND","ND","ND","ND","ND","ND","761","5","49","707","ND","ND","ND","ND","ND","ND","ND","ND","ND","ND","ND","ND","ND","ND","ND","ND","ND","ND","ND","ND","ND","ND","ND","ND","ND","ND","ND","ND","ND","ND","ND","ND","414","5","51","358","ND","ND","ND","ND","ND","ND","ND","ND","ND","ND","ND","ND","ND","ND","ND","ND","ND","ND","ND","ND","ND","ND","ND","ND","ND","ND","ND","ND","ND","ND","ND","ND",
"Casos_de_tuberculosis",	29,"Tlaxcala","2010","46","0","4","42","ND","ND","ND","ND","ND","ND","ND","ND","ND","ND","ND","ND","ND","ND","ND","ND","ND","ND","ND","ND","ND","ND","ND","ND","ND","ND","ND","ND","ND","ND","ND","ND","24","0","0","24","ND","ND","ND","ND","ND","ND","ND","ND","ND","ND","ND","ND","ND","ND","ND","ND","ND","ND","ND","ND","ND","ND","ND","ND","ND","ND","ND","ND","ND","ND","ND","ND","22","0","4","18","ND","ND","ND","ND","ND","ND","ND","ND","ND","ND","ND","ND","ND","ND","ND","ND","ND","ND","ND","ND","ND","ND","ND","ND","ND","ND","ND","ND","ND","ND","ND","ND",
"Casos_de_tuberculosis",	30,"Veracruz_de_Ignacio_de_la_Llave","2010","2,039","32","220","1,787","ND","ND","ND","ND","ND","ND","ND","ND","ND","ND","ND","ND","ND","ND","ND","ND","ND","ND","ND","ND","ND","ND","ND","ND","ND","ND","ND","ND","ND","ND","ND","ND","1,289","24","136","1,129","ND","ND","ND","ND","ND","ND","ND","ND","ND","ND","ND","ND","ND","ND","ND","ND","ND","ND","ND","ND","ND","ND","ND","ND","ND","ND","ND","ND","ND","ND","ND","ND","750","8","84","658","ND","ND","ND","ND","ND","ND","ND","ND","ND","ND","ND","ND","ND","ND","ND","ND","ND","ND","ND","ND","ND","ND","ND","ND","ND","ND","ND","ND","ND","ND","ND","ND",
"Casos_de_tuberculosis",	31,"Yucatán","2010","176","3","26","147","ND","ND","ND","ND","ND","ND","ND","ND","ND","ND","ND","ND","ND","ND","ND","ND","ND","ND","ND","ND","ND","ND","ND","ND","ND","ND","ND","ND","ND","ND","ND","ND","99","3","13","83","ND","ND","ND","ND","ND","ND","ND","ND","ND","ND","ND","ND","ND","ND","ND","ND","ND","ND","ND","ND","ND","ND","ND","ND","ND","ND","ND","ND","ND","ND","ND","ND","77","0","13","64","ND","ND","ND","ND","ND","ND","ND","ND","ND","ND","ND","ND","ND","ND","ND","ND","ND","ND","ND","ND","ND","ND","ND","ND","ND","ND","ND","ND","ND","ND","ND","ND",
"Casos_de_tuberculosis",	32,"Zacatecas","2010","97","5","35","57","ND","ND","ND","ND","ND","ND","ND","ND","ND","ND","ND","ND","ND","ND","ND","ND","ND","ND","ND","ND","ND","ND","ND","ND","ND","ND","ND","ND","ND","ND","ND","ND","50","3","15","32","ND","ND","ND","ND","ND","ND","ND","ND","ND","ND","ND","ND","ND","ND","ND","ND","ND","ND","ND","ND","ND","ND","ND","ND","ND","ND","ND","ND","ND","ND","ND","ND","47","2","20","25","ND","ND","ND","ND","ND","ND","ND","ND","ND","ND","ND","ND","ND","ND","ND","ND","ND","ND","ND","ND","ND","ND","ND","ND","ND","ND","ND","ND","ND","ND","ND","ND",
"Casos_de_tuberculosis",	00,"Estados_Unidos_Mexicanos","2009","18,011","266","2,889","14,856","76","2","24","50","197","9","84","104","566","23","268","275","2,686","45","437","2,204","6,287","108","1,069","5,110","5,353","55","701","4,597","2,846","24","306","2,516","ND","ND","ND","ND","10,970","172","1,536","9,262","47","0","15","32","108","8","47","53","270","12","134","124","1,525","29","218","1,278","4,028","70","598","3,360","3,276","37","361","2,878","1,716","16","163","1,537","ND","ND","ND","ND","7,041","94","1,353","5,594","29","2","9","18","89","1","37","51","296","11","134","151","1,161","16","219","926","2,259","38","471","1,750","2,077","18","340","1,719","1,130","8","143","979","ND","ND","ND","ND",
"Casos_de_tuberculosis",	01,"Aguascalientes","2009","82","1","41","40","ND","ND","ND","ND","ND","ND","ND","ND","ND","ND","ND","ND","ND","ND","ND","ND","ND","ND","ND","ND","ND","ND","ND","ND","ND","ND","ND","ND","ND","ND","ND","ND","42","1","18","23","ND","ND","ND","ND","ND","ND","ND","ND","ND","ND","ND","ND","ND","ND","ND","ND","ND","ND","ND","ND","ND","ND","ND","ND","ND","ND","ND","ND","ND","ND","ND","ND","40","0","23","17","ND","ND","ND","ND","ND","ND","ND","ND","ND","ND","ND","ND","ND","ND","ND","ND","ND","ND","ND","ND","ND","ND","ND","ND","ND","ND","ND","ND","ND","ND","ND","ND",
"Casos_de_tuberculosis",	02,"Baja_California","2009","1,544","26","324","1,194","ND","ND","ND","ND","ND","ND","ND","ND","ND","ND","ND","ND","ND","ND","ND","ND","ND","ND","ND","ND","ND","ND","ND","ND","ND","ND","ND","ND","ND","ND","ND","ND","985","17","142","826","ND","ND","ND","ND","ND","ND","ND","ND","ND","ND","ND","ND","ND","ND","ND","ND","ND","ND","ND","ND","ND","ND","ND","ND","ND","ND","ND","ND","ND","ND","ND","ND","559","9","182","368","ND","ND","ND","ND","ND","ND","ND","ND","ND","ND","ND","ND","ND","ND","ND","ND","ND","ND","ND","ND","ND","ND","ND","ND","ND","ND","ND","ND","ND","ND","ND","ND",
"Casos_de_tuberculosis",	03,"Baja_California_Sur","2009","158","1","14","143","ND","ND","ND","ND","ND","ND","ND","ND","ND","ND","ND","ND","ND","ND","ND","ND","ND","ND","ND","ND","ND","ND","ND","ND","ND","ND","ND","ND","ND","ND","ND","ND","115","1","6","108","ND","ND","ND","ND","ND","ND","ND","ND","ND","ND","ND","ND","ND","ND","ND","ND","ND","ND","ND","ND","ND","ND","ND","ND","ND","ND","ND","ND","ND","ND","ND","ND","43","0","8","35","ND","ND","ND","ND","ND","ND","ND","ND","ND","ND","ND","ND","ND","ND","ND","ND","ND","ND","ND","ND","ND","ND","ND","ND","ND","ND","ND","ND","ND","ND","ND","ND",
"Casos_de_tuberculosis",	04,"Campeche","2009","100","0","7","93","ND","ND","ND","ND","ND","ND","ND","ND","ND","ND","ND","ND","ND","ND","ND","ND","ND","ND","ND","ND","ND","ND","ND","ND","ND","ND","ND","ND","ND","ND","ND","ND","60","0","4","56","ND","ND","ND","ND","ND","ND","ND","ND","ND","ND","ND","ND","ND","ND","ND","ND","ND","ND","ND","ND","ND","ND","ND","ND","ND","ND","ND","ND","ND","ND","ND","ND","40","0","3","37","ND","ND","ND","ND","ND","ND","ND","ND","ND","ND","ND","ND","ND","ND","ND","ND","ND","ND","ND","ND","ND","ND","ND","ND","ND","ND","ND","ND","ND","ND","ND","ND",
"Casos_de_tuberculosis",	05,"Coahuila_de_Zaragoza","2009","476","7","63","406","ND","ND","ND","ND","ND","ND","ND","ND","ND","ND","ND","ND","ND","ND","ND","ND","ND","ND","ND","ND","ND","ND","ND","ND","ND","ND","ND","ND","ND","ND","ND","ND","274","3","43","228","ND","ND","ND","ND","ND","ND","ND","ND","ND","ND","ND","ND","ND","ND","ND","ND","ND","ND","ND","ND","ND","ND","ND","ND","ND","ND","ND","ND","ND","ND","ND","ND","202","4","20","178","ND","ND","ND","ND","ND","ND","ND","ND","ND","ND","ND","ND","ND","ND","ND","ND","ND","ND","ND","ND","ND","ND","ND","ND","ND","ND","ND","ND","ND","ND","ND","ND",
"Casos_de_tuberculosis",	06,"Colima","2009","117","1","22","94","ND","ND","ND","ND","ND","ND","ND","ND","ND","ND","ND","ND","ND","ND","ND","ND","ND","ND","ND","ND","ND","ND","ND","ND","ND","ND","ND","ND","ND","ND","ND","ND","77","0","15","62","ND","ND","ND","ND","ND","ND","ND","ND","ND","ND","ND","ND","ND","ND","ND","ND","ND","ND","ND","ND","ND","ND","ND","ND","ND","ND","ND","ND","ND","ND","ND","ND","40","1","7","32","ND","ND","ND","ND","ND","ND","ND","ND","ND","ND","ND","ND","ND","ND","ND","ND","ND","ND","ND","ND","ND","ND","ND","ND","ND","ND","ND","ND","ND","ND","ND","ND",
"Casos_de_tuberculosis",	07,"Chiapas","2009","1,070","2","74","994","ND","ND","ND","ND","ND","ND","ND","ND","ND","ND","ND","ND","ND","ND","ND","ND","ND","ND","ND","ND","ND","ND","ND","ND","ND","ND","ND","ND","ND","ND","ND","ND","624","2","36","586","ND","ND","ND","ND","ND","ND","ND","ND","ND","ND","ND","ND","ND","ND","ND","ND","ND","ND","ND","ND","ND","ND","ND","ND","ND","ND","ND","ND","ND","ND","ND","ND","446","0","38","408","ND","ND","ND","ND","ND","ND","ND","ND","ND","ND","ND","ND","ND","ND","ND","ND","ND","ND","ND","ND","ND","ND","ND","ND","ND","ND","ND","ND","ND","ND","ND","ND",
"Casos_de_tuberculosis",	08,"Chihuahua","2009","691","11","111","569","ND","ND","ND","ND","ND","ND","ND","ND","ND","ND","ND","ND","ND","ND","ND","ND","ND","ND","ND","ND","ND","ND","ND","ND","ND","ND","ND","ND","ND","ND","ND","ND","417","7","70","340","ND","ND","ND","ND","ND","ND","ND","ND","ND","ND","ND","ND","ND","ND","ND","ND","ND","ND","ND","ND","ND","ND","ND","ND","ND","ND","ND","ND","ND","ND","ND","ND","274","4","41","229","ND","ND","ND","ND","ND","ND","ND","ND","ND","ND","ND","ND","ND","ND","ND","ND","ND","ND","ND","ND","ND","ND","ND","ND","ND","ND","ND","ND","ND","ND","ND","ND",
"Casos_de_tuberculosis",	09,"Ciudad_de_México","2009","668","22","214","432","ND","ND","ND","ND","ND","ND","ND","ND","ND","ND","ND","ND","ND","ND","ND","ND","ND","ND","ND","ND","ND","ND","ND","ND","ND","ND","ND","ND","ND","ND","ND","ND","370","15","113","242","ND","ND","ND","ND","ND","ND","ND","ND","ND","ND","ND","ND","ND","ND","ND","ND","ND","ND","ND","ND","ND","ND","ND","ND","ND","ND","ND","ND","ND","ND","ND","ND","298","7","101","190","ND","ND","ND","ND","ND","ND","ND","ND","ND","ND","ND","ND","ND","ND","ND","ND","ND","ND","ND","ND","ND","ND","ND","ND","ND","ND","ND","ND","ND","ND","ND","ND",
"Casos_de_tuberculosis",	10,"Durango","2009","208","5","44","159","ND","ND","ND","ND","ND","ND","ND","ND","ND","ND","ND","ND","ND","ND","ND","ND","ND","ND","ND","ND","ND","ND","ND","ND","ND","ND","ND","ND","ND","ND","ND","ND","113","2","24","87","ND","ND","ND","ND","ND","ND","ND","ND","ND","ND","ND","ND","ND","ND","ND","ND","ND","ND","ND","ND","ND","ND","ND","ND","ND","ND","ND","ND","ND","ND","ND","ND","95","3","20","72","ND","ND","ND","ND","ND","ND","ND","ND","ND","ND","ND","ND","ND","ND","ND","ND","ND","ND","ND","ND","ND","ND","ND","ND","ND","ND","ND","ND","ND","ND","ND","ND",
"Casos_de_tuberculosis",	11,"Guanajuato","2009","363","11","109","243","ND","ND","ND","ND","ND","ND","ND","ND","ND","ND","ND","ND","ND","ND","ND","ND","ND","ND","ND","ND","ND","ND","ND","ND","ND","ND","ND","ND","ND","ND","ND","ND","178","5","46","127","ND","ND","ND","ND","ND","ND","ND","ND","ND","ND","ND","ND","ND","ND","ND","ND","ND","ND","ND","ND","ND","ND","ND","ND","ND","ND","ND","ND","ND","ND","ND","ND","185","6","63","116","ND","ND","ND","ND","ND","ND","ND","ND","ND","ND","ND","ND","ND","ND","ND","ND","ND","ND","ND","ND","ND","ND","ND","ND","ND","ND","ND","ND","ND","ND","ND","ND",
"Casos_de_tuberculosis",	12,"Guerrero","2009","1,163","9","85","1,069","ND","ND","ND","ND","ND","ND","ND","ND","ND","ND","ND","ND","ND","ND","ND","ND","ND","ND","ND","ND","ND","ND","ND","ND","ND","ND","ND","ND","ND","ND","ND","ND","711","7","54","650","ND","ND","ND","ND","ND","ND","ND","ND","ND","ND","ND","ND","ND","ND","ND","ND","ND","ND","ND","ND","ND","ND","ND","ND","ND","ND","ND","ND","ND","ND","ND","ND","452","2","31","419","ND","ND","ND","ND","ND","ND","ND","ND","ND","ND","ND","ND","ND","ND","ND","ND","ND","ND","ND","ND","ND","ND","ND","ND","ND","ND","ND","ND","ND","ND","ND","ND",
"Casos_de_tuberculosis",	13,"Hidalgo","2009","270","4","29","237","ND","ND","ND","ND","ND","ND","ND","ND","ND","ND","ND","ND","ND","ND","ND","ND","ND","ND","ND","ND","ND","ND","ND","ND","ND","ND","ND","ND","ND","ND","ND","ND","157","4","16","137","ND","ND","ND","ND","ND","ND","ND","ND","ND","ND","ND","ND","ND","ND","ND","ND","ND","ND","ND","ND","ND","ND","ND","ND","ND","ND","ND","ND","ND","ND","ND","ND","113","0","13","100","ND","ND","ND","ND","ND","ND","ND","ND","ND","ND","ND","ND","ND","ND","ND","ND","ND","ND","ND","ND","ND","ND","ND","ND","ND","ND","ND","ND","ND","ND","ND","ND",
"Casos_de_tuberculosis",	14,"Jalisco","2009","986","13","261","712","ND","ND","ND","ND","ND","ND","ND","ND","ND","ND","ND","ND","ND","ND","ND","ND","ND","ND","ND","ND","ND","ND","ND","ND","ND","ND","ND","ND","ND","ND","ND","ND","569","9","132","428","ND","ND","ND","ND","ND","ND","ND","ND","ND","ND","ND","ND","ND","ND","ND","ND","ND","ND","ND","ND","ND","ND","ND","ND","ND","ND","ND","ND","ND","ND","ND","ND","417","4","129","284","ND","ND","ND","ND","ND","ND","ND","ND","ND","ND","ND","ND","ND","ND","ND","ND","ND","ND","ND","ND","ND","ND","ND","ND","ND","ND","ND","ND","ND","ND","ND","ND",
"Casos_de_tuberculosis",	15,"México","2009","632","24","179","429","ND","ND","ND","ND","ND","ND","ND","ND","ND","ND","ND","ND","ND","ND","ND","ND","ND","ND","ND","ND","ND","ND","ND","ND","ND","ND","ND","ND","ND","ND","ND","ND","353","14","95","244","ND","ND","ND","ND","ND","ND","ND","ND","ND","ND","ND","ND","ND","ND","ND","ND","ND","ND","ND","ND","ND","ND","ND","ND","ND","ND","ND","ND","ND","ND","ND","ND","279","10","84","185","ND","ND","ND","ND","ND","ND","ND","ND","ND","ND","ND","ND","ND","ND","ND","ND","ND","ND","ND","ND","ND","ND","ND","ND","ND","ND","ND","ND","ND","ND","ND","ND",
"Casos_de_tuberculosis",	16,"Michoacán_de_Ocampo","2009","326","2","46","278","ND","ND","ND","ND","ND","ND","ND","ND","ND","ND","ND","ND","ND","ND","ND","ND","ND","ND","ND","ND","ND","ND","ND","ND","ND","ND","ND","ND","ND","ND","ND","ND","179","2","17","160","ND","ND","ND","ND","ND","ND","ND","ND","ND","ND","ND","ND","ND","ND","ND","ND","ND","ND","ND","ND","ND","ND","ND","ND","ND","ND","ND","ND","ND","ND","ND","ND","147","0","29","118","ND","ND","ND","ND","ND","ND","ND","ND","ND","ND","ND","ND","ND","ND","ND","ND","ND","ND","ND","ND","ND","ND","ND","ND","ND","ND","ND","ND","ND","ND","ND","ND",
"Casos_de_tuberculosis",	17,"Morelos","2009","219","7","81","131","ND","ND","ND","ND","ND","ND","ND","ND","ND","ND","ND","ND","ND","ND","ND","ND","ND","ND","ND","ND","ND","ND","ND","ND","ND","ND","ND","ND","ND","ND","ND","ND","108","4","35","69","ND","ND","ND","ND","ND","ND","ND","ND","ND","ND","ND","ND","ND","ND","ND","ND","ND","ND","ND","ND","ND","ND","ND","ND","ND","ND","ND","ND","ND","ND","ND","ND","111","3","46","62","ND","ND","ND","ND","ND","ND","ND","ND","ND","ND","ND","ND","ND","ND","ND","ND","ND","ND","ND","ND","ND","ND","ND","ND","ND","ND","ND","ND","ND","ND","ND","ND",
"Casos_de_tuberculosis",	18,"Nayarit","2009","324","5","67","252","ND","ND","ND","ND","ND","ND","ND","ND","ND","ND","ND","ND","ND","ND","ND","ND","ND","ND","ND","ND","ND","ND","ND","ND","ND","ND","ND","ND","ND","ND","ND","ND","206","3","41","162","ND","ND","ND","ND","ND","ND","ND","ND","ND","ND","ND","ND","ND","ND","ND","ND","ND","ND","ND","ND","ND","ND","ND","ND","ND","ND","ND","ND","ND","ND","ND","ND","118","2","26","90","ND","ND","ND","ND","ND","ND","ND","ND","ND","ND","ND","ND","ND","ND","ND","ND","ND","ND","ND","ND","ND","ND","ND","ND","ND","ND","ND","ND","ND","ND","ND","ND",
"Casos_de_tuberculosis",	19,"Nuevo_León","2009","974","9","155","810","ND","ND","ND","ND","ND","ND","ND","ND","ND","ND","ND","ND","ND","ND","ND","ND","ND","ND","ND","ND","ND","ND","ND","ND","ND","ND","ND","ND","ND","ND","ND","ND","611","5","80","526","ND","ND","ND","ND","ND","ND","ND","ND","ND","ND","ND","ND","ND","ND","ND","ND","ND","ND","ND","ND","ND","ND","ND","ND","ND","ND","ND","ND","ND","ND","ND","ND","363","4","75","284","ND","ND","ND","ND","ND","ND","ND","ND","ND","ND","ND","ND","ND","ND","ND","ND","ND","ND","ND","ND","ND","ND","ND","ND","ND","ND","ND","ND","ND","ND","ND","ND",
"Casos_de_tuberculosis",	20,"Oaxaca","2009","816","9","120","687","ND","ND","ND","ND","ND","ND","ND","ND","ND","ND","ND","ND","ND","ND","ND","ND","ND","ND","ND","ND","ND","ND","ND","ND","ND","ND","ND","ND","ND","ND","ND","ND","470","7","63","400","ND","ND","ND","ND","ND","ND","ND","ND","ND","ND","ND","ND","ND","ND","ND","ND","ND","ND","ND","ND","ND","ND","ND","ND","ND","ND","ND","ND","ND","ND","ND","ND","346","2","57","287","ND","ND","ND","ND","ND","ND","ND","ND","ND","ND","ND","ND","ND","ND","ND","ND","ND","ND","ND","ND","ND","ND","ND","ND","ND","ND","ND","ND","ND","ND","ND","ND",
"Casos_de_tuberculosis",	21,"Puebla","2009","460","8","73","379","ND","ND","ND","ND","ND","ND","ND","ND","ND","ND","ND","ND","ND","ND","ND","ND","ND","ND","ND","ND","ND","ND","ND","ND","ND","ND","ND","ND","ND","ND","ND","ND","234","6","34","194","ND","ND","ND","ND","ND","ND","ND","ND","ND","ND","ND","ND","ND","ND","ND","ND","ND","ND","ND","ND","ND","ND","ND","ND","ND","ND","ND","ND","ND","ND","ND","ND","226","2","39","185","ND","ND","ND","ND","ND","ND","ND","ND","ND","ND","ND","ND","ND","ND","ND","ND","ND","ND","ND","ND","ND","ND","ND","ND","ND","ND","ND","ND","ND","ND","ND","ND",
"Casos_de_tuberculosis",	22,"Querétaro","2009","214","16","77","121","ND","ND","ND","ND","ND","ND","ND","ND","ND","ND","ND","ND","ND","ND","ND","ND","ND","ND","ND","ND","ND","ND","ND","ND","ND","ND","ND","ND","ND","ND","ND","ND","112","6","37","69","ND","ND","ND","ND","ND","ND","ND","ND","ND","ND","ND","ND","ND","ND","ND","ND","ND","ND","ND","ND","ND","ND","ND","ND","ND","ND","ND","ND","ND","ND","ND","ND","102","10","40","52","ND","ND","ND","ND","ND","ND","ND","ND","ND","ND","ND","ND","ND","ND","ND","ND","ND","ND","ND","ND","ND","ND","ND","ND","ND","ND","ND","ND","ND","ND","ND","ND",
"Casos_de_tuberculosis",	23,"Quintana_Roo","2009","202","0","14","188","ND","ND","ND","ND","ND","ND","ND","ND","ND","ND","ND","ND","ND","ND","ND","ND","ND","ND","ND","ND","ND","ND","ND","ND","ND","ND","ND","ND","ND","ND","ND","ND","132","0","5","127","ND","ND","ND","ND","ND","ND","ND","ND","ND","ND","ND","ND","ND","ND","ND","ND","ND","ND","ND","ND","ND","ND","ND","ND","ND","ND","ND","ND","ND","ND","ND","ND","70","0","9","61","ND","ND","ND","ND","ND","ND","ND","ND","ND","ND","ND","ND","ND","ND","ND","ND","ND","ND","ND","ND","ND","ND","ND","ND","ND","ND","ND","ND","ND","ND","ND","ND",
"Casos_de_tuberculosis",	24,"San_Luis_Potosí","2009","435","2","78","355","ND","ND","ND","ND","ND","ND","ND","ND","ND","ND","ND","ND","ND","ND","ND","ND","ND","ND","ND","ND","ND","ND","ND","ND","ND","ND","ND","ND","ND","ND","ND","ND","245","1","41","203","ND","ND","ND","ND","ND","ND","ND","ND","ND","ND","ND","ND","ND","ND","ND","ND","ND","ND","ND","ND","ND","ND","ND","ND","ND","ND","ND","ND","ND","ND","ND","ND","190","1","37","152","ND","ND","ND","ND","ND","ND","ND","ND","ND","ND","ND","ND","ND","ND","ND","ND","ND","ND","ND","ND","ND","ND","ND","ND","ND","ND","ND","ND","ND","ND","ND","ND",
"Casos_de_tuberculosis",	25,"Sinaloa","2009","763","5","89","669","ND","ND","ND","ND","ND","ND","ND","ND","ND","ND","ND","ND","ND","ND","ND","ND","ND","ND","ND","ND","ND","ND","ND","ND","ND","ND","ND","ND","ND","ND","ND","ND","494","5","54","435","ND","ND","ND","ND","ND","ND","ND","ND","ND","ND","ND","ND","ND","ND","ND","ND","ND","ND","ND","ND","ND","ND","ND","ND","ND","ND","ND","ND","ND","ND","ND","ND","269","0","35","234","ND","ND","ND","ND","ND","ND","ND","ND","ND","ND","ND","ND","ND","ND","ND","ND","ND","ND","ND","ND","ND","ND","ND","ND","ND","ND","ND","ND","ND","ND","ND","ND",
"Casos_de_tuberculosis",	26,"Sonora","2009","829","18","82","729","ND","ND","ND","ND","ND","ND","ND","ND","ND","ND","ND","ND","ND","ND","ND","ND","ND","ND","ND","ND","ND","ND","ND","ND","ND","ND","ND","ND","ND","ND","ND","ND","607","13","56","538","ND","ND","ND","ND","ND","ND","ND","ND","ND","ND","ND","ND","ND","ND","ND","ND","ND","ND","ND","ND","ND","ND","ND","ND","ND","ND","ND","ND","ND","ND","ND","ND","222","5","26","191","ND","ND","ND","ND","ND","ND","ND","ND","ND","ND","ND","ND","ND","ND","ND","ND","ND","ND","ND","ND","ND","ND","ND","ND","ND","ND","ND","ND","ND","ND","ND","ND",
"Casos_de_tuberculosis",	27,"Tabasco","2009","540","4","67","469","ND","ND","ND","ND","ND","ND","ND","ND","ND","ND","ND","ND","ND","ND","ND","ND","ND","ND","ND","ND","ND","ND","ND","ND","ND","ND","ND","ND","ND","ND","ND","ND","398","2","50","346","ND","ND","ND","ND","ND","ND","ND","ND","ND","ND","ND","ND","ND","ND","ND","ND","ND","ND","ND","ND","ND","ND","ND","ND","ND","ND","ND","ND","ND","ND","ND","ND","142","2","17","123","ND","ND","ND","ND","ND","ND","ND","ND","ND","ND","ND","ND","ND","ND","ND","ND","ND","ND","ND","ND","ND","ND","ND","ND","ND","ND","ND","ND","ND","ND","ND","ND",
"Casos_de_tuberculosis",	28,"Tamaulipas","2009","1,037","5","75","957","ND","ND","ND","ND","ND","ND","ND","ND","ND","ND","ND","ND","ND","ND","ND","ND","ND","ND","ND","ND","ND","ND","ND","ND","ND","ND","ND","ND","ND","ND","ND","ND","656","2","33","621","ND","ND","ND","ND","ND","ND","ND","ND","ND","ND","ND","ND","ND","ND","ND","ND","ND","ND","ND","ND","ND","ND","ND","ND","ND","ND","ND","ND","ND","ND","ND","ND","381","3","42","336","ND","ND","ND","ND","ND","ND","ND","ND","ND","ND","ND","ND","ND","ND","ND","ND","ND","ND","ND","ND","ND","ND","ND","ND","ND","ND","ND","ND","ND","ND","ND","ND",
"Casos_de_tuberculosis",	29,"Tlaxcala","2009","46","1","8","37","ND","ND","ND","ND","ND","ND","ND","ND","ND","ND","ND","ND","ND","ND","ND","ND","ND","ND","ND","ND","ND","ND","ND","ND","ND","ND","ND","ND","ND","ND","ND","ND","27","1","5","21","ND","ND","ND","ND","ND","ND","ND","ND","ND","ND","ND","ND","ND","ND","ND","ND","ND","ND","ND","ND","ND","ND","ND","ND","ND","ND","ND","ND","ND","ND","ND","ND","19","0","3","16","ND","ND","ND","ND","ND","ND","ND","ND","ND","ND","ND","ND","ND","ND","ND","ND","ND","ND","ND","ND","ND","ND","ND","ND","ND","ND","ND","ND","ND","ND","ND","ND",
"Casos_de_tuberculosis",	30,"Veracruz_de_Ignacio_de_la_Llave","2009","1,996","35","216","1,745","ND","ND","ND","ND","ND","ND","ND","ND","ND","ND","ND","ND","ND","ND","ND","ND","ND","ND","ND","ND","ND","ND","ND","ND","ND","ND","ND","ND","ND","ND","ND","ND","1,259","25","136","1,098","ND","ND","ND","ND","ND","ND","ND","ND","ND","ND","ND","ND","ND","ND","ND","ND","ND","ND","ND","ND","ND","ND","ND","ND","ND","ND","ND","ND","ND","ND","ND","ND","737","10","80","647","ND","ND","ND","ND","ND","ND","ND","ND","ND","ND","ND","ND","ND","ND","ND","ND","ND","ND","ND","ND","ND","ND","ND","ND","ND","ND","ND","ND","ND","ND","ND","ND",
"Casos_de_tuberculosis",	31,"Yucatán","2009","188","2","17","169","ND","ND","ND","ND","ND","ND","ND","ND","ND","ND","ND","ND","ND","ND","ND","ND","ND","ND","ND","ND","ND","ND","ND","ND","ND","ND","ND","ND","ND","ND","ND","ND","122","2","13","107","ND","ND","ND","ND","ND","ND","ND","ND","ND","ND","ND","ND","ND","ND","ND","ND","ND","ND","ND","ND","ND","ND","ND","ND","ND","ND","ND","ND","ND","ND","ND","ND","66","0","4","62","ND","ND","ND","ND","ND","ND","ND","ND","ND","ND","ND","ND","ND","ND","ND","ND","ND","ND","ND","ND","ND","ND","ND","ND","ND","ND","ND","ND","ND","ND","ND","ND",
"Casos_de_tuberculosis",	32,"Zacatecas","2009","114","1","47","66","ND","ND","ND","ND","ND","ND","ND","ND","ND","ND","ND","ND","ND","ND","ND","ND","ND","ND","ND","ND","ND","ND","ND","ND","ND","ND","ND","ND","ND","ND","ND","ND","65","1","22","42","ND","ND","ND","ND","ND","ND","ND","ND","ND","ND","ND","ND","ND","ND","ND","ND","ND","ND","ND","ND","ND","ND","ND","ND","ND","ND","ND","ND","ND","ND","ND","ND","49","0","25","24","ND","ND","ND","ND","ND","ND","ND","ND","ND","ND","ND","ND","ND","ND","ND","ND","ND","ND","ND","ND","ND","ND","ND","ND","ND","ND","ND","ND","ND","ND","ND","ND",
"Casos_de_tuberculosis",	00,"Estados_Unidos_Mexicanos","2008","18,210","283","2,892","15,035","100","4","27","69","200","12","95","93","596","21","265","310","2,619","41","423","2,155","6,375","113","1,077","5,185","5,456","68","677","4,711","2,864","24","328","2,512","ND","ND","ND","ND","11,066","198","1,505","9,363","60","3","13","44","98","6","47","45","291","12","124","155","1,492","26","216","1,250","4,047","84","583","3,380","3,375","50","354","2,971","1,703","17","168","1,518","ND","ND","ND","ND","7,144","85","1,387","5,672","40","1","14","25","102","6","48","48","305","9","141","155","1,127","15","207","905","2,328","29","494","1,805","2,081","18","323","1,740","1,161","7","160","994","ND","ND","ND","ND",
"Casos_de_tuberculosis",	01,"Aguascalientes","2008","96","4","55","37","ND","ND","ND","ND","ND","ND","ND","ND","ND","ND","ND","ND","ND","ND","ND","ND","ND","ND","ND","ND","ND","ND","ND","ND","ND","ND","ND","ND","ND","ND","ND","ND","49","4","23","22","ND","ND","ND","ND","ND","ND","ND","ND","ND","ND","ND","ND","ND","ND","ND","ND","ND","ND","ND","ND","ND","ND","ND","ND","ND","ND","ND","ND","ND","ND","ND","ND","47","0","32","15","ND","ND","ND","ND","ND","ND","ND","ND","ND","ND","ND","ND","ND","ND","ND","ND","ND","ND","ND","ND","ND","ND","ND","ND","ND","ND","ND","ND","ND","ND","ND","ND",
"Casos_de_tuberculosis",	02,"Baja_California","2008","1,568","33","288","1,247","ND","ND","ND","ND","ND","ND","ND","ND","ND","ND","ND","ND","ND","ND","ND","ND","ND","ND","ND","ND","ND","ND","ND","ND","ND","ND","ND","ND","ND","ND","ND","ND","1,046","19","138","889","ND","ND","ND","ND","ND","ND","ND","ND","ND","ND","ND","ND","ND","ND","ND","ND","ND","ND","ND","ND","ND","ND","ND","ND","ND","ND","ND","ND","ND","ND","ND","ND","522","14","150","358","ND","ND","ND","ND","ND","ND","ND","ND","ND","ND","ND","ND","ND","ND","ND","ND","ND","ND","ND","ND","ND","ND","ND","ND","ND","ND","ND","ND","ND","ND","ND","ND",
"Casos_de_tuberculosis",	03,"Baja_California_Sur","2008","144","0","18","126","ND","ND","ND","ND","ND","ND","ND","ND","ND","ND","ND","ND","ND","ND","ND","ND","ND","ND","ND","ND","ND","ND","ND","ND","ND","ND","ND","ND","ND","ND","ND","ND","95","0","11","84","ND","ND","ND","ND","ND","ND","ND","ND","ND","ND","ND","ND","ND","ND","ND","ND","ND","ND","ND","ND","ND","ND","ND","ND","ND","ND","ND","ND","ND","ND","ND","ND","49","0","7","42","ND","ND","ND","ND","ND","ND","ND","ND","ND","ND","ND","ND","ND","ND","ND","ND","ND","ND","ND","ND","ND","ND","ND","ND","ND","ND","ND","ND","ND","ND","ND","ND",
"Casos_de_tuberculosis",	04,"Campeche","2008","88","0","10","78","ND","ND","ND","ND","ND","ND","ND","ND","ND","ND","ND","ND","ND","ND","ND","ND","ND","ND","ND","ND","ND","ND","ND","ND","ND","ND","ND","ND","ND","ND","ND","ND","54","0","6","48","ND","ND","ND","ND","ND","ND","ND","ND","ND","ND","ND","ND","ND","ND","ND","ND","ND","ND","ND","ND","ND","ND","ND","ND","ND","ND","ND","ND","ND","ND","ND","ND","34","0","4","30","ND","ND","ND","ND","ND","ND","ND","ND","ND","ND","ND","ND","ND","ND","ND","ND","ND","ND","ND","ND","ND","ND","ND","ND","ND","ND","ND","ND","ND","ND","ND","ND",
"Casos_de_tuberculosis",	05,"Coahuila_de_Zaragoza","2008","480","3","48","429","ND","ND","ND","ND","ND","ND","ND","ND","ND","ND","ND","ND","ND","ND","ND","ND","ND","ND","ND","ND","ND","ND","ND","ND","ND","ND","ND","ND","ND","ND","ND","ND","271","2","28","241","ND","ND","ND","ND","ND","ND","ND","ND","ND","ND","ND","ND","ND","ND","ND","ND","ND","ND","ND","ND","ND","ND","ND","ND","ND","ND","ND","ND","ND","ND","ND","ND","209","1","20","188","ND","ND","ND","ND","ND","ND","ND","ND","ND","ND","ND","ND","ND","ND","ND","ND","ND","ND","ND","ND","ND","ND","ND","ND","ND","ND","ND","ND","ND","ND","ND","ND",
"Casos_de_tuberculosis",	06,"Colima","2008","125","0","15","110","ND","ND","ND","ND","ND","ND","ND","ND","ND","ND","ND","ND","ND","ND","ND","ND","ND","ND","ND","ND","ND","ND","ND","ND","ND","ND","ND","ND","ND","ND","ND","ND","78","0","9","69","ND","ND","ND","ND","ND","ND","ND","ND","ND","ND","ND","ND","ND","ND","ND","ND","ND","ND","ND","ND","ND","ND","ND","ND","ND","ND","ND","ND","ND","ND","ND","ND","47","0","6","41","ND","ND","ND","ND","ND","ND","ND","ND","ND","ND","ND","ND","ND","ND","ND","ND","ND","ND","ND","ND","ND","ND","ND","ND","ND","ND","ND","ND","ND","ND","ND","ND",
"Casos_de_tuberculosis",	07,"Chiapas","2008","1,242","2","116","1,124","ND","ND","ND","ND","ND","ND","ND","ND","ND","ND","ND","ND","ND","ND","ND","ND","ND","ND","ND","ND","ND","ND","ND","ND","ND","ND","ND","ND","ND","ND","ND","ND","677","2","61","614","ND","ND","ND","ND","ND","ND","ND","ND","ND","ND","ND","ND","ND","ND","ND","ND","ND","ND","ND","ND","ND","ND","ND","ND","ND","ND","ND","ND","ND","ND","ND","ND","565","0","55","510","ND","ND","ND","ND","ND","ND","ND","ND","ND","ND","ND","ND","ND","ND","ND","ND","ND","ND","ND","ND","ND","ND","ND","ND","ND","ND","ND","ND","ND","ND","ND","ND",
"Casos_de_tuberculosis",	08,"Chihuahua","2008","664","11","81","572","ND","ND","ND","ND","ND","ND","ND","ND","ND","ND","ND","ND","ND","ND","ND","ND","ND","ND","ND","ND","ND","ND","ND","ND","ND","ND","ND","ND","ND","ND","ND","ND","419","8","46","365","ND","ND","ND","ND","ND","ND","ND","ND","ND","ND","ND","ND","ND","ND","ND","ND","ND","ND","ND","ND","ND","ND","ND","ND","ND","ND","ND","ND","ND","ND","ND","ND","245","3","35","207","ND","ND","ND","ND","ND","ND","ND","ND","ND","ND","ND","ND","ND","ND","ND","ND","ND","ND","ND","ND","ND","ND","ND","ND","ND","ND","ND","ND","ND","ND","ND","ND",
"Casos_de_tuberculosis",	09,"Ciudad_de_México","2008","768","38","241","489","ND","ND","ND","ND","ND","ND","ND","ND","ND","ND","ND","ND","ND","ND","ND","ND","ND","ND","ND","ND","ND","ND","ND","ND","ND","ND","ND","ND","ND","ND","ND","ND","432","24","114","294","ND","ND","ND","ND","ND","ND","ND","ND","ND","ND","ND","ND","ND","ND","ND","ND","ND","ND","ND","ND","ND","ND","ND","ND","ND","ND","ND","ND","ND","ND","ND","ND","336","14","127","195","ND","ND","ND","ND","ND","ND","ND","ND","ND","ND","ND","ND","ND","ND","ND","ND","ND","ND","ND","ND","ND","ND","ND","ND","ND","ND","ND","ND","ND","ND","ND","ND",
"Casos_de_tuberculosis",	10,"Durango","2008","220","4","40","176","ND","ND","ND","ND","ND","ND","ND","ND","ND","ND","ND","ND","ND","ND","ND","ND","ND","ND","ND","ND","ND","ND","ND","ND","ND","ND","ND","ND","ND","ND","ND","ND","134","4","22","108","ND","ND","ND","ND","ND","ND","ND","ND","ND","ND","ND","ND","ND","ND","ND","ND","ND","ND","ND","ND","ND","ND","ND","ND","ND","ND","ND","ND","ND","ND","ND","ND","86","0","18","68","ND","ND","ND","ND","ND","ND","ND","ND","ND","ND","ND","ND","ND","ND","ND","ND","ND","ND","ND","ND","ND","ND","ND","ND","ND","ND","ND","ND","ND","ND","ND","ND",
"Casos_de_tuberculosis",	11,"Guanajuato","2008","338","10","94","234","ND","ND","ND","ND","ND","ND","ND","ND","ND","ND","ND","ND","ND","ND","ND","ND","ND","ND","ND","ND","ND","ND","ND","ND","ND","ND","ND","ND","ND","ND","ND","ND","187","7","34","146","ND","ND","ND","ND","ND","ND","ND","ND","ND","ND","ND","ND","ND","ND","ND","ND","ND","ND","ND","ND","ND","ND","ND","ND","ND","ND","ND","ND","ND","ND","ND","ND","151","3","60","88","ND","ND","ND","ND","ND","ND","ND","ND","ND","ND","ND","ND","ND","ND","ND","ND","ND","ND","ND","ND","ND","ND","ND","ND","ND","ND","ND","ND","ND","ND","ND","ND",
"Casos_de_tuberculosis",	12,"Guerrero","2008","1,155","19","96","1,040","ND","ND","ND","ND","ND","ND","ND","ND","ND","ND","ND","ND","ND","ND","ND","ND","ND","ND","ND","ND","ND","ND","ND","ND","ND","ND","ND","ND","ND","ND","ND","ND","696","13","52","631","ND","ND","ND","ND","ND","ND","ND","ND","ND","ND","ND","ND","ND","ND","ND","ND","ND","ND","ND","ND","ND","ND","ND","ND","ND","ND","ND","ND","ND","ND","ND","ND","459","6","44","409","ND","ND","ND","ND","ND","ND","ND","ND","ND","ND","ND","ND","ND","ND","ND","ND","ND","ND","ND","ND","ND","ND","ND","ND","ND","ND","ND","ND","ND","ND","ND","ND",
"Casos_de_tuberculosis",	13,"Hidalgo","2008","276","5","38","233","ND","ND","ND","ND","ND","ND","ND","ND","ND","ND","ND","ND","ND","ND","ND","ND","ND","ND","ND","ND","ND","ND","ND","ND","ND","ND","ND","ND","ND","ND","ND","ND","154","4","13","137","ND","ND","ND","ND","ND","ND","ND","ND","ND","ND","ND","ND","ND","ND","ND","ND","ND","ND","ND","ND","ND","ND","ND","ND","ND","ND","ND","ND","ND","ND","ND","ND","122","1","25","96","ND","ND","ND","ND","ND","ND","ND","ND","ND","ND","ND","ND","ND","ND","ND","ND","ND","ND","ND","ND","ND","ND","ND","ND","ND","ND","ND","ND","ND","ND","ND","ND",
"Casos_de_tuberculosis",	14,"Jalisco","2008","916","12","260","644","ND","ND","ND","ND","ND","ND","ND","ND","ND","ND","ND","ND","ND","ND","ND","ND","ND","ND","ND","ND","ND","ND","ND","ND","ND","ND","ND","ND","ND","ND","ND","ND","511","7","128","376","ND","ND","ND","ND","ND","ND","ND","ND","ND","ND","ND","ND","ND","ND","ND","ND","ND","ND","ND","ND","ND","ND","ND","ND","ND","ND","ND","ND","ND","ND","ND","ND","405","5","132","268","ND","ND","ND","ND","ND","ND","ND","ND","ND","ND","ND","ND","ND","ND","ND","ND","ND","ND","ND","ND","ND","ND","ND","ND","ND","ND","ND","ND","ND","ND","ND","ND",
"Casos_de_tuberculosis",	15,"México","2008","690","32","204","454","ND","ND","ND","ND","ND","ND","ND","ND","ND","ND","ND","ND","ND","ND","ND","ND","ND","ND","ND","ND","ND","ND","ND","ND","ND","ND","ND","ND","ND","ND","ND","ND","392","18","101","273","ND","ND","ND","ND","ND","ND","ND","ND","ND","ND","ND","ND","ND","ND","ND","ND","ND","ND","ND","ND","ND","ND","ND","ND","ND","ND","ND","ND","ND","ND","ND","ND","298","14","103","181","ND","ND","ND","ND","ND","ND","ND","ND","ND","ND","ND","ND","ND","ND","ND","ND","ND","ND","ND","ND","ND","ND","ND","ND","ND","ND","ND","ND","ND","ND","ND","ND",
"Casos_de_tuberculosis",	16,"Michoacán_de_Ocampo","2008","314","5","59","250","ND","ND","ND","ND","ND","ND","ND","ND","ND","ND","ND","ND","ND","ND","ND","ND","ND","ND","ND","ND","ND","ND","ND","ND","ND","ND","ND","ND","ND","ND","ND","ND","179","4","29","146","ND","ND","ND","ND","ND","ND","ND","ND","ND","ND","ND","ND","ND","ND","ND","ND","ND","ND","ND","ND","ND","ND","ND","ND","ND","ND","ND","ND","ND","ND","ND","ND","135","1","30","104","ND","ND","ND","ND","ND","ND","ND","ND","ND","ND","ND","ND","ND","ND","ND","ND","ND","ND","ND","ND","ND","ND","ND","ND","ND","ND","ND","ND","ND","ND","ND","ND",
"Casos_de_tuberculosis",	17,"Morelos","2008","232","4","61","167","ND","ND","ND","ND","ND","ND","ND","ND","ND","ND","ND","ND","ND","ND","ND","ND","ND","ND","ND","ND","ND","ND","ND","ND","ND","ND","ND","ND","ND","ND","ND","ND","120","3","32","85","ND","ND","ND","ND","ND","ND","ND","ND","ND","ND","ND","ND","ND","ND","ND","ND","ND","ND","ND","ND","ND","ND","ND","ND","ND","ND","ND","ND","ND","ND","ND","ND","112","1","29","82","ND","ND","ND","ND","ND","ND","ND","ND","ND","ND","ND","ND","ND","ND","ND","ND","ND","ND","ND","ND","ND","ND","ND","ND","ND","ND","ND","ND","ND","ND","ND","ND",
"Casos_de_tuberculosis",	18,"Nayarit","2008","317","7","43","267","ND","ND","ND","ND","ND","ND","ND","ND","ND","ND","ND","ND","ND","ND","ND","ND","ND","ND","ND","ND","ND","ND","ND","ND","ND","ND","ND","ND","ND","ND","ND","ND","180","6","23","151","ND","ND","ND","ND","ND","ND","ND","ND","ND","ND","ND","ND","ND","ND","ND","ND","ND","ND","ND","ND","ND","ND","ND","ND","ND","ND","ND","ND","ND","ND","ND","ND","137","1","20","116","ND","ND","ND","ND","ND","ND","ND","ND","ND","ND","ND","ND","ND","ND","ND","ND","ND","ND","ND","ND","ND","ND","ND","ND","ND","ND","ND","ND","ND","ND","ND","ND",
"Casos_de_tuberculosis",	19,"Nuevo_León","2008","1,034","8","151","875","ND","ND","ND","ND","ND","ND","ND","ND","ND","ND","ND","ND","ND","ND","ND","ND","ND","ND","ND","ND","ND","ND","ND","ND","ND","ND","ND","ND","ND","ND","ND","ND","665","6","80","579","ND","ND","ND","ND","ND","ND","ND","ND","ND","ND","ND","ND","ND","ND","ND","ND","ND","ND","ND","ND","ND","ND","ND","ND","ND","ND","ND","ND","ND","ND","ND","ND","369","2","71","296","ND","ND","ND","ND","ND","ND","ND","ND","ND","ND","ND","ND","ND","ND","ND","ND","ND","ND","ND","ND","ND","ND","ND","ND","ND","ND","ND","ND","ND","ND","ND","ND",
"Casos_de_tuberculosis",	20,"Oaxaca","2008","760","3","100","657","ND","ND","ND","ND","ND","ND","ND","ND","ND","ND","ND","ND","ND","ND","ND","ND","ND","ND","ND","ND","ND","ND","ND","ND","ND","ND","ND","ND","ND","ND","ND","ND","451","1","48","402","ND","ND","ND","ND","ND","ND","ND","ND","ND","ND","ND","ND","ND","ND","ND","ND","ND","ND","ND","ND","ND","ND","ND","ND","ND","ND","ND","ND","ND","ND","ND","ND","309","2","52","255","ND","ND","ND","ND","ND","ND","ND","ND","ND","ND","ND","ND","ND","ND","ND","ND","ND","ND","ND","ND","ND","ND","ND","ND","ND","ND","ND","ND","ND","ND","ND","ND",
"Casos_de_tuberculosis",	21,"Puebla","2008","521","8","121","392","ND","ND","ND","ND","ND","ND","ND","ND","ND","ND","ND","ND","ND","ND","ND","ND","ND","ND","ND","ND","ND","ND","ND","ND","ND","ND","ND","ND","ND","ND","ND","ND","275","6","60","209","ND","ND","ND","ND","ND","ND","ND","ND","ND","ND","ND","ND","ND","ND","ND","ND","ND","ND","ND","ND","ND","ND","ND","ND","ND","ND","ND","ND","ND","ND","ND","ND","246","2","61","183","ND","ND","ND","ND","ND","ND","ND","ND","ND","ND","ND","ND","ND","ND","ND","ND","ND","ND","ND","ND","ND","ND","ND","ND","ND","ND","ND","ND","ND","ND","ND","ND",
"Casos_de_tuberculosis",	22,"Querétaro","2008","219","6","81","132","ND","ND","ND","ND","ND","ND","ND","ND","ND","ND","ND","ND","ND","ND","ND","ND","ND","ND","ND","ND","ND","ND","ND","ND","ND","ND","ND","ND","ND","ND","ND","ND","115","5","35","75","ND","ND","ND","ND","ND","ND","ND","ND","ND","ND","ND","ND","ND","ND","ND","ND","ND","ND","ND","ND","ND","ND","ND","ND","ND","ND","ND","ND","ND","ND","ND","ND","104","1","46","57","ND","ND","ND","ND","ND","ND","ND","ND","ND","ND","ND","ND","ND","ND","ND","ND","ND","ND","ND","ND","ND","ND","ND","ND","ND","ND","ND","ND","ND","ND","ND","ND",
"Casos_de_tuberculosis",	23,"Quintana_Roo","2008","151","0","9","142","ND","ND","ND","ND","ND","ND","ND","ND","ND","ND","ND","ND","ND","ND","ND","ND","ND","ND","ND","ND","ND","ND","ND","ND","ND","ND","ND","ND","ND","ND","ND","ND","115","0","6","109","ND","ND","ND","ND","ND","ND","ND","ND","ND","ND","ND","ND","ND","ND","ND","ND","ND","ND","ND","ND","ND","ND","ND","ND","ND","ND","ND","ND","ND","ND","ND","ND","36","0","3","33","ND","ND","ND","ND","ND","ND","ND","ND","ND","ND","ND","ND","ND","ND","ND","ND","ND","ND","ND","ND","ND","ND","ND","ND","ND","ND","ND","ND","ND","ND","ND","ND",
"Casos_de_tuberculosis",	24,"San_Luis_Potosí","2008","405","1","81","323","ND","ND","ND","ND","ND","ND","ND","ND","ND","ND","ND","ND","ND","ND","ND","ND","ND","ND","ND","ND","ND","ND","ND","ND","ND","ND","ND","ND","ND","ND","ND","ND","235","1","41","193","ND","ND","ND","ND","ND","ND","ND","ND","ND","ND","ND","ND","ND","ND","ND","ND","ND","ND","ND","ND","ND","ND","ND","ND","ND","ND","ND","ND","ND","ND","ND","ND","170","0","40","130","ND","ND","ND","ND","ND","ND","ND","ND","ND","ND","ND","ND","ND","ND","ND","ND","ND","ND","ND","ND","ND","ND","ND","ND","ND","ND","ND","ND","ND","ND","ND","ND",
"Casos_de_tuberculosis",	25,"Sinaloa","2008","816","3","78","735","ND","ND","ND","ND","ND","ND","ND","ND","ND","ND","ND","ND","ND","ND","ND","ND","ND","ND","ND","ND","ND","ND","ND","ND","ND","ND","ND","ND","ND","ND","ND","ND","537","1","47","489","ND","ND","ND","ND","ND","ND","ND","ND","ND","ND","ND","ND","ND","ND","ND","ND","ND","ND","ND","ND","ND","ND","ND","ND","ND","ND","ND","ND","ND","ND","ND","ND","279","2","31","246","ND","ND","ND","ND","ND","ND","ND","ND","ND","ND","ND","ND","ND","ND","ND","ND","ND","ND","ND","ND","ND","ND","ND","ND","ND","ND","ND","ND","ND","ND","ND","ND",
"Casos_de_tuberculosis",	26,"Sonora","2008","727","12","59","656","ND","ND","ND","ND","ND","ND","ND","ND","ND","ND","ND","ND","ND","ND","ND","ND","ND","ND","ND","ND","ND","ND","ND","ND","ND","ND","ND","ND","ND","ND","ND","ND","527","10","39","478","ND","ND","ND","ND","ND","ND","ND","ND","ND","ND","ND","ND","ND","ND","ND","ND","ND","ND","ND","ND","ND","ND","ND","ND","ND","ND","ND","ND","ND","ND","ND","ND","200","2","20","178","ND","ND","ND","ND","ND","ND","ND","ND","ND","ND","ND","ND","ND","ND","ND","ND","ND","ND","ND","ND","ND","ND","ND","ND","ND","ND","ND","ND","ND","ND","ND","ND",
"Casos_de_tuberculosis",	27,"Tabasco","2008","498","4","55","439","ND","ND","ND","ND","ND","ND","ND","ND","ND","ND","ND","ND","ND","ND","ND","ND","ND","ND","ND","ND","ND","ND","ND","ND","ND","ND","ND","ND","ND","ND","ND","ND","340","3","38","299","ND","ND","ND","ND","ND","ND","ND","ND","ND","ND","ND","ND","ND","ND","ND","ND","ND","ND","ND","ND","ND","ND","ND","ND","ND","ND","ND","ND","ND","ND","ND","ND","158","1","17","140","ND","ND","ND","ND","ND","ND","ND","ND","ND","ND","ND","ND","ND","ND","ND","ND","ND","ND","ND","ND","ND","ND","ND","ND","ND","ND","ND","ND","ND","ND","ND","ND",
"Casos_de_tuberculosis",	28,"Tamaulipas","2008","1,108","7","96","1,005","ND","ND","ND","ND","ND","ND","ND","ND","ND","ND","ND","ND","ND","ND","ND","ND","ND","ND","ND","ND","ND","ND","ND","ND","ND","ND","ND","ND","ND","ND","ND","ND","733","6","65","662","ND","ND","ND","ND","ND","ND","ND","ND","ND","ND","ND","ND","ND","ND","ND","ND","ND","ND","ND","ND","ND","ND","ND","ND","ND","ND","ND","ND","ND","ND","ND","ND","375","1","31","343","ND","ND","ND","ND","ND","ND","ND","ND","ND","ND","ND","ND","ND","ND","ND","ND","ND","ND","ND","ND","ND","ND","ND","ND","ND","ND","ND","ND","ND","ND","ND","ND",
"Casos_de_tuberculosis",	29,"Tlaxcala","2008","50","0","8","42","ND","ND","ND","ND","ND","ND","ND","ND","ND","ND","ND","ND","ND","ND","ND","ND","ND","ND","ND","ND","ND","ND","ND","ND","ND","ND","ND","ND","ND","ND","ND","ND","29","0","6","23","ND","ND","ND","ND","ND","ND","ND","ND","ND","ND","ND","ND","ND","ND","ND","ND","ND","ND","ND","ND","ND","ND","ND","ND","ND","ND","ND","ND","ND","ND","ND","ND","21","0","2","19","ND","ND","ND","ND","ND","ND","ND","ND","ND","ND","ND","ND","ND","ND","ND","ND","ND","ND","ND","ND","ND","ND","ND","ND","ND","ND","ND","ND","ND","ND","ND","ND",
"Casos_de_tuberculosis",	30,"Veracruz_de_Ignacio_de_la_Llave","2008","1,945","37","210","1,698","ND","ND","ND","ND","ND","ND","ND","ND","ND","ND","ND","ND","ND","ND","ND","ND","ND","ND","ND","ND","ND","ND","ND","ND","ND","ND","ND","ND","ND","ND","ND","ND","1,180","30","132","1,018","ND","ND","ND","ND","ND","ND","ND","ND","ND","ND","ND","ND","ND","ND","ND","ND","ND","ND","ND","ND","ND","ND","ND","ND","ND","ND","ND","ND","ND","ND","ND","ND","765","7","78","680","ND","ND","ND","ND","ND","ND","ND","ND","ND","ND","ND","ND","ND","ND","ND","ND","ND","ND","ND","ND","ND","ND","ND","ND","ND","ND","ND","ND","ND","ND","ND","ND",
"Casos_de_tuberculosis",	31,"Yucatán","2008","223","3","34","186","ND","ND","ND","ND","ND","ND","ND","ND","ND","ND","ND","ND","ND","ND","ND","ND","ND","ND","ND","ND","ND","ND","ND","ND","ND","ND","ND","ND","ND","ND","ND","ND","125","2","20","103","ND","ND","ND","ND","ND","ND","ND","ND","ND","ND","ND","ND","ND","ND","ND","ND","ND","ND","ND","ND","ND","ND","ND","ND","ND","ND","ND","ND","ND","ND","ND","ND","98","1","14","83","ND","ND","ND","ND","ND","ND","ND","ND","ND","ND","ND","ND","ND","ND","ND","ND","ND","ND","ND","ND","ND","ND","ND","ND","ND","ND","ND","ND","ND","ND","ND","ND",
"Casos_de_tuberculosis",	32,"Zacatecas","2008","120","2","42","76","ND","ND","ND","ND","ND","ND","ND","ND","ND","ND","ND","ND","ND","ND","ND","ND","ND","ND","ND","ND","ND","ND","ND","ND","ND","ND","ND","ND","ND","ND","ND","ND","65","2","18","45","ND","ND","ND","ND","ND","ND","ND","ND","ND","ND","ND","ND","ND","ND","ND","ND","ND","ND","ND","ND","ND","ND","ND","ND","ND","ND","ND","ND","ND","ND","ND","ND","55","0","24","31","ND","ND","ND","ND","ND","ND","ND","ND","ND","ND","ND","ND","ND","ND","ND","ND","ND","ND","ND","ND","ND","ND","ND","ND","ND","ND","ND","ND","ND","ND","ND","ND",
"Casos_de_tuberculosis",	00,"Estados_Unidos_Mexicanos","2007","17,329","217","2,562","14,550","124","0","25","99","219","7","102","110","582","10","238","334","2,514","41","400","2,073","6,065","90","960","5,015","5,066","59","578","4,429","2,759","10","259","2,490","ND","ND","ND","ND","10,380","144","1,301","8,935","81","0","16","65","125","6","62","57","270","4","110","156","1,456","27","198","1,231","3,776","60","496","3,220","3,026","39","289","2,698","1,646","8","130","1,508","ND","ND","ND","ND","6,949","73","1,261","5,615","43","0","9","34","94","1","40","53","312","6","128","178","1,058","14","202","842","2,289","30","464","1,795","2,040","20","289","1,731","1,113","2","129","982","ND","ND","ND","ND",
"Casos_de_tuberculosis",	01,"Aguascalientes","2007","82","0","38","44","ND","ND","ND","ND","ND","ND","ND","ND","ND","ND","ND","ND","ND","ND","ND","ND","ND","ND","ND","ND","ND","ND","ND","ND","ND","ND","ND","ND","ND","ND","ND","ND","34","0","11","23","ND","ND","ND","ND","ND","ND","ND","ND","ND","ND","ND","ND","ND","ND","ND","ND","ND","ND","ND","ND","ND","ND","ND","ND","ND","ND","ND","ND","ND","ND","ND","ND","48","0","27","21","ND","ND","ND","ND","ND","ND","ND","ND","ND","ND","ND","ND","ND","ND","ND","ND","ND","ND","ND","ND","ND","ND","ND","ND","ND","ND","ND","ND","ND","ND","ND","ND",
"Casos_de_tuberculosis",	02,"Baja_California","2007","1,364","21","196","1,147","ND","ND","ND","ND","ND","ND","ND","ND","ND","ND","ND","ND","ND","ND","ND","ND","ND","ND","ND","ND","ND","ND","ND","ND","ND","ND","ND","ND","ND","ND","ND","ND","914","13","112","789","ND","ND","ND","ND","ND","ND","ND","ND","ND","ND","ND","ND","ND","ND","ND","ND","ND","ND","ND","ND","ND","ND","ND","ND","ND","ND","ND","ND","ND","ND","ND","ND","450","8","84","358","ND","ND","ND","ND","ND","ND","ND","ND","ND","ND","ND","ND","ND","ND","ND","ND","ND","ND","ND","ND","ND","ND","ND","ND","ND","ND","ND","ND","ND","ND","ND","ND",
"Casos_de_tuberculosis",	03,"Baja_California_Sur","2007","168","4","22","142","ND","ND","ND","ND","ND","ND","ND","ND","ND","ND","ND","ND","ND","ND","ND","ND","ND","ND","ND","ND","ND","ND","ND","ND","ND","ND","ND","ND","ND","ND","ND","ND","116","4","17","95","ND","ND","ND","ND","ND","ND","ND","ND","ND","ND","ND","ND","ND","ND","ND","ND","ND","ND","ND","ND","ND","ND","ND","ND","ND","ND","ND","ND","ND","ND","ND","ND","52","0","5","47","ND","ND","ND","ND","ND","ND","ND","ND","ND","ND","ND","ND","ND","ND","ND","ND","ND","ND","ND","ND","ND","ND","ND","ND","ND","ND","ND","ND","ND","ND","ND","ND",
"Casos_de_tuberculosis",	04,"Campeche","2007","134","0","10","124","ND","ND","ND","ND","ND","ND","ND","ND","ND","ND","ND","ND","ND","ND","ND","ND","ND","ND","ND","ND","ND","ND","ND","ND","ND","ND","ND","ND","ND","ND","ND","ND","78","0","6","72","ND","ND","ND","ND","ND","ND","ND","ND","ND","ND","ND","ND","ND","ND","ND","ND","ND","ND","ND","ND","ND","ND","ND","ND","ND","ND","ND","ND","ND","ND","ND","ND","56","0","4","52","ND","ND","ND","ND","ND","ND","ND","ND","ND","ND","ND","ND","ND","ND","ND","ND","ND","ND","ND","ND","ND","ND","ND","ND","ND","ND","ND","ND","ND","ND","ND","ND",
"Casos_de_tuberculosis",	05,"Coahuila_de_Zaragoza","2007","492","4","58","430","ND","ND","ND","ND","ND","ND","ND","ND","ND","ND","ND","ND","ND","ND","ND","ND","ND","ND","ND","ND","ND","ND","ND","ND","ND","ND","ND","ND","ND","ND","ND","ND","279","1","32","246","ND","ND","ND","ND","ND","ND","ND","ND","ND","ND","ND","ND","ND","ND","ND","ND","ND","ND","ND","ND","ND","ND","ND","ND","ND","ND","ND","ND","ND","ND","ND","ND","213","3","26","184","ND","ND","ND","ND","ND","ND","ND","ND","ND","ND","ND","ND","ND","ND","ND","ND","ND","ND","ND","ND","ND","ND","ND","ND","ND","ND","ND","ND","ND","ND","ND","ND",
"Casos_de_tuberculosis",	06,"Colima","2007","138","0","19","119","ND","ND","ND","ND","ND","ND","ND","ND","ND","ND","ND","ND","ND","ND","ND","ND","ND","ND","ND","ND","ND","ND","ND","ND","ND","ND","ND","ND","ND","ND","ND","ND","88","0","14","74","ND","ND","ND","ND","ND","ND","ND","ND","ND","ND","ND","ND","ND","ND","ND","ND","ND","ND","ND","ND","ND","ND","ND","ND","ND","ND","ND","ND","ND","ND","ND","ND","50","0","5","45","ND","ND","ND","ND","ND","ND","ND","ND","ND","ND","ND","ND","ND","ND","ND","ND","ND","ND","ND","ND","ND","ND","ND","ND","ND","ND","ND","ND","ND","ND","ND","ND",
"Casos_de_tuberculosis",	07,"Chiapas","2007","1,080","4","83","993","ND","ND","ND","ND","ND","ND","ND","ND","ND","ND","ND","ND","ND","ND","ND","ND","ND","ND","ND","ND","ND","ND","ND","ND","ND","ND","ND","ND","ND","ND","ND","ND","609","2","41","566","ND","ND","ND","ND","ND","ND","ND","ND","ND","ND","ND","ND","ND","ND","ND","ND","ND","ND","ND","ND","ND","ND","ND","ND","ND","ND","ND","ND","ND","ND","ND","ND","471","2","42","427","ND","ND","ND","ND","ND","ND","ND","ND","ND","ND","ND","ND","ND","ND","ND","ND","ND","ND","ND","ND","ND","ND","ND","ND","ND","ND","ND","ND","ND","ND","ND","ND",
"Casos_de_tuberculosis",	08,"Chihuahua","2007","713","8","93","612","ND","ND","ND","ND","ND","ND","ND","ND","ND","ND","ND","ND","ND","ND","ND","ND","ND","ND","ND","ND","ND","ND","ND","ND","ND","ND","ND","ND","ND","ND","ND","ND","408","6","42","360","ND","ND","ND","ND","ND","ND","ND","ND","ND","ND","ND","ND","ND","ND","ND","ND","ND","ND","ND","ND","ND","ND","ND","ND","ND","ND","ND","ND","ND","ND","ND","ND","305","2","51","252","ND","ND","ND","ND","ND","ND","ND","ND","ND","ND","ND","ND","ND","ND","ND","ND","ND","ND","ND","ND","ND","ND","ND","ND","ND","ND","ND","ND","ND","ND","ND","ND",
"Casos_de_tuberculosis",	09,"Ciudad_de_México","2007","708","35","208","465","ND","ND","ND","ND","ND","ND","ND","ND","ND","ND","ND","ND","ND","ND","ND","ND","ND","ND","ND","ND","ND","ND","ND","ND","ND","ND","ND","ND","ND","ND","ND","ND","397","24","97","276","ND","ND","ND","ND","ND","ND","ND","ND","ND","ND","ND","ND","ND","ND","ND","ND","ND","ND","ND","ND","ND","ND","ND","ND","ND","ND","ND","ND","ND","ND","ND","ND","311","11","111","189","ND","ND","ND","ND","ND","ND","ND","ND","ND","ND","ND","ND","ND","ND","ND","ND","ND","ND","ND","ND","ND","ND","ND","ND","ND","ND","ND","ND","ND","ND","ND","ND",
"Casos_de_tuberculosis",	10,"Durango","2007","217","7","32","178","ND","ND","ND","ND","ND","ND","ND","ND","ND","ND","ND","ND","ND","ND","ND","ND","ND","ND","ND","ND","ND","ND","ND","ND","ND","ND","ND","ND","ND","ND","ND","ND","131","2","20","109","ND","ND","ND","ND","ND","ND","ND","ND","ND","ND","ND","ND","ND","ND","ND","ND","ND","ND","ND","ND","ND","ND","ND","ND","ND","ND","ND","ND","ND","ND","ND","ND","86","5","12","69","ND","ND","ND","ND","ND","ND","ND","ND","ND","ND","ND","ND","ND","ND","ND","ND","ND","ND","ND","ND","ND","ND","ND","ND","ND","ND","ND","ND","ND","ND","ND","ND",
"Casos_de_tuberculosis",	11,"Guanajuato","2007","311","6","74","231","ND","ND","ND","ND","ND","ND","ND","ND","ND","ND","ND","ND","ND","ND","ND","ND","ND","ND","ND","ND","ND","ND","ND","ND","ND","ND","ND","ND","ND","ND","ND","ND","172","3","32","137","ND","ND","ND","ND","ND","ND","ND","ND","ND","ND","ND","ND","ND","ND","ND","ND","ND","ND","ND","ND","ND","ND","ND","ND","ND","ND","ND","ND","ND","ND","ND","ND","139","3","42","94","ND","ND","ND","ND","ND","ND","ND","ND","ND","ND","ND","ND","ND","ND","ND","ND","ND","ND","ND","ND","ND","ND","ND","ND","ND","ND","ND","ND","ND","ND","ND","ND",
"Casos_de_tuberculosis",	12,"Guerrero","2007","1,006","8","88","910","ND","ND","ND","ND","ND","ND","ND","ND","ND","ND","ND","ND","ND","ND","ND","ND","ND","ND","ND","ND","ND","ND","ND","ND","ND","ND","ND","ND","ND","ND","ND","ND","604","6","39","559","ND","ND","ND","ND","ND","ND","ND","ND","ND","ND","ND","ND","ND","ND","ND","ND","ND","ND","ND","ND","ND","ND","ND","ND","ND","ND","ND","ND","ND","ND","ND","ND","402","2","49","351","ND","ND","ND","ND","ND","ND","ND","ND","ND","ND","ND","ND","ND","ND","ND","ND","ND","ND","ND","ND","ND","ND","ND","ND","ND","ND","ND","ND","ND","ND","ND","ND",
"Casos_de_tuberculosis",	13,"Hidalgo","2007","255","4","31","220","ND","ND","ND","ND","ND","ND","ND","ND","ND","ND","ND","ND","ND","ND","ND","ND","ND","ND","ND","ND","ND","ND","ND","ND","ND","ND","ND","ND","ND","ND","ND","ND","148","3","17","128","ND","ND","ND","ND","ND","ND","ND","ND","ND","ND","ND","ND","ND","ND","ND","ND","ND","ND","ND","ND","ND","ND","ND","ND","ND","ND","ND","ND","ND","ND","ND","ND","107","1","14","92","ND","ND","ND","ND","ND","ND","ND","ND","ND","ND","ND","ND","ND","ND","ND","ND","ND","ND","ND","ND","ND","ND","ND","ND","ND","ND","ND","ND","ND","ND","ND","ND",
"Casos_de_tuberculosis",	14,"Jalisco","2007","1,019","9","265","745","ND","ND","ND","ND","ND","ND","ND","ND","ND","ND","ND","ND","ND","ND","ND","ND","ND","ND","ND","ND","ND","ND","ND","ND","ND","ND","ND","ND","ND","ND","ND","ND","562","7","118","437","ND","ND","ND","ND","ND","ND","ND","ND","ND","ND","ND","ND","ND","ND","ND","ND","ND","ND","ND","ND","ND","ND","ND","ND","ND","ND","ND","ND","ND","ND","ND","ND","457","2","147","308","ND","ND","ND","ND","ND","ND","ND","ND","ND","ND","ND","ND","ND","ND","ND","ND","ND","ND","ND","ND","ND","ND","ND","ND","ND","ND","ND","ND","ND","ND","ND","ND",
"Casos_de_tuberculosis",	15,"México","2007","624","23","172","429","ND","ND","ND","ND","ND","ND","ND","ND","ND","ND","ND","ND","ND","ND","ND","ND","ND","ND","ND","ND","ND","ND","ND","ND","ND","ND","ND","ND","ND","ND","ND","ND","325","12","85","228","ND","ND","ND","ND","ND","ND","ND","ND","ND","ND","ND","ND","ND","ND","ND","ND","ND","ND","ND","ND","ND","ND","ND","ND","ND","ND","ND","ND","ND","ND","ND","ND","299","11","87","201","ND","ND","ND","ND","ND","ND","ND","ND","ND","ND","ND","ND","ND","ND","ND","ND","ND","ND","ND","ND","ND","ND","ND","ND","ND","ND","ND","ND","ND","ND","ND","ND",
"Casos_de_tuberculosis",	16,"Michoacán_de_Ocampo","2007","401","5","63","333","ND","ND","ND","ND","ND","ND","ND","ND","ND","ND","ND","ND","ND","ND","ND","ND","ND","ND","ND","ND","ND","ND","ND","ND","ND","ND","ND","ND","ND","ND","ND","ND","227","4","28","195","ND","ND","ND","ND","ND","ND","ND","ND","ND","ND","ND","ND","ND","ND","ND","ND","ND","ND","ND","ND","ND","ND","ND","ND","ND","ND","ND","ND","ND","ND","ND","ND","174","1","35","138","ND","ND","ND","ND","ND","ND","ND","ND","ND","ND","ND","ND","ND","ND","ND","ND","ND","ND","ND","ND","ND","ND","ND","ND","ND","ND","ND","ND","ND","ND","ND","ND",
"Casos_de_tuberculosis",	17,"Morelos","2007","223","2","65","156","ND","ND","ND","ND","ND","ND","ND","ND","ND","ND","ND","ND","ND","ND","ND","ND","ND","ND","ND","ND","ND","ND","ND","ND","ND","ND","ND","ND","ND","ND","ND","ND","102","1","35","66","ND","ND","ND","ND","ND","ND","ND","ND","ND","ND","ND","ND","ND","ND","ND","ND","ND","ND","ND","ND","ND","ND","ND","ND","ND","ND","ND","ND","ND","ND","ND","ND","121","1","30","90","ND","ND","ND","ND","ND","ND","ND","ND","ND","ND","ND","ND","ND","ND","ND","ND","ND","ND","ND","ND","ND","ND","ND","ND","ND","ND","ND","ND","ND","ND","ND","ND",
"Casos_de_tuberculosis",	18,"Nayarit","2007","293","1","30","262","ND","ND","ND","ND","ND","ND","ND","ND","ND","ND","ND","ND","ND","ND","ND","ND","ND","ND","ND","ND","ND","ND","ND","ND","ND","ND","ND","ND","ND","ND","ND","ND","180","1","18","161","ND","ND","ND","ND","ND","ND","ND","ND","ND","ND","ND","ND","ND","ND","ND","ND","ND","ND","ND","ND","ND","ND","ND","ND","ND","ND","ND","ND","ND","ND","ND","ND","113","0","12","101","ND","ND","ND","ND","ND","ND","ND","ND","ND","ND","ND","ND","ND","ND","ND","ND","ND","ND","ND","ND","ND","ND","ND","ND","ND","ND","ND","ND","ND","ND","ND","ND",
"Casos_de_tuberculosis",	19,"Nuevo_León","2007","939","10","146","783","ND","ND","ND","ND","ND","ND","ND","ND","ND","ND","ND","ND","ND","ND","ND","ND","ND","ND","ND","ND","ND","ND","ND","ND","ND","ND","ND","ND","ND","ND","ND","ND","603","7","86","510","ND","ND","ND","ND","ND","ND","ND","ND","ND","ND","ND","ND","ND","ND","ND","ND","ND","ND","ND","ND","ND","ND","ND","ND","ND","ND","ND","ND","ND","ND","ND","ND","336","3","60","273","ND","ND","ND","ND","ND","ND","ND","ND","ND","ND","ND","ND","ND","ND","ND","ND","ND","ND","ND","ND","ND","ND","ND","ND","ND","ND","ND","ND","ND","ND","ND","ND",
"Casos_de_tuberculosis",	20,"Oaxaca","2007","753","6","93","654","ND","ND","ND","ND","ND","ND","ND","ND","ND","ND","ND","ND","ND","ND","ND","ND","ND","ND","ND","ND","ND","ND","ND","ND","ND","ND","ND","ND","ND","ND","ND","ND","442","4","51","387","ND","ND","ND","ND","ND","ND","ND","ND","ND","ND","ND","ND","ND","ND","ND","ND","ND","ND","ND","ND","ND","ND","ND","ND","ND","ND","ND","ND","ND","ND","ND","ND","311","2","42","267","ND","ND","ND","ND","ND","ND","ND","ND","ND","ND","ND","ND","ND","ND","ND","ND","ND","ND","ND","ND","ND","ND","ND","ND","ND","ND","ND","ND","ND","ND","ND","ND",
"Casos_de_tuberculosis",	21,"Puebla","2007","501","3","83","415","ND","ND","ND","ND","ND","ND","ND","ND","ND","ND","ND","ND","ND","ND","ND","ND","ND","ND","ND","ND","ND","ND","ND","ND","ND","ND","ND","ND","ND","ND","ND","ND","255","2","31","222","ND","ND","ND","ND","ND","ND","ND","ND","ND","ND","ND","ND","ND","ND","ND","ND","ND","ND","ND","ND","ND","ND","ND","ND","ND","ND","ND","ND","ND","ND","ND","ND","246","1","52","193","ND","ND","ND","ND","ND","ND","ND","ND","ND","ND","ND","ND","ND","ND","ND","ND","ND","ND","ND","ND","ND","ND","ND","ND","ND","ND","ND","ND","ND","ND","ND","ND",
"Casos_de_tuberculosis",	22,"Querétaro","2007","194","10","82","102","ND","ND","ND","ND","ND","ND","ND","ND","ND","ND","ND","ND","ND","ND","ND","ND","ND","ND","ND","ND","ND","ND","ND","ND","ND","ND","ND","ND","ND","ND","ND","ND","92","9","32","51","ND","ND","ND","ND","ND","ND","ND","ND","ND","ND","ND","ND","ND","ND","ND","ND","ND","ND","ND","ND","ND","ND","ND","ND","ND","ND","ND","ND","ND","ND","ND","ND","102","1","50","51","ND","ND","ND","ND","ND","ND","ND","ND","ND","ND","ND","ND","ND","ND","ND","ND","ND","ND","ND","ND","ND","ND","ND","ND","ND","ND","ND","ND","ND","ND","ND","ND",
"Casos_de_tuberculosis",	23,"Quintana_Roo","2007","141","0","11","130","ND","ND","ND","ND","ND","ND","ND","ND","ND","ND","ND","ND","ND","ND","ND","ND","ND","ND","ND","ND","ND","ND","ND","ND","ND","ND","ND","ND","ND","ND","ND","ND","90","0","8","82","ND","ND","ND","ND","ND","ND","ND","ND","ND","ND","ND","ND","ND","ND","ND","ND","ND","ND","ND","ND","ND","ND","ND","ND","ND","ND","ND","ND","ND","ND","ND","ND","51","0","3","48","ND","ND","ND","ND","ND","ND","ND","ND","ND","ND","ND","ND","ND","ND","ND","ND","ND","ND","ND","ND","ND","ND","ND","ND","ND","ND","ND","ND","ND","ND","ND","ND",
"Casos_de_tuberculosis",	24,"San_Luis_Potosí","2007","344","2","53","289","ND","ND","ND","ND","ND","ND","ND","ND","ND","ND","ND","ND","ND","ND","ND","ND","ND","ND","ND","ND","ND","ND","ND","ND","ND","ND","ND","ND","ND","ND","ND","ND","188","2","23","163","ND","ND","ND","ND","ND","ND","ND","ND","ND","ND","ND","ND","ND","ND","ND","ND","ND","ND","ND","ND","ND","ND","ND","ND","ND","ND","ND","ND","ND","ND","ND","ND","156","0","30","126","ND","ND","ND","ND","ND","ND","ND","ND","ND","ND","ND","ND","ND","ND","ND","ND","ND","ND","ND","ND","ND","ND","ND","ND","ND","ND","ND","ND","ND","ND","ND","ND",
"Casos_de_tuberculosis",	25,"Sinaloa","2007","786","4","70","712","ND","ND","ND","ND","ND","ND","ND","ND","ND","ND","ND","ND","ND","ND","ND","ND","ND","ND","ND","ND","ND","ND","ND","ND","ND","ND","ND","ND","ND","ND","ND","ND","510","2","31","477","ND","ND","ND","ND","ND","ND","ND","ND","ND","ND","ND","ND","ND","ND","ND","ND","ND","ND","ND","ND","ND","ND","ND","ND","ND","ND","ND","ND","ND","ND","ND","ND","276","2","39","235","ND","ND","ND","ND","ND","ND","ND","ND","ND","ND","ND","ND","ND","ND","ND","ND","ND","ND","ND","ND","ND","ND","ND","ND","ND","ND","ND","ND","ND","ND","ND","ND",
"Casos_de_tuberculosis",	26,"Sonora","2007","719","9","66","644","ND","ND","ND","ND","ND","ND","ND","ND","ND","ND","ND","ND","ND","ND","ND","ND","ND","ND","ND","ND","ND","ND","ND","ND","ND","ND","ND","ND","ND","ND","ND","ND","538","6","48","484","ND","ND","ND","ND","ND","ND","ND","ND","ND","ND","ND","ND","ND","ND","ND","ND","ND","ND","ND","ND","ND","ND","ND","ND","ND","ND","ND","ND","ND","ND","ND","ND","181","3","18","160","ND","ND","ND","ND","ND","ND","ND","ND","ND","ND","ND","ND","ND","ND","ND","ND","ND","ND","ND","ND","ND","ND","ND","ND","ND","ND","ND","ND","ND","ND","ND","ND",
"Casos_de_tuberculosis",	27,"Tabasco","2007","443","3","35","405","ND","ND","ND","ND","ND","ND","ND","ND","ND","ND","ND","ND","ND","ND","ND","ND","ND","ND","ND","ND","ND","ND","ND","ND","ND","ND","ND","ND","ND","ND","ND","ND","286","3","24","259","ND","ND","ND","ND","ND","ND","ND","ND","ND","ND","ND","ND","ND","ND","ND","ND","ND","ND","ND","ND","ND","ND","ND","ND","ND","ND","ND","ND","ND","ND","ND","ND","157","0","11","146","ND","ND","ND","ND","ND","ND","ND","ND","ND","ND","ND","ND","ND","ND","ND","ND","ND","ND","ND","ND","ND","ND","ND","ND","ND","ND","ND","ND","ND","ND","ND","ND",
"Casos_de_tuberculosis",	28,"Tamaulipas","2007","1,090","5","74","1,011","ND","ND","ND","ND","ND","ND","ND","ND","ND","ND","ND","ND","ND","ND","ND","ND","ND","ND","ND","ND","ND","ND","ND","ND","ND","ND","ND","ND","ND","ND","ND","ND","704","4","41","659","ND","ND","ND","ND","ND","ND","ND","ND","ND","ND","ND","ND","ND","ND","ND","ND","ND","ND","ND","ND","ND","ND","ND","ND","ND","ND","ND","ND","ND","ND","ND","ND","386","1","33","352","ND","ND","ND","ND","ND","ND","ND","ND","ND","ND","ND","ND","ND","ND","ND","ND","ND","ND","ND","ND","ND","ND","ND","ND","ND","ND","ND","ND","ND","ND","ND","ND",
"Casos_de_tuberculosis",	29,"Tlaxcala","2007","33","0","7","26","ND","ND","ND","ND","ND","ND","ND","ND","ND","ND","ND","ND","ND","ND","ND","ND","ND","ND","ND","ND","ND","ND","ND","ND","ND","ND","ND","ND","ND","ND","ND","ND","17","0","4","13","ND","ND","ND","ND","ND","ND","ND","ND","ND","ND","ND","ND","ND","ND","ND","ND","ND","ND","ND","ND","ND","ND","ND","ND","ND","ND","ND","ND","ND","ND","ND","ND","16","0","3","13","ND","ND","ND","ND","ND","ND","ND","ND","ND","ND","ND","ND","ND","ND","ND","ND","ND","ND","ND","ND","ND","ND","ND","ND","ND","ND","ND","ND","ND","ND","ND","ND",
"Casos_de_tuberculosis",	30,"Veracruz_de_Ignacio_de_la_Llave","2007","1,869","23","225","1,621","ND","ND","ND","ND","ND","ND","ND","ND","ND","ND","ND","ND","ND","ND","ND","ND","ND","ND","ND","ND","ND","ND","ND","ND","ND","ND","ND","ND","ND","ND","ND","ND","1,126","15","127","984","ND","ND","ND","ND","ND","ND","ND","ND","ND","ND","ND","ND","ND","ND","ND","ND","ND","ND","ND","ND","ND","ND","ND","ND","ND","ND","ND","ND","ND","ND","ND","ND","743","8","98","637","ND","ND","ND","ND","ND","ND","ND","ND","ND","ND","ND","ND","ND","ND","ND","ND","ND","ND","ND","ND","ND","ND","ND","ND","ND","ND","ND","ND","ND","ND","ND","ND",
"Casos_de_tuberculosis",	31,"Yucatán","2007","185","0","27","158","ND","ND","ND","ND","ND","ND","ND","ND","ND","ND","ND","ND","ND","ND","ND","ND","ND","ND","ND","ND","ND","ND","ND","ND","ND","ND","ND","ND","ND","ND","ND","ND","103","0","12","91","ND","ND","ND","ND","ND","ND","ND","ND","ND","ND","ND","ND","ND","ND","ND","ND","ND","ND","ND","ND","ND","ND","ND","ND","ND","ND","ND","ND","ND","ND","ND","ND","82","0","15","67","ND","ND","ND","ND","ND","ND","ND","ND","ND","ND","ND","ND","ND","ND","ND","ND","ND","ND","ND","ND","ND","ND","ND","ND","ND","ND","ND","ND","ND","ND","ND","ND",
"Casos_de_tuberculosis",	32,"Zacatecas","2007","104","1","43","60","ND","ND","ND","ND","ND","ND","ND","ND","ND","ND","ND","ND","ND","ND","ND","ND","ND","ND","ND","ND","ND","ND","ND","ND","ND","ND","ND","ND","ND","ND","ND","ND","52","1","19","32","ND","ND","ND","ND","ND","ND","ND","ND","ND","ND","ND","ND","ND","ND","ND","ND","ND","ND","ND","ND","ND","ND","ND","ND","ND","ND","ND","ND","ND","ND","ND","ND","52","0","24","28","ND","ND","ND","ND","ND","ND","ND","ND","ND","ND","ND","ND","ND","ND","ND","ND","ND","ND","ND","ND","ND","ND","ND","ND","ND","ND","ND","ND","ND","ND","ND","ND",
"Casos_de_tuberculosis",	00,"Estados_Unidos_Mexicanos","2006","16,404","198","2,393","13,813","150","0","32","118","225","9","116","100","529","6","237","286","2,335","34","358","1,943","5,683","93","847","4,743","4,896","40","552","4,304","2,586","16","251","2,319","ND","ND","ND","ND","9,703","126","1,142","8,435","86","0","14","72","123","5","65","53","232","3","110","119","1,303","12","150","1,141","3,571","71","444","3,056","2,860","24","239","2,597","1,528","11","120","1,397","ND","ND","ND","ND","6,701","72","1,251","5,378","64","0","18","46","102","4","51","47","297","3","127","167","1,032","22","208","802","2,112","22","403","1,687","2,036","16","313","1,707","1,058","5","131","922","ND","ND","ND","ND",
"Casos_de_tuberculosis",	01,"Aguascalientes","2006","110","2","44","64","ND","ND","ND","ND","ND","ND","ND","ND","ND","ND","ND","ND","ND","ND","ND","ND","ND","ND","ND","ND","ND","ND","ND","ND","ND","ND","ND","ND","ND","ND","ND","ND","50","2","12","36","ND","ND","ND","ND","ND","ND","ND","ND","ND","ND","ND","ND","ND","ND","ND","ND","ND","ND","ND","ND","ND","ND","ND","ND","ND","ND","ND","ND","ND","ND","ND","ND","60","0","32","28","ND","ND","ND","ND","ND","ND","ND","ND","ND","ND","ND","ND","ND","ND","ND","ND","ND","ND","ND","ND","ND","ND","ND","ND","ND","ND","ND","ND","ND","ND","ND","ND",
"Casos_de_tuberculosis",	02,"Baja_California","2006","1,442","21","263","1,158","ND","ND","ND","ND","ND","ND","ND","ND","ND","ND","ND","ND","ND","ND","ND","ND","ND","ND","ND","ND","ND","ND","ND","ND","ND","ND","ND","ND","ND","ND","ND","ND","936","15","133","788","ND","ND","ND","ND","ND","ND","ND","ND","ND","ND","ND","ND","ND","ND","ND","ND","ND","ND","ND","ND","ND","ND","ND","ND","ND","ND","ND","ND","ND","ND","ND","ND","506","6","130","370","ND","ND","ND","ND","ND","ND","ND","ND","ND","ND","ND","ND","ND","ND","ND","ND","ND","ND","ND","ND","ND","ND","ND","ND","ND","ND","ND","ND","ND","ND","ND","ND",
"Casos_de_tuberculosis",	03,"Baja_California_Sur","2006","141","3","7","131","ND","ND","ND","ND","ND","ND","ND","ND","ND","ND","ND","ND","ND","ND","ND","ND","ND","ND","ND","ND","ND","ND","ND","ND","ND","ND","ND","ND","ND","ND","ND","ND","98","3","5","90","ND","ND","ND","ND","ND","ND","ND","ND","ND","ND","ND","ND","ND","ND","ND","ND","ND","ND","ND","ND","ND","ND","ND","ND","ND","ND","ND","ND","ND","ND","ND","ND","43","0","2","41","ND","ND","ND","ND","ND","ND","ND","ND","ND","ND","ND","ND","ND","ND","ND","ND","ND","ND","ND","ND","ND","ND","ND","ND","ND","ND","ND","ND","ND","ND","ND","ND",
"Casos_de_tuberculosis",	04,"Campeche","2006","114","1","11","102","ND","ND","ND","ND","ND","ND","ND","ND","ND","ND","ND","ND","ND","ND","ND","ND","ND","ND","ND","ND","ND","ND","ND","ND","ND","ND","ND","ND","ND","ND","ND","ND","69","1","6","62","ND","ND","ND","ND","ND","ND","ND","ND","ND","ND","ND","ND","ND","ND","ND","ND","ND","ND","ND","ND","ND","ND","ND","ND","ND","ND","ND","ND","ND","ND","ND","ND","45","0","5","40","ND","ND","ND","ND","ND","ND","ND","ND","ND","ND","ND","ND","ND","ND","ND","ND","ND","ND","ND","ND","ND","ND","ND","ND","ND","ND","ND","ND","ND","ND","ND","ND",
"Casos_de_tuberculosis",	05,"Coahuila_de_Zaragoza","2006","462","4","50","408","ND","ND","ND","ND","ND","ND","ND","ND","ND","ND","ND","ND","ND","ND","ND","ND","ND","ND","ND","ND","ND","ND","ND","ND","ND","ND","ND","ND","ND","ND","ND","ND","272","1","22","249","ND","ND","ND","ND","ND","ND","ND","ND","ND","ND","ND","ND","ND","ND","ND","ND","ND","ND","ND","ND","ND","ND","ND","ND","ND","ND","ND","ND","ND","ND","ND","ND","190","3","28","159","ND","ND","ND","ND","ND","ND","ND","ND","ND","ND","ND","ND","ND","ND","ND","ND","ND","ND","ND","ND","ND","ND","ND","ND","ND","ND","ND","ND","ND","ND","ND","ND",
"Casos_de_tuberculosis",	06,"Colima","2006","145","1","14","130","ND","ND","ND","ND","ND","ND","ND","ND","ND","ND","ND","ND","ND","ND","ND","ND","ND","ND","ND","ND","ND","ND","ND","ND","ND","ND","ND","ND","ND","ND","ND","ND","88","0","9","79","ND","ND","ND","ND","ND","ND","ND","ND","ND","ND","ND","ND","ND","ND","ND","ND","ND","ND","ND","ND","ND","ND","ND","ND","ND","ND","ND","ND","ND","ND","ND","ND","57","1","5","51","ND","ND","ND","ND","ND","ND","ND","ND","ND","ND","ND","ND","ND","ND","ND","ND","ND","ND","ND","ND","ND","ND","ND","ND","ND","ND","ND","ND","ND","ND","ND","ND",
"Casos_de_tuberculosis",	07,"Chiapas","2006","776","3","52","721","ND","ND","ND","ND","ND","ND","ND","ND","ND","ND","ND","ND","ND","ND","ND","ND","ND","ND","ND","ND","ND","ND","ND","ND","ND","ND","ND","ND","ND","ND","ND","ND","440","0","33","407","ND","ND","ND","ND","ND","ND","ND","ND","ND","ND","ND","ND","ND","ND","ND","ND","ND","ND","ND","ND","ND","ND","ND","ND","ND","ND","ND","ND","ND","ND","ND","ND","336","3","19","314","ND","ND","ND","ND","ND","ND","ND","ND","ND","ND","ND","ND","ND","ND","ND","ND","ND","ND","ND","ND","ND","ND","ND","ND","ND","ND","ND","ND","ND","ND","ND","ND",
"Casos_de_tuberculosis",	08,"Chihuahua","2006","594","5","63","526","ND","ND","ND","ND","ND","ND","ND","ND","ND","ND","ND","ND","ND","ND","ND","ND","ND","ND","ND","ND","ND","ND","ND","ND","ND","ND","ND","ND","ND","ND","ND","ND","354","4","33","317","ND","ND","ND","ND","ND","ND","ND","ND","ND","ND","ND","ND","ND","ND","ND","ND","ND","ND","ND","ND","ND","ND","ND","ND","ND","ND","ND","ND","ND","ND","ND","ND","240","1","30","209","ND","ND","ND","ND","ND","ND","ND","ND","ND","ND","ND","ND","ND","ND","ND","ND","ND","ND","ND","ND","ND","ND","ND","ND","ND","ND","ND","ND","ND","ND","ND","ND",
"Casos_de_tuberculosis",	09,"Ciudad_de_México","2006","714","30","237","447","ND","ND","ND","ND","ND","ND","ND","ND","ND","ND","ND","ND","ND","ND","ND","ND","ND","ND","ND","ND","ND","ND","ND","ND","ND","ND","ND","ND","ND","ND","ND","ND","388","26","112","250","ND","ND","ND","ND","ND","ND","ND","ND","ND","ND","ND","ND","ND","ND","ND","ND","ND","ND","ND","ND","ND","ND","ND","ND","ND","ND","ND","ND","ND","ND","ND","ND","326","4","125","197","ND","ND","ND","ND","ND","ND","ND","ND","ND","ND","ND","ND","ND","ND","ND","ND","ND","ND","ND","ND","ND","ND","ND","ND","ND","ND","ND","ND","ND","ND","ND","ND",
"Casos_de_tuberculosis",	10,"Durango","2006","220","1","25","194","ND","ND","ND","ND","ND","ND","ND","ND","ND","ND","ND","ND","ND","ND","ND","ND","ND","ND","ND","ND","ND","ND","ND","ND","ND","ND","ND","ND","ND","ND","ND","ND","124","1","14","109","ND","ND","ND","ND","ND","ND","ND","ND","ND","ND","ND","ND","ND","ND","ND","ND","ND","ND","ND","ND","ND","ND","ND","ND","ND","ND","ND","ND","ND","ND","ND","ND","96","0","11","85","ND","ND","ND","ND","ND","ND","ND","ND","ND","ND","ND","ND","ND","ND","ND","ND","ND","ND","ND","ND","ND","ND","ND","ND","ND","ND","ND","ND","ND","ND","ND","ND",
"Casos_de_tuberculosis",	11,"Guanajuato","2006","348","12","83","253","ND","ND","ND","ND","ND","ND","ND","ND","ND","ND","ND","ND","ND","ND","ND","ND","ND","ND","ND","ND","ND","ND","ND","ND","ND","ND","ND","ND","ND","ND","ND","ND","191","5","30","156","ND","ND","ND","ND","ND","ND","ND","ND","ND","ND","ND","ND","ND","ND","ND","ND","ND","ND","ND","ND","ND","ND","ND","ND","ND","ND","ND","ND","ND","ND","ND","ND","157","7","53","97","ND","ND","ND","ND","ND","ND","ND","ND","ND","ND","ND","ND","ND","ND","ND","ND","ND","ND","ND","ND","ND","ND","ND","ND","ND","ND","ND","ND","ND","ND","ND","ND",
"Casos_de_tuberculosis",	12,"Guerrero","2006","1,055","6","92","957","ND","ND","ND","ND","ND","ND","ND","ND","ND","ND","ND","ND","ND","ND","ND","ND","ND","ND","ND","ND","ND","ND","ND","ND","ND","ND","ND","ND","ND","ND","ND","ND","622","4","52","566","ND","ND","ND","ND","ND","ND","ND","ND","ND","ND","ND","ND","ND","ND","ND","ND","ND","ND","ND","ND","ND","ND","ND","ND","ND","ND","ND","ND","ND","ND","ND","ND","433","2","40","391","ND","ND","ND","ND","ND","ND","ND","ND","ND","ND","ND","ND","ND","ND","ND","ND","ND","ND","ND","ND","ND","ND","ND","ND","ND","ND","ND","ND","ND","ND","ND","ND",
"Casos_de_tuberculosis",	13,"Hidalgo","2006","243","1","33","209","ND","ND","ND","ND","ND","ND","ND","ND","ND","ND","ND","ND","ND","ND","ND","ND","ND","ND","ND","ND","ND","ND","ND","ND","ND","ND","ND","ND","ND","ND","ND","ND","134","1","14","119","ND","ND","ND","ND","ND","ND","ND","ND","ND","ND","ND","ND","ND","ND","ND","ND","ND","ND","ND","ND","ND","ND","ND","ND","ND","ND","ND","ND","ND","ND","ND","ND","109","0","19","90","ND","ND","ND","ND","ND","ND","ND","ND","ND","ND","ND","ND","ND","ND","ND","ND","ND","ND","ND","ND","ND","ND","ND","ND","ND","ND","ND","ND","ND","ND","ND","ND",
"Casos_de_tuberculosis",	14,"Jalisco","2006","918","23","232","663","ND","ND","ND","ND","ND","ND","ND","ND","ND","ND","ND","ND","ND","ND","ND","ND","ND","ND","ND","ND","ND","ND","ND","ND","ND","ND","ND","ND","ND","ND","ND","ND","511","13","97","401","ND","ND","ND","ND","ND","ND","ND","ND","ND","ND","ND","ND","ND","ND","ND","ND","ND","ND","ND","ND","ND","ND","ND","ND","ND","ND","ND","ND","ND","ND","ND","ND","407","10","135","262","ND","ND","ND","ND","ND","ND","ND","ND","ND","ND","ND","ND","ND","ND","ND","ND","ND","ND","ND","ND","ND","ND","ND","ND","ND","ND","ND","ND","ND","ND","ND","ND",
"Casos_de_tuberculosis",	15,"México","2006","517","15","140","362","ND","ND","ND","ND","ND","ND","ND","ND","ND","ND","ND","ND","ND","ND","ND","ND","ND","ND","ND","ND","ND","ND","ND","ND","ND","ND","ND","ND","ND","ND","ND","ND","273","7","68","198","ND","ND","ND","ND","ND","ND","ND","ND","ND","ND","ND","ND","ND","ND","ND","ND","ND","ND","ND","ND","ND","ND","ND","ND","ND","ND","ND","ND","ND","ND","ND","ND","244","8","72","164","ND","ND","ND","ND","ND","ND","ND","ND","ND","ND","ND","ND","ND","ND","ND","ND","ND","ND","ND","ND","ND","ND","ND","ND","ND","ND","ND","ND","ND","ND","ND","ND",
"Casos_de_tuberculosis",	16,"Michoacán_de_Ocampo","2006","358","4","59","295","ND","ND","ND","ND","ND","ND","ND","ND","ND","ND","ND","ND","ND","ND","ND","ND","ND","ND","ND","ND","ND","ND","ND","ND","ND","ND","ND","ND","ND","ND","ND","ND","186","3","26","157","ND","ND","ND","ND","ND","ND","ND","ND","ND","ND","ND","ND","ND","ND","ND","ND","ND","ND","ND","ND","ND","ND","ND","ND","ND","ND","ND","ND","ND","ND","ND","ND","172","1","33","138","ND","ND","ND","ND","ND","ND","ND","ND","ND","ND","ND","ND","ND","ND","ND","ND","ND","ND","ND","ND","ND","ND","ND","ND","ND","ND","ND","ND","ND","ND","ND","ND",
"Casos_de_tuberculosis",	17,"Morelos","2006","141","3","46","92","ND","ND","ND","ND","ND","ND","ND","ND","ND","ND","ND","ND","ND","ND","ND","ND","ND","ND","ND","ND","ND","ND","ND","ND","ND","ND","ND","ND","ND","ND","ND","ND","76","1","21","54","ND","ND","ND","ND","ND","ND","ND","ND","ND","ND","ND","ND","ND","ND","ND","ND","ND","ND","ND","ND","ND","ND","ND","ND","ND","ND","ND","ND","ND","ND","ND","ND","65","2","25","38","ND","ND","ND","ND","ND","ND","ND","ND","ND","ND","ND","ND","ND","ND","ND","ND","ND","ND","ND","ND","ND","ND","ND","ND","ND","ND","ND","ND","ND","ND","ND","ND",
"Casos_de_tuberculosis",	18,"Nayarit","2006","324","4","60","260","ND","ND","ND","ND","ND","ND","ND","ND","ND","ND","ND","ND","ND","ND","ND","ND","ND","ND","ND","ND","ND","ND","ND","ND","ND","ND","ND","ND","ND","ND","ND","ND","193","3","35","155","ND","ND","ND","ND","ND","ND","ND","ND","ND","ND","ND","ND","ND","ND","ND","ND","ND","ND","ND","ND","ND","ND","ND","ND","ND","ND","ND","ND","ND","ND","ND","ND","131","1","25","105","ND","ND","ND","ND","ND","ND","ND","ND","ND","ND","ND","ND","ND","ND","ND","ND","ND","ND","ND","ND","ND","ND","ND","ND","ND","ND","ND","ND","ND","ND","ND","ND",
"Casos_de_tuberculosis",	19,"Nuevo_León","2006","987","6","127","854","ND","ND","ND","ND","ND","ND","ND","ND","ND","ND","ND","ND","ND","ND","ND","ND","ND","ND","ND","ND","ND","ND","ND","ND","ND","ND","ND","ND","ND","ND","ND","ND","557","5","54","498","ND","ND","ND","ND","ND","ND","ND","ND","ND","ND","ND","ND","ND","ND","ND","ND","ND","ND","ND","ND","ND","ND","ND","ND","ND","ND","ND","ND","ND","ND","ND","ND","430","1","73","356","ND","ND","ND","ND","ND","ND","ND","ND","ND","ND","ND","ND","ND","ND","ND","ND","ND","ND","ND","ND","ND","ND","ND","ND","ND","ND","ND","ND","ND","ND","ND","ND",
"Casos_de_tuberculosis",	20,"Oaxaca","2006","651","6","89","556","ND","ND","ND","ND","ND","ND","ND","ND","ND","ND","ND","ND","ND","ND","ND","ND","ND","ND","ND","ND","ND","ND","ND","ND","ND","ND","ND","ND","ND","ND","ND","ND","363","3","47","313","ND","ND","ND","ND","ND","ND","ND","ND","ND","ND","ND","ND","ND","ND","ND","ND","ND","ND","ND","ND","ND","ND","ND","ND","ND","ND","ND","ND","ND","ND","ND","ND","288","3","42","243","ND","ND","ND","ND","ND","ND","ND","ND","ND","ND","ND","ND","ND","ND","ND","ND","ND","ND","ND","ND","ND","ND","ND","ND","ND","ND","ND","ND","ND","ND","ND","ND",
"Casos_de_tuberculosis",	21,"Puebla","2006","487","2","67","418","ND","ND","ND","ND","ND","ND","ND","ND","ND","ND","ND","ND","ND","ND","ND","ND","ND","ND","ND","ND","ND","ND","ND","ND","ND","ND","ND","ND","ND","ND","ND","ND","250","1","22","227","ND","ND","ND","ND","ND","ND","ND","ND","ND","ND","ND","ND","ND","ND","ND","ND","ND","ND","ND","ND","ND","ND","ND","ND","ND","ND","ND","ND","ND","ND","ND","ND","237","1","45","191","ND","ND","ND","ND","ND","ND","ND","ND","ND","ND","ND","ND","ND","ND","ND","ND","ND","ND","ND","ND","ND","ND","ND","ND","ND","ND","ND","ND","ND","ND","ND","ND",
"Casos_de_tuberculosis",	22,"Querétaro","2006","205","5","75","125","ND","ND","ND","ND","ND","ND","ND","ND","ND","ND","ND","ND","ND","ND","ND","ND","ND","ND","ND","ND","ND","ND","ND","ND","ND","ND","ND","ND","ND","ND","ND","ND","90","3","28","59","ND","ND","ND","ND","ND","ND","ND","ND","ND","ND","ND","ND","ND","ND","ND","ND","ND","ND","ND","ND","ND","ND","ND","ND","ND","ND","ND","ND","ND","ND","ND","ND","115","2","47","66","ND","ND","ND","ND","ND","ND","ND","ND","ND","ND","ND","ND","ND","ND","ND","ND","ND","ND","ND","ND","ND","ND","ND","ND","ND","ND","ND","ND","ND","ND","ND","ND",
"Casos_de_tuberculosis",	23,"Quintana_Roo","2006","107","0","8","99","ND","ND","ND","ND","ND","ND","ND","ND","ND","ND","ND","ND","ND","ND","ND","ND","ND","ND","ND","ND","ND","ND","ND","ND","ND","ND","ND","ND","ND","ND","ND","ND","65","0","5","60","ND","ND","ND","ND","ND","ND","ND","ND","ND","ND","ND","ND","ND","ND","ND","ND","ND","ND","ND","ND","ND","ND","ND","ND","ND","ND","ND","ND","ND","ND","ND","ND","42","0","3","39","ND","ND","ND","ND","ND","ND","ND","ND","ND","ND","ND","ND","ND","ND","ND","ND","ND","ND","ND","ND","ND","ND","ND","ND","ND","ND","ND","ND","ND","ND","ND","ND",
"Casos_de_tuberculosis",	24,"San_Luis_Potosí","2006","386","8","56","322","ND","ND","ND","ND","ND","ND","ND","ND","ND","ND","ND","ND","ND","ND","ND","ND","ND","ND","ND","ND","ND","ND","ND","ND","ND","ND","ND","ND","ND","ND","ND","ND","227","5","31","191","ND","ND","ND","ND","ND","ND","ND","ND","ND","ND","ND","ND","ND","ND","ND","ND","ND","ND","ND","ND","ND","ND","ND","ND","ND","ND","ND","ND","ND","ND","ND","ND","159","3","25","131","ND","ND","ND","ND","ND","ND","ND","ND","ND","ND","ND","ND","ND","ND","ND","ND","ND","ND","ND","ND","ND","ND","ND","ND","ND","ND","ND","ND","ND","ND","ND","ND",
"Casos_de_tuberculosis",	25,"Sinaloa","2006","712","1","65","646","ND","ND","ND","ND","ND","ND","ND","ND","ND","ND","ND","ND","ND","ND","ND","ND","ND","ND","ND","ND","ND","ND","ND","ND","ND","ND","ND","ND","ND","ND","ND","ND","434","1","26","407","ND","ND","ND","ND","ND","ND","ND","ND","ND","ND","ND","ND","ND","ND","ND","ND","ND","ND","ND","ND","ND","ND","ND","ND","ND","ND","ND","ND","ND","ND","ND","ND","278","0","39","239","ND","ND","ND","ND","ND","ND","ND","ND","ND","ND","ND","ND","ND","ND","ND","ND","ND","ND","ND","ND","ND","ND","ND","ND","ND","ND","ND","ND","ND","ND","ND","ND",
"Casos_de_tuberculosis",	26,"Sonora","2006","653","8","54","591","ND","ND","ND","ND","ND","ND","ND","ND","ND","ND","ND","ND","ND","ND","ND","ND","ND","ND","ND","ND","ND","ND","ND","ND","ND","ND","ND","ND","ND","ND","ND","ND","475","4","30","441","ND","ND","ND","ND","ND","ND","ND","ND","ND","ND","ND","ND","ND","ND","ND","ND","ND","ND","ND","ND","ND","ND","ND","ND","ND","ND","ND","ND","ND","ND","ND","ND","178","4","24","150","ND","ND","ND","ND","ND","ND","ND","ND","ND","ND","ND","ND","ND","ND","ND","ND","ND","ND","ND","ND","ND","ND","ND","ND","ND","ND","ND","ND","ND","ND","ND","ND",
"Casos_de_tuberculosis",	27,"Tabasco","2006","429","3","39","387","ND","ND","ND","ND","ND","ND","ND","ND","ND","ND","ND","ND","ND","ND","ND","ND","ND","ND","ND","ND","ND","ND","ND","ND","ND","ND","ND","ND","ND","ND","ND","ND","262","3","27","232","ND","ND","ND","ND","ND","ND","ND","ND","ND","ND","ND","ND","ND","ND","ND","ND","ND","ND","ND","ND","ND","ND","ND","ND","ND","ND","ND","ND","ND","ND","ND","ND","167","0","12","155","ND","ND","ND","ND","ND","ND","ND","ND","ND","ND","ND","ND","ND","ND","ND","ND","ND","ND","ND","ND","ND","ND","ND","ND","ND","ND","ND","ND","ND","ND","ND","ND",
"Casos_de_tuberculosis",	28,"Tamaulipas","2006","1,115","3","62","1,050","ND","ND","ND","ND","ND","ND","ND","ND","ND","ND","ND","ND","ND","ND","ND","ND","ND","ND","ND","ND","ND","ND","ND","ND","ND","ND","ND","ND","ND","ND","ND","ND","742","1","31","710","ND","ND","ND","ND","ND","ND","ND","ND","ND","ND","ND","ND","ND","ND","ND","ND","ND","ND","ND","ND","ND","ND","ND","ND","ND","ND","ND","ND","ND","ND","ND","ND","373","2","31","340","ND","ND","ND","ND","ND","ND","ND","ND","ND","ND","ND","ND","ND","ND","ND","ND","ND","ND","ND","ND","ND","ND","ND","ND","ND","ND","ND","ND","ND","ND","ND","ND",
"Casos_de_tuberculosis",	29,"Tlaxcala","2006","50","0","6","44","ND","ND","ND","ND","ND","ND","ND","ND","ND","ND","ND","ND","ND","ND","ND","ND","ND","ND","ND","ND","ND","ND","ND","ND","ND","ND","ND","ND","ND","ND","ND","ND","32","0","3","29","ND","ND","ND","ND","ND","ND","ND","ND","ND","ND","ND","ND","ND","ND","ND","ND","ND","ND","ND","ND","ND","ND","ND","ND","ND","ND","ND","ND","ND","ND","ND","ND","18","0","3","15","ND","ND","ND","ND","ND","ND","ND","ND","ND","ND","ND","ND","ND","ND","ND","ND","ND","ND","ND","ND","ND","ND","ND","ND","ND","ND","ND","ND","ND","ND","ND","ND",
"Casos_de_tuberculosis",	30,"Veracruz_de_Ignacio_de_la_Llave","2006","1,716","16","172","1,528","ND","ND","ND","ND","ND","ND","ND","ND","ND","ND","ND","ND","ND","ND","ND","ND","ND","ND","ND","ND","ND","ND","ND","ND","ND","ND","ND","ND","ND","ND","ND","ND","1,035","9","90","936","ND","ND","ND","ND","ND","ND","ND","ND","ND","ND","ND","ND","ND","ND","ND","ND","ND","ND","ND","ND","ND","ND","ND","ND","ND","ND","ND","ND","ND","ND","ND","ND","681","7","82","592","ND","ND","ND","ND","ND","ND","ND","ND","ND","ND","ND","ND","ND","ND","ND","ND","ND","ND","ND","ND","ND","ND","ND","ND","ND","ND","ND","ND","ND","ND","ND","ND",
"Casos_de_tuberculosis",	31,"Yucatán","2006","191","0","23","168","ND","ND","ND","ND","ND","ND","ND","ND","ND","ND","ND","ND","ND","ND","ND","ND","ND","ND","ND","ND","ND","ND","ND","ND","ND","ND","ND","ND","ND","ND","ND","ND","114","0","11","103","ND","ND","ND","ND","ND","ND","ND","ND","ND","ND","ND","ND","ND","ND","ND","ND","ND","ND","ND","ND","ND","ND","ND","ND","ND","ND","ND","ND","ND","ND","ND","ND","77","0","12","65","ND","ND","ND","ND","ND","ND","ND","ND","ND","ND","ND","ND","ND","ND","ND","ND","ND","ND","ND","ND","ND","ND","ND","ND","ND","ND","ND","ND","ND","ND","ND","ND",
"Casos_de_tuberculosis",	32,"Zacatecas","2006","93","1","39","53","ND","ND","ND","ND","ND","ND","ND","ND","ND","ND","ND","ND","ND","ND","ND","ND","ND","ND","ND","ND","ND","ND","ND","ND","ND","ND","ND","ND","ND","ND","ND","ND","52","1","15","36","ND","ND","ND","ND","ND","ND","ND","ND","ND","ND","ND","ND","ND","ND","ND","ND","ND","ND","ND","ND","ND","ND","ND","ND","ND","ND","ND","ND","ND","ND","ND","ND","41","0","24","17","ND","ND","ND","ND","ND","ND","ND","ND","ND","ND","ND","ND","ND","ND","ND","ND","ND","ND","ND","ND","ND","ND","ND","ND","ND","ND","ND","ND","ND","ND","ND","ND",
"Casos_de_tuberculosis",	00,"Estados_Unidos_Mexicanos","2005","17,906","199","2,458","15,249","22","3","12","7","221","8","124","89","573","18","222","333","2,772","40","359","2,373","6,219","78","895","5,246","5,182","36","583","4,563","2,909","16","262","2,631","ND","ND","ND","ND","10,823","128","1,205","9,490","12","2","7","3","120","3","62","55","269","11","104","154","1,599","22","171","1,406","3,934","56","446","3,432","3,116","23","283","2,810","1,769","11","131","1,627","ND","ND","ND","ND","7,083","71","1,253","5,759","10","1","5","4","101","5","62","34","304","7","118","179","1,173","18","188","967","2,285","22","449","1,814","2,066","13","300","1,753","1,140","5","131","1,004","ND","ND","ND","ND",
"Casos_de_tuberculosis",	01,"Aguascalientes","2005","102","1","53","48","ND","ND","ND","ND","ND","ND","ND","ND","ND","ND","ND","ND","ND","ND","ND","ND","ND","ND","ND","ND","ND","ND","ND","ND","ND","ND","ND","ND","ND","ND","ND","ND","48","0","22","26","ND","ND","ND","ND","ND","ND","ND","ND","ND","ND","ND","ND","ND","ND","ND","ND","ND","ND","ND","ND","ND","ND","ND","ND","ND","ND","ND","ND","ND","ND","ND","ND","54","1","31","22","ND","ND","ND","ND","ND","ND","ND","ND","ND","ND","ND","ND","ND","ND","ND","ND","ND","ND","ND","ND","ND","ND","ND","ND","ND","ND","ND","ND","ND","ND","ND","ND",
"Casos_de_tuberculosis",	02,"Baja_California","2005","1,567","23","236","1,308","ND","ND","ND","ND","ND","ND","ND","ND","ND","ND","ND","ND","ND","ND","ND","ND","ND","ND","ND","ND","ND","ND","ND","ND","ND","ND","ND","ND","ND","ND","ND","ND","1,057","14","111","932","ND","ND","ND","ND","ND","ND","ND","ND","ND","ND","ND","ND","ND","ND","ND","ND","ND","ND","ND","ND","ND","ND","ND","ND","ND","ND","ND","ND","ND","ND","ND","ND","510","9","125","376","ND","ND","ND","ND","ND","ND","ND","ND","ND","ND","ND","ND","ND","ND","ND","ND","ND","ND","ND","ND","ND","ND","ND","ND","ND","ND","ND","ND","ND","ND","ND","ND",
"Casos_de_tuberculosis",	03,"Baja_California_Sur","2005","129","2","12","115","ND","ND","ND","ND","ND","ND","ND","ND","ND","ND","ND","ND","ND","ND","ND","ND","ND","ND","ND","ND","ND","ND","ND","ND","ND","ND","ND","ND","ND","ND","ND","ND","99","1","7","91","ND","ND","ND","ND","ND","ND","ND","ND","ND","ND","ND","ND","ND","ND","ND","ND","ND","ND","ND","ND","ND","ND","ND","ND","ND","ND","ND","ND","ND","ND","ND","ND","30","1","5","24","ND","ND","ND","ND","ND","ND","ND","ND","ND","ND","ND","ND","ND","ND","ND","ND","ND","ND","ND","ND","ND","ND","ND","ND","ND","ND","ND","ND","ND","ND","ND","ND",
"Casos_de_tuberculosis",	04,"Campeche","2005","116","0","13","103","ND","ND","ND","ND","ND","ND","ND","ND","ND","ND","ND","ND","ND","ND","ND","ND","ND","ND","ND","ND","ND","ND","ND","ND","ND","ND","ND","ND","ND","ND","ND","ND","70","0","9","61","ND","ND","ND","ND","ND","ND","ND","ND","ND","ND","ND","ND","ND","ND","ND","ND","ND","ND","ND","ND","ND","ND","ND","ND","ND","ND","ND","ND","ND","ND","ND","ND","46","0","4","42","ND","ND","ND","ND","ND","ND","ND","ND","ND","ND","ND","ND","ND","ND","ND","ND","ND","ND","ND","ND","ND","ND","ND","ND","ND","ND","ND","ND","ND","ND","ND","ND",
"Casos_de_tuberculosis",	05,"Coahuila_de_Zaragoza","2005","511","2","37","472","ND","ND","ND","ND","ND","ND","ND","ND","ND","ND","ND","ND","ND","ND","ND","ND","ND","ND","ND","ND","ND","ND","ND","ND","ND","ND","ND","ND","ND","ND","ND","ND","291","2","15","274","ND","ND","ND","ND","ND","ND","ND","ND","ND","ND","ND","ND","ND","ND","ND","ND","ND","ND","ND","ND","ND","ND","ND","ND","ND","ND","ND","ND","ND","ND","ND","ND","220","0","22","198","ND","ND","ND","ND","ND","ND","ND","ND","ND","ND","ND","ND","ND","ND","ND","ND","ND","ND","ND","ND","ND","ND","ND","ND","ND","ND","ND","ND","ND","ND","ND","ND",
"Casos_de_tuberculosis",	06,"Colima","2005","130","0","15","115","ND","ND","ND","ND","ND","ND","ND","ND","ND","ND","ND","ND","ND","ND","ND","ND","ND","ND","ND","ND","ND","ND","ND","ND","ND","ND","ND","ND","ND","ND","ND","ND","77","0","6","71","ND","ND","ND","ND","ND","ND","ND","ND","ND","ND","ND","ND","ND","ND","ND","ND","ND","ND","ND","ND","ND","ND","ND","ND","ND","ND","ND","ND","ND","ND","ND","ND","53","0","9","44","ND","ND","ND","ND","ND","ND","ND","ND","ND","ND","ND","ND","ND","ND","ND","ND","ND","ND","ND","ND","ND","ND","ND","ND","ND","ND","ND","ND","ND","ND","ND","ND",
"Casos_de_tuberculosis",	07,"Chiapas","2005","1,074","4","67","1,003","ND","ND","ND","ND","ND","ND","ND","ND","ND","ND","ND","ND","ND","ND","ND","ND","ND","ND","ND","ND","ND","ND","ND","ND","ND","ND","ND","ND","ND","ND","ND","ND","628","3","33","592","ND","ND","ND","ND","ND","ND","ND","ND","ND","ND","ND","ND","ND","ND","ND","ND","ND","ND","ND","ND","ND","ND","ND","ND","ND","ND","ND","ND","ND","ND","ND","ND","446","1","34","411","ND","ND","ND","ND","ND","ND","ND","ND","ND","ND","ND","ND","ND","ND","ND","ND","ND","ND","ND","ND","ND","ND","ND","ND","ND","ND","ND","ND","ND","ND","ND","ND",
"Casos_de_tuberculosis",	08,"Chihuahua","2005","507","3","33","471","ND","ND","ND","ND","ND","ND","ND","ND","ND","ND","ND","ND","ND","ND","ND","ND","ND","ND","ND","ND","ND","ND","ND","ND","ND","ND","ND","ND","ND","ND","ND","ND","299","2","18","279","ND","ND","ND","ND","ND","ND","ND","ND","ND","ND","ND","ND","ND","ND","ND","ND","ND","ND","ND","ND","ND","ND","ND","ND","ND","ND","ND","ND","ND","ND","ND","ND","208","1","15","192","ND","ND","ND","ND","ND","ND","ND","ND","ND","ND","ND","ND","ND","ND","ND","ND","ND","ND","ND","ND","ND","ND","ND","ND","ND","ND","ND","ND","ND","ND","ND","ND",
"Casos_de_tuberculosis",	09,"Ciudad_de_México","2005","783","37","247","499","ND","ND","ND","ND","ND","ND","ND","ND","ND","ND","ND","ND","ND","ND","ND","ND","ND","ND","ND","ND","ND","ND","ND","ND","ND","ND","ND","ND","ND","ND","ND","ND","444","28","124","292","ND","ND","ND","ND","ND","ND","ND","ND","ND","ND","ND","ND","ND","ND","ND","ND","ND","ND","ND","ND","ND","ND","ND","ND","ND","ND","ND","ND","ND","ND","ND","ND","339","9","123","207","ND","ND","ND","ND","ND","ND","ND","ND","ND","ND","ND","ND","ND","ND","ND","ND","ND","ND","ND","ND","ND","ND","ND","ND","ND","ND","ND","ND","ND","ND","ND","ND",
"Casos_de_tuberculosis",	10,"Durango","2005","220","1","38","181","ND","ND","ND","ND","ND","ND","ND","ND","ND","ND","ND","ND","ND","ND","ND","ND","ND","ND","ND","ND","ND","ND","ND","ND","ND","ND","ND","ND","ND","ND","ND","ND","129","1","24","104","ND","ND","ND","ND","ND","ND","ND","ND","ND","ND","ND","ND","ND","ND","ND","ND","ND","ND","ND","ND","ND","ND","ND","ND","ND","ND","ND","ND","ND","ND","ND","ND","91","0","14","77","ND","ND","ND","ND","ND","ND","ND","ND","ND","ND","ND","ND","ND","ND","ND","ND","ND","ND","ND","ND","ND","ND","ND","ND","ND","ND","ND","ND","ND","ND","ND","ND",
"Casos_de_tuberculosis",	11,"Guanajuato","2005","313","6","80","227","ND","ND","ND","ND","ND","ND","ND","ND","ND","ND","ND","ND","ND","ND","ND","ND","ND","ND","ND","ND","ND","ND","ND","ND","ND","ND","ND","ND","ND","ND","ND","ND","173","4","38","131","ND","ND","ND","ND","ND","ND","ND","ND","ND","ND","ND","ND","ND","ND","ND","ND","ND","ND","ND","ND","ND","ND","ND","ND","ND","ND","ND","ND","ND","ND","ND","ND","140","2","42","96","ND","ND","ND","ND","ND","ND","ND","ND","ND","ND","ND","ND","ND","ND","ND","ND","ND","ND","ND","ND","ND","ND","ND","ND","ND","ND","ND","ND","ND","ND","ND","ND",
"Casos_de_tuberculosis",	12,"Guerrero","2005","1,222","5","90","1,127","ND","ND","ND","ND","ND","ND","ND","ND","ND","ND","ND","ND","ND","ND","ND","ND","ND","ND","ND","ND","ND","ND","ND","ND","ND","ND","ND","ND","ND","ND","ND","ND","726","3","47","676","ND","ND","ND","ND","ND","ND","ND","ND","ND","ND","ND","ND","ND","ND","ND","ND","ND","ND","ND","ND","ND","ND","ND","ND","ND","ND","ND","ND","ND","ND","ND","ND","496","2","43","451","ND","ND","ND","ND","ND","ND","ND","ND","ND","ND","ND","ND","ND","ND","ND","ND","ND","ND","ND","ND","ND","ND","ND","ND","ND","ND","ND","ND","ND","ND","ND","ND",
"Casos_de_tuberculosis",	13,"Hidalgo","2005","258","2","36","220","ND","ND","ND","ND","ND","ND","ND","ND","ND","ND","ND","ND","ND","ND","ND","ND","ND","ND","ND","ND","ND","ND","ND","ND","ND","ND","ND","ND","ND","ND","ND","ND","129","1","9","119","ND","ND","ND","ND","ND","ND","ND","ND","ND","ND","ND","ND","ND","ND","ND","ND","ND","ND","ND","ND","ND","ND","ND","ND","ND","ND","ND","ND","ND","ND","ND","ND","129","1","27","101","ND","ND","ND","ND","ND","ND","ND","ND","ND","ND","ND","ND","ND","ND","ND","ND","ND","ND","ND","ND","ND","ND","ND","ND","ND","ND","ND","ND","ND","ND","ND","ND",
"Casos_de_tuberculosis",	14,"Jalisco","2005","786","12","215","559","ND","ND","ND","ND","ND","ND","ND","ND","ND","ND","ND","ND","ND","ND","ND","ND","ND","ND","ND","ND","ND","ND","ND","ND","ND","ND","ND","ND","ND","ND","ND","ND","463","8","102","353","ND","ND","ND","ND","ND","ND","ND","ND","ND","ND","ND","ND","ND","ND","ND","ND","ND","ND","ND","ND","ND","ND","ND","ND","ND","ND","ND","ND","ND","ND","ND","ND","323","4","113","206","ND","ND","ND","ND","ND","ND","ND","ND","ND","ND","ND","ND","ND","ND","ND","ND","ND","ND","ND","ND","ND","ND","ND","ND","ND","ND","ND","ND","ND","ND","ND","ND",
"Casos_de_tuberculosis",	15,"México","2005","823","15","188","620","ND","ND","ND","ND","ND","ND","ND","ND","ND","ND","ND","ND","ND","ND","ND","ND","ND","ND","ND","ND","ND","ND","ND","ND","ND","ND","ND","ND","ND","ND","ND","ND","440","7","84","349","ND","ND","ND","ND","ND","ND","ND","ND","ND","ND","ND","ND","ND","ND","ND","ND","ND","ND","ND","ND","ND","ND","ND","ND","ND","ND","ND","ND","ND","ND","ND","ND","383","8","104","271","ND","ND","ND","ND","ND","ND","ND","ND","ND","ND","ND","ND","ND","ND","ND","ND","ND","ND","ND","ND","ND","ND","ND","ND","ND","ND","ND","ND","ND","ND","ND","ND",
"Casos_de_tuberculosis",	16,"Michoacán_de_Ocampo","2005","347","4","44","299","ND","ND","ND","ND","ND","ND","ND","ND","ND","ND","ND","ND","ND","ND","ND","ND","ND","ND","ND","ND","ND","ND","ND","ND","ND","ND","ND","ND","ND","ND","ND","ND","193","2","17","174","ND","ND","ND","ND","ND","ND","ND","ND","ND","ND","ND","ND","ND","ND","ND","ND","ND","ND","ND","ND","ND","ND","ND","ND","ND","ND","ND","ND","ND","ND","ND","ND","154","2","27","125","ND","ND","ND","ND","ND","ND","ND","ND","ND","ND","ND","ND","ND","ND","ND","ND","ND","ND","ND","ND","ND","ND","ND","ND","ND","ND","ND","ND","ND","ND","ND","ND",
"Casos_de_tuberculosis",	17,"Morelos","2005","226","6","55","165","ND","ND","ND","ND","ND","ND","ND","ND","ND","ND","ND","ND","ND","ND","ND","ND","ND","ND","ND","ND","ND","ND","ND","ND","ND","ND","ND","ND","ND","ND","ND","ND","124","2","25","97","ND","ND","ND","ND","ND","ND","ND","ND","ND","ND","ND","ND","ND","ND","ND","ND","ND","ND","ND","ND","ND","ND","ND","ND","ND","ND","ND","ND","ND","ND","ND","ND","102","4","30","68","ND","ND","ND","ND","ND","ND","ND","ND","ND","ND","ND","ND","ND","ND","ND","ND","ND","ND","ND","ND","ND","ND","ND","ND","ND","ND","ND","ND","ND","ND","ND","ND",
"Casos_de_tuberculosis",	18,"Nayarit","2005","265","5","62","198","ND","ND","ND","ND","ND","ND","ND","ND","ND","ND","ND","ND","ND","ND","ND","ND","ND","ND","ND","ND","ND","ND","ND","ND","ND","ND","ND","ND","ND","ND","ND","ND","165","2","36","127","ND","ND","ND","ND","ND","ND","ND","ND","ND","ND","ND","ND","ND","ND","ND","ND","ND","ND","ND","ND","ND","ND","ND","ND","ND","ND","ND","ND","ND","ND","ND","ND","100","3","26","71","ND","ND","ND","ND","ND","ND","ND","ND","ND","ND","ND","ND","ND","ND","ND","ND","ND","ND","ND","ND","ND","ND","ND","ND","ND","ND","ND","ND","ND","ND","ND","ND",
"Casos_de_tuberculosis",	19,"Nuevo_León","2005","996","5","129","862","ND","ND","ND","ND","ND","ND","ND","ND","ND","ND","ND","ND","ND","ND","ND","ND","ND","ND","ND","ND","ND","ND","ND","ND","ND","ND","ND","ND","ND","ND","ND","ND","607","2","70","535","ND","ND","ND","ND","ND","ND","ND","ND","ND","ND","ND","ND","ND","ND","ND","ND","ND","ND","ND","ND","ND","ND","ND","ND","ND","ND","ND","ND","ND","ND","ND","ND","389","3","59","327","ND","ND","ND","ND","ND","ND","ND","ND","ND","ND","ND","ND","ND","ND","ND","ND","ND","ND","ND","ND","ND","ND","ND","ND","ND","ND","ND","ND","ND","ND","ND","ND",
"Casos_de_tuberculosis",	20,"Oaxaca","2005","740","2","97","641","ND","ND","ND","ND","ND","ND","ND","ND","ND","ND","ND","ND","ND","ND","ND","ND","ND","ND","ND","ND","ND","ND","ND","ND","ND","ND","ND","ND","ND","ND","ND","ND","435","0","48","387","ND","ND","ND","ND","ND","ND","ND","ND","ND","ND","ND","ND","ND","ND","ND","ND","ND","ND","ND","ND","ND","ND","ND","ND","ND","ND","ND","ND","ND","ND","ND","ND","305","2","49","254","ND","ND","ND","ND","ND","ND","ND","ND","ND","ND","ND","ND","ND","ND","ND","ND","ND","ND","ND","ND","ND","ND","ND","ND","ND","ND","ND","ND","ND","ND","ND","ND",
"Casos_de_tuberculosis",	21,"Puebla","2005","496","2","82","412","ND","ND","ND","ND","ND","ND","ND","ND","ND","ND","ND","ND","ND","ND","ND","ND","ND","ND","ND","ND","ND","ND","ND","ND","ND","ND","ND","ND","ND","ND","ND","ND","252","2","33","217","ND","ND","ND","ND","ND","ND","ND","ND","ND","ND","ND","ND","ND","ND","ND","ND","ND","ND","ND","ND","ND","ND","ND","ND","ND","ND","ND","ND","ND","ND","ND","ND","244","0","49","195","ND","ND","ND","ND","ND","ND","ND","ND","ND","ND","ND","ND","ND","ND","ND","ND","ND","ND","ND","ND","ND","ND","ND","ND","ND","ND","ND","ND","ND","ND","ND","ND",
"Casos_de_tuberculosis",	22,"Querétaro","2005","214","4","85","125","ND","ND","ND","ND","ND","ND","ND","ND","ND","ND","ND","ND","ND","ND","ND","ND","ND","ND","ND","ND","ND","ND","ND","ND","ND","ND","ND","ND","ND","ND","ND","ND","114","4","37","73","ND","ND","ND","ND","ND","ND","ND","ND","ND","ND","ND","ND","ND","ND","ND","ND","ND","ND","ND","ND","ND","ND","ND","ND","ND","ND","ND","ND","ND","ND","ND","ND","100","0","48","52","ND","ND","ND","ND","ND","ND","ND","ND","ND","ND","ND","ND","ND","ND","ND","ND","ND","ND","ND","ND","ND","ND","ND","ND","ND","ND","ND","ND","ND","ND","ND","ND",
"Casos_de_tuberculosis",	23,"Quintana_Roo","2005","128","0","12","116","ND","ND","ND","ND","ND","ND","ND","ND","ND","ND","ND","ND","ND","ND","ND","ND","ND","ND","ND","ND","ND","ND","ND","ND","ND","ND","ND","ND","ND","ND","ND","ND","91","0","8","83","ND","ND","ND","ND","ND","ND","ND","ND","ND","ND","ND","ND","ND","ND","ND","ND","ND","ND","ND","ND","ND","ND","ND","ND","ND","ND","ND","ND","ND","ND","ND","ND","37","0","4","33","ND","ND","ND","ND","ND","ND","ND","ND","ND","ND","ND","ND","ND","ND","ND","ND","ND","ND","ND","ND","ND","ND","ND","ND","ND","ND","ND","ND","ND","ND","ND","ND",
"Casos_de_tuberculosis",	24,"San_Luis_Potosí","2005","377","4","59","314","ND","ND","ND","ND","ND","ND","ND","ND","ND","ND","ND","ND","ND","ND","ND","ND","ND","ND","ND","ND","ND","ND","ND","ND","ND","ND","ND","ND","ND","ND","ND","ND","226","3","27","196","ND","ND","ND","ND","ND","ND","ND","ND","ND","ND","ND","ND","ND","ND","ND","ND","ND","ND","ND","ND","ND","ND","ND","ND","ND","ND","ND","ND","ND","ND","ND","ND","151","1","32","118","ND","ND","ND","ND","ND","ND","ND","ND","ND","ND","ND","ND","ND","ND","ND","ND","ND","ND","ND","ND","ND","ND","ND","ND","ND","ND","ND","ND","ND","ND","ND","ND",
"Casos_de_tuberculosis",	25,"Sinaloa","2005","756","4","56","696","ND","ND","ND","ND","ND","ND","ND","ND","ND","ND","ND","ND","ND","ND","ND","ND","ND","ND","ND","ND","ND","ND","ND","ND","ND","ND","ND","ND","ND","ND","ND","ND","495","4","27","464","ND","ND","ND","ND","ND","ND","ND","ND","ND","ND","ND","ND","ND","ND","ND","ND","ND","ND","ND","ND","ND","ND","ND","ND","ND","ND","ND","ND","ND","ND","ND","ND","261","0","29","232","ND","ND","ND","ND","ND","ND","ND","ND","ND","ND","ND","ND","ND","ND","ND","ND","ND","ND","ND","ND","ND","ND","ND","ND","ND","ND","ND","ND","ND","ND","ND","ND",
"Casos_de_tuberculosis",	26,"Sonora","2005","850","8","62","780","ND","ND","ND","ND","ND","ND","ND","ND","ND","ND","ND","ND","ND","ND","ND","ND","ND","ND","ND","ND","ND","ND","ND","ND","ND","ND","ND","ND","ND","ND","ND","ND","593","3","39","551","ND","ND","ND","ND","ND","ND","ND","ND","ND","ND","ND","ND","ND","ND","ND","ND","ND","ND","ND","ND","ND","ND","ND","ND","ND","ND","ND","ND","ND","ND","ND","ND","257","5","23","229","ND","ND","ND","ND","ND","ND","ND","ND","ND","ND","ND","ND","ND","ND","ND","ND","ND","ND","ND","ND","ND","ND","ND","ND","ND","ND","ND","ND","ND","ND","ND","ND",
"Casos_de_tuberculosis",	27,"Tabasco","2005","462","1","31","430","ND","ND","ND","ND","ND","ND","ND","ND","ND","ND","ND","ND","ND","ND","ND","ND","ND","ND","ND","ND","ND","ND","ND","ND","ND","ND","ND","ND","ND","ND","ND","ND","295","0","16","279","ND","ND","ND","ND","ND","ND","ND","ND","ND","ND","ND","ND","ND","ND","ND","ND","ND","ND","ND","ND","ND","ND","ND","ND","ND","ND","ND","ND","ND","ND","ND","ND","167","1","15","151","ND","ND","ND","ND","ND","ND","ND","ND","ND","ND","ND","ND","ND","ND","ND","ND","ND","ND","ND","ND","ND","ND","ND","ND","ND","ND","ND","ND","ND","ND","ND","ND",
"Casos_de_tuberculosis",	28,"Tamaulipas","2005","1,140","2","89","1,049","ND","ND","ND","ND","ND","ND","ND","ND","ND","ND","ND","ND","ND","ND","ND","ND","ND","ND","ND","ND","ND","ND","ND","ND","ND","ND","ND","ND","ND","ND","ND","ND","723","2","41","680","ND","ND","ND","ND","ND","ND","ND","ND","ND","ND","ND","ND","ND","ND","ND","ND","ND","ND","ND","ND","ND","ND","ND","ND","ND","ND","ND","ND","ND","ND","ND","ND","417","0","48","369","ND","ND","ND","ND","ND","ND","ND","ND","ND","ND","ND","ND","ND","ND","ND","ND","ND","ND","ND","ND","ND","ND","ND","ND","ND","ND","ND","ND","ND","ND","ND","ND",
"Casos_de_tuberculosis",	29,"Tlaxcala","2005","38","2","7","29","ND","ND","ND","ND","ND","ND","ND","ND","ND","ND","ND","ND","ND","ND","ND","ND","ND","ND","ND","ND","ND","ND","ND","ND","ND","ND","ND","ND","ND","ND","ND","ND","21","2","4","15","ND","ND","ND","ND","ND","ND","ND","ND","ND","ND","ND","ND","ND","ND","ND","ND","ND","ND","ND","ND","ND","ND","ND","ND","ND","ND","ND","ND","ND","ND","ND","ND","17","0","3","14","ND","ND","ND","ND","ND","ND","ND","ND","ND","ND","ND","ND","ND","ND","ND","ND","ND","ND","ND","ND","ND","ND","ND","ND","ND","ND","ND","ND","ND","ND","ND","ND",
"Casos_de_tuberculosis",	30,"Veracruz_de_Ignacio_de_la_Llave","2005","2,074","34","173","1,867","ND","ND","ND","ND","ND","ND","ND","ND","ND","ND","ND","ND","ND","ND","ND","ND","ND","ND","ND","ND","ND","ND","ND","ND","ND","ND","ND","ND","ND","ND","ND","ND","1,264","23","103","1,138","ND","ND","ND","ND","ND","ND","ND","ND","ND","ND","ND","ND","ND","ND","ND","ND","ND","ND","ND","ND","ND","ND","ND","ND","ND","ND","ND","ND","ND","ND","ND","ND","810","11","70","729","ND","ND","ND","ND","ND","ND","ND","ND","ND","ND","ND","ND","ND","ND","ND","ND","ND","ND","ND","ND","ND","ND","ND","ND","ND","ND","ND","ND","ND","ND","ND","ND",
"Casos_de_tuberculosis",	31,"Yucatán","2005","162","0","21","141","ND","ND","ND","ND","ND","ND","ND","ND","ND","ND","ND","ND","ND","ND","ND","ND","ND","ND","ND","ND","ND","ND","ND","ND","ND","ND","ND","ND","ND","ND","ND","ND","97","0","7","90","ND","ND","ND","ND","ND","ND","ND","ND","ND","ND","ND","ND","ND","ND","ND","ND","ND","ND","ND","ND","ND","ND","ND","ND","ND","ND","ND","ND","ND","ND","ND","ND","65","0","14","51","ND","ND","ND","ND","ND","ND","ND","ND","ND","ND","ND","ND","ND","ND","ND","ND","ND","ND","ND","ND","ND","ND","ND","ND","ND","ND","ND","ND","ND","ND","ND","ND",
"Casos_de_tuberculosis",	32,"Zacatecas","2005","94","3","34","57","ND","ND","ND","ND","ND","ND","ND","ND","ND","ND","ND","ND","ND","ND","ND","ND","ND","ND","ND","ND","ND","ND","ND","ND","ND","ND","ND","ND","ND","ND","ND","ND","55","3","18","34","ND","ND","ND","ND","ND","ND","ND","ND","ND","ND","ND","ND","ND","ND","ND","ND","ND","ND","ND","ND","ND","ND","ND","ND","ND","ND","ND","ND","ND","ND","ND","ND","39","0","16","23","ND","ND","ND","ND","ND","ND","ND","ND","ND","ND","ND","ND","ND","ND","ND","ND","ND","ND","ND","ND","ND","ND","ND","ND","ND","ND","ND","ND","ND","ND","ND","ND",
"Casos_de_tuberculosis",	00,"Estados_Unidos_Mexicanos","2004","16,921","147","2,331","14,443","10","1","3","6","237","2","103","132","549","17","242","290","2,645","38","331","2,276","5,811","60","836","4,915","4,948","24","583","4,341","2,715","5","233","2,477","ND","ND","ND","ND","10,213","93","1,135","8,985","7","1","1","5","124","1","56","67","280","11","124","145","1,500","22","141","1,337","3,685","44","425","3,216","2,965","11","273","2,681","1,650","3","115","1,532","ND","ND","ND","ND","6,708","54","1,196","5,458","3","0","2","1","113","1","47","65","269","6","118","145","1,145","16","190","939","2,126","16","411","1,699","1,983","13","310","1,660","1,065","2","118","945","ND","ND","ND","ND",
"Casos_de_tuberculosis",	01,"Aguascalientes","2004","80","2","17","61","ND","ND","ND","ND","ND","ND","ND","ND","ND","ND","ND","ND","ND","ND","ND","ND","ND","ND","ND","ND","ND","ND","ND","ND","ND","ND","ND","ND","ND","ND","ND","ND","38","0","8","30","ND","ND","ND","ND","ND","ND","ND","ND","ND","ND","ND","ND","ND","ND","ND","ND","ND","ND","ND","ND","ND","ND","ND","ND","ND","ND","ND","ND","ND","ND","ND","ND","42","2","9","31","ND","ND","ND","ND","ND","ND","ND","ND","ND","ND","ND","ND","ND","ND","ND","ND","ND","ND","ND","ND","ND","ND","ND","ND","ND","ND","ND","ND","ND","ND","ND","ND",
"Casos_de_tuberculosis",	02,"Baja_California","2004","1,428","26","211","1,191","ND","ND","ND","ND","ND","ND","ND","ND","ND","ND","ND","ND","ND","ND","ND","ND","ND","ND","ND","ND","ND","ND","ND","ND","ND","ND","ND","ND","ND","ND","ND","ND","985","18","99","868","ND","ND","ND","ND","ND","ND","ND","ND","ND","ND","ND","ND","ND","ND","ND","ND","ND","ND","ND","ND","ND","ND","ND","ND","ND","ND","ND","ND","ND","ND","ND","ND","443","8","112","323","ND","ND","ND","ND","ND","ND","ND","ND","ND","ND","ND","ND","ND","ND","ND","ND","ND","ND","ND","ND","ND","ND","ND","ND","ND","ND","ND","ND","ND","ND","ND","ND",
"Casos_de_tuberculosis",	03,"Baja_California_Sur","2004","112","1","10","101","ND","ND","ND","ND","ND","ND","ND","ND","ND","ND","ND","ND","ND","ND","ND","ND","ND","ND","ND","ND","ND","ND","ND","ND","ND","ND","ND","ND","ND","ND","ND","ND","84","0","7","77","ND","ND","ND","ND","ND","ND","ND","ND","ND","ND","ND","ND","ND","ND","ND","ND","ND","ND","ND","ND","ND","ND","ND","ND","ND","ND","ND","ND","ND","ND","ND","ND","28","1","3","24","ND","ND","ND","ND","ND","ND","ND","ND","ND","ND","ND","ND","ND","ND","ND","ND","ND","ND","ND","ND","ND","ND","ND","ND","ND","ND","ND","ND","ND","ND","ND","ND",
"Casos_de_tuberculosis",	04,"Campeche","2004","110","0","10","100","ND","ND","ND","ND","ND","ND","ND","ND","ND","ND","ND","ND","ND","ND","ND","ND","ND","ND","ND","ND","ND","ND","ND","ND","ND","ND","ND","ND","ND","ND","ND","ND","78","0","4","74","ND","ND","ND","ND","ND","ND","ND","ND","ND","ND","ND","ND","ND","ND","ND","ND","ND","ND","ND","ND","ND","ND","ND","ND","ND","ND","ND","ND","ND","ND","ND","ND","32","0","6","26","ND","ND","ND","ND","ND","ND","ND","ND","ND","ND","ND","ND","ND","ND","ND","ND","ND","ND","ND","ND","ND","ND","ND","ND","ND","ND","ND","ND","ND","ND","ND","ND",
"Casos_de_tuberculosis",	05,"Coahuila_de_Zaragoza","2004","519","0","47","472","ND","ND","ND","ND","ND","ND","ND","ND","ND","ND","ND","ND","ND","ND","ND","ND","ND","ND","ND","ND","ND","ND","ND","ND","ND","ND","ND","ND","ND","ND","ND","ND","301","0","20","281","ND","ND","ND","ND","ND","ND","ND","ND","ND","ND","ND","ND","ND","ND","ND","ND","ND","ND","ND","ND","ND","ND","ND","ND","ND","ND","ND","ND","ND","ND","ND","ND","218","0","27","191","ND","ND","ND","ND","ND","ND","ND","ND","ND","ND","ND","ND","ND","ND","ND","ND","ND","ND","ND","ND","ND","ND","ND","ND","ND","ND","ND","ND","ND","ND","ND","ND",
"Casos_de_tuberculosis",	06,"Colima","2004","122","0","13","109","ND","ND","ND","ND","ND","ND","ND","ND","ND","ND","ND","ND","ND","ND","ND","ND","ND","ND","ND","ND","ND","ND","ND","ND","ND","ND","ND","ND","ND","ND","ND","ND","69","0","4","65","ND","ND","ND","ND","ND","ND","ND","ND","ND","ND","ND","ND","ND","ND","ND","ND","ND","ND","ND","ND","ND","ND","ND","ND","ND","ND","ND","ND","ND","ND","ND","ND","53","0","9","44","ND","ND","ND","ND","ND","ND","ND","ND","ND","ND","ND","ND","ND","ND","ND","ND","ND","ND","ND","ND","ND","ND","ND","ND","ND","ND","ND","ND","ND","ND","ND","ND",
"Casos_de_tuberculosis",	07,"Chiapas","2004","1,100","1","93","1,006","ND","ND","ND","ND","ND","ND","ND","ND","ND","ND","ND","ND","ND","ND","ND","ND","ND","ND","ND","ND","ND","ND","ND","ND","ND","ND","ND","ND","ND","ND","ND","ND","631","1","45","585","ND","ND","ND","ND","ND","ND","ND","ND","ND","ND","ND","ND","ND","ND","ND","ND","ND","ND","ND","ND","ND","ND","ND","ND","ND","ND","ND","ND","ND","ND","ND","ND","469","0","48","421","ND","ND","ND","ND","ND","ND","ND","ND","ND","ND","ND","ND","ND","ND","ND","ND","ND","ND","ND","ND","ND","ND","ND","ND","ND","ND","ND","ND","ND","ND","ND","ND",
"Casos_de_tuberculosis",	08,"Chihuahua","2004","435","3","55","377","ND","ND","ND","ND","ND","ND","ND","ND","ND","ND","ND","ND","ND","ND","ND","ND","ND","ND","ND","ND","ND","ND","ND","ND","ND","ND","ND","ND","ND","ND","ND","ND","264","3","30","231","ND","ND","ND","ND","ND","ND","ND","ND","ND","ND","ND","ND","ND","ND","ND","ND","ND","ND","ND","ND","ND","ND","ND","ND","ND","ND","ND","ND","ND","ND","ND","ND","171","0","25","146","ND","ND","ND","ND","ND","ND","ND","ND","ND","ND","ND","ND","ND","ND","ND","ND","ND","ND","ND","ND","ND","ND","ND","ND","ND","ND","ND","ND","ND","ND","ND","ND",
"Casos_de_tuberculosis",	09,"Ciudad_de_México","2004","694","26","210","458","ND","ND","ND","ND","ND","ND","ND","ND","ND","ND","ND","ND","ND","ND","ND","ND","ND","ND","ND","ND","ND","ND","ND","ND","ND","ND","ND","ND","ND","ND","ND","ND","378","19","95","264","ND","ND","ND","ND","ND","ND","ND","ND","ND","ND","ND","ND","ND","ND","ND","ND","ND","ND","ND","ND","ND","ND","ND","ND","ND","ND","ND","ND","ND","ND","ND","ND","316","7","115","194","ND","ND","ND","ND","ND","ND","ND","ND","ND","ND","ND","ND","ND","ND","ND","ND","ND","ND","ND","ND","ND","ND","ND","ND","ND","ND","ND","ND","ND","ND","ND","ND",
"Casos_de_tuberculosis",	10,"Durango","2004","217","0","37","180","ND","ND","ND","ND","ND","ND","ND","ND","ND","ND","ND","ND","ND","ND","ND","ND","ND","ND","ND","ND","ND","ND","ND","ND","ND","ND","ND","ND","ND","ND","ND","ND","128","0","21","107","ND","ND","ND","ND","ND","ND","ND","ND","ND","ND","ND","ND","ND","ND","ND","ND","ND","ND","ND","ND","ND","ND","ND","ND","ND","ND","ND","ND","ND","ND","ND","ND","89","0","16","73","ND","ND","ND","ND","ND","ND","ND","ND","ND","ND","ND","ND","ND","ND","ND","ND","ND","ND","ND","ND","ND","ND","ND","ND","ND","ND","ND","ND","ND","ND","ND","ND",
"Casos_de_tuberculosis",	11,"Guanajuato","2004","299","0","79","220","ND","ND","ND","ND","ND","ND","ND","ND","ND","ND","ND","ND","ND","ND","ND","ND","ND","ND","ND","ND","ND","ND","ND","ND","ND","ND","ND","ND","ND","ND","ND","ND","166","0","36","130","ND","ND","ND","ND","ND","ND","ND","ND","ND","ND","ND","ND","ND","ND","ND","ND","ND","ND","ND","ND","ND","ND","ND","ND","ND","ND","ND","ND","ND","ND","ND","ND","133","0","43","90","ND","ND","ND","ND","ND","ND","ND","ND","ND","ND","ND","ND","ND","ND","ND","ND","ND","ND","ND","ND","ND","ND","ND","ND","ND","ND","ND","ND","ND","ND","ND","ND",
"Casos_de_tuberculosis",	12,"Guerrero","2004","1,186","7","66","1,113","ND","ND","ND","ND","ND","ND","ND","ND","ND","ND","ND","ND","ND","ND","ND","ND","ND","ND","ND","ND","ND","ND","ND","ND","ND","ND","ND","ND","ND","ND","ND","ND","717","2","35","680","ND","ND","ND","ND","ND","ND","ND","ND","ND","ND","ND","ND","ND","ND","ND","ND","ND","ND","ND","ND","ND","ND","ND","ND","ND","ND","ND","ND","ND","ND","ND","ND","469","5","31","433","ND","ND","ND","ND","ND","ND","ND","ND","ND","ND","ND","ND","ND","ND","ND","ND","ND","ND","ND","ND","ND","ND","ND","ND","ND","ND","ND","ND","ND","ND","ND","ND",
"Casos_de_tuberculosis",	13,"Hidalgo","2004","288","2","47","239","ND","ND","ND","ND","ND","ND","ND","ND","ND","ND","ND","ND","ND","ND","ND","ND","ND","ND","ND","ND","ND","ND","ND","ND","ND","ND","ND","ND","ND","ND","ND","ND","147","0","16","131","ND","ND","ND","ND","ND","ND","ND","ND","ND","ND","ND","ND","ND","ND","ND","ND","ND","ND","ND","ND","ND","ND","ND","ND","ND","ND","ND","ND","ND","ND","ND","ND","141","2","31","108","ND","ND","ND","ND","ND","ND","ND","ND","ND","ND","ND","ND","ND","ND","ND","ND","ND","ND","ND","ND","ND","ND","ND","ND","ND","ND","ND","ND","ND","ND","ND","ND",
"Casos_de_tuberculosis",	14,"Jalisco","2004","710","7","230","473","ND","ND","ND","ND","ND","ND","ND","ND","ND","ND","ND","ND","ND","ND","ND","ND","ND","ND","ND","ND","ND","ND","ND","ND","ND","ND","ND","ND","ND","ND","ND","ND","396","6","84","306","ND","ND","ND","ND","ND","ND","ND","ND","ND","ND","ND","ND","ND","ND","ND","ND","ND","ND","ND","ND","ND","ND","ND","ND","ND","ND","ND","ND","ND","ND","ND","ND","314","1","146","167","ND","ND","ND","ND","ND","ND","ND","ND","ND","ND","ND","ND","ND","ND","ND","ND","ND","ND","ND","ND","ND","ND","ND","ND","ND","ND","ND","ND","ND","ND","ND","ND",
"Casos_de_tuberculosis",	15,"México","2004","653","4","158","491","ND","ND","ND","ND","ND","ND","ND","ND","ND","ND","ND","ND","ND","ND","ND","ND","ND","ND","ND","ND","ND","ND","ND","ND","ND","ND","ND","ND","ND","ND","ND","ND","352","3","84","265","ND","ND","ND","ND","ND","ND","ND","ND","ND","ND","ND","ND","ND","ND","ND","ND","ND","ND","ND","ND","ND","ND","ND","ND","ND","ND","ND","ND","ND","ND","ND","ND","301","1","74","226","ND","ND","ND","ND","ND","ND","ND","ND","ND","ND","ND","ND","ND","ND","ND","ND","ND","ND","ND","ND","ND","ND","ND","ND","ND","ND","ND","ND","ND","ND","ND","ND",
"Casos_de_tuberculosis",	16,"Michoacán_de_Ocampo","2004","306","3","36","267","ND","ND","ND","ND","ND","ND","ND","ND","ND","ND","ND","ND","ND","ND","ND","ND","ND","ND","ND","ND","ND","ND","ND","ND","ND","ND","ND","ND","ND","ND","ND","ND","198","1","19","178","ND","ND","ND","ND","ND","ND","ND","ND","ND","ND","ND","ND","ND","ND","ND","ND","ND","ND","ND","ND","ND","ND","ND","ND","ND","ND","ND","ND","ND","ND","ND","ND","108","2","17","89","ND","ND","ND","ND","ND","ND","ND","ND","ND","ND","ND","ND","ND","ND","ND","ND","ND","ND","ND","ND","ND","ND","ND","ND","ND","ND","ND","ND","ND","ND","ND","ND",
"Casos_de_tuberculosis",	17,"Morelos","2004","199","2","45","152","ND","ND","ND","ND","ND","ND","ND","ND","ND","ND","ND","ND","ND","ND","ND","ND","ND","ND","ND","ND","ND","ND","ND","ND","ND","ND","ND","ND","ND","ND","ND","ND","107","0","26","81","ND","ND","ND","ND","ND","ND","ND","ND","ND","ND","ND","ND","ND","ND","ND","ND","ND","ND","ND","ND","ND","ND","ND","ND","ND","ND","ND","ND","ND","ND","ND","ND","92","2","19","71","ND","ND","ND","ND","ND","ND","ND","ND","ND","ND","ND","ND","ND","ND","ND","ND","ND","ND","ND","ND","ND","ND","ND","ND","ND","ND","ND","ND","ND","ND","ND","ND",
"Casos_de_tuberculosis",	18,"Nayarit","2004","280","2","50","228","ND","ND","ND","ND","ND","ND","ND","ND","ND","ND","ND","ND","ND","ND","ND","ND","ND","ND","ND","ND","ND","ND","ND","ND","ND","ND","ND","ND","ND","ND","ND","ND","176","1","30","145","ND","ND","ND","ND","ND","ND","ND","ND","ND","ND","ND","ND","ND","ND","ND","ND","ND","ND","ND","ND","ND","ND","ND","ND","ND","ND","ND","ND","ND","ND","ND","ND","104","1","20","83","ND","ND","ND","ND","ND","ND","ND","ND","ND","ND","ND","ND","ND","ND","ND","ND","ND","ND","ND","ND","ND","ND","ND","ND","ND","ND","ND","ND","ND","ND","ND","ND",
"Casos_de_tuberculosis",	19,"Nuevo_León","2004","1,044","7","120","917","ND","ND","ND","ND","ND","ND","ND","ND","ND","ND","ND","ND","ND","ND","ND","ND","ND","ND","ND","ND","ND","ND","ND","ND","ND","ND","ND","ND","ND","ND","ND","ND","636","4","63","569","ND","ND","ND","ND","ND","ND","ND","ND","ND","ND","ND","ND","ND","ND","ND","ND","ND","ND","ND","ND","ND","ND","ND","ND","ND","ND","ND","ND","ND","ND","ND","ND","408","3","57","348","ND","ND","ND","ND","ND","ND","ND","ND","ND","ND","ND","ND","ND","ND","ND","ND","ND","ND","ND","ND","ND","ND","ND","ND","ND","ND","ND","ND","ND","ND","ND","ND",
"Casos_de_tuberculosis",	20,"Oaxaca","2004","812","6","104","702","ND","ND","ND","ND","ND","ND","ND","ND","ND","ND","ND","ND","ND","ND","ND","ND","ND","ND","ND","ND","ND","ND","ND","ND","ND","ND","ND","ND","ND","ND","ND","ND","459","3","49","407","ND","ND","ND","ND","ND","ND","ND","ND","ND","ND","ND","ND","ND","ND","ND","ND","ND","ND","ND","ND","ND","ND","ND","ND","ND","ND","ND","ND","ND","ND","ND","ND","353","3","55","295","ND","ND","ND","ND","ND","ND","ND","ND","ND","ND","ND","ND","ND","ND","ND","ND","ND","ND","ND","ND","ND","ND","ND","ND","ND","ND","ND","ND","ND","ND","ND","ND",
"Casos_de_tuberculosis",	21,"Puebla","2004","461","2","84","375","ND","ND","ND","ND","ND","ND","ND","ND","ND","ND","ND","ND","ND","ND","ND","ND","ND","ND","ND","ND","ND","ND","ND","ND","ND","ND","ND","ND","ND","ND","ND","ND","229","1","39","189","ND","ND","ND","ND","ND","ND","ND","ND","ND","ND","ND","ND","ND","ND","ND","ND","ND","ND","ND","ND","ND","ND","ND","ND","ND","ND","ND","ND","ND","ND","ND","ND","232","1","45","186","ND","ND","ND","ND","ND","ND","ND","ND","ND","ND","ND","ND","ND","ND","ND","ND","ND","ND","ND","ND","ND","ND","ND","ND","ND","ND","ND","ND","ND","ND","ND","ND",
"Casos_de_tuberculosis",	22,"Querétaro","2004","223","6","79","138","ND","ND","ND","ND","ND","ND","ND","ND","ND","ND","ND","ND","ND","ND","ND","ND","ND","ND","ND","ND","ND","ND","ND","ND","ND","ND","ND","ND","ND","ND","ND","ND","126","4","40","82","ND","ND","ND","ND","ND","ND","ND","ND","ND","ND","ND","ND","ND","ND","ND","ND","ND","ND","ND","ND","ND","ND","ND","ND","ND","ND","ND","ND","ND","ND","ND","ND","97","2","39","56","ND","ND","ND","ND","ND","ND","ND","ND","ND","ND","ND","ND","ND","ND","ND","ND","ND","ND","ND","ND","ND","ND","ND","ND","ND","ND","ND","ND","ND","ND","ND","ND",
"Casos_de_tuberculosis",	23,"Quintana_Roo","2004","106","0","9","97","ND","ND","ND","ND","ND","ND","ND","ND","ND","ND","ND","ND","ND","ND","ND","ND","ND","ND","ND","ND","ND","ND","ND","ND","ND","ND","ND","ND","ND","ND","ND","ND","62","0","4","58","ND","ND","ND","ND","ND","ND","ND","ND","ND","ND","ND","ND","ND","ND","ND","ND","ND","ND","ND","ND","ND","ND","ND","ND","ND","ND","ND","ND","ND","ND","ND","ND","44","0","5","39","ND","ND","ND","ND","ND","ND","ND","ND","ND","ND","ND","ND","ND","ND","ND","ND","ND","ND","ND","ND","ND","ND","ND","ND","ND","ND","ND","ND","ND","ND","ND","ND",
"Casos_de_tuberculosis",	24,"San_Luis_Potosí","2004","435","7","82","346","ND","ND","ND","ND","ND","ND","ND","ND","ND","ND","ND","ND","ND","ND","ND","ND","ND","ND","ND","ND","ND","ND","ND","ND","ND","ND","ND","ND","ND","ND","ND","ND","240","5","29","206","ND","ND","ND","ND","ND","ND","ND","ND","ND","ND","ND","ND","ND","ND","ND","ND","ND","ND","ND","ND","ND","ND","ND","ND","ND","ND","ND","ND","ND","ND","ND","ND","195","2","53","140","ND","ND","ND","ND","ND","ND","ND","ND","ND","ND","ND","ND","ND","ND","ND","ND","ND","ND","ND","ND","ND","ND","ND","ND","ND","ND","ND","ND","ND","ND","ND","ND",
"Casos_de_tuberculosis",	25,"Sinaloa","2004","689","4","65","620","ND","ND","ND","ND","ND","ND","ND","ND","ND","ND","ND","ND","ND","ND","ND","ND","ND","ND","ND","ND","ND","ND","ND","ND","ND","ND","ND","ND","ND","ND","ND","ND","437","3","29","405","ND","ND","ND","ND","ND","ND","ND","ND","ND","ND","ND","ND","ND","ND","ND","ND","ND","ND","ND","ND","ND","ND","ND","ND","ND","ND","ND","ND","ND","ND","ND","ND","252","1","36","215","ND","ND","ND","ND","ND","ND","ND","ND","ND","ND","ND","ND","ND","ND","ND","ND","ND","ND","ND","ND","ND","ND","ND","ND","ND","ND","ND","ND","ND","ND","ND","ND",
"Casos_de_tuberculosis",	26,"Sonora","2004","691","3","63","625","ND","ND","ND","ND","ND","ND","ND","ND","ND","ND","ND","ND","ND","ND","ND","ND","ND","ND","ND","ND","ND","ND","ND","ND","ND","ND","ND","ND","ND","ND","ND","ND","475","3","38","434","ND","ND","ND","ND","ND","ND","ND","ND","ND","ND","ND","ND","ND","ND","ND","ND","ND","ND","ND","ND","ND","ND","ND","ND","ND","ND","ND","ND","ND","ND","ND","ND","216","0","25","191","ND","ND","ND","ND","ND","ND","ND","ND","ND","ND","ND","ND","ND","ND","ND","ND","ND","ND","ND","ND","ND","ND","ND","ND","ND","ND","ND","ND","ND","ND","ND","ND",
"Casos_de_tuberculosis",	27,"Tabasco","2004","465","1","35","429","ND","ND","ND","ND","ND","ND","ND","ND","ND","ND","ND","ND","ND","ND","ND","ND","ND","ND","ND","ND","ND","ND","ND","ND","ND","ND","ND","ND","ND","ND","ND","ND","316","1","27","288","ND","ND","ND","ND","ND","ND","ND","ND","ND","ND","ND","ND","ND","ND","ND","ND","ND","ND","ND","ND","ND","ND","ND","ND","ND","ND","ND","ND","ND","ND","ND","ND","149","0","8","141","ND","ND","ND","ND","ND","ND","ND","ND","ND","ND","ND","ND","ND","ND","ND","ND","ND","ND","ND","ND","ND","ND","ND","ND","ND","ND","ND","ND","ND","ND","ND","ND",
"Casos_de_tuberculosis",	28,"Tamaulipas","2004","1,040","1","72","967","ND","ND","ND","ND","ND","ND","ND","ND","ND","ND","ND","ND","ND","ND","ND","ND","ND","ND","ND","ND","ND","ND","ND","ND","ND","ND","ND","ND","ND","ND","ND","ND","672","1","41","630","ND","ND","ND","ND","ND","ND","ND","ND","ND","ND","ND","ND","ND","ND","ND","ND","ND","ND","ND","ND","ND","ND","ND","ND","ND","ND","ND","ND","ND","ND","ND","ND","368","0","31","337","ND","ND","ND","ND","ND","ND","ND","ND","ND","ND","ND","ND","ND","ND","ND","ND","ND","ND","ND","ND","ND","ND","ND","ND","ND","ND","ND","ND","ND","ND","ND","ND",
"Casos_de_tuberculosis",	29,"Tlaxcala","2004","69","1","15","53","ND","ND","ND","ND","ND","ND","ND","ND","ND","ND","ND","ND","ND","ND","ND","ND","ND","ND","ND","ND","ND","ND","ND","ND","ND","ND","ND","ND","ND","ND","ND","ND","38","1","8","29","ND","ND","ND","ND","ND","ND","ND","ND","ND","ND","ND","ND","ND","ND","ND","ND","ND","ND","ND","ND","ND","ND","ND","ND","ND","ND","ND","ND","ND","ND","ND","ND","31","0","7","24","ND","ND","ND","ND","ND","ND","ND","ND","ND","ND","ND","ND","ND","ND","ND","ND","ND","ND","ND","ND","ND","ND","ND","ND","ND","ND","ND","ND","ND","ND","ND","ND",
"Casos_de_tuberculosis",	30,"Veracruz_de_Ignacio_de_la_Llave","2004","1,886","19","134","1,733","ND","ND","ND","ND","ND","ND","ND","ND","ND","ND","ND","ND","ND","ND","ND","ND","ND","ND","ND","ND","ND","ND","ND","ND","ND","ND","ND","ND","ND","ND","ND","ND","1,162","12","75","1,075","ND","ND","ND","ND","ND","ND","ND","ND","ND","ND","ND","ND","ND","ND","ND","ND","ND","ND","ND","ND","ND","ND","ND","ND","ND","ND","ND","ND","ND","ND","ND","ND","724","7","59","658","ND","ND","ND","ND","ND","ND","ND","ND","ND","ND","ND","ND","ND","ND","ND","ND","ND","ND","ND","ND","ND","ND","ND","ND","ND","ND","ND","ND","ND","ND","ND","ND",
"Casos_de_tuberculosis",	31,"Yucatán","2004","174","1","23","150","ND","ND","ND","ND","ND","ND","ND","ND","ND","ND","ND","ND","ND","ND","ND","ND","ND","ND","ND","ND","ND","ND","ND","ND","ND","ND","ND","ND","ND","ND","ND","ND","97","0","15","82","ND","ND","ND","ND","ND","ND","ND","ND","ND","ND","ND","ND","ND","ND","ND","ND","ND","ND","ND","ND","ND","ND","ND","ND","ND","ND","ND","ND","ND","ND","ND","ND","77","1","8","68","ND","ND","ND","ND","ND","ND","ND","ND","ND","ND","ND","ND","ND","ND","ND","ND","ND","ND","ND","ND","ND","ND","ND","ND","ND","ND","ND","ND","ND","ND","ND","ND",
"Casos_de_tuberculosis",	32,"Zacatecas","2004","88","3","32","53","ND","ND","ND","ND","ND","ND","ND","ND","ND","ND","ND","ND","ND","ND","ND","ND","ND","ND","ND","ND","ND","ND","ND","ND","ND","ND","ND","ND","ND","ND","ND","ND","49","1","15","33","ND","ND","ND","ND","ND","ND","ND","ND","ND","ND","ND","ND","ND","ND","ND","ND","ND","ND","ND","ND","ND","ND","ND","ND","ND","ND","ND","ND","ND","ND","ND","ND","39","2","17","20","ND","ND","ND","ND","ND","ND","ND","ND","ND","ND","ND","ND","ND","ND","ND","ND","ND","ND","ND","ND","ND","ND","ND","ND","ND","ND","ND","ND","ND","ND","ND","ND",
"Casos_de_tuberculosis",	00,"Estados_Unidos_Mexicanos","2003","17,329","165","2,109","15,055","36","1","3","32","193","2","77","114","637","19","236","382","2,762","35","340","2,387","5,927","62","758","5,107","5,003","32","472","4,499","2,741","13","219","2,509","30","1","4","25","10,282","102","1,011","9,169","26","0","2","24","119","1","48","70","291","9","111","171","1,527","17","150","1,360","3,678","50","380","3,248","2,941","17","207","2,717","1,681","7","113","1,561","19","1","0","18","7,047","63","1,098","5,886","10","1","1","8","74","1","29","44","346","10","125","211","1,235","18","190","1,027","2,249","12","378","1,859","2,062","15","265","1,782","1,060","6","106","948","11","0","4","7",
"Casos_de_tuberculosis",	01,"Aguascalientes","2003","87","1","19","67","ND","ND","ND","ND","ND","ND","ND","ND","ND","ND","ND","ND","ND","ND","ND","ND","ND","ND","ND","ND","ND","ND","ND","ND","ND","ND","ND","ND","ND","ND","ND","ND","43","1","5","37","ND","ND","ND","ND","ND","ND","ND","ND","ND","ND","ND","ND","ND","ND","ND","ND","ND","ND","ND","ND","ND","ND","ND","ND","ND","ND","ND","ND","ND","ND","ND","ND","44","0","14","30","ND","ND","ND","ND","ND","ND","ND","ND","ND","ND","ND","ND","ND","ND","ND","ND","ND","ND","ND","ND","ND","ND","ND","ND","ND","ND","ND","ND","ND","ND","ND","ND",
"Casos_de_tuberculosis",	02,"Baja_California","2003","1,330","17","153","1,160","ND","ND","ND","ND","ND","ND","ND","ND","ND","ND","ND","ND","ND","ND","ND","ND","ND","ND","ND","ND","ND","ND","ND","ND","ND","ND","ND","ND","ND","ND","ND","ND","920","11","91","818","ND","ND","ND","ND","ND","ND","ND","ND","ND","ND","ND","ND","ND","ND","ND","ND","ND","ND","ND","ND","ND","ND","ND","ND","ND","ND","ND","ND","ND","ND","ND","ND","410","6","62","342","ND","ND","ND","ND","ND","ND","ND","ND","ND","ND","ND","ND","ND","ND","ND","ND","ND","ND","ND","ND","ND","ND","ND","ND","ND","ND","ND","ND","ND","ND","ND","ND",
"Casos_de_tuberculosis",	03,"Baja_California_Sur","2003","111","2","9","100","ND","ND","ND","ND","ND","ND","ND","ND","ND","ND","ND","ND","ND","ND","ND","ND","ND","ND","ND","ND","ND","ND","ND","ND","ND","ND","ND","ND","ND","ND","ND","ND","72","2","5","65","ND","ND","ND","ND","ND","ND","ND","ND","ND","ND","ND","ND","ND","ND","ND","ND","ND","ND","ND","ND","ND","ND","ND","ND","ND","ND","ND","ND","ND","ND","ND","ND","39","0","4","35","ND","ND","ND","ND","ND","ND","ND","ND","ND","ND","ND","ND","ND","ND","ND","ND","ND","ND","ND","ND","ND","ND","ND","ND","ND","ND","ND","ND","ND","ND","ND","ND",
"Casos_de_tuberculosis",	04,"Campeche","2003","138","0","24","114","ND","ND","ND","ND","ND","ND","ND","ND","ND","ND","ND","ND","ND","ND","ND","ND","ND","ND","ND","ND","ND","ND","ND","ND","ND","ND","ND","ND","ND","ND","ND","ND","76","0","8","68","ND","ND","ND","ND","ND","ND","ND","ND","ND","ND","ND","ND","ND","ND","ND","ND","ND","ND","ND","ND","ND","ND","ND","ND","ND","ND","ND","ND","ND","ND","ND","ND","62","0","16","46","ND","ND","ND","ND","ND","ND","ND","ND","ND","ND","ND","ND","ND","ND","ND","ND","ND","ND","ND","ND","ND","ND","ND","ND","ND","ND","ND","ND","ND","ND","ND","ND",
"Casos_de_tuberculosis",	05,"Coahuila_de_Zaragoza","2003","487","1","56","430","ND","ND","ND","ND","ND","ND","ND","ND","ND","ND","ND","ND","ND","ND","ND","ND","ND","ND","ND","ND","ND","ND","ND","ND","ND","ND","ND","ND","ND","ND","ND","ND","299","1","30","268","ND","ND","ND","ND","ND","ND","ND","ND","ND","ND","ND","ND","ND","ND","ND","ND","ND","ND","ND","ND","ND","ND","ND","ND","ND","ND","ND","ND","ND","ND","ND","ND","188","0","26","162","ND","ND","ND","ND","ND","ND","ND","ND","ND","ND","ND","ND","ND","ND","ND","ND","ND","ND","ND","ND","ND","ND","ND","ND","ND","ND","ND","ND","ND","ND","ND","ND",
"Casos_de_tuberculosis",	06,"Colima","2003","120","2","14","104","ND","ND","ND","ND","ND","ND","ND","ND","ND","ND","ND","ND","ND","ND","ND","ND","ND","ND","ND","ND","ND","ND","ND","ND","ND","ND","ND","ND","ND","ND","ND","ND","67","0","7","60","ND","ND","ND","ND","ND","ND","ND","ND","ND","ND","ND","ND","ND","ND","ND","ND","ND","ND","ND","ND","ND","ND","ND","ND","ND","ND","ND","ND","ND","ND","ND","ND","53","2","7","44","ND","ND","ND","ND","ND","ND","ND","ND","ND","ND","ND","ND","ND","ND","ND","ND","ND","ND","ND","ND","ND","ND","ND","ND","ND","ND","ND","ND","ND","ND","ND","ND",
"Casos_de_tuberculosis",	07,"Chiapas","2003","1,424","5","97","1,322","ND","ND","ND","ND","ND","ND","ND","ND","ND","ND","ND","ND","ND","ND","ND","ND","ND","ND","ND","ND","ND","ND","ND","ND","ND","ND","ND","ND","ND","ND","ND","ND","784","4","49","731","ND","ND","ND","ND","ND","ND","ND","ND","ND","ND","ND","ND","ND","ND","ND","ND","ND","ND","ND","ND","ND","ND","ND","ND","ND","ND","ND","ND","ND","ND","ND","ND","640","1","48","591","ND","ND","ND","ND","ND","ND","ND","ND","ND","ND","ND","ND","ND","ND","ND","ND","ND","ND","ND","ND","ND","ND","ND","ND","ND","ND","ND","ND","ND","ND","ND","ND",
"Casos_de_tuberculosis",	08,"Chihuahua","2003","573","6","55","512","ND","ND","ND","ND","ND","ND","ND","ND","ND","ND","ND","ND","ND","ND","ND","ND","ND","ND","ND","ND","ND","ND","ND","ND","ND","ND","ND","ND","ND","ND","ND","ND","336","4","19","313","ND","ND","ND","ND","ND","ND","ND","ND","ND","ND","ND","ND","ND","ND","ND","ND","ND","ND","ND","ND","ND","ND","ND","ND","ND","ND","ND","ND","ND","ND","ND","ND","237","2","36","199","ND","ND","ND","ND","ND","ND","ND","ND","ND","ND","ND","ND","ND","ND","ND","ND","ND","ND","ND","ND","ND","ND","ND","ND","ND","ND","ND","ND","ND","ND","ND","ND",
"Casos_de_tuberculosis",	09,"Ciudad_de_México","2003","746","31","209","506","ND","ND","ND","ND","ND","ND","ND","ND","ND","ND","ND","ND","ND","ND","ND","ND","ND","ND","ND","ND","ND","ND","ND","ND","ND","ND","ND","ND","ND","ND","ND","ND","399","17","95","287","ND","ND","ND","ND","ND","ND","ND","ND","ND","ND","ND","ND","ND","ND","ND","ND","ND","ND","ND","ND","ND","ND","ND","ND","ND","ND","ND","ND","ND","ND","ND","ND","347","14","114","219","ND","ND","ND","ND","ND","ND","ND","ND","ND","ND","ND","ND","ND","ND","ND","ND","ND","ND","ND","ND","ND","ND","ND","ND","ND","ND","ND","ND","ND","ND","ND","ND",
"Casos_de_tuberculosis",	10,"Durango","2003","213","1","27","185","ND","ND","ND","ND","ND","ND","ND","ND","ND","ND","ND","ND","ND","ND","ND","ND","ND","ND","ND","ND","ND","ND","ND","ND","ND","ND","ND","ND","ND","ND","ND","ND","123","1","13","109","ND","ND","ND","ND","ND","ND","ND","ND","ND","ND","ND","ND","ND","ND","ND","ND","ND","ND","ND","ND","ND","ND","ND","ND","ND","ND","ND","ND","ND","ND","ND","ND","90","0","14","76","ND","ND","ND","ND","ND","ND","ND","ND","ND","ND","ND","ND","ND","ND","ND","ND","ND","ND","ND","ND","ND","ND","ND","ND","ND","ND","ND","ND","ND","ND","ND","ND",
"Casos_de_tuberculosis",	11,"Guanajuato","2003","279","2","56","221","ND","ND","ND","ND","ND","ND","ND","ND","ND","ND","ND","ND","ND","ND","ND","ND","ND","ND","ND","ND","ND","ND","ND","ND","ND","ND","ND","ND","ND","ND","ND","ND","149","0","23","126","ND","ND","ND","ND","ND","ND","ND","ND","ND","ND","ND","ND","ND","ND","ND","ND","ND","ND","ND","ND","ND","ND","ND","ND","ND","ND","ND","ND","ND","ND","ND","ND","130","2","33","95","ND","ND","ND","ND","ND","ND","ND","ND","ND","ND","ND","ND","ND","ND","ND","ND","ND","ND","ND","ND","ND","ND","ND","ND","ND","ND","ND","ND","ND","ND","ND","ND",
"Casos_de_tuberculosis",	12,"Guerrero","2003","1,052","8","76","968","ND","ND","ND","ND","ND","ND","ND","ND","ND","ND","ND","ND","ND","ND","ND","ND","ND","ND","ND","ND","ND","ND","ND","ND","ND","ND","ND","ND","ND","ND","ND","ND","592","4","40","548","ND","ND","ND","ND","ND","ND","ND","ND","ND","ND","ND","ND","ND","ND","ND","ND","ND","ND","ND","ND","ND","ND","ND","ND","ND","ND","ND","ND","ND","ND","ND","ND","460","4","36","420","ND","ND","ND","ND","ND","ND","ND","ND","ND","ND","ND","ND","ND","ND","ND","ND","ND","ND","ND","ND","ND","ND","ND","ND","ND","ND","ND","ND","ND","ND","ND","ND",
"Casos_de_tuberculosis",	13,"Hidalgo","2003","277","1","17","259","ND","ND","ND","ND","ND","ND","ND","ND","ND","ND","ND","ND","ND","ND","ND","ND","ND","ND","ND","ND","ND","ND","ND","ND","ND","ND","ND","ND","ND","ND","ND","ND","158","0","8","150","ND","ND","ND","ND","ND","ND","ND","ND","ND","ND","ND","ND","ND","ND","ND","ND","ND","ND","ND","ND","ND","ND","ND","ND","ND","ND","ND","ND","ND","ND","ND","ND","119","1","9","109","ND","ND","ND","ND","ND","ND","ND","ND","ND","ND","ND","ND","ND","ND","ND","ND","ND","ND","ND","ND","ND","ND","ND","ND","ND","ND","ND","ND","ND","ND","ND","ND",
"Casos_de_tuberculosis",	14,"Jalisco","2003","826","10","222","594","ND","ND","ND","ND","ND","ND","ND","ND","ND","ND","ND","ND","ND","ND","ND","ND","ND","ND","ND","ND","ND","ND","ND","ND","ND","ND","ND","ND","ND","ND","ND","ND","470","4","94","372","ND","ND","ND","ND","ND","ND","ND","ND","ND","ND","ND","ND","ND","ND","ND","ND","ND","ND","ND","ND","ND","ND","ND","ND","ND","ND","ND","ND","ND","ND","ND","ND","356","6","128","222","ND","ND","ND","ND","ND","ND","ND","ND","ND","ND","ND","ND","ND","ND","ND","ND","ND","ND","ND","ND","ND","ND","ND","ND","ND","ND","ND","ND","ND","ND","ND","ND",
"Casos_de_tuberculosis",	15,"México","2003","614","2","152","460","ND","ND","ND","ND","ND","ND","ND","ND","ND","ND","ND","ND","ND","ND","ND","ND","ND","ND","ND","ND","ND","ND","ND","ND","ND","ND","ND","ND","ND","ND","ND","ND","322","1","82","239","ND","ND","ND","ND","ND","ND","ND","ND","ND","ND","ND","ND","ND","ND","ND","ND","ND","ND","ND","ND","ND","ND","ND","ND","ND","ND","ND","ND","ND","ND","ND","ND","292","1","70","221","ND","ND","ND","ND","ND","ND","ND","ND","ND","ND","ND","ND","ND","ND","ND","ND","ND","ND","ND","ND","ND","ND","ND","ND","ND","ND","ND","ND","ND","ND","ND","ND",
"Casos_de_tuberculosis",	16,"Michoacán_de_Ocampo","2003","328","1","39","288","ND","ND","ND","ND","ND","ND","ND","ND","ND","ND","ND","ND","ND","ND","ND","ND","ND","ND","ND","ND","ND","ND","ND","ND","ND","ND","ND","ND","ND","ND","ND","ND","175","0","14","161","ND","ND","ND","ND","ND","ND","ND","ND","ND","ND","ND","ND","ND","ND","ND","ND","ND","ND","ND","ND","ND","ND","ND","ND","ND","ND","ND","ND","ND","ND","ND","ND","153","1","25","127","ND","ND","ND","ND","ND","ND","ND","ND","ND","ND","ND","ND","ND","ND","ND","ND","ND","ND","ND","ND","ND","ND","ND","ND","ND","ND","ND","ND","ND","ND","ND","ND",
"Casos_de_tuberculosis",	17,"Morelos","2003","234","2","57","175","ND","ND","ND","ND","ND","ND","ND","ND","ND","ND","ND","ND","ND","ND","ND","ND","ND","ND","ND","ND","ND","ND","ND","ND","ND","ND","ND","ND","ND","ND","ND","ND","112","2","21","89","ND","ND","ND","ND","ND","ND","ND","ND","ND","ND","ND","ND","ND","ND","ND","ND","ND","ND","ND","ND","ND","ND","ND","ND","ND","ND","ND","ND","ND","ND","ND","ND","122","0","36","86","ND","ND","ND","ND","ND","ND","ND","ND","ND","ND","ND","ND","ND","ND","ND","ND","ND","ND","ND","ND","ND","ND","ND","ND","ND","ND","ND","ND","ND","ND","ND","ND",
"Casos_de_tuberculosis",	18,"Nayarit","2003","311","1","46","264","ND","ND","ND","ND","ND","ND","ND","ND","ND","ND","ND","ND","ND","ND","ND","ND","ND","ND","ND","ND","ND","ND","ND","ND","ND","ND","ND","ND","ND","ND","ND","ND","183","1","21","161","ND","ND","ND","ND","ND","ND","ND","ND","ND","ND","ND","ND","ND","ND","ND","ND","ND","ND","ND","ND","ND","ND","ND","ND","ND","ND","ND","ND","ND","ND","ND","ND","128","0","25","103","ND","ND","ND","ND","ND","ND","ND","ND","ND","ND","ND","ND","ND","ND","ND","ND","ND","ND","ND","ND","ND","ND","ND","ND","ND","ND","ND","ND","ND","ND","ND","ND",
"Casos_de_tuberculosis",	19,"Nuevo_León","2003","1,326","7","134","1,185","ND","ND","ND","ND","ND","ND","ND","ND","ND","ND","ND","ND","ND","ND","ND","ND","ND","ND","ND","ND","ND","ND","ND","ND","ND","ND","ND","ND","ND","ND","ND","ND","846","4","80","762","ND","ND","ND","ND","ND","ND","ND","ND","ND","ND","ND","ND","ND","ND","ND","ND","ND","ND","ND","ND","ND","ND","ND","ND","ND","ND","ND","ND","ND","ND","ND","ND","480","3","54","423","ND","ND","ND","ND","ND","ND","ND","ND","ND","ND","ND","ND","ND","ND","ND","ND","ND","ND","ND","ND","ND","ND","ND","ND","ND","ND","ND","ND","ND","ND","ND","ND",
"Casos_de_tuberculosis",	20,"Oaxaca","2003","723","7","84","632","ND","ND","ND","ND","ND","ND","ND","ND","ND","ND","ND","ND","ND","ND","ND","ND","ND","ND","ND","ND","ND","ND","ND","ND","ND","ND","ND","ND","ND","ND","ND","ND","380","3","41","336","ND","ND","ND","ND","ND","ND","ND","ND","ND","ND","ND","ND","ND","ND","ND","ND","ND","ND","ND","ND","ND","ND","ND","ND","ND","ND","ND","ND","ND","ND","ND","ND","343","4","43","296","ND","ND","ND","ND","ND","ND","ND","ND","ND","ND","ND","ND","ND","ND","ND","ND","ND","ND","ND","ND","ND","ND","ND","ND","ND","ND","ND","ND","ND","ND","ND","ND",
"Casos_de_tuberculosis",	21,"Puebla","2003","385","1","56","328","ND","ND","ND","ND","ND","ND","ND","ND","ND","ND","ND","ND","ND","ND","ND","ND","ND","ND","ND","ND","ND","ND","ND","ND","ND","ND","ND","ND","ND","ND","ND","ND","200","1","28","171","ND","ND","ND","ND","ND","ND","ND","ND","ND","ND","ND","ND","ND","ND","ND","ND","ND","ND","ND","ND","ND","ND","ND","ND","ND","ND","ND","ND","ND","ND","ND","ND","185","0","28","157","ND","ND","ND","ND","ND","ND","ND","ND","ND","ND","ND","ND","ND","ND","ND","ND","ND","ND","ND","ND","ND","ND","ND","ND","ND","ND","ND","ND","ND","ND","ND","ND",
"Casos_de_tuberculosis",	22,"Querétaro","2003","205","3","52","150","ND","ND","ND","ND","ND","ND","ND","ND","ND","ND","ND","ND","ND","ND","ND","ND","ND","ND","ND","ND","ND","ND","ND","ND","ND","ND","ND","ND","ND","ND","ND","ND","104","2","16","86","ND","ND","ND","ND","ND","ND","ND","ND","ND","ND","ND","ND","ND","ND","ND","ND","ND","ND","ND","ND","ND","ND","ND","ND","ND","ND","ND","ND","ND","ND","ND","ND","101","1","36","64","ND","ND","ND","ND","ND","ND","ND","ND","ND","ND","ND","ND","ND","ND","ND","ND","ND","ND","ND","ND","ND","ND","ND","ND","ND","ND","ND","ND","ND","ND","ND","ND",
"Casos_de_tuberculosis",	23,"Quintana_Roo","2003","141","0","9","132","ND","ND","ND","ND","ND","ND","ND","ND","ND","ND","ND","ND","ND","ND","ND","ND","ND","ND","ND","ND","ND","ND","ND","ND","ND","ND","ND","ND","ND","ND","ND","ND","91","0","5","86","ND","ND","ND","ND","ND","ND","ND","ND","ND","ND","ND","ND","ND","ND","ND","ND","ND","ND","ND","ND","ND","ND","ND","ND","ND","ND","ND","ND","ND","ND","ND","ND","50","0","4","46","ND","ND","ND","ND","ND","ND","ND","ND","ND","ND","ND","ND","ND","ND","ND","ND","ND","ND","ND","ND","ND","ND","ND","ND","ND","ND","ND","ND","ND","ND","ND","ND",
"Casos_de_tuberculosis",	24,"San_Luis_Potosí","2003","294","3","39","252","ND","ND","ND","ND","ND","ND","ND","ND","ND","ND","ND","ND","ND","ND","ND","ND","ND","ND","ND","ND","ND","ND","ND","ND","ND","ND","ND","ND","ND","ND","ND","ND","158","2","13","143","ND","ND","ND","ND","ND","ND","ND","ND","ND","ND","ND","ND","ND","ND","ND","ND","ND","ND","ND","ND","ND","ND","ND","ND","ND","ND","ND","ND","ND","ND","ND","ND","136","1","26","109","ND","ND","ND","ND","ND","ND","ND","ND","ND","ND","ND","ND","ND","ND","ND","ND","ND","ND","ND","ND","ND","ND","ND","ND","ND","ND","ND","ND","ND","ND","ND","ND",
"Casos_de_tuberculosis",	25,"Sinaloa","2003","675","3","58","614","ND","ND","ND","ND","ND","ND","ND","ND","ND","ND","ND","ND","ND","ND","ND","ND","ND","ND","ND","ND","ND","ND","ND","ND","ND","ND","ND","ND","ND","ND","ND","ND","414","3","20","391","ND","ND","ND","ND","ND","ND","ND","ND","ND","ND","ND","ND","ND","ND","ND","ND","ND","ND","ND","ND","ND","ND","ND","ND","ND","ND","ND","ND","ND","ND","ND","ND","261","0","38","223","ND","ND","ND","ND","ND","ND","ND","ND","ND","ND","ND","ND","ND","ND","ND","ND","ND","ND","ND","ND","ND","ND","ND","ND","ND","ND","ND","ND","ND","ND","ND","ND",
"Casos_de_tuberculosis",	26,"Sonora","2003","623","2","66","555","ND","ND","ND","ND","ND","ND","ND","ND","ND","ND","ND","ND","ND","ND","ND","ND","ND","ND","ND","ND","ND","ND","ND","ND","ND","ND","ND","ND","ND","ND","ND","ND","456","2","39","415","ND","ND","ND","ND","ND","ND","ND","ND","ND","ND","ND","ND","ND","ND","ND","ND","ND","ND","ND","ND","ND","ND","ND","ND","ND","ND","ND","ND","ND","ND","ND","ND","167","0","27","140","ND","ND","ND","ND","ND","ND","ND","ND","ND","ND","ND","ND","ND","ND","ND","ND","ND","ND","ND","ND","ND","ND","ND","ND","ND","ND","ND","ND","ND","ND","ND","ND",
"Casos_de_tuberculosis",	27,"Tabasco","2003","509","3","26","480","ND","ND","ND","ND","ND","ND","ND","ND","ND","ND","ND","ND","ND","ND","ND","ND","ND","ND","ND","ND","ND","ND","ND","ND","ND","ND","ND","ND","ND","ND","ND","ND","316","2","15","299","ND","ND","ND","ND","ND","ND","ND","ND","ND","ND","ND","ND","ND","ND","ND","ND","ND","ND","ND","ND","ND","ND","ND","ND","ND","ND","ND","ND","ND","ND","ND","ND","193","1","11","181","ND","ND","ND","ND","ND","ND","ND","ND","ND","ND","ND","ND","ND","ND","ND","ND","ND","ND","ND","ND","ND","ND","ND","ND","ND","ND","ND","ND","ND","ND","ND","ND",
"Casos_de_tuberculosis",	28,"Tamaulipas","2003","1,005","4","68","933","ND","ND","ND","ND","ND","ND","ND","ND","ND","ND","ND","ND","ND","ND","ND","ND","ND","ND","ND","ND","ND","ND","ND","ND","ND","ND","ND","ND","ND","ND","ND","ND","670","4","34","632","ND","ND","ND","ND","ND","ND","ND","ND","ND","ND","ND","ND","ND","ND","ND","ND","ND","ND","ND","ND","ND","ND","ND","ND","ND","ND","ND","ND","ND","ND","ND","ND","335","0","34","301","ND","ND","ND","ND","ND","ND","ND","ND","ND","ND","ND","ND","ND","ND","ND","ND","ND","ND","ND","ND","ND","ND","ND","ND","ND","ND","ND","ND","ND","ND","ND","ND",
"Casos_de_tuberculosis",	29,"Tlaxcala","2003","58","2","6","50","ND","ND","ND","ND","ND","ND","ND","ND","ND","ND","ND","ND","ND","ND","ND","ND","ND","ND","ND","ND","ND","ND","ND","ND","ND","ND","ND","ND","ND","ND","ND","ND","32","1","3","28","ND","ND","ND","ND","ND","ND","ND","ND","ND","ND","ND","ND","ND","ND","ND","ND","ND","ND","ND","ND","ND","ND","ND","ND","ND","ND","ND","ND","ND","ND","ND","ND","26","1","3","22","ND","ND","ND","ND","ND","ND","ND","ND","ND","ND","ND","ND","ND","ND","ND","ND","ND","ND","ND","ND","ND","ND","ND","ND","ND","ND","ND","ND","ND","ND","ND","ND",
"Casos_de_tuberculosis",	30,"Veracruz_de_Ignacio_de_la_Llave","2003","1,931","30","141","1,760","ND","ND","ND","ND","ND","ND","ND","ND","ND","ND","ND","ND","ND","ND","ND","ND","ND","ND","ND","ND","ND","ND","ND","ND","ND","ND","ND","ND","ND","ND","ND","ND","1,169","21","83","1,065","ND","ND","ND","ND","ND","ND","ND","ND","ND","ND","ND","ND","ND","ND","ND","ND","ND","ND","ND","ND","ND","ND","ND","ND","ND","ND","ND","ND","ND","ND","ND","ND","762","9","58","695","ND","ND","ND","ND","ND","ND","ND","ND","ND","ND","ND","ND","ND","ND","ND","ND","ND","ND","ND","ND","ND","ND","ND","ND","ND","ND","ND","ND","ND","ND","ND","ND",
"Casos_de_tuberculosis",	31,"Yucatán","2003","210","4","19","187","ND","ND","ND","ND","ND","ND","ND","ND","ND","ND","ND","ND","ND","ND","ND","ND","ND","ND","ND","ND","ND","ND","ND","ND","ND","ND","ND","ND","ND","ND","ND","ND","117","2","5","110","ND","ND","ND","ND","ND","ND","ND","ND","ND","ND","ND","ND","ND","ND","ND","ND","ND","ND","ND","ND","ND","ND","ND","ND","ND","ND","ND","ND","ND","ND","ND","ND","93","2","14","77","ND","ND","ND","ND","ND","ND","ND","ND","ND","ND","ND","ND","ND","ND","ND","ND","ND","ND","ND","ND","ND","ND","ND","ND","ND","ND","ND","ND","ND","ND","ND","ND",
"Casos_de_tuberculosis",	32,"Zacatecas","2003","94","3","23","68","ND","ND","ND","ND","ND","ND","ND","ND","ND","ND","ND","ND","ND","ND","ND","ND","ND","ND","ND","ND","ND","ND","ND","ND","ND","ND","ND","ND","ND","ND","ND","ND","49","2","4","43","ND","ND","ND","ND","ND","ND","ND","ND","ND","ND","ND","ND","ND","ND","ND","ND","ND","ND","ND","ND","ND","ND","ND","ND","ND","ND","ND","ND","ND","ND","ND","ND","45","1","19","25","ND","ND","ND","ND","ND","ND","ND","ND","ND","ND","ND","ND","ND","ND","ND","ND","ND","ND","ND","ND","ND","ND","ND","ND","ND","ND","ND","ND","ND","ND","ND","ND",
