"Serie","cvegeo","Entidad_federativa","Periodo","Población_alfabeta_15_a_24|Total","Población_alfabeta_15_a_24|Hombres","Población_alfabeta_15_a_24|Mujeres","Población_alfabeta_15_a_24|Hablantes_de_lengua_indígena","Población_alfabeta_15_a_24|Afrodescendientes","Población_alfabeta_15_a_24|Nacidos_en_México","Población_alfabeta_15_a_24|Nacidos_fuera_de_México","Población_alfabeta_15_a_24|Nacidos_en_los_Estados_Unidos_de_América","Población_alfabeta_15_a_24|Nacidos_en_la_República_de_Guatemala","Población_alfabeta_15_a_24|Nacidos_en_la_República_Bolivariana_de_Venezuela","Población_alfabeta_15_a_24|Nacidos_en_otro_país","Población_alfabeta_15_a_24|Nacidos_en_otro_país_no_especificado","Población_alfabeta_15_a_24|No_especificado_de_lugar_de_nacimiento","Población_alfabeta_15_a_24|Retornados","Población_alfabeta_15_a_24|En_marzo_del_2015_residía_en_la_misma_entidad_federativa","Población_alfabeta_15_a_24|En_marzo_del_2015_residía_en_otra_entidad_federativa","Población_alfabeta_15_a_24|En_marzo_de_2015_residía_en_otro_país","Población_alfabeta_15_a_24|Con_discapacidad","Población_alfabeta_15_a_24|Residentes_de_albergues_para_migrantes",
"Población_de_15_a_24_años",	00,"Estados_Unidos_Mexicanos","2020","21,228,785","10,628,034","10,600,751","1,191,382","437,362","20,934,432","264,310","214,886","10,569","6,254","32,268","333","30,043","20,843","20,266,052","861,354","63,926","417,083","2,083",
"Población_de_15_a_24_años",	01,"Aguascalientes","2020","258,987","130,057","128,930","410","4,033","255,308","3,564","3,153","21","50","338","2","115","413","244,946","12,505","983","5,392","ND",
"Población_de_15_a_24_años",	01001,"Aguascalientes","2020","170,386","85,750","84,636","299","2,700","168,204","2,103","1,736","16","45","304","2","79","247","159,651","9,587","645","3,553","ND",
"Población_de_15_a_24_años",	01002,"Asientos","2020","9,799","4,979","4,820","4","44","9,679","117","114","1","1","1","ND","3","18","9,525","244","28","230","ND",
"Población_de_15_a_24_años",	01003,"Calvillo","2020","10,155","5,044","5,111","12","52","9,796","358","356","1","ND","1","ND","1","49","9,801","246","106","243","ND",
"Población_de_15_a_24_años",	01004,"Cosío","2020","3,273","1,606","1,667","ND","383","3,235","38","38","ND","ND","ND","ND","ND","4","3,204","63","6","54","ND",
"Población_de_15_a_24_años",	01005,"Jesús_María","2020","24,320","12,224","12,096","16","489","23,932","368","338","2","4","24","ND","20","30","23,228","1,011","72","464","ND",
"Población_de_15_a_24_años",	01006,"Pabellón_de_Arteaga","2020","9,022","4,523","4,499","6","87","8,903","119","114","ND","ND","5","ND","ND","13","8,824","178","20","206","ND",
"Población_de_15_a_24_años",	01007,"Rincón_de_Romos","2020","10,833","5,444","5,389","45","51","10,662","170","167","1","ND","2","ND","1","22","10,473","318","42","246","ND",
"Población_de_15_a_24_años",	01008,"San_José_de_Gracia","2020","1,737","818","919","8","99","1,709","25","25","ND","ND","ND","ND","3","8","1,699","26","12","38","ND",
"Población_de_15_a_24_años",	01009,"Tepezalá","2020","4,335","2,158","2,177","4","21","4,272","62","62","ND","ND","ND","ND","1","2","4,261","67","7","60","ND",
"Población_de_15_a_24_años",	01010,"El_Llano","2020","3,790","1,891","1,899","ND","24","3,722","65","65","ND","ND","ND","ND","3","9","3,666","72","18","85","ND",
"Población_de_15_a_24_años",	01011,"San_Francisco_de_los_Romo","2020","11,337","5,620","5,717","16","83","11,194","139","138","ND","ND","1","ND","4","11","10,614","693","27","213","ND",
"Población_de_15_a_24_años",	02,"Baja_California","2020","655,998","334,748","321,250","9,324","11,565","622,955","31,735","29,480","187","156","1,900","12","1,308","1,336","593,156","54,831","5,498","12,101","195",
"Población_de_15_a_24_años",	02001,"Ensenada","2020","75,148","38,023","37,125","2,155","1,473","72,934","2,126","1,918","3","34","170","1","88","153","68,256","6,305","417","1,461","ND",
"Población_de_15_a_24_años",	02002,"Mexicali","2020","179,659","92,006","87,653","1,531","1,797","171,716","7,713","7,249","53","27","376","8","230","295","169,356","8,300","1,148","3,131","46",
"Población_de_15_a_24_años",	02003,"Tecate","2020","18,053","9,328","8,725","86","344","16,905","1,127","1,095","4","4","24","ND","21","29","16,676","1,018","170","334","ND",
"Población_de_15_a_24_años",	02004,"Tijuana","2020","337,506","172,015","165,491","1,937","6,647","317,427","19,185","17,732","125","84","1,241","3","894","773","299,087","33,735","3,450","5,994","149",
"Población_de_15_a_24_años",	02005,"Playas_de_Rosarito","2020","22,260","11,289","10,971","127","614","20,922","1,270","1,177","2","6","85","ND","68","64","20,105","1,826","272","405","ND",
"Población_de_15_a_24_años",	02006,"San_Quintín","2020","23,372","12,087","11,285","3,488","690","23,051","314","309","ND","1","4","ND","7","22","19,676","3,647","41","776","ND",
"Población_de_15_a_24_años",	03,"Baja_California_Sur","2020","132,212","68,206","64,006","2,551","4,778","130,866","1,114","925","11","16","158","4","232","150","114,144","17,316","319","2,696","ND",
"Población_de_15_a_24_años",	03001,"Comondú","2020","11,733","6,124","5,609","174","139","11,651","76","74","ND","ND","2","ND","6","7","11,282","418","13","277","ND",
"Población_de_15_a_24_años",	03002,"Mulegé","2020","10,109","5,323","4,786","701","194","10,002","39","38","ND","ND","1","ND","68","5","8,764","1,260","7","193","ND",
"Población_de_15_a_24_años",	03003,"La_Paz","2020","47,303","24,290","23,013","547","1,070","46,885","365","289","2","3","67","4","53","56","43,839","3,176","114","1,013","ND",
"Población_de_15_a_24_años",	03008,"Los_Cabos","2020","60,344","31,098","29,246","1,102","3,312","59,622","618","512","9","13","84","ND","104","81","47,701","12,302","181","1,139","ND",
"Población_de_15_a_24_años",	03009,"Loreto","2020","2,723","1,371","1,352","27","63","2,706","16","12","ND","ND","4","ND","1","1","2,558","160","4","74","ND",
"Población_de_15_a_24_años",	04,"Campeche","2020","151,696","75,745","75,951","10,524","3,129","150,647","990","425","249","90","226","ND","59","70","145,585","5,658","312","3,387","ND",
"Población_de_15_a_24_años",	04001,"Calkiní","2020","9,807","4,940","4,867","3,481","379","9,797","7","3","2","ND","2","ND","3","ND","9,642","161","2","176","ND",
"Población_de_15_a_24_años",	04002,"Campeche","2020","47,439","23,528","23,911","784","1,146","47,153","266","120","46","13","87","ND","20","26","45,759","1,528","103","1,198","ND",
"Población_de_15_a_24_años",	04003,"Carmen","2020","39,098","19,565","19,533","475","899","38,821","256","75","36","76","69","ND","21","17","36,743","2,175","97","922","ND",
"Población_de_15_a_24_años",	04004,"Champotón","2020","13,311","6,685","6,626","544","130","13,183","124","59","52","ND","13","ND","4","8","12,806","479","24","230","ND",
"Población_de_15_a_24_años",	04005,"Hecelchakán","2020","5,232","2,654","2,578","1,055","29","5,229","3","2","ND","ND","1","ND","ND","ND","5,130","101","1","79","ND",
"Población_de_15_a_24_años",	04006,"Hopelchén","2020","7,571","3,850","3,721","1,845","239","7,518","53","17","1","ND","35","ND","ND","3","7,474","91","6","138","ND",
"Población_de_15_a_24_años",	04007,"Palizada","2020","1,254","667","587","1","7","1,250","3","ND","1","ND","2","ND","1","ND","1,216","36","1","18","ND",
"Población_de_15_a_24_años",	04008,"Tenabo","2020","1,820","936","884","97","24","1,816","4","1","1","1","1","ND","ND","ND","1,774","44","2","37","ND",
"Población_de_15_a_24_años",	04009,"Escárcega","2020","10,224","5,009","5,215","373","112","10,137","84","76","3","ND","5","ND","3","6","9,785","420","16","217","ND",
"Población_de_15_a_24_años",	04010,"Calakmul","2020","5,651","2,793","2,858","1,430","45","5,623","25","20","1","ND","4","ND","3","6","5,404","235","11","146","ND",
"Población_de_15_a_24_años",	04011,"Candelaria","2020","7,771","3,879","3,892","426","106","7,604","163","51","106","ND","6","ND","4","4","7,366","356","49","159","ND",
"Población_de_15_a_24_años",	04012,"Seybaplaya","2020","2,518","1,239","1,279","13","13","2,516","2","1","ND","ND","1","ND","ND","ND","2,486","32","ND","67","ND",
"Población_de_15_a_24_años",	04013,"Dzitbalché","2020","ND","ND","ND","ND","ND","ND","ND","ND","ND","ND","ND","ND","ND","ND","ND","ND","ND","ND","ND",
"Población_de_15_a_24_años",	05,"Coahuila_de_Zaragoza","2020","533,597","270,509","263,088","1,145","7,886","527,193","6,022","5,129","40","92","757","4","382","570","511,396","20,090","1,701","8,821","68",
"Población_de_15_a_24_años",	05001,"Abasolo","2020","144","74","70","1","1","140","4","4","ND","ND","ND","ND","ND","2","140","1","3","ND","ND",
"Población_de_15_a_24_años",	05002,"Acuña","2020","29,883","15,041","14,842","62","220","28,751","1,117","1,075","2","4","35","1","15","42","28,152","1,525","199","496","27",
"Población_de_15_a_24_años",	05003,"Allende","2020","3,792","1,872","1,920","2","62","3,677","114","113","1","ND","ND","ND","1","8","3,737","32","22","60","ND",
"Población_de_15_a_24_años",	05004,"Arteaga","2020","4,466","2,235","2,231","15","368","4,431","28","20","ND","3","5","ND","7","6","4,226","211","17","74","ND",
"Población_de_15_a_24_años",	05005,"Candela","2020","242","125","117","ND","ND","235","7","7","ND","ND","ND","ND","ND","1","230","11","1","4","ND",
"Población_de_15_a_24_años",	05006,"Castaños","2020","4,674","2,300","2,374","4","14","4,635","38","36","ND","ND","2","ND","1","4","4,615","51","7","62","ND",
"Población_de_15_a_24_años",	05007,"Cuatro_Ciénegas","2020","1,916","931","985","ND","4","1,911","5","5","ND","ND","ND","ND","ND","5","1,867","41","8","30","ND",
"Población_de_15_a_24_años",	05008,"Escobedo","2020","464","231","233","ND","ND","458","6","6","ND","ND","ND","ND","ND","1","458","5","1","3","ND",
"Población_de_15_a_24_años",	05009,"Francisco_I._Madero","2020","10,283","5,224","5,059","9","48","10,255","26","23","1","ND","2","ND","2","7","10,025","245","13","177","ND",
"Población_de_15_a_24_años",	05010,"Frontera","2020","13,507","6,874","6,633","3","70","13,424","77","71","ND","ND","6","ND","6","4","13,385","109","9","194","ND",
"Población_de_15_a_24_años",	05011,"General_Cepeda","2020","1,846","937","909","ND","61","1,846","ND","ND","ND","ND","ND","ND","ND","ND","1,817","29","ND","27","ND",
"Población_de_15_a_24_años",	05012,"Guerrero","2020","241","124","117","ND","ND","239","2","2","ND","ND","ND","ND","ND","ND","236","4","1","3","ND",
"Población_de_15_a_24_años",	05013,"Hidalgo","2020","297","140","157","ND","ND","286","11","11","ND","ND","ND","ND","ND","2","279","12","6","6","ND",
"Población_de_15_a_24_años",	05014,"Jiménez","2020","1,624","842","782","ND","2","1,556","66","66","ND","ND","ND","ND","2","7","1,578","27","17","39","ND",
"Población_de_15_a_24_años",	05015,"Juárez","2020","242","131","111","ND","ND","225","17","16","ND","ND","1","ND","ND","ND","236","5","1","9","ND",
"Población_de_15_a_24_años",	05016,"Lamadrid","2020","256","145","111","ND","ND","254","2","2","ND","ND","ND","ND","ND","1","255","ND","1","1","ND",
"Población_de_15_a_24_años",	05017,"Matamoros","2020","21,791","10,920","10,871","121","197","21,677","103","100","ND","ND","3","ND","11","23","21,203","542","39","426","ND",
"Población_de_15_a_24_años",	05018,"Monclova","2020","37,241","18,803","18,438","17","266","36,962","256","234","ND","6","16","ND","23","45","36,726","407","86","618","ND",
"Población_de_15_a_24_años",	05019,"Morelos","2020","1,375","693","682","ND","1","1,320","55","54","ND","ND","1","ND","ND","3","1,346","19","10","24","ND",
"Población_de_15_a_24_años",	05020,"Múzquiz","2020","11,608","5,819","5,789","7","238","11,435","167","164","ND","ND","3","ND","6","22","11,451","111","43","208","ND",
"Población_de_15_a_24_años",	05021,"Nadadores","2020","995","506","489","ND","6","993","2","2","ND","ND","ND","ND","ND","1","981","13","1","20","ND",
"Población_de_15_a_24_años",	05022,"Nava","2020","5,861","2,991","2,870","2","32","5,725","131","129","ND","ND","2","ND","5","11","5,695","134","28","117","ND",
"Población_de_15_a_24_años",	05023,"Ocampo","2020","1,630","872","758","1","4","1,622","8","8","ND","ND","ND","ND","ND","ND","1,526","103","1","30","ND",
"Población_de_15_a_24_años",	05024,"Parras","2020","7,397","3,849","3,548","12","69","7,385","12","9","ND","ND","3","ND","ND","2","7,217","174","5","210","ND",
"Población_de_15_a_24_años",	05025,"Piedras_Negras","2020","30,211","15,225","14,986","31","260","28,725","1,466","1,378","7","24","57","ND","20","70","29,020","892","282","468","23",
"Población_de_15_a_24_años",	05026,"Progreso","2020","494","257","237","ND","1","485","9","7","ND","ND","2","ND","ND","1","485","4","5","16","ND",
"Población_de_15_a_24_años",	05027,"Ramos_Arizpe","2020","21,865","11,324","10,541","92","175","21,715","135","70","1","2","61","1","15","9","19,011","2,692","61","346","ND",
"Población_de_15_a_24_años",	05028,"Sabinas","2020","10,264","5,232","5,032","10","260","10,123","137","134","ND","1","2","ND","4","17","10,143","94","26","141","ND",
"Población_de_15_a_24_años",	05029,"Sacramento","2020","386","199","187","ND","2","383","3","3","ND","ND","ND","ND","ND","ND","385","1","ND","5","ND",
"Población_de_15_a_24_años",	05030,"Saltillo","2020","152,077","77,667","74,410","550","3,414","151,005","915","403","24","40","446","2","157","110","144,169","7,295","486","2,080","18",
"Población_de_15_a_24_años",	05031,"San_Buenaventura","2020","3,705","1,864","1,841","4","18","3,661","42","42","ND","ND","ND","ND","2","3","3,658","42","4","76","ND",
"Población_de_15_a_24_años",	05032,"San_Juan_de_Sabinas","2020","6,512","3,324","3,188","5","94","6,414","97","94","1","ND","2","ND","1","6","6,451","46","15","92","ND",
"Población_de_15_a_24_años",	05033,"San_Pedro","2020","17,329","8,761","8,568","23","151","17,228","99","97","ND","ND","2","ND","2","8","16,843","466","16","331","ND",
"Población_de_15_a_24_años",	05034,"Sierra_Mojada","2020","1,024","550","474","4","3","1,005","19","17","ND","ND","2","ND","ND","2","903","118","3","17","ND",
"Población_de_15_a_24_años",	05035,"Torreón","2020","121,157","60,966","60,191","166","1,801","120,331","728","611","3","12","102","ND","98","122","116,413","4,427","227","2,224","ND",
"Población_de_15_a_24_años",	05036,"Viesca","2020","3,672","1,863","1,809","2","23","3,651","18","18","ND","ND","ND","ND","3","2","3,491","172","5","110","ND",
"Población_de_15_a_24_años",	05037,"Villa_Unión","2020","1,045","555","490","ND","ND","1,021","24","24","ND","ND","ND","ND","ND","6","1,028","5","12","35","ND",
"Población_de_15_a_24_años",	05038,"Zaragoza","2020","2,081","1,043","1,038","2","21","2,004","76","74","ND","ND","2","ND","1","17","2,015","25","40","42","ND",
"Población_de_15_a_24_años",	06,"Colima","2020","120,006","60,304","59,702","1,059","2,267","117,300","2,518","2,344","26","16","131","1","188","188","111,562","7,824","419","2,454","ND",
"Población_de_15_a_24_años",	06001,"Armería","2020","4,534","2,312","2,222","19","31","4,403","129","129","ND","ND","ND","ND","2","16","4,332","176","23","110","ND",
"Población_de_15_a_24_años",	06002,"Colima","2020","25,486","12,830","12,656","116","468","24,765","600","537","2","5","55","1","121","61","23,576","1,657","137","507","ND",
"Población_de_15_a_24_años",	06003,"Comala","2020","3,628","1,870","1,758","11","95","3,546","81","80","ND","ND","1","ND","1","4","3,547","71","10","102","ND",
"Población_de_15_a_24_años",	06004,"Coquimatlán","2020","3,582","1,823","1,759","56","127","3,491","91","91","ND","ND","ND","ND","ND","5","3,389","181","12","72","ND",
"Población_de_15_a_24_años",	06005,"Cuauhtémoc","2020","5,284","2,734","2,550","313","42","5,110","173","173","ND","ND","ND","ND","1","7","4,830","435","19","107","ND",
"Población_de_15_a_24_años",	06006,"Ixtlahuacán","2020","856","460","396","1","4","827","28","28","ND","ND","ND","ND","1","2","820","32","4","16","ND",
"Población_de_15_a_24_años",	06007,"Manzanillo","2020","30,484","15,172","15,312","127","527","29,987","460","405","6","6","43","ND","37","35","28,032","2,332","69","630","ND",
"Población_de_15_a_24_años",	06008,"Minatitlán","2020","1,557","770","787","5","23","1,515","42","42","ND","ND","ND","ND","ND","ND","1,434","120","3","16","ND",
"Población_de_15_a_24_años",	06009,"Tecomán","2020","19,634","9,925","9,709","359","498","19,273","346","326","16","ND","4","ND","15","32","18,236","1,317","65","431","ND",
"Población_de_15_a_24_años",	06010,"Villa_de_Álvarez","2020","24,961","12,408","12,553","52","452","24,383","568","533","2","5","28","ND","10","26","23,366","1,503","77","463","ND",
"Población_de_15_a_24_años",	07,"Chiapas","2020","991,100","486,253","504,847","304,258","10,343","978,402","12,135","1,136","6,719","14","4,258","8","563","475","973,440","10,915","5,626","16,074","357",
"Población_de_15_a_24_años",	07001,"Acacoyagua","2020","2,945","1,476","1,469","2","165","2,903","38","10","11","ND","17","ND","4","1","2,870","58","14","56","ND",
"Población_de_15_a_24_años",	07002,"Acala","2020","3,503","1,821","1,682","341","24","3,501","2","ND","1","ND","1","ND","ND","1","3,458","40","2","47","ND",
"Población_de_15_a_24_años",	07003,"Acapetahua","2020","4,151","2,050","2,101","8","163","4,112","39","8","24","ND","7","ND","ND","5","4,068","56","19","92","ND",
"Población_de_15_a_24_años",	07004,"Altamirano","2020","7,212","3,529","3,683","4,433","113","7,210","ND","ND","ND","ND","ND","ND","2","1","7,174","37","1","73","ND",
"Población_de_15_a_24_años",	07005,"Amatán","2020","4,780","2,346","2,434","1,204","29","4,779","1","ND","ND","ND","1","ND","ND","ND","4,744","35","ND","94","ND",
"Población_de_15_a_24_años",	07006,"Amatenango_de_la_Frontera","2020","5,293","2,508","2,785","36","11","5,140","152","32","116","ND","4","ND","1","9","5,183","42","67","116","ND",
"Población_de_15_a_24_años",	07007,"Amatenango_del_Valle","2020","2,248","1,035","1,213","1,491","2","2,248","ND","ND","ND","ND","ND","ND","ND","ND","2,242","5","ND","16","ND",
"Población_de_15_a_24_años",	07008,"Angel_Albino_Corzo","2020","5,862","2,934","2,928","164","15","5,803","59","11","35","ND","13","ND","ND","2","5,768","75","19","80","ND",
"Población_de_15_a_24_años",	07009,"Arriaga","2020","6,455","3,178","3,277","14","112","6,437","16","10","2","ND","4","ND","2","6","6,284","162","8","146","ND",
"Población_de_15_a_24_años",	07010,"Bejucal_de_Ocampo","2020","1,283","645","638","ND","ND","1,278","5","3","2","ND","ND","ND","ND","3","1,273","5","5","11","ND",
"Población_de_15_a_24_años",	07011,"Bella_Vista","2020","3,313","1,669","1,644","22","3","3,283","25","5","20","ND","ND","ND","5","1","3,284","17","6","89","ND",
"Población_de_15_a_24_años",	07012,"Berriozábal","2020","11,497","5,758","5,739","465","78","11,458","38","14","7","ND","17","ND","1","2","11,253","229","11","215","ND",
"Población_de_15_a_24_años",	07013,"Bochil","2020","6,729","3,299","3,430","3,338","93","6,728","ND","ND","ND","ND","ND","ND","1","ND","6,712","16","ND","111","ND",
"Población_de_15_a_24_años",	07014,"El_Bosque","2020","4,674","2,215","2,459","4,446","32","4,674","ND","ND","ND","ND","ND","ND","ND","2","4,654","16","2","50","ND",
"Población_de_15_a_24_años",	07015,"Cacahoatán","2020","8,916","4,273","4,643","127","29","8,552","361","28","288","ND","45","ND","3","6","8,636","123","154","152","ND",
"Población_de_15_a_24_años",	07016,"Catazajá","2020","2,530","1,273","1,257","89","5","2,528","2","ND","ND","ND","2","ND","ND","1","2,469","60","1","63","ND",
"Población_de_15_a_24_años",	07017,"Cintalapa","2020","15,000","7,623","7,377","1,237","79","14,878","27","14","3","ND","10","ND","95","10","14,718","160","13","342","ND",
"Población_de_15_a_24_años",	07018,"Coapilla","2020","1,814","880","934","233","4","1,810","3","3","ND","ND","ND","ND","1","3","1,796","15","3","42","ND",
"Población_de_15_a_24_años",	07019,"Comitán_de_Domínguez","2020","29,168","14,112","15,056","1,141","205","28,718","419","58","177","ND","184","ND","31","22","28,550","398","185","504","4",
"Población_de_15_a_24_años",	07020,"La_Concordia","2020","8,605","4,273","4,332","785","290","8,530","75","18","43","ND","14","ND","ND","3","8,524","66","14","153","ND",
"Población_de_15_a_24_años",	07021,"Copainalá","2020","3,775","1,784","1,991","261","55","3,770","4","3","ND","ND","1","ND","1","ND","3,747","28","ND","70","ND",
"Población_de_15_a_24_años",	07022,"Chalchihuitán","2020","4,416","2,165","2,251","4,365","9","4,416","ND","ND","ND","ND","ND","ND","ND","1","4,385","30","1","45","ND",
"Población_de_15_a_24_años",	07023,"Chamula","2020","19,927","9,120","10,807","19,581","62","19,908","10","8","1","ND","1","ND","9","20","19,824","72","22","152","ND",
"Población_de_15_a_24_años",	07024,"Chanal","2020","2,574","1,294","1,280","2,541","6","2,571","3","ND","2","ND","1","ND","ND","1","2,551","19","4","32","ND",
"Población_de_15_a_24_años",	07025,"Chapultenango","2020","1,361","661","700","1,049","236","1,360","1","1","ND","ND","ND","ND","ND","ND","1,338","23","ND","43","ND",
"Población_de_15_a_24_años",	07026,"Chenalhó","2020","9,570","4,696","4,874","9,260","82","9,567","2","1","ND","ND","1","ND","1","2","9,553","10","3","40","ND",
"Población_de_15_a_24_años",	07027,"Chiapa_de_Corzo","2020","18,955","9,374","9,581","723","91","18,917","28","13","2","ND","13","ND","10","1","18,783","158","5","262","ND",
"Población_de_15_a_24_años",	07028,"Chiapilla","2020","1,059","562","497","10","ND","1,058","ND","ND","ND","ND","ND","ND","1","ND","1,050","8","ND","20","ND",
"Población_de_15_a_24_años",	07029,"Chicoasén","2020","893","433","460","60","1","893","ND","ND","ND","ND","ND","ND","ND","ND","874","19","ND","20","ND",
"Población_de_15_a_24_años",	07030,"Chicomuselo","2020","6,231","2,964","3,267","54","5","6,156","72","12","51","ND","9","ND","3","4","6,138","73","18","102","ND",
"Población_de_15_a_24_años",	07031,"Chilón","2020","26,947","13,140","13,807","25,416","410","26,941","3","1","2","ND","ND","ND","3","2","26,819","122","5","322","ND",
"Población_de_15_a_24_años",	07032,"Escuintla","2020","5,156","2,529","2,627","10","15","5,100","55","16","22","ND","17","ND","1","2","5,040","103","12","93","ND",
"Población_de_15_a_24_años",	07033,"Francisco_León","2020","1,459","715","744","1,017","263","1,459","ND","ND","ND","ND","ND","ND","ND","ND","1,451","8","ND","25","ND",
"Población_de_15_a_24_años",	07034,"Frontera_Comalapa","2020","14,077","6,631","7,446","287","43","13,215","861","97","618","ND","145","1","1","21","13,612","176","287","321","ND",
"Población_de_15_a_24_años",	07035,"Frontera_Hidalgo","2020","2,465","1,219","1,246","33","18","2,273","185","7","158","ND","20","ND","7","3","2,320","48","91","42","ND",
"Población_de_15_a_24_años",	07036,"La_Grandeza","2020","1,438","728","710","1","4","1,436","2","2","ND","ND","ND","ND","ND","ND","1,424","12","2","16","ND",
"Población_de_15_a_24_años",	07037,"Huehuetán","2020","6,149","2,999","3,150","10","19","6,015","133","14","85","ND","34","ND","1","3","6,050","62","36","101","ND",
"Población_de_15_a_24_años",	07038,"Huixtán","2020","4,379","2,071","2,308","4,062","10","4,377","1","1","ND","ND","ND","ND","1","ND","4,358","20","ND","47","ND",
"Población_de_15_a_24_años",	07039,"Huitiupán","2020","5,235","2,607","2,628","2,482","29","5,234","1","ND","ND","ND","1","ND","ND","ND","5,209","24","1","82","ND",
"Población_de_15_a_24_años",	07040,"Huixtla","2020","8,677","4,367","4,310","134","42","8,329","348","15","295","ND","38","ND","ND","4","8,323","112","233","165","ND",
"Población_de_15_a_24_años",	07041,"La_Independencia","2020","8,257","3,946","4,311","475","17","8,231","23","7","15","ND","1","ND","3","ND","8,147","101","6","84","ND",
"Población_de_15_a_24_años",	07042,"Ixhuatán","2020","1,992","960","1,032","721","6","1,992","ND","ND","ND","ND","ND","ND","ND","1","1,940","51","1","53","ND",
"Población_de_15_a_24_años",	07043,"Ixtacomitán","2020","1,874","945","929","385","18","1,873","1","1","ND","ND","ND","ND","ND","ND","1,850","24","ND","41","ND",
"Población_de_15_a_24_años",	07044,"Ixtapa","2020","5,626","2,821","2,805","1,097","166","5,619","2","2","ND","ND","ND","ND","5","ND","5,610","16","ND","104","ND",
"Población_de_15_a_24_años",	07045,"Ixtapangajoya","2020","1,193","597","596","180","89","1,193","ND","ND","ND","ND","ND","ND","ND","ND","1,171","22","ND","19","ND",
"Población_de_15_a_24_años",	07046,"Jiquipilas","2020","6,303","3,153","3,150","474","22","6,296","7","4","2","ND","1","ND","ND","4","6,205","94","4","109","ND",
"Población_de_15_a_24_años",	07047,"Jitotol","2020","4,934","2,509","2,425","3,620","53","4,933","1","1","ND","ND","ND","ND","ND","ND","4,919","15","ND","107","ND",
"Población_de_15_a_24_años",	07048,"Juárez","2020","3,327","1,645","1,682","251","24","3,323","3","3","ND","ND","ND","ND","1","2","3,249","75","2","74","ND",
"Población_de_15_a_24_años",	07049,"Larráinzar","2020","6,035","2,932","3,103","5,924","13","6,035","ND","ND","ND","ND","ND","ND","ND","ND","6,024","11","ND","65","ND",
"Población_de_15_a_24_años",	07050,"La_Libertad","2020","680","339","341","34","7","680","ND","ND","ND","ND","ND","ND","ND","ND","660","20","ND","15","ND",
"Población_de_15_a_24_años",	07051,"Mapastepec","2020","7,314","3,582","3,732","15","26","7,203","109","37","18","ND","54","ND","2","11","7,101","162","50","144","ND",
"Población_de_15_a_24_años",	07052,"Las_Margaritas","2020","28,127","13,447","14,680","13,210","86","28,052","63","12","40","ND","11","ND","12","19","27,965","111","43","337","ND",
"Población_de_15_a_24_años",	07053,"Mazapa_de_Madero","2020","1,273","638","635","7","3","1,252","21","10","9","ND","2","ND","ND","3","1,263","2","8","21","ND",
"Población_de_15_a_24_años",	07054,"Mazatán","2020","4,671","2,386","2,285","17","29","4,347","286","1","233","ND","52","ND","38","5","4,465","67","101","71","ND",
"Población_de_15_a_24_años",	07055,"Metapa","2020","994","497","497","3","2","937","56","4","33","ND","19","ND","1","ND","958","15","21","23","ND",
"Población_de_15_a_24_años",	07056,"Mitontic","2020","2,804","1,302","1,502","2,765","67","2,803","ND","ND","ND","ND","ND","ND","1","ND","2,804","ND","ND","9","ND",
"Población_de_15_a_24_años",	07057,"Motozintla","2020","13,472","6,465","7,007","58","34","13,215","256","39","163","ND","54","ND","1","17","13,204","156","112","242","ND",
"Población_de_15_a_24_años",	07058,"Nicolás_Ruíz","2020","915","440","475","2","33","915","ND","ND","ND","ND","ND","ND","ND","ND","912","3","ND","12","ND",
"Población_de_15_a_24_años",	07059,"Ocosingo","2020","46,092","22,502","23,590","33,907","381","45,997","32","4","13","ND","15","ND","63","3","45,855","166","17","515","ND",
"Población_de_15_a_24_años",	07060,"Ocotepec","2020","2,719","1,356","1,363","2,639","124","2,718","ND","ND","ND","ND","ND","ND","1","ND","2,689","29","ND","29","ND",
"Población_de_15_a_24_años",	07061,"Ocozocoautla_de_Espinosa","2020","17,926","8,931","8,995","3,252","180","17,896","26","4","7","ND","15","ND","4","4","17,767","136","14","318","ND",
"Población_de_15_a_24_años",	07062,"Ostuacán","2020","3,108","1,546","1,562","53","34","3,102","5","4","1","ND","ND","ND","1","ND","3,034","73","1","72","ND",
"Población_de_15_a_24_años",	07063,"Osumacinta","2020","718","363","355","90","2","717","1","1","ND","ND","ND","ND","ND","1","706","11","1","14","ND",
"Población_de_15_a_24_años",	07064,"Oxchuc","2020","10,422","5,216","5,206","9,930","117","10,419","1","ND","1","ND","ND","ND","2","ND","10,411","11","ND","90","ND",
"Población_de_15_a_24_años",	07065,"Palenque","2020","23,726","11,517","12,209","10,143","271","23,446","266","11","31","ND","224","ND","14","2","22,887","624","203","506","37",
"Población_de_15_a_24_años",	07066,"Pantelhó","2020","5,562","2,714","2,848","5,123","13","5,560","ND","ND","ND","ND","ND","ND","2","1","5,531","30","1","40","ND",
"Población_de_15_a_24_años",	07067,"Pantepec","2020","2,387","1,187","1,200","765","6","2,386","1","ND","1","ND","ND","ND","ND","1","2,341","44","2","48","ND",
"Población_de_15_a_24_años",	07068,"Pichucalco","2020","5,249","2,639","2,610","90","31","5,244","4","1","ND","ND","3","ND","1","ND","5,113","134","1","117","ND",
"Población_de_15_a_24_años",	07069,"Pijijiapan","2020","7,693","3,742","3,951","62","44","7,613","79","40","14","ND","25","ND","1","3","7,538","124","30","147","ND",
"Población_de_15_a_24_años",	07070,"El_Porvenir","2020","2,182","1,094","1,088","15","9","2,179","3","2","1","ND","ND","ND","ND","ND","2,177","5","ND","36","ND",
"Población_de_15_a_24_años",	07071,"Villa_Comaltitlán","2020","4,872","2,402","2,470","25","25","4,821","51","13","33","ND","5","ND","ND","5","4,701","63","24","83","ND",
"Población_de_15_a_24_años",	07072,"Pueblo_Nuevo_Solistahuacán","2020","6,208","3,030","3,178","1,916","99","6,185","22","3","4","1","14","ND","1","3","5,897","44","4","200","ND",
"Población_de_15_a_24_años",	07073,"Rayón","2020","2,301","1,152","1,149","693","30","2,298","2","2","ND","ND","ND","ND","1","ND","2,272","29","ND","67","ND",
"Población_de_15_a_24_años",	07074,"Reforma","2020","7,082","3,466","3,616","26","49","7,075","7","6","ND","ND","1","ND","ND","3","6,811","267","3","204","ND",
"Población_de_15_a_24_años",	07075,"Las_Rosas","2020","5,296","2,627","2,669","194","34","5,286","9","6","2","ND","1","ND","1","2","5,268","25","3","53","ND",
"Población_de_15_a_24_años",	07076,"Sabanilla","2020","5,691","2,855","2,836","4,067","19","5,686","3","3","ND","ND","ND","ND","2","ND","5,663","27","ND","68","ND",
"Población_de_15_a_24_años",	07077,"Salto_de_Agua","2020","11,646","5,780","5,866","9,642","382","11,637","2","ND","1","ND","1","ND","7","ND","11,558","81","2","187","ND",
"Población_de_15_a_24_años",	07078,"San_Cristóbal_de_las_Casas","2020","40,527","19,782","20,745","13,461","799","40,406","101","24","10","2","65","ND","20","10","40,045","422","47","693","ND",
"Población_de_15_a_24_años",	07079,"San_Fernando","2020","7,590","3,826","3,764","165","48","7,581","6","4","ND","ND","2","ND","3","1","7,495","88","4","100","ND",
"Población_de_15_a_24_años",	07080,"Siltepec","2020","4,711","2,323","2,388","2","4","4,695","15","6","7","ND","2","ND","1","3","4,660","47","4","71","ND",
"Población_de_15_a_24_años",	07081,"Simojovel","2020","10,429","4,996","5,433","7,632","34","10,419","1","ND","ND","ND","1","ND","9","1","10,404","20","1","106","ND",
"Población_de_15_a_24_años",	07082,"Sitalá","2020","3,070","1,468","1,602","2,912","9","3,066","ND","ND","ND","ND","ND","ND","4","ND","3,055","11","ND","12","ND",
"Población_de_15_a_24_años",	07083,"Socoltenango","2020","3,076","1,504","1,572","161","26","3,061","15","5","1","ND","9","ND","ND","1","3,046","27","3","41","ND",
"Población_de_15_a_24_años",	07084,"Solosuchiapa","2020","1,502","745","757","271","14","1,501","ND","ND","ND","ND","ND","ND","1","2","1,491","9","2","15","ND",
"Población_de_15_a_24_años",	07085,"Soyaló","2020","2,000","1,021","979","679","53","1,996","3","1","1","ND","1","ND","1","ND","1,984","14","2","48","ND",
"Población_de_15_a_24_años",	07086,"Suchiapa","2020","4,615","2,382","2,233","30","19","4,612","3","3","ND","ND","ND","ND","ND","ND","4,560","55","ND","77","ND",
"Población_de_15_a_24_años",	07087,"Suchiate","2020","7,773","3,789","3,984","33","151","6,627","1,146","10","863","ND","272","1","ND","26","7,265","77","431","140","ND",
"Población_de_15_a_24_años",	07088,"Sunuapa","2020","331","179","152","ND","ND","331","ND","ND","ND","ND","ND","ND","ND","ND","327","4","ND","13","ND",
"Población_de_15_a_24_años",	07089,"Tapachula","2020","59,941","29,780","30,161","493","635","55,111","4,736","114","2,243","2","2,372","5","94","76","56,219","874","2,537","1,306","316",
"Población_de_15_a_24_años",	07090,"Tapalapa","2020","798","379","419","736","3","797","1","1","ND","ND","ND","ND","ND","ND","781","17","ND","22","ND",
"Población_de_15_a_24_años",	07091,"Tapilula","2020","2,475","1,173","1,302","158","7","2,475","ND","ND","ND","ND","ND","ND","ND","ND","2,452","23","ND","74","ND",
"Población_de_15_a_24_años",	07092,"Tecpatán","2020","3,530","1,775","1,755","568","140","3,517","12","12","ND","ND","ND","ND","1","1","3,489","39","2","75","ND",
"Población_de_15_a_24_años",	07093,"Tenejapa","2020","9,138","4,505","4,633","8,936","30","9,136","1","ND","1","ND","ND","ND","1","ND","9,096","41","ND","100","ND",
"Población_de_15_a_24_años",	07094,"Teopisca","2020","9,740","4,695","5,045","4,589","45","9,729","9","3","2","ND","4","ND","2","3","9,683","49","8","153","ND",
"Población_de_15_a_24_años",	07096,"Tila","2020","13,651","6,843","6,808","12,924","43","13,645","3","ND","2","ND","ND","1","3","ND","13,585","65","1","196","ND",
"Población_de_15_a_24_años",	07097,"Tonalá","2020","14,970","7,403","7,567","38","127","14,900","50","26","7","ND","17","ND","20","8","14,696","238","16","324","ND",
"Población_de_15_a_24_años",	07098,"Totolapa","2020","1,250","617","633","138","ND","1,250","ND","ND","ND","ND","ND","ND","ND","ND","1,243","7","ND","17","ND",
"Población_de_15_a_24_años",	07099,"La_Trinitaria","2020","13,902","6,598","7,304","1,519","44","13,615","286","46","203","ND","37","ND","1","28","13,629","155","117","184","ND",
"Población_de_15_a_24_años",	07100,"Tumbalá","2020","6,827","3,387","3,440","6,538","17","6,827","ND","ND","ND","ND","ND","ND","ND","1","6,753","73","1","94","ND",
"Población_de_15_a_24_años",	07101,"Tuxtla_Gutiérrez","2020","104,594","51,869","52,725","2,944","1,660","104,119","438","111","100","8","219","ND","37","35","102,264","2,082","213","1,560","ND",
"Población_de_15_a_24_años",	07102,"Tuxtla_Chico","2020","6,882","3,367","3,515","15","218","6,614","268","14","206","1","47","ND","ND","11","6,729","74","78","97","ND",
"Población_de_15_a_24_años",	07103,"Tuzantán","2020","5,009","2,479","2,530","9","8","4,952","56","12","29","ND","15","ND","1","2","4,912","81","16","114","ND",
"Población_de_15_a_24_años",	07104,"Tzimol","2020","2,716","1,339","1,377","68","4","2,697","19","6","6","ND","7","ND","ND","4","2,675","32","9","49","ND",
"Población_de_15_a_24_años",	07105,"Unión_Juárez","2020","2,724","1,345","1,379","13","4","2,647","74","14","57","ND","3","ND","3","3","2,655","31","38","46","ND",
"Población_de_15_a_24_años",	07106,"Venustiano_Carranza","2020","11,543","5,700","5,843","2,810","44","11,510","32","1","5","ND","26","ND","1","2","11,490","39","13","190","ND",
"Población_de_15_a_24_años",	07107,"Villa_Corzo","2020","11,141","5,495","5,646","1,296","64","11,104","36","21","7","ND","8","ND","1","2","11,071","58","11","230","ND",
"Población_de_15_a_24_años",	07108,"Villaflores","2020","18,665","9,345","9,320","647","109","18,637","22","12","5","ND","5","ND","6","5","18,512","139","10","341","ND",
"Población_de_15_a_24_años",	07109,"Yajalón","2020","7,552","3,701","3,851","4,762","24","7,549","2","ND","ND","ND","2","ND","1","ND","7,509","43","ND","126","ND",
"Población_de_15_a_24_años",	07110,"San_Lucas","2020","1,304","655","649","225","56","1,303","1","1","ND","ND","ND","ND","ND","ND","1,285","19","ND","28","ND",
"Población_de_15_a_24_años",	07111,"Zinacantán","2020","9,425","4,381","5,044","9,222","70","9,425","ND","ND","ND","ND","ND","ND","ND","1","9,417","6","1","99","ND",
"Población_de_15_a_24_años",	07112,"San_Juan_Cancuc","2020","7,050","3,394","3,656","6,956","47","7,050","ND","ND","ND","ND","ND","ND","ND","1","7,042","3","1","66","ND",
"Población_de_15_a_24_años",	07113,"Aldama","2020","1,775","842","933","1,767","30","1,774","ND","ND","ND","ND","ND","ND","1","ND","1,770","4","ND","16","ND",
"Población_de_15_a_24_años",	07114,"Benemérito_de_las_Américas","2020","4,510","2,195","2,315","1,094","13","4,190","320","22","268","ND","30","ND","ND","3","4,326","92","92","63","ND",
"Población_de_15_a_24_años",	07115,"Maravilla_Tenejapa","2020","2,866","1,379","1,487","1,234","193","2,825","41","4","36","ND","1","ND","ND","1","2,820","24","22","33","ND",
"Población_de_15_a_24_años",	07116,"Marqués_de_Comillas","2020","2,499","1,248","1,251","1,011","20","2,435","64","7","51","ND","6","ND","ND","3","2,439","33","27","36","ND",
"Población_de_15_a_24_años",	07117,"Montecristo_de_Guerrero","2020","1,510","764","746","18","ND","1,492","18","1","14","ND","3","ND","ND","ND","1,490","14","6","23","ND",
"Población_de_15_a_24_años",	07118,"San_Andrés_Duraznal","2020","1,211","566","645","1,114","79","1,211","ND","ND","ND","ND","ND","ND","ND","1","1,208","2","1","3","ND",
"Población_de_15_a_24_años",	07119,"Santiago_el_Pinar","2020","1,078","525","553","1,064","6","1,078","ND","ND","ND","ND","ND","ND","ND","1","1,074","3","1","25","ND",
"Población_de_15_a_24_años",	07120,"Capitán_Luis_Ángel_Vidal","2020","901","478","423","ND","ND","899","2","ND","2","ND","ND","ND","ND","ND","890","11","ND","7","ND",
"Población_de_15_a_24_años",	07121,"Rincón_Chamula_San_Pedro","2020","1,736","768","968","1,511","5","1,736","ND","ND","ND","ND","ND","ND","ND","ND","1,731","4","ND","73","ND",
"Población_de_15_a_24_años",	07122,"El_Parral","2020","2,593","1,269","1,324","119","22","2,591","2","2","ND","ND","ND","ND","ND","1","2,572","20","1","50","ND",
"Población_de_15_a_24_años",	07123,"Emiliano_Zapata","2020","1,813","936","877","452","2","1,811","2","ND","ND","ND","2","ND","ND","ND","1,792","21","ND","32","ND",
"Población_de_15_a_24_años",	07124,"Mezcalapa","2020","4,587","2,268","2,319","1,120","14","4,558","29","22","4","ND","3","ND","ND","5","4,472","102","9","75","ND",
"Población_de_15_a_24_años",	07125,"Honduras_de_la_Sierra","2020","2,178","1,096","1,082","2","6","2,169","8","5","2","ND","1","ND","1","1","2,162","13","3","55","ND",
"Población_de_15_a_24_años",	08,"Chihuahua","2020","640,400","323,223","317,177","21,516","10,868","613,553","25,275","24,172","128","70","899","6","1,572","1,206","613,535","21,790","3,323","11,485","187",
"Población_de_15_a_24_años",	08001,"Ahumada","2020","2,481","1,239","1,242","25","7","2,442","38","32","ND","ND","6","ND","1","2","2,457","18","6","26","ND",
"Población_de_15_a_24_años",	08002,"Aldama","2020","4,144","2,048","2,096","68","112","4,062","82","82","ND","ND","ND","ND","ND","6","4,071","60","12","91","ND",
"Población_de_15_a_24_años",	08003,"Allende","2020","1,250","648","602","48","4","1,219","31","31","ND","ND","ND","ND","ND","ND","1,211","37","2","21","ND",
"Población_de_15_a_24_años",	08004,"Aquiles_Serdán","2020","3,981","2,151","1,830","56","48","3,594","34","33","ND","ND","ND","1","353","ND","3,529","88","2","57","ND",
"Población_de_15_a_24_años",	08005,"Ascensión","2020","4,529","2,242","2,287","133","9","4,007","518","514","2","ND","2","ND","4","10","4,223","240","62","68","ND",
"Población_de_15_a_24_años",	08006,"Bachíniva","2020","713","363","350","55","2","662","51","50","1","ND","ND","ND","ND","1","698","6","9","14","ND",
"Población_de_15_a_24_años",	08007,"Balleza","2020","2,745","1,395","1,350","1,505","6","2,711","34","34","ND","ND","ND","ND","ND","4","2,726","10","7","33","ND",
"Población_de_15_a_24_años",	08008,"Batopilas","2020","1,815","888","927","1,172","15","1,814","1","ND","1","ND","ND","ND","ND","ND","1,808","7","ND","19","ND",
"Población_de_15_a_24_años",	08009,"Bocoyna","2020","3,676","1,749","1,927","544","112","3,662","13","13","ND","ND","ND","ND","1","1","3,652","22","1","46","ND",
"Población_de_15_a_24_años",	08010,"Buenaventura","2020","4,246","2,171","2,075","257","69","4,094","149","134","ND","ND","15","ND","3","9","4,156","75","15","65","ND",
"Población_de_15_a_24_años",	08011,"Camargo","2020","7,941","4,021","3,920","331","86","7,808","128","128","ND","ND","ND","ND","5","6","7,843","81","16","78","4",
"Población_de_15_a_24_años",	08012,"Carichí","2020","1,248","594","654","747","5","1,220","28","28","ND","ND","ND","ND","ND","1","1,238","2","8","13","ND",
"Población_de_15_a_24_años",	08013,"Casas_Grandes","2020","1,906","962","944","99","14","1,820","85","84","ND","ND","1","ND","1","4","1,813","77","15","46","ND",
"Población_de_15_a_24_años",	08014,"Coronado","2020","245","123","122","2","ND","237","8","8","ND","ND","ND","ND","ND","ND","234","8","3","7","ND",
"Población_de_15_a_24_años",	08015,"Coyame_del_Sotol","2020","130","70","60","2","ND","119","11","11","ND","ND","ND","ND","ND","ND","129","ND","ND","1","ND",
"Población_de_15_a_24_años",	08016,"La_Cruz","2020","595","304","291","26","3","574","21","21","ND","ND","ND","ND","ND","ND","592","2","1","6","ND",
"Población_de_15_a_24_años",	08017,"Cuauhtémoc","2020","31,183","15,387","15,796","711","473","29,842","1,298","1,136","1","3","158","ND","43","82","30,494","411","173","516","14",
"Población_de_15_a_24_años",	08018,"Cusihuiriachi","2020","775","415","360","102","2","741","34","34","ND","ND","ND","ND","ND","6","767","1","7","9","ND",
"Población_de_15_a_24_años",	08019,"Chihuahua","2020","156,881","79,147","77,734","1,918","2,919","153,806","2,885","2,700","10","26","149","ND","190","317","153,190","2,896","569","2,379","6",
"Población_de_15_a_24_años",	08020,"Chínipas","2020","891","481","410","110","2","890","ND","ND","ND","ND","ND","ND","1","ND","876","14","ND","30","ND",
"Población_de_15_a_24_años",	08021,"Delicias","2020","24,034","12,091","11,943","177","280","23,551","475","468","ND","ND","7","ND","8","41","23,456","490","85","385","ND",
"Población_de_15_a_24_años",	08022,"Dr._Belisario_Domínguez","2020","261","124","137","37","ND","240","20","20","ND","ND","ND","ND","1","3","252","2","7","6","ND",
"Población_de_15_a_24_años",	08023,"Galeana","2020","1,151","564","587","98","15","1,041","109","109","ND","ND","ND","ND","1","4","1,046","97","8","21","ND",
"Población_de_15_a_24_años",	08024,"Santa_Isabel","2020","539","266","273","11","ND","517","22","22","ND","ND","ND","ND","ND","1","528","8","3","15","ND",
"Población_de_15_a_24_años",	08025,"Gómez_Farías","2020","903","465","438","4","7","809","94","94","ND","ND","ND","ND","ND","4","887","6","10","25","ND",
"Población_de_15_a_24_años",	08026,"Gran_Morelos","2020","287","155","132","15","3","248","36","36","ND","ND","ND","ND","3","1","278","1","5","2","ND",
"Población_de_15_a_24_años",	08027,"Guachochi","2020","8,639","4,140","4,499","4,680","91","8,622","17","17","ND","ND","ND","ND","ND","1","8,562","36","2","98","ND",
"Población_de_15_a_24_años",	08028,"Guadalupe","2020","755","358","397","ND","8","663","92","92","ND","ND","ND","ND","ND","1","735","17","3","14","ND",
"Población_de_15_a_24_años",	08029,"Guadalupe_y_Calvo","2020","8,942","4,529","4,413","3,304","81","8,933","2","2","ND","ND","ND","ND","7","ND","8,875","61","ND","178","ND",
"Población_de_15_a_24_años",	08030,"Guazapares","2020","1,192","596","596","350","1","1,191","1","1","ND","ND","ND","ND","ND","ND","1,180","12","ND","17","ND",
"Población_de_15_a_24_años",	08031,"Guerrero","2020","5,288","2,674","2,614","229","50","5,070","214","208","1","ND","5","ND","4","10","5,236","31","21","132","ND",
"Población_de_15_a_24_años",	08032,"Hidalgo_del_Parral","2020","19,802","9,796","10,006","187","192","19,482","315","304","2","3","6","ND","5","25","19,073","629","60","378","ND",
"Población_de_15_a_24_años",	08033,"Huejotitán","2020","98","49","49","2","ND","90","8","8","ND","ND","ND","ND","ND","ND","96","2","ND","1","ND",
"Población_de_15_a_24_años",	08034,"Ignacio_Zaragoza","2020","628","303","325","1","ND","573","55","55","ND","ND","ND","ND","ND","4","618","1","9","13","ND",
"Población_de_15_a_24_años",	08035,"Janos","2020","1,815","945","870","108","2","1,720","94","78","1","ND","15","ND","1","7","1,695","101","18","27","8",
"Población_de_15_a_24_años",	08036,"Jiménez","2020","6,742","3,397","3,345","117","37","6,654","87","85","ND","ND","2","ND","1","5","6,643","87","11","70","ND",
"Población_de_15_a_24_años",	08037,"Juárez","2020","273,914","139,380","134,534","1,414","5,600","256,819","16,188","15,583","106","38","458","3","907","496","255,830","15,331","1,835","5,585","144",
"Población_de_15_a_24_años",	08038,"Julimes","2020","699","343","356","8","17","665","34","34","ND","ND","ND","ND","ND","3","684","9","6","14","ND",
"Población_de_15_a_24_años",	08039,"López","2020","585","294","291","60","ND","574","11","11","ND","ND","ND","ND","ND","ND","571","14","ND","12","ND",
"Población_de_15_a_24_años",	08040,"Madera","2020","3,687","1,845","1,842","46","30","3,602","85","85","ND","ND","ND","ND","ND","11","3,628","42","13","89","ND",
"Población_de_15_a_24_años",	08041,"Maguarichi","2020","188","76","112","25","1","188","ND","ND","ND","ND","ND","ND","ND","ND","186","2","ND","3","ND",
"Población_de_15_a_24_años",	08042,"Manuel_Benavides","2020","141","72","69","2","ND","140","ND","ND","ND","ND","ND","ND","1","ND","140","ND","ND","1","ND",
"Población_de_15_a_24_años",	08043,"Matachí","2020","366","184","182","5","1","343","23","23","ND","ND","ND","ND","ND","1","363","1","2","5","ND",
"Población_de_15_a_24_años",	08044,"Matamoros","2020","622","312","310","14","ND","607","15","15","ND","ND","ND","ND","ND","1","614","7","1","7","ND",
"Población_de_15_a_24_años",	08045,"Meoqui","2020","7,540","3,824","3,716","135","60","7,321","216","216","ND","ND","ND","ND","3","23","7,387","114","39","131","11",
"Población_de_15_a_24_años",	08046,"Morelos","2020","1,160","598","562","408","ND","1,160","ND","ND","ND","ND","ND","ND","ND","ND","1,136","24","ND","21","ND",
"Población_de_15_a_24_años",	08047,"Moris","2020","661","335","326","17","4","654","7","7","ND","ND","ND","ND","ND","ND","642","19","ND","16","ND",
"Población_de_15_a_24_años",	08048,"Namiquipa","2020","3,092","1,547","1,545","52","19","2,870","222","212","ND","ND","10","ND","ND","15","3,028","30","34","42","ND",
"Población_de_15_a_24_años",	08049,"Nonoava","2020","380","182","198","70","3","376","4","4","ND","ND","ND","ND","ND","ND","377","2","1","8","ND",
"Población_de_15_a_24_años",	08050,"Nuevo_Casas_Grandes","2020","11,207","5,521","5,686","156","197","10,767","422","418","2","ND","2","ND","18","37","10,823","290","74","260","ND",
"Población_de_15_a_24_años",	08051,"Ocampo","2020","1,204","587","617","10","17","1,196","6","6","ND","ND","ND","ND","2","1","1,184","16","3","27","ND",
"Población_de_15_a_24_años",	08052,"Ojinaga","2020","3,609","1,764","1,845","26","63","3,225","379","355","1","ND","22","1","5","21","3,456","69","80","42","ND",
"Población_de_15_a_24_años",	08053,"Praxedis_G._Guerrero","2020","845","434","411","ND","17","749","96","96","ND","ND","ND","ND","ND","7","814","13","18","17","ND",
"Población_de_15_a_24_años",	08054,"Riva_Palacio","2020","1,384","681","703","32","6","1,308","76","36","ND","ND","40","ND","ND","4","1,377","ND","7","8","ND",
"Población_de_15_a_24_años",	08055,"Rosales","2020","2,856","1,439","1,417","42","53","2,760","96","96","ND","ND","ND","ND","ND","11","2,803","33","18","38","ND",
"Población_de_15_a_24_años",	08056,"Rosario","2020","281","149","132","1","ND","264","17","17","ND","ND","ND","ND","ND","1","279","1","1","2","ND",
"Población_de_15_a_24_años",	08057,"San_Francisco_de_Borja","2020","234","124","110","26","ND","221","13","13","ND","ND","ND","ND","ND","ND","233","1","ND","12","ND",
"Población_de_15_a_24_años",	08058,"San_Francisco_de_Conchos","2020","400","212","188","10","ND","391","9","9","ND","ND","ND","ND","ND","2","392","6","2","1","ND",
"Población_de_15_a_24_años",	08059,"San_Francisco_del_Oro","2020","685","345","340","7","2","676","8","8","ND","ND","ND","ND","1","ND","679","5","ND","13","ND",
"Población_de_15_a_24_años",	08060,"Santa_Bárbara","2020","1,812","953","859","23","39","1,781","31","30","ND","ND","1","ND","ND","2","1,783","26","3","42","ND",
"Población_de_15_a_24_años",	08061,"Satevó","2020","425","226","199","6","ND","410","15","15","ND","ND","ND","ND","ND","3","416","5","4","10","ND",
"Población_de_15_a_24_años",	08062,"Saucillo","2020","4,764","2,403","2,361","29","18","4,622","142","142","ND","ND","ND","ND","ND","7","4,680","59","23","98","ND",
"Población_de_15_a_24_años",	08063,"Temósachic","2020","668","314","354","29","ND","655","12","12","ND","ND","ND","ND","1","2","663","1","3","6","ND",
"Población_de_15_a_24_años",	08064,"El_Tule","2020","198","104","94","2","ND","190","8","8","ND","ND","ND","ND","ND","1","196","1","1","1","ND",
"Población_de_15_a_24_años",	08065,"Urique","2020","2,694","1,282","1,412","1,397","24","2,692","2","2","ND","ND","ND","ND","ND","ND","2,673","20","1","41","ND",
"Población_de_15_a_24_años",	08066,"Uruachi","2020","1,020","514","506","220","39","1,018","2","1","ND","ND","ND","1","ND","ND","1,012","8","ND","19","ND",
"Población_de_15_a_24_años",	08067,"Valle_de_Zaragoza","2020","628","329","299","13","3","581","46","46","ND","ND","ND","ND","1","1","619","5","4","7","ND",
"Población_de_15_a_24_años",	09,"Ciudad_de_México","2020","1,364,994","690,158","674,836","14,969","26,605","1,352,499","10,852","4,288","161","1,531","4,850","22","1,643","1,210","1,283,239","73,701","4,963","28,277","43",
"Población_de_15_a_24_años",	09002,"Azcapotzalco","2020","59,439","30,167","29,272","343","1,128","59,038","355","134","2","77","142","ND","46","39","54,817","4,429","173","1,111","ND",
"Población_de_15_a_24_años",	09003,"Coyoacán","2020","86,435","43,758","42,677","1,170","1,480","85,392","959","288","22","73","574","2","84","110","79,938","5,915","504","1,620","ND",
"Población_de_15_a_24_años",	09004,"Cuajimalpa_de_Morelos","2020","35,070","17,272","17,798","322","439","34,396","570","212","10","91","257","ND","104","62","32,663","2,058","222","622","ND",
"Población_de_15_a_24_años",	09005,"Gustavo_A._Madero","2020","175,910","89,820","86,090","1,733","3,236","174,791","917","551","14","46","302","4","202","80","164,750","10,214","290","3,572","24",
"Población_de_15_a_24_años",	09006,"Iztacalco","2020","58,400","29,612","28,788","644","932","58,032","292","152","2","49","88","1","76","29","54,836","3,381","107","1,237","ND",
"Población_de_15_a_24_años",	09007,"Iztapalapa","2020","293,933","148,936","144,997","3,201","5,151","292,637","1,033","780","12","52","188","1","263","101","282,112","10,707","281","7,102","ND",
"Población_de_15_a_24_años",	09008,"La_Magdalena_Contreras","2020","38,858","19,653","19,205","332","823","38,580","202","116","7","11","67","1","76","28","37,568","1,163","60","852","ND",
"Población_de_15_a_24_años",	09009,"Milpa_Alta","2020","26,836","13,725","13,111","358","385","26,774","50","43","ND","ND","7","ND","12","2","26,203","616","8","602","ND",
"Población_de_15_a_24_años",	09010,"Álvaro_Obregón","2020","114,789","57,469","57,320","1,117","2,399","113,531","1,017","404","12","223","373","5","241","141","108,844","5,251","470","2,216","9",
"Población_de_15_a_24_años",	09011,"Tláhuac","2020","65,962","33,614","32,348","412","1,247","65,726","211","161","3","12","35","ND","25","24","63,821","2,065","64","1,592","ND",
"Población_de_15_a_24_años",	09012,"Tlalpan","2020","110,528","56,208","54,320","1,201","1,886","109,712","736","346","19","65","304","2","80","99","103,786","6,370","290","2,173","ND",
"Población_de_15_a_24_años",	09013,"Xochimilco","2020","71,935","36,372","35,563","1,327","1,547","71,631","241","144","6","16","75","ND","63","43","69,399","2,171","90","1,608","ND",
"Población_de_15_a_24_años",	09014,"Benito_Juárez","2020","44,081","21,914","22,167","347","1,254","42,773","1,250","207","14","347","678","4","58","151","38,402","4,805","804","647","ND",
"Población_de_15_a_24_años",	09015,"Cuauhtémoc","2020","70,087","35,207","34,880","1,241","1,858","68,630","1,271","281","22","231","736","1","186","74","63,106","5,897","662","1,375","9",
"Población_de_15_a_24_años",	09016,"Miguel_Hidalgo","2020","49,638","24,593","25,045","394","1,410","48,104","1,457","343","12","213","889","ND","77","193","43,276","5,443","821","689","ND",
"Población_de_15_a_24_años",	09017,"Venustiano_Carranza","2020","63,093","31,838","31,255","827","1,430","62,752","291","126","4","25","135","1","50","34","59,718","3,216","117","1,259","1",
"Población_de_15_a_24_años",	10,"Durango","2020","316,578","159,775","156,803","10,107","3,020","311,826","4,529","4,304","8","14","197","6","223","439","307,181","7,562","911","7,052","ND",
"Población_de_15_a_24_años",	10001,"Canatlán","2020","5,190","2,784","2,406","13","22","5,073","117","115","ND","ND","2","ND","ND","5","4,967","120","16","138","ND",
"Población_de_15_a_24_años",	10002,"Canelas","2020","676","331","345","ND","ND","667","9","9","ND","ND","ND","ND","ND","1","660","14","2","14","ND",
"Población_de_15_a_24_años",	10003,"Coneto_de_Comonfort","2020","657","337","320","1","ND","617","40","40","ND","ND","ND","ND","ND","1","651","2","4","15","ND",
"Población_de_15_a_24_años",	10004,"Cuencamé","2020","5,696","2,919","2,777","6","23","5,614","82","82","ND","ND","ND","ND","ND","6","5,514","173","9","177","ND",
"Población_de_15_a_24_años",	10005,"Durango","2020","121,157","61,138","60,019","970","1,196","119,306","1,766","1,688","5","14","58","1","85","180","117,265","2,911","372","2,899","ND",
"Población_de_15_a_24_años",	10006,"General_Simón_Bolívar","2020","1,466","714","752","1","3","1,430","20","20","ND","ND","ND","ND","16","2","1,397","49","5","39","ND",
"Población_de_15_a_24_años",	10007,"Gómez_Palacio","2020","65,609","33,164","32,445","49","704","65,251","328","297","2","ND","28","1","30","55","63,756","1,663","104","1,411","ND",
"Población_de_15_a_24_años",	10008,"Guadalupe_Victoria","2020","6,060","3,090","2,970","7","52","5,915","144","143","ND","ND","1","ND","1","27","5,875","119","41","138","ND",
"Población_de_15_a_24_años",	10009,"Guanaceví","2020","1,457","754","703","4","11","1,423","33","33","ND","ND","ND","ND","1","ND","1,401","56","ND","26","ND",
"Población_de_15_a_24_años",	10010,"Hidalgo","2020","473","236","237","5","6","444","28","28","ND","ND","ND","ND","1","ND","458","12","2","11","ND",
"Población_de_15_a_24_años",	10011,"Indé","2020","606","300","306","19","1","561","44","44","ND","ND","ND","ND","1","3","577","19","10","15","ND",
"Población_de_15_a_24_años",	10012,"Lerdo","2020","29,407","14,806","14,601","18","378","29,202","175","169","ND","ND","6","ND","30","31","28,671","669","48","463","ND",
"Población_de_15_a_24_años",	10013,"Mapimí","2020","4,581","2,301","2,280","7","67","4,522","59","57","ND","ND","2","ND","ND","5","4,412","155","14","87","ND",
"Población_de_15_a_24_años",	10014,"Mezquital","2020","9,240","4,544","4,696","8,063","126","9,163","36","32","ND","ND","ND","4","41","7","9,132","50","14","84","ND",
"Población_de_15_a_24_años",	10015,"Nazas","2020","1,917","961","956","1","40","1,850","67","66","ND","ND","1","ND","ND","7","1,846","54","17","36","ND",
"Población_de_15_a_24_años",	10016,"Nombre_de_Dios","2020","3,058","1,581","1,477","1","29","2,964","92","91","ND","ND","1","ND","2","5","2,993","47","18","70","ND",
"Población_de_15_a_24_años",	10017,"Ocampo","2020","1,068","565","503","24","5","1,011","57","57","ND","ND","ND","ND","ND","3","1,015","46","7","22","ND",
"Población_de_15_a_24_años",	10018,"El_Oro","2020","1,430","718","712","10","7","1,338","92","92","ND","ND","ND","ND","ND","3","1,382","40","8","31","ND",
"Población_de_15_a_24_años",	10019,"Otáez","2020","892","452","440","ND","2","885","7","7","ND","ND","ND","ND","ND","ND","881","10","1","33","ND",
"Población_de_15_a_24_años",	10020,"Pánuco_de_Coronado","2020","1,995","1,005","990","ND","2","1,907","88","88","ND","ND","ND","ND","ND","3","1,957","29","9","61","ND",
"Población_de_15_a_24_años",	10021,"Peñón_Blanco","2020","1,719","888","831","2","12","1,659","60","60","ND","ND","ND","ND","ND","2","1,667","45","7","41","ND",
"Población_de_15_a_24_años",	10022,"Poanas","2020","4,095","2,022","2,073","5","24","3,972","123","123","ND","ND","ND","ND","ND","10","3,959","112","24","86","ND",
"Población_de_15_a_24_años",	10023,"Pueblo_Nuevo","2020","9,580","4,703","4,877","708","53","9,566","13","13","ND","ND","ND","ND","1","1","9,391","175","1","262","ND",
"Población_de_15_a_24_años",	10024,"Rodeo","2020","1,858","964","894","ND","12","1,782","76","76","ND","ND","ND","ND","ND","1","1,802","50","6","43","ND",
"Población_de_15_a_24_años",	10025,"San_Bernardo","2020","343","191","152","6","4","327","16","16","ND","ND","ND","ND","ND","1","333","8","2","6","ND",
"Población_de_15_a_24_años",	10026,"San_Dimas","2020","2,940","1,474","1,466","3","17","2,934","6","6","ND","ND","ND","ND","ND","ND","2,883","57","ND","52","ND",
"Población_de_15_a_24_años",	10027,"San_Juan_de_Guadalupe","2020","849","448","401","ND","57","835","14","14","ND","ND","ND","ND","ND","3","828","15","6","14","ND",
"Población_de_15_a_24_años",	10028,"San_Juan_del_Río","2020","1,840","899","941","1","6","1,795","45","45","ND","ND","ND","ND","ND","2","1,817","13","8","28","ND",
"Población_de_15_a_24_años",	10029,"San_Luis_del_Cordero","2020","320","157","163","ND","1","309","11","11","ND","ND","ND","ND","ND","1","313","4","3","4","ND",
"Población_de_15_a_24_años",	10030,"San_Pedro_del_Gallo","2020","229","118","111","ND","5","191","36","36","ND","ND","ND","ND","2","1","219","4","4","8","ND",
"Población_de_15_a_24_años",	10031,"Santa_Clara","2020","919","477","442","ND","10","889","30","30","ND","ND","ND","ND","ND","5","882","32","5","25","ND",
"Población_de_15_a_24_años",	10032,"Santiago_Papasquiaro","2020","8,346","4,223","4,123","25","37","8,068","278","276","ND","ND","2","ND","ND","22","8,066","222","45","214","ND",
"Población_de_15_a_24_años",	10033,"Súchil","2020","1,069","513","556","116","12","1,055","14","14","ND","ND","ND","ND","ND","ND","1,055","12","2","38","ND",
"Población_de_15_a_24_años",	10034,"Tamazula","2020","4,743","2,412","2,331","6","12","4,695","41","39","ND","ND","2","ND","7","2","4,495","240","6","128","ND",
"Población_de_15_a_24_años",	10035,"Tepehuanes","2020","1,764","914","850","4","38","1,705","59","59","ND","ND","ND","ND","ND","2","1,711","40","13","63","ND",
"Población_de_15_a_24_años",	10036,"Tlahualilo","2020","3,448","1,758","1,690","ND","9","3,418","30","28","ND","ND","2","ND","ND","4","3,341","98","9","51","ND",
"Población_de_15_a_24_años",	10037,"Topia","2020","1,550","785","765","9","6","1,493","56","56","ND","ND","ND","ND","1","3","1,507","38","4","42","ND",
"Población_de_15_a_24_años",	10038,"Vicente_Guerrero","2020","3,782","1,861","1,921","19","23","3,696","86","86","ND","ND","ND","ND","ND","12","3,672","89","20","91","ND",
"Población_de_15_a_24_años",	10039,"Nuevo_Ideal","2020","4,549","2,268","2,281","4","8","4,294","251","158","1","ND","92","ND","4","23","4,430","70","45","86","ND",
"Población_de_15_a_24_años",	11,"Guanajuato","2020","1,092,679","545,125","547,554","2,873","19,742","1,081,894","9,736","8,699","33","102","850","52","1,049","1,351","1,064,173","23,958","2,600","20,655","20",
"Población_de_15_a_24_años",	11001,"Abasolo","2020","16,388","8,277","8,111","19","81","16,179","208","208","ND","ND","ND","ND","1","23","16,179","166","43","294","ND",
"Población_de_15_a_24_años",	11002,"Acámbaro","2020","17,111","8,440","8,671","13","126","16,767","337","333","ND","ND","4","ND","7","35","16,703","310","74","354","ND",
"Población_de_15_a_24_años",	11003,"San_Miguel_de_Allende","2020","31,234","15,024","16,210","69","589","31,007","221","193","2","ND","24","2","6","53","30,707","367","94","386","ND",
"Población_de_15_a_24_años",	11004,"Apaseo_el_Alto","2020","11,283","5,523","5,760","6","122","11,104","164","161","ND","ND","3","ND","15","35","11,063","173","45","238","ND",
"Población_de_15_a_24_años",	11005,"Apaseo_el_Grande","2020","19,826","9,862","9,964","66","250","19,617","169","150","ND","3","16","ND","40","32","16,744","2,981","60","397","ND",
"Población_de_15_a_24_años",	11006,"Atarjea","2020","836","421","415","ND","1","829","7","7","ND","ND","ND","ND","ND","1","801","34","1","33","ND",
"Población_de_15_a_24_años",	11007,"Celaya","2020","89,855","45,521","44,334","147","2,359","89,072","700","582","3","12","99","4","83","72","87,780","1,697","176","1,469","14",
"Población_de_15_a_24_años",	11008,"Manuel_Doblado","2020","6,888","3,343","3,545","7","35","6,704","181","180","ND","ND","1","ND","3","46","6,704","117","65","157","ND",
"Población_de_15_a_24_años",	11009,"Comonfort","2020","15,398","7,425","7,973","20","100","15,268","127","126","ND","ND","1","ND","3","24","15,231","121","41","251","ND",
"Población_de_15_a_24_años",	11010,"Coroneo","2020","1,793","898","895","2","16","1,761","29","29","ND","ND","ND","ND","3","1","1,720","71","1","41","ND",
"Población_de_15_a_24_años",	11011,"Cortazar","2020","17,004","8,477","8,527","37","204","16,853","146","142","ND","1","3","ND","5","15","16,790","177","31","251","ND",
"Población_de_15_a_24_años",	11012,"Cuerámaro","2020","5,350","2,662","2,688","6","26","5,191","159","159","ND","ND","ND","ND","ND","10","5,220","104","26","113","ND",
"Población_de_15_a_24_años",	11013,"Doctor_Mora","2020","5,411","2,625","2,786","5","21","5,351","60","59","ND","ND","1","ND","ND","13","5,301","94","16","101","ND",
"Población_de_15_a_24_años",	11014,"Dolores_Hidalgo_Cuna_de_la_Independencia_Nacional","2020","30,764","14,581","16,183","320","612","30,534","220","208","ND","1","11","ND","10","106","29,903","728","130","701","ND",
"Población_de_15_a_24_años",	11015,"Guanajuato","2020","34,080","17,029","17,051","54","1,086","33,890","163","109","ND","5","48","1","27","26","33,346","537","77","605","ND",
"Población_de_15_a_24_años",	11016,"Huanímaro","2020","3,633","1,741","1,892","ND","3","3,576","56","56","ND","ND","ND","ND","1","7","3,579","43","11","83","ND",
"Población_de_15_a_24_años",	11017,"Irapuato","2020","105,213","53,646","51,567","76","1,513","104,508","666","556","12","7","90","1","39","47","101,642","3,357","116","1,586","2",
"Población_de_15_a_24_años",	11018,"Jaral_del_Progreso","2020","6,603","3,277","3,326","6","58","6,498","104","103","ND","ND","1","ND","1","2","6,505","85","12","133","ND",
"Población_de_15_a_24_años",	11019,"Jerécuaro","2020","8,113","3,870","4,243","1","58","8,015","95","92","ND","ND","3","ND","3","21","7,944","135","32","186","ND",
"Población_de_15_a_24_años",	11020,"León","2020","310,364","156,686","153,678","668","8,649","307,853","2,067","1,522","9","62","435","39","444","261","301,985","7,057","628","6,377","4",
"Población_de_15_a_24_años",	11021,"Moroleón","2020","6,963","3,542","3,421","2","37","6,907","55","51","ND","ND","4","ND","1","5","6,898","59","6","84","ND",
"Población_de_15_a_24_años",	11022,"Ocampo","2020","4,854","2,331","2,523","3","47","4,764","89","82","2","ND","5","ND","1","17","4,606","56","29","115","ND",
"Población_de_15_a_24_años",	11023,"Pénjamo","2020","26,646","13,178","13,468","25","363","26,246","387","384","ND","ND","2","1","13","38","26,091","433","88","667","ND",
"Población_de_15_a_24_años",	11024,"Pueblo_Nuevo","2020","2,030","1,012","1,018","3","8","2,003","26","26","ND","ND","ND","ND","1","4","2,009","11","10","33","ND",
"Población_de_15_a_24_años",	11025,"Purísima_del_Rincón","2020","16,115","8,123","7,992","29","265","15,927","160","159","ND","ND","1","ND","28","12","15,727","332","21","392","ND",
"Población_de_15_a_24_años",	11026,"Romita","2020","11,917","5,941","5,976","19","69","11,731","181","179","ND","ND","2","ND","5","25","11,737","141","38","230","ND",
"Población_de_15_a_24_años",	11027,"Salamanca","2020","45,330","22,677","22,653","49","548","45,025","291","248","ND","5","38","ND","14","29","44,653","550","56","801","ND",
"Población_de_15_a_24_años",	11028,"Salvatierra","2020","14,957","7,516","7,441","4","157","14,663","288","286","ND","ND","2","ND","6","48","14,740","137","76","292","ND",
"Población_de_15_a_24_años",	11029,"San_Diego_de_la_Unión","2020","8,097","3,874","4,223","5","59","8,028","66","64","ND","ND","ND","2","3","34","7,958","101","36","142","ND",
"Población_de_15_a_24_años",	11030,"San_Felipe","2020","22,592","10,935","11,657","21","90","22,377","209","208","1","ND","ND","ND","6","56","22,177","308","85","429","ND",
"Población_de_15_a_24_años",	11031,"San_Francisco_del_Rincón","2020","24,223","12,081","12,142","85","328","23,924","272","260","ND","3","8","1","27","29","23,705","442","55","555","ND",
"Población_de_15_a_24_años",	11032,"San_José_Iturbide","2020","16,596","8,139","8,457","30","115","16,381","206","198","1","1","6","ND","9","24","15,622","933","40","267","ND",
"Población_de_15_a_24_años",	11033,"San_Luis_de_la_Paz","2020","25,005","11,970","13,035","565","201","24,790","197","193","ND","ND","4","ND","18","36","24,653","280","57","477","ND",
"Población_de_15_a_24_años",	11034,"Santa_Catarina","2020","1,050","516","534","1","1","1,013","37","37","ND","ND","ND","ND","ND","1","1,007","38","5","20","ND",
"Población_de_15_a_24_años",	11035,"Santa_Cruz_de_Juventino_Rosas","2020","14,574","7,136","7,438","7","121","14,494","79","78","ND","ND","1","ND","1","8","14,503","51","19","197","ND",
"Población_de_15_a_24_años",	11036,"Santiago_Maravatío","2020","1,006","477","529","2","2","969","37","37","ND","ND","ND","ND","ND","4","981","18","7","27","ND",
"Población_de_15_a_24_años",	11037,"Silao_de_la_Victoria","2020","37,549","18,820","18,729","56","606","37,123","235","224","1","ND","9","1","191","24","36,606","722","47","785","ND",
"Población_de_15_a_24_años",	11038,"Tarandacuao","2020","1,776","881","895","ND","12","1,718","57","57","ND","ND","ND","ND","1","5","1,720","46","9","38","ND",
"Población_de_15_a_24_años",	11039,"Tarimoro","2020","5,576","2,789","2,787","4","25","5,461","115","108","2","2","3","ND","ND","13","5,484","61","31","68","ND",
"Población_de_15_a_24_años",	11040,"Tierra_Blanca","2020","4,085","2,048","2,037","385","10","4,052","28","28","ND","ND","ND","ND","5","7","3,989","84","9","75","ND",
"Población_de_15_a_24_años",	11041,"Uriangato","2020","10,326","5,103","5,223","9","58","10,195","127","126","ND","ND","1","ND","4","8","10,170","136","19","179","ND",
"Población_de_15_a_24_años",	11042,"Valle_de_Santiago","2020","25,664","12,706","12,958","13","286","25,369","289","279","ND","ND","10","ND","6","32","25,269","200","69","383","ND",
"Población_de_15_a_24_años",	11043,"Victoria","2020","4,000","1,898","2,102","6","11","3,959","38","37","ND","ND","1","ND","3","9","3,944","43","12","98","ND",
"Población_de_15_a_24_años",	11044,"Villagrán","2020","11,720","5,875","5,845","27","346","11,572","141","130","ND","ND","11","ND","7","9","11,450","248","18","284","ND",
"Población_de_15_a_24_años",	11045,"Xichú","2020","1,958","913","1,045","ND","ND","1,937","17","17","ND","ND","ND","ND","4","5","1,904","46","7","38","ND",
"Población_de_15_a_24_años",	11046,"Yuriria","2020","10,923","5,316","5,607","1","68","10,689","230","228","ND","ND","2","ND","4","39","10,723","128","72","223","ND",
"Población_de_15_a_24_años",	12,"Guerrero","2020","608,507","296,310","312,197","103,347","52,279","602,877","5,396","5,291","10","9","85","1","234","505","595,750","11,678","854","13,424","ND",
"Población_de_15_a_24_años",	12001,"Acapulco_de_Juárez","2020","127,826","62,784","65,042","1,664","11,846","126,976","766","719","3","4","39","1","84","80","125,508","2,106","141","2,716","ND",
"Población_de_15_a_24_años",	12002,"Ahuacuotzingo","2020","4,588","2,092","2,496","1,043","127","4,508","80","80","ND","ND","ND","ND","ND","12","4,460","113","14","117","ND",
"Población_de_15_a_24_años",	12003,"Ajuchitlán_del_Progreso","2020","6,271","3,094","3,177","75","25","6,199","72","72","ND","ND","ND","ND","ND","7","6,129","132","10","137","ND",
"Población_de_15_a_24_años",	12004,"Alcozauca_de_Guerrero","2020","3,855","1,703","2,152","3,464","96","3,778","77","77","ND","ND","ND","ND","ND","11","3,741","102","12","82","ND",
"Población_de_15_a_24_años",	12005,"Alpoyeca","2020","1,443","707","736","291","43","1,383","60","60","ND","ND","ND","ND","ND","ND","1,395","43","5","41","ND",
"Población_de_15_a_24_años",	12006,"Apaxtla","2020","1,815","891","924","8","9","1,792","23","23","ND","ND","ND","ND","ND","4","1,784","27","4","39","ND",
"Población_de_15_a_24_años",	12007,"Arcelia","2020","5,317","2,566","2,751","14","66","5,216","97","95","ND","ND","2","ND","4","4","5,135","163","14","87","ND",
"Población_de_15_a_24_años",	12008,"Atenango_del_Río","2020","1,464","678","786","49","28","1,418","46","46","ND","ND","ND","ND","ND","4","1,389","65","10","50","ND",
"Población_de_15_a_24_años",	12009,"Atlamajalcingo_del_Monte","2020","1,103","496","607","1,041","17","1,099","4","4","ND","ND","ND","ND","ND","1","1,077","25","1","25","ND",
"Población_de_15_a_24_años",	12010,"Atlixtac","2020","5,304","2,484","2,820","3,439","188","5,289","15","15","ND","ND","ND","ND","ND","5","5,193","102","6","78","ND",
"Población_de_15_a_24_años",	12011,"Atoyac_de_Álvarez","2020","9,842","4,918","4,924","148","744","9,776","66","64","1","ND","1","ND","ND","4","9,670","162","9","207","ND",
"Población_de_15_a_24_años",	12012,"Ayutla_de_los_Libres","2020","13,429","6,578","6,851","4,871","1,351","13,375","48","46","ND","ND","2","ND","6","6","13,291","130","8","282","ND",
"Población_de_15_a_24_años",	12013,"Azoyú","2020","2,383","1,202","1,181","97","536","2,352","31","30","ND","ND","1","ND","ND","2","2,326","50","5","73","ND",
"Población_de_15_a_24_años",	12014,"Benito_Juárez","2020","2,266","1,140","1,126","14","66","2,234","32","32","ND","ND","ND","ND","ND","2","2,196","67","3","65","ND",
"Población_de_15_a_24_años",	12015,"Buenavista_de_Cuéllar","2020","2,153","1,081","1,072","7","29","2,103","50","50","ND","ND","ND","ND","ND","ND","2,049","104","ND","41","ND",
"Población_de_15_a_24_años",	12016,"Coahuayutla_de_José_María_Izazaga","2020","2,018","978","1,040","ND","4","2,004","13","13","ND","ND","ND","ND","1","4","1,977","37","4","29","ND",
"Población_de_15_a_24_años",	12017,"Cocula","2020","2,519","1,250","1,269","9","63","2,477","42","42","ND","ND","ND","ND","ND","5","2,450","62","7","47","ND",
"Población_de_15_a_24_años",	12018,"Copala","2020","2,321","1,132","1,189","93","1,329","2,275","45","43","ND","ND","2","ND","1","2","2,258","59","4","52","ND",
"Población_de_15_a_24_años",	12019,"Copalillo","2020","2,872","1,439","1,433","2,126","366","2,852","20","20","ND","ND","ND","ND","ND","2","2,791","79","2","41","ND",
"Población_de_15_a_24_años",	12020,"Copanatoyac","2020","4,460","2,098","2,362","3,894","144","4,455","5","5","ND","ND","ND","ND","ND","4","4,310","146","4","84","ND",
"Población_de_15_a_24_años",	12021,"Coyuca_de_Benítez","2020","12,175","5,992","6,183","59","622","12,060","105","104","ND","ND","1","ND","10","9","11,988","165","13","236","ND",
"Población_de_15_a_24_años",	12022,"Coyuca_de_Catalán","2020","5,560","2,742","2,818","13","37","5,461","96","95","ND","ND","1","ND","3","6","5,447","99","12","95","ND",
"Población_de_15_a_24_años",	12023,"Cuajinicuilapa","2020","4,175","2,117","2,058","257","3,412","4,072","103","103","ND","ND","ND","ND","ND","11","4,038","114","23","80","ND",
"Población_de_15_a_24_años",	12024,"Cualác","2020","1,349","636","713","525","9","1,330","19","19","ND","ND","ND","ND","ND","ND","1,311","37","1","33","ND",
"Población_de_15_a_24_años",	12025,"Cuautepec","2020","2,833","1,386","1,447","17","1,081","2,806","27","27","ND","ND","ND","ND","ND","1","2,811","20","2","68","ND",
"Población_de_15_a_24_años",	12026,"Cuetzala_del_Progreso","2020","1,210","633","577","10","18","1,182","28","28","ND","ND","ND","ND","ND","1","1,183","25","2","26","ND",
"Población_de_15_a_24_años",	12027,"Cutzamala_de_Pinzón","2020","2,999","1,448","1,551","2","4","2,886","113","112","ND","ND","1","ND","ND","13","2,901","79","19","53","ND",
"Población_de_15_a_24_años",	12028,"Chilapa_de_Álvarez","2020","22,015","10,333","11,682","6,824","941","21,947","65","64","ND","1","ND","ND","3","8","21,485","514","12","464","ND",
"Población_de_15_a_24_años",	12029,"Chilpancingo_de_los_Bravo","2020","51,413","24,856","26,557","1,865","4,802","51,033","339","328","2","2","7","ND","41","20","50,467","860","40","1,212","ND",
"Población_de_15_a_24_años",	12030,"Florencio_Villarreal","2020","3,762","1,889","1,873","66","1,990","3,678","83","83","ND","ND","ND","ND","1","8","3,667","79","16","65","ND",
"Población_de_15_a_24_años",	12031,"General_Canuto_A._Neri","2020","975","462","513","3","5","959","16","16","ND","ND","ND","ND","ND","1","940","34","1","10","ND",
"Población_de_15_a_24_años",	12032,"General_Heliodoro_Castillo","2020","7,120","3,442","3,678","9","101","7,104","16","16","ND","ND","ND","ND","ND","3","7,045","69","6","147","ND",
"Población_de_15_a_24_años",	12033,"Huamuxtitlán","2020","2,973","1,397","1,576","493","93","2,884","89","88","ND","ND","1","ND","ND","2","2,892","74","7","83","ND",
"Población_de_15_a_24_años",	12034,"Huitzuco_de_los_Figueroa","2020","5,711","2,771","2,940","93","120","5,574","137","133","1","ND","3","ND","ND","4","5,592","105","14","128","ND",
"Población_de_15_a_24_años",	12035,"Iguala_de_la_Independencia","2020","25,890","12,740","13,150","488","695","25,573","304","298","1","1","4","ND","13","19","25,311","526","38","478","ND",
"Población_de_15_a_24_años",	12036,"Igualapa","2020","2,157","1,023","1,134","345","519","2,144","12","12","ND","ND","ND","ND","1","3","2,132","21","4","48","ND",
"Población_de_15_a_24_años",	12037,"Ixcateopan_de_Cuauhtémoc","2020","1,001","511","490","11","1","970","31","31","ND","ND","ND","ND","ND","ND","981","16","3","22","ND",
"Población_de_15_a_24_años",	12038,"Zihuatanejo_de_Azueta","2020","19,869","9,814","10,055","381","1,242","19,656","199","192","ND","ND","7","ND","14","18","19,157","660","32","477","ND",
"Población_de_15_a_24_años",	12039,"Juan_R._Escudero","2020","4,437","2,204","2,233","62","1,200","4,373","59","59","ND","ND","ND","ND","5","6","4,361","59","12","116","ND",
"Población_de_15_a_24_años",	12040,"Leonardo_Bravo","2020","4,600","2,218","2,382","8","41","4,562","38","38","ND","ND","ND","ND","ND","3","4,572","22","6","126","ND",
"Población_de_15_a_24_años",	12041,"Malinaltepec","2020","5,614","2,658","2,956","4,970","1,256","5,610","3","3","ND","ND","ND","ND","1","3","5,513","96","4","201","ND",
"Población_de_15_a_24_años",	12042,"Mártir_de_Cuilapan","2020","3,093","1,477","1,616","1,211","71","3,080","10","10","ND","ND","ND","ND","3","ND","3,010","81","ND","50","ND",
"Población_de_15_a_24_años",	12043,"Metlatónoc","2020","3,474","1,550","1,924","3,374","9","3,444","30","29","1","ND","ND","ND","ND","12","3,351","110","13","56","ND",
"Población_de_15_a_24_años",	12044,"Mochitlán","2020","2,097","1,042","1,055","20","111","2,086","11","11","ND","ND","ND","ND","ND","ND","2,072","25","ND","44","ND",
"Población_de_15_a_24_años",	12045,"Olinalá","2020","5,025","2,362","2,663","1,820","1,128","4,954","71","71","ND","ND","ND","ND","ND","4","4,945","76","4","137","ND",
"Población_de_15_a_24_años",	12046,"Ometepec","2020","13,397","6,578","6,819","4,484","2,759","13,320","76","73","1","ND","2","ND","1","2","13,203","182","7","271","ND",
"Población_de_15_a_24_años",	12047,"Pedro_Ascencio_Alquisiras","2020","1,200","567","633","ND","5","1,181","19","19","ND","ND","ND","ND","ND","3","1,188","7","5","27","ND",
"Población_de_15_a_24_años",	12048,"Petatlán","2020","7,783","3,856","3,927","28","299","7,728","54","52","ND","ND","2","ND","1","2","7,495","274","13","138","ND",
"Población_de_15_a_24_años",	12049,"Pilcaya","2020","2,131","1,070","1,061","1","33","2,097","33","33","ND","ND","ND","ND","1","2","2,016","112","3","53","ND",
"Población_de_15_a_24_años",	12050,"Pungarabato","2020","6,395","3,164","3,231","6","111","6,339","54","53","ND","ND","1","ND","2","4","6,230","159","6","104","ND",
"Población_de_15_a_24_años",	12051,"Quechultenango","2020","6,769","3,154","3,615","795","1,393","6,738","28","28","ND","ND","ND","ND","3","6","6,661","97","9","135","ND",
"Población_de_15_a_24_años",	12052,"San_Luis_Acatlán","2020","9,153","4,447","4,706","5,097","849","9,143","9","9","ND","ND","ND","ND","1","3","9,054","96","3","214","ND",
"Población_de_15_a_24_años",	12053,"San_Marcos","2020","8,513","4,260","4,253","101","1,622","8,278","235","235","ND","ND","ND","ND","ND","9","8,379","110","24","203","ND",
"Población_de_15_a_24_años",	12054,"San_Miguel_Totolapan","2020","3,995","2,002","1,993","17","9","3,976","15","15","ND","ND","ND","ND","4","4","3,864","125","5","98","ND",
"Población_de_15_a_24_años",	12055,"Taxco_de_Alarcón","2020","18,095","8,849","9,246","264","264","17,948","141","140","ND","ND","1","ND","6","10","17,780","295","16","500","ND",
"Población_de_15_a_24_años",	12056,"Tecoanapa","2020","8,300","4,136","4,164","175","1,787","8,274","23","23","ND","ND","ND","ND","3","7","8,203","87","8","136","ND",
"Población_de_15_a_24_años",	12057,"Técpan_de_Galeana","2020","10,243","5,192","5,051","94","354","10,102","141","140","ND","ND","1","ND","ND","14","9,972","243","28","231","ND",
"Población_de_15_a_24_años",	12058,"Teloloapan","2020","8,845","4,254","4,591","41","84","8,711","133","132","ND","ND","1","ND","1","8","8,663","165","16","168","ND",
"Población_de_15_a_24_años",	12059,"Tepecoacuilco_de_Trujano","2020","4,669","2,350","2,319","699","111","4,597","71","71","ND","ND","ND","ND","1","5","4,560","92","12","99","ND",
"Población_de_15_a_24_años",	12060,"Tetipac","2020","2,290","1,088","1,202","2","55","2,261","28","28","ND","ND","ND","ND","1","3","2,198","88","4","65","ND",
"Población_de_15_a_24_años",	12061,"Tixtla_de_Guerrero","2020","7,439","3,764","3,675","1,469","394","7,410","26","26","ND","ND","ND","ND","3","1","7,292","145","2","144","ND",
"Población_de_15_a_24_años",	12062,"Tlacoachistlahuaca","2020","4,343","1,931","2,412","3,364","473","4,322","20","20","ND","ND","ND","ND","1","40","4,222","81","40","70","ND",
"Población_de_15_a_24_años",	12063,"Tlacoapa","2020","1,831","906","925","1,491","52","1,831","ND","ND","ND","ND","ND","ND","ND","1","1,799","31","1","88","ND",
"Población_de_15_a_24_años",	12064,"Tlalchapa","2020","1,587","778","809","ND","4","1,552","35","35","ND","ND","ND","ND","ND","2","1,551","30","5","38","ND",
"Población_de_15_a_24_años",	12065,"Tlalixtaquilla_de_Maldonado","2020","1,285","639","646","340","25","1,258","27","27","ND","ND","ND","ND","ND","4","1,214","65","6","40","ND",
"Población_de_15_a_24_años",	12066,"Tlapa_de_Comonfort","2020","18,699","8,731","9,968","9,497","1,047","18,475","220","216","ND","1","3","ND","4","17","18,250","426","22","496","ND",
"Población_de_15_a_24_años",	12067,"Tlapehuala","2020","3,453","1,690","1,763","1","156","3,412","41","41","ND","ND","ND","ND","ND","2","3,416","30","5","85","ND",
"Población_de_15_a_24_años",	12068,"La_Unión_de_Isidoro_Montes_de_Oca","2020","4,040","2,097","1,943","6","110","3,963","76","76","ND","ND","ND","ND","1","5","3,895","134","11","80","ND",
"Población_de_15_a_24_años",	12069,"Xalpatláhuac","2020","2,070","868","1,202","1,831","34","2,053","17","17","ND","ND","ND","ND","ND","6","2,034","30","6","40","ND",
"Población_de_15_a_24_años",	12070,"Xochihuehuetlán","2020","1,341","625","716","18","21","1,283","58","58","ND","ND","ND","ND","ND","2","1,279","57","5","29","ND",
"Población_de_15_a_24_años",	12071,"Xochistlahuaca","2020","5,487","2,576","2,911","4,979","800","5,478","7","7","ND","ND","ND","ND","2","3","5,342","141","3","132","ND",
"Población_de_15_a_24_años",	12072,"Zapotitlán_Tablas","2020","2,362","1,152","1,210","1,988","57","2,361","ND","ND","ND","ND","ND","ND","1","ND","2,296","65","ND","116","ND",
"Población_de_15_a_24_años",	12073,"Zirándaro","2020","2,690","1,363","1,327","170","16","2,653","37","37","ND","ND","ND","ND","ND","7","2,597","81","12","63","ND",
"Población_de_15_a_24_años",	12074,"Zitlala","2020","3,850","1,829","2,021","2,090","55","3,835","13","12","ND","ND","1","ND","2","3","3,766","74","5","77","ND",
"Población_de_15_a_24_años",	12075,"Eduardo_Neri","2020","9,272","4,566","4,706","1,269","638","9,205","64","64","ND","ND","ND","ND","3","8","9,134","126","10","202","ND",
"Población_de_15_a_24_años",	12076,"Acatepec","2020","8,801","4,428","4,373","8,565","80","8,801","ND","ND","ND","ND","ND","ND","ND","ND","8,752","49","ND","254","ND",
"Población_de_15_a_24_años",	12077,"Marquelia","2020","2,401","1,189","1,212","89","1,094","2,361","39","39","ND","ND","ND","ND","1","2","2,319","77","4","69","ND",
"Población_de_15_a_24_años",	12078,"Cochoapa_el_Grande","2020","3,560","1,598","1,962","3,494","42","3,549","11","11","ND","ND","ND","ND","ND","1","3,528","29","2","35","ND",
"Población_de_15_a_24_años",	12079,"José_Joaquín_de_Herrera","2020","3,776","1,830","1,946","3,471","22","3,776","ND","ND","ND","ND","ND","ND","ND","2","3,740","33","2","49","ND",
"Población_de_15_a_24_años",	12080,"Juchitán","2020","1,190","602","588","59","601","1,147","43","42","ND","ND","1","ND","ND","2","1,159","25","6","37","ND",
"Población_de_15_a_24_años",	12081,"Iliatenco","2020","2,476","1,167","1,309","2,079","238","2,470","6","6","ND","ND","ND","ND","ND","1","2,398","77","1","90","ND",
"Población_de_15_a_24_años",	13,"Hidalgo","2020","510,693","253,667","257,026","48,764","8,221","503,727","6,643","6,136","28","76","402","1","323","412","477,771","31,214","993","11,653","4",
"Población_de_15_a_24_años",	13001,"Acatlán","2020","3,747","1,823","1,924","5","23","3,533","214","212","ND","ND","2","ND","ND","7","3,643","85","19","84","ND",
"Población_de_15_a_24_años",	13002,"Acaxochitlán","2020","8,460","4,114","4,346","2,445","139","8,432","28","28","ND","ND","ND","ND","ND","2","8,228","229","2","155","ND",
"Población_de_15_a_24_años",	13003,"Actopan","2020","10,090","5,028","5,062","79","115","9,849","232","217","ND","4","11","ND","9","9","9,764","278","25","198","ND",
"Población_de_15_a_24_años",	13004,"Agua_Blanca_de_Iturbide","2020","1,779","831","948","4","28","1,772","5","5","ND","ND","ND","ND","2","2","1,694","83","2","40","ND",
"Población_de_15_a_24_años",	13005,"Ajacuba","2020","2,989","1,494","1,495","6","29","2,946","41","40","ND","ND","1","ND","2","3","2,908","76","5","52","ND",
"Población_de_15_a_24_años",	13006,"Alfajayucan","2020","2,710","1,337","1,373","304","19","2,596","114","114","ND","ND","ND","ND","ND","3","2,629","75","6","61","ND",
"Población_de_15_a_24_años",	13007,"Almoloya","2020","2,133","1,102","1,031","2","21","2,109","24","24","ND","ND","ND","ND","ND","2","2,040","91","2","57","ND",
"Población_de_15_a_24_años",	13008,"Apan","2020","7,905","3,897","4,008","8","82","7,842","56","53","ND","ND","3","ND","7","7","7,539","330","13","204","ND",
"Población_de_15_a_24_años",	13009,"El_Arenal","2020","3,523","1,725","1,798","29","22","3,458","62","58","ND","ND","4","ND","3","1","3,434","82","5","72","ND",
"Población_de_15_a_24_años",	13010,"Atitalaquia","2020","5,141","2,551","2,590","11","73","5,106","25","17","1","ND","7","ND","10","2","4,891","234","8","121","ND",
"Población_de_15_a_24_años",	13011,"Atlapexco","2020","3,116","1,543","1,573","1,998","92","3,113","1","1","ND","ND","ND","ND","2","ND","3,060","55","ND","62","ND",
"Población_de_15_a_24_años",	13012,"Atotonilco_el_Grande","2020","4,904","2,365","2,539","11","42","4,733","168","168","ND","ND","ND","ND","3","16","4,767","112","22","114","ND",
"Población_de_15_a_24_años",	13013,"Atotonilco_de_Tula","2020","10,131","4,945","5,186","59","284","10,060","60","44","2","1","13","ND","11","2","7,303","2,803","17","234","ND",
"Población_de_15_a_24_años",	13014,"Calnali","2020","2,432","1,221","1,211","454","11","2,428","4","4","ND","ND","ND","ND","ND","ND","2,330","102","ND","51","ND",
"Población_de_15_a_24_años",	13015,"Cardonal","2020","3,060","1,506","1,554","1,432","68","2,865","193","193","ND","ND","ND","ND","2","6","2,997","53","10","85","ND",
"Población_de_15_a_24_años",	13016,"Cuautepec_de_Hinojosa","2020","10,515","5,161","5,354","19","21","10,415","96","93","ND","ND","3","ND","4","9","10,208","284","19","192","ND",
"Población_de_15_a_24_años",	13017,"Chapantongo","2020","1,831","890","941","3","12","1,800","30","30","ND","ND","ND","ND","1","1","1,744","85","1","37","ND",
"Población_de_15_a_24_años",	13018,"Chapulhuacán","2020","3,825","1,853","1,972","227","13","3,759","66","66","ND","ND","ND","ND","ND","7","3,677","121","9","84","ND",
"Población_de_15_a_24_años",	13019,"Chilcuautla","2020","3,110","1,582","1,528","879","140","2,962","148","147","ND","ND","1","ND","ND","10","3,002","91","17","82","ND",
"Población_de_15_a_24_años",	13020,"Eloxochitlán","2020","293","124","169","ND","3","290","3","3","ND","ND","ND","ND","ND","ND","287","6","ND","11","ND",
"Población_de_15_a_24_años",	13021,"Emiliano_Zapata","2020","2,537","1,243","1,294","5","59","2,508","26","24","ND","ND","2","ND","3","2","2,376","150","8","68","ND",
"Población_de_15_a_24_años",	13022,"Epazoyucan","2020","2,719","1,338","1,381","5","104","2,669","46","46","ND","ND","ND","ND","4","2","2,592","121","3","61","ND",
"Población_de_15_a_24_años",	13023,"Francisco_I._Madero","2020","6,088","3,090","2,998","26","52","5,963","124","120","1","ND","3","ND","1","6","5,923","149","15","88","ND",
"Población_de_15_a_24_años",	13024,"Huasca_de_Ocampo","2020","2,709","1,297","1,412","9","10","2,594","115","113","ND","ND","2","ND","ND","3","2,632","68","9","49","ND",
"Población_de_15_a_24_años",	13025,"Huautla","2020","2,770","1,397","1,373","1,553","16","2,763","6","6","ND","ND","ND","ND","1","1","2,656","113","1","74","ND",
"Población_de_15_a_24_años",	13026,"Huazalingo","2020","2,239","1,115","1,124","1,716","241","2,239","ND","ND","ND","ND","ND","ND","ND","ND","2,183","56","ND","59","ND",
"Población_de_15_a_24_años",	13027,"Huehuetla","2020","3,777","1,824","1,953","1,514","192","3,771","5","5","ND","ND","ND","ND","1","ND","3,688","89","ND","108","ND",
"Población_de_15_a_24_años",	13028,"Huejutla_de_Reyes","2020","20,254","10,074","10,180","9,720","365","20,226","21","17","1","ND","3","ND","7","5","19,505","735","5","421","ND",
"Población_de_15_a_24_años",	13029,"Huichapan","2020","7,549","3,785","3,764","28","45","7,323","225","222","1","ND","2","ND","1","6","7,219","311","9","206","ND",
"Población_de_15_a_24_años",	13030,"Ixmiquilpan","2020","16,050","7,904","8,146","3,833","219","15,236","811","803","ND","ND","8","ND","3","36","15,556","400","79","384","ND",
"Población_de_15_a_24_años",	13031,"Jacala_de_Ledezma","2020","1,793","842","951","4","13","1,743","50","49","1","ND","ND","ND","ND","4","1,738","40","9","46","ND",
"Población_de_15_a_24_años",	13032,"Jaltocán","2020","1,561","749","812","1,041","10","1,558","2","2","ND","ND","ND","ND","1","ND","1,503","42","ND","34","ND",
"Población_de_15_a_24_años",	13033,"Juárez_Hidalgo","2020","382","196","186","3","18","379","3","3","ND","ND","ND","ND","ND","ND","357","25","ND","10","ND",
"Población_de_15_a_24_años",	13034,"Lolotla","2020","1,419","710","709","322","4","1,413","5","5","ND","ND","ND","ND","1","1","1,387","31","1","47","ND",
"Población_de_15_a_24_años",	13035,"Metepec","2020","2,212","1,060","1,152","10","141","2,174","37","37","ND","ND","ND","ND","1","1","2,145","65","2","64","ND",
"Población_de_15_a_24_años",	13036,"San_Agustín_Metzquititlán","2020","1,429","725","704","5","12","1,408","20","20","ND","ND","ND","ND","1","1","1,396","30","3","28","ND",
"Población_de_15_a_24_años",	13037,"Metztitlán","2020","3,069","1,482","1,587","379","17","3,002","67","66","ND","ND","1","ND","ND","3","2,986","76","7","48","ND",
"Población_de_15_a_24_años",	13038,"Mineral_del_Chico","2020","1,508","763","745","7","21","1,473","32","32","ND","ND","ND","ND","3","ND","1,471","32","2","34","ND",
"Población_de_15_a_24_años",	13039,"Mineral_del_Monte","2020","2,394","1,190","1,204","10","25","2,363","30","29","ND","ND","1","ND","1","1","2,346","44","2","77","ND",
"Población_de_15_a_24_años",	13040,"La_Misión","2020","1,508","707","801","3","3","1,477","31","31","ND","ND","ND","ND","ND","7","1,475","26","7","55","ND",
"Población_de_15_a_24_años",	13041,"Mixquiahuala_de_Juárez","2020","7,748","3,837","3,911","27","77","7,647","99","96","ND","1","2","ND","2","4","7,534","195","13","207","ND",
"Población_de_15_a_24_años",	13042,"Molango_de_Escamilla","2020","1,761","905","856","4","ND","1,752","9","9","ND","ND","ND","ND","ND","2","1,705","44","2","50","ND",
"Población_de_15_a_24_años",	13043,"Nicolás_Flores","2020","989","478","511","377","94","974","15","15","ND","ND","ND","ND","ND","ND","967","21","1","30","ND",
"Población_de_15_a_24_años",	13044,"Nopala_de_Villagrán","2020","2,565","1,258","1,307","6","136","2,537","28","28","ND","ND","ND","ND","ND","ND","2,387","178","ND","89","ND",
"Población_de_15_a_24_años",	13045,"Omitlán_de_Juárez","2020","1,530","723","807","5","2","1,489","40","40","ND","ND","ND","ND","1","4","1,486","37","6","49","ND",
"Población_de_15_a_24_años",	13046,"San_Felipe_Orizatlán","2020","5,487","2,716","2,771","2,756","31","5,474","11","9","ND","ND","2","ND","2","7","5,194","284","9","123","ND",
"Población_de_15_a_24_años",	13047,"Pacula","2020","669","312","357","8","1","656","13","13","ND","ND","ND","ND","ND","2","653","13","3","17","ND",
"Población_de_15_a_24_años",	13048,"Pachuca_de_Soto","2020","52,485","26,416","26,069","1,205","1,095","51,896","529","361","3","29","136","ND","60","38","48,547","3,504","158","1,137","4",
"Población_de_15_a_24_años",	13049,"Pisaflores","2020","3,035","1,377","1,658","25","6","2,984","51","51","ND","ND","ND","ND","ND","8","2,844","178","13","59","ND",
"Población_de_15_a_24_años",	13050,"Progreso_de_Obregón","2020","3,793","1,844","1,949","22","57","3,716","75","74","ND","ND","1","ND","2","ND","3,691","95","4","66","ND",
"Población_de_15_a_24_años",	13051,"Mineral_de_la_Reforma","2020","35,582","17,736","17,846","466","687","35,246","292","212","2","17","60","1","44","30","31,751","3,701","91","923","ND",
"Población_de_15_a_24_años",	13052,"San_Agustín_Tlaxiaca","2020","6,964","3,448","3,516","28","92","6,892","63","56","ND","3","4","ND","9","2","6,491","455","10","173","ND",
"Población_de_15_a_24_años",	13053,"San_Bartolo_Tutotepec","2020","3,091","1,557","1,534","528","10","3,082","9","9","ND","ND","ND","ND","ND","2","3,033","56","2","81","ND",
"Población_de_15_a_24_años",	13054,"San_Salvador","2020","6,061","3,131","2,930","567","56","5,898","162","162","ND","ND","ND","ND","1","4","5,899","149","9","106","ND",
"Población_de_15_a_24_años",	13055,"Santiago_de_Anaya","2020","3,007","1,547","1,460","739","49","2,927","78","75","1","ND","2","ND","2","7","2,924","74","9","67","ND",
"Población_de_15_a_24_años",	13056,"Santiago_Tulantepec_de_Lugo_Guerrero","2020","6,783","3,290","3,493","46","37","6,713","66","56","ND","ND","10","ND","4","7","6,546","221","15","105","ND",
"Población_de_15_a_24_años",	13057,"Singuilucan","2020","2,516","1,249","1,267","2","19","2,491","25","25","ND","ND","ND","ND","ND","1","2,461","53","2","58","ND",
"Población_de_15_a_24_años",	13058,"Tasquillo","2020","2,644","1,301","1,343","479","21","2,518","125","125","ND","ND","ND","ND","1","11","2,563","60","21","58","ND",
"Población_de_15_a_24_años",	13059,"Tecozautla","2020","6,272","3,037","3,235","166","126","6,084","185","185","ND","ND","ND","ND","3","29","6,080","155","36","154","ND",
"Población_de_15_a_24_años",	13060,"Tenango_de_Doria","2020","2,874","1,381","1,493","578","48","2,827","47","46","ND","ND","1","ND","ND","3","2,792","63","15","57","ND",
"Población_de_15_a_24_años",	13061,"Tepeapulco","2020","9,287","4,657","4,630","38","120","9,177","105","99","ND","1","5","ND","5","4","8,913","364","7","205","ND",
"Población_de_15_a_24_años",	13062,"Tepehuacán_de_Guerrero","2020","5,303","2,626","2,677","1,621","19","5,283","19","18","ND","ND","1","ND","1","ND","5,165","137","1","93","ND",
"Población_de_15_a_24_años",	13063,"Tepeji_del_Río_de_Ocampo","2020","15,243","7,499","7,744","248","267","15,161","81","74","ND","3","4","ND","1","7","14,525","704","13","325","ND",
"Población_de_15_a_24_años",	13064,"Tepetitlán","2020","1,659","840","819","12","3","1,617","42","42","ND","ND","ND","ND","ND","1","1,589","65","5","42","ND",
"Población_de_15_a_24_años",	13065,"Tetepango","2020","1,986","1,039","947","2","164","1,968","18","15","2","ND","1","ND","ND","1","1,961","23","2","30","ND",
"Población_de_15_a_24_años",	13066,"Villa_de_Tezontepec","2020","2,355","1,186","1,169","2","19","2,348","3","2","ND","ND","1","ND","4","1","2,192","158","3","41","ND",
"Población_de_15_a_24_años",	13067,"Tezontepec_de_Aldama","2020","9,662","4,955","4,707","9","28","9,586","72","66","ND","1","5","ND","4","5","9,471","177","12","210","ND",
"Población_de_15_a_24_años",	13068,"Tianguistengo","2020","2,242","1,120","1,122","764","3","2,231","11","11","ND","ND","ND","ND","ND","2","2,207","33","2","43","ND",
"Población_de_15_a_24_años",	13069,"Tizayuca","2020","28,466","14,273","14,193","166","638","28,289","136","105","2","4","25","ND","41","15","21,182","7,223","37","881","ND",
"Población_de_15_a_24_años",	13070,"Tlahuelilpan","2020","3,297","1,671","1,626","8","62","3,275","22","21","ND","ND","1","ND","ND","ND","3,238","57","1","62","ND",
"Población_de_15_a_24_años",	13071,"Tlahuiltepa","2020","1,273","580","693","5","5","1,253","20","20","ND","ND","ND","ND","ND","1","1,247","22","4","41","ND",
"Población_de_15_a_24_años",	13072,"Tlanalapa","2020","1,711","888","823","1","3","1,701","10","10","ND","ND","ND","ND","ND","3","1,649","59","3","34","ND",
"Población_de_15_a_24_años",	13073,"Tlanchinol","2020","6,398","3,219","3,179","2,499","59","6,385","11","11","ND","ND","ND","ND","2","1","6,233","159","2","167","ND",
"Población_de_15_a_24_años",	13074,"Tlaxcoapan","2020","4,955","2,479","2,476","8","51","4,948","7","7","ND","ND","ND","ND","ND","ND","4,892","62","ND","66","ND",
"Población_de_15_a_24_años",	13075,"Tolcayuca","2020","3,479","1,736","1,743","11","30","3,459","17","16","ND","ND","1","ND","3","3","2,811","662","6","94","ND",
"Población_de_15_a_24_años",	13076,"Tula_de_Allende","2020","18,083","9,081","9,002","61","308","17,926","147","115","2","1","29","ND","10","6","17,247","737","34","394","ND",
"Población_de_15_a_24_años",	13077,"Tulancingo_de_Bravo","2020","28,716","14,296","14,420","395","501","28,361","338","315","4","1","18","ND","17","13","27,433","1,164","36","627","ND",
"Población_de_15_a_24_años",	13078,"Xochiatipan","2020","2,900","1,459","1,441","2,554","29","2,899","ND","ND","ND","ND","ND","ND","1","ND","2,845","55","ND","56","ND",
"Población_de_15_a_24_años",	13079,"Xochicoatlán","2020","1,069","550","519","5","4","1,060","9","9","ND","ND","ND","ND","ND","ND","1,051","18","ND","24","ND",
"Población_de_15_a_24_años",	13080,"Yahualica","2020","4,272","2,130","2,142","3,229","17","4,272","ND","ND","ND","ND","ND","ND","ND","ND","4,139","133","ND","80","ND",
"Población_de_15_a_24_años",	13081,"Zacualtipán_de_Ángeles","2020","7,078","3,410","3,668","405","159","7,014","58","57","1","ND","ND","ND","6","1","6,768","296","5","141","ND",
"Población_de_15_a_24_años",	13082,"Zapotlán_de_Juárez","2020","3,686","1,871","1,815","14","28","3,648","36","35","ND","ND","1","ND","2","1","3,411","274","1","85","ND",
"Población_de_15_a_24_años",	13083,"Zempoala","2020","9,430","4,739","4,691","47","190","9,342","80","49","2","10","19","ND","8","4","8,349","1,050","24","218","ND",
"Población_de_15_a_24_años",	13084,"Zimapán","2020","6,626","3,237","3,389","458","66","6,371","253","245","2","ND","6","ND","2","14","6,426","168","32","128","ND",
"Población_de_15_a_24_años",	14,"Jalisco","2020","1,420,618","714,778","705,840","14,406","24,728","1,398,697","20,436","18,008","117","475","1,820","16","1,485","1,748","1,365,573","49,166","4,528","24,239","264",
"Población_de_15_a_24_años",	14001,"Acatic","2020","4,029","2,041","1,988","1","239","3,929","100","100","ND","ND","ND","ND","ND","4","3,991","27","11","54","ND",
"Población_de_15_a_24_años",	14002,"Acatlán_de_Juárez","2020","4,602","2,552","2,050","156","40","4,510","91","88","1","2","ND","ND","1","6","4,039","539","20","52","ND",
"Población_de_15_a_24_años",	14003,"Ahualulco_de_Mercado","2020","4,026","2,097","1,929","86","48","3,943","83","83","ND","ND","ND","ND","ND","6","3,827","183","16","75","ND",
"Población_de_15_a_24_años",	14004,"Amacueca","2020","828","408","420","2","19","813","15","15","ND","ND","ND","ND","ND","2","820","5","3","18","ND",
"Población_de_15_a_24_años",	14005,"Amatitán","2020","2,996","1,494","1,502","64","16","2,948","48","47","ND","ND","1","ND","ND","1","2,956","33","7","72","ND",
"Población_de_15_a_24_años",	14006,"Ameca","2020","9,726","4,887","4,839","21","68","9,444","281","280","ND","ND","1","ND","1","15","9,469","215","42","154","ND",
"Población_de_15_a_24_años",	14007,"San_Juanito_de_Escobedo","2020","1,626","831","795","2","4","1,582","43","43","ND","ND","ND","ND","1","2","1,588","33","4","20","ND",
"Población_de_15_a_24_años",	14008,"Arandas","2020","14,522","7,216","7,306","75","108","14,224","292","289","ND","ND","3","ND","6","28","14,179","291","48","269","ND",
"Población_de_15_a_24_años",	14009,"El_Arenal","2020","3,732","1,829","1,903","11","18","3,657","73","72","ND","1","ND","ND","2","2","3,627","91","12","73","ND",
"Población_de_15_a_24_años",	14010,"Atemajac_de_Brizuela","2020","1,415","724","691","3","20","1,409","6","6","ND","ND","ND","ND","ND","ND","1,395","20","ND","19","ND",
"Población_de_15_a_24_años",	14011,"Atengo","2020","818","428","390","ND","4","803","15","15","ND","ND","ND","ND","ND","2","808","7","3","7","ND",
"Población_de_15_a_24_años",	14012,"Atenguillo","2020","581","281","300","ND","1","549","32","32","ND","ND","ND","ND","ND","ND","565","15","1","8","ND",
"Población_de_15_a_24_años",	14013,"Atotonilco_el_Alto","2020","10,840","5,442","5,398","11","80","10,689","147","145","1","ND","1","ND","4","12","10,654","161","24","201","ND",
"Población_de_15_a_24_años",	14014,"Atoyac","2020","1,329","645","684","6","17","1,298","31","31","ND","ND","ND","ND","ND","1","1,299","26","4","16","ND",
"Población_de_15_a_24_años",	14015,"Autlán_de_Navarro","2020","10,770","5,370","5,400","196","106","10,512","254","250","ND","ND","4","ND","4","18","10,438","292","33","159","ND",
"Población_de_15_a_24_años",	14016,"Ayotlán","2020","6,923","3,432","3,491","19","23","6,785","137","136","ND","1","ND","ND","1","6","6,744","160","18","140","ND",
"Población_de_15_a_24_años",	14017,"Ayutla","2020","1,967","962","1,005","ND","23","1,922","44","44","ND","ND","ND","ND","1","ND","1,940","19","8","51","ND",
"Población_de_15_a_24_años",	14018,"La_Barca","2020","11,149","5,473","5,676","11","49","10,921","224","220","1","1","2","ND","4","21","10,945","161","41","243","ND",
"Población_de_15_a_24_años",	14019,"Bolaños","2020","1,242","621","621","852","ND","1,233","9","9","ND","ND","ND","ND","ND","ND","1,200","41","1","28","ND",
"Población_de_15_a_24_años",	14020,"Cabo_Corrientes","2020","1,631","848","783","3","6","1,590","41","39","ND","ND","2","ND","ND","2","1,562","61","8","27","ND",
"Población_de_15_a_24_años",	14021,"Casimiro_Castillo","2020","3,034","1,527","1,507","6","15","2,955","76","74","ND","ND","2","ND","3","10","2,905","109","18","68","ND",
"Población_de_15_a_24_años",	14022,"Cihuatlán","2020","6,703","3,341","3,362","148","93","6,563","132","123","1","ND","8","ND","8","8","6,328","351","23","95","ND",
"Población_de_15_a_24_años",	14023,"Zapotlán_el_Grande","2020","20,677","10,495","10,182","346","246","20,331","338","324","ND","ND","14","ND","8","22","19,177","1,439","54","308","3",
"Población_de_15_a_24_años",	14024,"Cocula","2020","4,465","2,242","2,223","8","48","4,333","132","132","ND","ND","ND","ND","ND","10","4,382","55","28","73","ND",
"Población_de_15_a_24_años",	14025,"Colotlán","2020","3,724","1,825","1,899","252","58","3,645","79","79","ND","ND","ND","ND","ND","10","3,433","270","21","92","ND",
"Población_de_15_a_24_años",	14026,"Concepción_de_Buenos_Aires","2020","983","493","490","1","2","954","29","29","ND","ND","ND","ND","ND","3","940","32","11","9","ND",
"Población_de_15_a_24_años",	14027,"Cuautitlán_de_García_Barragán","2020","3,171","1,628","1,543","46","10","3,112","57","57","ND","ND","ND","ND","2","1","3,110","53","7","76","ND",
"Población_de_15_a_24_años",	14028,"Cuautla","2020","273","138","135","ND","11","259","14","13","ND","ND","1","ND","ND","ND","269","3","1","15","ND",
"Población_de_15_a_24_años",	14029,"Cuquío","2020","2,867","1,421","1,446","ND","5","2,773","91","91","ND","ND","ND","ND","3","4","2,845","15","7","81","ND",
"Población_de_15_a_24_años",	14030,"Chapala","2020","8,472","4,249","4,223","15","482","8,300","172","158","ND","3","11","ND","ND","6","8,334","109","27","108","ND",
"Población_de_15_a_24_años",	14031,"Chimaltitán","2020","441","215","226","18","7","429","12","12","ND","ND","ND","ND","ND","2","427","12","2","15","ND",
"Población_de_15_a_24_años",	14032,"Chiquilistlán","2020","1,023","521","502","ND","2","1,001","22","22","ND","ND","ND","ND","ND","ND","1,017","6","ND","19","ND",
"Población_de_15_a_24_años",	14033,"Degollado","2020","3,223","1,528","1,695","8","17","3,103","119","118","1","ND","ND","ND","1","11","3,140","55","27","63","ND",
"Población_de_15_a_24_años",	14034,"Ejutla","2020","237","122","115","ND","ND","228","9","9","ND","ND","ND","ND","ND","2","228","4","5","6","ND",
"Población_de_15_a_24_años",	14035,"Encarnación_de_Díaz","2020","8,700","4,304","4,396","10","59","8,450","240","239","ND","ND","1","ND","10","9","8,530","151","16","191","ND",
"Población_de_15_a_24_años",	14036,"Etzatlán","2020","3,368","1,673","1,695","6","24","3,320","48","48","ND","ND","ND","ND","ND","4","3,302","59","6","59","ND",
"Población_de_15_a_24_años",	14037,"El_Grullo","2020","4,097","2,002","2,095","78","16","3,964","133","129","3","1","ND","ND","ND","9","3,964","112","21","75","ND",
"Población_de_15_a_24_años",	14038,"Guachinango","2020","577","292","285","ND","1","557","20","20","ND","ND","ND","ND","ND","1","567","7","3","6","ND",
"Población_de_15_a_24_años",	14039,"Guadalajara","2020","223,974","113,262","110,712","762","4,792","221,430","2,246","1,678","18","88","459","3","298","217","217,216","5,798","691","3,451","11",
"Población_de_15_a_24_años",	14040,"Hostotipaquillo","2020","1,455","737","718","3","8","1,433","21","20","ND","ND","1","ND","1","ND","1,421","33","1","30","ND",
"Población_de_15_a_24_años",	14041,"Huejúcar","2020","846","413","433","ND","ND","804","41","41","ND","ND","ND","ND","1","1","811","32","3","26","ND",
"Población_de_15_a_24_años",	14042,"Huejuquilla_el_Alto","2020","1,562","755","807","204","11","1,513","48","48","ND","ND","ND","ND","1","1","1,422","129","10","39","ND",
"Población_de_15_a_24_años",	14043,"La_Huerta","2020","3,449","1,729","1,720","33","21","3,313","134","133","ND","ND","1","ND","2","6","3,326","101","20","86","ND",
"Población_de_15_a_24_años",	14044,"Ixtlahuacán_de_los_Membrillos","2020","11,967","6,000","5,967","61","169","11,849","113","100","1","ND","12","ND","5","5","11,563","374","25","272","ND",
"Población_de_15_a_24_años",	14045,"Ixtlahuacán_del_Río","2020","3,089","1,545","1,544","9","71","2,941","142","142","ND","ND","ND","ND","6","6","3,038","32","14","67","ND",
"Población_de_15_a_24_años",	14046,"Jalostotitlán","2020","5,742","2,812","2,930","2","45","5,524","217","216","ND","ND","1","ND","1","9","5,650","64","28","91","ND",
"Población_de_15_a_24_años",	14047,"Jamay","2020","4,494","2,352","2,142","27","172","4,403","90","89","ND","1","ND","ND","1","5","4,216","266","12","101","ND",
"Población_de_15_a_24_años",	14048,"Jesús_María","2020","3,158","1,398","1,760","19","31","3,058","97","97","ND","ND","ND","ND","3","24","3,009","110","37","84","ND",
"Población_de_15_a_24_años",	14049,"Jilotlán_de_los_Dolores","2020","1,271","644","627","7","6","1,207","32","32","ND","ND","ND","ND","32","4","1,154","80","7","21","ND",
"Población_de_15_a_24_años",	14050,"Jocotepec","2020","8,325","4,269","4,056","107","271","8,188","132","124","4","ND","4","ND","5","8","8,109","179","31","153","ND",
"Población_de_15_a_24_años",	14051,"Juanacatlán","2020","5,082","2,460","2,622","4","72","5,015","63","59","ND","3","1","ND","4","5","4,935","134","12","91","ND",
"Población_de_15_a_24_años",	14052,"Juchitlán","2020","798","403","395","3","6","776","22","21","ND","ND","1","ND","ND","1","786","9","3","14","ND",
"Población_de_15_a_24_años",	14053,"Lagos_de_Moreno","2020","30,596","15,359","15,237","7","286","30,136","446","432","ND","1","13","ND","14","33","29,949","577","59","558","ND",
"Población_de_15_a_24_años",	14054,"El_Limón","2020","695","352","343","1","8","657","38","38","ND","ND","ND","ND","ND","2","677","13","5","24","ND",
"Población_de_15_a_24_años",	14055,"Magdalena","2020","3,675","1,864","1,811","5","10","3,558","116","114","ND","ND","2","ND","1","4","3,562","98","14","64","ND",
"Población_de_15_a_24_años",	14056,"Santa_María_del_Oro","2020","315","163","152","ND","1","297","18","17","1","ND","ND","ND","ND","2","300","7","8","5","ND",
"Población_de_15_a_24_años",	14057,"La_Manzanilla_de_la_Paz","2020","636","304","332","ND","1","611","25","24","ND","ND","1","ND","ND","ND","608","24","4","11","ND",
"Población_de_15_a_24_años",	14058,"Mascota","2020","2,160","1,073","1,087","10","5","2,106","54","52","ND","ND","2","ND","ND","2","2,099","53","8","52","ND",
"Población_de_15_a_24_años",	14059,"Mazamitla","2020","2,307","1,124","1,183","16","6","2,252","54","52","ND","ND","2","ND","1","3","2,220","76","9","30","ND",
"Población_de_15_a_24_años",	14060,"Mexticacán","2020","669","310","359","ND","1","644","25","25","ND","ND","ND","ND","ND","4","650","12","6","14","ND",
"Población_de_15_a_24_años",	14061,"Mezquitic","2020","3,794","1,815","1,979","3,178","209","3,777","14","14","ND","ND","ND","ND","3","2","3,717","75","2","99","ND",
"Población_de_15_a_24_años",	14062,"Mixtlán","2020","536","293","243","ND","2","509","27","27","ND","ND","ND","ND","ND","ND","517","16","3","10","ND",
"Población_de_15_a_24_años",	14063,"Ocotlán","2020","18,676","9,326","9,350","14","174","18,429","241","232","ND","ND","9","ND","6","22","18,118","518","38","375","ND",
"Población_de_15_a_24_años",	14064,"Ojuelos_de_Jalisco","2020","6,152","2,988","3,164","4","18","6,066","85","85","ND","ND","ND","ND","1","21","5,884","236","32","127","ND",
"Población_de_15_a_24_años",	14065,"Pihuamo","2020","1,677","856","821","7","6","1,605","70","70","ND","ND","ND","ND","2","2","1,615","48","14","31","ND",
"Población_de_15_a_24_años",	14066,"Poncitlán","2020","9,627","4,824","4,803","7","185","9,496","130","129","1","ND","ND","ND","1","15","9,495","104","28","161","ND",
"Población_de_15_a_24_años",	14067,"Puerto_Vallarta","2020","50,809","25,684","25,125","459","1,051","49,941","806","650","3","43","110","ND","62","77","46,344","4,173","244","901","ND",
"Población_de_15_a_24_años",	14068,"Villa_Purificación","2020","1,596","776","820","8","2","1,525","71","71","ND","ND","ND","ND","ND","2","1,565","22","9","29","ND",
"Población_de_15_a_24_años",	14069,"Quitupan","2020","1,120","528","592","ND","5","1,067","53","53","ND","ND","ND","ND","ND","2","1,102","14","4","21","ND",
"Población_de_15_a_24_años",	14070,"El_Salto","2020","43,082","22,141","20,941","174","691","42,699","353","311","6","4","32","ND","30","41","41,495","1,458","86","846","ND",
"Población_de_15_a_24_años",	14071,"San_Cristóbal_de_la_Barranca","2020","406","207","199","21","ND","394","12","12","ND","ND","ND","ND","ND","1","397","4","5","13","ND",
"Población_de_15_a_24_años",	14072,"San_Diego_de_Alejandría","2020","1,260","653","607","6","3","1,221","37","36","ND","ND","1","ND","2","3","1,203","51","6","23","ND",
"Población_de_15_a_24_años",	14073,"San_Juan_de_los_Lagos","2020","12,763","6,522","6,241","24","114","12,529","233","230","ND","ND","3","ND","1","16","12,566","164","31","198","ND",
"Población_de_15_a_24_años",	14074,"San_Julián","2020","2,398","1,170","1,228","1","24","2,251","146","146","ND","ND","ND","ND","1","11","2,331","37","30","95","ND",
"Población_de_15_a_24_años",	14075,"San_Marcos","2020","627","312","315","ND","12","621","6","6","ND","ND","ND","ND","ND","1","599","27","1","13","ND",
"Población_de_15_a_24_años",	14076,"San_Martín_de_Bolaños","2020","434","211","223","28","ND","428","6","6","ND","ND","ND","ND","ND","ND","420","14","ND","6","ND",
"Población_de_15_a_24_años",	14077,"San_Martín_Hidalgo","2020","4,349","2,159","2,190","2","23","4,121","227","226","1","ND","ND","ND","1","12","4,270","48","30","87","ND",
"Población_de_15_a_24_años",	14078,"San_Miguel_el_Alto","2020","5,251","2,610","2,641","3","46","5,058","192","192","ND","ND","ND","ND","1","21","5,149","63","38","144","ND",
"Población_de_15_a_24_años",	14079,"Gómez_Farías","2020","2,841","1,434","1,407","55","86","2,807","34","34","ND","ND","ND","ND","ND","2","2,675","159","7","49","ND",
"Población_de_15_a_24_años",	14080,"San_Sebastián_del_Oeste","2020","672","354","318","2","1","651","21","21","ND","ND","ND","ND","ND","2","642","26","4","16","ND",
"Población_de_15_a_24_años",	14081,"Santa_María_de_los_Ángeles","2020","524","255","269","1","6","510","14","14","ND","ND","ND","ND","ND","ND","510","12","2","9","ND",
"Población_de_15_a_24_años",	14082,"Sayula","2020","6,289","3,211","3,078","126","45","6,222","64","59","1","ND","4","ND","3","5","5,906","368","14","64","ND",
"Población_de_15_a_24_años",	14083,"Tala","2020","15,828","7,991","7,837","254","357","15,504","318","308","1","ND","9","ND","6","24","15,016","748","56","302","ND",
"Población_de_15_a_24_años",	14084,"Talpa_de_Allende","2020","2,317","1,145","1,172","2","7","2,279","38","38","ND","ND","ND","ND","ND","1","2,278","35","4","36","ND",
"Población_de_15_a_24_años",	14085,"Tamazula_de_Gordiano","2020","5,841","2,914","2,927","58","89","5,610","230","228","ND","ND","2","ND","1","11","5,615","201","24","100","215",
"Población_de_15_a_24_años",	14086,"Tapalpa","2020","3,824","1,937","1,887","115","10","3,797","27","26","ND","ND","1","ND","ND","4","3,634","185","5","61","ND",
"Población_de_15_a_24_años",	14087,"Tecalitlán","2020","2,743","1,378","1,365","14","30","2,678","64","64","ND","ND","ND","ND","1","4","2,649","84","10","49","ND",
"Población_de_15_a_24_años",	14088,"Tecolotlán","2020","2,460","1,236","1,224","4","15","2,361","99","99","ND","ND","ND","ND","ND","1","2,430","20","10","51","ND",
"Población_de_15_a_24_años",	14089,"Techaluta_de_Montenegro","2020","628","325","303","6","ND","621","7","7","ND","ND","ND","ND","ND","ND","621","7","ND","9","ND",
"Población_de_15_a_24_años",	14090,"Tenamaxtlán","2020","1,158","574","584","1","5","1,119","38","38","ND","ND","ND","ND","1","1","1,142","12","4","20","ND",
"Población_de_15_a_24_años",	14091,"Teocaltiche","2020","6,537","3,223","3,314","3","123","6,351","184","181","ND","ND","3","ND","2","8","6,421","94","21","110","ND",
"Población_de_15_a_24_años",	14092,"Teocuitatlán_de_Corona","2020","1,653","841","812","37","20","1,616","37","37","ND","ND","ND","ND","ND","6","1,585","59","9","35","ND",
"Población_de_15_a_24_años",	14093,"Tepatitlán_de_Morelos","2020","26,487","13,231","13,256","85","561","26,012","473","462","ND","2","9","ND","2","26","26,074","339","73","315","ND",
"Población_de_15_a_24_años",	14094,"Tequila","2020","8,354","4,208","4,146","32","74","8,243","101","97","1","2","1","ND","10","9","8,149","169","24","144","ND",
"Población_de_15_a_24_años",	14095,"Teuchitlán","2020","1,575","781","794","4","13","1,533","42","42","ND","ND","ND","ND","ND","4","1,542","27","6","32","ND",
"Población_de_15_a_24_años",	14096,"Tizapán_el_Alto","2020","3,705","1,864","1,841","14","34","3,608","96","95","1","ND","ND","ND","1","16","3,592","79","34","86","ND",
"Población_de_15_a_24_años",	14097,"Tlajomulco_de_Zúñiga","2020","129,370","64,576","64,794","691","3,324","128,123","1,141","892","15","42","190","2","106","99","123,374","5,628","279","2,296","ND",
"Población_de_15_a_24_años",	14098,"San_Pedro_Tlaquepaque","2020","121,866","61,596","60,270","478","1,864","120,799","983","800","12","32","139","ND","84","105","118,176","3,331","291","2,074","12",
"Población_de_15_a_24_años",	14099,"Tolimán","2020","1,871","919","952","122","13","1,843","28","28","ND","ND","ND","ND","ND","1","1,644","223","4","41","ND",
"Población_de_15_a_24_años",	14100,"Tomatlán","2020","5,602","2,839","2,763","164","66","5,462","139","139","ND","ND","ND","ND","1","17","5,250","320","31","143","ND",
"Población_de_15_a_24_años",	14101,"Tonalá","2020","103,655","52,064","51,591","207","1,533","102,828","723","664","3","7","46","3","104","68","101,903","1,508","129","1,869","ND",
"Población_de_15_a_24_años",	14102,"Tonaya","2020","814","395","419","ND","2","790","24","24","ND","ND","ND","ND","ND","1","800","9","5","5","ND",
"Población_de_15_a_24_años",	14103,"Tonila","2020","1,200","617","583","25","7","1,169","28","28","ND","ND","ND","ND","3","1","1,150","49","1","22","ND",
"Población_de_15_a_24_años",	14104,"Totatiche","2020","543","289","254","13","2","520","22","22","ND","ND","ND","ND","1","ND","531","12","ND","4","ND",
"Población_de_15_a_24_años",	14105,"Tototlán","2020","4,026","2,043","1,983","3","32","3,939","85","81","ND","ND","4","ND","2","2","3,981","30","11","69","ND",
"Población_de_15_a_24_años",	14106,"Tuxcacuesco","2020","857","453","404","96","2","845","11","10","ND","ND","1","ND","1","1","634","218","2","24","ND",
"Población_de_15_a_24_años",	14107,"Tuxcueca","2020","1,046","515","531","1","4","1,011","35","31","ND","ND","4","ND","ND","1","1,026","13","7","21","ND",
"Población_de_15_a_24_años",	14108,"Tuxpan","2020","6,352","3,191","3,161","150","136","6,279","72","69","ND","ND","3","ND","1","3","6,040","296","14","89","ND",
"Población_de_15_a_24_años",	14109,"Unión_de_San_Antonio","2020","3,332","1,651","1,681","1","26","3,244","85","84","1","ND","ND","ND","3","8","3,202","115","15","81","ND",
"Población_de_15_a_24_años",	14110,"Unión_de_Tula","2020","2,020","960","1,060","1","13","1,954","66","66","ND","ND","ND","ND","ND","4","1,992","20","8","40","ND",
"Población_de_15_a_24_años",	14111,"Valle_de_Guadalupe","2020","1,055","531","524","ND","2","1,021","34","34","ND","ND","ND","ND","ND","ND","1,051","1","3","14","ND",
"Población_de_15_a_24_años",	14112,"Valle_de_Juárez","2020","923","493","430","2","4","852","71","71","ND","ND","ND","ND","ND","4","880","32","11","22","ND",
"Población_de_15_a_24_años",	14113,"San_Gabriel","2020","2,483","1,272","1,211","97","21","2,430","52","52","ND","ND","ND","ND","1","6","2,204","269","10","46","ND",
"Población_de_15_a_24_años",	14114,"Villa_Corona","2020","3,128","1,573","1,555","223","22","3,018","110","109","ND","1","ND","ND","ND","6","2,932","174","21","58","ND",
"Población_de_15_a_24_años",	14115,"Villa_Guerrero","2020","860","426","434","82","ND","835","24","24","ND","ND","ND","ND","1","3","847","8","5","23","ND",
"Población_de_15_a_24_años",	14116,"Villa_Hidalgo","2020","3,433","1,665","1,768","ND","20","3,293","137","134","1","ND","2","ND","3","8","3,353","62","18","49","ND",
"Población_de_15_a_24_años",	14117,"Cañadas_de_Obregón","2020","612","316","296","2","2","580","32","32","ND","ND","ND","ND","ND","5","588","17","7","13","ND",
"Población_de_15_a_24_años",	14118,"Yahualica_de_González_Gallo","2020","3,243","1,606","1,637","ND","20","3,087","156","155","ND","ND","1","ND","ND","6","3,177","43","23","70","ND",
"Población_de_15_a_24_años",	14119,"Zacoalco_de_Torres","2020","5,088","2,683","2,405","103","42","4,989","99","99","ND","ND","ND","ND","ND","15","4,868","199","21","72","ND",
"Población_de_15_a_24_años",	14120,"Zapopan","2020","247,802","124,975","122,827","3,130","5,144","244,001","3,212","2,234","38","240","693","7","589","376","233,633","12,594","1,011","3,586","ND",
"Población_de_15_a_24_años",	14121,"Zapotiltic","2020","5,751","2,950","2,801","301","199","5,619","129","128","ND","ND","1","ND","3","13","5,127","600","23","80","23",
"Población_de_15_a_24_años",	14122,"Zapotitlán_de_Vadillo","2020","1,302","701","601","5","7","1,277","23","23","ND","ND","ND","ND","2","3","1,237","59","6","22","ND",
"Población_de_15_a_24_años",	14123,"Zapotlán_del_Rey","2020","3,240","1,645","1,595","2","29","3,160","80","79","ND","ND","1","ND","ND","6","3,196","27","17","76","ND",
"Población_de_15_a_24_años",	14124,"Zapotlanejo","2020","11,145","5,560","5,585","2","157","10,890","251","250","ND","ND","ND","1","4","25","10,986","115","39","276","ND",
"Población_de_15_a_24_años",	14125,"San_Ignacio_Cerro_Gordo","2020","2,954","1,372","1,582","15","16","2,827","125","125","ND","ND","ND","ND","2","6","2,858","75","20","58","ND",
"Población_de_15_a_24_años",	15,"México","2020","2,891,824","1,452,989","1,438,835","39,550","50,293","2,869,626","13,372","9,889","157","675","2,558","93","8,826","1,090","2,796,197","85,680","3,111","60,280","3",
"Población_de_15_a_24_años",	15001,"Acambay_de_Ruíz_Castañeda","2020","12,313","5,927","6,386","713","369","12,142","162","156","ND","ND","6","ND","9","11","12,077","207","23","427","ND",
"Población_de_15_a_24_años",	15002,"Acolman","2020","30,944","16,006","14,938","165","379","30,032","103","90","1","3","8","1","809","4","29,431","727","10","590","ND",
"Población_de_15_a_24_años",	15003,"Aculco","2020","8,889","4,413","4,476","351","40","8,857","31","29","ND","ND","2","ND","1","5","8,729","152","7","194","ND",
"Población_de_15_a_24_años",	15004,"Almoloya_de_Alquisiras","2020","2,806","1,351","1,455","ND","169","2,764","42","42","ND","ND","ND","ND","ND","5","2,775","24","7","50","ND",
"Población_de_15_a_24_años",	15005,"Almoloya_de_Juárez","2020","30,762","15,504","15,258","65","621","30,376","54","48","ND","ND","6","ND","332","6","30,056","365","9","613","ND",
"Población_de_15_a_24_años",	15006,"Almoloya_del_Río","2020","2,191","1,122","1,069","17","18","2,155","36","36","ND","ND","ND","ND","ND","ND","2,161","30","ND","40","ND",
"Población_de_15_a_24_años",	15007,"Amanalco","2020","4,192","2,070","2,122","86","22","4,182","10","10","ND","ND","ND","ND","ND","4","4,134","54","4","106","ND",
"Población_de_15_a_24_años",	15008,"Amatepec","2020","4,122","2,038","2,084","ND","22","4,014","107","106","ND","ND","1","ND","1","2","4,064","41","13","100","ND",
"Población_de_15_a_24_años",	15009,"Amecameca","2020","9,265","4,590","4,675","16","151","9,245","15","11","ND","1","3","ND","5","4","9,154","99","8","161","ND",
"Población_de_15_a_24_años",	15010,"Apaxco","2020","5,374","2,727","2,647","12","63","5,361","13","4","1","ND","8","ND","ND","2","5,210","156","7","106","ND",
"Población_de_15_a_24_años",	15011,"Atenco","2020","13,901","6,944","6,957","123","104","13,842","40","39","ND","ND","1","ND","19","5","13,482","397","9","366","ND",
"Población_de_15_a_24_años",	15012,"Atizapán","2020","2,307","1,099","1,208","29","19","2,297","7","7","ND","ND","ND","ND","3","ND","2,278","27","ND","26","ND",
"Población_de_15_a_24_años",	15013,"Atizapán_de_Zaragoza","2020","80,377","40,502","39,875","623","1,318","79,679","550","320","6","60","162","2","148","42","78,015","2,135","143","1,519","ND",
"Población_de_15_a_24_años",	15014,"Atlacomulco","2020","20,055","9,968","10,087","1,104","94","19,980","73","67","2","1","3","ND","2","4","19,682","360","11","353","ND",
"Población_de_15_a_24_años",	15015,"Atlautla","2020","5,628","2,862","2,766","9","70","5,595","30","26","1","ND","3","ND","3","3","5,567","56","5","71","ND",
"Población_de_15_a_24_años",	15016,"Axapusco","2020","5,088","2,550","2,538","21","83","5,074","11","10","ND","ND","1","ND","3","ND","4,943","143","2","94","ND",
"Población_de_15_a_24_años",	15017,"Ayapango","2020","1,655","847","808","1","8","1,654","1","1","ND","ND","ND","ND","ND","ND","1,609","46","ND","33","ND",
"Población_de_15_a_24_años",	15018,"Calimaya","2020","11,579","5,715","5,864","30","149","11,508","64","40","ND","9","15","ND","7","6","11,229","336","10","140","ND",
"Población_de_15_a_24_años",	15019,"Capulhuac","2020","6,545","3,199","3,346","20","89","6,522","18","15","ND","ND","3","ND","5","ND","6,471","69","1","91","ND",
"Población_de_15_a_24_años",	15020,"Coacalco_de_Berriozábal","2020","46,908","23,751","23,157","147","903","46,559","198","128","3","16","49","2","151","25","45,478","1,283","72","1,036","ND",
"Población_de_15_a_24_años",	15021,"Coatepec_Harinas","2020","7,206","3,511","3,695","3","44","7,099","101","101","ND","ND","ND","ND","6","5","7,116","79","11","125","ND",
"Población_de_15_a_24_años",	15022,"Cocotitlán","2020","2,539","1,271","1,268","15","20","2,529","6","6","ND","ND","ND","ND","4","ND","2,473","65","ND","63","ND",
"Población_de_15_a_24_años",	15023,"Coyotepec","2020","7,375","3,700","3,675","23","99","7,354","16","13","ND","ND","3","ND","5","3","7,262","100","5","94","ND",
"Población_de_15_a_24_años",	15024,"Cuautitlán","2020","30,440","15,682","14,758","122","689","29,951","118","67","1","21","28","1","371","5","28,999","1,055","40","580","ND",
"Población_de_15_a_24_años",	15025,"Chalco","2020","70,752","34,908","35,844","805","1,211","70,343","259","208","2","6","34","9","150","15","66,181","4,432","63","1,523","ND",
"Población_de_15_a_24_años",	15026,"Chapa_de_Mota","2020","5,811","2,930","2,881","628","455","5,804","6","6","ND","ND","ND","ND","1","1","5,735","75","1","145","ND",
"Población_de_15_a_24_años",	15027,"Chapultepec","2020","2,281","1,108","1,173","11","40","2,274","3","2","ND","ND","1","ND","4","ND","2,196","84","1","39","ND",
"Población_de_15_a_24_años",	15028,"Chiautla","2020","5,305","2,698","2,607","34","80","5,295","6","5","ND","ND","1","ND","4","3","5,217","82","4","96","ND",
"Población_de_15_a_24_años",	15029,"Chicoloapan","2020","36,683","18,624","18,059","152","490","36,462","129","107","1","1","17","3","92","6","35,221","1,402","31","915","ND",
"Población_de_15_a_24_años",	15030,"Chiconcuac","2020","5,035","2,474","2,561","159","61","5,024","4","4","ND","ND","ND","ND","7","ND","4,897","133","ND","79","ND",
"Población_de_15_a_24_años",	15031,"Chimalhuacán","2020","128,380","64,253","64,127","1,402","2,995","127,683","400","362","5","2","27","4","297","23","124,976","3,216","69","3,418","ND",
"Población_de_15_a_24_años",	15032,"Donato_Guerra","2020","7,391","3,643","3,748","1,499","24","7,365","15","15","ND","ND","ND","ND","11","ND","7,305","84","ND","131","ND",
"Población_de_15_a_24_años",	15033,"Ecatepec_de_Morelos","2020","267,784","134,960","132,824","2,255","5,208","265,802","1,164","950","17","19","159","19","818","75","260,257","6,848","189","6,417","ND",
"Población_de_15_a_24_años",	15034,"Ecatzingo","2020","2,106","1,040","1,066","1","9","2,102","4","4","ND","ND","ND","ND","ND","ND","2,069","37","ND","23","ND",
"Población_de_15_a_24_años",	15035,"Huehuetoca","2020","28,822","14,434","14,388","236","637","28,617","103","64","1","3","35","ND","102","8","26,702","2,008","36","672","1",
"Población_de_15_a_24_años",	15036,"Hueypoxtla","2020","8,020","4,073","3,947","13","65","8,003","12","12","ND","ND","ND","ND","5","1","7,867","147","1","191","ND",
"Población_de_15_a_24_años",	15037,"Huixquilucan","2020","46,955","22,910","24,045","415","1,149","46,039","800","253","6","108","433","ND","116","68","44,581","2,104","226","760","ND",
"Población_de_15_a_24_años",	15038,"Isidro_Fabela","2020","2,221","1,077","1,144","10","157","2,213","8","8","ND","ND","ND","ND","ND","ND","2,197","23","1","39","ND",
"Población_de_15_a_24_años",	15039,"Ixtapaluca","2020","98,722","49,592","49,130","760","1,797","98,083","338","256","2","20","51","9","301","43","94,239","4,275","93","2,308","ND",
"Población_de_15_a_24_años",	15040,"Ixtapan_de_la_Sal","2020","6,666","3,303","3,363","12","72","6,561","105","104","ND","ND","1","ND","ND","7","6,490","159","17","163","ND",
"Población_de_15_a_24_años",	15041,"Ixtapan_del_Oro","2020","1,108","560","548","3","14","1,102","6","6","ND","ND","ND","ND","ND","ND","1,101","7","ND","12","ND",
"Población_de_15_a_24_años",	15042,"Ixtlahuaca","2020","29,062","14,541","14,521","1,560","160","28,972","43","37","ND","2","4","ND","47","5","28,720","289","9","620","ND",
"Población_de_15_a_24_años",	15043,"Xalatlaco","2020","5,668","2,879","2,789","11","48","5,660","5","4","ND","1","ND","ND","3","ND","5,602","63","1","77","ND",
"Población_de_15_a_24_años",	15044,"Jaltenco","2020","4,703","2,366","2,337","19","45","4,686","12","11","ND","ND","1","ND","5","ND","4,592","106","1","133","ND",
"Población_de_15_a_24_años",	15045,"Jilotepec","2020","15,597","7,757","7,840","38","183","15,470","78","68","2","ND","6","2","49","2","15,277","275","8","430","ND",
"Población_de_15_a_24_años",	15046,"Jilotzingo","2020","3,453","1,711","1,742","9","16","3,450","2","2","ND","ND","ND","ND","1","ND","3,436","16","ND","75","ND",
"Población_de_15_a_24_años",	15047,"Jiquipilco","2020","14,168","6,931","7,237","199","360","14,107","52","52","ND","ND","ND","ND","9","4","13,990","167","6","291","ND",
"Población_de_15_a_24_años",	15048,"Jocotitlán","2020","12,239","6,033","6,206","110","110","12,190","49","48","ND","ND","1","ND","ND","3","12,095","138","5","246","ND",
"Población_de_15_a_24_años",	15049,"Joquicingo","2020","2,554","1,300","1,254","10","121","2,499","54","54","ND","ND","ND","ND","1","5","2,507","42","5","60","ND",
"Población_de_15_a_24_años",	15050,"Juchitepec","2020","4,781","2,426","2,355","14","107","4,767","9","9","ND","ND","ND","ND","5","1","4,727","51","1","101","ND",
"Población_de_15_a_24_años",	15051,"Lerma","2020","29,641","15,040","14,601","77","288","29,468","109","40","6","17","46","ND","64","12","28,788","757","37","446","ND",
"Población_de_15_a_24_años",	15052,"Malinalco","2020","4,884","2,427","2,457","14","361","4,834","48","44","ND","ND","4","ND","2","5","4,789","85","8","104","ND",
"Población_de_15_a_24_años",	15053,"Melchor_Ocampo","2020","10,843","5,427","5,416","62","264","10,799","36","28","ND","ND","8","ND","8","6","10,549","271","15","188","ND",
"Población_de_15_a_24_años",	15054,"Metepec","2020","38,434","19,457","18,977","112","731","38,007","396","168","18","45","164","1","31","59","37,105","1,137","157","530","2",
"Población_de_15_a_24_años",	15055,"Mexicaltzingo","2020","2,441","1,248","1,193","10","39","2,435","6","3","ND","3","ND","ND","ND","1","2,412","26","3","24","ND",
"Población_de_15_a_24_años",	15056,"Morelos","2020","5,956","2,961","2,995","445","54","5,933","19","18","ND","ND","1","ND","4","2","5,859","87","5","116","ND",
"Población_de_15_a_24_años",	15057,"Naucalpan_de_Juárez","2020","133,891","67,363","66,528","2,362","2,493","133,132","605","368","10","40","186","1","154","65","128,613","5,017","151","2,446","ND",
"Población_de_15_a_24_años",	15058,"Nezahualcóyotl","2020","170,385","86,833","83,552","1,678","2,926","168,450","790","667","5","16","97","5","1,145","47","164,261","5,086","133","3,797","ND",
"Población_de_15_a_24_años",	15059,"Nextlalpan","2020","9,301","4,567","4,734","69","432","9,260","38","28","ND","1","9","ND","3","5","8,847","442","12","242","ND",
"Población_de_15_a_24_años",	15060,"Nicolás_Romero","2020","74,989","37,797","37,192","812","1,433","74,694","257","211","2","8","32","4","38","20","73,188","1,714","56","1,594","ND",
"Población_de_15_a_24_años",	15061,"Nopaltepec","2020","1,854","931","923","2","11","1,847","7","7","ND","ND","ND","ND","ND","1","1,812","41","1","31","ND",
"Población_de_15_a_24_años",	15062,"Ocoyoacac","2020","12,460","6,213","6,247","131","176","12,422","31","17","1","3","10","ND","7","4","12,155","289","14","177","ND",
"Población_de_15_a_24_años",	15063,"Ocuilan","2020","6,733","3,331","3,402","420","136","6,674","58","58","ND","ND","ND","ND","1","5","6,594","128","8","156","ND",
"Población_de_15_a_24_años",	15064,"El_Oro","2020","6,789","3,406","3,383","402","168","6,740","22","22","ND","ND","ND","ND","27","3","6,660","100","4","151","ND",
"Población_de_15_a_24_años",	15065,"Otumba","2020","6,297","3,169","3,128","12","85","6,225","23","20","ND","ND","3","ND","49","1","6,141","106","2","107","ND",
"Población_de_15_a_24_años",	15066,"Otzoloapan","2020","820","399","421","ND","2","813","7","7","ND","ND","ND","ND","ND","ND","818","2","ND","6","ND",
"Población_de_15_a_24_años",	15067,"Otzolotepec","2020","16,779","8,443","8,336","242","106","16,749","25","15","ND","7","3","ND","5","4","16,541","226","10","247","ND",
"Población_de_15_a_24_años",	15068,"Ozumba","2020","5,390","2,715","2,675","17","64","5,359","30","30","ND","ND","ND","ND","1","ND","5,320","64","5","84","ND",
"Población_de_15_a_24_años",	15069,"Papalotla","2020","848","443","405","3","12","846","1","ND","ND","ND","1","ND","1","1","827","19","1","16","ND",
"Población_de_15_a_24_años",	15070,"La_Paz","2020","54,150","27,316","26,834","897","1,459","53,782","197","176","2","1","12","6","171","18","51,081","2,969","44","1,423","ND",
"Población_de_15_a_24_años",	15071,"Polotitlán","2020","2,449","1,251","1,198","5","33","2,440","9","9","ND","ND","ND","ND","ND","ND","2,384","64","1","71","ND",
"Población_de_15_a_24_años",	15072,"Rayón","2020","2,866","1,458","1,408","6","32","2,856","9","7","ND","ND","2","ND","1","1","2,813","52","1","52","ND",
"Población_de_15_a_24_años",	15073,"San_Antonio_la_Isla","2020","5,518","2,715","2,803","16","202","5,509","9","7","ND","1","1","ND","ND","1","5,316","198","4","98","ND",
"Población_de_15_a_24_años",	15074,"San_Felipe_del_Progreso","2020","29,045","14,181","14,864","5,066","356","28,988","49","47","1","ND","1","ND","8","5","28,783","250","10","607","ND",
"Población_de_15_a_24_años",	15075,"San_Martín_de_las_Pirámides","2020","5,185","2,591","2,594","37","76","5,171","12","8","ND","ND","4","ND","2","ND","5,049","136","ND","98","ND",
"Población_de_15_a_24_años",	15076,"San_Mateo_Atenco","2020","17,404","8,639","8,765","70","133","17,312","58","32","2","6","18","ND","34","8","16,966","402","22","242","ND",
"Población_de_15_a_24_años",	15077,"San_Simón_de_Guerrero","2020","1,184","590","594","ND","1","1,177","7","7","ND","ND","ND","ND","ND","ND","1,172","11","1","29","ND",
"Población_de_15_a_24_años",	15078,"Santo_Tomás","2020","1,666","831","835","1","ND","1,657","8","8","ND","ND","ND","ND","1","1","1,660","5","1","20","ND",
"Población_de_15_a_24_años",	15079,"Soyaniquilpan_de_Juárez","2020","2,332","1,175","1,157","3","17","2,300","31","30","1","ND","ND","ND","1","1","2,261","69","1","51","ND",
"Población_de_15_a_24_años",	15080,"Sultepec","2020","4,054","1,924","2,130","16","92","4,016","32","32","ND","ND","ND","ND","6","7","4,018","19","11","93","ND",
"Población_de_15_a_24_años",	15081,"Tecámac","2020","92,747","46,506","46,241","369","1,483","92,173","448","314","4","30","98","2","126","30","87,789","4,790","104","1,940","ND",
"Población_de_15_a_24_años",	15082,"Tejupilco","2020","14,661","7,011","7,650","3","56","14,366","292","286","3","1","2","ND","3","15","14,405","224","31","359","ND",
"Población_de_15_a_24_años",	15083,"Temamatla","2020","2,334","1,134","1,200","16","8","2,331","3","2","ND","ND","1","ND","ND","1","2,188","144","1","38","ND",
"Población_de_15_a_24_años",	15084,"Temascalapa","2020","7,724","3,885","3,839","15","217","7,696","25","23","ND","1","1","ND","3","2","7,494","226","4","147","ND",
"Población_de_15_a_24_años",	15085,"Temascalcingo","2020","11,899","5,879","6,020","874","58","11,819","76","76","ND","ND","ND","ND","4","3","11,768","125","5","298","ND",
"Población_de_15_a_24_años",	15086,"Temascaltepec","2020","6,310","3,146","3,164","205","18","6,250","45","45","ND","ND","ND","ND","15","5","6,237","50","11","128","ND",
"Población_de_15_a_24_años",	15087,"Temoaya","2020","19,576","9,879","9,697","2,522","193","19,530","26","15","1","4","6","ND","20","1","19,153","400","11","346","ND",
"Población_de_15_a_24_años",	15088,"Tenancingo","2020","18,458","9,320","9,138","21","145","18,230","104","98","ND","ND","6","ND","124","6","18,104","219","14","374","ND",
"Población_de_15_a_24_años",	15089,"Tenango_del_Aire","2020","1,925","990","935","3","3","1,923","1","ND","ND","ND","1","ND","1","ND","1,904","19","1","31","ND",
"Población_de_15_a_24_años",	15090,"Tenango_del_Valle","2020","16,215","8,110","8,105","43","411","16,073","68","65","ND","ND","3","ND","74","9","15,909","221","13","312","ND",
"Población_de_15_a_24_años",	15091,"Teoloyucan","2020","11,528","5,837","5,691","22","195","11,473","19","13","ND","ND","5","1","36","ND","11,376","124","3","191","ND",
"Población_de_15_a_24_años",	15092,"Teotihuacán","2020","9,797","4,972","4,825","41","53","9,748","30","27","ND","ND","3","ND","19","4","9,605","183","6","165","ND",
"Población_de_15_a_24_años",	15093,"Tepetlaoxtoc","2020","5,688","2,852","2,836","35","448","5,663","24","24","ND","ND","ND","ND","1","2","5,568","114","3","135","ND",
"Población_de_15_a_24_años",	15094,"Tepetlixpa","2020","3,500","1,771","1,729","13","48","3,480","18","18","ND","ND","ND","ND","2","1","3,448","50","2","67","ND",
"Población_de_15_a_24_años",	15095,"Tepotzotlán","2020","18,013","9,118","8,895","93","269","17,945","62","49","1","7","5","ND","6","12","17,520","460","26","303","ND",
"Población_de_15_a_24_años",	15096,"Tequixquiac","2020","7,053","3,512","3,541","21","76","7,028","23","18","1","1","3","ND","2","ND","6,925","122","6","119","ND",
"Población_de_15_a_24_años",	15097,"Texcaltitlán","2020","3,316","1,618","1,698","ND","13","3,259","57","57","ND","ND","ND","ND","ND","1","3,287","24","5","95","ND",
"Población_de_15_a_24_años",	15098,"Texcalyacac","2020","1,010","534","476","6","40","1,007","2","ND","ND","ND","2","ND","1","ND","988","20","2","11","ND",
"Población_de_15_a_24_años",	15099,"Texcoco","2020","50,208","25,502","24,706","900","1,046","49,739","247","153","3","5","86","ND","222","12","46,257","3,663","81","983","ND",
"Población_de_15_a_24_años",	15100,"Tezoyuca","2020","8,734","4,410","4,324","96","129","8,665","31","30","ND","ND","1","ND","38","ND","8,475","230","1","155","ND",
"Población_de_15_a_24_años",	15101,"Tianguistenco","2020","15,237","7,696","7,541","49","198","15,182","43","39","ND","2","2","ND","12","2","14,952","266","9","318","ND",
"Población_de_15_a_24_años",	15102,"Timilpan","2020","2,812","1,345","1,467","43","16","2,795","15","14","1","ND","ND","ND","2","ND","2,784","26","1","54","ND",
"Población_de_15_a_24_años",	15103,"Tlalmanalco","2020","7,911","3,926","3,985","11","70","7,895","12","12","ND","ND","ND","ND","4","1","7,819","90","1","106","ND",
"Población_de_15_a_24_años",	15104,"Tlalnepantla_de_Baz","2020","101,032","51,445","49,587","1,075","1,719","99,132","488","316","5","35","130","2","1,412","57","96,039","3,502","147","1,756","ND",
"Población_de_15_a_24_años",	15105,"Tlatlaya","2020","5,343","2,591","2,752","1","10","5,221","121","119","ND","ND","2","ND","1","6","5,253","79","11","89","ND",
"Población_de_15_a_24_años",	15106,"Toluca","2020","155,447","77,839","77,608","986","2,773","154,671","661","355","8","106","191","1","115","59","151,879","3,228","268","2,490","ND",
"Población_de_15_a_24_años",	15107,"Tonatico","2020","2,111","1,059","1,052","2","57","2,051","60","60","ND","ND","ND","ND","ND","4","2,051","50","10","53","ND",
"Población_de_15_a_24_años",	15108,"Tultepec","2020","26,478","13,387","13,091","112","495","26,387","79","54","2","4","19","ND","12","6","25,782","680","13","624","ND",
"Población_de_15_a_24_años",	15109,"Tultitlán","2020","84,950","43,137","41,813","427","1,429","84,252","361","269","4","7","77","4","337","20","82,708","1,929","82","1,828","ND",
"Población_de_15_a_24_años",	15110,"Valle_de_Bravo","2020","10,530","5,316","5,214","49","77","10,444","51","48","ND","ND","3","ND","35","1","10,403","85","4","179","ND",
"Población_de_15_a_24_años",	15111,"Villa_de_Allende","2020","10,312","5,215","5,097","141","31","10,301","11","10","1","ND","ND","ND","ND","ND","10,247","63","1","206","ND",
"Población_de_15_a_24_años",	15112,"Villa_del_Carbón","2020","9,745","4,909","4,836","128","58","9,728","10","8","ND","ND","2","ND","7","ND","9,627","113","1","246","ND",
"Población_de_15_a_24_años",	15113,"Villa_Guerrero","2020","12,720","6,285","6,435","4","101","12,574","139","137","ND","ND","2","ND","7","29","12,539","140","40","328","ND",
"Población_de_15_a_24_años",	15114,"Villa_Victoria","2020","21,681","10,747","10,934","1,429","51","21,632","29","28","ND","ND","1","ND","20","2","21,448","212","6","408","ND",
"Población_de_15_a_24_años",	15115,"Xonacatlán","2020","9,488","4,806","4,682","15","53","9,469","16","7","2","1","6","ND","3","4","9,302","177","9","161","ND",
"Población_de_15_a_24_años",	15116,"Zacazonapan","2020","864","430","434","ND","3","856","8","8","ND","ND","ND","ND","ND","ND","847","16","ND","10","ND",
"Población_de_15_a_24_años",	15117,"Zacualpan","2020","2,249","1,074","1,175","ND","18","2,224","25","25","ND","ND","ND","ND","ND","1","2,220","28","1","43","ND",
"Población_de_15_a_24_años",	15118,"Zinacantepec","2020","36,908","18,495","18,413","49","586","36,779","113","80","1","9","22","1","16","12","36,243","428","31","494","ND",
"Población_de_15_a_24_años",	15119,"Zumpahuacán","2020","3,545","1,753","1,792","2","13","3,508","37","36","ND","1","ND","ND","ND","3","3,504","36","5","52","ND",
"Población_de_15_a_24_años",	15120,"Zumpango","2020","47,075","23,618","23,457","260","758","46,730","160","109","6","2","42","1","185","18","43,522","3,379","43","1,261","ND",
"Población_de_15_a_24_años",	15121,"Cuautitlán_Izcalli","2020","86,150","43,772","42,378","489","1,952","85,547","503","316","8","37","141","1","100","41","83,429","2,502","146","1,756","ND",
"Población_de_15_a_24_años",	15122,"Valle_de_Chalco_Solidaridad","2020","66,997","33,487","33,510","759","1,018","66,554","271","234","7","1","19","10","172","18","63,957","2,895","50","1,883","ND",
"Población_de_15_a_24_años",	15123,"Luvianos","2020","5,172","2,389","2,783","3","26","5,046","125","124","ND","ND","1","ND","1","7","5,093","65","14","153","ND",
"Población_de_15_a_24_años",	15124,"San_José_del_Rincón","2020","20,589","10,324","10,265","1,163","487","20,550","28","27","ND","ND","ND","1","11","1","20,439","135","3","359","ND",
"Población_de_15_a_24_años",	15125,"Tonanitla","2020","2,466","1,237","1,229","8","46","2,461","4","4","ND","ND","ND","ND","1","ND","2,356","107","2","38","ND",
"Población_de_15_a_24_años",	16,"Michoacán_de_Ocampo","2020","798,174","396,408","401,766","26,358","12,600","781,587","13,893","13,481","35","54","314","9","2,694","1,334","772,451","19,898","2,768","15,465","203",
"Población_de_15_a_24_años",	16001,"Acuitzio","2020","1,977","988","989","4","17","1,950","27","27","ND","ND","ND","ND","ND","3","1,934","39","4","45","ND",
"Población_de_15_a_24_años",	16002,"Aguililla","2020","2,139","1,052","1,087","27","40","2,078","50","50","ND","ND","ND","ND","11","6","2,071","48","15","39","ND",
"Población_de_15_a_24_años",	16003,"Álvaro_Obregón","2020","3,711","1,887","1,824","2","12","3,574","136","136","ND","ND","ND","ND","1","10","3,648","34","29","75","ND",
"Población_de_15_a_24_años",	16004,"Angamacutiro","2020","2,265","1,089","1,176","1","11","2,207","57","57","ND","ND","ND","ND","1","7","2,216","30","19","69","ND",
"Población_de_15_a_24_años",	16005,"Angangueo","2020","1,829","933","896","ND","6","1,822","7","6","ND","1","ND","ND","ND","ND","1,804","24","1","29","ND",
"Población_de_15_a_24_años",	16006,"Apatzingán","2020","21,045","10,421","10,624","301","262","20,607","390","384","1","ND","5","ND","48","35","20,391","541","67","375","ND",
"Población_de_15_a_24_años",	16007,"Aporo","2020","606","295","311","ND","30","591","15","15","ND","ND","ND","ND","ND","ND","596","8","2","9","ND",
"Población_de_15_a_24_años",	16008,"Aquila","2020","4,219","2,195","2,024","1,616","23","4,145","59","56","3","ND","ND","ND","15","6","4,118","81","7","98","ND",
"Población_de_15_a_24_años",	16009,"Ario","2020","6,021","3,063","2,958","8","32","5,917","102","99","1","ND","2","ND","2","7","5,902","102","12","91","ND",
"Población_de_15_a_24_años",	16010,"Arteaga","2020","3,502","1,722","1,780","2","31","3,461","40","40","ND","ND","ND","ND","1","6","3,466","27","9","79","ND",
"Población_de_15_a_24_años",	16011,"Briseñas","2020","1,899","949","950","1","17","1,858","38","38","ND","ND","ND","ND","3","5","1,773","117","7","42","ND",
"Población_de_15_a_24_años",	16012,"Buenavista","2020","7,411","3,648","3,763","424","40","7,124","281","280","ND","ND","ND","1","6","11","6,945","436","28","110","169",
"Población_de_15_a_24_años",	16013,"Carácuaro","2020","1,483","715","768","ND","31","1,452","20","20","ND","ND","ND","ND","11","5","1,459","5","7","10","ND",
"Población_de_15_a_24_años",	16014,"Coahuayana","2020","2,729","1,376","1,353","61","100","2,651","76","75","ND","ND","1","ND","2","7","2,469","237","23","33","ND",
"Población_de_15_a_24_años",	16015,"Coalcomán_de_Vázquez_Pallares","2020","3,269","1,646","1,623","18","125","3,193","71","71","ND","ND","ND","ND","5","13","3,148","94","22","64","ND",
"Población_de_15_a_24_años",	16016,"Coeneo","2020","2,943","1,379","1,564","618","40","2,871","72","72","ND","ND","ND","ND","ND","11","2,888","32","23","53","ND",
"Población_de_15_a_24_años",	16017,"Contepec","2020","5,901","2,849","3,052","7","38","5,840","61","60","ND","ND","1","ND","ND","11","5,674","215","12","173","ND",
"Población_de_15_a_24_años",	16018,"Copándaro","2020","1,601","806","795","ND","4","1,566","34","34","ND","ND","ND","ND","1","8","1,575","12","13","22","ND",
"Población_de_15_a_24_años",	16019,"Cotija","2020","3,269","1,576","1,693","8","30","3,154","114","111","ND","ND","3","ND","1","14","3,172","69","27","77","ND",
"Población_de_15_a_24_años",	16020,"Cuitzeo","2020","5,144","2,600","2,544","2","49","5,079","65","65","ND","ND","ND","ND","ND","10","5,079","51","13","125","ND",
"Población_de_15_a_24_años",	16021,"Charapan","2020","2,263","1,109","1,154","1,170","19","2,229","31","31","ND","ND","ND","ND","3","4","2,226","25","10","43","ND",
"Población_de_15_a_24_años",	16022,"Charo","2020","4,032","2,136","1,896","4","27","3,740","120","120","ND","ND","ND","ND","172","19","3,609","51","38","65","ND",
"Población_de_15_a_24_años",	16023,"Chavinda","2020","1,684","863","821","4","35","1,616","68","68","ND","ND","ND","ND","ND","7","1,642","34","8","25","ND",
"Población_de_15_a_24_años",	16024,"Cherán","2020","3,378","1,604","1,774","361","12","3,296","81","81","ND","ND","ND","ND","1","7","3,323","36","19","58","ND",
"Población_de_15_a_24_años",	16025,"Chilchota","2020","7,234","3,566","3,668","4,072","25","7,189","45","45","ND","ND","ND","ND","ND","7","7,185","37","10","92","ND",
"Población_de_15_a_24_años",	16026,"Chinicuila","2020","721","383","338","21","3","697","22","22","ND","ND","ND","ND","2","2","691","25","5","15","ND",
"Población_de_15_a_24_años",	16027,"Chucándiro","2020","775","380","395","ND","6","753","22","22","ND","ND","ND","ND","ND","3","767","1","6","11","ND",
"Población_de_15_a_24_años",	16028,"Churintzio","2020","689","327","362","ND","4","666","23","23","ND","ND","ND","ND","ND","2","677","7","5","18","ND",
"Población_de_15_a_24_años",	16029,"Churumuco","2020","1,870","914","956","ND","4","1,849","21","21","ND","ND","ND","ND","ND","1","1,835","34","1","42","ND",
"Población_de_15_a_24_años",	16030,"Ecuandureo","2020","1,679","828","851","1","5","1,612","66","66","ND","ND","ND","ND","1","10","1,641","15","23","20","ND",
"Población_de_15_a_24_años",	16031,"Epitacio_Huerta","2020","2,339","1,076","1,263","3","5","2,300","39","39","ND","ND","ND","ND","ND","5","2,198","134","7","84","ND",
"Población_de_15_a_24_años",	16032,"Erongarícuaro","2020","2,434","1,196","1,238","304","7","2,403","31","30","ND","ND","1","ND","ND","ND","2,393","38","3","32","ND",
"Población_de_15_a_24_años",	16033,"Gabriel_Zamora","2020","3,470","1,706","1,764","3","197","3,432","38","38","ND","ND","ND","ND","ND","3","3,431","30","8","47","ND",
"Población_de_15_a_24_años",	16034,"Hidalgo","2020","22,325","11,117","11,208","17","262","21,876","443","437","3","ND","3","ND","6","33","21,991","267","65","487","ND",
"Población_de_15_a_24_años",	16035,"La_Huacana","2020","4,677","2,324","2,353","3","168","4,574","96","96","ND","ND","ND","ND","7","6","4,589","64","15","92","ND",
"Población_de_15_a_24_años",	16036,"Huandacareo","2020","1,682","856","826","3","4","1,619","63","63","ND","ND","ND","ND","ND","ND","1,656","22","4","59","ND",
"Población_de_15_a_24_años",	16037,"Huaniqueo","2020","1,006","512","494","1","24","979","27","27","ND","ND","ND","ND","ND","2","992","7","7","23","ND",
"Población_de_15_a_24_años",	16038,"Huetamo","2020","6,400","3,139","3,261","6","74","6,192","206","206","ND","ND","ND","ND","2","20","6,168","194","34","75","ND",
"Población_de_15_a_24_años",	16039,"Huiramba","2020","1,559","736","823","4","21","1,540","19","19","ND","ND","ND","ND","ND","6","1,538","15","6","23","ND",
"Población_de_15_a_24_años",	16040,"Indaparapeo","2020","3,245","1,620","1,625","ND","14","3,204","41","41","ND","ND","ND","ND","ND","4","3,210","24","11","84","ND",
"Población_de_15_a_24_años",	16041,"Irimbo","2020","2,777","1,342","1,435","ND","39","2,717","59","58","ND","ND","1","ND","1","9","2,725","36","15","66","ND",
"Población_de_15_a_24_años",	16042,"Ixtlán","2020","2,099","1,033","1,066","2","15","2,046","53","52","ND","ND","1","ND","ND","5","2,050","39","10","32","ND",
"Población_de_15_a_24_años",	16043,"Jacona","2020","11,930","5,881","6,049","60","114","11,791","131","128","ND","ND","3","ND","8","10","11,774","128","22","220","ND",
"Población_de_15_a_24_años",	16044,"Jiménez","2020","1,861","892","969","1","13","1,801","60","60","ND","ND","ND","ND","ND","7","1,821","21","19","32","ND",
"Población_de_15_a_24_años",	16045,"Jiquilpan","2020","5,826","2,896","2,930","6","227","5,661","163","160","ND","ND","3","ND","2","15","5,660","128","36","137","ND",
"Población_de_15_a_24_años",	16046,"Juárez","2020","2,459","1,194","1,265","ND","9","2,374","84","84","ND","ND","ND","ND","1","6","2,372","74","13","42","ND",
"Población_de_15_a_24_años",	16047,"Jungapeo","2020","3,323","1,636","1,687","ND","6","3,286","37","37","ND","ND","ND","ND","ND","5","3,278","32","12","40","ND",
"Población_de_15_a_24_años",	16048,"Lagunillas","2020","942","470","472","1","ND","918","24","24","ND","ND","ND","ND","ND","2","931","6","5","10","ND",
"Población_de_15_a_24_años",	16049,"Madero","2020","3,314","1,650","1,664","3","11","3,241","73","73","ND","ND","ND","ND","ND","6","3,238","38","10","55","ND",
"Población_de_15_a_24_años",	16050,"Maravatío","2020","15,295","7,424","7,871","14","139","15,056","226","225","ND","ND","1","ND","13","21","14,911","339","36","385","ND",
"Población_de_15_a_24_años",	16051,"Marcos_Castellanos","2020","2,237","1,095","1,142","ND","26","2,151","86","85","ND","ND","1","ND","ND","4","2,091","131","15","53","ND",
"Población_de_15_a_24_años",	16052,"Lázaro_Cárdenas","2020","32,543","16,274","16,269","218","921","32,096","418","393","3","4","15","3","29","32","30,728","1,718","67","654","ND",
"Población_de_15_a_24_años",	16053,"Morelia","2020","147,567","73,550","74,017","943","2,893","143,122","2,331","2,131","11","23","165","1","2,114","208","139,631","5,359","469","2,808","ND",
"Población_de_15_a_24_años",	16054,"Morelos","2020","1,260","622","638","ND","1","1,218","42","42","ND","ND","ND","ND","ND","6","1,239","14","7","25","ND",
"Población_de_15_a_24_años",	16055,"Múgica","2020","7,514","3,694","3,820","46","35","7,405","104","103","ND","ND","ND","1","5","12","7,329","161","19","179","ND",
"Población_de_15_a_24_años",	16056,"Nahuatzen","2020","5,631","2,782","2,849","2,252","288","5,543","85","85","ND","ND","ND","ND","3","8","5,573","43","14","91","ND",
"Población_de_15_a_24_años",	16057,"Nocupétaro","2020","1,210","588","622","ND","14","1,186","24","24","ND","ND","ND","ND","ND","1","1,205","3","2","11","ND",
"Población_de_15_a_24_años",	16058,"Nuevo_Parangaricutiro","2020","3,635","1,847","1,788","40","24","3,574","61","61","ND","ND","ND","ND","ND","7","3,558","63","13","59","ND",
"Población_de_15_a_24_años",	16059,"Nuevo_Urecho","2020","1,453","715","738","3","226","1,431","22","22","ND","ND","ND","ND","ND","4","1,421","27","5","39","ND",
"Población_de_15_a_24_años",	16060,"Numarán","2020","1,484","749","735","ND","6","1,461","23","23","ND","ND","ND","ND","ND","4","1,461","16","7","19","ND",
"Población_de_15_a_24_años",	16061,"Ocampo","2020","4,650","2,339","2,311","13","35","4,639","11","11","ND","ND","ND","ND","ND","1","4,560","88","2","107","ND",
"Población_de_15_a_24_años",	16062,"Pajacuarán","2020","3,422","1,707","1,715","4","9","3,335","87","87","ND","ND","ND","ND","ND","8","3,333","67","21","71","ND",
"Población_de_15_a_24_años",	16063,"Panindícuaro","2020","2,315","1,153","1,162","2","12","2,269","45","45","ND","ND","ND","ND","1","4","2,289","17","7","47","ND",
"Población_de_15_a_24_años",	16064,"Parácuaro","2020","4,499","2,230","2,269","53","18","4,383","114","113","ND","ND","1","ND","2","7","4,366","115","17","79","ND",
"Población_de_15_a_24_años",	16065,"Paracho","2020","6,672","3,353","3,319","1,771","40","6,502","169","169","ND","ND","ND","ND","1","15","6,576","54","41","127","ND",
"Población_de_15_a_24_años",	16066,"Pátzcuaro","2020","16,665","8,426","8,239","654","359","16,483","179","175","1","1","2","ND","3","24","16,338","273","52","313","ND",
"Población_de_15_a_24_años",	16067,"Penjamillo","2020","2,400","1,180","1,220","3","14","2,328","71","71","ND","ND","ND","ND","1","9","2,356","27","17","40","ND",
"Población_de_15_a_24_años",	16068,"Peribán","2020","5,087","2,672","2,415","63","18","4,978","105","105","ND","ND","ND","ND","4","7","4,888","182","14","81","ND",
"Población_de_15_a_24_años",	16069,"La_Piedad","2020","17,416","8,790","8,626","44","223","17,043","368","355","1","5","7","ND","5","39","16,873","401","83","314","ND",
"Población_de_15_a_24_años",	16070,"Purépero","2020","2,347","1,172","1,175","3","18","2,288","58","58","ND","ND","ND","ND","1","6","2,312","22","13","42","ND",
"Población_de_15_a_24_años",	16071,"Puruándiro","2020","11,564","5,576","5,988","11","61","11,306","254","253","ND","ND","1","ND","4","46","11,316","167","77","243","ND",
"Población_de_15_a_24_años",	16072,"Queréndaro","2020","2,454","1,204","1,250","ND","7","2,391","62","62","ND","ND","ND","ND","1","8","2,408","34","12","109","ND",
"Población_de_15_a_24_años",	16073,"Quiroga","2020","4,309","2,091","2,218","1,097","20","4,251","57","57","ND","ND","ND","ND","1","10","4,259","34","15","91","ND",
"Población_de_15_a_24_años",	16074,"Cojumatlán_de_Régules","2020","1,653","824","829","1","15","1,608","43","43","ND","ND","ND","ND","2","2","1,613","33","7","26","ND",
"Población_de_15_a_24_años",	16075,"Los_Reyes","2020","14,032","7,097","6,935","3,159","204","13,724","302","297","ND","1","4","ND","6","19","13,070","918","41","238","ND",
"Población_de_15_a_24_años",	16076,"Sahuayo","2020","13,298","6,580","6,718","11","114","13,090","199","193","1","ND","5","ND","9","13","13,022","214","36","297","ND",
"Población_de_15_a_24_años",	16077,"San_Lucas","2020","2,488","1,249","1,239","9","9","2,425","59","57","ND","1","1","ND","4","9","2,340","125","16","36","ND",
"Población_de_15_a_24_años",	16078,"Santa_Ana_Maya","2020","2,068","1,012","1,056","1","8","2,023","43","43","ND","ND","ND","ND","2","13","2,005","46","15","36","ND",
"Población_de_15_a_24_años",	16079,"Salvador_Escalante","2020","8,945","4,480","4,465","5","199","8,852","93","92","1","ND","ND","ND","ND","20","8,848","59","37","133","ND",
"Población_de_15_a_24_años",	16080,"Senguio","2020","3,475","1,674","1,801","ND","84","3,441","34","34","ND","ND","ND","ND","ND","1","3,427","45","3","80","ND",
"Población_de_15_a_24_años",	16081,"Susupuato","2020","1,453","691","762","4","3","1,412","41","41","ND","ND","ND","ND","ND","4","1,405","43","5","31","ND",
"Población_de_15_a_24_años",	16082,"Tacámbaro","2020","13,676","6,724","6,952","34","746","13,441","229","223","ND","6","ND","ND","6","26","13,331","289","48","170","ND",
"Población_de_15_a_24_años",	16083,"Tancítaro","2020","6,149","3,106","3,043","141","30","6,044","102","102","ND","ND","ND","ND","3","2","6,005","138","6","111","ND",
"Población_de_15_a_24_años",	16084,"Tangamandapio","2020","5,740","2,794","2,946","1,135","39","5,660","79","79","ND","ND","ND","ND","1","9","5,647","68","24","88","ND",
"Población_de_15_a_24_años",	16085,"Tangancícuaro","2020","5,639","2,780","2,859","169","61","5,471","167","165","ND","ND","2","ND","1","11","5,524","84","30","95","ND",
"Población_de_15_a_24_años",	16086,"Tanhuato","2020","2,474","1,181","1,293","10","5","2,441","33","33","ND","ND","ND","ND","ND","1","2,446","22","3","32","4",
"Población_de_15_a_24_años",	16087,"Taretan","2020","2,524","1,252","1,272","3","2","2,467","55","55","ND","ND","ND","ND","2","1","2,480","40","3","61","ND",
"Población_de_15_a_24_años",	16088,"Tarímbaro","2020","20,112","10,065","10,047","43","509","19,821","286","270","1","2","13","ND","5","32","19,437","614","54","457","ND",
"Población_de_15_a_24_años",	16089,"Tepalcatepec","2020","3,759","1,853","1,906","17","26","3,600","153","153","ND","ND","ND","ND","6","17","3,568","160","28","66","ND",
"Población_de_15_a_24_años",	16090,"Tingambato","2020","2,740","1,351","1,389","35","132","2,714","26","26","ND","ND","ND","ND","ND","1","2,693","43","4","52","ND",
"Población_de_15_a_24_años",	16091,"Tingüindín","2020","2,357","1,163","1,194","143","58","2,274","81","80","ND","ND","1","ND","2","4","2,276","72","8","39","ND",
"Población_de_15_a_24_años",	16092,"Tiquicheo_de_Nicolás_Romero","2020","2,093","1,010","1,083","ND","8","2,034","57","57","ND","ND","ND","ND","2","3","2,047","35","9","37","ND",
"Población_de_15_a_24_años",	16093,"Tlalpujahua","2020","4,826","2,363","2,463","9","26","4,806","20","20","ND","ND","ND","ND","ND","2","4,701","121","4","114","ND",
"Población_de_15_a_24_años",	16094,"Tlazazalca","2020","827","426","401","4","5","789","37","37","ND","ND","ND","ND","1","2","810","6","10","17","ND",
"Población_de_15_a_24_años",	16095,"Tocumbo","2020","1,794","926","868","13","23","1,764","29","29","ND","ND","ND","ND","1","7","1,693","87","11","38","ND",
"Población_de_15_a_24_años",	16096,"Tumbiscatío","2020","982","483","499","4","5","971","11","11","ND","ND","ND","ND","ND","3","966","10","6","24","ND",
"Población_de_15_a_24_años",	16097,"Turicato","2020","4,607","2,261","2,346","42","36","4,543","64","63","1","ND","ND","ND","ND","10","4,482","105","19","75","ND",
"Población_de_15_a_24_años",	16098,"Tuxpan","2020","4,434","2,166","2,268","4","54","4,362","66","65","ND","ND","1","ND","6","6","4,371","55","8","57","ND",
"Población_de_15_a_24_años",	16099,"Tuzantla","2020","2,194","1,064","1,130","3","18","2,122","71","70","ND","ND","1","ND","1","5","2,153","24","15","45","ND",
"Población_de_15_a_24_años",	16100,"Tzintzuntzan","2020","2,391","1,180","1,211","71","20","2,358","32","31","ND","ND","1","ND","1","5","2,356","20","15","66","ND",
"Población_de_15_a_24_años",	16101,"Tzitzio","2020","1,484","712","772","1","11","1,461","23","23","ND","ND","ND","ND","ND","3","1,470","10","4","21","ND",
"Población_de_15_a_24_años",	16102,"Uruapan","2020","61,771","30,849","30,922","3,860","948","60,825","878","840","3","6","26","3","68","89","60,152","1,328","177","1,216","ND",
"Población_de_15_a_24_años",	16103,"Venustiano_Carranza","2020","3,676","1,826","1,850","7","60","3,557","119","118","ND","ND","1","ND","ND","12","3,565","74","36","78","ND",
"Población_de_15_a_24_años",	16104,"Villamar","2020","2,325","1,114","1,211","ND","32","2,260","65","65","ND","ND","ND","ND","ND","5","2,304","10","11","32","ND",
"Población_de_15_a_24_años",	16105,"Vista_Hermosa","2020","3,367","1,695","1,672","6","75","3,289","77","77","ND","ND","ND","ND","1","5","3,266","93","8","54","ND",
"Población_de_15_a_24_años",	16106,"Yurécuaro","2020","5,595","2,742","2,853","219","160","5,543","52","51","ND","1","ND","ND","ND","6","5,367","220","8","87","30",
"Población_de_15_a_24_años",	16107,"Zacapu","2020","12,336","6,132","6,204","74","182","12,151","185","173","3","ND","9","ND","ND","14","12,123","169","43","285","ND",
"Población_de_15_a_24_años",	16108,"Zamora","2020","33,797","16,697","17,100","142","668","33,248","498","469","1","3","25","ND","51","57","32,911","638","128","734","ND",
"Población_de_15_a_24_años",	16109,"Zináparo","2020","429","203","226","2","2","410","17","17","ND","ND","ND","ND","2","ND","420","5","2","7","ND",
"Población_de_15_a_24_años",	16110,"Zinapécuaro","2020","7,830","3,818","4,012","4","48","7,589","238","238","ND","ND","ND","ND","3","12","7,665","128","34","196","ND",
"Población_de_15_a_24_años",	16111,"Ziracuaretiro","2020","3,326","1,651","1,675","11","17","3,286","37","37","ND","ND","ND","ND","3","3","3,278","43","5","39","ND",
"Población_de_15_a_24_años",	16112,"Zitácuaro","2020","27,207","13,585","13,622","578","259","26,950","254","248","ND","ND","6","ND","3","18","26,677","467","34","482","ND",
"Población_de_15_a_24_años",	16113,"José_Sixto_Verduzco","2020","3,716","1,821","1,895","ND","4","3,581","135","134","ND","ND","1","ND","ND","10","3,577","118","21","79","ND",
"Población_de_15_a_24_años",	17,"Morelos","2020","328,800","164,194","164,606","5,086","6,557","323,977","4,566","4,182","26","47","309","2","257","311","312,160","15,472","743","6,446","22",
"Población_de_15_a_24_años",	17001,"Amacuzac","2020","2,953","1,462","1,491","1","21","2,912","40","40","ND","ND","ND","ND","1","3","2,859","89","5","64","ND",
"Población_de_15_a_24_años",	17002,"Atlatlahucan","2020","4,100","2,053","2,047","96","48","4,013","70","63","ND","ND","7","ND","17","5","3,695","385","9","96","ND",
"Población_de_15_a_24_años",	17003,"Axochiapan","2020","6,572","3,218","3,354","118","37","6,366","203","203","ND","ND","ND","ND","3","3","6,268","288","15","164","ND",
"Población_de_15_a_24_años",	17004,"Ayala","2020","15,497","7,707","7,790","619","363","15,221","271","265","ND","ND","4","2","5","13","14,812","649","33","329","5",
"Población_de_15_a_24_años",	17005,"Coatlán_del_Río","2020","1,496","716","780","2","34","1,454","42","38","ND","1","3","ND","ND","1","1,372","66","3","29","ND",
"Población_de_15_a_24_años",	17006,"Cuautla","2020","31,186","15,629","15,557","565","690","30,755","410","380","3","1","26","ND","21","24","29,740","1,352","67","602","ND",
"Población_de_15_a_24_años",	17007,"Cuernavaca","2020","59,182","29,510","29,672","757","1,566","58,346","734","549","11","26","148","ND","102","83","55,232","3,665","191","1,104","ND",
"Población_de_15_a_24_años",	17008,"Emiliano_Zapata","2020","18,480","9,268","9,212","74","357","18,197","275","235","ND","4","36","ND","8","26","17,224","1,195","56","339","ND",
"Población_de_15_a_24_años",	17009,"Huitzilac","2020","4,182","2,092","2,090","24","61","4,163","17","13","ND","1","3","ND","2","ND","3,882","295","3","110","ND",
"Población_de_15_a_24_años",	17010,"Jantetelco","2020","3,134","1,590","1,544","10","22","3,073","60","59","ND","ND","1","ND","1","4","3,013","111","10","68","ND",
"Población_de_15_a_24_años",	17011,"Jiutepec","2020","35,649","17,970","17,679","258","780","35,236","376","335","3","7","31","ND","37","37","34,060","1,463","89","637","ND",
"Población_de_15_a_24_años",	17012,"Jojutla","2020","9,233","4,626","4,607","73","84","9,059","173","169","2","ND","2","ND","1","8","8,840","374","18","180","ND",
"Población_de_15_a_24_años",	17013,"Jonacatepec","2020","2,755","1,363","1,392","67","30","2,712","41","41","ND","ND","ND","ND","2","2","2,586","164","3","46","ND",
"Población_de_15_a_24_años",	17014,"Mazatepec","2020","1,599","766","833","8","39","1,576","23","23","ND","ND","ND","ND","ND","1","1,543","55","1","26","ND",
"Población_de_15_a_24_años",	17015,"Miacatlán","2020","2,642","1,339","1,303","39","84","2,600","42","42","ND","ND","ND","ND","ND","2","2,506","130","5","55","ND",
"Población_de_15_a_24_años",	17016,"Ocuituco","2020","3,466","1,706","1,760","8","25","3,425","41","41","ND","ND","ND","ND","ND","1","3,401","64","1","73","ND",
"Población_de_15_a_24_años",	17017,"Puente_de_Ixtla","2020","6,698","3,283","3,415","34","289","6,607","89","87","ND","ND","2","ND","2","4","6,416","268","11","145","ND",
"Población_de_15_a_24_años",	17018,"Temixco","2020","20,979","10,325","10,654","907","379","20,703","267","257","1","2","7","ND","9","18","19,929","999","41","439","ND",
"Población_de_15_a_24_años",	17019,"Tepalcingo","2020","4,576","2,298","2,278","10","67","4,447","128","127","1","ND","ND","ND","1","5","4,397","164","15","105","ND",
"Población_de_15_a_24_años",	17020,"Tepoztlán","2020","9,274","4,645","4,629","357","136","9,127","141","132","1","1","7","ND","6","9","8,754","488","24","208","ND",
"Población_de_15_a_24_años",	17021,"Tetecala","2020","1,236","620","616","ND","2","1,222","14","14","ND","ND","ND","ND","ND","2","1,203","30","3","14","ND",
"Población_de_15_a_24_años",	17022,"Tetela_del_Volcán","2020","2,756","1,389","1,367","68","13","2,740","15","13","ND","ND","2","ND","1","2","2,680","71","4","57","ND",
"Población_de_15_a_24_años",	17023,"Tlalnepantla","2020","1,355","699","656","41","6","1,354","ND","ND","ND","ND","ND","ND","1","ND","1,290","65","ND","20","ND",
"Población_de_15_a_24_años",	17024,"Tlaltizapán_de_Zapata","2020","8,824","4,439","4,385","123","71","8,636","188","187","ND","ND","1","ND","ND","5","8,524","284","15","164","17",
"Población_de_15_a_24_años",	17025,"Tlaquiltenango","2020","5,550","2,796","2,754","20","44","5,454","95","92","ND","1","2","ND","1","6","5,366","168","16","95","ND",
"Población_de_15_a_24_años",	17026,"Tlayacapan","2020","3,313","1,711","1,602","123","43","3,286","24","24","ND","ND","ND","ND","3","1","3,197","114","2","72","ND",
"Población_de_15_a_24_años",	17027,"Totolapan","2020","2,156","1,063","1,093","48","21","2,133","20","20","ND","ND","ND","ND","3","2","2,059","93","2","66","ND",
"Población_de_15_a_24_años",	17028,"Xochitepec","2020","12,573","6,372","6,201","103","375","12,386","172","166","ND","ND","6","ND","15","17","11,785","611","30","270","ND",
"Población_de_15_a_24_años",	17029,"Yautepec","2020","17,893","8,919","8,974","149","518","17,640","249","231","2","2","14","ND","4","12","17,130","723","36","339","ND",
"Población_de_15_a_24_años",	17030,"Yecapixtla","2020","9,999","5,071","4,928","72","123","9,869","124","120","1","ND","3","ND","6","4","9,540","445","11","200","ND",
"Población_de_15_a_24_años",	17031,"Zacatepec","2020","5,885","2,918","2,967","20","109","5,762","121","119","ND","1","1","ND","2","4","5,657","217","9","117","ND",
"Población_de_15_a_24_años",	17032,"Zacualpan_de_Amilpas","2020","1,606","801","805","2","5","1,575","31","31","ND","ND","ND","ND","ND","2","1,543","59","4","38","ND",
"Población_de_15_a_24_años",	17033,"Temoac","2020","3,239","1,440","1,799","25","30","3,213","26","25","ND","ND","1","ND","ND","3","3,032","201","4","44","ND",
"Población_de_15_a_24_años",	17034,"Coatetelco","2020","1,981","950","1,031","2","9","1,967","13","13","ND","ND","ND","ND","1","1","1,965","14","2","37","ND",
"Población_de_15_a_24_años",	17035,"Xoxocotla","2020","5,334","2,744","2,590","60","67","5,321","11","8","1","ND","2","ND","2","ND","5,259","68","4","78","ND",
"Población_de_15_a_24_años",	17036,"Hueyapan","2020","1,447","696","751","203","9","1,427","20","20","ND","ND","ND","ND","ND","1","1,401","45","1","16","ND",
"Población_de_15_a_24_años",	18,"Nayarit","2020","201,756","101,329","100,427","14,625","1,623","197,451","4,172","3,983","19","24","145","1","133","302","189,542","11,307","726","4,273","45",
"Población_de_15_a_24_años",	18001,"Acaponeta","2020","5,829","2,903","2,926","126","11","5,742","87","86","ND","ND","1","ND","ND","5","5,597","219","13","103","ND",
"Población_de_15_a_24_años",	18002,"Ahuacatlán","2020","2,269","1,165","1,104","18","7","2,202","67","66","1","ND","ND","ND","ND","9","2,133","123","13","52","ND",
"Población_de_15_a_24_años",	18003,"Amatlán_de_Cañas","2020","1,518","759","759","3","11","1,447","70","70","ND","ND","ND","ND","1","5","1,401","105","12","46","ND",
"Población_de_15_a_24_años",	18004,"Compostela","2020","11,886","5,948","5,938","217","90","11,419","464","454","ND","ND","10","ND","3","23","11,086","737","61","217","ND",
"Población_de_15_a_24_años",	18005,"Huajicori","2020","2,008","1,030","978","304","2","1,999","8","8","ND","ND","ND","ND","1","2","1,940","66","2","22","ND",
"Población_de_15_a_24_años",	18006,"Ixtlán_del_Río","2020","4,684","2,283","2,401","36","17","4,523","160","158","ND","ND","2","ND","1","13","4,508","151","25","69","ND",
"Población_de_15_a_24_años",	18007,"Jala","2020","3,206","1,690","1,516","29","11","3,146","59","59","ND","ND","ND","ND","1","4","3,092","104","9","76","ND",
"Población_de_15_a_24_años",	18008,"Xalisco","2020","11,256","5,565","5,691","194","107","11,052","203","201","ND","ND","2","ND","1","12","10,761","462","30","186","ND",
"Población_de_15_a_24_años",	18009,"Del_Nayar","2020","9,156","4,549","4,607","8,094","100","9,102","25","25","ND","ND","ND","ND","29","4","9,030","102","8","175","ND",
"Población_de_15_a_24_años",	18010,"Rosamorada","2020","4,976","2,512","2,464","277","10","4,859","116","115","ND","ND","1","ND","1","6","4,849","111","16","109","ND",
"Población_de_15_a_24_años",	18011,"Ruíz","2020","3,979","2,013","1,966","499","10","3,916","62","62","ND","ND","ND","ND","1","4","3,906","64","9","63","ND",
"Población_de_15_a_24_años",	18012,"San_Blas","2020","6,249","3,207","3,042","189","25","6,045","202","201","ND","ND","1","ND","2","13","5,927","278","44","141","ND",
"Población_de_15_a_24_años",	18013,"San_Pedro_Lagunillas","2020","1,035","519","516","2","8","992","43","42","ND","ND","1","ND","ND","1","993","34","7","17","ND",
"Población_de_15_a_24_años",	18014,"Santa_María_del_Oro","2020","4,016","2,016","2,000","411","5","3,898","117","115","1","ND","1","ND","1","10","3,801","196","19","77","ND",
"Población_de_15_a_24_años",	18015,"Santiago_Ixcuintla","2020","14,362","7,321","7,041","262","244","14,069","289","287","ND","ND","2","ND","4","10","13,921","405","31","272","39",
"Población_de_15_a_24_años",	18016,"Tecuala","2020","5,108","2,566","2,542","11","19","4,993","115","114","ND","ND","1","ND","ND","7","4,927","155","26","106","ND",
"Población_de_15_a_24_años",	18017,"Tepic","2020","72,472","36,297","36,175","2,334","577","71,139","1,297","1,223","10","5","59","ND","36","112","69,423","2,681","245","1,753","6",
"Población_de_15_a_24_años",	18018,"Tuxpan","2020","4,577","2,278","2,299","54","32","4,487","90","90","ND","ND","ND","ND","ND","12","4,436","123","18","100","ND",
"Población_de_15_a_24_años",	18019,"La_Yesca","2020","2,297","1,179","1,118","1,234","7","2,251","42","42","ND","ND","ND","ND","4","ND","2,241","51","2","40","ND",
"Población_de_15_a_24_años",	18020,"Bahía_de_Banderas","2020","30,873","15,529","15,344","331","330","30,170","656","565","7","19","64","1","47","50","25,570","5,140","136","649","ND",
"Población_de_15_a_24_años",	19,"Nuevo_León","2020","975,722","495,774","479,948","17,767","16,333","963,343","9,981","6,066","138","754","3,006","17","2,398","1,273","886,097","82,831","4,341","16,111","40",
"Población_de_15_a_24_años",	19001,"Abasolo","2020","526","244","282","3","ND","518","5","5","ND","ND","ND","ND","3","ND","512","8","3","11","ND",
"Población_de_15_a_24_años",	19002,"Agualeguas","2020","411","213","198","ND","1","377","34","34","ND","ND","ND","ND","ND","2","385","13","13","14","ND",
"Población_de_15_a_24_años",	19003,"Los_Aldamas","2020","146","75","71","ND","ND","113","33","33","ND","ND","ND","ND","ND","1","136","6","4","1","ND",
"Población_de_15_a_24_años",	19004,"Allende","2020","5,882","3,022","2,860","37","47","5,813","54","49","ND","1","4","ND","15","9","5,639","207","19","84","ND",
"Población_de_15_a_24_años",	19005,"Anáhuac","2020","2,823","1,400","1,423","ND","17","2,678","140","139","ND","ND","1","ND","5","6","2,729","72","19","43","ND",
"Población_de_15_a_24_años",	19006,"Apodaca","2020","116,401","60,034","56,367","916","1,356","115,312","831","518","8","74","230","1","258","104","108,016","7,803","342","1,818","ND",
"Población_de_15_a_24_años",	19007,"Aramberri","2020","2,255","1,183","1,072","1","4","2,247","8","8","ND","ND","ND","ND","ND","ND","2,225","28","2","41","ND",
"Población_de_15_a_24_años",	19008,"Bustamante","2020","551","264","287","3","40","546","5","4","ND","ND","1","ND","ND","1","539","11","1","12","ND",
"Población_de_15_a_24_años",	19009,"Cadereyta_Jiménez","2020","20,646","10,542","10,104","337","267","20,208","187","145","1","1","40","ND","251","19","18,921","1,401","77","276","ND",
"Población_de_15_a_24_años",	19010,"El_Carmen","2020","17,605","8,511","9,094","895","150","17,428","119","67","1","2","49","ND","58","13","13,708","3,794","62","337","ND",
"Población_de_15_a_24_años",	19011,"Cerralvo","2020","1,046","537","509","4","13","986","60","60","ND","ND","ND","ND","ND","5","986","47","13","22","ND",
"Población_de_15_a_24_años",	19012,"Ciénega_de_Flores","2020","12,690","6,372","6,318","510","299","12,550","111","52","3","6","50","ND","29","15","9,764","2,854","59","184","ND",
"Población_de_15_a_24_años",	19013,"China","2020","1,283","649","634","1","3","1,218","65","65","ND","ND","ND","ND","ND","2","1,250","19","11","22","ND",
"Población_de_15_a_24_años",	19014,"Doctor_Arroyo","2020","5,750","2,904","2,846","5","38","5,694","53","53","ND","ND","ND","ND","3","9","5,619","118","12","200","ND",
"Población_de_15_a_24_años",	19015,"Doctor_Coss","2020","179","84","95","1","ND","165","14","14","ND","ND","ND","ND","ND","ND","172","5","2","1","ND",
"Población_de_15_a_24_años",	19016,"Doctor_González","2020","549","286","263","4","16","545","4","4","ND","ND","ND","ND","ND","1","522","26","1","14","ND",
"Población_de_15_a_24_años",	19017,"Galeana","2020","6,510","3,348","3,162","1","39","6,470","39","39","ND","ND","ND","ND","1","2","6,307","198","5","133","ND",
"Población_de_15_a_24_años",	19018,"García","2020","66,818","33,473","33,345","2,916","1,011","66,243","518","246","9","89","174","ND","57","52","57,066","9,409","272","1,452","ND",
"Población_de_15_a_24_años",	19019,"San_Pedro_Garza_García","2020","20,276","9,582","10,694","884","368","19,390","519","312","4","48","155","ND","367","92","17,413","2,286","207","208","ND",
"Población_de_15_a_24_años",	19020,"General_Bravo","2020","794","397","397","3","1","720","74","74","ND","ND","ND","ND","ND","2","751","33","10","24","ND",
"Población_de_15_a_24_años",	19021,"General_Escobedo","2020","87,523","44,833","42,690","1,032","1,951","86,873","571","329","6","50","183","3","79","77","81,950","5,176","274","1,724","ND",
"Población_de_15_a_24_años",	19022,"General_Terán","2020","1,977","966","1,011","11","128","1,899","78","78","ND","ND","ND","ND","ND","9","1,902","50","25","26","ND",
"Población_de_15_a_24_años",	19023,"General_Treviño","2020","190","89","101","ND","ND","161","29","27","ND","ND","2","ND","ND","1","173","9","8","4","ND",
"Población_de_15_a_24_años",	19024,"General_Zaragoza","2020","1,052","553","499","ND","ND","1,051","1","1","ND","ND","ND","ND","ND","2","1,044","6","2","15","ND",
"Población_de_15_a_24_años",	19025,"General_Zuazua","2020","19,479","9,826","9,653","808","275","19,363","81","57","2","1","21","ND","35","13","15,109","4,300","33","349","ND",
"Población_de_15_a_24_años",	19026,"Guadalupe","2020","104,723","53,934","50,789","893","1,737","103,566","1,036","676","11","46","303","ND","121","131","99,997","4,154","440","1,648","22",
"Población_de_15_a_24_años",	19027,"Los_Herreras","2020","198","93","105","ND","ND","176","22","22","ND","ND","ND","ND","ND","ND","189","3","6","3","ND",
"Población_de_15_a_24_años",	19028,"Higueras","2020","201","106","95","ND","ND","201","ND","ND","ND","ND","ND","ND","ND","ND","184","17","ND","5","ND",
"Población_de_15_a_24_años",	19029,"Hualahuises","2020","1,076","557","519","ND","1","1,054","21","21","ND","ND","ND","ND","1","3","1,065","7","4","18","ND",
"Población_de_15_a_24_años",	19030,"Iturbide","2020","537","288","249","ND","6","537","ND","ND","ND","ND","ND","ND","ND","ND","533","4","ND","11","ND",
"Población_de_15_a_24_años",	19031,"Juárez","2020","84,944","42,529","42,415","1,673","1,563","84,263","608","321","12","27","247","1","73","60","77,180","7,404","280","1,476","ND",
"Población_de_15_a_24_años",	19032,"Lampazos_de_Naranjo","2020","782","401","381","ND","1","741","41","41","ND","ND","ND","ND","ND","4","759","12","11","9","ND",
"Población_de_15_a_24_años",	19033,"Linares","2020","14,353","7,272","7,081","14","70","14,148","205","197","ND","4","4","ND","ND","25","13,932","378","42","224","ND",
"Población_de_15_a_24_años",	19034,"Marín","2020","886","463","423","29","3","871","15","14","ND","ND","1","ND","ND","2","812","68","6","20","ND",
"Población_de_15_a_24_años",	19035,"Melchor_Ocampo","2020","211","114","97","ND","3","198","13","13","ND","ND","ND","ND","ND","ND","207","4","ND","1","ND",
"Población_de_15_a_24_años",	19036,"Mier_y_Noriega","2020","1,225","595","630","ND","4","1,209","16","16","ND","ND","ND","ND","ND","1","1,197","24","4","29","ND",
"Población_de_15_a_24_años",	19037,"Mina","2020","1,046","537","509","4","6","1,042","2","1","ND","ND","1","ND","2","1","1,020","22","2","30","ND",
"Población_de_15_a_24_años",	19038,"Montemorelos","2020","11,513","5,805","5,708","36","135","11,233","277","143","4","7","123","ND","3","20","10,621","730","160","142","ND",
"Población_de_15_a_24_años",	19039,"Monterrey","2020","183,763","93,671","90,092","2,788","3,208","180,513","2,532","1,089","63","317","1,055","8","718","359","168,856","12,775","1,354","2,946","18",
"Población_de_15_a_24_años",	19040,"Parás","2020","116","59","57","ND","2","111","5","5","ND","ND","ND","ND","ND","ND","110","5","1","3","ND",
"Población_de_15_a_24_años",	19041,"Pesquería","2020","26,842","13,432","13,410","1,785","408","26,691","104","73","ND","3","28","ND","47","36","18,336","8,405","62","426","ND",
"Población_de_15_a_24_años",	19042,"Los_Ramones","2020","745","366","379","ND","1","652","93","93","ND","ND","ND","ND","ND","3","706","28","11","12","ND",
"Población_de_15_a_24_años",	19043,"Rayones","2020","297","159","138","ND","ND","297","ND","ND","ND","ND","ND","ND","ND","ND","291","6","ND","6","ND",
"Población_de_15_a_24_años",	19044,"Sabinas_Hidalgo","2020","5,781","2,899","2,882","14","9","5,644","134","127","1","ND","6","ND","3","16","5,643","108","26","98","ND",
"Población_de_15_a_24_años",	19045,"Salinas_Victoria","2020","15,932","7,941","7,991","542","181","15,827","90","54","1","2","33","ND","15","10","12,706","3,191","34","260","ND",
"Población_de_15_a_24_años",	19046,"San_Nicolás_de_los_Garza","2020","64,264","33,166","31,098","503","1,426","63,482","661","404","9","41","206","1","121","79","60,175","3,737","238","722","ND",
"Población_de_15_a_24_años",	19047,"Hidalgo","2020","2,666","1,383","1,283","3","9","2,644","8","7","ND","ND","1","ND","14","ND","2,612","40","1","39","ND",
"Población_de_15_a_24_años",	19048,"Santa_Catarina","2020","52,267","26,534","25,733","928","1,171","51,792","380","272","3","34","71","ND","95","58","48,610","3,427","139","862","ND",
"Población_de_15_a_24_años",	19049,"Santiago","2020","7,291","3,717","3,574","179","365","7,191","76","56","ND","1","16","3","24","28","6,840","381","43","93","ND",
"Población_de_15_a_24_años",	19050,"Vallecillo","2020","193","105","88","4","ND","187","6","5","ND","ND","1","ND","ND","ND","175","17","1","3","ND",
"Población_de_15_a_24_años",	19051,"Villaldama","2020","508","261","247","ND","ND","505","3","3","ND","ND","ND","ND","ND","ND","503","5","ND","10","ND",
"Población_de_15_a_24_años",	20,"Oaxaca","2020","669,015","326,110","342,905","183,316","32,137","663,111","5,585","5,245","49","9","264","18","319","683","648,907","18,399","1,295","16,585","21",
"Población_de_15_a_24_años",	20001,"Abejones","2020","186","78","108","181","1","184","2","2","ND","ND","ND","ND","ND","ND","185","1","ND","ND","ND",
"Población_de_15_a_24_años",	20002,"Acatlán_de_Pérez_Figueroa","2020","6,940","3,469","3,471","563","50","6,848","88","83","1","ND","4","ND","4","2","6,649","285","6","159","ND",
"Población_de_15_a_24_años",	20003,"Asunción_Cacalotepec","2020","329","166","163","304","ND","328","1","1","ND","ND","ND","ND","ND","ND","320","9","ND","4","ND",
"Población_de_15_a_24_años",	20004,"Asunción_Cuyotepeji","2020","187","92","95","1","4","184","3","3","ND","ND","ND","ND","ND","ND","182","5","ND","7","ND",
"Población_de_15_a_24_años",	20005,"Asunción_Ixtaltepec","2020","2,007","1,012","995","414","98","2,000","6","6","ND","ND","ND","ND","1","ND","1,913","93","ND","44","ND",
"Población_de_15_a_24_años",	20006,"Asunción_Nochixtlán","2020","3,287","1,599","1,688","165","110","3,264","23","22","ND","1","ND","ND","ND","1","3,154","131","2","102","ND",
"Población_de_15_a_24_años",	20007,"Asunción_Ocotlán","2020","306","145","161","201","8","298","8","8","ND","ND","ND","ND","ND","2","297","4","5","5","ND",
"Población_de_15_a_24_años",	20008,"Asunción_Tlacolulita","2020","75","36","39","3","3","73","ND","ND","ND","ND","ND","ND","2","ND","72","1","ND","ND","ND",
"Población_de_15_a_24_años",	20009,"Ayotzintepec","2020","985","440","545","420","6","983","2","2","ND","ND","ND","ND","ND","ND","963","22","ND","27","ND",
"Población_de_15_a_24_años",	20010,"El_Barrio_de_la_Soledad","2020","1,640","852","788","18","53","1,636","4","3","ND","ND","1","ND","ND","2","1,553","82","4","43","ND",
"Población_de_15_a_24_años",	20011,"Calihualá","2020","227","109","118","131","2","220","7","7","ND","ND","ND","ND","ND","ND","219","8","ND","9","ND",
"Población_de_15_a_24_años",	20012,"Candelaria_Loxicha","2020","1,981","951","1,030","1,236","51","1,978","3","3","ND","ND","ND","ND","ND","ND","1,955","26","ND","48","ND",
"Población_de_15_a_24_años",	20013,"Ciénega_de_Zimatlán","2020","406","207","199","4","16","388","18","18","ND","ND","ND","ND","ND","1","400","3","3","9","ND",
"Población_de_15_a_24_años",	20014,"Ciudad_Ixtepec","2020","4,190","2,053","2,137","161","206","4,163","25","5","ND","ND","20","ND","2","3","3,901","266","18","144","5",
"Población_de_15_a_24_años",	20015,"Coatecas_Altas","2020","1,012","489","523","598","1","997","15","14","ND","ND","1","ND","ND","2","979","29","4","22","ND",
"Población_de_15_a_24_años",	20016,"Coicoyán_de_las_Flores","2020","2,022","943","1,079","1,955","5","2,005","12","11","ND","ND","ND","1","5","2","1,976","43","3","30","ND",
"Población_de_15_a_24_años",	20017,"La_Compañía","2020","566","290","276","4","5","553","13","13","ND","ND","ND","ND","ND","5","540","18","8","12","ND",
"Población_de_15_a_24_años",	20018,"Concepción_Buenavista","2020","91","46","45","2","ND","91","ND","ND","ND","ND","ND","ND","ND","ND","84","7","ND","2","ND",
"Población_de_15_a_24_años",	20019,"Concepción_Pápalo","2020","325","167","158","33","53","325","ND","ND","ND","ND","ND","ND","ND","ND","314","11","ND","10","ND",
"Población_de_15_a_24_años",	20020,"Constancia_del_Rosario","2020","880","398","482","594","10","863","17","17","ND","ND","ND","ND","ND","8","812","57","11","26","ND",
"Población_de_15_a_24_años",	20021,"Cosolapa","2020","2,373","1,168","1,205","49","23","2,365","8","8","ND","ND","ND","ND","ND","2","2,223","148","2","51","ND",
"Población_de_15_a_24_años",	20022,"Cosoltepec","2020","69","37","32","1","8","69","ND","ND","ND","ND","ND","ND","ND","ND","63","6","ND","3","ND",
"Población_de_15_a_24_años",	20023,"Cuilápam_de_Guerrero","2020","4,681","2,292","2,389","275","126","4,664","16","16","ND","ND","ND","ND","1","5","4,585","90","6","93","ND",
"Población_de_15_a_24_años",	20024,"Cuyamecalco_Villa_de_Zaragoza","2020","487","262","225","27","3","487","ND","ND","ND","ND","ND","ND","ND","1","468","18","1","16","ND",
"Población_de_15_a_24_años",	20025,"Chahuites","2020","1,834","915","919","18","52","1,830","4","3","ND","ND","1","ND","ND","2","1,730","101","3","39","ND",
"Población_de_15_a_24_años",	20026,"Chalcatongo_de_Hidalgo","2020","1,390","646","744","265","7","1,358","32","31","ND","ND","1","ND","ND","ND","1,336","51","3","35","ND",
"Población_de_15_a_24_años",	20027,"Chiquihuitlán_de_Benito_Juárez","2020","288","139","149","72","21","288","ND","ND","ND","ND","ND","ND","ND","1","263","24","1","8","ND",
"Población_de_15_a_24_años",	20028,"Heroica_Ciudad_de_Ejutla_de_Crespo","2020","3,719","1,853","1,866","43","142","3,637","80","79","ND","ND","1","ND","2","6","3,627","78","14","89","ND",
"Población_de_15_a_24_años",	20029,"Eloxochitlán_de_Flores_Magón","2020","580","259","321","472","27","579","1","1","ND","ND","ND","ND","ND","ND","547","33","ND","21","ND",
"Población_de_15_a_24_años",	20030,"El_Espinal","2020","1,114","565","549","65","63","1,109","4","1","1","ND","2","ND","1","ND","1,046","65","2","20","ND",
"Población_de_15_a_24_años",	20031,"Tamazulápam_del_Espíritu_Santo","2020","973","453","520","857","3","948","19","19","ND","ND","ND","ND","6","4","932","30","5","36","ND",
"Población_de_15_a_24_años",	20032,"Fresnillo_de_Trujano","2020","141","78","63","ND","3","140","1","1","ND","ND","ND","ND","ND","ND","129","12","ND","2","ND",
"Población_de_15_a_24_años",	20033,"Guadalupe_Etla","2020","471","235","236","20","20","465","6","6","ND","ND","ND","ND","ND","1","465","5","1","15","ND",
"Población_de_15_a_24_años",	20034,"Guadalupe_de_Ramírez","2020","174","90","84","1","ND","162","12","12","ND","ND","ND","ND","ND","ND","162","10","2","15","ND",
"Población_de_15_a_24_años",	20035,"Guelatao_de_Juárez","2020","72","32","40","5","6","72","ND","ND","ND","ND","ND","ND","ND","ND","69","3","ND","1","ND",
"Población_de_15_a_24_años",	20036,"Guevea_de_Humboldt","2020","813","376","437","169","4","813","ND","ND","ND","ND","ND","ND","ND","ND","805","8","ND","24","ND",
"Población_de_15_a_24_años",	20037,"Mesones_Hidalgo","2020","804","345","459","289","5","781","23","23","ND","ND","ND","ND","ND","2","780","21","3","13","ND",
"Población_de_15_a_24_años",	20038,"Villa_Hidalgo","2020","301","157","144","226","15","300","1","1","ND","ND","ND","ND","ND","ND","295","6","ND","8","ND",
"Población_de_15_a_24_años",	20039,"Heroica_Ciudad_de_Huajuapan_de_León","2020","12,920","6,524","6,396","467","386","12,700","214","211","1","ND","2","ND","6","18","12,496","380","38","332","ND",
"Población_de_15_a_24_años",	20040,"Huautepec","2020","998","470","528","968","6","998","ND","ND","ND","ND","ND","ND","ND","ND","971","25","ND","29","ND",
"Población_de_15_a_24_años",	20041,"Huautla_de_Jiménez","2020","4,456","2,100","2,356","3,222","45","4,454","2","2","ND","ND","ND","ND","ND","ND","4,253","203","ND","138","ND",
"Población_de_15_a_24_años",	20042,"Ixtlán_de_Juárez","2020","1,370","667","703","639","29","1,358","12","12","ND","ND","ND","ND","ND","ND","1,356","14","ND","40","ND",
"Población_de_15_a_24_años",	20043,"Heroica_Ciudad_de_Juchitán_de_Zaragoza","2020","19,194","9,556","9,638","9,506","408","19,071","52","21","5","ND","10","16","71","6","18,783","333","13","369","ND",
"Población_de_15_a_24_años",	20044,"Loma_Bonita","2020","6,236","3,040","3,196","102","345","6,175","57","54","ND","ND","3","ND","4","5","5,829","394","10","191","ND",
"Población_de_15_a_24_años",	20045,"Magdalena_Apasco","2020","1,331","661","670","17","70","1,320","8","8","ND","ND","ND","ND","3","1","1,304","23","1","21","ND",
"Población_de_15_a_24_años",	20046,"Magdalena_Jaltepec","2020","403","198","205","8","13","396","7","6","1","ND","ND","ND","ND","ND","392","10","1","16","ND",
"Población_de_15_a_24_años",	20047,"Santa_Magdalena_Jicotlán","2020","9","6","3","ND","ND","9","ND","ND","ND","ND","ND","ND","ND","ND","9","ND","ND","ND","ND",
"Población_de_15_a_24_años",	20048,"Magdalena_Mixtepec","2020","309","154","155","4","31","306","3","3","ND","ND","ND","ND","ND","ND","307","2","ND","6","ND",
"Población_de_15_a_24_años",	20049,"Magdalena_Ocotlán","2020","182","99","83","1","55","182","ND","ND","ND","ND","ND","ND","ND","ND","180","2","ND","4","ND",
"Población_de_15_a_24_años",	20050,"Magdalena_Peñasco","2020","582","284","298","520","1","570","12","12","ND","ND","ND","ND","ND","3","559","19","4","19","ND",
"Población_de_15_a_24_años",	20051,"Magdalena_Teitipac","2020","724","332","392","627","ND","720","4","4","ND","ND","ND","ND","ND","3","696","25","3","10","ND",
"Población_de_15_a_24_años",	20052,"Magdalena_Tequisistlán","2020","825","415","410","5","9","814","11","11","ND","ND","ND","ND","ND","1","813","10","2","24","ND",
"Población_de_15_a_24_años",	20053,"Magdalena_Tlacotepec","2020","174","88","86","1","8","172","ND","ND","ND","ND","ND","ND","2","ND","161","13","ND","2","ND",
"Población_de_15_a_24_años",	20054,"Magdalena_Zahuatlán","2020","61","29","32","ND","ND","60","1","1","ND","ND","ND","ND","ND","ND","57","4","ND","2","ND",
"Población_de_15_a_24_años",	20055,"Mariscala_de_Juárez","2020","627","294","333","2","5","617","10","10","ND","ND","ND","ND","ND","ND","604","23","ND","29","ND",
"Población_de_15_a_24_años",	20056,"Mártires_de_Tacubaya","2020","238","127","111","1","209","230","8","8","ND","ND","ND","ND","ND","1","225","11","2","11","ND",
"Población_de_15_a_24_años",	20057,"Matías_Romero_Avendaño","2020","5,487","2,650","2,837","265","176","5,443","40","38","1","ND","1","ND","4","3","5,202","279","5","169","ND",
"Población_de_15_a_24_años",	20058,"Mazatlán_Villa_de_Flores","2020","1,846","931","915","1,361","7","1,845","1","1","ND","ND","ND","ND","ND","ND","1,794","52","ND","67","ND",
"Población_de_15_a_24_años",	20059,"Miahuatlán_de_Porfirio_Díaz","2020","8,725","4,259","4,466","786","210","8,616","108","102","2","ND","4","ND","1","12","8,423","215","20","224","ND",
"Población_de_15_a_24_años",	20060,"Mixistlán_de_la_Reforma","2020","336","155","181","329","3","335","1","1","ND","ND","ND","ND","ND","ND","329","7","ND","15","ND",
"Población_de_15_a_24_años",	20061,"Monjas","2020","438","176","262","14","ND","426","12","12","ND","ND","ND","ND","ND","1","423","14","1","15","ND",
"Población_de_15_a_24_años",	20062,"Natividad","2020","68","34","34","1","2","68","ND","ND","ND","ND","ND","ND","ND","ND","68","ND","ND","ND","ND",
"Población_de_15_a_24_años",	20063,"Nazareno_Etla","2020","708","345","363","7","28","699","9","8","ND","ND","1","ND","ND","1","698","9","1","25","ND",
"Población_de_15_a_24_años",	20064,"Nejapa_de_Madero","2020","1,236","639","597","198","5","1,221","15","14","ND","ND","1","ND","ND","3","1,212","21","3","19","ND",
"Población_de_15_a_24_años",	20065,"Ixpantepec_Nieves","2020","104","47","57","34","5","95","9","9","ND","ND","ND","ND","ND","1","100","3","1","5","ND",
"Población_de_15_a_24_años",	20066,"Santiago_Niltepec","2020","653","316","337","1","4","652","1","1","ND","ND","ND","ND","ND","ND","633","20","ND","17","ND",
"Población_de_15_a_24_años",	20067,"Oaxaca_de_Juárez","2020","43,045","21,206","21,839","2,723","1,630","42,728","284","222","14","4","44","ND","33","19","41,821","1,106","83","839","15",
"Población_de_15_a_24_años",	20068,"Ocotlán_de_Morelos","2020","4,118","2,054","2,064","76","37","4,083","33","33","ND","ND","ND","ND","2","ND","4,050","62","3","108","ND",
"Población_de_15_a_24_años",	20069,"La_Pe","2020","621","310","311","7","14","618","3","3","ND","ND","ND","ND","ND","2","610","9","2","14","ND",
"Población_de_15_a_24_años",	20070,"Pinotepa_de_Don_Luis","2020","934","470","464","696","20","930","4","4","ND","ND","ND","ND","ND","ND","905","29","ND","37","ND",
"Población_de_15_a_24_años",	20071,"Pluma_Hidalgo","2020","549","277","272","15","6","548","1","1","ND","ND","ND","ND","ND","1","540","8","1","14","ND",
"Población_de_15_a_24_años",	20072,"San_José_del_Progreso","2020","1,524","755","769","21","70","1,524","ND","ND","ND","ND","ND","ND","ND","1","1,499","24","1","34","ND",
"Población_de_15_a_24_años",	20073,"Putla_Villa_de_Guerrero","2020","5,708","2,670","3,038","1,477","281","5,583","125","125","ND","ND","ND","ND","ND","3","5,539","161","8","196","ND",
"Población_de_15_a_24_años",	20074,"Santa_Catarina_Quioquitani","2020","84","41","43","64","ND","84","ND","ND","ND","ND","ND","ND","ND","ND","83","1","ND","ND","ND",
"Población_de_15_a_24_años",	20075,"Reforma_de_Pineda","2020","291","144","147","2","6","291","ND","ND","ND","ND","ND","ND","ND","ND","264","27","ND","4","ND",
"Población_de_15_a_24_años",	20076,"La_Reforma","2020","655","323","332","10","50","630","25","25","ND","ND","ND","ND","ND","ND","641","14","ND","23","ND",
"Población_de_15_a_24_años",	20077,"Reyes_Etla","2020","694","331","363","18","11","693","1","1","ND","ND","ND","ND","ND","ND","685","9","ND","19","ND",
"Población_de_15_a_24_años",	20078,"Rojas_de_Cuauhtémoc","2020","175","85","90","1","1","170","5","5","ND","ND","ND","ND","ND","ND","169","6","ND","5","ND",
"Población_de_15_a_24_años",	20079,"Salina_Cruz","2020","12,583","6,225","6,358","165","184","12,548","28","16","1","ND","11","ND","7","1","12,209","358","13","254","ND",
"Población_de_15_a_24_años",	20080,"San_Agustín_Amatengo","2020","182","94","88","ND","3","172","10","10","ND","ND","ND","ND","ND","ND","171","10","1","6","ND",
"Población_de_15_a_24_años",	20081,"San_Agustín_Atenango","2020","221","107","114","36","3","211","10","10","ND","ND","ND","ND","ND","1","216","3","2","8","ND",
"Población_de_15_a_24_años",	20082,"San_Agustín_Chayuco","2020","676","307","369","299","12","669","7","7","ND","ND","ND","ND","ND","ND","655","21","ND","35","ND",
"Población_de_15_a_24_años",	20083,"San_Agustín_de_las_Juntas","2020","2,189","1,053","1,136","155","35","2,176","13","10","ND","ND","3","ND","ND","2","2,137","48","3","30","ND",
"Población_de_15_a_24_años",	20084,"San_Agustín_Etla","2020","609","292","317","3","15","598","11","9","ND","ND","2","ND","ND","ND","593","16","ND","17","ND",
"Población_de_15_a_24_años",	20085,"San_Agustín_Loxicha","2020","4,951","2,436","2,515","4,390","86","4,949","1","1","ND","ND","ND","ND","1","6","4,919","23","6","117","ND",
"Población_de_15_a_24_años",	20086,"San_Agustín_Tlacotepec","2020","171","82","89","93","6","166","5","5","ND","ND","ND","ND","ND","ND","167","4","ND","5","ND",
"Población_de_15_a_24_años",	20087,"San_Agustín_Yatareni","2020","975","471","504","82","7","957","18","18","ND","ND","ND","ND","ND","1","945","26","4","14","ND",
"Población_de_15_a_24_años",	20088,"San_Andrés_Cabecera_Nueva","2020","458","228","230","11","20","450","8","8","ND","ND","ND","ND","ND","1","452","4","2","19","ND",
"Población_de_15_a_24_años",	20089,"San_Andrés_Dinicuiti","2020","325","173","152","ND","13","325","ND","ND","ND","ND","ND","ND","ND","ND","319","6","ND","1","ND",
"Población_de_15_a_24_años",	20090,"San_Andrés_Huaxpaltepec","2020","926","442","484","133","153","914","12","12","ND","ND","ND","ND","ND","ND","909","14","3","24","ND",
"Población_de_15_a_24_años",	20091,"San_Andrés_Huayápam","2020","937","487","450","41","30","922","15","12","ND","ND","3","ND","ND","1","907","28","1","16","ND",
"Población_de_15_a_24_años",	20092,"San_Andrés_Ixtlahuaca","2020","213","109","104","32","ND","196","16","16","ND","ND","ND","ND","1","1","209","1","3","2","ND",
"Población_de_15_a_24_años",	20093,"San_Andrés_Lagunas","2020","60","29","31","1","2","60","ND","ND","ND","ND","ND","ND","ND","ND","56","4","ND","3","ND",
"Población_de_15_a_24_años",	20094,"San_Andrés_Nuxiño","2020","255","121","134","16","2","255","ND","ND","ND","ND","ND","ND","ND","ND","246","9","ND","11","ND",
"Población_de_15_a_24_años",	20095,"San_Andrés_Paxtlán","2020","955","473","482","505","69","954","1","1","ND","ND","ND","ND","ND","ND","940","15","ND","19","ND",
"Población_de_15_a_24_años",	20096,"San_Andrés_Sinaxtla","2020","96","50","46","ND","6","92","4","4","ND","ND","ND","ND","ND","ND","93","3","ND","3","ND",
"Población_de_15_a_24_años",	20097,"San_Andrés_Solaga","2020","297","151","146","262","ND","295","2","2","ND","ND","ND","ND","ND","ND","293","4","ND","5","ND",
"Población_de_15_a_24_años",	20098,"San_Andrés_Teotilálpam","2020","668","323","345","182","2","667","1","ND","ND","ND","1","ND","ND","ND","651","16","1","33","ND",
"Población_de_15_a_24_años",	20099,"San_Andrés_Tepetlapa","2020","65","29","36","ND","ND","63","2","2","ND","ND","ND","ND","ND","ND","62","3","ND","6","ND",
"Población_de_15_a_24_años",	20100,"San_Andrés_Yaá","2020","34","15","19","32","ND","33","1","1","ND","ND","ND","ND","ND","ND","34","ND","ND","ND","ND",
"Población_de_15_a_24_años",	20101,"San_Andrés_Zabache","2020","122","65","57","3","2","118","4","4","ND","ND","ND","ND","ND","ND","117","5","ND","3","ND",
"Población_de_15_a_24_años",	20102,"San_Andrés_Zautla","2020","863","416","447","17","22","860","3","1","ND","ND","2","ND","ND","ND","838","23","2","23","ND",
"Población_de_15_a_24_años",	20103,"San_Antonino_Castillo_Velasco","2020","937","469","468","28","5","929","8","7","ND","ND","1","ND","ND","ND","919","17","ND","14","ND",
"Población_de_15_a_24_años",	20104,"San_Antonino_el_Alto","2020","539","284","255","141","57","535","4","4","ND","ND","ND","ND","ND","ND","534","5","ND","7","ND",
"Población_de_15_a_24_años",	20105,"San_Antonino_Monte_Verde","2020","1,289","564","725","1,216","168","1,263","25","25","ND","ND","ND","ND","1","14","1,245","27","16","28","ND",
"Población_de_15_a_24_años",	20106,"San_Antonio_Acutla","2020","38","20","18","5","10","38","ND","ND","ND","ND","ND","ND","ND","ND","38","ND","ND","ND","ND",
"Población_de_15_a_24_años",	20107,"San_Antonio_de_la_Cal","2020","4,787","2,299","2,488","259","163","4,767","19","18","ND","ND","1","ND","1","2","4,687","89","2","75","ND",
"Población_de_15_a_24_años",	20108,"San_Antonio_Huitepec","2020","388","187","201","40","12","384","4","4","ND","ND","ND","ND","ND","2","369","17","2","12","ND",
"Población_de_15_a_24_años",	20109,"San_Antonio_Nanahuatípam","2020","190","99","91","4","2","190","ND","ND","ND","ND","ND","ND","ND","1","184","5","1","2","ND",
"Población_de_15_a_24_años",	20110,"San_Antonio_Sinicahua","2020","259","120","139","239","3","259","ND","ND","ND","ND","ND","ND","ND","1","253","5","1","11","ND",
"Población_de_15_a_24_años",	20111,"San_Antonio_Tepetlapa","2020","900","408","492","719","15","897","3","3","ND","ND","ND","ND","ND","3","873","24","3","15","ND",
"Población_de_15_a_24_años",	20112,"San_Baltazar_Chichicápam","2020","286","128","158","215","3","281","5","5","ND","ND","ND","ND","ND","ND","276","10","ND","5","ND",
"Población_de_15_a_24_años",	20113,"San_Baltazar_Loxicha","2020","528","239","289","8","4","527","1","ND","1","ND","ND","ND","ND","1","512","15","1","22","ND",
"Población_de_15_a_24_años",	20114,"San_Baltazar_Yatzachi_el_Bajo","2020","75","34","41","46","ND","73","2","2","ND","ND","ND","ND","ND","ND","73","ND","2","5","ND",
"Población_de_15_a_24_años",	20115,"San_Bartolo_Coyotepec","2020","1,763","871","892","73","39","1,751","12","10","ND","ND","2","ND","ND","3","1,713","44","4","36","ND",
"Población_de_15_a_24_años",	20116,"San_Bartolomé_Ayautla","2020","610","287","323","577","31","610","ND","ND","ND","ND","ND","ND","ND","ND","581","29","ND","15","ND",
"Población_de_15_a_24_años",	20117,"San_Bartolomé_Loxicha","2020","357","169","188","173","ND","357","ND","ND","ND","ND","ND","ND","ND","ND","352","5","ND","1","ND",
"Población_de_15_a_24_años",	20118,"San_Bartolomé_Quialana","2020","298","109","189","276","5","289","9","9","ND","ND","ND","ND","ND","2","293","1","3","3","ND",
"Población_de_15_a_24_años",	20119,"San_Bartolomé_Yucuañe","2020","82","38","44","37","ND","82","ND","ND","ND","ND","ND","ND","ND","ND","77","5","ND","4","ND",
"Población_de_15_a_24_años",	20120,"San_Bartolomé_Zoogocho","2020","80","47","33","54","ND","80","ND","ND","ND","ND","ND","ND","ND","ND","76","4","ND","2","ND",
"Población_de_15_a_24_años",	20121,"San_Bartolo_Soyaltepec","2020","77","35","42","15","ND","77","ND","ND","ND","ND","ND","ND","ND","ND","74","3","ND","1","ND",
"Población_de_15_a_24_años",	20122,"San_Bartolo_Yautepec","2020","71","37","34","3","ND","71","ND","ND","ND","ND","ND","ND","ND","ND","69","2","ND","2","ND",
"Población_de_15_a_24_años",	20123,"San_Bernardo_Mixtepec","2020","432","200","232","4","28","419","13","13","ND","ND","ND","ND","ND","ND","418","13","1","12","ND",
"Población_de_15_a_24_años",	20124,"San_Blas_Atempa","2020","3,526","1,785","1,741","2,814","35","3,521","4","4","ND","ND","ND","ND","1","ND","3,446","77","1","42","ND",
"Población_de_15_a_24_años",	20125,"San_Carlos_Yautepec","2020","1,896","969","927","790","35","1,894","2","2","ND","ND","ND","ND","ND","ND","1,889","6","ND","44","ND",
"Población_de_15_a_24_años",	20126,"San_Cristóbal_Amatlán","2020","1,027","511","516","923","244","1,027","ND","ND","ND","ND","ND","ND","ND","ND","1,000","27","ND","21","ND",
"Población_de_15_a_24_años",	20127,"San_Cristóbal_Amoltepec","2020","186","79","107","130","1","186","ND","ND","ND","ND","ND","ND","ND","1","180","5","1","6","ND",
"Población_de_15_a_24_años",	20128,"San_Cristóbal_Lachirioag","2020","117","62","55","87","1","112","5","5","ND","ND","ND","ND","ND","1","115","1","1","6","ND",
"Población_de_15_a_24_años",	20129,"San_Cristóbal_Suchixtlahuaca","2020","40","20","20","1","1","40","ND","ND","ND","ND","ND","ND","ND","ND","39","1","ND","1","ND",
"Población_de_15_a_24_años",	20130,"San_Dionisio_del_Mar","2020","767","381","386","129","ND","765","2","1","ND","ND","1","ND","ND","ND","753","13","1","38","ND",
"Población_de_15_a_24_años",	20131,"San_Dionisio_Ocotepec","2020","1,862","873","989","1,622","8","1,841","21","19","1","ND","1","ND","ND","2","1,849","9","4","40","ND",
"Población_de_15_a_24_años",	20132,"San_Dionisio_Ocotlán","2020","215","104","111","9","1","215","ND","ND","ND","ND","ND","ND","ND","ND","203","3","ND","7","ND",
"Población_de_15_a_24_años",	20133,"San_Esteban_Atatlahuca","2020","568","266","302","424","2","565","3","3","ND","ND","ND","ND","ND","ND","546","22","ND","13","ND",
"Población_de_15_a_24_años",	20134,"San_Felipe_Jalapa_de_Díaz","2020","5,052","2,316","2,736","4,285","95","5,050","2","2","ND","ND","ND","ND","ND","ND","4,968","82","ND","115","ND",
"Población_de_15_a_24_años",	20135,"San_Felipe_Tejalápam","2020","1,427","684","743","17","7","1,412","14","14","ND","ND","ND","ND","1","ND","1,412","14","1","26","ND",
"Población_de_15_a_24_años",	20136,"San_Felipe_Usila","2020","1,715","810","905","1,608","2","1,715","ND","ND","ND","ND","ND","ND","ND","1","1,685","29","1","52","ND",
"Población_de_15_a_24_años",	20137,"San_Francisco_Cahuacuá","2020","639","327","312","3","13","636","3","3","ND","ND","ND","ND","ND","1","630","7","2","17","ND",
"Población_de_15_a_24_años",	20138,"San_Francisco_Cajonos","2020","53","32","21","25","1","52","1","1","ND","ND","ND","ND","ND","ND","52","1","ND","3","ND",
"Población_de_15_a_24_años",	20139,"San_Francisco_Chapulapa","2020","372","167","205","8","2","372","ND","ND","ND","ND","ND","ND","ND","ND","358","14","ND","12","ND",
"Población_de_15_a_24_años",	20140,"San_Francisco_Chindúa","2020","129","63","66","1","ND","128","1","1","ND","ND","ND","ND","ND","ND","126","3","ND","1","ND",
"Población_de_15_a_24_años",	20141,"San_Francisco_del_Mar","2020","1,412","695","717","96","10","1,406","6","5","ND","ND","1","ND","ND","1","1,354","56","2","44","ND",
"Población_de_15_a_24_años",	20142,"San_Francisco_Huehuetlán","2020","108","50","58","91","ND","108","ND","ND","ND","ND","ND","ND","ND","ND","103","5","ND","4","ND",
"Población_de_15_a_24_años",	20143,"San_Francisco_Ixhuatán","2020","1,313","647","666","11","20","1,308","5","4","ND","ND","1","ND","ND","1","1,241","69","3","37","ND",
"Población_de_15_a_24_años",	20144,"San_Francisco_Jaltepetongo","2020","123","68","55","2","ND","122","1","1","ND","ND","ND","ND","ND","ND","115","8","ND","5","ND",
"Población_de_15_a_24_años",	20145,"San_Francisco_Lachigoló","2020","801","401","400","57","31","792","9","6","ND","ND","3","ND","ND","ND","757","42","2","16","ND",
"Población_de_15_a_24_años",	20146,"San_Francisco_Logueche","2020","628","300","328","606","3","628","ND","ND","ND","ND","ND","ND","ND","ND","625","3","ND","10","ND",
"Población_de_15_a_24_años",	20147,"San_Francisco_Nuxaño","2020","50","25","25","ND","ND","50","ND","ND","ND","ND","ND","ND","ND","ND","48","2","ND","2","ND",
"Población_de_15_a_24_años",	20148,"San_Francisco_Ozolotepec","2020","413","191","222","325","ND","412","1","1","ND","ND","ND","ND","ND","3","410","ND","3","17","ND",
"Población_de_15_a_24_años",	20149,"San_Francisco_Sola","2020","386","174","212","9","1","381","5","5","ND","ND","ND","ND","ND","1","379","6","1","9","ND",
"Población_de_15_a_24_años",	20150,"San_Francisco_Telixtlahuaca","2020","2,494","1,231","1,263","25","92","2,489","5","4","ND","ND","1","ND","ND","1","2,454","37","3","47","ND",
"Población_de_15_a_24_años",	20151,"San_Francisco_Teopan","2020","51","30","21","ND","2","51","ND","ND","ND","ND","ND","ND","ND","ND","46","5","ND","1","ND",
"Población_de_15_a_24_años",	20152,"San_Francisco_Tlapancingo","2020","535","233","302","374","14","522","13","13","ND","ND","ND","ND","ND","ND","515","20","ND","14","ND",
"Población_de_15_a_24_años",	20153,"San_Gabriel_Mixtepec","2020","804","412","392","10","28","802","2","2","ND","ND","ND","ND","ND","ND","797","7","ND","13","ND",
"Población_de_15_a_24_años",	20154,"San_Ildefonso_Amatlán","2020","384","169","215","129","5","381","3","3","ND","ND","ND","ND","ND","ND","375","9","ND","14","ND",
"Población_de_15_a_24_años",	20155,"San_Ildefonso_Sola","2020","224","115","109","2","4","222","2","2","ND","ND","ND","ND","ND","ND","223","1","ND","6","ND",
"Población_de_15_a_24_años",	20156,"San_Ildefonso_Villa_Alta","2020","554","272","282","328","30","536","17","17","ND","ND","ND","ND","1","2","547","5","2","12","ND",
"Población_de_15_a_24_años",	20157,"San_Jacinto_Amilpas","2020","2,879","1,438","1,441","155","95","2,852","26","24","2","ND","ND","ND","1","2","2,763","106","6","64","ND",
"Población_de_15_a_24_años",	20158,"San_Jacinto_Tlacotepec","2020","400","190","210","11","1","395","5","5","ND","ND","ND","ND","ND","ND","399","1","ND","11","ND",
"Población_de_15_a_24_años",	20159,"San_Jerónimo_Coatlán","2020","1,107","559","548","14","10","1,098","9","9","ND","ND","ND","ND","ND","1","1,095","11","1","37","ND",
"Población_de_15_a_24_años",	20160,"San_Jerónimo_Silacayoapilla","2020","210","105","105","2","1","205","5","5","ND","ND","ND","ND","ND","2","202","6","2","4","ND",
"Población_de_15_a_24_años",	20161,"San_Jerónimo_Sosola","2020","443","214","229","2","ND","443","ND","ND","ND","ND","ND","ND","ND","ND","435","8","ND","11","ND",
"Población_de_15_a_24_años",	20162,"San_Jerónimo_Taviche","2020","432","215","217","11","ND","430","2","2","ND","ND","ND","ND","ND","ND","430","1","ND","11","ND",
"Población_de_15_a_24_años",	20163,"San_Jerónimo_Tecóatl","2020","207","92","115","130","ND","207","ND","ND","ND","ND","ND","ND","ND","ND","190","17","ND","6","ND",
"Población_de_15_a_24_años",	20164,"San_Jorge_Nuchita","2020","460","220","240","294","9","453","7","7","ND","ND","ND","ND","ND","2","430","28","2","7","ND",
"Población_de_15_a_24_años",	20165,"San_José_Ayuquila","2020","265","126","139","2","5","264","1","1","ND","ND","ND","ND","ND","1","246","18","1","14","ND",
"Población_de_15_a_24_años",	20166,"San_José_Chiltepec","2020","1,794","850","944","389","13","1,782","12","12","ND","ND","ND","ND","ND","1","1,757","35","2","50","ND",
"Población_de_15_a_24_años",	20167,"San_José_del_Peñasco","2020","369","186","183","9","2","367","ND","ND","ND","ND","ND","ND","2","ND","364","5","ND","6","ND",
"Población_de_15_a_24_años",	20168,"San_José_Estancia_Grande","2020","127","70","57","3","106","122","5","5","ND","ND","ND","ND","ND","ND","124","3","ND","1","ND",
"Población_de_15_a_24_años",	20169,"San_José_Independencia","2020","539","260","279","496","ND","539","ND","ND","ND","ND","ND","ND","ND","ND","518","21","ND","17","ND",
"Población_de_15_a_24_años",	20170,"San_José_Lachiguiri","2020","815","374","441","786","2","809","6","6","ND","ND","ND","ND","ND","ND","808","6","1","45","ND",
"Población_de_15_a_24_años",	20171,"San_José_Tenango","2020","2,593","1,192","1,401","2,444","37","2,591","ND","ND","ND","ND","ND","ND","2","ND","2,483","108","ND","94","ND",
"Población_de_15_a_24_años",	20172,"San_Juan_Achiutla","2020","41","26","15","1","4","41","ND","ND","ND","ND","ND","ND","ND","ND","34","7","ND","1","ND",
"Población_de_15_a_24_años",	20173,"San_Juan_Atepec","2020","186","97","89","83","3","182","4","4","ND","ND","ND","ND","ND","ND","182","4","ND","7","ND",
"Población_de_15_a_24_años",	20174,"Ánimas_Trujano","2020","700","366","334","28","23","695","5","5","ND","ND","ND","ND","ND","1","682","17","1","24","ND",
"Población_de_15_a_24_años",	20175,"San_Juan_Bautista_Atatlahuca","2020","241","112","129","30","1","238","2","2","ND","ND","ND","ND","1","ND","239","2","ND","7","ND",
"Población_de_15_a_24_años",	20176,"San_Juan_Bautista_Coixtlahuaca","2020","366","184","182","13","2","356","ND","ND","ND","ND","ND","ND","10","ND","351","5","ND","4","ND",
"Población_de_15_a_24_años",	20177,"San_Juan_Bautista_Cuicatlán","2020","1,456","701","755","97","144","1,454","2","1","ND","ND","1","ND","ND","2","1,387","67","2","48","ND",
"Población_de_15_a_24_años",	20178,"San_Juan_Bautista_Guelache","2020","1,134","551","583","43","22","1,120","14","13","ND","ND","1","ND","ND","2","1,095","36","3","15","ND",
"Población_de_15_a_24_años",	20179,"San_Juan_Bautista_Jayacatlán","2020","226","115","111","5","ND","223","3","3","ND","ND","ND","ND","ND","ND","225","1","ND","10","ND",
"Población_de_15_a_24_años",	20180,"San_Juan_Bautista_Lo_de_Soto","2020","279","142","137","4","266","272","7","7","ND","ND","ND","ND","ND","ND","257","20","2","7","ND",
"Población_de_15_a_24_años",	20181,"San_Juan_Bautista_Suchitepec","2020","46","19","27","ND","1","46","ND","ND","ND","ND","ND","ND","ND","ND","44","2","ND","4","ND",
"Población_de_15_a_24_años",	20182,"San_Juan_Bautista_Tlacoatzintepec","2020","313","123","190","260","7","313","ND","ND","ND","ND","ND","ND","ND","ND","302","11","ND","12","ND",
"Población_de_15_a_24_años",	20183,"San_Juan_Bautista_Tlachichilco","2020","259","115","144","2","2","252","7","7","ND","ND","ND","ND","ND","1","242","16","1","8","ND",
"Población_de_15_a_24_años",	20184,"San_Juan_Bautista_Tuxtepec","2020","25,640","12,523","13,117","1,930","875","25,536","97","90","4","ND","2","1","7","9","24,644","974","16","781","ND",
"Población_de_15_a_24_años",	20185,"San_Juan_Cacahuatepec","2020","1,472","708","764","21","284","1,446","26","26","ND","ND","ND","ND","ND","ND","1,436","34","2","39","ND",
"Población_de_15_a_24_años",	20186,"San_Juan_Cieneguilla","2020","57","26","31","ND","ND","57","ND","ND","ND","ND","ND","ND","ND","ND","54","3","ND","1","ND",
"Población_de_15_a_24_años",	20187,"San_Juan_Coatzóspam","2020","277","140","137","240","ND","277","ND","ND","ND","ND","ND","ND","ND","ND","245","31","ND","7","ND",
"Población_de_15_a_24_años",	20188,"San_Juan_Colorado","2020","1,530","730","800","1,020","166","1,522","8","8","ND","ND","ND","ND","ND","ND","1,499","31","ND","52","ND",
"Población_de_15_a_24_años",	20189,"San_Juan_Comaltepec","2020","609","293","316","516","ND","600","9","9","ND","ND","ND","ND","ND","1","604","4","1","22","ND",
"Población_de_15_a_24_años",	20190,"San_Juan_Cotzocón","2020","3,347","1,638","1,709","1,318","59","3,304","41","39","ND","ND","2","ND","2","2","3,201","139","7","78","ND",
"Población_de_15_a_24_años",	20191,"San_Juan_Chicomezúchil","2020","27","10","17","2","3","27","ND","ND","ND","ND","ND","ND","ND","ND","26","1","ND","1","ND",
"Población_de_15_a_24_años",	20192,"San_Juan_Chilateca","2020","229","102","127","1","8","228","1","1","ND","ND","ND","ND","ND","ND","226","3","ND","2","ND",
"Población_de_15_a_24_años",	20193,"San_Juan_del_Estado","2020","401","195","206","3","4","389","10","10","ND","ND","ND","ND","2","ND","394","4","1","17","ND",
"Población_de_15_a_24_años",	20194,"San_Juan_del_Río","2020","184","89","95","151","6","177","7","7","ND","ND","ND","ND","ND","2","177","4","3","5","ND",
"Población_de_15_a_24_años",	20195,"San_Juan_Diuxi","2020","109","49","60","51","ND","109","ND","ND","ND","ND","ND","ND","ND","ND","103","6","ND","11","ND",
"Población_de_15_a_24_años",	20196,"San_Juan_Evangelista_Analco","2020","49","25","24","10","ND","46","3","3","ND","ND","ND","ND","ND","2","46","1","2","ND","ND",
"Población_de_15_a_24_años",	20197,"San_Juan_Guelavía","2020","399","205","194","103","1","387","12","12","ND","ND","ND","ND","ND","2","388","6","5","7","ND",
"Población_de_15_a_24_años",	20198,"San_Juan_Guichicovi","2020","4,290","2,039","2,251","2,415","8","4,271","16","15","ND","ND","1","ND","3","ND","4,128","160","1","144","ND",
"Población_de_15_a_24_años",	20199,"San_Juan_Ihualtepec","2020","62","32","30","ND","2","61","1","1","ND","ND","ND","ND","ND","ND","62","ND","ND","3","ND",
"Población_de_15_a_24_años",	20200,"San_Juan_Juquila_Mixes","2020","624","320","304","549","4","624","ND","ND","ND","ND","ND","ND","ND","ND","598","25","ND","17","ND",
"Población_de_15_a_24_años",	20201,"San_Juan_Juquila_Vijanos","2020","337","170","167","304","1","336","1","1","ND","ND","ND","ND","ND","ND","330","7","ND","6","ND",
"Población_de_15_a_24_años",	20202,"San_Juan_Lachao","2020","755","366","389","321","39","752","3","3","ND","ND","ND","ND","ND","ND","749","6","ND","11","ND",
"Población_de_15_a_24_años",	20203,"San_Juan_Lachigalla","2020","706","364","342","5","1","698","8","8","ND","ND","ND","ND","ND","9","687","8","10","15","ND",
"Población_de_15_a_24_años",	20204,"San_Juan_Lajarcia","2020","69","29","40","1","ND","69","ND","ND","ND","ND","ND","ND","ND","ND","69","ND","ND","2","ND",
"Población_de_15_a_24_años",	20205,"San_Juan_Lalana","2020","2,668","1,314","1,354","1,941","9","2,659","7","7","ND","ND","ND","ND","2","ND","2,592","76","ND","124","ND",
"Población_de_15_a_24_años",	20206,"San_Juan_de_los_Cués","2020","301","140","161","33","1","301","ND","ND","ND","ND","ND","ND","ND","ND","288","13","ND","14","ND",
"Población_de_15_a_24_años",	20207,"San_Juan_Mazatlán","2020","3,131","1,519","1,612","1,607","75","3,101","30","28","ND","ND","2","ND","ND","3","3,052","71","8","92","ND",
"Población_de_15_a_24_años",	20208,"San_Juan_Mixtepec_-Dto._08_-","2020","797","349","448","653","11","709","88","88","ND","ND","ND","ND","ND","10","723","42","32","13","ND",
"Población_de_15_a_24_años",	20209,"San_Juan_Mixtepec_-Dto._26_-","2020","89","48","41","80","ND","89","ND","ND","ND","ND","ND","ND","ND","ND","89","ND","ND","2","ND",
"Población_de_15_a_24_años",	20210,"San_Juan_Ñumí","2020","741","332","409","701","2","721","20","20","ND","ND","ND","ND","ND","3","708","29","4","24","ND",
"Población_de_15_a_24_años",	20211,"San_Juan_Ozolotepec","2020","643","325","318","502","4","640","2","2","ND","ND","ND","ND","1","ND","641","1","1","16","ND",
"Población_de_15_a_24_años",	20212,"San_Juan_Petlapa","2020","475","207","268","469","1","475","ND","ND","ND","ND","ND","ND","ND","ND","470","5","ND","10","ND",
"Población_de_15_a_24_años",	20213,"San_Juan_Quiahije","2020","636","278","358","617","9","611","25","25","ND","ND","ND","ND","ND","18","608","7","21","7","ND",
"Población_de_15_a_24_años",	20214,"San_Juan_Quiotepec","2020","281","151","130","242","67","269","12","12","ND","ND","ND","ND","ND","ND","279","1","1","5","ND",
"Población_de_15_a_24_años",	20215,"San_Juan_Sayultepec","2020","111","56","55","1","ND","109","2","2","ND","ND","ND","ND","ND","ND","105","6","ND","8","ND",
"Población_de_15_a_24_años",	20216,"San_Juan_Tabaá","2020","184","85","99","168","1","182","2","2","ND","ND","ND","ND","ND","ND","179","5","ND","2","ND",
"Población_de_15_a_24_años",	20217,"San_Juan_Tamazola","2020","448","231","217","130","2","448","ND","ND","ND","ND","ND","ND","ND","ND","440","8","ND","21","ND",
"Población_de_15_a_24_años",	20218,"San_Juan_Teita","2020","53","30","23","10","ND","53","ND","ND","ND","ND","ND","ND","ND","ND","50","3","ND","6","ND",
"Población_de_15_a_24_años",	20219,"San_Juan_Teitipac","2020","360","168","192","4","4","355","5","4","ND","ND","1","ND","ND","1","350","8","2","7","ND",
"Población_de_15_a_24_años",	20220,"San_Juan_Tepeuxila","2020","361","201","160","186","2","361","ND","ND","ND","ND","ND","ND","ND","ND","352","9","ND","15","ND",
"Población_de_15_a_24_años",	20221,"San_Juan_Teposcolula","2020","243","123","120","5","12","241","2","2","ND","ND","ND","ND","ND","ND","231","12","ND","5","ND",
"Población_de_15_a_24_años",	20222,"San_Juan_Yaeé","2020","198","110","88","188","4","198","ND","ND","ND","ND","ND","ND","ND","ND","195","3","ND","3","ND",
"Población_de_15_a_24_años",	20223,"San_Juan_Yatzona","2020","53","16","37","52","ND","52","1","1","ND","ND","ND","ND","ND","ND","52","1","ND","4","ND",
"Población_de_15_a_24_años",	20224,"San_Juan_Yucuita","2020","82","41","41","ND","2","82","ND","ND","ND","ND","ND","ND","ND","ND","78","4","ND","4","ND",
"Población_de_15_a_24_años",	20225,"San_Lorenzo","2020","998","477","521","697","122","995","3","3","ND","ND","ND","ND","ND","ND","981","17","ND","33","ND",
"Población_de_15_a_24_años",	20226,"San_Lorenzo_Albarradas","2020","431","227","204","86","4","429","2","2","ND","ND","ND","ND","ND","ND","418","13","ND","1","ND",
"Población_de_15_a_24_años",	20227,"San_Lorenzo_Cacaotepec","2020","3,083","1,541","1,542","49","135","3,040","37","35","ND","ND","2","ND","6","5","2,992","73","13","58","ND",
"Población_de_15_a_24_años",	20228,"San_Lorenzo_Cuaunecuiltitla","2020","138","73","65","102","ND","138","ND","ND","ND","ND","ND","ND","ND","1","131","6","1","2","ND",
"Población_de_15_a_24_años",	20229,"San_Lorenzo_Texmelúcan","2020","1,903","786","1,117","1,800","9","1,903","ND","ND","ND","ND","ND","ND","ND","7","1,891","5","7","35","ND",
"Población_de_15_a_24_años",	20230,"San_Lorenzo_Victoria","2020","114","73","41","5","2","113","1","1","ND","ND","ND","ND","ND","ND","109","5","ND","1","ND",
"Población_de_15_a_24_años",	20231,"San_Lucas_Camotlán","2020","715","333","382","700","3","715","ND","ND","ND","ND","ND","ND","ND","ND","714","1","ND","2","ND",
"Población_de_15_a_24_años",	20232,"San_Lucas_Ojitlán","2020","3,706","1,760","1,946","3,012","7","3,703","3","3","ND","ND","ND","ND","ND","ND","3,656","49","1","88","ND",
"Población_de_15_a_24_años",	20233,"San_Lucas_Quiaviní","2020","287","121","166","276","ND","284","3","3","ND","ND","ND","ND","ND","ND","284","3","ND","7","ND",
"Población_de_15_a_24_años",	20234,"San_Lucas_Zoquiápam","2020","1,137","553","584","986","3","1,137","ND","ND","ND","ND","ND","ND","ND","ND","1,098","38","ND","66","ND",
"Población_de_15_a_24_años",	20235,"San_Luis_Amatlán","2020","565","266","299","8","20","559","6","6","ND","ND","ND","ND","ND","1","541","21","3","22","ND",
"Población_de_15_a_24_años",	20236,"San_Marcial_Ozolotepec","2020","213","90","123","202","ND","211","2","2","ND","ND","ND","ND","ND","ND","209","4","ND","10","ND",
"Población_de_15_a_24_años",	20237,"San_Marcos_Arteaga","2020","232","110","122","2","7","231","1","1","ND","ND","ND","ND","ND","ND","229","3","ND","3","ND",
"Población_de_15_a_24_años",	20238,"San_Martín_de_los_Cansecos","2020","147","74","73","ND","16","145","2","2","ND","ND","ND","ND","ND","ND","140","7","ND","2","ND",
"Población_de_15_a_24_años",	20239,"San_Martín_Huamelúlpam","2020","129","72","57","1","ND","129","ND","ND","ND","ND","ND","ND","ND","ND","124","5","ND","5","ND",
"Población_de_15_a_24_años",	20240,"San_Martín_Itunyoso","2020","534","252","282","459","2","525","9","9","ND","ND","ND","ND","ND","ND","517","17","ND","12","ND",
"Población_de_15_a_24_años",	20241,"San_Martín_Lachilá","2020","122","62","60","ND","3","120","2","2","ND","ND","ND","ND","ND","1","118","3","1","5","ND",
"Población_de_15_a_24_años",	20242,"San_Martín_Peras","2020","2,391","1,121","1,270","2,326","9","2,280","111","109","ND","ND","2","ND","ND","13","2,323","40","28","33","ND",
"Población_de_15_a_24_años",	20243,"San_Martín_Tilcajete","2020","315","138","177","6","ND","315","ND","ND","ND","ND","ND","ND","ND","ND","312","3","ND","7","ND",
"Población_de_15_a_24_años",	20244,"San_Martín_Toxpalan","2020","643","316","327","137","8","638","1","ND","ND","ND","1","ND","4","ND","616","26","ND","17","ND",
"Población_de_15_a_24_años",	20245,"San_Martín_Zacatepec","2020","191","108","83","3","ND","188","3","3","ND","ND","ND","ND","ND","ND","184","7","ND","5","ND",
"Población_de_15_a_24_años",	20246,"San_Mateo_Cajonos","2020","72","39","33","51","3","71","1","1","ND","ND","ND","ND","ND","ND","70","2","ND","9","ND",
"Población_de_15_a_24_años",	20247,"Capulálpam_de_Méndez","2020","325","150","175","72","42","318","7","7","ND","ND","ND","ND","ND","ND","313","11","1","6","ND",
"Población_de_15_a_24_años",	20248,"San_Mateo_del_Mar","2020","2,728","1,347","1,381","2,644","25","2,728","ND","ND","ND","ND","ND","ND","ND","ND","2,705","22","ND","54","ND",
"Población_de_15_a_24_años",	20249,"San_Mateo_Yoloxochitlán","2020","652","301","351","341","13","652","ND","ND","ND","ND","ND","ND","ND","ND","620","32","ND","20","ND",
"Población_de_15_a_24_años",	20250,"San_Mateo_Etlatongo","2020","216","106","110","3","ND","216","ND","ND","ND","ND","ND","ND","ND","ND","203","13","ND","ND","ND",
"Población_de_15_a_24_años",	20251,"San_Mateo_Nejápam","2020","221","107","114","1","12","217","4","4","ND","ND","ND","ND","ND","ND","209","12","ND","5","ND",
"Población_de_15_a_24_años",	20252,"San_Mateo_Peñasco","2020","384","174","210","272","10","382","2","2","ND","ND","ND","ND","ND","ND","373","10","1","6","ND",
"Población_de_15_a_24_años",	20253,"San_Mateo_Piñas","2020","246","125","121","7","1","246","ND","ND","ND","ND","ND","ND","ND","ND","244","2","ND","10","ND",
"Población_de_15_a_24_años",	20254,"San_Mateo_Río_Hondo","2020","484","235","249","15","26","484","ND","ND","ND","ND","ND","ND","ND","ND","480","4","ND","14","ND",
"Población_de_15_a_24_años",	20255,"San_Mateo_Sindihui","2020","308","137","171","2","4","304","4","4","ND","ND","ND","ND","ND","ND","299","9","ND","2","ND",
"Población_de_15_a_24_años",	20256,"San_Mateo_Tlapiltepec","2020","42","21","21","ND","ND","42","ND","ND","ND","ND","ND","ND","ND","ND","34","8","ND","1","ND",
"Población_de_15_a_24_años",	20257,"San_Melchor_Betaza","2020","133","60","73","126","ND","133","ND","ND","ND","ND","ND","ND","ND","ND","129","4","ND","2","ND",
"Población_de_15_a_24_años",	20258,"San_Miguel_Achiutla","2020","76","40","36","ND","1","76","ND","ND","ND","ND","ND","ND","ND","ND","72","4","ND","2","ND",
"Población_de_15_a_24_años",	20259,"San_Miguel_Ahuehuetitlán","2020","352","177","175","168","ND","348","4","4","ND","ND","ND","ND","ND","ND","338","14","ND","10","ND",
"Población_de_15_a_24_años",	20260,"San_Miguel_Aloápam","2020","391","177","214","377","2","377","14","14","ND","ND","ND","ND","ND","1","382","3","6","8","ND",
"Población_de_15_a_24_años",	20261,"San_Miguel_Amatitlán","2020","1,289","631","658","114","2","1,286","3","3","ND","ND","ND","ND","ND","ND","1,263","26","ND","33","ND",
"Población_de_15_a_24_años",	20262,"San_Miguel_Amatlán","2020","137","58","79","13","ND","135","2","2","ND","ND","ND","ND","ND","ND","133","4","ND","2","ND",
"Población_de_15_a_24_años",	20263,"San_Miguel_Coatlán","2020","525","233","292","8","4","523","2","2","ND","ND","ND","ND","ND","ND","498","27","ND","22","ND",
"Población_de_15_a_24_años",	20264,"San_Miguel_Chicahua","2020","284","130","154","173","2","283","1","1","ND","ND","ND","ND","ND","ND","276","8","ND","5","ND",
"Población_de_15_a_24_años",	20265,"San_Miguel_Chimalapa","2020","948","489","459","188","3","944","4","4","ND","ND","ND","ND","ND","ND","914","33","1","28","ND",
"Población_de_15_a_24_años",	20266,"San_Miguel_del_Puerto","2020","1,417","694","723","23","27","1,415","2","2","ND","ND","ND","ND","ND","ND","1,410","6","ND","35","ND",
"Población_de_15_a_24_años",	20267,"San_Miguel_del_Río","2020","29","17","12","16","ND","28","1","1","ND","ND","ND","ND","ND","ND","28","1","ND","ND","ND",
"Población_de_15_a_24_años",	20268,"San_Miguel_Ejutla","2020","182","84","98","6","69","173","9","9","ND","ND","ND","ND","ND","ND","172","8","2","2","ND",
"Población_de_15_a_24_años",	20269,"San_Miguel_el_Grande","2020","722","367","355","210","52","713","9","9","ND","ND","ND","ND","ND","1","704","17","1","16","ND",
"Población_de_15_a_24_años",	20270,"San_Miguel_Huautla","2020","160","74","86","24","1","156","ND","ND","ND","ND","ND","ND","4","ND","156","ND","ND","3","ND",
"Población_de_15_a_24_años",	20271,"San_Miguel_Mixtepec","2020","638","303","335","548","3","637","1","1","ND","ND","ND","ND","ND","ND","628","10","ND","13","ND",
"Población_de_15_a_24_años",	20272,"San_Miguel_Panixtlahuaca","2020","1,025","409","616","952","118","1,010","14","14","ND","ND","ND","ND","1","15","988","21","15","27","ND",
"Población_de_15_a_24_años",	20273,"San_Miguel_Peras","2020","677","306","371","133","7","675","2","2","ND","ND","ND","ND","ND","2","665","10","2","29","ND",
"Población_de_15_a_24_años",	20274,"San_Miguel_Piedras","2020","183","90","93","82","8","182","1","1","ND","ND","ND","ND","ND","ND","178","5","ND","3","ND",
"Población_de_15_a_24_años",	20275,"San_Miguel_Quetzaltepec","2020","1,176","577","599","1,161","1","1,175","1","1","ND","ND","ND","ND","ND","ND","1,173","3","ND","30","ND",
"Población_de_15_a_24_años",	20276,"San_Miguel_Santa_Flor","2020","71","42","29","16","20","71","ND","ND","ND","ND","ND","ND","ND","ND","65","6","ND","3","ND",
"Población_de_15_a_24_años",	20277,"Villa_Sola_de_Vega","2020","2,120","1,049","1,071","86","11","2,104","16","15","1","ND","ND","ND","ND","ND","2,099","20","1","41","ND",
"Población_de_15_a_24_años",	20278,"San_Miguel_Soyaltepec","2020","5,852","2,856","2,996","3,239","50","5,828","23","23","ND","ND","ND","ND","1","1","5,682","168","1","174","ND",
"Población_de_15_a_24_años",	20279,"San_Miguel_Suchixtepec","2020","553","243","310","226","ND","551","2","2","ND","ND","ND","ND","ND","ND","552","1","ND","12","ND",
"Población_de_15_a_24_años",	20280,"Villa_Talea_de_Castro","2020","259","131","128","39","1","255","4","4","ND","ND","ND","ND","ND","1","252","4","3","11","ND",
"Población_de_15_a_24_años",	20281,"San_Miguel_Tecomatlán","2020","29","17","12","ND","ND","29","ND","ND","ND","ND","ND","ND","ND","ND","28","1","ND","1","ND",
"Población_de_15_a_24_años",	20282,"San_Miguel_Tenango","2020","64","37","27","ND","ND","64","ND","ND","ND","ND","ND","ND","ND","ND","60","4","ND","4","ND",
"Población_de_15_a_24_años",	20283,"San_Miguel_Tequixtepec","2020","125","60","65","2","ND","125","ND","ND","ND","ND","ND","ND","ND","ND","120","5","ND","3","ND",
"Población_de_15_a_24_años",	20284,"San_Miguel_Tilquiápam","2020","546","255","291","484","5","546","ND","ND","ND","ND","ND","ND","ND","1","514","31","1","15","ND",
"Población_de_15_a_24_años",	20285,"San_Miguel_Tlacamama","2020","570","285","285","57","165","569","1","1","ND","ND","ND","ND","ND","2","561","7","2","21","ND",
"Población_de_15_a_24_años",	20286,"San_Miguel_Tlacotepec","2020","459","220","239","13","3","450","9","9","ND","ND","ND","ND","ND","1","446","9","4","12","ND",
"Población_de_15_a_24_años",	20287,"San_Miguel_Tulancingo","2020","32","17","15","2","3","32","ND","ND","ND","ND","ND","ND","ND","ND","29","3","ND","2","ND",
"Población_de_15_a_24_años",	20288,"San_Miguel_Yotao","2020","101","51","50","96","ND","101","ND","ND","ND","ND","ND","ND","ND","ND","100","1","ND","2","ND",
"Población_de_15_a_24_años",	20289,"San_Nicolás","2020","167","72","95","1","ND","163","4","4","ND","ND","ND","ND","ND","ND","165","2","ND","7","ND",
"Población_de_15_a_24_años",	20290,"San_Nicolás_Hidalgo","2020","168","72","96","ND","7","162","6","6","ND","ND","ND","ND","ND","ND","168","ND","ND","9","ND",
"Población_de_15_a_24_años",	20291,"San_Pablo_Coatlán","2020","766","399","367","5","2","765","1","1","ND","ND","ND","ND","ND","1","754","10","1","22","ND",
"Población_de_15_a_24_años",	20292,"San_Pablo_Cuatro_Venados","2020","271","135","136","13","ND","268","3","3","ND","ND","ND","ND","ND","ND","268","3","ND","7","ND",
"Población_de_15_a_24_años",	20293,"San_Pablo_Etla","2020","2,930","1,427","1,503","94","138","2,906","24","19","ND","ND","5","ND","ND","2","2,817","106","6","68","ND",
"Población_de_15_a_24_años",	20294,"San_Pablo_Huitzo","2020","1,055","548","507","8","23","1,041","14","14","ND","ND","ND","ND","ND","2","1,021","31","3","27","ND",
"Población_de_15_a_24_años",	20295,"San_Pablo_Huixtepec","2020","1,645","817","828","28","41","1,590","55","52","1","ND","2","ND","ND","1","1,603","33","9","33","ND",
"Población_de_15_a_24_años",	20296,"San_Pablo_Macuiltianguis","2020","111","55","56","47","ND","110","1","1","ND","ND","ND","ND","ND","ND","108","3","ND","3","ND",
"Población_de_15_a_24_años",	20297,"San_Pablo_Tijaltepec","2020","521","229","292","476","13","494","27","27","ND","ND","ND","ND","ND","10","499","7","15","2","ND",
"Población_de_15_a_24_años",	20298,"San_Pablo_Villa_de_Mitla","2020","2,041","1,021","1,020","210","38","2,012","29","26","1","ND","2","ND","ND","1","1,980","54","7","55","ND",
"Población_de_15_a_24_años",	20299,"San_Pablo_Yaganiza","2020","161","80","81","130","2","160","1","1","ND","ND","ND","ND","ND","ND","157","4","ND","4","ND",
"Población_de_15_a_24_años",	20300,"San_Pedro_Amuzgos","2020","1,142","538","604","917","94","1,134","8","8","ND","ND","ND","ND","ND","ND","1,133","9","ND","34","ND",
"Población_de_15_a_24_años",	20301,"San_Pedro_Apóstol","2020","208","103","105","2","10","198","10","10","ND","ND","ND","ND","ND","ND","205","3","ND","10","ND",
"Población_de_15_a_24_años",	20302,"San_Pedro_Atoyac","2020","869","407","462","671","10","869","ND","ND","ND","ND","ND","ND","ND","ND","866","1","ND","17","ND",
"Población_de_15_a_24_años",	20303,"San_Pedro_Cajonos","2020","120","65","55","89","1","120","ND","ND","ND","ND","ND","ND","ND","ND","119","1","ND","ND","ND",
"Población_de_15_a_24_años",	20304,"San_Pedro_Coxcaltepec_Cántaros","2020","90","36","54","2","ND","90","ND","ND","ND","ND","ND","ND","ND","ND","88","2","ND","4","ND",
"Población_de_15_a_24_años",	20305,"San_Pedro_Comitancillo","2020","670","321","349","54","8","669","1","1","ND","ND","ND","ND","ND","1","646","23","1","15","ND",
"Población_de_15_a_24_años",	20306,"San_Pedro_el_Alto","2020","856","420","436","608","6","854","2","2","ND","ND","ND","ND","ND","1","848","7","1","13","ND",
"Población_de_15_a_24_años",	20307,"San_Pedro_Huamelula","2020","1,420","689","731","94","26","1,419","1","1","ND","ND","ND","ND","ND","2","1,388","30","2","31","ND",
"Población_de_15_a_24_años",	20308,"San_Pedro_Huilotepec","2020","500","234","266","92","4","500","ND","ND","ND","ND","ND","ND","ND","ND","485","15","ND","8","ND",
"Población_de_15_a_24_años",	20309,"San_Pedro_Ixcatlán","2020","1,464","717","747","1,208","182","1,462","2","1","1","ND","ND","ND","ND","ND","1,428","36","ND","35","ND",
"Población_de_15_a_24_años",	20310,"San_Pedro_Ixtlahuaca","2020","2,573","1,274","1,299","303","71","2,555","14","14","ND","ND","ND","ND","4","4","2,510","59","4","80","ND",
"Población_de_15_a_24_años",	20311,"San_Pedro_Jaltepetongo","2020","42","21","21","28","ND","42","ND","ND","ND","ND","ND","ND","ND","ND","41","1","ND","ND","ND",
"Población_de_15_a_24_años",	20312,"San_Pedro_Jicayán","2020","1,904","880","1,024","1,679","123","1,897","7","7","ND","ND","ND","ND","ND","ND","1,861","43","ND","66","ND",
"Población_de_15_a_24_años",	20313,"San_Pedro_Jocotipac","2020","92","46","46","18","ND","92","ND","ND","ND","ND","ND","ND","ND","ND","89","3","ND","1","ND",
"Población_de_15_a_24_años",	20314,"San_Pedro_Juchatengo","2020","270","123","147","ND","1","269","1","1","ND","ND","ND","ND","ND","ND","266","4","ND","8","ND",
"Población_de_15_a_24_años",	20315,"San_Pedro_Mártir","2020","243","106","137","38","4","241","2","2","ND","ND","ND","ND","ND","2","235","6","2","2","ND",
"Población_de_15_a_24_años",	20316,"San_Pedro_Mártir_Quiechapa","2020","161","77","84","44","ND","157","3","2","ND","ND","1","ND","1","1","151","7","2","7","ND",
"Población_de_15_a_24_años",	20317,"San_Pedro_Mártir_Yucuxaco","2020","199","99","100","ND","2","198","1","1","ND","ND","ND","ND","ND","ND","196","3","ND","5","ND",
"Población_de_15_a_24_años",	20318,"San_Pedro_Mixtepec_-Dto._22_-","2020","8,372","4,129","4,243","241","1,070","8,290","80","73","ND","1","6","ND","2","8","8,092","266","12","160","ND",
"Población_de_15_a_24_años",	20319,"San_Pedro_Mixtepec_-Dto._26_-","2020","145","75","70","134","ND","145","ND","ND","ND","ND","ND","ND","ND","ND","145","ND","ND","1","ND",
"Población_de_15_a_24_años",	20320,"San_Pedro_Molinos","2020","94","46","48","33","2","92","2","2","ND","ND","ND","ND","ND","ND","92","2","ND","1","ND",
"Población_de_15_a_24_años",	20321,"San_Pedro_Nopala","2020","106","58","48","ND","ND","106","ND","ND","ND","ND","ND","ND","ND","ND","101","5","ND","2","ND",
"Población_de_15_a_24_años",	20322,"San_Pedro_Ocopetatillo","2020","101","49","52","90","ND","101","ND","ND","ND","ND","ND","ND","ND","ND","101","ND","ND","ND","ND",
"Población_de_15_a_24_años",	20323,"San_Pedro_Ocotepec","2020","444","217","227","429","ND","444","ND","ND","ND","ND","ND","ND","ND","ND","443","1","ND","14","ND",
"Población_de_15_a_24_años",	20324,"San_Pedro_Pochutla","2020","8,497","4,199","4,298","464","383","8,439","57","54","ND","ND","3","ND","1","9","8,332","149","13","170","ND",
"Población_de_15_a_24_años",	20325,"San_Pedro_Quiatoni","2020","2,117","1,044","1,073","2,034","6","2,117","ND","ND","ND","ND","ND","ND","ND","ND","2,080","36","ND","49","ND",
"Población_de_15_a_24_años",	20326,"San_Pedro_Sochiápam","2020","805","399","406","736","4","805","ND","ND","ND","ND","ND","ND","ND","ND","768","37","ND","25","ND",
"Población_de_15_a_24_años",	20327,"San_Pedro_Tapanatepec","2020","2,223","1,123","1,100","42","72","2,208","15","12","ND","ND","3","ND","ND","2","2,033","183","6","69","ND",
"Población_de_15_a_24_años",	20328,"San_Pedro_Taviche","2020","291","149","142","ND","1","291","ND","ND","ND","ND","ND","ND","ND","ND","291","ND","ND","4","ND",
"Población_de_15_a_24_años",	20329,"San_Pedro_Teozacoalco","2020","149","75","74","3","3","149","ND","ND","ND","ND","ND","ND","ND","ND","141","8","ND","2","ND",
"Población_de_15_a_24_años",	20330,"San_Pedro_Teutila","2020","732","362","370","81","31","730","2","2","ND","ND","ND","ND","ND","ND","695","37","ND","39","ND",
"Población_de_15_a_24_años",	20331,"San_Pedro_Tidaá","2020","114","60","54","8","ND","113","1","1","ND","ND","ND","ND","ND","1","104","9","1","6","ND",
"Población_de_15_a_24_años",	20332,"San_Pedro_Topiltepec","2020","54","26","28","ND","ND","54","ND","ND","ND","ND","ND","ND","ND","ND","52","2","ND","1","ND",
"Población_de_15_a_24_años",	20333,"San_Pedro_Totolápam","2020","491","241","250","52","5","476","13","13","ND","ND","ND","ND","2","ND","477","9","1","13","ND",
"Población_de_15_a_24_años",	20334,"Villa_de_Tututepec_de_Melchor_Ocampo","2020","8,381","4,129","4,252","348","4,280","8,231","146","143","ND","1","2","ND","4","17","8,099","248","31","301","ND",
"Población_de_15_a_24_años",	20335,"San_Pedro_Yaneri","2020","169","80","89","161","3","167","2","2","ND","ND","ND","ND","ND","ND","165","4","ND","1","ND",
"Población_de_15_a_24_años",	20336,"San_Pedro_Yólox","2020","227","118","109","205","11","208","19","19","ND","ND","ND","ND","ND","2","222","1","4","9","ND",
"Población_de_15_a_24_años",	20337,"San_Pedro_y_San_Pablo_Ayutla","2020","759","367","392","571","24","758","1","1","ND","ND","ND","ND","ND","ND","726","30","ND","50","ND",
"Población_de_15_a_24_años",	20338,"Villa_de_Etla","2020","1,648","826","822","92","39","1,641","7","5","ND","ND","2","ND","ND","ND","1,599","47","1","23","ND",
"Población_de_15_a_24_años",	20339,"San_Pedro_y_San_Pablo_Teposcolula","2020","656","338","318","13","34","648","7","7","ND","ND","ND","ND","1","ND","646","10","ND","18","ND",
"Población_de_15_a_24_años",	20340,"San_Pedro_y_San_Pablo_Tequixtepec","2020","217","107","110","3","1","216","1","1","ND","ND","ND","ND","ND","ND","202","15","ND","11","ND",
"Población_de_15_a_24_años",	20341,"San_Pedro_Yucunama","2020","43","19","24","ND","ND","43","ND","ND","ND","ND","ND","ND","ND","ND","40","3","ND","ND","ND",
"Población_de_15_a_24_años",	20342,"San_Raymundo_Jalpan","2020","637","308","329","26","33","631","6","5","ND","ND","1","ND","ND","ND","597","37","2","6","ND",
"Población_de_15_a_24_años",	20343,"San_Sebastián_Abasolo","2020","262","133","129","8","3","258","4","4","ND","ND","ND","ND","ND","ND","258","4","ND","5","ND",
"Población_de_15_a_24_años",	20344,"San_Sebastián_Coatlán","2020","427","183","244","1","5","424","2","2","ND","ND","ND","ND","1","ND","424","2","ND","16","ND",
"Población_de_15_a_24_años",	20345,"San_Sebastián_Ixcapa","2020","626","296","330","30","231","619","7","7","ND","ND","ND","ND","ND","ND","617","9","ND","12","ND",
"Población_de_15_a_24_años",	20346,"San_Sebastián_Nicananduta","2020","174","78","96","29","ND","171","3","3","ND","ND","ND","ND","ND","ND","165","9","ND","10","ND",
"Población_de_15_a_24_años",	20347,"San_Sebastián_Río_Hondo","2020","793","404","389","36","ND","793","ND","ND","ND","ND","ND","ND","ND","1","785","7","1","14","ND",
"Población_de_15_a_24_años",	20348,"San_Sebastián_Tecomaxtlahuaca","2020","1,278","648","630","309","17","1,245","30","30","ND","ND","ND","ND","3","5","1,244","22","10","38","ND",
"Población_de_15_a_24_años",	20349,"San_Sebastián_Teitipac","2020","333","170","163","2","4","332","1","1","ND","ND","ND","ND","ND","1","319","13","1","12","ND",
"Población_de_15_a_24_años",	20350,"San_Sebastián_Tutla","2020","2,664","1,243","1,421","129","93","2,646","18","13","ND","ND","5","ND","ND","6","2,578","74","11","42","ND",
"Población_de_15_a_24_años",	20351,"San_Simón_Almolongas","2020","412","212","200","2","1","395","17","17","ND","ND","ND","ND","ND","1","397","12","3","14","ND",
"Población_de_15_a_24_años",	20352,"San_Simón_Zahuatlán","2020","1,139","573","566","1,092","2","1,139","ND","ND","ND","ND","ND","ND","ND","ND","1,128","11","ND","26","ND",
"Población_de_15_a_24_años",	20353,"Santa_Ana","2020","413","199","214","2","2","403","10","10","ND","ND","ND","ND","ND","ND","406","6","1","13","ND",
"Población_de_15_a_24_años",	20354,"Santa_Ana_Ateixtlahuaca","2020","80","56","24","77","ND","80","ND","ND","ND","ND","ND","ND","ND","ND","77","3","ND","1","ND",
"Población_de_15_a_24_años",	20355,"Santa_Ana_Cuauhtémoc","2020","87","37","50","7","ND","87","ND","ND","ND","ND","ND","ND","ND","ND","82","5","ND","2","ND",
"Población_de_15_a_24_años",	20356,"Santa_Ana_del_Valle","2020","283","152","131","146","1","278","5","5","ND","ND","ND","ND","ND","2","277","4","2","6","ND",
"Población_de_15_a_24_años",	20357,"Santa_Ana_Tavela","2020","101","43","58","2","ND","101","ND","ND","ND","ND","ND","ND","ND","ND","100","1","ND","5","ND",
"Población_de_15_a_24_años",	20358,"Santa_Ana_Tlapacoyan","2020","232","106","126","2","3","225","7","7","ND","ND","ND","ND","ND","1","230","1","1","3","ND",
"Población_de_15_a_24_años",	20359,"Santa_Ana_Yareni","2020","75","33","42","73","1","72","3","3","ND","ND","ND","ND","ND","ND","75","ND","ND","2","ND",
"Población_de_15_a_24_años",	20360,"Santa_Ana_Zegache","2020","591","289","302","15","28","587","4","4","ND","ND","ND","ND","ND","ND","580","11","ND","10","ND",
"Población_de_15_a_24_años",	20361,"Santa_Catalina_Quierí","2020","121","54","67","118","ND","120","1","1","ND","ND","ND","ND","ND","ND","120","1","ND","2","ND",
"Población_de_15_a_24_años",	20362,"Santa_Catarina_Cuixtla","2020","200","101","99","8","8","200","ND","ND","ND","ND","ND","ND","ND","ND","186","14","ND","2","ND",
"Población_de_15_a_24_años",	20363,"Santa_Catarina_Ixtepeji","2020","432","202","230","8","13","431","1","1","ND","ND","ND","ND","ND","ND","430","2","ND","10","ND",
"Población_de_15_a_24_años",	20364,"Santa_Catarina_Juquila","2020","3,312","1,560","1,752","1,159","290","3,289","20","20","ND","ND","ND","ND","3","6","3,268","33","9","83","ND",
"Población_de_15_a_24_años",	20365,"Santa_Catarina_Lachatao","2020","102","45","57","15","1","102","ND","ND","ND","ND","ND","ND","ND","ND","98","4","ND","1","ND",
"Población_de_15_a_24_años",	20366,"Santa_Catarina_Loxicha","2020","532","259","273","15","6","532","ND","ND","ND","ND","ND","ND","ND","ND","524","7","ND","20","ND",
"Población_de_15_a_24_años",	20367,"Santa_Catarina_Mechoacán","2020","806","412","394","710","28","806","ND","ND","ND","ND","ND","ND","ND","1","783","22","1","17","ND",
"Población_de_15_a_24_años",	20368,"Santa_Catarina_Minas","2020","337","172","165","ND","16","336","1","1","ND","ND","ND","ND","ND","ND","331","6","ND","8","ND",
"Población_de_15_a_24_años",	20369,"Santa_Catarina_Quiané","2020","290","131","159","3","6","275","15","15","ND","ND","ND","ND","ND","1","277","11","2","1","ND",
"Población_de_15_a_24_años",	20370,"Santa_Catarina_Tayata","2020","97","49","48","8","3","96","1","ND","1","ND","ND","ND","ND","ND","95","2","ND","ND","ND",
"Población_de_15_a_24_años",	20371,"Santa_Catarina_Ticuá","2020","117","62","55","33","5","116","1","1","ND","ND","ND","ND","ND","ND","108","8","1","4","ND",
"Población_de_15_a_24_años",	20372,"Santa_Catarina_Yosonotú","2020","196","91","105","136","ND","195","1","1","ND","ND","ND","ND","ND","ND","189","7","ND","2","ND",
"Población_de_15_a_24_años",	20373,"Santa_Catarina_Zapoquila","2020","58","24","34","ND","1","58","ND","ND","ND","ND","ND","ND","ND","ND","56","2","ND","ND","ND",
"Población_de_15_a_24_años",	20374,"Santa_Cruz_Acatepec","2020","317","157","160","272","ND","317","ND","ND","ND","ND","ND","ND","ND","ND","303","14","ND","9","ND",
"Población_de_15_a_24_años",	20375,"Santa_Cruz_Amilpas","2020","2,351","1,129","1,222","297","99","2,336","13","13","ND","ND","ND","ND","2","1","2,283","62","2","42","ND",
"Población_de_15_a_24_años",	20376,"Santa_Cruz_de_Bravo","2020","60","28","32","1","ND","52","8","8","ND","ND","ND","ND","ND","ND","59","1","ND","3","ND",
"Población_de_15_a_24_años",	20377,"Santa_Cruz_Itundujia","2020","1,838","888","950","87","15","1,824","14","14","ND","ND","ND","ND","ND","3","1,791","44","3","85","ND",
"Población_de_15_a_24_años",	20378,"Santa_Cruz_Mixtepec","2020","631","300","331","188","19","618","13","13","ND","ND","ND","ND","ND","ND","625","4","2","18","ND",
"Población_de_15_a_24_años",	20379,"Santa_Cruz_Nundaco","2020","509","233","276","360","3","492","17","17","ND","ND","ND","ND","ND","2","496","9","4","8","ND",
"Población_de_15_a_24_años",	20380,"Santa_Cruz_Papalutla","2020","344","164","180","4","4","338","6","6","ND","ND","ND","ND","ND","1","331","11","2","5","ND",
"Población_de_15_a_24_años",	20381,"Santa_Cruz_Tacache_de_Mina","2020","440","212","228","1","1","432","8","8","ND","ND","ND","ND","ND","2","429","9","2","17","ND",
"Población_de_15_a_24_años",	20382,"Santa_Cruz_Tacahua","2020","188","95","93","8","ND","188","ND","ND","ND","ND","ND","ND","ND","ND","182","6","ND","6","ND",
"Población_de_15_a_24_años",	20383,"Santa_Cruz_Tayata","2020","84","43","41","ND","ND","84","ND","ND","ND","ND","ND","ND","ND","ND","84","ND","ND","4","ND",
"Población_de_15_a_24_años",	20384,"Santa_Cruz_Xitla","2020","790","395","395","416","23","771","19","19","ND","ND","ND","ND","ND","4","767","19","4","20","ND",
"Población_de_15_a_24_años",	20385,"Santa_Cruz_Xoxocotlán","2020","17,672","8,554","9,118","1,152","782","17,533","134","114","1","ND","19","ND","5","11","17,092","548","27","380","ND",
"Población_de_15_a_24_años",	20386,"Santa_Cruz_Zenzontepec","2020","3,900","1,910","1,990","2,654","282","3,896","4","4","ND","ND","ND","ND","ND","8","3,873","16","9","90","ND",
"Población_de_15_a_24_años",	20387,"Santa_Gertrudis","2020","415","197","218","2","17","407","8","8","ND","ND","ND","ND","ND","1","412","1","2","15","ND",
"Población_de_15_a_24_años",	20388,"Santa_Inés_del_Monte","2020","551","278","273","7","6","544","6","6","ND","ND","ND","ND","1","1","541","9","1","14","ND",
"Población_de_15_a_24_años",	20389,"Santa_Inés_Yatzeche","2020","147","63","84","141","4","147","ND","ND","ND","ND","ND","ND","ND","ND","147","ND","ND","1","ND",
"Población_de_15_a_24_años",	20390,"Santa_Lucía_del_Camino","2020","8,311","4,099","4,212","834","253","8,236","75","62","ND","2","11","ND","ND","8","7,904","359","19","139","ND",
"Población_de_15_a_24_años",	20391,"Santa_Lucía_Miahuatlán","2020","559","268","291","549","2","559","ND","ND","ND","ND","ND","ND","ND","ND","554","5","ND","13","ND",
"Población_de_15_a_24_años",	20392,"Santa_Lucía_Monteverde","2020","1,163","559","604","505","25","1,161","2","2","ND","ND","ND","ND","ND","2","1,132","29","2","27","ND",
"Población_de_15_a_24_años",	20393,"Santa_Lucía_Ocotlán","2020","672","320","352","485","12","669","3","3","ND","ND","ND","ND","ND","1","665","6","1","10","ND",
"Población_de_15_a_24_años",	20394,"Santa_María_Alotepec","2020","491","241","250","462","2","489","2","2","ND","ND","ND","ND","ND","ND","484","7","ND","10","ND",
"Población_de_15_a_24_años",	20395,"Santa_María_Apazco","2020","239","126","113","158","40","239","ND","ND","ND","ND","ND","ND","ND","ND","228","11","ND","11","ND",
"Población_de_15_a_24_años",	20396,"Santa_María_la_Asunción","2020","487","207","280","448","2","487","ND","ND","ND","ND","ND","ND","ND","ND","458","29","ND","17","ND",
"Población_de_15_a_24_años",	20397,"Heroica_Ciudad_de_Tlaxiaco","2020","6,754","3,270","3,484","1,297","167","6,642","111","111","ND","ND","ND","ND","1","4","6,547","195","11","190","ND",
"Población_de_15_a_24_años",	20398,"Ayoquezco_de_Aldama","2020","756","382","374","12","4","744","12","12","ND","ND","ND","ND","ND","6","730","17","9","16","ND",
"Población_de_15_a_24_años",	20399,"Santa_María_Atzompa","2020","7,251","3,547","3,704","631","178","7,193","55","51","ND","ND","4","ND","3","6","7,035","204","11","205","ND",
"Población_de_15_a_24_años",	20400,"Santa_María_Camotlán","2020","210","108","102","ND","1","209","1","1","ND","ND","ND","ND","ND","ND","206","4","ND","4","ND",
"Población_de_15_a_24_años",	20401,"Santa_María_Colotepec","2020","4,386","2,147","2,239","293","266","4,327","58","48","ND","ND","10","ND","1","4","4,260","110","15","85","ND",
"Población_de_15_a_24_años",	20402,"Santa_María_Cortijo","2020","144","66","78","1","138","142","2","2","ND","ND","ND","ND","ND","ND","137","7","ND","6","ND",
"Población_de_15_a_24_años",	20403,"Santa_María_Coyotepec","2020","621","287","334","34","10","617","4","4","ND","ND","ND","ND","ND","ND","607","14","ND","8","ND",
"Población_de_15_a_24_años",	20404,"Santa_María_Chachoápam","2020","101","55","46","1","ND","99","2","2","ND","ND","ND","ND","ND","ND","101","ND","ND","5","ND",
"Población_de_15_a_24_años",	20405,"Villa_de_Chilapa_de_Díaz","2020","247","114","133","19","13","245","2","2","ND","ND","ND","ND","ND","1","241","5","1","5","ND",
"Población_de_15_a_24_años",	20406,"Santa_María_Chilchotla","2020","3,298","1,611","1,687","2,930","8","3,296","ND","ND","ND","ND","ND","ND","2","ND","3,187","109","ND","97","ND",
"Población_de_15_a_24_años",	20407,"Santa_María_Chimalapa","2020","1,140","577","563","424","24","1,136","4","4","ND","ND","ND","ND","ND","2","1,083","53","4","28","ND",
"Población_de_15_a_24_años",	20408,"Santa_María_del_Rosario","2020","55","30","25","8","ND","55","ND","ND","ND","ND","ND","ND","ND","ND","50","5","ND","1","ND",
"Población_de_15_a_24_años",	20409,"Santa_María_del_Tule","2020","1,309","649","660","69","50","1,300","9","9","ND","ND","ND","ND","ND","ND","1,267","40","1","41","ND",
"Población_de_15_a_24_años",	20410,"Santa_María_Ecatepec","2020","555","280","275","167","77","555","ND","ND","ND","ND","ND","ND","ND","ND","549","6","ND","17","ND",
"Población_de_15_a_24_años",	20411,"Santa_María_Guelacé","2020","138","62","76","4","2","135","3","3","ND","ND","ND","ND","ND","ND","131","7","ND","7","ND",
"Población_de_15_a_24_años",	20412,"Santa_María_Guienagati","2020","503","231","272","30","16","502","1","1","ND","ND","ND","ND","ND","ND","488","15","ND","27","ND",
"Población_de_15_a_24_años",	20413,"Santa_María_Huatulco","2020","9,184","4,491","4,693","344","450","9,107","72","62","ND","ND","10","ND","5","11","8,723","429","25","184","ND",
"Población_de_15_a_24_años",	20414,"Santa_María_Huazolotitlán","2020","1,692","833","859","333","1,004","1,668","23","23","ND","ND","ND","ND","1","ND","1,624","62","5","46","ND",
"Población_de_15_a_24_años",	20415,"Santa_María_Ipalapa","2020","798","361","437","35","187","781","17","17","ND","ND","ND","ND","ND","ND","782","15","1","13","ND",
"Población_de_15_a_24_años",	20416,"Santa_María_Ixcatlán","2020","57","28","29","ND","ND","57","ND","ND","ND","ND","ND","ND","ND","ND","54","3","ND","4","ND",
"Población_de_15_a_24_años",	20417,"Santa_María_Jacatepec","2020","1,520","711","809","792","22","1,510","8","8","ND","ND","ND","ND","2","1","1,483","36","1","51","ND",
"Población_de_15_a_24_años",	20418,"Santa_María_Jalapa_del_Marqués","2020","1,717","853","864","26","21","1,702","15","15","ND","ND","ND","ND","ND","3","1,670","44","3","28","ND",
"Población_de_15_a_24_años",	20419,"Santa_María_Jaltianguis","2020","81","38","43","14","6","74","7","7","ND","ND","ND","ND","ND","1","79","1","1","1","ND",
"Población_de_15_a_24_años",	20420,"Santa_María_Lachixío","2020","329","161","168","283","5","325","4","4","ND","ND","ND","ND","ND","ND","321","7","1","4","ND",
"Población_de_15_a_24_años",	20421,"Santa_María_Mixtequilla","2020","628","307","321","4","7","623","5","5","ND","ND","ND","ND","ND","ND","589","39","ND","9","ND",
"Población_de_15_a_24_años",	20422,"Santa_María_Nativitas","2020","85","39","46","16","ND","85","ND","ND","ND","ND","ND","ND","ND","ND","83","2","ND","4","ND",
"Población_de_15_a_24_años",	20423,"Santa_María_Nduayaco","2020","53","29","24","ND","ND","53","ND","ND","ND","ND","ND","ND","ND","ND","50","3","ND","2","ND",
"Población_de_15_a_24_años",	20424,"Santa_María_Ozolotepec","2020","702","357","345","100","ND","702","ND","ND","ND","ND","ND","ND","ND","ND","695","7","ND","14","ND",
"Población_de_15_a_24_años",	20425,"Santa_María_Pápalo","2020","302","147","155","250","3","302","ND","ND","ND","ND","ND","ND","ND","ND","294","8","ND","13","ND",
"Población_de_15_a_24_años",	20426,"Santa_María_Peñoles","2020","1,770","903","867","1,563","57","1,766","4","4","ND","ND","ND","ND","ND","1","1,748","20","2","39","ND",
"Población_de_15_a_24_años",	20427,"Santa_María_Petapa","2020","2,336","1,162","1,174","172","96","2,312","15","14","ND","ND","1","ND","9","1","2,226","104","1","54","ND",
"Población_de_15_a_24_años",	20428,"Santa_María_Quiegolani","2020","418","210","208","361","ND","418","ND","ND","ND","ND","ND","ND","ND","ND","416","1","ND","14","ND",
"Población_de_15_a_24_años",	20429,"Santa_María_Sola","2020","224","113","111","13","ND","218","6","6","ND","ND","ND","ND","ND","1","212","9","3","4","ND",
"Población_de_15_a_24_años",	20430,"Santa_María_Tataltepec","2020","46","21","25","2","ND","46","ND","ND","ND","ND","ND","ND","ND","ND","45","1","ND","2","ND",
"Población_de_15_a_24_años",	20431,"Santa_María_Tecomavaca","2020","290","139","151","37","4","283","7","7","ND","ND","ND","ND","ND","ND","272","18","ND","8","ND",
"Población_de_15_a_24_años",	20432,"Santa_María_Temaxcalapa","2020","116","50","66","111","1","116","ND","ND","ND","ND","ND","ND","ND","ND","116","ND","ND","3","ND",
"Población_de_15_a_24_años",	20433,"Santa_María_Temaxcaltepec","2020","503","232","271","461","174","503","ND","ND","ND","ND","ND","ND","ND","4","497","2","4","9","ND",
"Población_de_15_a_24_años",	20434,"Santa_María_Teopoxco","2020","517","236","281","496","8","517","ND","ND","ND","ND","ND","ND","ND","ND","499","18","ND","16","ND",
"Población_de_15_a_24_años",	20435,"Santa_María_Tepantlali","2020","656","321","335","630","10","656","ND","ND","ND","ND","ND","ND","ND","ND","645","11","ND","40","ND",
"Población_de_15_a_24_años",	20436,"Santa_María_Texcatitlán","2020","80","42","38","74","ND","80","ND","ND","ND","ND","ND","ND","ND","ND","74","6","ND","ND","ND",
"Población_de_15_a_24_años",	20437,"Santa_María_Tlahuitoltepec","2020","1,647","850","797","1,545","3","1,644","2","2","ND","ND","ND","ND","1","ND","1,616","30","ND","41","ND",
"Población_de_15_a_24_años",	20438,"Santa_María_Tlalixtac","2020","282","139","143","45","23","282","ND","ND","ND","ND","ND","ND","ND","1","274","7","1","5","ND",
"Población_de_15_a_24_años",	20439,"Santa_María_Tonameca","2020","4,484","2,175","2,309","1,572","153","4,448","35","35","ND","ND","ND","ND","1","6","4,440","35","9","84","ND",
"Población_de_15_a_24_años",	20440,"Santa_María_Totolapilla","2020","97","46","51","18","15","97","ND","ND","ND","ND","ND","ND","ND","ND","95","2","ND","4","ND",
"Población_de_15_a_24_años",	20441,"Santa_María_Xadani","2020","1,610","800","810","1,503","118","1,607","2","1","1","ND","ND","ND","1","ND","1,513","95","2","38","ND",
"Población_de_15_a_24_años",	20442,"Santa_María_Yalina","2020","43","27","16","16","ND","43","ND","ND","ND","ND","ND","ND","ND","ND","43","ND","ND","1","ND",
"Población_de_15_a_24_años",	20443,"Santa_María_Yavesía","2020","55","27","28","7","ND","55","ND","ND","ND","ND","ND","ND","ND","ND","54","1","ND","ND","ND",
"Población_de_15_a_24_años",	20444,"Santa_María_Yolotepec","2020","61","30","31","10","ND","59","2","2","ND","ND","ND","ND","ND","ND","59","2","ND","1","ND",
"Población_de_15_a_24_años",	20445,"Santa_María_Yosoyúa","2020","335","168","167","280","3","329","6","6","ND","ND","ND","ND","ND","ND","325","10","ND","6","ND",
"Población_de_15_a_24_años",	20446,"Santa_María_Yucuhiti","2020","857","410","447","773","76","845","12","11","ND","ND","1","ND","ND","ND","836","21","ND","47","ND",
"Población_de_15_a_24_años",	20447,"Santa_María_Zacatepec","2020","2,874","1,369","1,505","695","149","2,780","94","94","ND","ND","ND","ND","ND","6","2,811","50","13","101","ND",
"Población_de_15_a_24_años",	20448,"Santa_María_Zaniza","2020","514","237","277","34","2","514","ND","ND","ND","ND","ND","ND","ND","ND","513","1","ND","4","ND",
"Población_de_15_a_24_años",	20449,"Santa_María_Zoquitlán","2020","427","221","206","3","ND","411","16","16","ND","ND","ND","ND","ND","ND","425","2","ND","10","ND",
"Población_de_15_a_24_años",	20450,"Santiago_Amoltepec","2020","2,848","1,416","1,432","1,436","17","2,846","2","1","ND","ND","1","ND","ND","5","2,826","17","5","60","ND",
"Población_de_15_a_24_años",	20451,"Santiago_Apoala","2020","92","47","45","78","2","92","ND","ND","ND","ND","ND","ND","ND","ND","91","1","ND","ND","ND",
"Población_de_15_a_24_años",	20452,"Santiago_Apóstol","2020","708","331","377","338","2","704","4","4","ND","ND","ND","ND","ND","ND","707","1","ND","12","ND",
"Población_de_15_a_24_años",	20453,"Santiago_Astata","2020","539","276","263","14","4","536","3","3","ND","ND","ND","ND","ND","3","505","31","3","10","ND",
"Población_de_15_a_24_años",	20454,"Santiago_Atitlán","2020","716","351","365","699","2","716","ND","ND","ND","ND","ND","ND","ND","ND","702","14","ND","19","ND",
"Población_de_15_a_24_años",	20455,"Santiago_Ayuquililla","2020","459","227","232","3","2","458","1","1","ND","ND","ND","ND","ND","ND","444","15","ND","10","ND",
"Población_de_15_a_24_años",	20456,"Santiago_Cacaloxtepec","2020","234","111","123","7","41","232","2","2","ND","ND","ND","ND","ND","ND","221","13","ND","9","ND",
"Población_de_15_a_24_años",	20457,"Santiago_Camotlán","2020","641","334","307","523","2","640","1","1","ND","ND","ND","ND","ND","ND","631","9","1","31","ND",
"Población_de_15_a_24_años",	20458,"Santiago_Comaltepec","2020","142","69","73","112","1","134","8","8","ND","ND","ND","ND","ND","ND","139","3","ND","3","ND",
"Población_de_15_a_24_años",	20459,"Santiago_Chazumba","2020","642","325","317","22","10","635","6","6","ND","ND","ND","ND","1","1","583","57","1","11","ND",
"Población_de_15_a_24_años",	20460,"Santiago_Choápam","2020","864","406","458","369","8","847","10","10","ND","ND","ND","ND","7","1","846","15","1","19","ND",
"Población_de_15_a_24_años",	20461,"Santiago_del_Río","2020","57","28","29","18","ND","57","ND","ND","ND","ND","ND","ND","ND","ND","56","1","ND","3","ND",
"Población_de_15_a_24_años",	20462,"Santiago_Huajolotitlán","2020","722","380","342","2","34","713","9","9","ND","ND","ND","ND","ND","1","679","40","3","10","ND",
"Población_de_15_a_24_años",	20463,"Santiago_Huauclilla","2020","57","26","31","ND","ND","57","ND","ND","ND","ND","ND","ND","ND","ND","56","1","ND","1","ND",
"Población_de_15_a_24_años",	20464,"Santiago_Ihuitlán_Plumas","2020","41","20","21","ND","ND","40","ND","ND","ND","ND","ND","ND","1","ND","35","5","ND","2","ND",
"Población_de_15_a_24_años",	20465,"Santiago_Ixcuintepec","2020","280","133","147","171","1","280","ND","ND","ND","ND","ND","ND","ND","ND","272","8","ND","14","ND",
"Población_de_15_a_24_años",	20466,"Santiago_Ixtayutla","2020","2,931","1,416","1,515","2,543","133","2,923","6","6","ND","ND","ND","ND","2","ND","2,923","5","1","43","ND",
"Población_de_15_a_24_años",	20467,"Santiago_Jamiltepec","2020","2,943","1,470","1,473","454","856","2,901","42","42","ND","ND","ND","ND","ND","4","2,866","69","8","89","ND",
"Población_de_15_a_24_años",	20468,"Santiago_Jocotepec","2020","2,314","1,138","1,176","1,501","4","2,303","11","11","ND","ND","ND","ND","ND","1","2,270","38","5","83","ND",
"Población_de_15_a_24_años",	20469,"Santiago_Juxtlahuaca","2020","6,015","2,843","3,172","3,871","93","5,908","103","102","ND","ND","1","ND","4","27","5,855","112","47","121","1",
"Población_de_15_a_24_años",	20470,"Santiago_Lachiguiri","2020","565","268","297","131","4","561","1","1","ND","ND","ND","ND","3","1","550","11","1","13","ND",
"Población_de_15_a_24_años",	20471,"Santiago_Lalopa","2020","89","38","51","81","ND","89","ND","ND","ND","ND","ND","ND","ND","ND","88","1","ND","ND","ND",
"Población_de_15_a_24_años",	20472,"Santiago_Laollaga","2020","456","233","223","20","54","453","2","2","ND","ND","ND","ND","1","ND","432","22","2","8","ND",
"Población_de_15_a_24_años",	20473,"Santiago_Laxopa","2020","177","94","83","135","ND","177","ND","ND","ND","ND","ND","ND","ND","ND","175","2","ND","3","ND",
"Población_de_15_a_24_años",	20474,"Santiago_Llano_Grande","2020","450","231","219","17","426","442","8","8","ND","ND","ND","ND","ND","1","424","25","1","22","ND",
"Población_de_15_a_24_años",	20475,"Santiago_Matatlán","2020","1,585","746","839","1,197","8","1,510","73","73","ND","ND","ND","ND","2","4","1,538","33","12","47","ND",
"Población_de_15_a_24_años",	20476,"Santiago_Miltepec","2020","59","34","25","ND","1","59","ND","ND","ND","ND","ND","ND","ND","ND","56","3","ND","3","ND",
"Población_de_15_a_24_años",	20477,"Santiago_Minas","2020","183","80","103","15","7","177","6","6","ND","ND","ND","ND","ND","ND","182","1","ND","5","ND",
"Población_de_15_a_24_años",	20478,"Santiago_Nacaltepec","2020","167","76","91","ND","3","165","2","2","ND","ND","ND","ND","ND","ND","165","2","ND","7","ND",
"Población_de_15_a_24_años",	20479,"Santiago_Nejapilla","2020","13","5","8","ND","ND","13","ND","ND","ND","ND","ND","ND","ND","ND","13","ND","ND","ND","ND",
"Población_de_15_a_24_años",	20480,"Santiago_Nundiche","2020","202","97","105","183","1","201","1","1","ND","ND","ND","ND","ND","ND","195","7","ND","3","ND",
"Población_de_15_a_24_años",	20481,"Santiago_Nuyoó","2020","190","108","82","164","1","189","1","1","ND","ND","ND","ND","ND","ND","186","4","ND","10","ND",
"Población_de_15_a_24_años",	20482,"Santiago_Pinotepa_Nacional","2020","9,247","4,602","4,645","977","3,895","9,157","83","77","ND","ND","6","ND","7","6","8,943","290","8","229","ND",
"Población_de_15_a_24_años",	20483,"Santiago_Suchilquitongo","2020","1,785","872","913","17","25","1,777","8","8","ND","ND","ND","ND","ND","ND","1,764","21","ND","31","ND",
"Población_de_15_a_24_años",	20484,"Santiago_Tamazola","2020","738","343","395","13","2","714","24","23","ND","ND","1","ND","ND","2","709","25","4","29","ND",
"Población_de_15_a_24_años",	20485,"Santiago_Tapextla","2020","445","236","209","10","411","435","10","10","ND","ND","ND","ND","ND","1","413","31","1","7","ND",
"Población_de_15_a_24_años",	20486,"Villa_Tejúpam_de_la_Unión","2020","383","205","178","ND","34","382","1","1","ND","ND","ND","ND","ND","ND","374","9","ND","11","ND",
"Población_de_15_a_24_años",	20487,"Santiago_Tenango","2020","302","163","139","2","6","302","ND","ND","ND","ND","ND","ND","ND","ND","299","3","ND","9","ND",
"Población_de_15_a_24_años",	20488,"Santiago_Tepetlapa","2020","16","6","10","ND","ND","16","ND","ND","ND","ND","ND","ND","ND","ND","13","3","ND","ND","ND",
"Población_de_15_a_24_años",	20489,"Santiago_Tetepec","2020","818","402","416","181","65","815","3","3","ND","ND","ND","ND","ND","2","798","18","2","21","ND",
"Población_de_15_a_24_años",	20490,"Santiago_Texcalcingo","2020","539","237","302","517","ND","539","ND","ND","ND","ND","ND","ND","ND","ND","520","18","ND","12","ND",
"Población_de_15_a_24_años",	20491,"Santiago_Textitlán","2020","1,080","521","559","258","ND","1,078","1","1","ND","ND","ND","ND","1","ND","1,070","10","ND","20","ND",
"Población_de_15_a_24_años",	20492,"Santiago_Tilantongo","2020","321","154","167","70","2","320","1","1","ND","ND","ND","ND","ND","ND","319","2","ND","13","ND",
"Población_de_15_a_24_años",	20493,"Santiago_Tillo","2020","68","36","32","ND","ND","66","2","2","ND","ND","ND","ND","ND","ND","61","7","ND","2","ND",
"Población_de_15_a_24_años",	20494,"Santiago_Tlazoyaltepec","2020","1,266","595","671","938","15","1,264","2","2","ND","ND","ND","ND","ND","7","1,233","25","7","35","ND",
"Población_de_15_a_24_años",	20495,"Santiago_Xanica","2020","488","248","240","149","28","487","1","1","ND","ND","ND","ND","ND","ND","485","3","ND","15","ND",
"Población_de_15_a_24_años",	20496,"Santiago_Xiacuí","2020","294","153","141","36","1","292","2","2","ND","ND","ND","ND","ND","ND","290","4","ND","11","ND",
"Población_de_15_a_24_años",	20497,"Santiago_Yaitepec","2020","731","317","414","710","55","721","10","10","ND","ND","ND","ND","ND","7","723","1","7","7","ND",
"Población_de_15_a_24_años",	20498,"Santiago_Yaveo","2020","1,192","575","617","183","9","1,181","11","10","1","ND","ND","ND","ND","ND","1,109","81","2","32","ND",
"Población_de_15_a_24_años",	20499,"Santiago_Yolomécatl","2020","296","140","156","5","4","294","2","2","ND","ND","ND","ND","ND","ND","291","5","ND","6","ND",
"Población_de_15_a_24_años",	20500,"Santiago_Yosondúa","2020","1,096","552","544","90","9","1,085","11","11","ND","ND","ND","ND","ND","1","1,051","44","1","39","ND",
"Población_de_15_a_24_años",	20501,"Santiago_Yucuyachi","2020","124","63","61","2","ND","116","8","8","ND","ND","ND","ND","ND","ND","117","7","ND","5","ND",
"Población_de_15_a_24_años",	20502,"Santiago_Zacatepec","2020","718","346","372","684","8","718","ND","ND","ND","ND","ND","ND","ND","ND","700","16","ND","23","ND",
"Población_de_15_a_24_años",	20503,"Santiago_Zoochila","2020","46","16","30","4","ND","44","2","2","ND","ND","ND","ND","ND","ND","46","ND","ND","4","ND",
"Población_de_15_a_24_años",	20504,"Nuevo_Zoquiápam","2020","283","144","139","25","19","275","8","8","ND","ND","ND","ND","ND","ND","278","5","ND","9","ND",
"Población_de_15_a_24_años",	20505,"Santo_Domingo_Ingenio","2020","1,006","542","464","4","11","1,004","2","2","ND","ND","ND","ND","ND","ND","982","23","1","27","ND",
"Población_de_15_a_24_años",	20506,"Santo_Domingo_Albarradas","2020","109","56","53","63","10","109","ND","ND","ND","ND","ND","ND","ND","ND","102","7","ND","2","ND",
"Población_de_15_a_24_años",	20507,"Santo_Domingo_Armenta","2020","440","222","218","1","412","424","16","16","ND","ND","ND","ND","ND","ND","402","38","ND","12","ND",
"Población_de_15_a_24_años",	20508,"Santo_Domingo_Chihuitán","2020","209","97","112","11","ND","209","ND","ND","ND","ND","ND","ND","ND","ND","192","17","ND","7","ND",
"Población_de_15_a_24_años",	20509,"Santo_Domingo_de_Morelos","2020","2,154","1,016","1,138","1,826","81","2,147","7","7","ND","ND","ND","ND","ND","1","2,136","17","1","56","ND",
"Población_de_15_a_24_años",	20510,"Santo_Domingo_Ixcatlán","2020","107","49","58","27","ND","105","2","2","ND","ND","ND","ND","ND","ND","101","6","ND","2","ND",
"Población_de_15_a_24_años",	20511,"Santo_Domingo_Nuxaá","2020","514","258","256","142","9","514","ND","ND","ND","ND","ND","ND","ND","ND","505","9","ND","16","ND",
"Población_de_15_a_24_años",	20512,"Santo_Domingo_Ozolotepec","2020","198","91","107","17","ND","197","1","1","ND","ND","ND","ND","ND","ND","198","ND","ND","3","ND",
"Población_de_15_a_24_años",	20513,"Santo_Domingo_Petapa","2020","1,404","684","720","108","27","1,402","2","2","ND","ND","ND","ND","ND","1","1,349","54","1","58","ND",
"Población_de_15_a_24_años",	20514,"Santo_Domingo_Roayaga","2020","173","84","89","166","3","173","ND","ND","ND","ND","ND","ND","ND","ND","173","ND","ND","5","ND",
"Población_de_15_a_24_años",	20515,"Santo_Domingo_Tehuantepec","2020","10,492","5,233","5,259","353","173","10,453","34","23","1","ND","10","ND","5","4","10,171","306","11","257","ND",
"Población_de_15_a_24_años",	20516,"Santo_Domingo_Teojomulco","2020","949","464","485","13","6","941","8","8","ND","ND","ND","ND","ND","3","934","9","6","26","ND",
"Población_de_15_a_24_años",	20517,"Santo_Domingo_Tepuxtepec","2020","1,070","518","552","1,030","5","1,069","1","1","ND","ND","ND","ND","ND","1","1,033","36","1","18","ND",
"Población_de_15_a_24_años",	20518,"Santo_Domingo_Tlatayápam","2020","14","8","6","ND","ND","14","ND","ND","ND","ND","ND","ND","ND","ND","14","ND","ND","1","ND",
"Población_de_15_a_24_años",	20519,"Santo_Domingo_Tomaltepec","2020","503","247","256","26","6","497","6","6","ND","ND","ND","ND","ND","ND","497","6","ND","5","ND",
"Población_de_15_a_24_años",	20520,"Santo_Domingo_Tonalá","2020","1,265","614","651","275","11","1,210","54","54","ND","ND","ND","ND","1","5","1,204","51","10","44","ND",
"Población_de_15_a_24_años",	20521,"Santo_Domingo_Tonaltepec","2020","32","14","18","4","ND","32","ND","ND","ND","ND","ND","ND","ND","ND","32","ND","ND","3","ND",
"Población_de_15_a_24_años",	20522,"Santo_Domingo_Xagacía","2020","148","71","77","109","ND","148","ND","ND","ND","ND","ND","ND","ND","ND","137","11","ND","3","ND",
"Población_de_15_a_24_años",	20523,"Santo_Domingo_Yanhuitlán","2020","173","89","84","2","21","171","2","2","ND","ND","ND","ND","ND","ND","170","3","ND","7","ND",
"Población_de_15_a_24_años",	20524,"Santo_Domingo_Yodohino","2020","42","26","16","ND","ND","42","ND","ND","ND","ND","ND","ND","ND","ND","41","1","ND","ND","ND",
"Población_de_15_a_24_años",	20525,"Santo_Domingo_Zanatepec","2020","1,772","863","909","9","19","1,763","9","7","ND","ND","2","ND","ND","1","1,661","108","3","44","ND",
"Población_de_15_a_24_años",	20526,"Santos_Reyes_Nopala","2020","2,915","1,360","1,555","1,400","177","2,906","9","9","ND","ND","ND","ND","ND","1","2,871","42","2","67","ND",
"Población_de_15_a_24_años",	20527,"Santos_Reyes_Pápalo","2020","424","206","218","360","60","424","ND","ND","ND","ND","ND","ND","ND","ND","417","7","ND","8","ND",
"Población_de_15_a_24_años",	20528,"Santos_Reyes_Tepejillo","2020","76","31","45","48","ND","63","13","13","ND","ND","ND","ND","ND","1","66","7","3","3","ND",
"Población_de_15_a_24_años",	20529,"Santos_Reyes_Yucuná","2020","368","182","186","350","ND","368","ND","ND","ND","ND","ND","ND","ND","ND","358","10","ND","5","ND",
"Población_de_15_a_24_años",	20530,"Santo_Tomás_Jalieza","2020","752","342","410","20","1","746","6","6","ND","ND","ND","ND","ND","1","742","8","2","15","ND",
"Población_de_15_a_24_años",	20531,"Santo_Tomás_Mazaltepec","2020","410","194","216","82","1","403","7","7","ND","ND","ND","ND","ND","ND","400","10","ND","9","ND",
"Población_de_15_a_24_años",	20532,"Santo_Tomás_Ocotepec","2020","584","268","316","547","7","584","ND","ND","ND","ND","ND","ND","ND","ND","582","2","ND","13","ND",
"Población_de_15_a_24_años",	20533,"Santo_Tomás_Tamazulapan","2020","451","211","240","68","12","447","4","4","ND","ND","ND","ND","ND","ND","428","23","ND","12","ND",
"Población_de_15_a_24_años",	20534,"San_Vicente_Coatlán","2020","628","277","351","581","3","622","6","6","ND","ND","ND","ND","ND","11","606","9","13","13","ND",
"Población_de_15_a_24_años",	20535,"San_Vicente_Lachixío","2020","589","279","310","571","2","586","2","2","ND","ND","ND","ND","1","1","576","12","1","10","ND",
"Población_de_15_a_24_años",	20536,"San_Vicente_Nuñú","2020","50","23","27","3","2","50","ND","ND","ND","ND","ND","ND","ND","ND","46","4","ND","1","ND",
"Población_de_15_a_24_años",	20537,"Silacayoápam","2020","985","483","502","80","3","954","31","29","ND","ND","2","ND","ND","5","930","45","10","21","ND",
"Población_de_15_a_24_años",	20538,"Sitio_de_Xitlapehua","2020","127","66","61","3","3","127","ND","ND","ND","ND","ND","ND","ND","1","117","9","1","5","ND",
"Población_de_15_a_24_años",	20539,"Soledad_Etla","2020","1,083","552","531","20","19","1,072","11","11","ND","ND","ND","ND","ND","4","1,051","25","7","15","ND",
"Población_de_15_a_24_años",	20540,"Villa_de_Tamazulápam_del_Progreso","2020","1,504","569","935","60","366","1,497","7","6","ND","ND","1","ND","ND","ND","1,392","112","ND","25","ND",
"Población_de_15_a_24_años",	20541,"Tanetze_de_Zaragoza","2020","255","151","104","207","2","255","ND","ND","ND","ND","ND","ND","ND","ND","250","5","ND","3","ND",
"Población_de_15_a_24_años",	20542,"Taniche","2020","135","58","77","1","ND","131","4","4","ND","ND","ND","ND","ND","ND","127","8","ND","1","ND",
"Población_de_15_a_24_años",	20543,"Tataltepec_de_Valdés","2020","1,238","615","623","650","13","1,234","4","4","ND","ND","ND","ND","ND","2","1,227","9","2","29","ND",
"Población_de_15_a_24_años",	20544,"Teococuilco_de_Marcos_Pérez","2020","123","55","68","56","6","122","1","1","ND","ND","ND","ND","ND","2","121","ND","2","3","ND",
"Población_de_15_a_24_años",	20545,"Teotitlán_de_Flores_Magón","2020","1,707","854","853","150","69","1,704","3","3","ND","ND","ND","ND","ND","ND","1,622","85","ND","33","ND",
"Población_de_15_a_24_años",	20546,"Teotitlán_del_Valle","2020","930","474","456","449","36","917","13","13","ND","ND","ND","ND","ND","3","906","20","4","12","ND",
"Población_de_15_a_24_años",	20547,"Teotongo","2020","133","59","74","1","1","127","6","6","ND","ND","ND","ND","ND","ND","128","5","ND","1","ND",
"Población_de_15_a_24_años",	20548,"Tepelmeme_Villa_de_Morelos","2020","305","137","168","3","ND","305","ND","ND","ND","ND","ND","ND","ND","ND","284","21","ND","11","ND",
"Población_de_15_a_24_años",	20549,"Heroica_Villa_Tezoatlán_de_Segura_y_Luna,_Cuna_de_la_Independencia_de_Oaxaca","2020","1,759","803","956","861","20","1,720","39","39","ND","ND","ND","ND","ND","9","1,712","32","14","71","ND",
"Población_de_15_a_24_años",	20550,"San_Jerónimo_Tlacochahuaya","2020","863","410","453","87","24","841","22","22","ND","ND","ND","ND","ND","ND","845","16","2","29","ND",
"Población_de_15_a_24_años",	20551,"Tlacolula_de_Matamoros","2020","4,573","2,198","2,375","624","133","4,530","37","35","ND","ND","2","ND","6","4","4,360","197","9","119","ND",
"Población_de_15_a_24_años",	20552,"Tlacotepec_Plumas","2020","59","26","33","11","ND","59","ND","ND","ND","ND","ND","ND","ND","ND","56","3","ND","2","ND",
"Población_de_15_a_24_años",	20553,"Tlalixtac_de_Cabrera","2020","2,017","979","1,038","50","25","2,000","17","16","1","ND","ND","ND","ND","3","1,970","42","5","26","ND",
"Población_de_15_a_24_años",	20554,"Totontepec_Villa_de_Morelos","2020","843","408","435","619","1","836","7","7","ND","ND","ND","ND","ND","1","831","10","1","28","ND",
"Población_de_15_a_24_años",	20555,"Trinidad_Zaachila","2020","533","256","277","7","5","526","7","7","ND","ND","ND","ND","ND","ND","515","18","ND","7","ND",
"Población_de_15_a_24_años",	20556,"La_Trinidad_Vista_Hermosa","2020","36","19","17","3","ND","36","ND","ND","ND","ND","ND","ND","ND","ND","30","6","ND","2","ND",
"Población_de_15_a_24_años",	20557,"Unión_Hidalgo","2020","2,173","1,072","1,101","370","11","2,172","1","1","ND","ND","ND","ND","ND","ND","2,106","67","ND","44","ND",
"Población_de_15_a_24_años",	20558,"Valerio_Trujano","2020","212","92","120","11","102","212","ND","ND","ND","ND","ND","ND","ND","ND","207","5","ND","8","ND",
"Población_de_15_a_24_años",	20559,"San_Juan_Bautista_Valle_Nacional","2020","3,637","1,685","1,952","1,715","135","3,613","22","22","ND","ND","ND","ND","2","4","3,537","95","4","92","ND",
"Población_de_15_a_24_años",	20560,"Villa_Díaz_Ordaz","2020","885","398","487","649","2","873","12","12","ND","ND","ND","ND","ND","2","874","8","3","19","ND",
"Población_de_15_a_24_años",	20561,"Yaxe","2020","572","295","277","7","4","571","1","1","ND","ND","ND","ND","ND","1","567","4","1","9","ND",
"Población_de_15_a_24_años",	20562,"Magdalena_Yodocono_de_Porfirio_Díaz","2020","286","144","142","5","1","286","ND","ND","ND","ND","ND","ND","ND","ND","266","20","ND","9","ND",
"Población_de_15_a_24_años",	20563,"Yogana","2020","164","81","83","ND","ND","155","9","9","ND","ND","ND","ND","ND","ND","161","2","1","4","ND",
"Población_de_15_a_24_años",	20564,"Yutanduchi_de_Guerrero","2020","147","73","74","98","ND","147","ND","ND","ND","ND","ND","ND","ND","1","142","4","1","11","ND",
"Población_de_15_a_24_años",	20565,"Villa_de_Zaachila","2020","8,200","4,022","4,178","586","199","8,126","71","68","2","ND","1","ND","3","5","8,030","155","12","173","ND",
"Población_de_15_a_24_años",	20566,"San_Mateo_Yucutindoo","2020","530","263","267","9","12","530","ND","ND","ND","ND","ND","ND","ND","1","525","4","1","10","ND",
"Población_de_15_a_24_años",	20567,"Zapotitlán_Lagunas","2020","529","269","260","3","1","514","15","15","ND","ND","ND","ND","ND","3","506","19","4","23","ND",
"Población_de_15_a_24_años",	20568,"Zapotitlán_Palmas","2020","267","118","149","3","ND","265","2","2","ND","ND","ND","ND","ND","ND","261","6","ND","9","ND",
"Población_de_15_a_24_años",	20569,"Santa_Inés_de_Zaragoza","2020","154","71","83","9","2","154","ND","ND","ND","ND","ND","ND","ND","ND","148","6","ND","2","ND",
"Población_de_15_a_24_años",	20570,"Zimatlán_de_Álvarez","2020","3,691","1,833","1,858","69","92","3,631","58","53","2","ND","3","ND","2","5","3,601","78","11","72","ND",
"Población_de_15_a_24_años",	21,"Puebla","2020","1,177,846","585,201","592,645","94,103","21,207","1,169,262","7,899","6,565","57","263","1,006","8","685","767","1,132,732","41,668","1,987","22,521","ND",
"Población_de_15_a_24_años",	21001,"Acajete","2020","13,984","6,870","7,114","492","44","13,817","165","164","ND","ND","1","ND","2","5","13,704","266","11","259","ND",
"Población_de_15_a_24_años",	21002,"Acateno","2020","1,503","753","750","16","5","1,500","3","3","ND","ND","ND","ND","ND","1","1,443","58","2","42","ND",
"Población_de_15_a_24_años",	21003,"Acatlán","2020","6,171","2,997","3,174","27","97","6,020","149","148","ND","ND","1","ND","2","6","6,022","130","11","190","ND",
"Población_de_15_a_24_años",	21004,"Acatzingo","2020","12,669","6,313","6,356","17","70","12,621","47","46","ND","ND","1","ND","1","2","12,528","137","4","184","ND",
"Población_de_15_a_24_años",	21005,"Acteopan","2020","510","248","262","69","44","507","3","3","ND","ND","ND","ND","ND","ND","504","6","ND","15","ND",
"Población_de_15_a_24_años",	21006,"Ahuacatlán","2020","2,617","1,214","1,403","2,141","264","2,611","5","5","ND","ND","ND","ND","1","ND","2,590","26","ND","32","ND",
"Población_de_15_a_24_años",	21007,"Ahuatlán","2020","401","203","198","1","ND","396","5","5","ND","ND","ND","ND","ND","1","394","6","1","7","ND",
"Población_de_15_a_24_años",	21008,"Ahuazotepec","2020","1,956","973","983","10","2","1,950","6","5","ND","ND","1","ND","ND","1","1,825","128","3","45","ND",
"Población_de_15_a_24_años",	21009,"Ahuehuetitla","2020","310","165","145","ND","2","299","11","11","ND","ND","ND","ND","ND","ND","297","12","1","7","ND",
"Población_de_15_a_24_años",	21010,"Ajalpan","2020","15,356","7,631","7,725","6,964","179","15,318","34","33","ND","ND","ND","1","4","6","15,151","189","9","228","ND",
"Población_de_15_a_24_años",	21011,"Albino_Zertuche","2020","282","133","149","ND","ND","274","8","8","ND","ND","ND","ND","ND","ND","270","9","3","4","ND",
"Población_de_15_a_24_años",	21012,"Aljojuca","2020","1,030","491","539","1","1","1,004","26","26","ND","ND","ND","ND","ND","2","1,003","25","2","25","ND",
"Población_de_15_a_24_años",	21013,"Altepexi","2020","3,965","1,988","1,977","956","38","3,962","3","3","ND","ND","ND","ND","ND","1","3,920","42","3","63","ND",
"Población_de_15_a_24_años",	21014,"Amixtlán","2020","867","426","441","481","7","866","1","1","ND","ND","ND","ND","ND","ND","854","13","ND","23","ND",
"Población_de_15_a_24_años",	21015,"Amozoc","2020","23,827","11,929","11,898","271","748","23,764","56","48","ND","ND","8","ND","7","7","23,270","537","14","394","ND",
"Población_de_15_a_24_años",	21016,"Aquixtla","2020","1,513","779","734","38","14","1,511","2","2","ND","ND","ND","ND","ND","2","1,454","57","2","42","ND",
"Población_de_15_a_24_años",	21017,"Atempan","2020","5,904","2,880","3,024","911","27","5,899","4","4","ND","ND","ND","ND","1","1","5,823","77","3","95","ND",
"Población_de_15_a_24_años",	21018,"Atexcal","2020","598","288","310","6","20","598","ND","ND","ND","ND","ND","ND","ND","ND","575","23","ND","16","ND",
"Población_de_15_a_24_años",	21019,"Atlixco","2020","24,948","12,491","12,457","173","219","24,453","464","447","ND","ND","17","ND","31","25","24,392","453","72","454","ND",
"Población_de_15_a_24_años",	21020,"Atoyatempan","2020","1,466","725","741","7","157","1,461","5","5","ND","ND","ND","ND","ND","ND","1,461","5","ND","32","ND",
"Población_de_15_a_24_años",	21021,"Atzala","2020","273","144","129","ND","16","264","9","9","ND","ND","ND","ND","ND","1","264","7","2","7","ND",
"Población_de_15_a_24_años",	21022,"Atzitzihuacán","2020","2,217","1,067","1,150","4","25","2,167","50","50","ND","ND","ND","ND","ND","2","2,171","42","3","41","ND",
"Población_de_15_a_24_años",	21023,"Atzitzintla","2020","1,693","849","844","2","8","1,686","7","7","ND","ND","ND","ND","ND","4","1,661","28","4","40","ND",
"Población_de_15_a_24_años",	21024,"Axutla","2020","147","77","70","2","ND","138","9","9","ND","ND","ND","ND","ND","ND","142","4","1","1","ND",
"Población_de_15_a_24_años",	21025,"Ayotoxco_de_Guerrero","2020","1,309","630","679","157","36","1,305","4","4","ND","ND","ND","ND","ND","2","1,274","33","2","32","ND",
"Población_de_15_a_24_años",	21026,"Calpan","2020","2,759","1,359","1,400","91","249","2,688","71","70","ND","ND","1","ND","ND","4","2,699","54","6","70","ND",
"Población_de_15_a_24_años",	21027,"Caltepec","2020","568","265","303","10","1","568","ND","ND","ND","ND","ND","ND","ND","ND","550","18","ND","27","ND",
"Población_de_15_a_24_años",	21028,"Camocuautla","2020","571","277","294","554","1","571","ND","ND","ND","ND","ND","ND","ND","ND","565","6","ND","4","ND",
"Población_de_15_a_24_años",	21029,"Caxhuacan","2020","621","298","323","495","2","621","ND","ND","ND","ND","ND","ND","ND","ND","608","13","ND","23","ND",
"Población_de_15_a_24_años",	21030,"Coatepec","2020","128","69","59","94","ND","127","1","1","ND","ND","ND","ND","ND","1","127","ND","1","2","ND",
"Población_de_15_a_24_años",	21031,"Coatzingo","2020","419","193","226","ND","2","413","6","6","ND","ND","ND","ND","ND","ND","411","6","2","16","ND",
"Población_de_15_a_24_años",	21032,"Cohetzala","2020","163","91","72","1","ND","162","1","1","ND","ND","ND","ND","ND","1","159","3","1","5","ND",
"Población_de_15_a_24_años",	21033,"Cohuecan","2020","821","384","437","12","10","809","12","12","ND","ND","ND","ND","ND","1","784","36","1","14","ND",
"Población_de_15_a_24_años",	21034,"Coronango","2020","8,366","4,268","4,098","77","66","8,283","79","61","ND","7","11","ND","4","1","8,138","213","13","107","ND",
"Población_de_15_a_24_años",	21035,"Coxcatlán","2020","3,613","1,762","1,851","1,211","19","3,599","14","14","ND","ND","ND","ND","ND","ND","3,534","78","ND","78","ND",
"Población_de_15_a_24_años",	21036,"Coyomeapan","2020","2,639","1,275","1,364","2,515","6","2,636","ND","ND","ND","ND","ND","ND","3","ND","2,622","15","ND","64","ND",
"Población_de_15_a_24_años",	21037,"Coyotepec","2020","335","171","164","3","15","333","2","2","ND","ND","ND","ND","ND","ND","317","18","ND","9","ND",
"Población_de_15_a_24_años",	21038,"Cuapiaxtla_de_Madero","2020","2,002","997","1,005","7","6","2,000","2","2","ND","ND","ND","ND","ND","1","1,975","26","1","28","ND",
"Población_de_15_a_24_años",	21039,"Cuautempan","2020","1,636","789","847","946","19","1,635","1","1","ND","ND","ND","ND","ND","ND","1,596","40","ND","50","ND",
"Población_de_15_a_24_años",	21040,"Cuautinchán","2020","2,397","1,205","1,192","14","19","2,391","6","6","ND","ND","ND","ND","ND","ND","2,360","37","ND","68","ND",
"Población_de_15_a_24_años",	21041,"Cuautlancingo","2020","22,753","11,501","11,252","247","558","22,578","153","86","1","25","41","ND","22","12","21,409","1,262","59","298","ND",
"Población_de_15_a_24_años",	21042,"Cuayuca_de_Andrade","2020","497","252","245","ND","1","493","4","4","ND","ND","ND","ND","ND","ND","482","14","1","9","ND",
"Población_de_15_a_24_años",	21043,"Cuetzalan_del_Progreso","2020","8,825","4,359","4,466","6,165","105","8,819","3","3","ND","ND","ND","ND","3","1","8,725","92","2","159","ND",
"Población_de_15_a_24_años",	21044,"Cuyoaco","2020","2,995","1,506","1,489","38","74","2,984","8","8","ND","ND","ND","ND","3","ND","2,924","70","1","42","ND",
"Población_de_15_a_24_años",	21045,"Chalchicomula_de_Sesma","2020","8,289","4,059","4,230","12","31","8,246","37","36","ND","ND","1","ND","6","ND","8,106","158","6","162","ND",
"Población_de_15_a_24_años",	21046,"Chapulco","2020","1,584","787","797","17","4","1,576","5","5","ND","ND","ND","ND","3","1","1,544","36","1","35","ND",
"Población_de_15_a_24_años",	21047,"Chiautla","2020","3,590","1,816","1,774","5","249","3,500","90","88","ND","ND","2","ND","ND","4","3,526","50","14","77","ND",
"Población_de_15_a_24_años",	21048,"Chiautzingo","2020","4,131","2,051","2,080","34","15","4,079","50","49","1","ND","ND","ND","2","2","4,034","91","5","57","ND",
"Población_de_15_a_24_años",	21049,"Chiconcuautla","2020","3,735","1,855","1,880","2,353","55","3,734","1","1","ND","ND","ND","ND","ND","1","3,672","62","1","76","ND",
"Población_de_15_a_24_años",	21050,"Chichiquila","2020","5,866","2,908","2,958","624","337","5,864","1","1","ND","ND","ND","ND","1","2","5,749","114","2","138","ND",
"Población_de_15_a_24_años",	21051,"Chietla","2020","5,911","2,971","2,940","4","102","5,752","158","157","ND","ND","1","ND","1","12","5,745","137","27","131","ND",
"Población_de_15_a_24_años",	21052,"Chigmecatitlán","2020","185","85","100","68","ND","185","ND","ND","ND","ND","ND","ND","ND","ND","174","11","ND","13","ND",
"Población_de_15_a_24_años",	21053,"Chignahuapan","2020","11,372","5,523","5,849","52","67","11,300","65","64","ND","ND","1","ND","7","12","10,884","463","20","240","ND",
"Población_de_15_a_24_años",	21054,"Chignautla","2020","7,122","3,486","3,636","154","42","7,118","4","4","ND","ND","ND","ND","ND","1","7,004","115","1","137","ND",
"Población_de_15_a_24_años",	21055,"Chila","2020","851","419","432","3","5","849","2","2","ND","ND","ND","ND","ND","ND","832","19","ND","20","ND",
"Población_de_15_a_24_años",	21056,"Chila_de_la_Sal","2020","171","78","93","2","ND","165","6","6","ND","ND","ND","ND","ND","ND","167","4","ND","3","ND",
"Población_de_15_a_24_años",	21057,"Honey","2020","1,086","487","599","38","3","1,072","12","12","ND","ND","ND","ND","2","ND","1,041","45","ND","21","ND",
"Población_de_15_a_24_años",	21058,"Chilchotla","2020","3,857","1,971","1,886","49","175","3,850","7","7","ND","ND","ND","ND","ND","ND","3,749","104","ND","81","ND",
"Población_de_15_a_24_años",	21059,"Chinantla","2020","443","236","207","1","66","426","17","17","ND","ND","ND","ND","ND","ND","430","12","1","16","ND",
"Población_de_15_a_24_años",	21060,"Domingo_Arenas","2020","1,677","818","859","7","23","1,668","9","8","ND","ND","1","ND","ND","1","1,639","36","2","26","ND",
"Población_de_15_a_24_años",	21061,"Eloxochitlán","2020","3,030","1,536","1,494","2,685","30","3,030","ND","ND","ND","ND","ND","ND","ND","ND","2,974","54","ND","83","ND",
"Población_de_15_a_24_años",	21062,"Epatlán","2020","799","423","376","3","12","778","21","21","ND","ND","ND","ND","ND","ND","776","21","2","15","ND",
"Población_de_15_a_24_años",	21063,"Esperanza","2020","2,590","1,265","1,325","2","19","2,568","19","19","ND","ND","ND","ND","3","ND","2,550","36","2","65","ND",
"Población_de_15_a_24_años",	21064,"Francisco_Z._Mena","2020","2,531","1,282","1,249","32","7","2,525","6","4","ND","ND","2","ND","ND","ND","2,360","168","2","57","ND",
"Población_de_15_a_24_años",	21065,"General_Felipe_Ángeles","2020","4,178","2,116","2,062","6","20","4,174","3","3","ND","ND","ND","ND","1","ND","4,068","110","ND","83","ND",
"Población_de_15_a_24_años",	21066,"Guadalupe","2020","1,026","511","515","2","ND","993","33","30","ND","ND","3","ND","ND","ND","1,018","5","3","20","ND",
"Población_de_15_a_24_años",	21067,"Guadalupe_Victoria","2020","3,619","1,820","1,799","26","34","3,607","10","10","ND","ND","ND","ND","2","ND","3,436","179","1","134","ND",
"Población_de_15_a_24_años",	21068,"Hermenegildo_Galeana","2020","1,019","480","539","663","58","1,019","ND","ND","ND","ND","ND","ND","ND","ND","1,013","6","ND","27","ND",
"Población_de_15_a_24_años",	21069,"Huaquechula","2020","5,151","2,482","2,669","6","26","5,034","117","117","ND","ND","ND","ND","ND","4","5,085","48","16","76","ND",
"Población_de_15_a_24_años",	21070,"Huatlatlauca","2020","951","479","472","452","3","946","5","5","ND","ND","ND","ND","ND","ND","907","44","ND","35","ND",
"Población_de_15_a_24_años",	21071,"Huauchinango","2020","18,274","8,941","9,333","2,956","75","18,218","53","44","ND","1","8","ND","3","7","17,793","430","16","371","ND",
"Población_de_15_a_24_años",	21072,"Huehuetla","2020","2,794","1,387","1,407","2,314","41","2,793","ND","ND","ND","ND","ND","ND","1","ND","2,749","44","ND","58","ND",
"Población_de_15_a_24_años",	21073,"Huehuetlán_el_Chico","2020","1,460","703","757","3","4","1,403","56","56","ND","ND","ND","ND","1","1","1,418","39","3","25","ND",
"Población_de_15_a_24_años",	21074,"Huejotzingo","2020","16,530","8,203","8,327","188","495","16,391","127","116","ND","1","10","ND","12","6","15,547","922","23","340","ND",
"Población_de_15_a_24_años",	21075,"Hueyapan","2020","2,469","1,193","1,276","2,067","5","2,469","ND","ND","ND","ND","ND","ND","ND","ND","2,421","48","ND","41","ND",
"Población_de_15_a_24_años",	21076,"Hueytamalco","2020","4,742","2,438","2,304","87","17","4,736","6","6","ND","ND","ND","ND","ND","6","4,636","99","6","76","ND",
"Población_de_15_a_24_años",	21077,"Hueytlalpan","2020","1,182","572","610","952","4","1,182","ND","ND","ND","ND","ND","ND","ND","ND","1,167","15","ND","15","ND",
"Población_de_15_a_24_años",	21078,"Huitzilan_de_Serdán","2020","3,356","1,732","1,624","2,567","714","3,341","ND","ND","ND","ND","ND","ND","15","1","3,323","29","1","43","ND",
"Población_de_15_a_24_años",	21079,"Huitziltepec","2020","966","465","501","4","7","951","15","15","ND","ND","ND","ND","ND","ND","954","12","ND","27","ND",
"Población_de_15_a_24_años",	21080,"Atlequizayan","2020","454","203","251","436","1","454","ND","ND","ND","ND","ND","ND","ND","ND","443","11","ND","11","ND",
"Población_de_15_a_24_años",	21081,"Ixcamilpa_de_Guerrero","2020","660","313","347","13","5","640","20","20","ND","ND","ND","ND","ND","ND","643","16","1","17","ND",
"Población_de_15_a_24_años",	21082,"Ixcaquixtla","2020","1,491","733","758","10","46","1,479","11","11","ND","ND","ND","ND","1","2","1,452","36","2","48","ND",
"Población_de_15_a_24_años",	21083,"Ixtacamaxtitlán","2020","4,113","2,047","2,066","150","32","4,103","10","8","ND","ND","2","ND","ND","5","3,970","135","7","128","ND",
"Población_de_15_a_24_años",	21084,"Ixtepec","2020","1,257","612","645","1,173","82","1,257","ND","ND","ND","ND","ND","ND","ND","ND","1,239","18","ND","15","ND",
"Población_de_15_a_24_años",	21085,"Izúcar_de_Matamoros","2020","13,992","6,940","7,052","58","145","13,557","423","413","1","1","7","1","12","18","13,648","282","53","419","ND",
"Población_de_15_a_24_años",	21086,"Jalpan","2020","1,860","902","958","35","21","1,859","1","1","ND","ND","ND","ND","ND","ND","1,796","64","ND","29","ND",
"Población_de_15_a_24_años",	21087,"Jolalpan","2020","2,213","1,086","1,127","9","8","2,157","55","55","ND","ND","ND","ND","1","4","2,177","30","6","37","ND",
"Población_de_15_a_24_años",	21088,"Jonotla","2020","655","316","339","333","2","655","ND","ND","ND","ND","ND","ND","ND","1","640","14","1","22","ND",
"Población_de_15_a_24_años",	21089,"Jopala","2020","1,971","948","1,023","650","7","1,965","6","4","ND","ND","2","ND","ND","ND","1,917","51","3","37","ND",
"Población_de_15_a_24_años",	21090,"Juan_C._Bonilla","2020","4,153","2,096","2,057","23","65","4,108","37","33","1","ND","3","ND","8","1","4,041","104","4","63","ND",
"Población_de_15_a_24_años",	21091,"Juan_Galindo","2020","1,471","689","782","132","10","1,465","5","4","ND","1","ND","ND","1","1","1,415","52","3","32","ND",
"Población_de_15_a_24_años",	21092,"Juan_N._Méndez","2020","876","424","452","3","36","870","6","5","ND","ND","1","ND","ND","ND","842","33","1","26","ND",
"Población_de_15_a_24_años",	21093,"Lafragua","2020","1,198","594","604","1","15","1,196","1","1","ND","ND","ND","ND","1","ND","1,150","47","ND","19","ND",
"Población_de_15_a_24_años",	21094,"Libres","2020","6,736","3,373","3,363","41","136","6,698","35","33","ND","2","ND","ND","3","ND","6,481","245","4","169","ND",
"Población_de_15_a_24_años",	21095,"La_Magdalena_Tlatlauquitepec","2020","87","44","43","ND","3","86","1","1","ND","ND","ND","ND","ND","ND","85","2","ND","1","ND",
"Población_de_15_a_24_años",	21096,"Mazapiltepec_de_Juárez","2020","549","274","275","2","3","546","3","3","ND","ND","ND","ND","ND","ND","529","19","1","21","ND",
"Población_de_15_a_24_años",	21097,"Mixtla","2020","450","222","228","6","3","441","9","9","ND","ND","ND","ND","ND","ND","445","4","1","5","ND",
"Población_de_15_a_24_años",	21098,"Molcaxac","2020","1,104","535","569","7","8","1,092","12","12","ND","ND","ND","ND","ND","1","1,093","10","1","22","ND",
"Población_de_15_a_24_años",	21099,"Cañada_Morelos","2020","3,755","1,838","1,917","12","17","3,737","17","17","ND","ND","ND","ND","1","3","3,648","103","4","145","ND",
"Población_de_15_a_24_años",	21100,"Naupan","2020","1,472","714","758","1,175","5","1,469","2","2","ND","ND","ND","ND","1","ND","1,423","49","ND","65","ND",
"Población_de_15_a_24_años",	21101,"Nauzontla","2020","498","236","262","36","1","498","ND","ND","ND","ND","ND","ND","ND","ND","490","8","ND","9","ND",
"Población_de_15_a_24_años",	21102,"Nealtican","2020","2,786","1,360","1,426","15","75","2,686","100","97","1","ND","2","ND","ND","3","2,722","50","14","32","ND",
"Población_de_15_a_24_años",	21103,"Nicolás_Bravo","2020","1,245","594","651","8","18","1,239","5","5","ND","ND","ND","ND","1","ND","1,219","26","ND","26","ND",
"Población_de_15_a_24_años",	21104,"Nopalucan","2020","6,496","3,219","3,277","12","312","6,470","21","21","ND","ND","ND","ND","5","1","6,371","120","2","99","ND",
"Población_de_15_a_24_años",	21105,"Ocotepec","2020","771","386","385","16","4","768","3","3","ND","ND","ND","ND","ND","ND","722","47","2","12","ND",
"Población_de_15_a_24_años",	21106,"Ocoyucan","2020","8,118","4,023","4,095","56","138","7,923","190","118","3","31","38","ND","5","20","7,351","716","50","109","ND",
"Población_de_15_a_24_años",	21107,"Olintla","2020","2,005","942","1,063","1,814","34","2,003","2","2","ND","ND","ND","ND","ND","ND","1,976","29","ND","34","ND",
"Población_de_15_a_24_años",	21108,"Oriental","2020","3,592","1,825","1,767","11","64","3,585","7","7","ND","ND","ND","ND","ND","ND","3,428","163","1","112","ND",
"Población_de_15_a_24_años",	21109,"Pahuatlán","2020","3,396","1,641","1,755","1,888","20","3,374","20","20","ND","ND","ND","ND","2","3","3,305","87","4","68","ND",
"Población_de_15_a_24_años",	21110,"Palmar_de_Bravo","2020","10,051","5,028","5,023","9","50","10,016","31","30","ND","ND","1","ND","4","2","9,927","116","7","190","ND",
"Población_de_15_a_24_años",	21111,"Pantepec","2020","2,605","1,248","1,357","496","15","2,596","9","8","ND","ND","1","ND","ND","ND","2,465","135","4","57","ND",
"Población_de_15_a_24_años",	21112,"Petlalcingo","2020","1,533","789","744","20","17","1,515","18","18","ND","ND","ND","ND","ND","1","1,490","39","3","62","ND",
"Población_de_15_a_24_años",	21113,"Piaxtla","2020","646","331","315","4","5","617","29","29","ND","ND","ND","ND","ND","ND","631","12","3","28","ND",
"Población_de_15_a_24_años",	21114,"Puebla","2020","297,952","150,087","147,865","6,913","7,337","296,184","1,532","997","25","105","402","3","236","168","282,567","14,113","524","4,948","ND",
"Población_de_15_a_24_años",	21115,"Quecholac","2020","11,529","5,781","5,748","15","269","11,489","36","36","ND","ND","ND","ND","4","4","11,350","167","9","223","ND",
"Población_de_15_a_24_años",	21116,"Quimixtlán","2020","4,315","2,121","2,194","65","90","4,303","10","10","ND","ND","ND","ND","2","2","4,207","105","2","94","ND",
"Población_de_15_a_24_años",	21117,"Rafael_Lara_Grajales","2020","3,048","1,487","1,561","3","23","3,042","6","6","ND","ND","ND","ND","ND","1","2,982","65","1","56","ND",
"Población_de_15_a_24_años",	21118,"Los_Reyes_de_Juárez","2020","5,782","2,943","2,839","5","39","5,759","23","22","ND","ND","1","ND","ND","1","5,681","97","3","70","ND",
"Población_de_15_a_24_años",	21119,"San_Andrés_Cholula","2020","30,479","15,113","15,366","445","705","29,911","513","170","9","76","258","ND","55","107","26,394","3,684","333","450","ND",
"Población_de_15_a_24_años",	21120,"San_Antonio_Cañada","2020","1,150","573","577","155","8","1,149","1","1","ND","ND","ND","ND","ND","ND","1,139","11","ND","22","ND",
"Población_de_15_a_24_años",	21121,"San_Diego_la_Mesa_Tochimiltzingo","2020","214","107","107","1","2","209","5","5","ND","ND","ND","ND","ND","ND","211","2","1","7","ND",
"Población_de_15_a_24_años",	21122,"San_Felipe_Teotlalcingo","2020","2,002","995","1,007","18","13","1,984","17","14","1","ND","2","ND","1","1","1,915","86","1","20","ND",
"Población_de_15_a_24_años",	21123,"San_Felipe_Tepatlán","2020","534","249","285","291","4","534","ND","ND","ND","ND","ND","ND","ND","ND","520","14","ND","10","ND",
"Población_de_15_a_24_años",	21124,"San_Gabriel_Chilac","2020","2,747","1,395","1,352","624","8","2,736","10","10","ND","ND","ND","ND","1","1","2,679","66","1","66","ND",
"Población_de_15_a_24_años",	21125,"San_Gregorio_Atzompa","2020","1,643","819","824","9","59","1,623","18","17","ND","ND","1","ND","2","1","1,601","38","2","26","ND",
"Población_de_15_a_24_años",	21126,"San_Jerónimo_Tecuanipan","2020","1,185","567","618","3","71","1,176","9","9","ND","ND","ND","ND","ND","1","1,172","12","1","14","ND",
"Población_de_15_a_24_años",	21127,"San_Jerónimo_Xayacatlán","2020","473","248","225","49","46","461","10","10","ND","ND","ND","ND","2","1","457","12","2","16","ND",
"Población_de_15_a_24_años",	21128,"San_José_Chiapa","2020","1,794","878","916","1","16","1,786","7","7","ND","ND","ND","ND","1","ND","1,731","61","2","33","ND",
"Población_de_15_a_24_años",	21129,"San_José_Miahuatlán","2020","2,488","1,240","1,248","1,858","26","2,482","6","6","ND","ND","ND","ND","ND","ND","2,454","34","ND","52","ND",
"Población_de_15_a_24_años",	21130,"San_Juan_Atenco","2020","579","273","306","2","3","566","13","13","ND","ND","ND","ND","ND","1","557","16","6","10","ND",
"Población_de_15_a_24_años",	21131,"San_Juan_Atzompa","2020","170","89","81","ND","4","170","ND","ND","ND","ND","ND","ND","ND","ND","165","5","ND","12","ND",
"Población_de_15_a_24_años",	21132,"San_Martín_Texmelucan","2020","27,359","13,737","13,622","102","596","27,195","147","121","2","ND","24","ND","17","13","26,655","649","42","513","ND",
"Población_de_15_a_24_años",	21133,"San_Martín_Totoltepec","2020","125","71","54","1","2","119","6","6","ND","ND","ND","ND","ND","ND","123","2","ND","1","ND",
"Población_de_15_a_24_años",	21134,"San_Matías_Tlalancaleca","2020","3,641","1,826","1,815","3","28","3,621","18","17","ND","ND","1","ND","2","2","3,562","74","3","68","ND",
"Población_de_15_a_24_años",	21135,"San_Miguel_Ixitlán","2020","55","35","20","ND","ND","55","ND","ND","ND","ND","ND","ND","ND","ND","50","5","ND","3","ND",
"Población_de_15_a_24_años",	21136,"San_Miguel_Xoxtla","2020","2,337","1,217","1,120","4","19","2,322","13","7","1","1","4","ND","2","ND","2,272","59","5","48","ND",
"Población_de_15_a_24_años",	21137,"San_Nicolás_Buenos_Aires","2020","1,771","805","966","4","46","1,770","1","1","ND","ND","ND","ND","ND","ND","1,719","52","ND","51","ND",
"Población_de_15_a_24_años",	21138,"San_Nicolás_de_los_Ranchos","2020","2,098","1,025","1,073","5","20","2,076","21","19","ND","ND","1","1","1","1","2,063","32","3","56","ND",
"Población_de_15_a_24_años",	21139,"San_Pablo_Anicano","2020","559","295","264","1","4","546","13","13","ND","ND","ND","ND","ND","2","537","19","3","17","ND",
"Población_de_15_a_24_años",	21140,"San_Pedro_Cholula","2020","23,839","11,918","11,921","305","442","23,578","218","141","1","10","66","ND","43","42","22,699","948","86","347","ND",
"Población_de_15_a_24_años",	21141,"San_Pedro_Yeloixtlahuaca","2020","521","269","252","1","1","509","12","12","ND","ND","ND","ND","ND","1","506","14","1","13","ND",
"Población_de_15_a_24_años",	21142,"San_Salvador_el_Seco","2020","5,345","2,725","2,620","6","79","5,325","18","18","ND","ND","ND","ND","2","ND","5,219","124","2","143","ND",
"Población_de_15_a_24_años",	21143,"San_Salvador_el_Verde","2020","6,483","3,187","3,296","14","27","6,460","20","19","ND","ND","1","ND","3","4","6,345","131","7","78","ND",
"Población_de_15_a_24_años",	21144,"San_Salvador_Huixcolotla","2020","3,129","1,558","1,571","18","8","3,125","4","4","ND","ND","ND","ND","ND","ND","3,038","91","ND","39","ND",
"Población_de_15_a_24_años",	21145,"San_Sebastián_Tlacotepec","2020","2,257","1,133","1,124","1,943","10","2,257","ND","ND","ND","ND","ND","ND","ND","ND","2,200","57","ND","59","ND",
"Población_de_15_a_24_años",	21146,"Santa_Catarina_Tlaltempan","2020","101","58","43","17","ND","101","ND","ND","ND","ND","ND","ND","ND","ND","100","1","ND","5","ND",
"Población_de_15_a_24_años",	21147,"Santa_Inés_Ahuatempan","2020","1,046","520","526","11","5","1,035","11","11","ND","ND","ND","ND","ND","ND","1,024","19","3","30","ND",
"Población_de_15_a_24_años",	21148,"Santa_Isabel_Cholula","2020","2,168","1,079","1,089","11","18","2,126","41","41","ND","ND","ND","ND","1","2","2,134","28","6","39","ND",
"Población_de_15_a_24_años",	21149,"Santiago_Miahuatlán","2020","6,121","3,087","3,034","261","55","6,102","15","14","ND","ND","1","ND","4","2","6,000","117","4","132","ND",
"Población_de_15_a_24_años",	21150,"Huehuetlán_el_Grande","2020","1,012","487","525","7","104","1,005","7","7","ND","ND","ND","ND","ND","ND","1,002","9","1","18","ND",
"Población_de_15_a_24_años",	21151,"Santo_Tomás_Hueyotlipan","2020","1,684","845","839","4","6","1,655","28","28","ND","ND","ND","ND","1","ND","1,665","16","3","34","ND",
"Población_de_15_a_24_años",	21152,"Soltepec","2020","2,177","1,076","1,101","4","18","2,156","18","18","ND","ND","ND","ND","3","1","2,109","66","1","37","ND",
"Población_de_15_a_24_años",	21153,"Tecali_de_Herrera","2020","4,162","2,127","2,035","4","67","4,139","23","23","ND","ND","ND","ND","ND","1","4,066","90","5","61","ND",
"Población_de_15_a_24_años",	21154,"Tecamachalco","2020","15,079","7,493","7,586","36","275","15,016","62","56","2","ND","4","ND","1","3","14,762","289","6","261","ND",
"Población_de_15_a_24_años",	21155,"Tecomatlán","2020","1,907","995","912","489","35","1,856","49","49","ND","ND","ND","ND","2","1","987","908","10","42","ND",
"Población_de_15_a_24_años",	21156,"Tehuacán","2020","61,485","30,285","31,200","3,383","895","61,204","240","200","1","2","36","1","41","29","58,360","2,930","79","1,458","ND",
"Población_de_15_a_24_años",	21157,"Tehuitzingo","2020","1,996","983","1,013","15","77","1,932","62","61","ND","ND","1","ND","2","5","1,933","49","11","45","ND",
"Población_de_15_a_24_años",	21158,"Tenampulco","2020","1,012","535","477","73","11","1,006","6","6","ND","ND","ND","ND","ND","1","974","36","2","20","ND",
"Población_de_15_a_24_años",	21159,"Teopantlán","2020","539","234","305","316","2","529","10","10","ND","ND","ND","ND","ND","ND","536","2","1","10","ND",
"Población_de_15_a_24_años",	21160,"Teotlalco","2020","534","255","279","ND","ND","502","32","32","ND","ND","ND","ND","ND","3","494","34","6","7","ND",
"Población_de_15_a_24_años",	21161,"Tepanco_de_López","2020","4,241","2,072","2,169","346","81","4,190","49","49","ND","ND","ND","ND","2","6","4,129","101","10","85","ND",
"Población_de_15_a_24_años",	21162,"Tepango_de_Rodríguez","2020","717","329","388","547","ND","716","1","1","ND","ND","ND","ND","ND","ND","710","7","ND","9","ND",
"Población_de_15_a_24_años",	21163,"Tepatlaxco_de_Hidalgo","2020","3,515","1,731","1,784","43","24","3,491","22","21","ND","ND","1","ND","2","ND","3,461","50","4","64","ND",
"Población_de_15_a_24_años",	21164,"Tepeaca","2020","15,891","7,799","8,092","19","66","15,801","85","84","ND","ND","1","ND","5","8","15,736","138","12","263","ND",
"Población_de_15_a_24_años",	21165,"Tepemaxalco","2020","217","104","113","ND","1","215","2","2","ND","ND","ND","ND","ND","ND","214","3","ND","7","ND",
"Población_de_15_a_24_años",	21166,"Tepeojuma","2020","1,582","727","855","124","17","1,533","48","47","ND","ND","1","ND","1","2","1,544","29","9","36","ND",
"Población_de_15_a_24_años",	21167,"Tepetzintla","2020","1,771","863","908","1,599","37","1,767","3","3","ND","ND","ND","ND","1","ND","1,759","12","ND","32","ND",
"Población_de_15_a_24_años",	21168,"Tepexco","2020","1,452","714","738","ND","4","1,445","7","7","ND","ND","ND","ND","ND","ND","1,437","14","1","35","ND",
"Población_de_15_a_24_años",	21169,"Tepexi_de_Rodríguez","2020","3,671","1,871","1,800","55","17","3,637","32","31","1","ND","ND","ND","2","7","3,542","93","9","83","ND",
"Población_de_15_a_24_años",	21170,"Tepeyahualco","2020","3,303","1,658","1,645","2","53","3,302","ND","ND","ND","ND","ND","ND","1","2","3,147","154","2","74","ND",
"Población_de_15_a_24_años",	21171,"Tepeyahualco_de_Cuauhtémoc","2020","599","295","304","ND","31","595","4","4","ND","ND","ND","ND","ND","1","589","9","1","17","ND",
"Población_de_15_a_24_años",	21172,"Tetela_de_Ocampo","2020","4,252","2,116","2,136","602","48","4,227","25","25","ND","ND","ND","ND","ND","3","4,105","144","3","106","ND",
"Población_de_15_a_24_años",	21173,"Teteles_de_Avila_Castillo","2020","1,475","528","947","113","7","1,475","ND","ND","ND","ND","ND","ND","ND","ND","1,448","27","ND","34","ND",
"Población_de_15_a_24_años",	21174,"Teziutlán","2020","18,670","9,309","9,361","922","245","18,634","34","29","2","ND","3","ND","2","7","17,947","677","11","362","ND",
"Población_de_15_a_24_años",	21175,"Tianguismanalco","2020","2,651","1,358","1,293","11","21","2,577","73","70","ND","ND","3","ND","1","1","2,590","54","6","42","ND",
"Población_de_15_a_24_años",	21176,"Tilapa","2020","1,628","804","824","3","15","1,583","45","45","ND","ND","ND","ND","ND","3","1,588","34","6","33","ND",
"Población_de_15_a_24_años",	21177,"Tlacotepec_de_Benito_Juárez","2020","10,032","4,759","5,273","1,839","130","9,944","86","84","ND","ND","1","1","2","9","9,770","251","11","254","ND",
"Población_de_15_a_24_años",	21178,"Tlacuilotepec","2020","2,407","1,198","1,209","252","11","2,404","3","3","ND","ND","ND","ND","ND","1","2,314","92","1","60","ND",
"Población_de_15_a_24_años",	21179,"Tlachichuca","2020","5,900","2,935","2,965","3","23","5,876","21","21","ND","ND","ND","ND","3","5","5,709","179","8","176","ND",
"Población_de_15_a_24_años",	21180,"Tlahuapan","2020","7,481","3,766","3,715","8","36","7,447","33","32","ND","ND","1","ND","1","1","7,325","155","1","150","ND",
"Población_de_15_a_24_años",	21181,"Tlaltenango","2020","1,361","688","673","1","44","1,341","20","20","ND","ND","ND","ND","ND","ND","1,296","63","2","34","ND",
"Población_de_15_a_24_años",	21182,"Tlanepantla","2020","1,056","526","530","3","9","1,054","1","ND","1","ND","ND","ND","1","1","1,038","16","1","16","ND",
"Población_de_15_a_24_años",	21183,"Tlaola","2020","3,780","1,822","1,958","1,791","11","3,775","3","3","ND","ND","ND","ND","2","2","3,723","53","3","61","ND",
"Población_de_15_a_24_años",	21184,"Tlapacoya","2020","1,063","508","555","211","3","1,063","ND","ND","ND","ND","ND","ND","ND","2","1,032","29","2","29","ND",
"Población_de_15_a_24_años",	21185,"Tlapanalá","2020","1,787","870","917","2","2","1,753","34","33","ND","ND","1","ND","ND","3","1,745","38","4","29","ND",
"Población_de_15_a_24_años",	21186,"Tlatlauquitepec","2020","9,469","4,645","4,824","1,000","78","9,417","49","49","ND","ND","ND","ND","3","7","9,242","213","10","190","ND",
"Población_de_15_a_24_años",	21187,"Tlaxco","2020","689","328","361","7","4","685","4","4","ND","ND","ND","ND","ND","ND","661","28","ND","18","ND",
"Población_de_15_a_24_años",	21188,"Tochimilco","2020","3,420","1,629","1,791","95","49","3,363","57","57","ND","ND","ND","ND","ND","6","3,350","63","7","60","ND",
"Población_de_15_a_24_años",	21189,"Tochtepec","2020","3,997","1,921","2,076","20","10","3,970","26","25","1","ND","ND","ND","1","2","3,938","55","3","74","ND",
"Población_de_15_a_24_años",	21190,"Totoltepec_de_Guerrero","2020","161","78","83","1","4","161","ND","ND","ND","ND","ND","ND","ND","ND","151","10","ND","2","ND",
"Población_de_15_a_24_años",	21191,"Tulcingo","2020","1,587","731","856","30","29","1,535","51","50","ND","ND","1","ND","1","3","1,505","73","8","32","ND",
"Población_de_15_a_24_años",	21192,"Tuzamapan_de_Galeana","2020","896","453","443","240","14","895","1","1","ND","ND","ND","ND","ND","ND","873","22","ND","19","ND",
"Población_de_15_a_24_años",	21193,"Tzicatlacoyan","2020","1,073","560","513","1","54","1,056","17","17","ND","ND","ND","ND","ND","1","1,067","4","2","18","ND",
"Población_de_15_a_24_años",	21194,"Venustiano_Carranza","2020","4,328","2,064","2,264","30","33","4,303","21","20","ND","ND","1","ND","4","4","4,126","195","5","122","ND",
"Población_de_15_a_24_años",	21195,"Vicente_Guerrero","2020","4,978","2,302","2,676","1,486","102","4,951","27","26","1","ND","ND","ND","ND","12","4,854","110","13","114","ND",
"Población_de_15_a_24_años",	21196,"Xayacatlán_de_Bravo","2020","227","119","108","7","1","219","8","8","ND","ND","ND","ND","ND","ND","220","6","1","5","ND",
"Población_de_15_a_24_años",	21197,"Xicotepec","2020","14,512","7,139","7,373","203","73","14,484","25","19","ND","ND","6","ND","3","10","14,069","428","15","262","ND",
"Población_de_15_a_24_años",	21198,"Xicotlán","2020","221","114","107","ND","ND","220","1","1","ND","ND","ND","ND","ND","1","212","8","1","6","ND",
"Población_de_15_a_24_años",	21199,"Xiutetelco","2020","8,371","4,027","4,344","49","98","8,362","9","9","ND","ND","ND","ND","ND","10","8,127","234","10","153","ND",
"Población_de_15_a_24_años",	21200,"Xochiapulco","2020","527","273","254","118","5","527","ND","ND","ND","ND","ND","ND","ND","ND","515","12","ND","11","ND",
"Población_de_15_a_24_años",	21201,"Xochiltepec","2020","545","246","299","7","4","527","18","18","ND","ND","ND","ND","ND","3","530","11","4","10","ND",
"Población_de_15_a_24_años",	21202,"Xochitlán_de_Vicente_Suárez","2020","2,358","1,166","1,192","1,669","48","2,355","3","3","ND","ND","ND","ND","ND","ND","2,321","37","ND","26","ND",
"Población_de_15_a_24_años",	21203,"Xochitlán_Todos_Santos","2020","1,350","660","690","1","12","1,339","9","9","ND","ND","ND","ND","2","1","1,324","23","1","35","ND",
"Población_de_15_a_24_años",	21204,"Yaonáhuac","2020","1,355","666","689","404","2","1,354","1","1","ND","ND","ND","ND","ND","ND","1,337","18","ND","20","ND",
"Población_de_15_a_24_años",	21205,"Yehualtepec","2020","4,899","2,368","2,531","13","21","4,867","32","32","ND","ND","ND","ND","ND","ND","4,836","60","2","85","ND",
"Población_de_15_a_24_años",	21206,"Zacapala","2020","686","319","367","6","4","669","17","16","ND","ND","1","ND","ND","1","675","6","5","15","ND",
"Población_de_15_a_24_años",	21207,"Zacapoaxtla","2020","10,495","5,044","5,451","2,216","108","10,469","21","19","1","ND","1","ND","5","1","10,179","306","4","226","ND",
"Población_de_15_a_24_años",	21208,"Zacatlán","2020","15,258","7,573","7,685","1,044","169","15,198","46","36","ND","ND","10","ND","14","13","14,739","480","22","307","ND",
"Población_de_15_a_24_años",	21209,"Zapotitlán","2020","1,521","730","791","90","15","1,490","28","28","ND","ND","ND","ND","3","ND","1,492","24","2","50","ND",
"Población_de_15_a_24_años",	21210,"Zapotitlán_de_Méndez","2020","951","464","487","632","26","951","ND","ND","ND","ND","ND","ND","ND","ND","923","28","ND","27","ND",
"Población_de_15_a_24_años",	21211,"Zaragoza","2020","2,906","1,405","1,501","58","28","2,889","15","13","ND","ND","2","ND","2","4","2,797","103","5","94","ND",
"Población_de_15_a_24_años",	21212,"Zautla","2020","3,636","1,796","1,840","1,107","23","3,631","5","4","ND","ND","1","ND","ND","2","3,547","87","2","82","ND",
"Población_de_15_a_24_años",	21213,"Zihuateutla","2020","1,964","928","1,036","492","5","1,964","ND","ND","ND","ND","ND","ND","ND","ND","1,926","37","ND","38","ND",
"Población_de_15_a_24_años",	21214,"Zinacatepec","2020","3,313","1,634","1,679","633","199","3,309","2","2","ND","ND","ND","ND","2","ND","3,231","79","ND","92","ND",
"Población_de_15_a_24_años",	21215,"Zongozotla","2020","717","357","360","579","14","717","ND","ND","ND","ND","ND","ND","ND","1","715","1","1","21","ND",
"Población_de_15_a_24_años",	21216,"Zoquiapan","2020","384","197","187","254","3","384","ND","ND","ND","ND","ND","ND","ND","ND","366","18","ND","10","ND",
"Población_de_15_a_24_años",	21217,"Zoquitlán","2020","3,504","1,702","1,802","3,302","139","3,503","1","1","ND","ND","ND","ND","ND","1","3,428","75","1","98","ND",
"Población_de_15_a_24_años",	22,"Querétaro","2020","407,180","204,188","202,992","5,372","7,648","402,377","4,242","2,688","30","335","1,188","1","561","622","363,289","41,429","1,693","7,344","ND",
"Población_de_15_a_24_años",	22001,"Amealco_de_Bonfil","2020","12,465","6,165","6,300","2,061","100","12,342","114","113","ND","ND","1","ND","9","14","12,111","331","23","283","ND",
"Población_de_15_a_24_años",	22002,"Pinal_de_Amoles","2020","5,014","2,449","2,565","ND","151","4,964","50","50","ND","ND","ND","ND","ND","17","4,935","61","18","107","ND",
"Población_de_15_a_24_años",	22003,"Arroyo_Seco","2020","2,086","976","1,110","10","5","2,042","43","43","ND","ND","ND","ND","1","4","2,010","67","9","38","ND",
"Población_de_15_a_24_años",	22004,"Cadereyta_de_Montes","2020","12,239","5,961","6,278","112","148","12,048","188","177","ND","ND","11","ND","3","20","11,948","247","41","278","ND",
"Población_de_15_a_24_años",	22005,"Colón","2020","12,691","6,536","6,155","19","173","12,647","44","40","1","ND","3","ND","ND","8","12,373","309","9","257","ND",
"Población_de_15_a_24_años",	22006,"Corregidora","2020","34,620","17,346","17,274","127","583","34,078","494","248","4","62","180","ND","48","57","30,590","3,819","176","510","ND",
"Población_de_15_a_24_años",	22007,"Ezequiel_Montes","2020","8,058","4,074","3,984","25","176","7,944","112","101","3","ND","8","ND","2","3","7,799","243","16","130","ND",
"Población_de_15_a_24_años",	22008,"Huimilpan","2020","6,415","2,848","3,567","14","46","6,364","45","42","ND","ND","3","ND","6","34","6,254","120","38","168","ND",
"Población_de_15_a_24_años",	22009,"Jalpan_de_Serra","2020","4,994","2,350","2,644","25","32","4,918","74","74","ND","ND","ND","ND","2","8","4,813","161","14","103","ND",
"Población_de_15_a_24_años",	22010,"Landa_de_Matamoros","2020","3,146","1,503","1,643","6","16","3,079","66","66","ND","ND","ND","ND","1","18","3,027","96","23","66","ND",
"Población_de_15_a_24_años",	22011,"El_Marqués","2020","39,663","20,016","19,647","374","969","39,217","396","148","8","92","148","ND","50","77","30,784","8,584","250","790","ND",
"Población_de_15_a_24_años",	22012,"Pedro_Escobedo","2020","13,696","6,869","6,827","45","78","13,614","74","69","ND","ND","5","ND","8","2","13,132","556","6","252","ND",
"Población_de_15_a_24_años",	22013,"Peñamiller","2020","3,457","1,710","1,747","7","15","3,414","41","36","ND","ND","5","ND","2","7","3,404","37","16","71","ND",
"Población_de_15_a_24_años",	22014,"Querétaro","2020","178,796","90,251","88,545","1,365","4,013","176,433","1,970","1,020","8","176","765","1","393","280","154,552","22,743","917","2,814","ND",
"Población_de_15_a_24_años",	22015,"San_Joaquín","2020","1,460","673","787","2","4","1,435","25","25","ND","ND","ND","ND","ND","3","1,440","15","5","43","ND",
"Población_de_15_a_24_años",	22016,"San_Juan_del_Río","2020","50,929","25,738","25,191","177","929","50,475","424","361","6","4","53","ND","30","64","47,030","3,694","119","1,098","ND",
"Población_de_15_a_24_años",	22017,"Tequisquiapan","2020","12,376","6,240","6,136","18","119","12,317","54","47","ND","1","6","ND","5","5","12,057","304","12","216","ND",
"Población_de_15_a_24_años",	22018,"Tolimán","2020","5,075","2,483","2,592","985","91","5,046","28","28","ND","ND","ND","ND","1","1","5,030","42","1","120","ND",
"Población_de_15_a_24_años",	23,"Quintana_Roo","2020","312,538","157,702","154,836","27,322","9,162","306,471","5,501","982","1,766","511","2,230","12","566","320","263,325","45,598","2,708","5,857","ND",
"Población_de_15_a_24_años",	23001,"Cozumel","2020","14,361","7,248","7,113","264","200","14,241","111","33","20","8","49","1","9","11","13,037","1,237","51","306","ND",
"Población_de_15_a_24_años",	23002,"Felipe_Carrillo_Puerto","2020","15,759","8,001","7,758","8,544","455","15,733","23","6","7","ND","10","ND","3","4","15,499","243","13","297","ND",
"Población_de_15_a_24_años",	23003,"Isla_Mujeres","2020","3,740","1,892","1,848","243","90","3,696","41","5","22","ND","14","ND","3","1","3,264","464","12","54","ND",
"Población_de_15_a_24_años",	23004,"Othón_P._Blanco","2020","39,160","19,748","19,412","762","1,464","38,565","544","132","40","5","366","1","51","41","36,880","1,877","281","734","ND",
"Población_de_15_a_24_años",	23005,"Benito_Juárez","2020","153,536","77,396","76,140","5,389","3,797","149,772","3,402","529","1,449","335","1,088","1","362","187","126,111","25,064","1,806","3,055","ND",
"Población_de_15_a_24_años",	23006,"José_María_Morelos","2020","7,406","3,742","3,664","2,779","184","7,393","12","6","2","ND","4","ND","1","ND","7,260","137","5","135","ND",
"Población_de_15_a_24_años",	23007,"Lázaro_Cárdenas","2020","5,022","2,501","2,521","1,330","491","5,005","15","ND","5","ND","10","ND","2","ND","4,806","208","7","94","ND",
"Población_de_15_a_24_años",	23008,"Solidaridad","2020","53,215","26,762","26,453","4,627","1,906","52,199","919","205","166","154","388","6","97","58","38,901","13,749","410","841","ND",
"Población_de_15_a_24_años",	23009,"Tulum","2020","8,506","4,425","4,081","2,149","356","8,401","92","9","10","8","64","1","13","2","6,901","1,535","64","120","ND",
"Población_de_15_a_24_años",	23010,"Bacalar","2020","7,577","3,816","3,761","986","107","7,302","272","34","32","ND","206","ND","3","8","7,237","310","24","145","ND",
"Población_de_15_a_24_años",	23011,"Puerto_Morelos","2020","4,256","2,171","2,085","249","112","4,164","70","23","13","1","31","2","22","8","3,429","774","35","76","ND",
"Población_de_15_a_24_años",	24,"San_Luis_Potosí","2020","485,926","241,414","244,512","38,303","9,723","480,492","4,551","3,984","22","58","475","12","883","530","470,663","13,081","1,242","9,526","17",
"Población_de_15_a_24_años",	24001,"Ahualulco","2020","3,507","1,645","1,862","2","69","3,456","46","45","ND","ND","1","ND","5","4","3,461","34","9","77","ND",
"Población_de_15_a_24_años",	24002,"Alaquines","2020","1,283","599","684","23","ND","1,259","21","21","ND","ND","ND","ND","3","6","1,258","10","11","27","ND",
"Población_de_15_a_24_años",	24003,"Aquismón","2020","9,270","4,618","4,652","6,710","498","9,217","32","30","ND","ND","2","ND","21","4","9,058","186","10","193","ND",
"Población_de_15_a_24_años",	24004,"Armadillo_de_los_Infante","2020","628","301","327","ND","1","623","5","5","ND","ND","ND","ND","ND","ND","612","15","1","13","ND",
"Población_de_15_a_24_años",	24005,"Cárdenas","2020","2,875","1,435","1,440","41","7","2,827","47","47","ND","ND","ND","ND","1","7","2,807","58","10","52","ND",
"Población_de_15_a_24_años",	24006,"Catorce","2020","1,445","772","673","1","10","1,438","6","6","ND","ND","ND","ND","1","ND","1,414","29","ND","33","ND",
"Población_de_15_a_24_años",	24007,"Cedral","2020","3,557","1,735","1,822","7","234","3,516","39","39","ND","ND","ND","ND","2","7","3,439","106","12","59","ND",
"Población_de_15_a_24_años",	24008,"Cerritos","2020","3,498","1,765","1,733","4","13","3,397","100","100","ND","ND","ND","ND","1","7","3,409","68","21","71","ND",
"Población_de_15_a_24_años",	24009,"Cerro_de_San_Pedro","2020","905","458","447","1","6","891","12","10","ND","ND","2","ND","2","1","876","24","3","19","ND",
"Población_de_15_a_24_años",	24010,"Ciudad_del_Maíz","2020","4,812","2,406","2,406","20","18","4,738","72","72","ND","ND","ND","ND","2","12","4,685","108","18","111","ND",
"Población_de_15_a_24_años",	24011,"Ciudad_Fernández","2020","8,341","4,116","4,225","42","96","8,154","185","184","ND","ND","1","ND","2","28","8,163","134","42","139","ND",
"Población_de_15_a_24_años",	24012,"Tancanhuitz","2020","3,551","1,808","1,743","2,331","9","3,548","3","2","ND","ND","1","ND","ND","ND","3,484","50","ND","70","ND",
"Población_de_15_a_24_años",	24013,"Ciudad_Valles","2020","28,953","14,314","14,639","1,874","446","28,762","173","162","1","ND","10","ND","18","22","27,980","883","46","545","ND",
"Población_de_15_a_24_años",	24014,"Coxcatlán","2020","2,469","1,199","1,270","1,848","31","2,465","4","4","ND","ND","ND","ND","ND","1","2,390","78","1","52","ND",
"Población_de_15_a_24_años",	24015,"Charcas","2020","3,499","1,689","1,810","1","29","3,484","10","10","ND","ND","ND","ND","5","4","3,386","103","5","66","ND",
"Población_de_15_a_24_años",	24016,"Ebano","2020","6,496","3,191","3,305","454","34","6,437","58","55","2","ND","1","ND","1","4","6,232","253","11","149","ND",
"Población_de_15_a_24_años",	24017,"Guadalcázar","2020","3,925","1,933","1,992","5","24","3,874","41","41","ND","ND","ND","ND","10","1","3,812","91","10","105","ND",
"Población_de_15_a_24_años",	24018,"Huehuetlán","2020","2,697","1,345","1,352","1,580","92","2,684","9","8","ND","ND","ND","1","4","ND","2,647","47","ND","52","ND",
"Población_de_15_a_24_años",	24019,"Lagunillas","2020","742","353","389","7","1","722","20","20","ND","ND","ND","ND","ND","4","717","17","8","22","ND",
"Población_de_15_a_24_años",	24020,"Matehuala","2020","17,639","8,988","8,651","17","160","17,355","273","270","ND","ND","3","ND","11","26","16,997","558","61","383","ND",
"Población_de_15_a_24_años",	24021,"Mexquitic_de_Carmona","2020","10,487","5,061","5,426","12","176","10,399","81","81","ND","ND","ND","ND","7","13","10,345","111","21","227","ND",
"Población_de_15_a_24_años",	24022,"Moctezuma","2020","3,175","1,478","1,697","2","48","3,142","30","28","ND","ND","2","ND","3","8","3,121","38","14","82","ND",
"Población_de_15_a_24_años",	24023,"Rayón","2020","2,402","1,144","1,258","155","7","2,330","72","71","ND","ND","1","ND","ND","9","2,340","43","19","73","ND",
"Población_de_15_a_24_años",	24024,"Rioverde","2020","16,181","7,835","8,346","50","140","15,842","333","331","1","1","ND","ND","6","35","15,654","414","77","371","ND",
"Población_de_15_a_24_años",	24025,"Salinas","2020","5,498","2,617","2,881","1","28","5,401","93","90","ND","ND","3","ND","4","21","5,304","157","31","162","ND",
"Población_de_15_a_24_años",	24026,"San_Antonio","2020","1,675","839","836","1,348","22","1,658","ND","ND","ND","ND","ND","ND","17","ND","1,631","27","ND","27","ND",
"Población_de_15_a_24_años",	24027,"San_Ciro_de_Acosta","2020","1,633","757","876","7","24","1,582","51","51","ND","ND","ND","ND","ND","5","1,578","43","12","17","ND",
"Población_de_15_a_24_años",	24028,"San_Luis_Potosí","2020","159,953","79,994","79,959","658","4,248","157,823","1,505","1,079","16","47","355","8","625","174","153,777","5,081","486","2,849","17",
"Población_de_15_a_24_años",	24029,"San_Martín_Chalchicuautla","2020","2,715","1,319","1,396","900","48","2,714","1","1","ND","ND","ND","ND","ND","1","2,636","78","1","56","ND",
"Población_de_15_a_24_años",	24030,"San_Nicolás_Tolentino","2020","682","353","329","ND","3","670","12","12","ND","ND","ND","ND","ND","ND","674","7","1","16","ND",
"Población_de_15_a_24_años",	24031,"Santa_Catarina","2020","2,391","1,198","1,193","1,658","160","2,381","9","9","ND","ND","ND","ND","1","3","2,376","11","3","61","ND",
"Población_de_15_a_24_años",	24032,"Santa_María_del_Río","2020","7,108","3,486","3,622","6","120","7,023","81","78","ND","1","2","ND","4","8","6,994","94","18","95","ND",
"Población_de_15_a_24_años",	24033,"Santo_Domingo","2020","1,604","767","837","1","7","1,556","48","48","ND","ND","ND","ND","ND","4","1,529","61","14","40","ND",
"Población_de_15_a_24_años",	24034,"San_Vicente_Tancuayalab","2020","2,436","1,220","1,216","506","9","2,427","7","7","ND","ND","ND","ND","2","ND","2,368","68","ND","43","ND",
"Población_de_15_a_24_años",	24035,"Soledad_de_Graciano_Sánchez","2020","60,076","30,286","29,790","209","1,305","59,587","417","331","ND","9","74","3","72","29","58,345","1,545","111","1,056","ND",
"Población_de_15_a_24_años",	24036,"Tamasopo","2020","4,854","2,366","2,488","726","144","4,772","80","77","2","ND","1","ND","2","3","4,756","83","13","109","ND",
"Población_de_15_a_24_años",	24037,"Tamazunchale","2020","16,148","7,959","8,189","4,473","455","16,108","39","34","ND","ND","5","ND","1","7","15,650","478","9","279","ND",
"Población_de_15_a_24_años",	24038,"Tampacán","2020","2,238","1,131","1,107","641","1","2,225","1","1","ND","ND","ND","ND","12","ND","2,163","63","ND","63","ND",
"Población_de_15_a_24_años",	24039,"Tampamolón_Corona","2020","2,283","1,159","1,124","1,191","48","2,282","1","1","ND","ND","ND","ND","ND","ND","2,224","59","ND","49","ND",
"Población_de_15_a_24_años",	24040,"Tamuín","2020","5,893","2,956","2,937","553","26","5,840","52","52","ND","ND","ND","ND","1","6","5,666","217","7","155","ND",
"Población_de_15_a_24_años",	24041,"Tanlajás","2020","3,240","1,661","1,579","2,564","12","3,237","1","ND","ND","ND","1","ND","2","1","3,201","34","2","64","ND",
"Población_de_15_a_24_años",	24042,"Tanquián_de_Escobedo","2020","1,991","1,005","986","206","152","1,976","15","15","ND","ND","ND","ND","ND","ND","1,920","71","ND","43","ND",
"Población_de_15_a_24_años",	24043,"Tierra_Nueva","2020","1,280","601","679","ND","5","1,264","14","14","ND","ND","ND","ND","2","1","1,265","13","2","25","ND",
"Población_de_15_a_24_años",	24044,"Vanegas","2020","1,215","617","598","14","10","1,202","13","13","ND","ND","ND","ND","ND","ND","1,141","74","ND","42","ND",
"Población_de_15_a_24_años",	24045,"Venado","2020","2,287","1,182","1,105","4","16","2,247","40","40","ND","ND","ND","ND","ND","5","2,235","42","10","57","ND",
"Población_de_15_a_24_años",	24046,"Villa_de_Arriaga","2020","3,226","1,599","1,627","3","16","3,196","30","29","ND","ND","1","ND","ND","3","3,118","104","3","79","ND",
"Población_de_15_a_24_años",	24047,"Villa_de_Guadalupe","2020","1,523","754","769","2","3","1,505","17","17","ND","ND","ND","ND","1","2","1,484","32","7","26","ND",
"Población_de_15_a_24_años",	24048,"Villa_de_la_Paz","2020","874","437","437","4","16","865","9","9","ND","ND","ND","ND","ND","1","844","27","2","26","ND",
"Población_de_15_a_24_años",	24049,"Villa_de_Ramos","2020","6,394","2,978","3,416","21","22","6,320","71","71","ND","ND","ND","ND","3","12","6,177","199","18","167","ND",
"Población_de_15_a_24_años",	24050,"Villa_de_Reyes","2020","9,944","5,004","4,940","4","72","9,892","50","48","ND","ND","2","ND","2","6","9,774","156","14","177","ND",
"Población_de_15_a_24_años",	24051,"Villa_Hidalgo","2020","2,442","1,182","1,260","4","58","2,410","30","29","ND","ND","1","ND","2","2","2,404","29","8","44","ND",
"Población_de_15_a_24_años",	24052,"Villa_Juárez","2020","1,478","723","755","1","20","1,431","46","46","ND","ND","ND","ND","1","1","1,449","16","13","44","ND",
"Población_de_15_a_24_años",	24053,"Axtla_de_Terrazas","2020","5,258","2,601","2,657","1,835","16","5,251","5","4","ND","ND","1","ND","2","ND","5,099","156","1","109","ND",
"Población_de_15_a_24_años",	24054,"Xilitla","2020","8,762","4,340","4,422","3,109","125","8,711","51","50","ND","ND","1","ND","ND","9","8,525","224","13","212","ND",
"Población_de_15_a_24_años",	24055,"Zaragoza","2020","5,184","2,591","2,593","4","318","5,155","17","16","ND","ND","1","ND","12","4","5,118","50","7","92","ND",
"Población_de_15_a_24_años",	24056,"Villa_de_Arista","2020","3,104","1,484","1,620","17","10","3,086","18","18","ND","ND","ND","ND","ND","10","3,017","76","11","86","ND",
"Población_de_15_a_24_años",	24057,"Matlapa","2020","4,924","2,403","2,521","2,428","30","4,904","12","12","ND","ND","ND","ND","8","1","4,782","135","4","86","ND",
"Población_de_15_a_24_años",	24058,"El_Naranjo","2020","3,276","1,657","1,619","18","25","3,231","43","40","ND","ND","3","ND","2","8","3,152","113","11","79","ND",
"Población_de_15_a_24_años",	25,"Sinaloa","2020","518,571","260,527","258,044","7,420","7,494","513,020","5,286","5,001","17","47","217","4","265","441","496,220","21,131","995","9,136","218",
"Población_de_15_a_24_años",	25001,"Ahome","2020","79,270","39,707","39,563","676","670","78,615","634","608","1","2","23","ND","21","62","76,633","2,497","124","1,504","ND",
"Población_de_15_a_24_años",	25002,"Angostura","2020","6,925","3,592","3,333","64","36","6,814","109","107","ND","ND","2","ND","2","8","6,767","138","20","120","ND",
"Población_de_15_a_24_años",	25003,"Badiraguato","2020","4,028","2,120","1,908","4","63","4,013","13","13","ND","ND","ND","ND","2","ND","3,992","35","1","66","ND",
"Población_de_15_a_24_años",	25004,"Concordia","2020","3,819","1,910","1,909","9","121","3,794","23","23","ND","ND","ND","ND","2","ND","3,657","159","2","63","ND",
"Población_de_15_a_24_años",	25005,"Cosalá","2020","2,868","1,461","1,407","ND","26","2,807","61","60","ND","ND","1","ND","ND","3","2,810","54","4","57","ND",
"Población_de_15_a_24_años",	25006,"Culiacán","2020","175,537","87,446","88,091","1,154","3,119","173,052","2,377","2,247","3","23","101","3","108","175","169,506","5,533","408","3,010","ND",
"Población_de_15_a_24_años",	25007,"Choix","2020","4,602","2,346","2,256","89","305","4,530","72","72","ND","ND","ND","ND","ND","2","4,496","83","23","72","ND",
"Población_de_15_a_24_años",	25008,"Elota","2020","10,668","5,552","5,116","905","67","10,517","133","131","ND","ND","2","ND","18","10","9,189","1,444","23","140","ND",
"Población_de_15_a_24_años",	25009,"Escuinapa","2020","10,443","5,295","5,148","894","412","10,361","80","76","1","ND","3","ND","2","10","9,542","870","26","196","73",
"Población_de_15_a_24_años",	25010,"El_Fuerte","2020","16,182","8,112","8,070","550","312","16,092","87","83","ND","ND","4","ND","3","6","15,657","509","12","297","ND",
"Población_de_15_a_24_años",	25011,"Guasave","2020","49,290","24,713","24,577","960","469","48,759","516","509","ND","ND","6","1","15","34","47,148","2,048","68","834","ND",
"Población_de_15_a_24_años",	25012,"Mazatlán","2020","84,846","42,458","42,388","385","1,157","84,232","565","469","8","21","67","ND","49","74","80,411","4,215","180","1,441","1",
"Población_de_15_a_24_años",	25013,"Mocorito","2020","5,836","2,981","2,855","ND","12","5,746","90","90","ND","ND","ND","ND","ND","4","5,764","60","12","103","ND",
"Población_de_15_a_24_años",	25014,"Rosario","2020","8,383","4,215","4,168","276","64","8,321","55","54","1","ND","ND","ND","7","4","7,830","541","9","165","ND",
"Población_de_15_a_24_años",	25015,"Salvador_Alvarado","2020","12,945","6,381","6,564","20","74","12,767","163","159","2","ND","2","ND","15","17","12,593","312","27","254","ND",
"Población_de_15_a_24_años",	25016,"San_Ignacio","2020","2,924","1,601","1,323","52","7","2,896","20","20","ND","ND","ND","ND","8","1","2,643","272","1","72","ND",
"Población_de_15_a_24_años",	25017,"Sinaloa","2020","12,858","6,617","6,241","201","124","12,694","161","160","1","ND","ND","ND","3","14","12,649","185","22","247","ND",
"Población_de_15_a_24_años",	25018,"Navolato","2020","27,147","14,020","13,127","1,181","456","27,010","127","120","ND","1","6","ND","10","17","24,933","2,176","33","495","144",
"Población_de_15_a_24_años",	26,"Sonora","2020","502,719","256,341","246,378","9,008","7,643","489,597","12,588","12,098","45","44","396","5","534","810","483,040","16,933","2,222","9,894","60",
"Población_de_15_a_24_años",	26001,"Aconchi","2020","384","207","177","ND","2","380","4","4","ND","ND","ND","ND","ND","1","378","4","2","8","ND",
"Población_de_15_a_24_años",	26002,"Agua_Prieta","2020","16,754","8,449","8,305","36","115","15,131","1,604","1,591","3","ND","10","ND","19","46","15,836","705","195","314","7",
"Población_de_15_a_24_años",	26003,"Alamos","2020","3,881","2,032","1,849","240","91","3,863","15","15","ND","ND","ND","ND","3","3","3,822","52","3","90","ND",
"Población_de_15_a_24_años",	26004,"Altar","2020","1,738","860","878","11","16","1,697","41","34","2","ND","5","ND","ND","3","1,657","74","7","49","2",
"Población_de_15_a_24_años",	26005,"Arivechi","2020","125","54","71","ND","ND","123","2","2","ND","ND","ND","ND","ND","ND","122","3","ND","4","ND",
"Población_de_15_a_24_años",	26006,"Arizpe","2020","340","185","155","ND","ND","329","11","11","ND","ND","ND","ND","ND","ND","335","4","1","13","ND",
"Población_de_15_a_24_años",	26007,"Atil","2020","86","44","42","ND","ND","82","4","4","ND","ND","ND","ND","ND","ND","86","ND","ND","1","ND",
"Población_de_15_a_24_años",	26008,"Bacadéhuachi","2020","109","55","54","ND","ND","107","2","2","ND","ND","ND","ND","ND","ND","109","ND","ND","4","ND",
"Población_de_15_a_24_años",	26009,"Bacanora","2020","65","25","40","ND","ND","64","1","1","ND","ND","ND","ND","ND","ND","64","1","ND","3","ND",
"Población_de_15_a_24_años",	26010,"Bacerac","2020","165","85","80","ND","ND","156","9","9","ND","ND","ND","ND","ND","ND","157","8","ND","3","ND",
"Población_de_15_a_24_años",	26011,"Bacoachi","2020","194","108","86","1","1","187","7","7","ND","ND","ND","ND","ND","ND","191","3","ND","4","ND",
"Población_de_15_a_24_años",	26012,"Bácum","2020","3,959","2,063","1,896","446","20","3,914","42","41","ND","ND","1","ND","3","3","3,731","219","6","72","ND",
"Población_de_15_a_24_años",	26013,"Banámichi","2020","284","142","142","ND","ND","272","12","12","ND","ND","ND","ND","ND","ND","274","9","1","4","ND",
"Población_de_15_a_24_años",	26014,"Baviácora","2020","421","225","196","ND","2","414","7","7","ND","ND","ND","ND","ND","1","417","2","2","13","ND",
"Población_de_15_a_24_años",	26015,"Bavispe","2020","153","83","70","ND","ND","143","10","10","ND","ND","ND","ND","ND","ND","151","2","ND","2","ND",
"Población_de_15_a_24_años",	26016,"Benjamín_Hill","2020","766","411","355","ND","1","759","5","5","ND","ND","ND","ND","2","1","753","10","1","22","ND",
"Población_de_15_a_24_años",	26017,"Caborca","2020","14,642","7,470","7,172","106","195","14,345","291","236","10","ND","45","ND","6","23","13,886","666","86","317","20",
"Población_de_15_a_24_años",	26018,"Cajeme","2020","72,689","36,869","35,820","339","720","71,991","665","622","5","ND","38","ND","33","74","70,749","1,748","159","1,691","3",
"Población_de_15_a_24_años",	26019,"Cananea","2020","6,226","3,165","3,061","8","62","6,023","202","200","ND","ND","2","ND","1","12","6,000","199","25","93","ND",
"Población_de_15_a_24_años",	26020,"Carbó","2020","778","424","354","16","11","774","3","3","ND","ND","ND","ND","1","ND","730","46","ND","15","ND",
"Población_de_15_a_24_años",	26021,"La_Colorada","2020","212","111","101","ND","3","210","ND","ND","ND","ND","ND","ND","2","ND","196","14","ND","ND","ND",
"Población_de_15_a_24_años",	26022,"Cucurpe","2020","120","66","54","ND","1","119","1","1","ND","ND","ND","ND","ND","ND","119","1","ND","ND","ND",
"Población_de_15_a_24_años",	26023,"Cumpas","2020","798","396","402","ND","4","740","58","58","ND","ND","ND","ND","ND","ND","793","1","4","12","ND",
"Población_de_15_a_24_años",	26024,"Divisaderos","2020","105","58","47","ND","ND","94","11","11","ND","ND","ND","ND","ND","ND","101","2","2","4","ND",
"Población_de_15_a_24_años",	26025,"Empalme","2020","8,668","4,684","3,984","548","67","8,561","104","103","1","ND","ND","ND","3","4","7,979","678","10","135","ND",
"Población_de_15_a_24_años",	26026,"Etchojoa","2020","11,158","5,820","5,338","567","209","11,114","39","39","ND","ND","ND","ND","5","3","11,087","63","8","221","ND",
"Población_de_15_a_24_años",	26027,"Fronteras","2020","1,393","714","679","8","5","1,347","45","45","ND","ND","ND","ND","1","8","1,296","86","10","19","ND",
"Población_de_15_a_24_años",	26028,"Granados","2020","116","54","62","ND","ND","113","3","3","ND","ND","ND","ND","ND","ND","116","ND","ND","3","ND",
"Población_de_15_a_24_años",	26029,"Guaymas","2020","25,594","13,039","12,555","2,379","207","25,428","157","135","ND","4","18","ND","9","17","24,956","590","37","549","ND",
"Población_de_15_a_24_años",	26030,"Hermosillo","2020","163,359","83,249","80,110","2,130","3,736","161,083","1,988","1,778","16","20","170","4","288","270","157,385","5,182","506","3,019","ND",
"Población_de_15_a_24_años",	26031,"Huachinera","2020","201","104","97","ND","ND","194","7","7","ND","ND","ND","ND","ND","ND","197","3","1","6","ND",
"Población_de_15_a_24_años",	26032,"Huásabas","2020","121","75","46","ND","ND","109","12","12","ND","ND","ND","ND","ND","2","119","ND","2","6","ND",
"Población_de_15_a_24_años",	26033,"Huatabampo","2020","12,925","6,660","6,265","549","100","12,870","52","50","1","ND","1","ND","3","3","12,779","133","9","286","ND",
"Población_de_15_a_24_años",	26034,"Huépac","2020","82","45","37","ND","ND","79","3","3","ND","ND","ND","ND","ND","1","79","2","1","1","ND",
"Población_de_15_a_24_años",	26035,"Imuris","2020","2,079","1,047","1,032","21","32","2,007","72","72","ND","ND","ND","ND","ND","3","1,962","104","12","45","ND",
"Población_de_15_a_24_años",	26036,"Magdalena","2020","5,678","2,837","2,841","15","37","5,479","194","192","ND","ND","2","ND","5","21","5,502","134","37","130","ND",
"Población_de_15_a_24_años",	26037,"Mazatán","2020","141","79","62","ND","4","140","1","1","ND","ND","ND","ND","ND","ND","141","ND","ND","2","ND",
"Población_de_15_a_24_años",	26038,"Moctezuma","2020","968","474","494","1","ND","934","34","34","ND","ND","ND","ND","ND","ND","955","12","1","14","ND",
"Población_de_15_a_24_años",	26039,"Naco","2020","992","496","496","3","7","796","195","193","2","ND","ND","ND","1","5","937","26","27","23","ND",
"Población_de_15_a_24_años",	26040,"Nácori_Chico","2020","169","96","73","1","ND","167","1","1","ND","ND","ND","ND","1","1","162","5","1","6","ND",
"Población_de_15_a_24_años",	26041,"Nacozari_de_García","2020","2,136","1,108","1,028","4","15","2,079","56","56","ND","ND","ND","ND","1","6","2,033","84","16","28","ND",
"Población_de_15_a_24_años",	26042,"Navojoa","2020","28,292","14,295","13,997","216","148","28,159","121","115","ND","ND","6","ND","12","13","27,920","339","21","579","ND",
"Población_de_15_a_24_años",	26043,"Nogales","2020","48,293","24,516","23,777","201","578","45,719","2,498","2,438","2","6","52","ND","76","153","45,231","2,531","461","837","15",
"Población_de_15_a_24_años",	26044,"Onavas","2020","48","22","26","ND","ND","48","ND","ND","ND","ND","ND","ND","ND","ND","48","ND","ND","2","ND",
"Población_de_15_a_24_años",	26045,"Opodepe","2020","302","164","138","ND","42","288","14","14","ND","ND","ND","ND","ND","1","296","2","4","9","ND",
"Población_de_15_a_24_años",	26046,"Oquitoa","2020","67","31","36","ND","ND","54","13","13","ND","ND","ND","ND","ND","ND","62","1","4","2","ND",
"Población_de_15_a_24_años",	26047,"Pitiquito","2020","1,415","750","665","69","35","1,408","7","7","ND","ND","ND","ND","ND","ND","1,368","46","1","26","ND",
"Población_de_15_a_24_años",	26048,"Puerto_Peñasco","2020","10,198","5,178","5,020","110","370","9,810","379","358","ND","11","10","ND","9","34","9,436","647","97","172","ND",
"Población_de_15_a_24_años",	26049,"Quiriego","2020","461","246","215","11","ND","459","ND","ND","ND","ND","ND","ND","2","ND","458","1","ND","18","ND",
"Población_de_15_a_24_años",	26050,"Rayón","2020","154","84","70","1","ND","151","3","2","ND","ND","1","ND","ND","ND","151","2","1","2","ND",
"Población_de_15_a_24_años",	26051,"Rosario","2020","645","330","315","1","3","637","8","8","ND","ND","ND","ND","ND","ND","638","7","ND","21","ND",
"Población_de_15_a_24_años",	26052,"Sahuaripa","2020","641","323","318","1","ND","620","21","20","ND","ND","1","ND","ND","1","635","4","2","9","ND",
"Población_de_15_a_24_años",	26053,"San_Felipe_de_Jesús","2020","49","22","27","ND","ND","47","2","2","ND","ND","ND","ND","ND","ND","49","ND","ND","ND","ND",
"Población_de_15_a_24_años",	26054,"San_Javier","2020","68","38","30","1","ND","68","ND","ND","ND","ND","ND","ND","ND","1","61","6","1","1","ND",
"Población_de_15_a_24_años",	26055,"San_Luis_Río_Colorado","2020","34,550","17,508","17,042","174","548","31,329","3,181","3,158","2","1","20","ND","40","78","32,414","1,712","395","626","13",
"Población_de_15_a_24_años",	26056,"San_Miguel_de_Horcasitas","2020","2,274","1,194","1,080","552","7","2,259","14","9","1","ND","4","ND","1","2","1,760","508","5","15","ND",
"Población_de_15_a_24_años",	26057,"San_Pedro_de_la_Cueva","2020","156","91","65","ND","ND","154","2","2","ND","ND","ND","ND","ND","ND","156","ND","ND","4","ND",
"Población_de_15_a_24_años",	26058,"Santa_Ana","2020","2,607","1,324","1,283","3","10","2,536","70","70","ND","ND","ND","ND","1","5","2,567","27","12","56","ND",
"Población_de_15_a_24_años",	26059,"Santa_Cruz","2020","259","134","125","ND","ND","255","3","3","ND","ND","ND","ND","1","1","247","11","1","5","ND",
"Población_de_15_a_24_años",	26060,"Sáric","2020","313","166","147","ND","1","280","32","32","ND","ND","ND","ND","1","2","289","18","6","9","ND",
"Población_de_15_a_24_años",	26061,"Soyopa","2020","126","67","59","ND","ND","125","1","1","ND","ND","ND","ND","ND","ND","122","4","ND","5","ND",
"Población_de_15_a_24_años",	26062,"Suaqui_Grande","2020","159","90","69","ND","ND","157","2","2","ND","ND","ND","ND","ND","ND","159","ND","ND","4","ND",
"Población_de_15_a_24_años",	26063,"Tepache","2020","137","75","62","ND","ND","127","10","10","ND","ND","ND","ND","ND","ND","136","ND","ND","7","ND",
"Población_de_15_a_24_años",	26064,"Trincheras","2020","163","96","67","ND","ND","162","1","1","ND","ND","ND","ND","ND","ND","162","1","ND","3","ND",
"Población_de_15_a_24_años",	26065,"Tubutama","2020","205","108","97","ND","ND","201","4","4","ND","ND","ND","ND","ND","ND","202","3","ND","4","ND",
"Población_de_15_a_24_años",	26066,"Ures","2020","1,068","556","512","3","8","1,040","28","27","ND","1","ND","ND","ND","ND","1,047","18","3","22","ND",
"Población_de_15_a_24_años",	26067,"Villa_Hidalgo","2020","158","78","80","ND","ND","153","5","5","ND","ND","ND","ND","ND","ND","157","ND","1","1","ND",
"Población_de_15_a_24_años",	26068,"Villa_Pesqueira","2020","124","77","47","ND","ND","124","ND","ND","ND","ND","ND","ND","ND","ND","124","ND","ND","4","ND",
"Población_de_15_a_24_años",	26069,"Yécora","2020","649","339","310","61","41","648","1","1","ND","ND","ND","ND","ND","ND","636","13","ND","19","ND",
"Población_de_15_a_24_años",	26070,"General_Plutarco_Elías_Calles","2020","2,160","1,041","1,119","4","8","1,982","177","166","ND","1","10","ND","1","6","2,027","97","33","69","ND",
"Población_de_15_a_24_años",	26071,"Benito_Juárez","2020","3,729","1,961","1,768","67","177","3,709","17","16","ND","ND","ND","1","3","2","3,693","32","2","86","ND",
"Población_de_15_a_24_años",	26072,"San_Ignacio_Río_Muerto","2020","2,475","1,269","1,206","104","4","2,471","4","4","ND","ND","ND","ND","ND","ND","2,447","28","ND","46","ND",
"Población_de_15_a_24_años",	27,"Tabasco","2020","397,215","197,214","200,001","13,690","6,165","395,637","1,360","350","219","230","559","2","218","67","387,594","7,858","616","9,137","66",
"Población_de_15_a_24_años",	27001,"Balancán","2020","9,268","4,644","4,624","213","174","9,168","99","22","65","ND","12","ND","1","2","8,856","365","43","244","ND",
"Población_de_15_a_24_años",	27002,"Cárdenas","2020","40,513","20,000","20,513","82","206","40,442","60","42","7","2","9","ND","11","8","39,847","560","17","947","ND",
"Población_de_15_a_24_años",	27003,"Centla","2020","18,697","9,403","9,294","1,373","155","18,677","8","7","1","ND","ND","ND","12","2","18,382","300","2","456","ND",
"Población_de_15_a_24_años",	27004,"Centro","2020","110,585","55,134","55,451","5,278","1,971","110,014","492","99","10","185","196","2","79","28","106,484","3,106","199","2,463","16",
"Población_de_15_a_24_años",	27005,"Comalcalco","2020","36,018","17,844","18,174","51","1,221","35,976","41","31","ND","1","9","ND","1","5","35,494","418","11","803","ND",
"Población_de_15_a_24_años",	27006,"Cunduacán","2020","22,848","11,384","11,464","54","394","22,821","22","16","2","ND","4","ND","5","3","22,460","355","5","538","ND",
"Población_de_15_a_24_años",	27007,"Emiliano_Zapata","2020","5,002","2,436","2,566","42","178","4,964","31","4","5","1","21","ND","7","2","4,762","216","18","99","ND",
"Población_de_15_a_24_años",	27008,"Huimanguillo","2020","32,902","16,111","16,791","52","318","32,814","63","48","2","ND","13","ND","25","7","32,308","539","14","801","ND",
"Población_de_15_a_24_años",	27009,"Jalapa","2020","5,878","3,044","2,834","12","18","5,871","4","3","ND","ND","1","ND","3","1","5,799","76","2","134","ND",
"Población_de_15_a_24_años",	27010,"Jalpa_de_Méndez","2020","15,863","7,947","7,916","46","448","15,842","18","14","1","ND","3","ND","3","ND","15,756","107","ND","387","ND",
"Población_de_15_a_24_años",	27011,"Jonuta","2020","5,103","2,558","2,545","125","43","5,103","ND","ND","ND","ND","ND","ND","ND","ND","5,020","83","ND","157","ND",
"Población_de_15_a_24_años",	27012,"Macuspana","2020","26,223","12,874","13,349","1,377","502","26,188","12","5","ND","ND","7","ND","23","1","26,030","172","3","644","ND",
"Población_de_15_a_24_años",	27013,"Nacajuca","2020","24,034","11,805","12,229","2,822","250","23,938","89","14","5","35","35","ND","7","1","23,614","385","29","563","ND",
"Población_de_15_a_24_años",	27014,"Paraíso","2020","15,779","7,856","7,923","28","46","15,737","38","27","ND","6","5","ND","4","2","15,560","214","5","290","ND",
"Población_de_15_a_24_años",	27015,"Tacotalpa","2020","8,247","4,132","4,115","1,503","23","8,242","4","3","ND","ND","1","ND","1","ND","8,026","201","1","198","ND",
"Población_de_15_a_24_años",	27016,"Teapa","2020","10,043","4,998","5,045","61","66","10,018","10","2","2","ND","6","ND","15","1","9,683","343","4","176","ND",
"Población_de_15_a_24_años",	27017,"Tenosique","2020","10,212","5,044","5,168","571","152","9,822","369","13","119","ND","237","ND","21","4","9,513","418","263","237","50",
"Población_de_15_a_24_años",	28,"Tamaulipas","2020","579,014","291,352","287,662","2,209","7,603","562,263","16,044","15,108","71","91","774","ND","707","856","550,410","25,183","2,752","10,852","134",
"Población_de_15_a_24_años",	28001,"Abasolo","2020","1,339","704","635","1","4","1,322","13","13","ND","ND","ND","ND","4","3","1,321","10","7","27","ND",
"Población_de_15_a_24_años",	28002,"Aldama","2020","3,981","2,006","1,975","3","18","3,954","27","26","ND","ND","1","ND","ND","2","3,915","63","3","84","ND",
"Población_de_15_a_24_años",	28003,"Altamira","2020","45,193","22,615","22,578","243","631","44,871","229","203","2","5","19","ND","93","14","42,711","2,364","28","987","ND",
"Población_de_15_a_24_años",	28004,"Antiguo_Morelos","2020","1,243","616","627","3","26","1,213","30","30","ND","ND","ND","ND","ND","1","1,195","45","3","17","ND",
"Población_de_15_a_24_años",	28005,"Burgos","2020","508","248","260","ND","3","486","22","22","ND","ND","ND","ND","ND","3","494","8","6","7","ND",
"Población_de_15_a_24_años",	28006,"Bustamante","2020","1,149","613","536","ND","ND","1,145","3","3","ND","ND","ND","ND","1","ND","1,124","25","ND","18","ND",
"Población_de_15_a_24_años",	28007,"Camargo","2020","2,244","1,131","1,113","ND","5","2,028","216","207","3","ND","6","ND","ND","1","2,193","36","15","35","ND",
"Población_de_15_a_24_años",	28008,"Casas","2020","600","323","277","1","ND","599","ND","ND","ND","ND","ND","ND","1","ND","594","5","ND","6","ND",
"Población_de_15_a_24_años",	28009,"Ciudad_Madero","2020","31,732","16,121","15,611","148","301","31,531","184","154","2","5","23","ND","17","28","30,235","1,434","51","562","ND",
"Población_de_15_a_24_años",	28010,"Cruillas","2020","214","94","120","ND","ND","210","4","4","ND","ND","ND","ND","ND","ND","210","3","1","1","ND",
"Población_de_15_a_24_años",	28011,"Gómez_Farías","2020","1,262","634","628","1","2","1,258","4","4","ND","ND","ND","ND","ND","ND","1,249","13","ND","32","ND",
"Población_de_15_a_24_años",	28012,"González","2020","6,497","3,193","3,304","30","43","6,372","117","105","ND","ND","12","ND","8","18","6,311","144","33","148","ND",
"Población_de_15_a_24_años",	28013,"Güémez","2020","2,275","1,164","1,111","5","ND","2,262","13","12","1","ND","ND","ND","ND","2","2,221","48","6","38","ND",
"Población_de_15_a_24_años",	28014,"Guerrero","2020","400","210","190","ND","1","370","30","30","ND","ND","ND","ND","ND","4","376","15","9","13","ND",
"Población_de_15_a_24_años",	28015,"Gustavo_Díaz_Ordaz","2020","2,420","1,227","1,193","3","10","2,168","252","244","ND","ND","8","ND","ND","16","2,324","53","43","44","ND",
"Población_de_15_a_24_años",	28016,"Hidalgo","2020","2,268","1,169","1,099","1","12","2,250","17","17","ND","ND","ND","ND","1","3","2,213","50","5","33","ND",
"Población_de_15_a_24_años",	28017,"Jaumave","2020","2,492","1,271","1,221","4","113","2,481","10","10","ND","ND","ND","ND","1","1","2,465","25","1","45","ND",
"Población_de_15_a_24_años",	28018,"Jiménez","2020","939","472","467","ND","1","927","12","12","ND","ND","ND","ND","ND","ND","933","4","2","25","ND",
"Población_de_15_a_24_años",	28019,"Llera","2020","2,003","1,041","962","8","6","1,991","12","12","ND","ND","ND","ND","ND","2","1,977","24","2","32","ND",
"Población_de_15_a_24_años",	28020,"Mainero","2020","259","124","135","ND","ND","258","1","1","ND","ND","ND","ND","ND","2","246","11","2","3","ND",
"Población_de_15_a_24_años",	28021,"El_Mante","2020","15,495","7,661","7,834","30","81","15,350","143","139","ND","ND","4","ND","2","14","15,218","243","34","300","ND",
"Población_de_15_a_24_años",	28022,"Matamoros","2020","94,984","47,752","47,232","304","1,304","90,373","4,554","4,312","12","12","218","ND","57","214","91,087","2,938","876","1,897","40",
"Población_de_15_a_24_años",	28023,"Méndez","2020","525","264","261","ND","ND","511","14","14","ND","ND","ND","ND","ND","ND","509","14","2","18","ND",
"Población_de_15_a_24_años",	28024,"Mier","2020","744","372","372","ND","4","717","27","27","ND","ND","ND","ND","ND","ND","675","69","ND","7","ND",
"Población_de_15_a_24_años",	28025,"Miguel_Alemán","2020","3,407","1,706","1,701","7","29","3,013","393","388","ND","ND","5","ND","1","8","3,289","65","53","44","ND",
"Población_de_15_a_24_años",	28026,"Miquihuana","2020","534","281","253","ND","3","533","1","1","ND","ND","ND","ND","ND","ND","525","9","ND","13","ND",
"Población_de_15_a_24_años",	28027,"Nuevo_Laredo","2020","74,409","37,236","37,173","139","891","70,110","4,203","3,994","28","7","174","ND","96","138","70,523","3,250","556","1,509","33",
"Población_de_15_a_24_años",	28028,"Nuevo_Morelos","2020","563","296","267","11","1","552","11","10","ND","ND","1","ND","ND","ND","536","27","ND","11","ND",
"Población_de_15_a_24_años",	28029,"Ocampo","2020","1,779","908","871","6","11","1,760","19","19","ND","ND","ND","ND","ND","5","1,734","37","8","26","ND",
"Población_de_15_a_24_años",	28030,"Padilla","2020","2,006","1,027","979","1","12","1,994","11","9","ND","ND","2","ND","1","ND","1,978","24","3","31","ND",
"Población_de_15_a_24_años",	28031,"Palmillas","2020","297","134","163","ND","ND","297","ND","ND","ND","ND","ND","ND","ND","ND","295","2","ND","5","ND",
"Población_de_15_a_24_años",	28032,"Reynosa","2020","118,889","60,136","58,753","825","2,113","115,375","3,283","3,033","10","42","198","ND","231","172","108,558","9,546","573","2,035","57",
"Población_de_15_a_24_años",	28033,"Río_Bravo","2020","22,408","11,375","11,033","63","196","21,420","984","973","ND","ND","11","ND","4","57","21,853","400","148","347","ND",
"Población_de_15_a_24_años",	28034,"San_Carlos","2020","892","475","417","ND","2","890","1","1","ND","ND","ND","ND","1","ND","889","3","ND","17","ND",
"Población_de_15_a_24_años",	28035,"San_Fernando","2020","7,603","3,768","3,835","1","38","7,442","161","160","ND","ND","1","ND","ND","12","7,487","95","21","171","ND",
"Población_de_15_a_24_años",	28036,"San_Nicolás","2020","133","67","66","ND","ND","133","ND","ND","ND","ND","ND","ND","ND","ND","133","ND","ND","2","ND",
"Población_de_15_a_24_años",	28037,"Soto_la_Marina","2020","3,382","1,749","1,633","4","43","3,354","28","27","ND","ND","1","ND","ND","2","3,302","76","4","55","ND",
"Población_de_15_a_24_años",	28038,"Tampico","2020","46,308","23,340","22,968","271","802","45,986","294","215","10","17","52","ND","28","54","43,293","2,884","110","863","4",
"Población_de_15_a_24_años",	28039,"Tula","2020","4,192","2,087","2,105","4","17","4,142","49","49","ND","ND","ND","ND","1","11","4,109","66","16","62","ND",
"Población_de_15_a_24_años",	28040,"Valle_Hermoso","2020","9,719","4,792","4,927","7","35","9,338","381","377","1","ND","3","ND","ND","38","9,529","125","65","212","ND",
"Población_de_15_a_24_años",	28041,"Victoria","2020","57,731","28,961","28,770","83","815","57,299","276","237","2","3","34","ND","156","28","56,637","884","62","994","ND",
"Población_de_15_a_24_años",	28042,"Villagrán","2020","642","332","310","ND","2","641","1","1","ND","ND","ND","ND","ND","ND","616","26","ND","14","ND",
"Población_de_15_a_24_años",	28043,"Xicoténcatl","2020","3,354","1,657","1,697","2","28","3,337","14","13","ND","ND","1","ND","3","3","3,328","20","4","62","ND",
"Población_de_15_a_24_años",	29,"Tlaxcala","2020","235,144","118,270","116,874","2,667","3,087","233,795","1,166","1,043","14","8","101","ND","183","93","226,318","8,333","226","4,450","17",
"Población_de_15_a_24_años",	29001,"Amaxac_de_Guerrero","2020","1,933","982","951","3","25","1,927","4","4","ND","ND","ND","ND","2","ND","1,862","69","ND","32","ND",
"Población_de_15_a_24_años",	29002,"Apetatitlán_de_Antonio_Carvajal","2020","2,663","1,361","1,302","4","23","2,651","10","8","ND","ND","2","ND","2","2","2,568","89","4","52","2",
"Población_de_15_a_24_años",	29003,"Atlangatepec","2020","1,276","619","657","2","4","1,271","5","4","ND","ND","1","ND","ND","ND","1,243","31","2","19","ND",
"Población_de_15_a_24_años",	29004,"Atltzayanca","2020","3,209","1,633","1,576","3","57","3,205","4","4","ND","ND","ND","ND","ND","ND","3,132","77","ND","59","ND",
"Población_de_15_a_24_años",	29005,"Apizaco","2020","13,734","6,898","6,836","71","201","13,645","68","35","2","ND","31","ND","21","8","13,001","599","35","257","15",
"Población_de_15_a_24_años",	29006,"Calpulalpan","2020","9,142","4,516","4,626","26","123","9,108","21","20","ND","ND","1","ND","13","2","8,738","388","5","228","ND",
"Población_de_15_a_24_años",	29007,"El_Carmen_Tequexquitla","2020","3,350","1,663","1,687","5","11","3,342","7","7","ND","ND","ND","ND","1","1","3,260","87","1","52","ND",
"Población_de_15_a_24_años",	29008,"Cuapiaxtla","2020","3,064","1,551","1,513","3","31","3,058","6","6","ND","ND","ND","ND","ND","ND","2,957","107","ND","68","ND",
"Población_de_15_a_24_años",	29009,"Cuaxomulco","2020","1,058","532","526","6","ND","1,057","1","1","ND","ND","ND","ND","ND","ND","1,036","22","ND","29","ND",
"Población_de_15_a_24_años",	29010,"Chiautempan","2020","12,492","6,339","6,153","122","176","12,404","71","66","ND","ND","5","ND","17","2","12,183","282","13","218","ND",
"Población_de_15_a_24_años",	29011,"Muñoz_de_Domingo_Arenas","2020","823","409","414","ND","11","820","3","3","ND","ND","ND","ND","ND","1","802","20","1","10","ND",
"Población_de_15_a_24_años",	29012,"Españita","2020","1,591","784","807","2","5","1,582","9","9","ND","ND","ND","ND","ND","ND","1,517","74","ND","41","ND",
"Población_de_15_a_24_años",	29013,"Huamantla","2020","18,352","9,176","9,176","21","122","18,325","25","16","ND","ND","9","ND","2","ND","17,872","475","3","453","ND",
"Población_de_15_a_24_años",	29014,"Hueyotlipan","2020","2,589","1,303","1,286","4","20","2,558","31","31","ND","ND","ND","ND","ND","4","2,520","64","4","75","ND",
"Población_de_15_a_24_años",	29015,"Ixtacuixtla_de_Mariano_Matamoros","2020","6,732","3,415","3,317","18","46","6,656","59","57","1","ND","1","ND","17","4","6,526","199","4","113","ND",
"Población_de_15_a_24_años",	29016,"Ixtenco","2020","1,274","653","621","25","10","1,266","8","8","ND","ND","ND","ND","ND","1","1,208","65","1","29","ND",
"Población_de_15_a_24_años",	29017,"Mazatecochco_de_José_María_Morelos","2020","2,114","1,075","1,039","55","124","2,107","6","6","ND","ND","ND","ND","1","ND","2,069","44","ND","25","ND",
"Población_de_15_a_24_años",	29018,"Contla_de_Juan_Cuamatzi","2020","6,797","3,451","3,346","224","85","6,789","7","7","ND","ND","ND","ND","1","1","6,723","72","2","158","ND",
"Población_de_15_a_24_años",	29019,"Tepetitla_de_Lardizábal","2020","4,242","2,089","2,153","9","10","4,221","20","19","ND","ND","1","ND","1","2","3,997","242","3","80","ND",
"Población_de_15_a_24_años",	29020,"Sanctórum_de_Lázaro_Cárdenas","2020","1,565","787","778","2","13","1,562","3","3","ND","ND","ND","ND","ND","ND","1,507","58","ND","37","ND",
"Población_de_15_a_24_años",	29021,"Nanacamilpa_de_Mariano_Arista","2020","3,160","1,580","1,580","8","22","3,138","21","17","ND","ND","4","ND","1","2","3,004","148","8","91","ND",
"Población_de_15_a_24_años",	29022,"Acuamanala_de_Miguel_Hidalgo","2020","1,212","632","580","2","6","1,202","9","8","ND","ND","1","ND","1","2","1,180","30","2","11","ND",
"Población_de_15_a_24_años",	29023,"Natívitas","2020","4,634","2,336","2,298","5","44","4,586","45","44","1","ND","ND","ND","3","4","4,455","173","6","84","ND",
"Población_de_15_a_24_años",	29024,"Panotla","2020","5,022","2,415","2,607","33","150","5,008","10","7","1","ND","2","ND","4","3","4,690","325","6","73","ND",
"Población_de_15_a_24_años",	29025,"San_Pablo_del_Monte","2020","16,175","8,198","7,977","1,419","143","16,156","13","12","1","ND","ND","ND","6","4","15,627","543","4","244","ND",
"Población_de_15_a_24_años",	29026,"Santa_Cruz_Tlaxcala","2020","4,260","2,132","2,128","48","57","4,244","14","13","ND","ND","1","ND","2","ND","3,986","272","1","116","ND",
"Población_de_15_a_24_años",	29027,"Tenancingo","2020","2,272","1,163","1,109","6","15","2,249","20","20","ND","ND","ND","ND","3","1","2,164","103","1","25","ND",
"Población_de_15_a_24_años",	29028,"Teolocholco","2020","4,541","2,283","2,258","93","24","4,517","18","18","ND","ND","ND","ND","6","5","4,417","114","7","72","ND",
"Población_de_15_a_24_años",	29029,"Tepeyanco","2020","2,296","1,187","1,109","10","22","2,285","11","11","ND","ND","ND","ND","ND","1","2,249","44","2","25","ND",
"Población_de_15_a_24_años",	29030,"Terrenate","2020","2,766","1,398","1,368","6","22","2,753","13","12","1","ND","ND","ND","ND","2","2,701","61","3","43","ND",
"Población_de_15_a_24_años",	29031,"Tetla_de_la_Solidaridad","2020","6,431","3,258","3,173","17","95","6,411","20","18","ND","ND","2","ND","ND","3","6,126","300","5","109","ND",
"Población_de_15_a_24_años",	29032,"Tetlatlahuca","2020","2,274","1,140","1,134","2","19","2,262","12","12","ND","ND","ND","ND","ND","1","2,230","43","1","28","ND",
"Población_de_15_a_24_años",	29033,"Tlaxcala","2020","16,243","8,102","8,141","98","194","16,152","79","49","4","6","20","ND","12","6","15,395","770","24","268","ND",
"Población_de_15_a_24_años",	29034,"Tlaxco","2020","8,009","3,961","4,048","16","24","7,942","65","63","ND","ND","2","ND","2","7","7,650","346","11","175","ND",
"Población_de_15_a_24_años",	29035,"Tocatlán","2020","1,135","575","560","3","5","1,134","1","1","ND","ND","ND","ND","ND","ND","1,120","15","ND","17","ND",
"Población_de_15_a_24_años",	29036,"Totolac","2020","3,821","1,933","1,888","29","114","3,806","11","10","ND","ND","1","ND","4","ND","3,654","162","1","72","ND",
"Población_de_15_a_24_años",	29037,"Ziltlaltépec_de_Trinidad_Sánchez_Santos","2020","1,714","856","858","4","3","1,705","7","7","ND","ND","ND","ND","2","1","1,600","106","6","44","ND",
"Población_de_15_a_24_años",	29038,"Tzompantepec","2020","3,365","1,728","1,637","4","33","3,356","9","8","ND","ND","1","ND","ND","ND","3,181","178","ND","89","ND",
"Población_de_15_a_24_años",	29039,"Xaloztoc","2020","4,821","2,509","2,312","8","212","4,806","13","12","ND","ND","1","ND","2","1","4,710","106","2","95","ND",
"Población_de_15_a_24_años",	29040,"Xaltocan","2020","1,839","898","941","4","22","1,826","13","13","ND","ND","ND","ND","ND","ND","1,780","58","1","32","ND",
"Población_de_15_a_24_años",	29041,"Papalotla_de_Xicohténcatl","2020","5,876","2,926","2,950","69","39","5,792","70","68","2","ND","ND","ND","14","1","5,551","309","5","95","ND",
"Población_de_15_a_24_años",	29042,"Xicohtzinco","2020","2,359","1,210","1,149","12","111","2,326","33","32","ND","ND","1","ND","ND","4","2,260","92","6","41","ND",
"Población_de_15_a_24_años",	29043,"Yauhquemehcan","2020","7,380","3,748","3,632","19","35","7,345","31","22","1","1","7","ND","4","5","7,036","333","11","169","ND",
"Población_de_15_a_24_años",	29044,"Zacatelco","2020","8,111","4,074","4,037","41","122","8,006","101","95","ND","ND","6","ND","4","3","7,830","266","13","131","ND",
"Población_de_15_a_24_años",	29045,"Benito_Juárez","2020","1,114","527","587","2","9","1,107","5","5","ND","ND","ND","ND","2","ND","1,070","42","2","39","ND",
"Población_de_15_a_24_años",	29046,"Emiliano_Zapata","2020","911","454","457","ND","ND","907","4","4","ND","ND","ND","ND","ND","ND","898","13","ND","18","ND",
"Población_de_15_a_24_años",	29047,"Lázaro_Cárdenas","2020","658","329","329","ND","1","655","3","3","ND","ND","ND","ND","ND","ND","642","16","ND","9","ND",
"Población_de_15_a_24_años",	29048,"La_Magdalena_Tlaltelulco","2020","343","166","177","2","32","318","1","1","ND","ND","ND","ND","24","ND","311","7","ND","11","ND",
"Población_de_15_a_24_años",	29049,"San_Damián_Texóloc","2020","1,022","529","493","1","71","1,017","5","4","ND","1","ND","ND","ND","1","1,006","14","2","8","ND",
"Población_de_15_a_24_años",	29050,"San_Francisco_Tetlanohcan","2020","2,147","1,062","1,085","59","65","2,118","29","29","ND","ND","ND","ND","ND","2","2,091","51","4","25","ND",
"Población_de_15_a_24_años",	29051,"San_Jerónimo_Zacualpan","2020","684","341","343","ND","14","683","1","1","ND","ND","ND","ND","ND","ND","674","10","ND","9","ND",
"Población_de_15_a_24_años",	29052,"San_José_Teacalco","2020","1,162","619","543","1","6","1,157","5","4","ND","ND","1","ND","ND","3","1,119","38","5","29","ND",
"Población_de_15_a_24_años",	29053,"San_Juan_Huactzinco","2020","1,392","703","689","7","58","1,383","3","3","ND","ND","ND","ND","6","ND","1,356","30","ND","17","ND",
"Población_de_15_a_24_años",	29054,"San_Lorenzo_Axocomanitla","2020","972","487","485","2","123","968","4","4","ND","ND","ND","ND","ND","ND","948","24","ND","17","ND",
"Población_de_15_a_24_años",	29055,"San_Lucas_Tecopilco","2020","529","276","253","ND","1","524","5","5","ND","ND","ND","ND","ND","ND","525","4","ND","4","ND",
"Población_de_15_a_24_años",	29056,"Santa_Ana_Nopalucan","2020","1,314","676","638","ND","42","1,310","4","4","ND","ND","ND","ND","ND","ND","1,292","22","ND","8","ND",
"Población_de_15_a_24_años",	29057,"Santa_Apolonia_Teacalco","2020","831","397","434","ND","7","816","15","15","ND","ND","ND","ND","ND","ND","817","12","2","11","ND",
"Población_de_15_a_24_años",	29058,"Santa_Catarina_Ayometla","2020","1,756","894","862","6","12","1,716","37","37","ND","ND","ND","ND","3","1","1,700","51","4","30","ND",
"Población_de_15_a_24_años",	29059,"Santa_Cruz_Quilehtla","2020","1,525","777","748","19","6","1,489","36","36","ND","ND","ND","ND","ND","2","1,497","25","3","20","ND",
"Población_de_15_a_24_años",	29060,"Santa_Isabel_Xiloxoxtla","2020","1,068","555","513","7","10","1,066","2","2","ND","ND","ND","ND","ND","ND","1,055","13","ND","11","ND",
"Población_de_15_a_24_años",	30,"Veracruz_de_Ignacio_de_la_Llave","2020","1,281,942","636,512","645,430","96,585","33,488","1,275,115","5,929","5,022","99","122","677","9","898","563","1,249,790","29,682","1,343","27,131","96",
"Población_de_15_a_24_años",	30001,"Acajete","2020","1,836","986","850","2","11","1,836","ND","ND","ND","ND","ND","ND","ND","ND","1,822","14","ND","45","ND",
"Población_de_15_a_24_años",	30002,"Acatlán","2020","603","287","316","ND","36","600","3","3","ND","ND","ND","ND","ND","ND","596","7","ND","21","ND",
"Población_de_15_a_24_años",	30003,"Acayucan","2020","12,666","6,271","6,395","374","119","12,536","127","40","25","1","60","1","3","6","12,287","267","90","276","62",
"Población_de_15_a_24_años",	30004,"Actopan","2020","5,899","2,952","2,947","11","413","5,787","112","109","ND","ND","3","ND","ND","7","5,803","80","15","137","ND",
"Población_de_15_a_24_años",	30005,"Acula","2020","732","393","339","1","5","731","1","1","ND","ND","ND","ND","ND","ND","714","18","ND","12","ND",
"Población_de_15_a_24_años",	30006,"Acultzingo","2020","4,430","2,174","2,256","618","25","4,417","12","12","ND","ND","ND","ND","1","ND","4,362","66","ND","131","ND",
"Población_de_15_a_24_años",	30007,"Camarón_de_Tejeda","2020","951","493","458","ND","2","944","7","7","ND","ND","ND","ND","ND","ND","941","10","ND","25","ND",
"Población_de_15_a_24_años",	30008,"Alpatláhuac","2020","1,850","889","961","5","2","1,848","2","2","ND","ND","ND","ND","ND","3","1,808","39","3","52","ND",
"Población_de_15_a_24_años",	30009,"Alto_Lucero_de_Gutiérrez_Barrios","2020","3,996","2,025","1,971","4","35","3,938","58","58","ND","ND","ND","ND","ND","8","3,895","56","16","132","ND",
"Población_de_15_a_24_años",	30010,"Altotonga","2020","12,106","5,782","6,324","16","27","12,075","27","24","ND","ND","3","ND","4","7","11,893","200","9","253","ND",
"Población_de_15_a_24_años",	30011,"Alvarado","2020","9,210","4,914","4,296","11","417","9,140","66","34","ND","5","25","2","4","13","8,222","950","35","156","ND",
"Población_de_15_a_24_años",	30012,"Amatitlán","2020","1,103","574","529","5","36","1,099","4","4","ND","ND","ND","ND","ND","ND","1,081","21","1","17","ND",
"Población_de_15_a_24_años",	30013,"Naranjos_Amatlán","2020","3,928","1,917","2,011","20","118","3,925","3","3","ND","ND","ND","ND","ND","ND","3,820","108","ND","81","ND",
"Población_de_15_a_24_años",	30014,"Amatlán_de_los_Reyes","2020","7,464","3,802","3,662","55","94","7,406","52","52","ND","ND","ND","ND","6","5","7,244","114","8","184","ND",
"Población_de_15_a_24_años",	30015,"Angel_R._Cabada","2020","4,773","2,398","2,375","10","63","4,758","14","13","1","ND","ND","ND","1","3","4,626","139","5","93","ND",
"Población_de_15_a_24_años",	30016,"La_Antigua","2020","4,504","2,280","2,224","5","190","4,466","31","29","ND","ND","2","ND","7","3","4,383","110","5","107","ND",
"Población_de_15_a_24_años",	30017,"Apazapan","2020","645","324","321","ND","17","631","14","14","ND","ND","ND","ND","ND","ND","630","15","ND","17","ND",
"Población_de_15_a_24_años",	30018,"Aquila","2020","322","139","183","2","85","322","ND","ND","ND","ND","ND","ND","ND","ND","309","10","ND","10","ND",
"Población_de_15_a_24_años",	30019,"Astacinga","2020","1,163","545","618","1,107","28","1,159","4","4","ND","ND","ND","ND","ND","3","1,139","21","3","13","ND",
"Población_de_15_a_24_años",	30020,"Atlahuilco","2020","2,384","1,129","1,255","2,241","22","2,383","1","1","ND","ND","ND","ND","ND","ND","2,350","34","ND","37","ND",
"Población_de_15_a_24_años",	30021,"Atoyac","2020","3,456","1,704","1,752","4","95","3,429","27","27","ND","ND","ND","ND","ND","4","3,376","75","5","68","ND",
"Población_de_15_a_24_años",	30022,"Atzacan","2020","4,410","2,225","2,185","17","76","4,405","5","5","ND","ND","ND","ND","ND","ND","4,361","49","ND","96","ND",
"Población_de_15_a_24_años",	30023,"Atzalan","2020","8,287","4,024","4,263","7","23","8,253","34","32","2","ND","ND","ND","ND","7","8,094","182","10","202","ND",
"Población_de_15_a_24_años",	30024,"Tlaltetela","2020","3,089","1,602","1,487","7","12","3,077","11","10","ND","ND","1","ND","1","3","3,055","29","5","53","ND",
"Población_de_15_a_24_años",	30025,"Ayahualulco","2020","4,371","2,087","2,284","6","76","4,366","2","2","ND","ND","ND","ND","3","ND","4,264","103","1","117","ND",
"Población_de_15_a_24_años",	30026,"Banderilla","2020","4,634","2,276","2,358","6","103","4,613","21","13","ND","ND","8","ND","ND","ND","4,543","88","3","74","ND",
"Población_de_15_a_24_años",	30027,"Benito_Juárez","2020","2,503","1,223","1,280","1,834","514","2,496","5","4","1","ND","ND","ND","2","ND","2,459","44","ND","43","ND",
"Población_de_15_a_24_años",	30028,"Boca_del_Río","2020","20,665","10,397","10,268","57","1,039","20,509","136","77","1","22","36","ND","20","24","20,021","575","49","337","ND",
"Población_de_15_a_24_años",	30029,"Calcahualco","2020","2,615","1,333","1,282","7","17","2,613","2","1","1","ND","ND","ND","ND","2","2,548","64","3","52","ND",
"Población_de_15_a_24_años",	30030,"Camerino_Z._Mendoza","2020","6,963","3,474","3,489","1,650","161","6,939","21","20","ND","ND","1","ND","3","4","6,841","113","6","100","ND",
"Población_de_15_a_24_años",	30031,"Carrillo_Puerto","2020","3,034","1,481","1,553","5","83","3,001","33","33","ND","ND","ND","ND","ND","6","3,001","23","10","47","ND",
"Población_de_15_a_24_años",	30032,"Catemaco","2020","7,944","3,816","4,128","15","44","7,929","15","14","1","ND","ND","ND","ND","1","7,772","167","5","169","ND",
"Población_de_15_a_24_años",	30033,"Cazones_de_Herrera","2020","3,737","1,799","1,938","108","35","3,731","6","4","ND","ND","2","ND","ND","ND","3,615","120","2","80","ND",
"Población_de_15_a_24_años",	30034,"Cerro_Azul","2020","3,506","1,759","1,747","9","82","3,502","4","4","ND","ND","ND","ND","ND","1","3,385","120","1","82","ND",
"Población_de_15_a_24_años",	30035,"Citlaltépetl","2020","1,575","782","793","30","17","1,575","ND","ND","ND","ND","ND","ND","ND","ND","1,505","70","ND","50","ND",
"Población_de_15_a_24_años",	30036,"Coacoatzintla","2020","2,066","1,023","1,043","2","210","2,045","21","21","ND","ND","ND","ND","ND","1","2,039","26","1","61","ND",
"Población_de_15_a_24_años",	30037,"Coahuitlán","2020","1,444","703","741","645","5","1,444","ND","ND","ND","ND","ND","ND","ND","ND","1,424","20","ND","23","ND",
"Población_de_15_a_24_años",	30038,"Coatepec","2020","14,927","7,641","7,286","20","358","14,794","67","59","ND","1","7","ND","66","7","14,654","205","8","299","ND",
"Población_de_15_a_24_años",	30039,"Coatzacoalcos","2020","45,821","22,896","22,925","323","1,023","45,455","188","99","2","5","82","ND","178","7","44,071","1,516","54","1,168","12",
"Población_de_15_a_24_años",	30040,"Coatzintla","2020","8,433","4,226","4,207","207","56","8,408","21","16","ND","3","2","ND","4","ND","8,259","164","7","141","ND",
"Población_de_15_a_24_años",	30041,"Coetzala","2020","450","232","218","168","5","450","ND","ND","ND","ND","ND","ND","ND","ND","444","6","ND","14","ND",
"Población_de_15_a_24_años",	30042,"Colipa","2020","863","426","437","2","7","838","25","25","ND","ND","ND","ND","ND","ND","834","28","1","9","ND",
"Población_de_15_a_24_años",	30043,"Comapa","2020","3,324","1,652","1,672","1","47","3,312","12","11","1","ND","ND","ND","ND","4","3,295","22","7","91","ND",
"Población_de_15_a_24_años",	30044,"Córdoba","2020","31,587","15,882","15,705","331","845","31,460","123","113","ND","ND","10","ND","4","7","30,967","594","24","637","ND",
"Población_de_15_a_24_años",	30045,"Cosamaloapan_de_Carpio","2020","7,604","3,795","3,809","247","229","7,563","31","30","1","ND","ND","ND","10","1","7,338","254","4","143","ND",
"Población_de_15_a_24_años",	30046,"Cosautlán_de_Carvajal","2020","2,738","1,344","1,394","ND","3","2,737","1","ND","ND","ND","1","ND","ND","ND","2,698","40","ND","79","ND",
"Población_de_15_a_24_años",	30047,"Coscomatepec","2020","12,146","5,942","6,204","15","424","12,107","39","36","1","2","ND","ND","ND","10","12,017","116","11","200","ND",
"Población_de_15_a_24_años",	30048,"Cosoleacaque","2020","20,370","9,962","10,408","250","235","20,317","48","31","2","ND","15","ND","5","1","19,814","539","13","433","ND",
"Población_de_15_a_24_años",	30049,"Cotaxtla","2020","3,478","1,756","1,722","18","43","3,445","33","33","ND","ND","ND","ND","ND","2","3,410","63","5","87","ND",
"Población_de_15_a_24_años",	30050,"Coxquihui","2020","2,684","1,343","1,341","1,677","54","2,682","2","2","ND","ND","ND","ND","ND","ND","2,629","55","ND","53","ND",
"Población_de_15_a_24_años",	30051,"Coyutla","2020","3,509","1,674","1,835","1,360","28","3,502","6","6","ND","ND","ND","ND","1","2","3,429","77","3","62","ND",
"Población_de_15_a_24_años",	30052,"Cuichapa","2020","1,832","889","943","9","47","1,810","21","20","ND","ND","1","ND","1","ND","1,793","37","2","42","ND",
"Población_de_15_a_24_años",	30053,"Cuitláhuac","2020","4,369","2,182","2,187","33","694","4,280","88","84","ND","ND","4","ND","1","2","4,311","53","5","74","ND",
"Población_de_15_a_24_años",	30054,"Chacaltianguis","2020","1,479","732","747","4","14","1,471","8","8","ND","ND","ND","ND","ND","ND","1,438","41","ND","40","ND",
"Población_de_15_a_24_años",	30055,"Chalma","2020","1,799","926","873","473","12","1,797","2","2","ND","ND","ND","ND","ND","ND","1,676","123","ND","39","ND",
"Población_de_15_a_24_años",	30056,"Chiconamel","2020","906","430","476","312","2","905","1","1","ND","ND","ND","ND","ND","ND","873","33","ND","15","ND",
"Población_de_15_a_24_años",	30057,"Chiconquiaco","2020","2,671","1,309","1,362","1","15","2,654","17","17","ND","ND","ND","ND","ND","1","2,656","13","2","64","ND",
"Población_de_15_a_24_años",	30058,"Chicontepec","2020","7,149","3,598","3,551","3,341","56","7,146","3","2","ND","ND","1","ND","ND","2","6,904","236","3","176","ND",
"Población_de_15_a_24_años",	30059,"Chinameca","2020","3,356","1,616","1,740","28","516","3,351","5","5","ND","ND","ND","ND","ND","ND","3,284","72","ND","80","ND",
"Población_de_15_a_24_años",	30060,"Chinampa_de_Gorostiza","2020","2,512","1,199","1,313","2","66","2,512","ND","ND","ND","ND","ND","ND","ND","ND","2,452","60","ND","51","ND",
"Población_de_15_a_24_años",	30061,"Las_Choapas","2020","13,344","6,515","6,829","574","95","13,186","155","151","ND","ND","4","ND","3","2","12,981","348","11","300","ND",
"Población_de_15_a_24_años",	30062,"Chocamán","2020","3,729","1,906","1,823","7","29","3,718","10","10","ND","ND","ND","ND","1","1","3,688","40","1","83","ND",
"Población_de_15_a_24_años",	30063,"Chontla","2020","1,935","966","969","70","9","1,934","ND","ND","ND","ND","ND","ND","1","ND","1,840","94","ND","63","ND",
"Población_de_15_a_24_años",	30064,"Chumatlán","2020","668","333","335","568","47","668","ND","ND","ND","ND","ND","ND","ND","ND","658","10","ND","15","ND",
"Población_de_15_a_24_años",	30065,"Emiliano_Zapata","2020","13,698","6,880","6,818","36","426","13,618","78","67","ND","ND","10","1","2","7","13,332","348","15","264","ND",
"Población_de_15_a_24_años",	30066,"Espinal","2020","4,147","2,053","2,094","1,076","321","4,132","13","12","ND","ND","1","ND","2","ND","4,078","67","1","81","ND",
"Población_de_15_a_24_años",	30067,"Filomeno_Mata","2020","4,144","1,948","2,196","3,916","14","4,141","ND","ND","ND","ND","ND","ND","3","ND","4,110","33","ND","74","ND",
"Población_de_15_a_24_años",	30068,"Fortín","2020","10,605","5,327","5,278","48","179","10,552","53","46","1","2","4","ND","ND","7","10,402","190","12","227","ND",
"Población_de_15_a_24_años",	30069,"Gutiérrez_Zamora","2020","3,337","1,609","1,728","13","21","3,324","13","13","ND","ND","ND","ND","ND","ND","3,239","98","ND","75","ND",
"Población_de_15_a_24_años",	30070,"Hidalgotitlán","2020","2,834","1,407","1,427","14","95","2,800","34","33","1","ND","ND","ND","ND","4","2,731","95","8","81","ND",
"Población_de_15_a_24_años",	30071,"Huatusco","2020","10,998","5,439","5,559","14","141","10,976","20","18","ND","1","1","ND","2","4","10,799","193","5","193","ND",
"Población_de_15_a_24_años",	30072,"Huayacocotla","2020","3,610","1,771","1,839","136","67","3,582","15","15","ND","ND","ND","ND","13","2","3,459","139","2","115","ND",
"Población_de_15_a_24_años",	30073,"Hueyapan_de_Ocampo","2020","6,477","3,194","3,283","1,742","602","6,463","14","14","ND","ND","ND","ND","ND","ND","6,365","110","ND","120","ND",
"Población_de_15_a_24_años",	30074,"Huiloapan_de_Cuauhtémoc","2020","1,266","640","626","12","33","1,264","2","2","ND","ND","ND","ND","ND","ND","1,252","14","ND","30","ND",
"Población_de_15_a_24_años",	30075,"Ignacio_de_la_Llave","2020","2,328","1,146","1,182","5","108","2,313","15","15","ND","ND","ND","ND","ND","ND","2,286","41","1","56","ND",
"Población_de_15_a_24_años",	30076,"Ilamatlán","2020","2,239","1,097","1,142","1,884","188","2,238","1","1","ND","ND","ND","ND","ND","ND","2,183","55","1","28","ND",
"Población_de_15_a_24_años",	30077,"Isla","2020","6,425","3,199","3,226","132","385","6,383","41","38","ND","ND","3","ND","1","11","6,274","135","16","117","ND",
"Población_de_15_a_24_años",	30078,"Ixcatepec","2020","1,853","957","896","398","13","1,851","2","1","ND","ND","1","ND","ND","3","1,779","70","4","61","ND",
"Población_de_15_a_24_años",	30079,"Ixhuacán_de_los_Reyes","2020","1,969","964","1,005","7","94","1,965","3","3","ND","ND","ND","ND","1","ND","1,915","54","ND","54","ND",
"Población_de_15_a_24_años",	30080,"Ixhuatlán_del_Café","2020","4,196","2,167","2,029","4","55","4,186","10","10","ND","ND","ND","ND","ND","7","4,121","68","7","81","ND",
"Población_de_15_a_24_años",	30081,"Ixhuatlancillo","2020","4,748","2,339","2,409","1,022","84","4,724","24","23","ND","ND","1","ND","ND","7","4,642","98","8","99","ND",
"Población_de_15_a_24_años",	30082,"Ixhuatlán_del_Sureste","2020","2,423","1,189","1,234","4","22","2,419","3","2","ND","ND","1","ND","1","1","2,386","35","1","49","ND",
"Población_de_15_a_24_años",	30083,"Ixhuatlán_de_Madero","2020","7,571","3,825","3,746","4,146","543","7,566","3","3","ND","ND","ND","ND","2","2","7,295","272","2","184","ND",
"Población_de_15_a_24_años",	30084,"Ixmatlahuacan","2020","740","362","378","1","2","738","1","1","ND","ND","ND","ND","1","2","727","11","2","11","ND",
"Población_de_15_a_24_años",	30085,"Ixtaczoquitlán","2020","12,223","6,028","6,195","337","107","12,187","33","29","1","ND","3","ND","3","13","11,950","254","17","273","ND",
"Población_de_15_a_24_años",	30086,"Jalacingo","2020","8,930","4,357","4,573","10","88","8,916","10","10","ND","ND","ND","ND","4","2","8,647","267","3","220","ND",
"Población_de_15_a_24_años",	30087,"Xalapa","2020","81,689","40,621","41,068","266","2,860","81,125","503","385","7","11","100","ND","61","49","79,600","1,901","130","1,713","1",
"Población_de_15_a_24_años",	30088,"Jalcomulco","2020","676","348","328","1","25","673","3","3","ND","ND","ND","ND","ND","ND","664","12","ND","11","ND",
"Población_de_15_a_24_años",	30089,"Jáltipan","2020","5,522","2,749","2,773","23","76","5,505","15","13","1","ND","1","ND","2","ND","5,321","198","1","170","ND",
"Población_de_15_a_24_años",	30090,"Jamapa","2020","1,660","855","805","ND","57","1,649","11","10","ND","ND","1","ND","ND","1","1,645","14","1","39","ND",
"Población_de_15_a_24_años",	30091,"Jesús_Carranza","2020","4,442","2,233","2,209","63","55","4,347","92","89","ND","ND","3","ND","3","4","4,135","296","10","96","ND",
"Población_de_15_a_24_años",	30092,"Xico","2020","7,058","3,577","3,481","8","238","7,043","11","11","ND","ND","ND","ND","4","ND","7,006","50","ND","96","ND",
"Población_de_15_a_24_años",	30093,"Jilotepec","2020","2,857","1,408","1,449","3","31","2,838","18","18","ND","ND","ND","ND","1","1","2,833","23","1","63","ND",
"Población_de_15_a_24_años",	30094,"Juan_Rodríguez_Clara","2020","5,715","2,839","2,876","143","27","5,665","50","48","ND","ND","2","ND","ND","3","5,588","123","4","100","ND",
"Población_de_15_a_24_años",	30095,"Juchique_de_Ferrer","2020","2,204","1,108","1,096","2","21","2,147","57","57","ND","ND","ND","ND","ND","2","2,162","37","5","51","ND",
"Población_de_15_a_24_años",	30096,"Landero_y_Coss","2020","210","114","96","1","1","193","16","16","ND","ND","ND","ND","1","ND","207","2","1","2","ND",
"Población_de_15_a_24_años",	30097,"Lerdo_de_Tejada","2020","2,684","1,317","1,367","10","50","2,677","7","7","ND","ND","ND","ND","ND","ND","2,665","19","ND","58","ND",
"Población_de_15_a_24_años",	30098,"Magdalena","2020","675","324","351","542","3","675","ND","ND","ND","ND","ND","ND","ND","ND","649","10","ND","27","ND",
"Población_de_15_a_24_años",	30099,"Maltrata","2020","3,434","1,697","1,737","3","162","3,411","20","20","ND","ND","ND","ND","3","1","3,395","36","2","54","ND",
"Población_de_15_a_24_años",	30100,"Manlio_Fabio_Altamirano","2020","3,595","1,829","1,766","3","23","3,580","15","14","1","ND","ND","ND","ND","2","3,543","50","2","70","ND",
"Población_de_15_a_24_años",	30101,"Mariano_Escobedo","2020","7,198","3,551","3,647","18","50","7,173","25","22","ND","ND","3","ND","ND","3","7,094","99","5","150","ND",
"Población_de_15_a_24_años",	30102,"Martínez_de_la_Torre","2020","18,040","8,958","9,082","76","112","17,933","104","97","1","ND","6","ND","3","12","17,558","453","28","423","ND",
"Población_de_15_a_24_años",	30103,"Mecatlán","2020","2,289","1,123","1,166","2,031","27","2,288","1","1","ND","ND","ND","ND","ND","1","2,258","28","1","15","ND",
"Población_de_15_a_24_años",	30104,"Mecayapan","2020","2,996","1,379","1,617","1,901","181","2,979","14","13","1","ND","ND","ND","3","1","2,910","84","2","77","ND",
"Población_de_15_a_24_años",	30105,"Medellín_de_Bravo","2020","14,559","7,030","7,529","54","396","14,479","68","40","1","8","19","ND","12","8","14,125","398","22","340","ND",
"Población_de_15_a_24_años",	30106,"Miahuatlán","2020","933","498","435","3","12","922","11","11","ND","ND","ND","ND","ND","ND","916","17","ND","13","ND",
"Población_de_15_a_24_años",	30107,"Las_Minas","2020","615","305","310","ND","1","615","ND","ND","ND","ND","ND","ND","ND","ND","612","3","ND","29","ND",
"Población_de_15_a_24_años",	30108,"Minatitlán","2020","21,514","10,701","10,813","215","263","21,420","92","72","4","1","15","ND","2","10","21,090","401","23","487","ND",
"Población_de_15_a_24_años",	30109,"Misantla","2020","10,837","5,359","5,478","8","59","10,691","123","122","ND","ND","1","ND","23","14","10,570","221","25","226","ND",
"Población_de_15_a_24_años",	30110,"Mixtla_de_Altamirano","2020","2,490","1,207","1,283","2,389","70","2,489","1","1","ND","ND","ND","ND","ND","ND","2,463","27","ND","28","ND",
"Población_de_15_a_24_años",	30111,"Moloacán","2020","2,486","1,218","1,268","6","16","2,480","6","4","ND","ND","2","ND","ND","1","2,436","47","3","36","ND",
"Población_de_15_a_24_años",	30112,"Naolinco","2020","3,840","1,949","1,891","7","223","3,820","20","18","ND","ND","2","ND","ND","3","3,805","30","5","102","ND",
"Población_de_15_a_24_años",	30113,"Naranjal","2020","843","437","406","33","67","843","ND","ND","ND","ND","ND","ND","ND","ND","834","9","ND","25","ND",
"Población_de_15_a_24_años",	30114,"Nautla","2020","1,446","718","728","ND","5","1,440","6","6","ND","ND","ND","ND","ND","1","1,415","28","3","28","ND",
"Población_de_15_a_24_años",	30115,"Nogales","2020","6,004","3,013","2,991","305","82","5,976","25","23","ND","ND","2","ND","3","ND","5,922","76","3","96","ND",
"Población_de_15_a_24_años",	30116,"Oluta","2020","2,627","1,288","1,339","10","32","2,588","39","11","5","ND","23","ND","ND","2","2,551","43","33","60","17",
"Población_de_15_a_24_años",	30117,"Omealca","2020","3,807","1,857","1,950","116","100","3,747","59","58","ND","ND","1","ND","1","2","3,742","56","8","81","ND",
"Población_de_15_a_24_años",	30118,"Orizaba","2020","18,159","9,023","9,136","170","304","18,106","51","39","2","ND","9","1","2","8","17,766","373","16","411","ND",
"Población_de_15_a_24_años",	30119,"Otatitlán","2020","801","401","400","6","42","794","7","7","ND","ND","ND","ND","ND","2","754","43","4","14","ND",
"Población_de_15_a_24_años",	30120,"Oteapan","2020","1,654","827","827","15","259","1,652","2","1","1","ND","ND","ND","ND","ND","1,612","42","ND","36","ND",
"Población_de_15_a_24_años",	30121,"Ozuluama_de_Mascareñas","2020","3,103","1,573","1,530","13","113","3,098","2","2","ND","ND","ND","ND","3","1","3,013","85","2","54","ND",
"Población_de_15_a_24_años",	30122,"Pajapan","2020","3,041","1,477","1,564","2,005","112","3,039","2","ND","ND","ND","2","ND","ND","ND","3,003","36","2","65","ND",
"Población_de_15_a_24_años",	30123,"Pánuco","2020","14,702","7,401","7,301","74","89","14,605","86","80","5","ND","1","ND","11","8","14,141","540","13","247","ND",
"Población_de_15_a_24_años",	30124,"Papantla","2020","23,648","11,799","11,849","2,212","424","23,558","66","61","2","ND","3","ND","24","4","23,197","422","7","526","ND",
"Población_de_15_a_24_años",	30125,"Paso_del_Macho","2020","5,102","2,534","2,568","10","159","5,069","32","32","ND","ND","ND","ND","1","2","5,030","67","4","162","ND",
"Población_de_15_a_24_años",	30126,"Paso_de_Ovejas","2020","4,936","2,484","2,452","36","77","4,889","47","44","ND","1","2","ND","ND","1","4,866","65","4","78","ND",
"Población_de_15_a_24_años",	30127,"La_Perla","2020","6,191","2,953","3,238","17","51","6,183","8","8","ND","ND","ND","ND","ND","3","6,132","55","3","139","ND",
"Población_de_15_a_24_años",	30128,"Perote","2020","13,825","6,920","6,905","23","152","13,681","30","24","4","ND","2","ND","114","ND","13,312","393","1","283","ND",
"Población_de_15_a_24_años",	30129,"Platón_Sánchez","2020","2,539","1,246","1,293","496","5","2,537","ND","ND","ND","ND","ND","ND","2","ND","2,472","67","ND","63","ND",
"Población_de_15_a_24_años",	30130,"Playa_Vicente","2020","5,594","2,632","2,962","744","542","5,504","87","86","ND","ND","ND","1","3","5","5,418","167","9","130","ND",
"Población_de_15_a_24_años",	30131,"Poza_Rica_de_Hidalgo","2020","28,285","14,101","14,184","185","420","28,154","97","44","1","24","26","2","34","3","27,648","547","29","568","ND",
"Población_de_15_a_24_años",	30132,"Las_Vigas_de_Ramírez","2020","3,745","1,872","1,873","2","54","3,740","4","4","ND","ND","ND","ND","1","ND","3,710","35","ND","84","ND",
"Población_de_15_a_24_años",	30133,"Pueblo_Viejo","2020","9,554","4,810","4,744","40","42","9,529","22","19","ND","ND","3","ND","3","5","8,963","578","13","196","ND",
"Población_de_15_a_24_años",	30134,"Puente_Nacional","2020","3,437","1,760","1,677","16","43","3,387","49","47","ND","1","1","ND","1","4","3,367","64","5","78","ND",
"Población_de_15_a_24_años",	30135,"Rafael_Delgado","2020","4,859","2,433","2,426","1,628","53","4,855","4","2","2","ND","ND","ND","ND","1","4,824","34","1","92","ND",
"Población_de_15_a_24_años",	30136,"Rafael_Lucio","2020","1,505","765","740","1","77","1,503","2","2","ND","ND","ND","ND","ND","ND","1,500","5","ND","26","ND",
"Población_de_15_a_24_años",	30137,"Los_Reyes","2020","1,357","641","716","1,205","187","1,357","ND","ND","ND","ND","ND","ND","ND","ND","1,351","6","ND","15","ND",
"Población_de_15_a_24_años",	30138,"Río_Blanco","2020","6,330","3,162","3,168","54","84","6,306","23","19","ND","3","1","ND","1","ND","6,203","123","4","135","ND",
"Población_de_15_a_24_años",	30139,"Saltabarranca","2020","844","417","427","1","1","843","1","1","ND","ND","ND","ND","ND","ND","835","9","ND","25","ND",
"Población_de_15_a_24_años",	30140,"San_Andrés_Tenejapan","2020","624","314","310","439","9","624","ND","ND","ND","ND","ND","ND","ND","ND","622","2","ND","14","ND",
"Población_de_15_a_24_años",	30141,"San_Andrés_Tuxtla","2020","26,007","12,512","13,495","42","130","25,943","47","40","1","ND","6","ND","17","7","25,373","587","17","520","ND",
"Población_de_15_a_24_años",	30142,"San_Juan_Evangelista","2020","4,922","2,448","2,474","7","99","4,897","23","21","ND","1","1","ND","2","4","4,828","87","6","83","ND",
"Población_de_15_a_24_años",	30143,"Santiago_Tuxtla","2020","8,604","4,129","4,475","6","57","8,585","18","17","ND","ND","1","ND","1","4","8,491","108","5","178","ND",
"Población_de_15_a_24_años",	30144,"Sayula_de_Alemán","2020","5,126","2,549","2,577","345","396","5,095","31","31","ND","ND","ND","ND","ND","ND","5,053","72","ND","133","ND",
"Población_de_15_a_24_años",	30145,"Soconusco","2020","2,579","1,235","1,344","17","37","2,573","6","4","1","ND","1","ND","ND","1","2,508","69","2","54","ND",
"Población_de_15_a_24_años",	30146,"Sochiapa","2020","746","373","373","1","17","744","2","2","ND","ND","ND","ND","ND","ND","733","13","ND","14","ND",
"Población_de_15_a_24_años",	30147,"Soledad_Atzompa","2020","4,813","2,339","2,474","4,590","51","4,813","ND","ND","ND","ND","ND","ND","ND","ND","4,777","36","ND","106","ND",
"Población_de_15_a_24_años",	30148,"Soledad_de_Doblado","2020","4,332","2,204","2,128","3","123","4,316","16","15","ND","ND","1","ND","ND","1","4,263","66","3","102","ND",
"Población_de_15_a_24_años",	30149,"Soteapan","2020","6,254","2,960","3,294","4,960","105","6,246","4","4","ND","ND","ND","ND","4","1","6,154","98","1","136","ND",
"Población_de_15_a_24_años",	30150,"Tamalín","2020","1,747","870","877","26","82","1,747","ND","ND","ND","ND","ND","ND","ND","ND","1,696","51","ND","35","ND",
"Población_de_15_a_24_años",	30151,"Tamiahua","2020","2,968","1,498","1,470","20","1,060","2,961","6","6","ND","ND","ND","ND","1","ND","2,858","109","ND","81","ND",
"Población_de_15_a_24_años",	30152,"Tampico_Alto","2020","1,538","772","766","11","6","1,537","1","1","ND","ND","ND","ND","ND","ND","1,468","70","ND","29","ND",
"Población_de_15_a_24_años",	30153,"Tancoco","2020","814","406","408","1","27","811","3","2","ND","ND","1","ND","ND","ND","765","48","1","14","ND",
"Población_de_15_a_24_años",	30154,"Tantima","2020","1,734","900","834","6","4","1,733","1","1","ND","ND","ND","ND","ND","ND","1,707","27","ND","34","ND",
"Población_de_15_a_24_años",	30155,"Tantoyuca","2020","16,207","7,974","8,233","6,061","302","16,193","11","10","ND","ND","1","ND","3","2","15,914","279","4","313","ND",
"Población_de_15_a_24_años",	30156,"Tatatila","2020","1,222","640","582","3","3","1,221","1","1","ND","ND","ND","ND","ND","ND","1,212","10","ND","27","ND",
"Población_de_15_a_24_años",	30157,"Castillo_de_Teayo","2020","2,997","1,516","1,481","19","55","2,980","15","13","2","ND","ND","ND","2","3","2,874","117","6","49","ND",
"Población_de_15_a_24_años",	30158,"Tecolutla","2020","3,616","1,782","1,834","29","135","3,606","9","9","ND","ND","ND","ND","1","3","3,478","134","3","100","ND",
"Población_de_15_a_24_años",	30159,"Tehuipango","2020","6,467","3,131","3,336","6,289","41","6,467","ND","ND","ND","ND","ND","ND","ND","1","6,390","76","1","48","ND",
"Población_de_15_a_24_años",	30160,"Álamo_Temapache","2020","16,205","8,144","8,061","246","326","16,163","38","36","ND","ND","2","ND","4","3","15,839","356","8","298","ND",
"Población_de_15_a_24_años",	30161,"Tempoal","2020","4,995","2,470","2,525","210","38","4,980","12","12","ND","ND","ND","ND","3","1","4,831","162","2","110","ND",
"Población_de_15_a_24_años",	30162,"Tenampa","2020","1,168","587","581","ND","19","1,160","8","8","ND","ND","ND","ND","ND","ND","1,157","11","ND","36","ND",
"Población_de_15_a_24_años",	30163,"Tenochtitlán","2020","894","431","463","1","6","885","9","9","ND","ND","ND","ND","ND","1","885","7","2","17","ND",
"Población_de_15_a_24_años",	30164,"Teocelo","2020","2,700","1,359","1,341","3","21","2,693","6","6","ND","ND","ND","ND","1","ND","2,641","55","2","66","ND",
"Población_de_15_a_24_años",	30165,"Tepatlaxco","2020","1,616","828","788","2","20","1,608","8","8","ND","ND","ND","ND","ND","ND","1,592","23","1","43","ND",
"Población_de_15_a_24_años",	30166,"Tepetlán","2020","1,556","787","769","1","59","1,547","9","9","ND","ND","ND","ND","ND","ND","1,548","8","ND","40","ND",
"Población_de_15_a_24_años",	30167,"Tepetzintla","2020","2,169","1,116","1,053","29","10","2,168","1","ND","ND","ND","1","ND","ND","ND","2,111","57","1","56","ND",
"Población_de_15_a_24_años",	30168,"Tequila","2020","3,452","1,707","1,745","2,822","23","3,452","ND","ND","ND","ND","ND","ND","ND","ND","3,426","22","ND","45","ND",
"Población_de_15_a_24_años",	30169,"José_Azueta","2020","3,249","1,583","1,666","46","199","3,203","46","46","ND","ND","ND","ND","ND","2","3,172","75","2","65","ND",
"Población_de_15_a_24_años",	30170,"Texcatepec","2020","1,772","865","907","1,317","9","1,770","2","2","ND","ND","ND","ND","ND","1","1,731","40","1","35","ND",
"Población_de_15_a_24_años",	30171,"Texhuacán","2020","1,048","480","568","592","64","1,047","1","1","ND","ND","ND","ND","ND","2","1,026","20","2","36","ND",
"Población_de_15_a_24_años",	30172,"Texistepec","2020","2,958","1,456","1,502","30","32","2,940","17","14","1","ND","2","ND","1","1","2,875","75","8","76","ND",
"Población_de_15_a_24_años",	30173,"Tezonapa","2020","8,897","4,503","4,394","1,521","134","8,859","38","35","ND","ND","3","ND","ND","4","8,563","328","6","262","ND",
"Población_de_15_a_24_años",	30174,"Tierra_Blanca","2020","14,144","7,008","7,136","299","290","13,970","168","161","1","ND","6","ND","6","8","13,770","348","22","309","4",
"Población_de_15_a_24_años",	30175,"Tihuatlán","2020","14,959","7,363","7,596","69","230","14,895","42","38","ND","ND","4","ND","22","4","14,655","277","6","305","ND",
"Población_de_15_a_24_años",	30176,"Tlacojalpan","2020","643","324","319","23","14","640","3","3","ND","ND","ND","ND","ND","1","595","46","2","12","ND",
"Población_de_15_a_24_años",	30177,"Tlacolulan","2020","2,267","1,154","1,113","ND","18","2,265","1","1","ND","ND","ND","ND","1","ND","2,253","13","ND","59","ND",
"Población_de_15_a_24_años",	30178,"Tlacotalpan","2020","1,835","878","957","1","50","1,827","8","8","ND","ND","ND","ND","ND","ND","1,810","24","1","34","ND",
"Población_de_15_a_24_años",	30179,"Tlacotepec_de_Mejía","2020","712","354","358","3","18","708","4","4","ND","ND","ND","ND","ND","ND","696","16","ND","12","ND",
"Población_de_15_a_24_años",	30180,"Tlachichilco","2020","1,630","811","819","624","13","1,624","4","4","ND","ND","ND","ND","2","3","1,595","32","3","37","ND",
"Población_de_15_a_24_años",	30181,"Tlalixcoyan","2020","5,334","2,620","2,714","11","151","5,292","41","39","ND","ND","2","ND","1","ND","5,246","78","6","114","ND",
"Población_de_15_a_24_años",	30182,"Tlalnelhuayocan","2020","3,698","1,850","1,848","2","100","3,686","11","8","ND","ND","3","ND","1","ND","3,665","32","1","55","ND",
"Población_de_15_a_24_años",	30183,"Tlapacoyan","2020","10,707","5,317","5,390","14","238","10,658","40","40","ND","ND","ND","ND","9","2","10,476","219","6","189","ND",
"Población_de_15_a_24_años",	30184,"Tlaquilpa","2020","1,540","731","809","1,418","7","1,537","3","3","ND","ND","ND","ND","ND","4","1,496","40","4","23","ND",
"Población_de_15_a_24_años",	30185,"Tlilapan","2020","1,044","535","509","254","43","1,043","1","1","ND","ND","ND","ND","ND","ND","1,032","12","ND","21","ND",
"Población_de_15_a_24_años",	30186,"Tomatlán","2020","1,120","575","545","ND","89","1,113","7","7","ND","ND","ND","ND","ND","1","1,106","12","2","29","ND",
"Población_de_15_a_24_años",	30187,"Tonayán","2020","1,177","566","611","1","3","1,173","4","4","ND","ND","ND","ND","ND","ND","1,165","12","ND","19","ND",
"Población_de_15_a_24_años",	30188,"Totutla","2020","3,045","1,535","1,510","2","96","3,040","5","5","ND","ND","ND","ND","ND","2","3,029","13","3","57","ND",
"Población_de_15_a_24_años",	30189,"Tuxpan","2020","23,490","11,779","11,711","105","524","23,420","42","30","2","1","9","ND","28","6","22,626","792","12","446","ND",
"Población_de_15_a_24_años",	30190,"Tuxtilla","2020","250","119","131","1","2","248","2","2","ND","ND","ND","ND","ND","ND","236","14","ND","10","ND",
"Población_de_15_a_24_años",	30191,"Ursulo_Galván","2020","4,265","2,121","2,144","10","112","4,218","46","45","ND","ND","1","ND","1","1","4,186","75","3","86","ND",
"Población_de_15_a_24_años",	30192,"Vega_de_Alatorre","2020","3,058","1,469","1,589","ND","9","3,007","50","49","ND","ND","1","ND","1","9","2,975","72","10","56","ND",
"Población_de_15_a_24_años",	30193,"Veracruz","2020","93,495","46,864","46,631","417","4,096","93,010","411","280","7","28","95","1","74","44","90,762","2,526","123","1,903","ND",
"Población_de_15_a_24_años",	30194,"Villa_Aldama","2020","2,423","1,233","1,190","2","26","2,423","ND","ND","ND","ND","ND","ND","ND","ND","2,381","42","ND","56","ND",
"Población_de_15_a_24_años",	30195,"Xoxocotla","2020","1,121","604","517","353","20","1,120","1","1","ND","ND","ND","ND","ND","ND","1,111","10","ND","14","ND",
"Población_de_15_a_24_años",	30196,"Yanga","2020","2,743","1,332","1,411","19","943","2,675","68","68","ND","ND","ND","ND","ND","3","2,686","49","8","43","ND",
"Población_de_15_a_24_años",	30197,"Yecuatla","2020","1,651","820","831","1","11","1,607","43","43","ND","ND","ND","ND","1","1","1,590","57","3","38","ND",
"Población_de_15_a_24_años",	30198,"Zacualpan","2020","1,013","496","517","4","5","1,007","6","6","ND","ND","ND","ND","ND","ND","966","47","ND","36","ND",
"Población_de_15_a_24_años",	30199,"Zaragoza","2020","2,317","1,130","1,187","278","17","2,315","2","2","ND","ND","ND","ND","ND","ND","2,290","26","1","65","ND",
"Población_de_15_a_24_años",	30200,"Zentla","2020","2,070","1,068","1,002","3","6","2,060","10","10","ND","ND","ND","ND","ND","2","2,041","27","2","48","ND",
"Población_de_15_a_24_años",	30201,"Zongolica","2020","8,021","3,891","4,130","4,750","361","7,989","20","18","ND","ND","2","ND","12","3","7,869","121","4","187","ND",
"Población_de_15_a_24_años",	30202,"Zontecomatlán_de_López_y_Fuentes","2020","2,301","1,148","1,153","1,776","8","2,299","2","2","ND","ND","ND","ND","ND","1","2,247","53","1","51","ND",
"Población_de_15_a_24_años",	30203,"Zozocolco_de_Hidalgo","2020","2,467","1,199","1,268","1,601","14","2,465","1","1","ND","ND","ND","ND","1","ND","2,398","68","ND","51","ND",
"Población_de_15_a_24_años",	30204,"Agua_Dulce","2020","6,502","3,172","3,330","25","64","6,478","21","20","ND","1","ND","ND","3","1","6,313","186","2","165","ND",
"Población_de_15_a_24_años",	30205,"El_Higo","2020","2,792","1,423","1,369","15","8","2,770","21","20","1","ND","ND","ND","1","2","2,707","81","3","55","ND",
"Población_de_15_a_24_años",	30206,"Nanchital_de_Lázaro_Cárdenas_del_Río","2020","4,261","2,075","2,186","27","222","4,246","11","7","2","ND","2","ND","4","2","4,156","99","3","87","ND",
"Población_de_15_a_24_años",	30207,"Tres_Valles","2020","6,851","3,425","3,426","560","110","6,755","95","91","1","ND","3","ND","1","13","6,569","262","16","129","ND",
"Población_de_15_a_24_años",	30208,"Carlos_A._Carrillo","2020","3,242","1,608","1,634","13","50","3,231","10","9","ND","ND","1","ND","1","ND","3,150","87","3","88","ND",
"Población_de_15_a_24_años",	30209,"Tatahuicapan_de_Juárez","2020","2,616","1,256","1,360","1,443","43","2,611","5","5","ND","ND","ND","ND","ND","1","2,557","57","2","68","ND",
"Población_de_15_a_24_años",	30210,"Uxpanapa","2020","5,029","2,428","2,601","1,186","260","4,967","62","61","ND","ND","1","ND","ND","2","4,932","94","3","187","ND",
"Población_de_15_a_24_años",	30211,"San_Rafael","2020","4,682","2,345","2,337","15","10","4,653","28","25","ND","ND","3","ND","1","2","4,580","90","9","94","ND",
"Población_de_15_a_24_años",	30212,"Santiago_Sochiapan","2020","1,967","925","1,042","478","9","1,935","32","32","ND","ND","ND","ND","ND","3","1,868","95","3","41","ND",
"Población_de_15_a_24_años",	31,"Yucatán","2020","395,888","199,502","196,386","61,649","12,290","393,384","2,126","749","60","265","1,049","3","378","232","372,654","21,757","1,120","8,109","3",
"Población_de_15_a_24_años",	31001,"Abalá","2020","1,128","566","562","510","75","1,127","1","1","ND","ND","ND","ND","ND","ND","1,126","2","ND","19","ND",
"Población_de_15_a_24_años",	31002,"Acanceh","2020","2,891","1,461","1,430","189","16","2,885","6","5","ND","ND","1","ND","ND","ND","2,866","23","2","36","ND",
"Población_de_15_a_24_años",	31003,"Akil","2020","2,164","1,140","1,024","646","21","2,157","7","7","ND","ND","ND","ND","ND","ND","2,136","28","ND","43","ND",
"Población_de_15_a_24_años",	31004,"Baca","2020","979","480","499","17","9","979","ND","ND","ND","ND","ND","ND","ND","ND","947","32","ND","23","ND",
"Población_de_15_a_24_años",	31005,"Bokobá","2020","339","171","168","15","78","339","ND","ND","ND","ND","ND","ND","ND","ND","338","1","ND","3","ND",
"Población_de_15_a_24_años",	31006,"Buctzotz","2020","1,569","812","757","60","5","1,557","12","12","ND","ND","ND","ND","ND","1","1,542","25","2","27","ND",
"Población_de_15_a_24_años",	31007,"Cacalchén","2020","1,242","661","581","23","28","1,239","2","1","ND","ND","1","ND","1","ND","1,220","21","ND","25","ND",
"Población_de_15_a_24_años",	31008,"Calotmul","2020","595","291","304","161","1","595","ND","ND","ND","ND","ND","ND","ND","ND","575","20","ND","7","ND",
"Población_de_15_a_24_años",	31009,"Cansahcab","2020","706","354","352","10","2","706","ND","ND","ND","ND","ND","ND","ND","2","685","19","2","17","ND",
"Población_de_15_a_24_años",	31010,"Cantamayec","2020","505","273","232","377","35","505","ND","ND","ND","ND","ND","ND","ND","ND","502","3","ND","10","ND",
"Población_de_15_a_24_años",	31011,"Celestún","2020","1,442","713","729","17","29","1,442","ND","ND","ND","ND","ND","ND","ND","ND","1,415","27","ND","26","ND",
"Población_de_15_a_24_años",	31012,"Cenotillo","2020","467","232","235","32","2","460","7","7","ND","ND","ND","ND","ND","ND","453","13","1","12","ND",
"Población_de_15_a_24_años",	31013,"Conkal","2020","2,527","1,248","1,279","63","39","2,491","35","6","ND","8","20","1","1","5","2,138","370","18","41","ND",
"Población_de_15_a_24_años",	31014,"Cuncunul","2020","329","157","172","193","38","328","1","ND","ND","ND","1","ND","ND","ND","326","3","ND","8","ND",
"Población_de_15_a_24_años",	31015,"Cuzamá","2020","1,002","527","475","206","20","1,002","ND","ND","ND","ND","ND","ND","ND","ND","996","6","ND","23","ND",
"Población_de_15_a_24_años",	31016,"Chacsinkín","2020","608","307","301","545","ND","608","ND","ND","ND","ND","ND","ND","ND","1","604","3","1","15","ND",
"Población_de_15_a_24_años",	31017,"Chankom","2020","873","441","432","694","30","871","1","ND","1","ND","ND","ND","1","ND","856","16","ND","23","ND",
"Población_de_15_a_24_años",	31018,"Chapab","2020","612","303","309","234","17","612","ND","ND","ND","ND","ND","ND","ND","ND","604","8","ND","2","ND",
"Población_de_15_a_24_años",	31019,"Chemax","2020","8,418","4,239","4,179","7,045","492","8,418","ND","ND","ND","ND","ND","ND","ND","ND","8,291","127","ND","135","ND",
"Población_de_15_a_24_años",	31020,"Chicxulub_Pueblo","2020","707","363","344","5","60","707","ND","ND","ND","ND","ND","ND","ND","ND","688","19","ND","13","ND",
"Población_de_15_a_24_años",	31021,"Chichimilá","2020","1,905","972","933","1,589","209","1,905","ND","ND","ND","ND","ND","ND","ND","ND","1,859","46","ND","26","ND",
"Población_de_15_a_24_años",	31022,"Chikindzonot","2020","855","438","417","809","2","855","ND","ND","ND","ND","ND","ND","ND","ND","840","15","ND","12","ND",
"Población_de_15_a_24_años",	31023,"Chocholá","2020","775","412","363","15","13","775","ND","ND","ND","ND","ND","ND","ND","ND","759","16","ND","26","ND",
"Población_de_15_a_24_años",	31024,"Chumayel","2020","568","288","280","403","4","568","ND","ND","ND","ND","ND","ND","ND","ND","563","5","ND","12","ND",
"Población_de_15_a_24_años",	31025,"Dzán","2020","956","482","474","428","42","949","7","6","ND","ND","1","ND","ND","2","944","10","2","13","ND",
"Población_de_15_a_24_años",	31026,"Dzemul","2020","564","272","292","14","90","562","2","2","ND","ND","ND","ND","ND","ND","552","12","ND","8","ND",
"Población_de_15_a_24_años",	31027,"Dzidzantún","2020","1,297","658","639","6","17","1,295","1","1","ND","ND","ND","ND","1","ND","1,250","47","ND","31","ND",
"Población_de_15_a_24_años",	31028,"Dzilam_de_Bravo","2020","503","243","260","9","9","503","ND","ND","ND","ND","ND","ND","ND","ND","476","27","ND","14","ND",
"Población_de_15_a_24_años",	31029,"Dzilam_González","2020","999","509","490","8","7","999","ND","ND","ND","ND","ND","ND","ND","ND","978","21","ND","11","ND",
"Población_de_15_a_24_años",	31030,"Dzitás","2020","700","353","347","143","12","699","1","ND","ND","ND","1","ND","ND","ND","676","24","ND","23","ND",
"Población_de_15_a_24_años",	31031,"Dzoncauich","2020","448","249","199","66","98","447","1","1","ND","ND","ND","ND","ND","ND","437","10","1","13","ND",
"Población_de_15_a_24_años",	31032,"Espita","2020","3,412","1,746","1,666","1,191","229","3,408","4","2","1","ND","1","ND","ND","ND","3,345","65","2","53","ND",
"Población_de_15_a_24_años",	31033,"Halachó","2020","3,561","1,790","1,771","1,169","22","3,559","1","1","ND","ND","ND","ND","1","ND","3,491","69","ND","90","ND",
"Población_de_15_a_24_años",	31034,"Hocabá","2020","1,127","576","551","328","157","1,127","ND","ND","ND","ND","ND","ND","ND","ND","1,117","10","ND","31","ND",
"Población_de_15_a_24_años",	31035,"Hoctún","2020","1,072","562","510","278","90","1,070","2","2","ND","ND","ND","ND","ND","2","1,040","30","2","20","ND",
"Población_de_15_a_24_años",	31036,"Homún","2020","1,433","716","717","325","52","1,432","1","ND","ND","ND","1","ND","ND","ND","1,421","12","ND","36","ND",
"Población_de_15_a_24_años",	31037,"Huhí","2020","872","442","430","65","84","871","1","1","ND","ND","ND","ND","ND","ND","867","5","ND","21","ND",
"Población_de_15_a_24_años",	31038,"Hunucmá","2020","6,002","2,993","3,009","472","123","6,000","2","2","ND","ND","ND","ND","ND","4","5,919","78","5","171","ND",
"Población_de_15_a_24_años",	31039,"Ixil","2020","739","400","339","13","8","739","ND","ND","ND","ND","ND","ND","ND","ND","738","1","ND","13","ND",
"Población_de_15_a_24_años",	31040,"Izamal","2020","4,686","2,419","2,267","607","75","4,683","3","2","ND","ND","1","ND","ND","ND","4,584","101","1","91","ND",
"Población_de_15_a_24_años",	31041,"Kanasín","2020","24,531","12,174","12,357","959","900","24,456","54","20","5","7","22","ND","21","2","22,941","1,551","21","552","ND",
"Población_de_15_a_24_años",	31042,"Kantunil","2020","906","444","462","94","15","906","ND","ND","ND","ND","ND","ND","ND","ND","881","25","ND","22","ND",
"Población_de_15_a_24_años",	31043,"Kaua","2020","657","348","309","446","ND","655","2","ND","2","ND","ND","ND","ND","ND","647","10","ND","14","ND",
"Población_de_15_a_24_años",	31044,"Kinchil","2020","1,344","676","668","62","63","1,344","ND","ND","ND","ND","ND","ND","ND","ND","1,336","7","ND","36","ND",
"Población_de_15_a_24_años",	31045,"Kopomá","2020","393","218","175","29","ND","393","ND","ND","ND","ND","ND","ND","ND","ND","390","3","ND","9","ND",
"Población_de_15_a_24_años",	31046,"Mama","2020","540","269","271","224","18","539","1","1","ND","ND","ND","ND","ND","ND","535","5","ND","21","ND",
"Población_de_15_a_24_años",	31047,"Maní","2020","977","513","464","567","16","958","19","18","ND","ND","1","ND","ND","1","961","13","3","12","ND",
"Población_de_15_a_24_años",	31048,"Maxcanú","2020","4,378","2,229","2,149","770","148","4,378","ND","ND","ND","ND","ND","ND","ND","4","4,288","86","4","110","ND",
"Población_de_15_a_24_años",	31049,"Mayapán","2020","834","447","387","795","138","834","ND","ND","ND","ND","ND","ND","ND","ND","828","6","ND","19","ND",
"Población_de_15_a_24_años",	31050,"Mérida","2020","162,224","81,353","80,871","3,812","4,747","160,321","1,621","434","30","244","911","2","282","184","146,238","14,768","940","3,447","3",
"Población_de_15_a_24_años",	31051,"Mocochá","2020","550","274","276","19","25","550","ND","ND","ND","ND","ND","ND","ND","ND","540","10","ND","8","ND",
"Población_de_15_a_24_años",	31052,"Motul","2020","6,395","3,258","3,137","407","87","6,376","19","14","ND","ND","5","ND","ND","5","6,282","104","9","114","ND",
"Población_de_15_a_24_años",	31053,"Muna","2020","2,294","1,170","1,124","146","49","2,281","13","13","ND","ND","ND","ND","ND","1","2,256","36","2","53","ND",
"Población_de_15_a_24_años",	31054,"Muxupip","2020","456","224","232","40","36","456","ND","ND","ND","ND","ND","ND","ND","ND","445","11","ND","9","ND",
"Población_de_15_a_24_años",	31055,"Opichén","2020","1,225","615","610","538","150","1,225","ND","ND","ND","ND","ND","ND","ND","1","1,208","16","1","24","ND",
"Población_de_15_a_24_años",	31056,"Oxkutzcab","2020","5,973","2,925","3,048","2,336","149","5,908","65","63","ND","ND","2","ND","ND","3","5,909","56","7","101","ND",
"Población_de_15_a_24_años",	31057,"Panabá","2020","1,253","610","643","48","73","1,250","3","3","ND","ND","ND","ND","ND","ND","1,207","46","ND","25","ND",
"Población_de_15_a_24_años",	31058,"Peto","2020","4,674","2,343","2,331","1,768","55","4,644","30","27","ND","ND","3","ND","ND","1","4,579","88","3","88","ND",
"Población_de_15_a_24_años",	31059,"Progreso","2020","11,074","5,706","5,368","116","198","10,975","62","19","6","ND","37","ND","37","4","10,439","574","37","300","ND",
"Población_de_15_a_24_años",	31060,"Quintana_Roo","2020","134","65","69","5","1","134","ND","ND","ND","ND","ND","ND","ND","ND","127","7","ND","2","ND",
"Población_de_15_a_24_años",	31061,"Río_Lagartos","2020","640","314","326","16","32","636","4","ND","3","ND","1","ND","ND","ND","624","15","1","23","ND",
"Población_de_15_a_24_años",	31062,"Sacalum","2020","827","441","386","199","133","827","ND","ND","ND","ND","ND","ND","ND","1","817","9","1","27","ND",
"Población_de_15_a_24_años",	31063,"Samahil","2020","1,004","498","506","59","18","1,004","ND","ND","ND","ND","ND","ND","ND","ND","998","6","ND","15","ND",
"Población_de_15_a_24_años",	31064,"Sanahcat","2020","222","100","122","31","14","222","ND","ND","ND","ND","ND","ND","ND","ND","219","3","ND","5","ND",
"Población_de_15_a_24_años",	31065,"San_Felipe","2020","357","189","168","8","3","356","1","1","ND","ND","ND","ND","ND","ND","345","12","ND","14","ND",
"Población_de_15_a_24_años",	31066,"Santa_Elena","2020","787","403","384","505","2","784","3","2","1","ND","ND","ND","ND","ND","781","6","ND","8","ND",
"Población_de_15_a_24_años",	31067,"Seyé","2020","1,781","915","866","35","39","1,781","ND","ND","ND","ND","ND","ND","ND","ND","1,766","15","ND","37","ND",
"Población_de_15_a_24_años",	31068,"Sinanché","2020","510","263","247","13","23","509","1","1","ND","ND","ND","ND","ND","ND","488","21","1","16","ND",
"Población_de_15_a_24_años",	31069,"Sotuta","2020","1,669","883","786","385","10","1,665","2","1","ND","ND","1","ND","2","ND","1,656","12","1","50","ND",
"Población_de_15_a_24_años",	31070,"Sucilá","2020","648","327","321","91","5","647","1","ND","ND","ND","1","ND","ND","ND","620","27","1","7","ND",
"Población_de_15_a_24_años",	31071,"Sudzal","2020","327","177","150","93","52","327","ND","ND","ND","ND","ND","ND","ND","ND","311","16","ND","7","ND",
"Población_de_15_a_24_años",	31072,"Suma","2020","265","140","125","9","34","265","ND","ND","ND","ND","ND","ND","ND","ND","257","8","ND","6","ND",
"Población_de_15_a_24_años",	31073,"Tahdziú","2020","1,224","655","569","1,198","9","1,224","ND","ND","ND","ND","ND","ND","ND","ND","1,219","5","ND","12","ND",
"Población_de_15_a_24_años",	31074,"Tahmek","2020","612","322","290","89","14","609","3","3","ND","ND","ND","ND","ND","ND","596","13","3","30","ND",
"Población_de_15_a_24_años",	31075,"Teabo","2020","1,345","650","695","796","64","1,341","4","4","ND","ND","ND","ND","ND","ND","1,339","6","ND","14","ND",
"Población_de_15_a_24_años",	31076,"Tecoh","2020","3,109","1,626","1,483","779","161","3,107","1","ND","ND","ND","1","ND","1","ND","3,091","17","1","63","ND",
"Población_de_15_a_24_años",	31077,"Tekal_de_Venegas","2020","457","229","228","60","21","457","ND","ND","ND","ND","ND","ND","ND","ND","452","5","ND","13","ND",
"Población_de_15_a_24_años",	31078,"Tekantó","2020","605","292","313","21","94","605","ND","ND","ND","ND","ND","ND","ND","ND","591","14","ND","5","ND",
"Población_de_15_a_24_años",	31079,"Tekax","2020","8,221","4,071","4,150","3,102","72","8,205","11","10","ND","ND","1","ND","5","ND","8,110","105","ND","127","ND",
"Población_de_15_a_24_años",	31080,"Tekit","2020","2,000","1,023","977","327","65","2,000","ND","ND","ND","ND","ND","ND","ND","ND","1,990","10","ND","49","ND",
"Población_de_15_a_24_años",	31081,"Tekom","2020","636","318","318","519","14","636","ND","ND","ND","ND","ND","ND","ND","ND","619","16","ND","10","ND",
"Población_de_15_a_24_años",	31082,"Telchac_Pueblo","2020","498","236","262","12","131","494","4","4","ND","ND","ND","ND","ND","ND","483","14","1","12","ND",
"Población_de_15_a_24_años",	31083,"Telchac_Puerto","2020","313","155","158","5","7","311","2","2","ND","ND","ND","ND","ND","ND","302","11","ND","5","ND",
"Población_de_15_a_24_años",	31084,"Temax","2020","1,180","585","595","34","31","1,179","1","ND","1","ND","ND","ND","ND","ND","1,168","11","1","25","ND",
"Población_de_15_a_24_años",	31085,"Temozón","2020","3,179","1,648","1,531","2,130","92","3,176","3","1","2","ND","ND","ND","ND","ND","3,139","39","1","49","ND",
"Población_de_15_a_24_años",	31086,"Tepakán","2020","329","165","164","100","4","329","ND","ND","ND","ND","ND","ND","ND","ND","317","12","ND","11","ND",
"Población_de_15_a_24_años",	31087,"Tetiz","2020","908","467","441","83","3","907","1","1","ND","ND","ND","ND","ND","ND","900","7","ND","19","ND",
"Población_de_15_a_24_años",	31088,"Teya","2020","273","126","147","54","63","273","ND","ND","ND","ND","ND","ND","ND","ND","269","4","ND","7","ND",
"Población_de_15_a_24_años",	31089,"Ticul","2020","6,889","3,496","3,393","638","90","6,875","10","9","ND","ND","1","ND","4","2","6,794","89","5","96","ND",
"Población_de_15_a_24_años",	31090,"Timucuy","2020","1,371","713","658","895","23","1,371","ND","ND","ND","ND","ND","ND","ND","ND","1,362","9","ND","9","ND",
"Población_de_15_a_24_años",	31091,"Tinum","2020","2,370","1,232","1,138","1,007","14","2,370","ND","ND","ND","ND","ND","ND","ND","ND","2,333","37","ND","42","ND",
"Población_de_15_a_24_años",	31092,"Tixcacalcupul","2020","1,577","791","786","1,395","6","1,575","1","1","ND","ND","ND","ND","1","1","1,554","21","2","34","ND",
"Población_de_15_a_24_años",	31093,"Tixkokob","2020","3,025","1,519","1,506","43","18","3,021","4","4","ND","ND","ND","ND","ND","1","2,967","56","2","66","ND",
"Población_de_15_a_24_años",	31094,"Tixmehuac","2020","1,020","499","521","852","6","1,020","ND","ND","ND","ND","ND","ND","ND","ND","999","20","ND","19","ND",
"Población_de_15_a_24_años",	31095,"Tixpéhual","2020","873","445","428","25","5","870","1","1","ND","ND","ND","ND","2","ND","855","16","ND","10","ND",
"Población_de_15_a_24_años",	31096,"Tizimín","2020","14,914","7,503","7,411","2,918","615","14,891","21","12","4","1","4","ND","2","2","14,418","485","8","293","ND",
"Población_de_15_a_24_años",	31097,"Tunkás","2020","549","292","257","108","21","541","8","8","ND","ND","ND","ND","ND","ND","527","20","2","12","ND",
"Población_de_15_a_24_años",	31098,"Tzucacab","2020","2,836","1,466","1,370","806","51","2,834","2","1","1","ND","ND","ND","ND","1","2,747","86","2","52","ND",
"Población_de_15_a_24_años",	31099,"Uayma","2020","781","409","372","580","8","781","ND","ND","ND","ND","ND","ND","ND","ND","768","13","ND","18","ND",
"Población_de_15_a_24_años",	31100,"Ucú","2020","715","364","351","22","34","715","ND","ND","ND","ND","ND","ND","ND","ND","698","17","ND","8","ND",
"Población_de_15_a_24_años",	31101,"Umán","2020","11,961","5,970","5,991","576","150","11,932","18","6","1","1","10","ND","11","1","11,256","689","8","213","ND",
"Población_de_15_a_24_años",	31102,"Valladolid","2020","16,143","8,166","7,977","6,980","599","16,108","31","5","2","4","20","ND","4","ND","15,242","886","13","308","ND",
"Población_de_15_a_24_años",	31103,"Xocchel","2020","564","293","271","111","76","564","ND","ND","ND","ND","ND","ND","ND","ND","553","11","ND","12","ND",
"Población_de_15_a_24_años",	31104,"Yaxcabá","2020","3,066","1,559","1,507","1,764","113","3,064","1","1","ND","ND","ND","ND","1","ND","3,028","37","ND","54","ND",
"Población_de_15_a_24_años",	31105,"Yaxkukul","2020","569","278","291","11","20","569","ND","ND","ND","ND","ND","ND","ND","ND","556","13","ND","5","ND",
"Población_de_15_a_24_años",	31106,"Yobaín","2020","350","169","181","4","23","350","ND","ND","ND","ND","ND","ND","ND","ND","329","21","ND","3","ND",
"Población_de_15_a_24_años",	32,"Zacatecas","2020","271,446","134,149","137,297","1,099","2,845","266,180","5,104","4,960","7","6","129","2","162","476","263,212","6,906","1,008","6,256","ND",
"Población_de_15_a_24_años",	32001,"Apozol","2020","971","477","494","9","1","946","25","25","ND","ND","ND","ND","ND","5","943","19","9","19","ND",
"Población_de_15_a_24_años",	32002,"Apulco","2020","722","335","387","ND","6","697","25","25","ND","ND","ND","ND","ND","1","686","28","7","17","ND",
"Población_de_15_a_24_años",	32003,"Atolinga","2020","269","134","135","ND","1","258","11","11","ND","ND","ND","ND","ND","1","259","8","2","6","ND",
"Población_de_15_a_24_años",	32004,"Benito_Juárez","2020","730","375","355","3","3","685","45","45","ND","ND","ND","ND","ND","3","685","37","7","10","ND",
"Población_de_15_a_24_años",	32005,"Calera","2020","8,298","4,176","4,122","55","125","8,241","52","51","ND","ND","1","ND","5","11","8,096","177","17","158","ND",
"Población_de_15_a_24_años",	32006,"Cañitas_de_Felipe_Pescador","2020","1,230","617","613","ND","2","1,206","24","23","ND","ND","1","ND","ND","1","1,203","24","3","26","ND",
"Población_de_15_a_24_años",	32007,"Concepción_del_Oro","2020","1,827","923","904","5","7","1,821","4","4","ND","ND","ND","ND","2","ND","1,722","102","1","38","ND",
"Población_de_15_a_24_años",	32008,"Cuauhtémoc","2020","2,342","1,156","1,186","2","5","2,315","27","27","ND","ND","ND","ND","ND","1","2,284","52","4","72","ND",
"Población_de_15_a_24_años",	32009,"Chalchihuites","2020","1,497","737","760","ND","4","1,453","42","42","ND","ND","ND","ND","2","3","1,458","32","6","40","ND",
"Población_de_15_a_24_años",	32010,"Fresnillo","2020","41,031","20,335","20,696","142","380","40,532","484","480","ND","ND","4","ND","15","34","40,200","688","77","861","ND",
"Población_de_15_a_24_años",	32011,"Trinidad_García_de_la_Cadena","2020","526","277","249","62","4","488","37","37","ND","ND","ND","ND","1","1","437","87","2","16","ND",
"Población_de_15_a_24_años",	32012,"Genaro_Codina","2020","1,366","651","715","ND","4","1,342","24","24","ND","ND","ND","ND","ND","1","1,355","8","3","25","ND",
"Población_de_15_a_24_años",	32013,"General_Enrique_Estrada","2020","1,127","559","568","54","3","1,095","31","31","ND","ND","ND","ND","1","1","1,097","26","3","24","ND",
"Población_de_15_a_24_años",	32014,"General_Francisco_R._Murguía","2020","3,136","1,548","1,588","2","48","3,066","70","70","ND","ND","ND","ND","ND","11","3,060","55","21","58","ND",
"Población_de_15_a_24_años",	32015,"El_Plateado_de_Joaquín_Amaro","2020","174","92","82","ND","ND","155","19","19","ND","ND","ND","ND","ND","ND","165","5","4","8","ND",
"Población_de_15_a_24_años",	32016,"General_Pánfilo_Natera","2020","3,961","1,919","2,042","3","35","3,883","77","77","ND","ND","ND","ND","1","9","3,875","71","15","128","ND",
"Población_de_15_a_24_años",	32017,"Guadalupe","2020","38,183","18,880","19,303","86","557","37,711","460","423","1","1","35","ND","12","47","36,870","1,209","91","1,000","ND",
"Población_de_15_a_24_años",	32018,"Huanusco","2020","625","324","301","ND","12","590","35","35","ND","ND","ND","ND","ND","2","600","20","5","13","ND",
"Población_de_15_a_24_años",	32019,"Jalpa","2020","4,078","2,024","2,054","11","36","3,954","119","118","ND","ND","1","ND","5","4","3,932","126","15","93","ND",
"Población_de_15_a_24_años",	32020,"Jerez","2020","9,481","4,703","4,778","27","49","9,128","351","349","1","ND","1","ND","2","24","9,249","168","58","225","ND",
"Población_de_15_a_24_años",	32021,"Jiménez_del_Teul","2020","739","385","354","ND","ND","712","27","27","ND","ND","ND","ND","ND","1","724","12","3","17","ND",
"Población_de_15_a_24_años",	32022,"Juan_Aldama","2020","3,114","1,535","1,579","3","56","3,007","107","105","ND","ND","2","ND","ND","11","3,009","79","26","66","ND",
"Población_de_15_a_24_años",	32023,"Juchipila","2020","1,880","928","952","6","5","1,820","59","59","ND","ND","ND","ND","1","4","1,821","46","12","32","ND",
"Población_de_15_a_24_años",	32024,"Loreto","2020","9,380","4,651","4,729","8","392","9,251","126","122","2","ND","2","ND","3","13","9,089","270","19","261","ND",
"Población_de_15_a_24_años",	32025,"Luis_Moya","2020","2,100","1,037","1,063","ND","43","2,041","58","58","ND","ND","ND","ND","1","ND","2,023","71","6","43","ND",
"Población_de_15_a_24_años",	32026,"Mazapil","2020","2,530","1,265","1,265","ND","45","2,509","21","21","ND","ND","ND","ND","ND","2","2,421","103","3","62","ND",
"Población_de_15_a_24_años",	32027,"Melchor_Ocampo","2020","367","201","166","ND","ND","365","2","2","ND","ND","ND","ND","ND","ND","355","12","ND","7","ND",
"Población_de_15_a_24_años",	32028,"Mezquital_del_Oro","2020","362","181","181","3","10","352","10","10","ND","ND","ND","ND","ND","2","342","17","3","4","ND",
"Población_de_15_a_24_años",	32029,"Miguel_Auza","2020","4,056","1,933","2,123","ND","43","3,929","125","89","ND","ND","35","1","2","16","3,939","85","29","84","ND",
"Población_de_15_a_24_años",	32030,"Momax","2020","358","174","184","4","ND","345","13","12","ND","ND","1","ND","ND","3","323","30","5","11","ND",
"Población_de_15_a_24_años",	32031,"Monte_Escobedo","2020","1,179","595","584","12","11","1,112","67","67","ND","ND","ND","ND","ND","8","1,123","45","11","46","ND",
"Población_de_15_a_24_años",	32032,"Morelos","2020","2,324","1,159","1,165","6","9","2,287","37","37","ND","ND","ND","ND","ND","2","2,301","20","3","39","ND",
"Población_de_15_a_24_años",	32033,"Moyahua_de_Estrada","2020","590","321","269","1","ND","570","20","20","ND","ND","ND","ND","ND","1","559","26","4","17","ND",
"Población_de_15_a_24_años",	32034,"Nochistlán_de_Mejía","2020","4,101","1,971","2,130","5","12","3,919","161","161","ND","ND","ND","ND","21","18","3,816","226","38","103","ND",
"Población_de_15_a_24_años",	32035,"Noria_de_Ángeles","2020","2,786","1,316","1,470","ND","11","2,715","70","70","ND","ND","ND","ND","1","13","2,680","89","17","74","ND",
"Población_de_15_a_24_años",	32036,"Ojocaliente","2020","7,791","3,763","4,028","4","57","7,604","182","181","ND","ND","1","ND","5","12","7,598","144","43","181","ND",
"Población_de_15_a_24_años",	32037,"Pánuco","2020","2,950","1,467","1,483","46","13","2,935","14","14","ND","ND","ND","ND","1","3","2,891","55","4","100","ND",
"Población_de_15_a_24_años",	32038,"Pinos","2020","11,242","5,285","5,957","2","20","11,145","95","93","ND","ND","2","ND","2","39","10,964","225","51","272","ND",
"Población_de_15_a_24_años",	32039,"Río_Grande","2020","10,775","5,345","5,430","11","96","10,529","246","244","ND","ND","1","1","ND","39","10,525","175","73","245","ND",
"Población_de_15_a_24_años",	32040,"Sain_Alto","2020","3,550","1,684","1,866","1","19","3,447","103","101","ND","1","1","ND","ND","10","3,475","51","24","65","ND",
"Población_de_15_a_24_años",	32041,"El_Salvador","2020","338","173","165","ND","ND","338","ND","ND","ND","ND","ND","ND","ND","ND","311","27","ND","6","ND",
"Población_de_15_a_24_años",	32042,"Sombrerete","2020","9,972","4,897","5,075","7","91","9,718","252","250","ND","1","1","ND","2","25","9,736","186","45","209","ND",
"Población_de_15_a_24_años",	32043,"Susticacán","2020","218","108","110","ND","ND","209","9","9","ND","ND","ND","ND","ND","ND","218","ND","ND","8","ND",
"Población_de_15_a_24_años",	32044,"Tabasco","2020","2,768","1,388","1,380","6","26","2,666","102","102","ND","ND","ND","ND","ND","6","2,703","52","13","62","ND",
"Población_de_15_a_24_años",	32045,"Tepechitlán","2020","1,159","550","609","5","7","1,096","63","63","ND","ND","ND","ND","ND","5","1,116","31","12","22","ND",
"Población_de_15_a_24_años",	32046,"Tepetongo","2020","845","417","428","ND","7","826","19","19","ND","ND","ND","ND","ND","ND","828","17","ND","24","ND",
"Población_de_15_a_24_años",	32047,"Teúl_de_González_Ortega","2020","794","404","390","3","ND","759","35","35","ND","ND","ND","ND","ND","ND","754","37","3","25","ND",
"Población_de_15_a_24_años",	32048,"Tlaltenango_de_Sánchez_Román","2020","4,381","2,237","2,144","114","44","4,262","115","114","1","ND","ND","ND","4","2","4,117","246","11","77","ND",
"Población_de_15_a_24_años",	32049,"Valparaíso","2020","4,827","2,463","2,364","207","32","4,644","180","179","ND","ND","1","ND","3","10","4,683","116","27","92","ND",
"Población_de_15_a_24_años",	32050,"Vetagrande","2020","1,760","846","914","ND","9","1,741","19","19","ND","ND","ND","ND","ND","ND","1,747","13","ND","42","ND",
"Población_de_15_a_24_años",	32051,"Villa_de_Cos","2020","5,420","2,708","2,712","68","11","5,344","76","76","ND","ND","ND","ND","ND","1","5,278","134","8","108","ND",
"Población_de_15_a_24_años",	32052,"Villa_García","2020","3,508","1,729","1,779","1","28","3,483","21","21","ND","ND","ND","ND","4","4","3,394","109","4","57","ND",
"Población_de_15_a_24_años",	32053,"Villa_González_Ortega","2020","2,096","1,001","1,095","ND","11","2,060","36","35","ND","ND","1","ND","ND","7","2,045","41","10","59","ND",
"Población_de_15_a_24_años",	32054,"Villa_Hidalgo","2020","3,138","1,526","1,612","1","34","3,083","53","53","ND","ND","ND","ND","2","14","3,070","46","21","110","ND",
"Población_de_15_a_24_años",	32055,"Villanueva","2020","4,953","2,549","2,404","6","28","4,733","218","216","2","ND","ND","ND","2","11","4,753","72","35","101","ND",
"Población_de_15_a_24_años",	32056,"Zacatecas","2020","27,470","13,726","13,744","104","368","27,053","355","314","ND","3","38","ND","62","32","26,320","1,000","85","592","ND",
"Población_de_15_a_24_años",	32057,"Trancoso","2020","3,668","1,806","1,862","4","24","3,643","25","25","ND","ND","ND","ND","ND","2","3,613","49","6","93","ND",
"Población_de_15_a_24_años",	32058,"Santa_María_de_la_Paz","2020","383","183","200","ND","1","362","21","21","ND","ND","ND","ND","ND","ND","372","7","4","3","ND",
