"Serie","cvegeo","Entidad_federativa","Periodo","Población_alfabeta|Total","Población_alfabeta|De_15_a_17_años","Población_alfabeta|De_18_a_19_años","Población_alfabeta|De_30_a_59_años","Población_alfabeta|De_60_años_y_más","Población_alfabeta|Hombres","Población_alfabeta|Mujeres","Población_alfabeta|Hablantes_de_lengua_indígenas","Población_alfabeta|Afrodescendientes","Población_alfabeta|Nacidos_en_México","Población_alfabeta|Nacidos_fuera_de_México","Población_alfabeta|Nacidos_en_los_Estados_Unidos_de_América","Población_alfabeta|Nacidos_en_la_República_de_Guatemala","Población_alfabeta|Nacidos_en_la_República_Bolivariana_de_Venezuela","Población_alfabeta|Nacidos_en_otro_país","Población_alfabeta|Nacidos_en_otro_país_no_especificado","Población_alfabeta|No_especificado_de_lugar_de_nacimiento","Población_alfabeta|Retornados","Población_alfabeta|En_marzo_del_2015_residía_en_la_misma_entidad_federativa","Población_alfabeta|En_marzo_de_2015_residía_en_otra_entidad","Población_alfabeta|En_marzo_de_2015_residía_en_otro_país","Población_alfabeta|Con_discapacidad","Población_alfabeta|Residentes_de_albergues_para_migrantes",
"Tasa_de_alfabetización_de_las_personas_de_15_años_o_más,_desglosada_por_sexo_y_subpoblaciones<b><i>_[CENSO]_</i></b>",	00,"Estados_Unidos_Mexicanos","2020","95.036853","98.881016","98.573002","96.146764","84.12359","95.828702","94.301561","79.065423","94.538786","95.067556","97.681287","99.25035","78.886242","99.581205","98.714433","91.072575","64.779764","97.65371","94.998595","97.920449","97.95578","79.683357","82.558796",
"Tasa_de_alfabetización_de_las_personas_de_15_años_o_más,_desglosada_por_sexo_y_subpoblaciones<b><i>_[CENSO]_</i></b>",	01,"Aguascalientes","2020","97.740215","99.261582","99.236817","98.318592","91.788191","97.832441","97.654475","93.496985","98.054809","97.748283","99.556939","99.503927","100","99.731183","99.607715","100","54.174397","98.658088","97.712727","98.815959","98.937549","87.932428","100",
"Tasa_de_alfabetización_de_las_personas_de_15_años_o_más,_desglosada_por_sexo_y_subpoblaciones<b><i>_[CENSO]_</i></b>",	01001,"Aguascalientes","2020","98.202476","99.305083","99.331269","98.711101","93.721538","98.380592","98.038193","95.301624","98.522086","98.217935","99.678293","99.62963","100","99.6875","99.726456","100","50.966184","98.902305","98.191906","99.084404","99.205123","89.849693","100",
"Tasa_de_alfabetización_de_las_personas_de_15_años_o_más,_desglosada_por_sexo_y_subpoblaciones<b><i>_[CENSO]_</i></b>",	01002,"Asientos","2020","96.391489","99.533872","98.967118","96.806102","86.970407","96.183429","96.588899","88.235294","96.703297","96.377782","99.342105","99.270073","100","100","100","ND","100","97.849462","96.339716","98.097826","97.993311","85.176471","ND",
"Tasa_de_alfabetización_de_las_personas_de_15_años_o_más,_desglosada_por_sexo_y_subpoblaciones<b><i>_[CENSO]_</i></b>",	01003,"Calvillo","2020","95.418725","99.47205","98.843063","96.731684","85.59203","94.87755","95.924648","88.405797","95.813953","95.383339","98.431373","98.755187","100","ND","91.666667","ND","66.666667","98.050459","95.310293","97.479954","98.153846","80.079681","ND",
"Tasa_de_alfabetización_de_las_personas_de_15_años_o_más,_desglosada_por_sexo_y_subpoblaciones<b><i>_[CENSO]_</i></b>",	01004,"Cosío","2020","96.691208","99.808612","98.904187","96.982143","88.778673","96.626845","96.75102","83.333333","96.503497","96.685928","97.916667","97.916667","ND","ND","ND","ND","100","96.875","96.669269","97.727273","97.014925","84.699454","ND",
"Tasa_de_alfabetización_de_las_personas_de_15_años_o_más,_desglosada_por_sexo_y_subpoblaciones<b><i>_[CENSO]_</i></b>",	01005,"Jesús_María","2020","97.488168","99.036458","99.198598","98.091765","88.700968","97.510541","97.466897","94","97.936017","97.491356","99.554566","99.364407","100","100","99.731183","100","62.903226","99.755501","97.410752","99.137745","99.693252","84.585253","ND",
"Tasa_de_alfabetización_de_las_personas_de_15_años_o_más,_desglosada_por_sexo_y_subpoblaciones<b><i>_[CENSO]_</i></b>",	01006,"Pabellón_de_Arteaga","2020","97.006095","98.154596","99.077198","97.636715","89.355055","96.928201","97.079277","91.304348","96.209913","97.012054","98.969072","98.809524","ND","100","100","ND","14.285714","98.604651","97.011628","96.99842","98.728814","87.167581","ND",
"Tasa_de_alfabetización_de_las_personas_de_15_años_o_más,_desglosada_por_sexo_y_subpoblaciones<b><i>_[CENSO]_</i></b>",	01007,"Rincón_de_Romos","2020","96.461207","99.279746","99.074839","97.07994","86.398176","96.523571","96.403509","78.698225","95.703125","96.444026","100","100","100","ND","100","ND","75","98.142415","96.499319","94.320487","98.309859","84.628552","ND",
"Tasa_de_alfabetización_de_las_personas_de_15_años_o_más,_desglosada_por_sexo_y_subpoblaciones<b><i>_[CENSO]_</i></b>",	01008,"San_José_de_Gracia","2020","97.530296","99.820789","99.447514","97.976111","90.794979","97.734734","97.350993","94.444444","96.601942","97.515432","100","100","ND","ND","ND","ND","100","100","97.476341","98.684211","100","86.298569","ND",
"Tasa_de_alfabetización_de_las_personas_de_15_años_o_más,_desglosada_por_sexo_y_subpoblaciones<b><i>_[CENSO]_</i></b>",	01009,"Tepezalá","2020","95.684839","99.563001","98.811262","96.495101","83.549583","95.593265","95.772174","92.857143","92.957746","95.659476","100","100","ND","ND","100","ND","100","98.734177","95.674684","95.175439","98.837209","82.256298","ND",
"Tasa_de_alfabetización_de_las_personas_de_15_años_o_más,_desglosada_por_sexo_y_subpoblaciones<b><i>_[CENSO]_</i></b>",	01010,"El_Llano","2020","95.884407","99.020408","98.596163","97.006745","84.104628","95.971302","95.798776","100","97.247706","95.913727","100","100","100","ND","100","100","20","99.212598","95.816052","95.39749","99.275362","81.036168","ND",
"Tasa_de_alfabetización_de_las_personas_de_15_años_o_más,_desglosada_por_sexo_y_subpoblaciones<b><i>_[CENSO]_</i></b>",	01011,"San_Francisco_de_los_Romo","2020","97.449298","99.294582","99.123669","97.971422","86.343367","97.491214","97.408838","91.666667","98.214286","97.451047","99.118943","100","100","100","95.348837","ND","73.684211","97.510373","97.431155","98.075381","97.482014","85.155413","ND",
"Tasa_de_alfabetización_de_las_personas_de_15_años_o_más,_desglosada_por_sexo_y_subpoblaciones<b><i>_[CENSO]_</i></b>",	02,"Baja_California","2020","97.748585","99.048968","98.783117","98.10251","93.518094","97.835216","97.660874","85.199559","97.877658","97.83639","99.072484","99.314744","94.455852","99.065421","98.403037","94.680851","39.590334","98.439351","97.977174","97.604749","98.74022","88.963018","96.723044",
"Tasa_de_alfabetización_de_las_personas_de_15_años_o_más,_desglosada_por_sexo_y_subpoblaciones<b><i>_[CENSO]_</i></b>",	02001,"Ensenada","2020","97.451725","99.008716","98.730089","97.621383","94.113686","97.560107","97.345024","81.002764","97.779833","97.484578","99.209594","99.491238","91.397849","97.938144","98.963731","85.714286","36.410256","98.081423","97.614183","96.854238","98.666304","89.27027","100",
"Tasa_de_alfabetización_de_las_personas_de_15_años_o_más,_desglosada_por_sexo_y_subpoblaciones<b><i>_[CENSO]_</i></b>",	02002,"Mexicali","2020","98.01011","99.097906","98.921537","98.467627","94.378284","98.012614","98.007572","92.985232","98.060682","98.050517","99.042336","99.333034","92.80303","100","98.030708","97.619048","58.057055","98.387097","98.142599","97.656019","98.609732","89.620719","95.705521",
"Tasa_de_alfabetización_de_las_personas_de_15_años_o_más,_desglosada_por_sexo_y_subpoblaciones<b><i>_[CENSO]_</i></b>",	02003,"Tecate","2020","96.599431","99.266126","98.488201","96.596882","91.859558","95.69177","97.637161","90.697674","96.23431","96.583273","98.805461","99.088146","90.322581","100","97.142857","50","62.745098","98.466258","97.733335","97.479452","98.813869","85.248619","ND",
"Tasa_de_alfabetización_de_las_personas_de_15_años_o_más,_desglosada_por_sexo_y_subpoblaciones<b><i>_[CENSO]_</i></b>",	02004,"Tijuana","2020","98.089938","99.047772","98.840636","98.492659","93.83573","98.184902","97.994132","93.448924","98.343425","98.235477","99.060302","99.290044","95.535714","99.022801","98.407543","95.238095","34.1838","98.750566","98.33584","98.213899","98.888643","89.812506","96.919127",
"Tasa_de_alfabetización_de_las_personas_de_15_años_o_más,_desglosada_por_sexo_y_subpoblaciones<b><i>_[CENSO]_</i></b>",	02005,"Playas_de_Rosarito","2020","97.428067","98.775635","98.74775","97.889662","92.786174","97.639638","97.21048","90.818182","98.383769","97.587544","99.250936","99.373986","94.339623","100","98.828697","ND","25.825826","98.41954","97.70696","97.190518","98.837209","88.39078","ND",
"Tasa_de_alfabetización_de_las_personas_de_15_años_o_más,_desglosada_por_sexo_y_subpoblaciones<b><i>_[CENSO]_</i></b>",	02006,"San_Quintín","2020","91.760498","98.91121","97.289459","90.40581","72.768086","93.501492","89.943222","78.419646","93.237841","91.722565","99.242424","99.649123","75","100","100","100","43.589744","93.176972","91.706122","92.261307","94.17122","75.284715","ND",
"Tasa_de_alfabetización_de_las_personas_de_15_años_o_más,_desglosada_por_sexo_y_subpoblaciones<b><i>_[CENSO]_</i></b>",	03,"Baja_California_Sur","2020","97.423488","99.317768","98.871985","97.728505","92.044493","97.595619","97.245146","86.315871","97.004967","97.474541","99.481999","99.491263","96.511628","99.245283","99.575221","100","63.216679","98.51632","97.510265","97.384356","99.123288","88.190531","ND",
"Tasa_de_alfabetización_de_las_personas_de_15_años_o_más,_desglosada_por_sexo_y_subpoblaciones<b><i>_[CENSO]_</i></b>",	03001,"Comondú","2020","95.75116","99.388753","98.666039","97.078613","86.4131","95.732892","95.769708","79.507134","94.362018","95.76373","98.4375","100","50","ND","95.348837","ND","40.909091","95.918367","95.783516","95.518395","96.721311","81.818182","ND",
"Tasa_de_alfabetización_de_las_personas_de_15_años_o_más,_desglosada_por_sexo_y_subpoblaciones<b><i>_[CENSO]_</i></b>",	03002,"Mulegé","2020","95.726131","98.659354","97.698104","95.522508","91.514612","95.955627","95.476783","80.458971","90.128205","95.681873","100","100","100","100","100","ND","96.88958","97.647059","95.81593","94.354443","98.657718","86.581137","ND",
"Tasa_de_alfabetización_de_las_personas_de_15_años_o_más,_desglosada_por_sexo_y_subpoblaciones<b><i>_[CENSO]_</i></b>",	03003,"La_Paz","2020","98.024566","99.371653","99.100378","98.417719","94.630638","98.125642","97.92469","85.443038","97.993564","98.082889","99.465913","99.229923","100","100","99.765625","100","22.978723","98.14433","98.131717","97.666111","99.129173","90.355726","ND",
"Tasa_de_alfabetización_de_las_personas_de_15_años_o_más,_desglosada_por_sexo_y_subpoblaciones<b><i>_[CENSO]_</i></b>",	03008,"Los_Cabos","2020","97.5533","99.36302","98.926905","97.663495","89.876853","97.842092","97.242828","90.315053","97.145406","97.628834","99.47479","99.582367","96.721311","99.061033","99.490539","100","36.658933","98.993964","97.651403","97.65739","99.266247","88.279593","ND",
"Tasa_de_alfabetización_de_las_personas_de_15_años_o_más,_desglosada_por_sexo_y_subpoblaciones<b><i>_[CENSO]_</i></b>",	03009,"Loreto","2020","97.592236","99.677419","98.77261","97.748112","94.309339","97.517679","97.670878","89.949749","97.101449","97.599638","100","100","100","100","100","ND","41.666667","100","97.625413","97.919762","100","88.044832","ND",
"Tasa_de_alfabetización_de_las_personas_de_15_años_o_más,_desglosada_por_sexo_y_subpoblaciones<b><i>_[CENSO]_</i></b>",	04,"Campeche","2020","94.004401","98.996984","98.503905","95.231578","79.685429","94.710819","93.334949","83.194888","94.404226","94.162166","80.80576","99.152542","67.723191","100","98.380829","83.333333","47.018349","96.855346","93.923898","97.129654","96.834764","77.149998","ND",
"Tasa_de_alfabetización_de_las_personas_de_15_años_o_más,_desglosada_por_sexo_y_subpoblaciones<b><i>_[CENSO]_</i></b>",	04001,"Calkiní","2020","90.509413","99.272349","98.323783","92.716545","68.408328","92.158418","88.922801","85.264894","90.094899","90.513372","96.666667","100","90","ND","100","ND","66.666667","100","90.421803","97.235772","100","62.732919","ND",
"Tasa_de_alfabetización_de_las_personas_de_15_años_o_más,_desglosada_por_sexo_y_subpoblaciones<b><i>_[CENSO]_</i></b>",	04002,"Campeche","2020","96.5754","99.408284","99.271952","97.585589","88.231827","97.183598","96.029885","85.170984","96.085672","96.788219","81.674704","100","70.783345","100","99.347471","100","20.111732","99.58159","96.579503","98.402506","99.236641","84.613613","ND",
"Tasa_de_alfabetización_de_las_personas_de_15_años_o_más,_desglosada_por_sexo_y_subpoblaciones<b><i>_[CENSO]_</i></b>",	04003,"Carmen","2020","95.895075","98.848303","98.485199","96.73162","85.718485","96.317939","95.488946","86.7534","96.234641","95.902639","97.928177","98.611111","85.714286","100","99.033816","100","69.512195","97.894737","95.806258","98.289038","98.827471","83.15054","ND",
"Tasa_de_alfabetización_de_las_personas_de_15_años_o_más,_desglosada_por_sexo_y_subpoblaciones<b><i>_[CENSO]_</i></b>",	04004,"Champotón","2020","91.07716","99.062573","97.926435","92.143979","71.00443","92.092568","90.084403","73.397879","92.504259","92.081953","64.54682","98.484848","61.930586","100","95.061728","66.666667","59.375","97.345133","90.937337","95.337356","96.045198","70.427163","ND",
"Tasa_de_alfabetización_de_las_personas_de_15_años_o_más,_desglosada_por_sexo_y_subpoblaciones<b><i>_[CENSO]_</i></b>",	04005,"Hecelchakán","2020","91.50903","98.527607","98.150875","93.874311","69.554523","92.95713","90.122319","85.889511","92.391304","91.50422","95.238095","100","85.714286","ND","100","ND","100","66.666667","91.399252","98.618785","83.333333","65.867876","ND",
"Tasa_de_alfabetización_de_las_personas_de_15_años_o_más,_desglosada_por_sexo_y_subpoblaciones<b><i>_[CENSO]_</i></b>",	04006,"Hopelchén","2020","91.655465","98.969072","98.372037","93.238869","69.52205","92.435198","90.859054","86.167616","90.402844","91.653385","92.61745","100","73.333333","ND","96.938776","ND","50","96.551724","91.567232","99.352751","95.121951","66.37931","ND",
"Tasa_de_alfabetización_de_las_personas_de_15_años_o_más,_desglosada_por_sexo_y_subpoblaciones<b><i>_[CENSO]_</i></b>",	04007,"Palizada","2020","92.02051","97.333333","97.651246","92.892613","80.756014","92.003763","92.038008","93.650794","90.740741","92.027005","100","ND","100","ND","100","ND","0","100","91.902102","98.639456","100","70.77748","ND",
"Tasa_de_alfabetización_de_las_personas_de_15_años_o_más,_desglosada_por_sexo_y_subpoblaciones<b><i>_[CENSO]_</i></b>",	04008,"Tenabo","2020","91.178589","98.736462","98.556125","92.932538","69.442262","92.210876","90.123756","81.959565","89.247312","91.199808","78.571429","100","75","100","66.666667","ND","ND","100","91.120352","93.877551","100","68.453292","ND",
"Tasa_de_alfabetización_de_las_personas_de_15_años_o_más,_desglosada_por_sexo_y_subpoblaciones<b><i>_[CENSO]_</i></b>",	04009,"Escárcega","2020","91.003609","98.75969","97.778155","92.375759","68.419273","91.801334","90.256434","73.446328","93.456376","91.017059","96.428571","100","84.615385","ND","96.551724","ND","25","92.929293","90.859785","95.181477","93.396226","66.600133","ND",
"Tasa_de_alfabetización_de_las_personas_de_15_años_o_más,_desglosada_por_sexo_y_subpoblaciones<b><i>_[CENSO]_</i></b>",	04010,"Calakmul","2020","86.761322","99.04963","97.684515","86.372026","52.617188","88.717051","84.77918","77.547981","86.919831","86.734443","94.736842","100","83.333333","ND","100","ND","100","93.150685","86.491201","92.307692","93.181818","57.554945","ND",
"Tasa_de_alfabetización_de_las_personas_de_15_años_o_más,_desglosada_por_sexo_y_subpoblaciones<b><i>_[CENSO]_</i></b>",	04011,"Candelaria","2020","88.534852","97.868217","96.986555","89.695817","64.529559","89.581009","87.456891","73.092869","88.15534","88.629997","80.653951","96.721311","75.925926","ND","88.888889","ND","77.777778","98.876404","88.422097","90.750182","90.47619","64.142122","ND",
"Tasa_de_alfabetización_de_las_personas_de_15_años_o_más,_desglosada_por_sexo_y_subpoblaciones<b><i>_[CENSO]_</i></b>",	04012,"Seybaplaya","2020","93.554535","99.568966","98.256204","95.889946","77.389985","93.433724","93.67284","73.963134","94.666667","93.567404","66.666667","100","50","ND","66.666667","ND","100","100","93.520954","96.296296","100","73.678963","ND",
"Tasa_de_alfabetización_de_las_personas_de_15_años_o_más,_desglosada_por_sexo_y_subpoblaciones<b><i>_[CENSO]_</i></b>",	04013,"Dzitbalché","2020","ND","ND","ND","ND","ND","ND","ND","ND","ND","ND","ND","ND","ND","ND","ND","ND","ND","ND","ND","ND","ND","ND","ND",
"Tasa_de_alfabetización_de_las_personas_de_15_años_o_más,_desglosada_por_sexo_y_subpoblaciones<b><i>_[CENSO]_</i></b>",	05,"Coahuila_de_Zaragoza","2020","97.992861","98.969482","98.949679","98.519458","94.048552","97.998538","97.98734","95.602944","97.646352","98.033322","98.708742","98.736702","96.923077","99.817185","98.74254","70.833333","36.314848","98.759262","98.019091","98.742357","98.711473","89.117806","98.089172",
"Tasa_de_alfabetización_de_las_personas_de_15_años_o_más,_desglosada_por_sexo_y_subpoblaciones<b><i>_[CENSO]_</i></b>",	05001,"Abasolo","2020","97.665848","100","99.375","98.205128","95.217391","97.380952","97.969543","100","100","97.64268","100","100","ND","ND","ND","ND","ND","100","97.597977","100","100","91.358025","ND",
"Tasa_de_alfabetización_de_las_personas_de_15_años_o_más,_desglosada_por_sexo_y_subpoblaciones<b><i>_[CENSO]_</i></b>",	05002,"Acuña","2020","97.920897","98.998537","98.994028","98.300904","91.974576","98.040683","97.800336","93.896714","97.830375","97.903424","99.215143","99.184921","100","100","100","50","82.352941","98.848684","97.926416","97.841727","98.955366","88.540146","100",
"Tasa_de_alfabetización_de_las_personas_de_15_años_o_más,_desglosada_por_sexo_y_subpoblaciones<b><i>_[CENSO]_</i></b>",	05003,"Allende","2020","97.581512","99.359561","98.670872","98.211748","93.212996","97.241463","97.910062","81.818182","95.56962","97.589561","97.26776","97.701149","100","ND","85.714286","ND","90","97.5","97.61429","95.3125","97.029703","86.175115","ND",
"Tasa_de_alfabetización_de_las_personas_de_15_años_o_más,_desglosada_por_sexo_y_subpoblaciones<b><i>_[CENSO]_</i></b>",	05004,"Arteaga","2020","95.882572","98.856326","98.799283","97.102745","85.654262","95.880081","95.885122","96.666667","94.863459","96.015038","100","100","ND","100","100","ND","33.928571","100","95.992946","97.613883","100","80.51832","ND",
"Tasa_de_alfabetización_de_las_personas_de_15_años_o_más,_desglosada_por_sexo_y_subpoblaciones<b><i>_[CENSO]_</i></b>",	05005,"Candela","2020","92.580101","100","98.654709","95.796848","79.598662","91.878173","93.277311","ND","100","92.614601","87.5","100","ND","ND","0","ND","ND","100","92.462752","95.348837","100","70.238095","ND",
"Tasa_de_alfabetización_de_las_personas_de_15_años_o_más,_desglosada_por_sexo_y_subpoblaciones<b><i>_[CENSO]_</i></b>",	05006,"Castaños","2020","97.966825","99.65374","98.503326","98.882527","93.501171","98.039966","97.894935","100","98.947368","97.975285","100","100","ND","ND","100","ND","62.5","100","97.976601","97.752809","100","87.017544","ND",
"Tasa_de_alfabetización_de_las_personas_de_15_años_o_más,_desglosada_por_sexo_y_subpoblaciones<b><i>_[CENSO]_</i></b>",	05007,"Cuatro_Ciénegas","2020","96.093836","99.2","98.075072","97.278183","89.148681","95.569051","96.602047","100","95.833333","96.086908","100","100","ND","ND","100","ND","100","100","96.048323","98.026316","100","84.227129","ND",
"Tasa_de_alfabetización_de_las_personas_de_15_años_o_más,_desglosada_por_sexo_y_subpoblaciones<b><i>_[CENSO]_</i></b>",	05008,"Escobedo","2020","96.387746","100","98.671727","96.863469","91.224018","95.981735","96.794872","100","100","96.45488","100","100","100","ND","100","ND","0","85.714286","96.503497","100","87.5","79.452055","ND",
"Tasa_de_alfabetización_de_las_personas_de_15_años_o_más,_desglosada_por_sexo_y_subpoblaciones<b><i>_[CENSO]_</i></b>",	05009,"Francisco_I._Madero","2020","96.61306","99.199231","98.360656","97.109117","90.708372","96.258652","96.95269","93.333333","95.180723","96.615195","100","100","100","ND","100","ND","70","98.837209","96.58845","97.683787","98.979592","87.252431","ND",
"Tasa_de_alfabetización_de_las_personas_de_15_años_o_más,_desglosada_por_sexo_y_subpoblaciones<b><i>_[CENSO]_</i></b>",	05010,"Frontera","2020","98.243983","99.537825","98.883828","98.797339","94.734008","98.510348","97.979698","91.836735","98.053528","98.255891","99.305556","100","100","ND","97.435897","ND","50","98.529412","98.255814","99.109131","97.674419","88.38464","ND",
"Tasa_de_alfabetización_de_las_personas_de_15_años_o_más,_desglosada_por_sexo_y_subpoblaciones<b><i>_[CENSO]_</i></b>",	05011,"General_Cepeda","2020","95.064478","97.487437","99.130855","96.716491","85.738349","94.696107","95.455644","100","98.22695","95.059265","100","100","ND","ND","100","ND","100","100","95.030246","98.863636","100","79.54071","ND",
"Tasa_de_alfabetización_de_las_personas_de_15_años_o_más,_desglosada_por_sexo_y_subpoblaciones<b><i>_[CENSO]_</i></b>",	05012,"Guerrero","2020","92.926829","100","97.222222","94.08867","84.615385","90.840841","95.390071","88.888889","100","92.863002","100","100","ND","ND","100","ND","ND","100","92.713568","100","100","76.28866","ND",
"Tasa_de_alfabetización_de_las_personas_de_15_años_o_más,_desglosada_por_sexo_y_subpoblaciones<b><i>_[CENSO]_</i></b>",	05013,"Hidalgo","2020","95.183888","99.074074","99.319728","95.54731","86.069652","94.608696","95.767196","ND","ND","95.169946","95.833333","95.238095","ND","ND","100","ND","ND","100","94.962687","98.245614","100","82.608696","ND",
"Tasa_de_alfabetización_de_las_personas_de_15_años_o_más,_desglosada_por_sexo_y_subpoblaciones<b><i>_[CENSO]_</i></b>",	05014,"Jiménez","2020","96.851879","98.811881","99.440716","97.148676","91.143594","96.521243","97.19433","100","92.857143","96.832914","99.242424","99.230769","ND","ND","100","ND","50","95.744681","96.833655","100","97.333333","84.299517","ND",
"Tasa_de_alfabetización_de_las_personas_de_15_años_o_más,_desglosada_por_sexo_y_subpoblaciones<b><i>_[CENSO]_</i></b>",	05015,"Juárez","2020","97.132928","100","100","98.103448","90.222222","95.883362","98.415493","ND","ND","97.089947","100","100","ND","ND","100","ND","ND","100","97.029703","100","100","90.344828","ND",
"Tasa_de_alfabetización_de_las_personas_de_15_años_o_más,_desglosada_por_sexo_y_subpoblaciones<b><i>_[CENSO]_</i></b>",	05016,"Lamadrid","2020","96.597633","98.666667","99.283154","97.862595","91.54519","96.751412","96.428571","100","100","96.587537","100","100","ND","ND","ND","ND","ND","66.666667","96.659243","100","66.666667","91.549296","ND",
"Tasa_de_alfabetización_de_las_personas_de_15_años_o_más,_desglosada_por_sexo_y_subpoblaciones<b><i>_[CENSO]_</i></b>",	05017,"Matamoros","2020","96.618133","98.481691","98.950888","97.264588","89.245327","96.368597","96.861048","99.197861","95.714286","96.630624","100","100","100","100","100","100","55.263158","97.619048","96.60341","98.195329","97.864769","85.486135","ND",
"Tasa_de_alfabetización_de_las_personas_de_15_años_o_más,_desglosada_por_sexo_y_subpoblaciones<b><i>_[CENSO]_</i></b>",	05018,"Monclova","2020","98.5206","99.252616","98.998746","98.892453","96.473103","98.535642","98.50604","94.907407","98.803987","98.563901","99.833055","99.72973","100","100","100","ND","18.095238","99.719888","98.566613","99.171414","99.796334","91.313225","ND",
"Tasa_de_alfabetización_de_las_personas_de_15_años_o_más,_desglosada_por_sexo_y_subpoblaciones<b><i>_[CENSO]_</i></b>",	05019,"Morelos","2020","97.958831","98.834499","99.182561","98.186257","95.181908","97.759888","98.153215","100","94.117647","97.995428","97.826087","97.701149","ND","ND","100","ND","0","100","97.96026","100","100","89.700997","ND",
"Tasa_de_alfabetización_de_las_personas_de_15_años_o_más,_desglosada_por_sexo_y_subpoblaciones<b><i>_[CENSO]_</i></b>",	05020,"Múzquiz","2020","97.180876","99.18722","98.644882","97.754132","92.844193","97.197032","97.164958","92.631579","95.79288","97.200988","96.875","96.629213","100","100","100","ND","54.545455","98.913043","97.176191","99.040767","99.065421","87.602867","ND",
"Tasa_de_alfabetización_de_las_personas_de_15_años_o_más,_desglosada_por_sexo_y_subpoblaciones<b><i>_[CENSO]_</i></b>",	05021,"Nadadores","2020","97.310958","98.943662","98.283262","98.097087","93.383948","97.674419","96.941272","100","94.736842","97.309326","100","100","ND","ND","ND","ND","ND","100","97.295636","98.113208","100","89.0625","ND",
"Tasa_de_alfabetización_de_las_personas_de_15_años_o_más,_desglosada_por_sexo_y_subpoblaciones<b><i>_[CENSO]_</i></b>",	05022,"Nava","2020","97.84362","99.5439","98.52071","98.327138","93.703242","97.705996","97.983078","100","97.368421","97.939384","96.170213","95.714286","100","100","100","ND","34.482759","98.181818","97.924479","98.866213","98.089172","87.595129","100",
"Tasa_de_alfabetización_de_las_personas_de_15_años_o_más,_desglosada_por_sexo_y_subpoblaciones<b><i>_[CENSO]_</i></b>",	05023,"Ocampo","2020","96.047834","99.21875","99.322034","97.668241","85.172704","95.974459","96.129032","100","93.939394","96.053785","92.857143","92.857143","ND","ND","ND","ND","100","100","95.934593","100","100","81.628392","ND",
"Tasa_de_alfabetización_de_las_personas_de_15_años_o_más,_desglosada_por_sexo_y_subpoblaciones<b><i>_[CENSO]_</i></b>",	05024,"Parras","2020","95.927616","98.97392","98.153768","96.919806","89.028898","95.813528","96.042833","92.647059","97.272727","95.943211","95.121951","92","100","ND","100","ND","16.666667","100","95.896809","97.765363","100","84.812834","ND",
"Tasa_de_alfabetización_de_las_personas_de_15_años_o_más,_desglosada_por_sexo_y_subpoblaciones<b><i>_[CENSO]_</i></b>",	05025,"Piedras_Negras","2020","98.229155","99.188419","98.907012","98.63633","94.694836","98.204001","98.25443","99.186992","97.89385","98.307352","98.341837","98.602794","97.058824","98.901099","97.035573","ND","18.110236","99.306519","98.319789","98.258345","98.331108","90.462126","98.00995",
"Tasa_de_alfabetización_de_las_personas_de_15_años_o_más,_desglosada_por_sexo_y_subpoblaciones<b><i>_[CENSO]_</i></b>",	05026,"Progreso","2020","96.436148","100","99.33222","97.477477","89.579158","95.867769","97.035745","100","100","96.503198","100","100","ND","ND","100","ND","0","93.333333","96.548749","94.444444","94.736842","87.866109","ND",
"Tasa_de_alfabetización_de_las_personas_de_15_años_o_más,_desglosada_por_sexo_y_subpoblaciones<b><i>_[CENSO]_</i></b>",	05027,"Ramos_Arizpe","2020","97.960135","99.032527","99.039751","98.480269","89.787119","98.083004","97.82834","96.009975","97.004608","98.006519","98.985801","100","90.909091","100","98.823529","100","30.882353","98.648649","97.918841","98.762629","98.63388","85.013624","ND",
"Tasa_de_alfabetización_de_las_personas_de_15_años_o_más,_desglosada_por_sexo_y_subpoblaciones<b><i>_[CENSO]_</i></b>",	05028,"Sabinas","2020","98.138442","99.092332","99.039185","98.477752","95.409917","98.124816","98.151723","88.607595","97.565725","98.144546","98.069498","97.826087","100","100","100","ND","78.571429","96.478873","98.162879","97.135417","97.005988","89.618974","ND",
"Tasa_de_alfabetización_de_las_personas_de_15_años_o_más,_desglosada_por_sexo_y_subpoblaciones<b><i>_[CENSO]_</i></b>",	05029,"Sacramento","2020","96.534653","99.173554","98.886414","96.956522","91.158537","95.336226","97.767857","ND","100","96.528926","100","100","ND","ND","ND","ND","ND","100","96.565097","87.5","100","85.606061","ND",
"Tasa_de_alfabetización_de_las_personas_de_15_años_o_más,_desglosada_por_sexo_y_subpoblaciones<b><i>_[CENSO]_</i></b>",	05030,"Saltillo","2020","98.385979","98.787698","99.100249","98.996674","94.464132","98.533938","98.2419","95.761079","97.997733","98.443659","98.771779","98.947368","97.468354","100","98.85664","62.5","36.900958","99.553073","98.439912","98.885832","98.97084","89.272061","93.75",
"Tasa_de_alfabetización_de_las_personas_de_15_años_o_más,_desglosada_por_sexo_y_subpoblaciones<b><i>_[CENSO]_</i></b>",	05031,"San_Buenaventura","2020","98.155282","99.042646","98.623425","98.592284","96.036406","98.150798","98.15964","94.117647","97.087379","98.173889","98.611111","100","100","ND","90","ND","71.428571","100","98.167712","98.295455","100","92.389758","ND",
"Tasa_de_alfabetización_de_las_personas_de_15_años_o_más,_desglosada_por_sexo_y_subpoblaciones<b><i>_[CENSO]_</i></b>",	05032,"San_Juan_de_Sabinas","2020","98.218186","99.445844","98.705546","98.429883","96.867331","98.140246","98.293056","100","98.305085","98.211035","100","100","100","100","100","ND","66.666667","98.148148","98.204651","100","98.518519","91.24424","ND",
"Tasa_de_alfabetización_de_las_personas_de_15_años_o_más,_desglosada_por_sexo_y_subpoblaciones<b><i>_[CENSO]_</i></b>",	05033,"San_Pedro","2020","96.133131","99.081412","98.894819","96.848202","88.832208","95.728417","96.524195","96","96.153846","96.145062","96.666667","97.794118","0","ND","92.307692","ND","33.333333","96.644295","96.06788","98.892803","96.969697","85.284464","ND",
"Tasa_de_alfabetización_de_las_personas_de_15_años_o_más,_desglosada_por_sexo_y_subpoblaciones<b><i>_[CENSO]_</i></b>",	05034,"Sierra_Mojada","2020","97.443482","99.672131","99.008391","98.238058","88.987567","97.342712","97.562098","88.888889","100","97.430452","100","100","ND","ND","100","ND","100","100","97.220242","99.191919","100","83.333333","ND",
"Tasa_de_alfabetización_de_las_personas_de_15_años_o_más,_desglosada_por_sexo_y_subpoblaciones<b><i>_[CENSO]_</i></b>",	05035,"Torreón","2020","98.423344","98.859443","98.949725","98.78987","96.237278","98.429126","98.417987","94.724502","98.032266","98.472202","98.813056","98.640777","96.153846","100","98.993289","100","33.966746","99.069374","98.451345","99.100373","99.130435","91.847863","100",
"Tasa_de_alfabetización_de_las_personas_de_15_años_o_más,_desglosada_por_sexo_y_subpoblaciones<b><i>_[CENSO]_</i></b>",	05036,"Viesca","2020","95.154972","99.598394","98.129343","95.768406","86.998832","94.741861","95.575589","100","98.214286","95.183297","100","100","ND","100","100","100","25","100","95.111016","97.679814","100","85.471826","ND",
"Tasa_de_alfabetización_de_las_personas_de_15_años_o_más,_desglosada_por_sexo_y_subpoblaciones<b><i>_[CENSO]_</i></b>",	05037,"Villa_Unión","2020","96.816437","99.392097","98.76652","96.834862","92.866242","96.342001","97.314815","50","100","96.774931","100","100","100","ND","100","ND","ND","93.023256","96.844045","96.153846","95.16129","88.14433","ND",
"Tasa_de_alfabetización_de_las_personas_de_15_años_o_más,_desglosada_por_sexo_y_subpoblaciones<b><i>_[CENSO]_</i></b>",	05038,"Zaragoza","2020","96.783069","99.223602","98.913498","97.388466","91.584158","96.192469","97.38758","100","95.238095","96.894477","98.473282","98.4","ND","100","100","ND","0","95.081967","96.931113","96.629213","96.226415","85.47486","ND",
"Tasa_de_alfabetización_de_las_personas_de_15_años_o_más,_desglosada_por_sexo_y_subpoblaciones<b><i>_[CENSO]_</i></b>",	06,"Colima","2020","96.496678","98.896217","98.845573","97.355184","89.220922","96.457312","96.534214","80.377189","96.814176","96.519409","99.093953","99.314881","91.428571","100","98.996656","100","78.561453","97.741126","96.551374","96.24039","98.01812","83.66353","ND",
"Tasa_de_alfabetización_de_las_personas_de_15_años_o_más,_desglosada_por_sexo_y_subpoblaciones<b><i>_[CENSO]_</i></b>",	06001,"Armería","2020","92.798475","99.07736","97.718707","94.421199","80.206757","92.75207","92.845225","72.916667","94.83871","92.760561","98.351648","98.795181","0","100","100","ND","62.5","93.989071","92.717158","95.186335","94.202899","74.086957","ND",
"Tasa_de_alfabetización_de_las_personas_de_15_años_o_más,_desglosada_por_sexo_y_subpoblaciones<b><i>_[CENSO]_</i></b>",	06002,"Colima","2020","97.477289","98.962404","99.338304","98.134212","93.25348","97.451043","97.501399","91.327434","97.49788","97.559503","99.25816","99.547511","100","100","98.525799","100","86.584289","97.877984","97.572799","97.602074","98.37233","86.596672","ND",
"Tasa_de_alfabetización_de_las_personas_de_15_años_o_más,_desglosada_por_sexo_y_subpoblaciones<b><i>_[CENSO]_</i></b>",	06003,"Comala","2020","96.710249","99.303136","99.361493","97.845889","89.640332","97.196713","96.226415","93.333333","98.058252","96.693259","100","100","ND","ND","100","ND","50","98.245614","96.692474","97.749196","98.550725","84.439686","ND",
"Tasa_de_alfabetización_de_las_personas_de_15_años_o_más,_desglosada_por_sexo_y_subpoblaciones<b><i>_[CENSO]_</i></b>",	06004,"Coquimatlán","2020","94.053059","99.071495","98.349347","95.837696","81.812081","93.697214","94.413908","70.921986","94.297352","94.006652","100","100","100","ND","100","ND","100","94.573643","94.179579","90.097087","94.964029","78.474114","ND",
"Tasa_de_alfabetización_de_las_personas_de_15_años_o_más,_desglosada_por_sexo_y_subpoblaciones<b><i>_[CENSO]_</i></b>",	06005,"Cuauhtémoc","2020","96.086235","98.557692","98.474835","96.617119","91.049701","95.707512","96.462518","76.649746","96.571429","96.110971","98.347107","98.26087","100","100","100","100","25","98.773006","96.642432","86.389568","97.326203","85.767991","ND",
"Tasa_de_alfabetización_de_las_personas_de_15_años_o_más,_desglosada_por_sexo_y_subpoblaciones<b><i>_[CENSO]_</i></b>",	06006,"Ixtlahuacán","2020","92.85386","99.628253","98.702595","95.211786","78.767877","92.314647","93.411215","93.333333","94.736842","92.764076","100","100","100","ND","100","ND","100","98","92.709078","96","98.181818","75.135135","ND",
"Tasa_de_alfabetización_de_las_personas_de_15_años_o_más,_desglosada_por_sexo_y_subpoblaciones<b><i>_[CENSO]_</i></b>",	06007,"Manzanillo","2020","97.365899","99.14322","99.142339","98.12621","90.329003","97.576048","97.161264","90.186916","97.454407","97.404736","99.400171","99.317872","100","100","99.466667","100","43.150685","99.497487","97.34664","98.354403","99.477352","85.618244","ND",
"Tasa_de_alfabetización_de_las_personas_de_15_años_o_más,_desglosada_por_sexo_y_subpoblaciones<b><i>_[CENSO]_</i></b>",	06008,"Minatitlán","2020","94.750513","99.392713","98.971193","96.777688","79.560811","95.360551","94.101044","100","99.065421","94.715839","100","100","ND","ND","ND","ND","ND","96.875","94.641564","96.524064","97.222222","71.957672","ND",
"Tasa_de_alfabetización_de_las_personas_de_15_años_o_más,_desglosada_por_sexo_y_subpoblaciones<b><i>_[CENSO]_</i></b>",	06009,"Tecomán","2020","92.539793","97.907813","97.119305","93.590637","78.725348","92.134511","92.937141","68.614232","94.018265","92.520059","97.377622","99.132321","86.538462","ND","93.220339","ND","71.698113","96.286472","92.645319","90.378937","96.606335","76.157062","ND",
"Tasa_de_alfabetización_de_las_personas_de_15_años_o_más,_desglosada_por_sexo_y_subpoblaciones<b><i>_[CENSO]_</i></b>",	06010,"Villa_de_Álvarez","2020","98.565932","99.234516","99.534212","99.093206","94.380124","98.635577","98.502752","94.722955","98.4","98.590624","99.403748","99.269184","94.736842","100","100","ND","42.647059","98.811545","98.626771","98.170732","98.962387","89.7475","ND",
"Tasa_de_alfabetización_de_las_personas_de_15_años_o_más,_desglosada_por_sexo_y_subpoblaciones<b><i>_[CENSO]_</i></b>",	07,"Chiapas","2020","86.216106","97.081491","95.373542","85.956422","60.531908","89.322461","83.344934","74.793627","87.158622","86.296721","81.479148","98.542805","72.710358","100","93.649842","87.878788","66.895728","95.631796","86.06591","97.301317","92.448401","60.541811","37.211635",
"Tasa_de_alfabetización_de_las_personas_de_15_años_o_más,_desglosada_por_sexo_y_subpoblaciones<b><i>_[CENSO]_</i></b>",	07001,"Acacoyagua","2020","89.185322","98.380952","97.196262","90.316445","66.39478","91.238517","87.175217","86.666667","86.698718","89.198399","88.059701","100","80.555556","ND","96.153846","ND","88.888889","95.348837","89.026503","95.038168","95.774648","61.290323","ND",
"Tasa_de_alfabetización_de_las_personas_de_15_años_o_más,_desglosada_por_sexo_y_subpoblaciones<b><i>_[CENSO]_</i></b>",	07002,"Acala","2020","84.076304","97.02725","95.224351","85.130162","56.889439","85.439712","82.770494","55.978261","66.666667","84.065822","93.333333","100","80","ND","100","ND","100","88.888889","83.929184","95.287958","91.666667","57.463415","ND",
"Tasa_de_alfabetización_de_las_personas_de_15_años_o_más,_desglosada_por_sexo_y_subpoblaciones<b><i>_[CENSO]_</i></b>",	07003,"Acapetahua","2020","86.193773","97.856615","97.132838","87.58547","61.822513","87.277657","85.163419","84.375","86.732187","86.2403","83.478261","100","78.431373","ND","92.424242","100","25","96.428571","86.036839","96.441281","95.454545","64.779874","ND",
"Tasa_de_alfabetización_de_las_personas_de_15_años_o_más,_desglosada_por_sexo_y_subpoblaciones<b><i>_[CENSO]_</i></b>",	07004,"Altamirano","2020","76.979116","93.715732","91.552779","72.580023","29.28475","83.686919","70.558244","72.285412","76.666667","76.977782","100","ND","100","ND","100","ND","66.666667","90.47619","76.862588","98.26087","90.47619","36.990155","ND",
"Tasa_de_alfabetización_de_las_personas_de_15_años_o_más,_desglosada_por_sexo_y_subpoblaciones<b><i>_[CENSO]_</i></b>",	07005,"Amatán","2020","82.89977","97.188755","95.371615","79.776692","47.744774","86.582889","79.18268","80.696066","78.512397","82.895408","100","ND","ND","ND","100","ND","ND","100","82.810693","93.859649","100","57.399103","ND",
"Tasa_de_alfabetización_de_las_personas_de_15_años_o_más,_desglosada_por_sexo_y_subpoblaciones<b><i>_[CENSO]_</i></b>",	07006,"Amatenango_de_la_Frontera","2020","84.568427","97.19888","96.198522","85.615974","54.868578","88.01184","81.394926","54.901961","72.413793","85.170992","60.588235","100","57.017544","ND","76.190476","ND","57.142857","96.09375","84.522025","97.461929","78.884462","57.634228","ND",
"Tasa_de_alfabetización_de_las_personas_de_15_años_o_más,_desglosada_por_sexo_y_subpoblaciones<b><i>_[CENSO]_</i></b>",	07007,"Amatenango_del_Valle","2020","73.485056","95.516304","91.44385","66.341761","30.331754","82.793765","65.639212","71.402616","66.666667","73.505211","0","ND","0","ND","ND","ND","0","100","73.43879","93.333333","100","21.538462","ND",
"Tasa_de_alfabetización_de_las_personas_de_15_años_o_más,_desglosada_por_sexo_y_subpoblaciones<b><i>_[CENSO]_</i></b>",	07008,"Angel_Albino_Corzo","2020","82.35377","95.28549","94.303088","81.494353","49.674855","85.463564","79.335247","44.817927","89.130435","82.506292","68","100","56.862745","ND","89.830508","100","100","94.827586","82.182426","95.510204","85.714286","50.050352","ND",
"Tasa_de_alfabetización_de_las_personas_de_15_años_o_más,_desglosada_por_sexo_y_subpoblaciones<b><i>_[CENSO]_</i></b>",	07009,"Arriaga","2020","91.476139","98.169643","97.96122","93.856141","75.527357","92.244281","90.777972","82.901554","93.080725","91.484967","91.304348","100","78.947368","ND","94.285714","ND","40","100","91.368958","95.741557","98.648649","71.134904","100",
"Tasa_de_alfabetización_de_las_personas_de_15_años_o_más,_desglosada_por_sexo_y_subpoblaciones<b><i>_[CENSO]_</i></b>",	07010,"Bejucal_de_Ocampo","2020","89.190884","98.74739","97.971014","90.517636","62.753036","93.564994","85.032626","82.352941","93.333333","89.24979","55.555556","75","40","ND","ND","ND","100","96.551724","89.054198","97.87234","96.774194","52.747253","ND",
"Tasa_de_alfabetización_de_las_personas_de_15_años_o_más,_desglosada_por_sexo_y_subpoblaciones<b><i>_[CENSO]_</i></b>",	07011,"Bella_Vista","2020","89.731508","99.286846","96.837945","90.38374","71.890436","93.100822","86.480529","76.068376","87.804878","89.936537","75.206612","100","73.076923","ND","80","ND","21.428571","98.181818","89.706553","98.507463","94.285714","64.332604","ND",
"Tasa_de_alfabetización_de_las_personas_de_15_años_o_más,_desglosada_por_sexo_y_subpoblaciones<b><i>_[CENSO]_</i></b>",	07012,"Berriozábal","2020","89.934918","96.943231","95.909056","89.98974","68.924303","92.188949","87.791005","82.34107","95.863747","89.91812","96.202532","94.736842","93.939394","100","97.142857","ND","40","100","89.721578","98.149861","100","68.903993","ND",
"Tasa_de_alfabetización_de_las_personas_de_15_años_o_más,_desglosada_por_sexo_y_subpoblaciones<b><i>_[CENSO]_</i></b>",	07013,"Bochil","2020","86.000372","99.291722","97.5267","84.039449","44.117647","89.86095","82.419846","83.292238","83.972125","86.005113","83.333333","100","100","ND","66.666667","ND","0","100","85.963358","98.305085","100","50.047847","ND",
"Tasa_de_alfabetización_de_las_personas_de_15_años_o_más,_desglosada_por_sexo_y_subpoblaciones<b><i>_[CENSO]_</i></b>",	07014,"El_Bosque","2020","77.383442","94.890039","92.625721","71.569195","29.790419","82.878766","72.460987","76.903915","81.081081","77.393886","0","ND","ND","ND","ND","0","0","100","77.31833","94.594595","100","36.422414","ND",
"Tasa_de_alfabetización_de_las_personas_de_15_años_o_más,_desglosada_por_sexo_y_subpoblaciones<b><i>_[CENSO]_</i></b>",	07015,"Cacahoatán","2020","90.056112","98.073022","97.468621","91.366339","69.609057","92.116585","88.174423","73.780488","88.829787","90.496539","79.116766","100","75.902527","ND","93.969849","ND","87.5","96.330275","89.961263","95.695364","89.356436","62.771739","ND",
"Tasa_de_alfabetización_de_las_personas_de_15_años_o_más,_desglosada_por_sexo_y_subpoblaciones<b><i>_[CENSO]_</i></b>",	07016,"Catazajá","2020","86.911517","98.705882","96.950797","89.966504","65.339664","88.701595","85.085953","73.737374","87.096774","86.92414","76.470588","ND","66.666667","ND","78.571429","ND","100","100","86.717342","95.620438","100","61.664075","ND",
"Tasa_de_alfabetización_de_las_personas_de_15_años_o_más,_desglosada_por_sexo_y_subpoblaciones<b><i>_[CENSO]_</i></b>",	07017,"Cintalapa","2020","89.870853","98.318455","97.414101","91.276637","68.688393","91.150385","88.634495","77.113134","91.450777","89.885261","94.897959","100","84","ND","98.245614","ND","88.687392","96.202532","89.794798","97.432024","95.454545","67.513228","ND",
"Tasa_de_alfabetización_de_las_personas_de_15_años_o_más,_desglosada_por_sexo_y_subpoblaciones<b><i>_[CENSO]_</i></b>",	07018,"Coapilla","2020","85.130794","98.95288","97.476497","83.204047","57.361963","87.582938","82.829181","77.358491","100","85.123334","100","100","ND","ND","100","ND","75","89.473684","84.964871","98.591549","89.473684","59.574468","ND",
"Tasa_de_alfabetización_de_las_personas_de_15_años_o_más,_desglosada_por_sexo_y_subpoblaciones<b><i>_[CENSO]_</i></b>",	07019,"Comitán_de_Domínguez","2020","90.821353","98.092942","97.249046","92.085679","68.614223","93.146886","88.780541","76.609848","93.301998","90.839061","90.875371","100","85.377358","100","95.230525","100","81.081081","97.60479","90.700318","98.617257","94.90566","66.73913","50",
"Tasa_de_alfabetización_de_las_personas_de_15_años_o_más,_desglosada_por_sexo_y_subpoblaciones<b><i>_[CENSO]_</i></b>",	07020,"La_Concordia","2020","82.478383","94.922578","93.992411","82.95259","52.796246","84.26089","80.712874","58.405978","79.627989","82.494118","80.701754","100","74.534161","ND","93.617021","ND","50","92.473118","82.362154","94.360902","90.833333","57.687311","ND",
"Tasa_de_alfabetización_de_las_personas_de_15_años_o_más,_desglosada_por_sexo_y_subpoblaciones<b><i>_[CENSO]_</i></b>",	07021,"Copainalá","2020","89.262697","98.875562","97.843943","89.292292","71.944858","90.478767","88.155627","79.61165","87.083333","89.273267","100","100","100","ND","100","ND","50","96","89.213322","95.833333","96","64.566116","ND",
"Tasa_de_alfabetización_de_las_personas_de_15_años_o_más,_desglosada_por_sexo_y_subpoblaciones<b><i>_[CENSO]_</i></b>",	07022,"Chalchihuitán","2020","70.804386","90.563476","83.979727","62.603387","15.734266","79.380561","62.592168","70.868537","80","70.804386","ND","ND","ND","ND","ND","ND","ND","100","70.625421","96","100","28.32618","ND",
"Tasa_de_alfabetización_de_las_personas_de_15_años_o_más,_desglosada_por_sexo_y_subpoblaciones<b><i>_[CENSO]_</i></b>",	07023,"Chamula","2020","67.394941","95.825371","89.906328","56.564593","10.830705","76.444958","60.271443","67.413262","70.588235","67.397193","81.25","75","100","ND","100","ND","57.142857","91.851852","67.277288","88.669951","92.028986","19.42029","ND",
"Tasa_de_alfabetización_de_las_personas_de_15_años_o_más,_desglosada_por_sexo_y_subpoblaciones<b><i>_[CENSO]_</i></b>",	07024,"Chanal","2020","77.549575","96.990973","94.572025","71.333799","24.875622","82.98984","72.365145","77.669485","63.636364","77.55102","100","ND","100","ND","100","ND","0","100","77.442324","96.774194","100","27.350427","ND",
"Tasa_de_alfabetización_de_las_personas_de_15_años_o_más,_desglosada_por_sexo_y_subpoblaciones<b><i>_[CENSO]_</i></b>",	07025,"Chapultenango","2020","85.211688","99.05482","97.548291","87.950785","47.18398","88.648428","81.951975","84.395349","85.539488","85.202864","100","100","100","ND","ND","ND","100","100","84.927889","97.979798","100","54.96368","ND",
"Tasa_de_alfabetización_de_las_personas_de_15_años_o_más,_desglosada_por_sexo_y_subpoblaciones<b><i>_[CENSO]_</i></b>",	07026,"Chenalhó","2020","72.381225","89.601005","84.782182","65.317544","30.516014","80.151425","65.151934","72.403386","73.459716","72.378498","85.714286","80","ND","ND","100","ND","66.666667","100","72.337146","93.023256","100","24.12993","ND",
"Tasa_de_alfabetización_de_las_personas_de_15_años_o_más,_desglosada_por_sexo_y_subpoblaciones<b><i>_[CENSO]_</i></b>",	07027,"Chiapa_de_Corzo","2020","90.818815","98.002331","97.467141","92.211786","67.111709","92.009878","89.691851","80.755608","90.212766","90.812349","96.052632","100","86.363636","ND","97.222222","ND","79.166667","100","90.753066","98.285714","97.560976","65.667362","ND",
"Tasa_de_alfabetización_de_las_personas_de_15_años_o_más,_desglosada_por_sexo_y_subpoblaciones<b><i>_[CENSO]_</i></b>",	07028,"Chiapilla","2020","78.088889","98.203593","97.259136","76.616475","40.482955","78.059441","78.119349","54.761905","66.666667","78.106246","ND","ND","ND","ND","ND","ND","0","ND","77.932584","93.877551","ND","42.253521","ND",
"Tasa_de_alfabetización_de_las_personas_de_15_años_o_más,_desglosada_por_sexo_y_subpoblaciones<b><i>_[CENSO]_</i></b>",	07029,"Chicoasén","2020","88.411215","99.691358","97.737069","90.894819","59.106529","92.253137","84.728033","85.507246","100","88.431739","ND","ND","ND","ND","ND","ND","50","100","88.182314","98.717949","100","59.589041","ND",
"Tasa_de_alfabetización_de_las_personas_de_15_años_o_más,_desglosada_por_sexo_y_subpoblaciones<b><i>_[CENSO]_</i></b>",	07030,"Chicomuselo","2020","83.778309","98.643761","95.390233","83.124797","55.598886","87.06622","80.70258","71.090047","75.862069","83.935166","72.277228","100","65.957447","ND","92.307692","ND","50","93.129771","83.619584","93.841642","88.372093","54.387292","ND",
"Tasa_de_alfabetización_de_las_personas_de_15_años_o_más,_desglosada_por_sexo_y_subpoblaciones<b><i>_[CENSO]_</i></b>",	07031,"Chilón","2020","73.233942","93.664966","89.770697","65.525773","23.007147","82.703563","64.352097","72.760469","78.56025","73.238299","87.5","50","100","ND","100","ND","50","100","73.120698","95.486936","100","30.30303","ND",
"Tasa_de_alfabetización_de_las_personas_de_15_años_o_más,_desglosada_por_sexo_y_subpoblaciones<b><i>_[CENSO]_</i></b>",	07032,"Escuintla","2020","87.944814","98.729983","97.422775","89.667824","63.646318","89.932093","86.085275","65.714286","93.421053","88.024038","84.057971","93.75","78.625954","ND","93.333333","ND","23.076923","96.296296","87.78135","97.297297","93.506494","60.30303","ND",
"Tasa_de_alfabetización_de_las_personas_de_15_años_o_más,_desglosada_por_sexo_y_subpoblaciones<b><i>_[CENSO]_</i></b>",	07033,"Francisco_León","2020","80.025445","98.706897","97.039474","76.446281","31.768953","83.57203","76.430401","77.507082","78.173719","80.042418","ND","ND","ND","ND","ND","ND","0","100","79.858278","94.444444","100","38.888889","ND",
"Tasa_de_alfabetización_de_las_personas_de_15_años_o_más,_desglosada_por_sexo_y_subpoblaciones<b><i>_[CENSO]_</i></b>",	07034,"Frontera_Comalapa","2020","88.990379","97.865459","96.634218","89.51105","66.137428","91.722986","86.522902","64.298401","91.975309","89.961242","74.044444","100","68.576779","100","93.918919","80","76.923077","94.080997","88.888889","96.896086","88.792165","64.983888","100",
"Tasa_de_alfabetización_de_las_personas_de_15_años_o_más,_desglosada_por_sexo_y_subpoblaciones<b><i>_[CENSO]_</i></b>",	07035,"Frontera_Hidalgo","2020","86.897515","97.49059","94.885745","88.577236","61.861668","88.223183","85.650658","82.666667","94.047619","87.998716","74.034003","100","71.143376","ND","89.88764","ND","8","85.185185","87.077949","98.235294","79.310345","56.136821","ND",
"Tasa_de_alfabetización_de_las_personas_de_15_años_o_más,_desglosada_por_sexo_y_subpoblaciones<b><i>_[CENSO]_</i></b>",	07036,"La_Grandeza","2020","91.05641","99.466192","98.428571","92.820985","65.540541","94.418406","87.935127","69.230769","85","91.065927","83.333333","100","75","ND","ND","ND","ND","100","90.91288","100","100","58.189655","ND",
"Tasa_de_alfabetización_de_las_personas_de_15_años_o_más,_desglosada_por_sexo_y_subpoblaciones<b><i>_[CENSO]_</i></b>",	07037,"Huehuetán","2020","87.449408","97.656648","96.128114","89.108438","62.954053","89.584845","85.456324","84.507042","87.234043","87.758593","73.779385","100","67.073171","ND","92.125984","100","57.142857","98.484848","87.340067","96.575342","90.604027","61.588921","ND",
"Tasa_de_alfabetización_de_las_personas_de_15_años_o_más,_desglosada_por_sexo_y_subpoblaciones<b><i>_[CENSO]_</i></b>",	07038,"Huixtán","2020","81.644214","98.521505","96.85954","83.13558","29.449678","87.304574","76.476807","80.99677","78.16092","81.649157","100","100","100","ND","100","ND","50","100","81.588999","93.650794","100","33.647799","ND",
"Tasa_de_alfabetización_de_las_personas_de_15_años_o_más,_desglosada_por_sexo_y_subpoblaciones<b><i>_[CENSO]_</i></b>",	07039,"Huitiupán","2020","78.188319","97.533632","95.22792","73.949994","32.571429","83.551211","72.840626","72.337786","82.03125","78.182128","100","ND","100","ND","100","ND","ND","100","78.075385","95.604396","100","41.820418","ND",
"Tasa_de_alfabetización_de_las_personas_de_15_años_o_más,_desglosada_por_sexo_y_subpoblaciones<b><i>_[CENSO]_</i></b>",	07040,"Huixtla","2020","91.002787","97.805851","97.229375","92.65159","72.771475","92.785079","89.343555","95.667244","88.444444","90.916497","93.698176","100","92.923077","100","96.713615","100","66.666667","97.368421","90.766541","97.853309","97.018634","67.22467","ND",
"Tasa_de_alfabetización_de_las_personas_de_15_años_o_más,_desglosada_por_sexo_y_subpoblaciones<b><i>_[CENSO]_</i></b>",	07041,"La_Independencia","2020","87.407315","98.413313","96.371785","87.621344","59.171742","91.095713","84.015246","80.853816","84.375","87.643759","64.465409","100","62.582781","ND","100","ND","25","93.421053","87.279788","95.762712","91.566265","55.228758","ND",
"Tasa_de_alfabetización_de_las_personas_de_15_años_o_más,_desglosada_por_sexo_y_subpoblaciones<b><i>_[CENSO]_</i></b>",	07042,"Ixhuatán","2020","86.116505","97.757848","96.487897","86.195965","55.082988","89.95147","82.492582","79.537612","84","86.114579","100","ND","ND","ND","100","ND","ND","100","85.846504","96.111111","100","61.551433","ND",
"Tasa_de_alfabetización_de_las_personas_de_15_años_o_más,_desglosada_por_sexo_y_subpoblaciones<b><i>_[CENSO]_</i></b>",	07043,"Ixtacomitán","2020","89.736701","99.383667","98.07136","91.144828","63.594891","91.882223","87.690289","82.537764","91.22807","89.740487","100","100","100","ND","100","ND","66.666667","100","89.624573","96.521739","100","70.47619","ND",
"Tasa_de_alfabetización_de_las_personas_de_15_años_o_más,_desglosada_por_sexo_y_subpoblaciones<b><i>_[CENSO]_</i></b>",	07044,"Ixtapa","2020","86.424897","98.538505","95.6399","85.369863","53.703704","89.462592","83.527638","78.977845","87.681159","86.422358","100","100","ND","ND","100","ND","87.5","100","86.396243","94.545455","100","56.112224","ND",
"Tasa_de_alfabetización_de_las_personas_de_15_años_o_más,_desglosada_por_sexo_y_subpoblaciones<b><i>_[CENSO]_</i></b>",	07045,"Ixtapangajoya","2020","86.682028","99.236641","97.182026","87.622309","51.694915","89.417249","84.009112","82.020548","91.746032","86.678958","100","ND","ND","ND","100","ND","ND","100","86.507379","97.014925","100","58.704453","ND",
"Tasa_de_alfabetización_de_las_personas_de_15_años_o_más,_desglosada_por_sexo_y_subpoblaciones<b><i>_[CENSO]_</i></b>",	07046,"Jiquipilas","2020","89.429326","98.587699","98.103499","91.981656","70.609261","90.465708","88.425401","80.932203","84.090909","89.427865","90","100","81.818182","ND","100","ND","100","96.666667","89.329803","95.571096","96.774194","68.220529","ND",
"Tasa_de_alfabetización_de_las_personas_de_15_años_o_más,_desglosada_por_sexo_y_subpoblaciones<b><i>_[CENSO]_</i></b>",	07047,"Jitotol","2020","84.131337","98.103336","96.111434","79.192649","46.960168","88.368473","79.946898","82.110274","88.700565","84.126872","100","100","100","ND","ND","ND","ND","ND","84.076478","100","ND","55.135135","ND",
"Tasa_de_alfabetización_de_las_personas_de_15_años_o_más,_desglosada_por_sexo_y_subpoblaciones<b><i>_[CENSO]_</i></b>",	07048,"Juárez","2020","89.630536","98.491571","97.378378","91.843434","69.487271","90.84581","88.462509","84.994401","92.248062","89.63784","91.666667","75","100","ND","100","ND","66.666667","100","89.453228","97.305389","100","65.364388","ND",
"Tasa_de_alfabetización_de_las_personas_de_15_años_o_más,_desglosada_por_sexo_y_subpoblaciones<b><i>_[CENSO]_</i></b>",	07049,"Larráinzar","2020","82.6369","97.714286","96.455285","80.076628","19.575016","87.395986","78.286162","82.655119","73.134328","82.6369","ND","ND","ND","ND","ND","ND","ND","100","82.593157","100","100","30.74141","ND",
"Tasa_de_alfabetización_de_las_personas_de_15_años_o_más,_desglosada_por_sexo_y_subpoblaciones<b><i>_[CENSO]_</i></b>",	07050,"La_Libertad","2020","87.926173","98.393574","96.414853","92.15","67.623421","90.219665","85.721468","71.794872","94.871795","87.930149","85.714286","ND","100","ND","66.666667","ND","ND","100","87.769595","93.814433","100","67.146283","ND",
"Tasa_de_alfabetización_de_las_personas_de_15_años_o_más,_desglosada_por_sexo_y_subpoblaciones<b><i>_[CENSO]_</i></b>",	07051,"Mapastepec","2020","88.009183","98.089932","96.656716","90.242363","63.806581","89.446079","86.655823","68.707483","87.969925","87.99435","92.112676","100","82.352941","100","96.354167","ND","33.333333","97.247706","87.777778","97.185185","97.285068","60.962302","100",
"Tasa_de_alfabetización_de_las_personas_de_15_años_o_más,_desglosada_por_sexo_y_subpoblaciones<b><i>_[CENSO]_</i></b>",	07052,"Las_Margaritas","2020","81.154821","96.446078","93.209714","79.14039","39.321159","85.811354","76.855914","76.05558","76.533333","81.330639","57.077626","94.736842","53.410982","ND","97.297297","ND","80.645161","96.052632","81.057772","96.30485","91","42.296595","ND",
"Tasa_de_alfabetización_de_las_personas_de_15_años_o_más,_desglosada_por_sexo_y_subpoblaciones<b><i>_[CENSO]_</i></b>",	07053,"Mazapa_de_Madero","2020","91.763341","99.801587","98.722045","94.39834","72.763419","94.129314","89.513391","77.6","95","92.073532","80.733945","100","77.894737","ND","100","ND","0","93.75","91.822795","100","88.888889","60.958904","ND",
"Tasa_de_alfabetización_de_las_personas_de_15_años_o_más,_desglosada_por_sexo_y_subpoblaciones<b><i>_[CENSO]_</i></b>",	07054,"Mazatán","2020","88.031849","97.501688","94.838095","89.709736","68.739105","88.759065","87.321727","81.081081","95.3125","89.412579","73.948887","100","70.253807","ND","89.867841","ND","3.809524","100","88.399443","96.28483","84.859155","69.153069","ND",
"Tasa_de_alfabetización_de_las_personas_de_15_años_o_más,_desglosada_por_sexo_y_subpoblaciones<b><i>_[CENSO]_</i></b>",	07055,"Metapa","2020","91.723136","98.432602","97.990868","93.684734","73.408769","94.957983","88.958707","75","92.307692","92.401137","82.608696","100","76.271186","ND","97.142857","ND","60","100","91.548583","99.047619","90.666667","73.626374","ND",
"Tasa_de_alfabetización_de_las_personas_de_15_años_o_más,_desglosada_por_sexo_y_subpoblaciones<b><i>_[CENSO]_</i></b>",	07056,"Mitontic","2020","63.330203","91.304348","80.227743","48.651316","9.615385","68.751769","58.443878","63.406339","98.611111","63.333781","0","0","ND","ND","ND","ND","100","100","63.305585","100","100","9.433962","ND",
"Tasa_de_alfabetización_de_las_personas_de_15_años_o_más,_desglosada_por_sexo_y_subpoblaciones<b><i>_[CENSO]_</i></b>",	07057,"Motozintla","2020","89.444578","98.867543","97.777289","89.997099","65.925725","92.569775","86.526657","73.159145","92.592593","89.615432","80.06795","100","73.667712","ND","96.078431","ND","71.428571","98.159509","89.337053","97.983193","90.691489","63.242986","ND",
"Tasa_de_alfabetización_de_las_personas_de_15_años_o_más,_desglosada_por_sexo_y_subpoblaciones<b><i>_[CENSO]_</i></b>",	07058,"Nicolás_Ruíz","2020","85.75535","98.666667","97.377423","82.718447","54.790419","84.68411","86.828645","82.352941","81.481481","85.746245","100","ND","100","ND","ND","ND","100","ND","85.842409","55.555556","ND","59.876543","ND",
"Tasa_de_alfabetización_de_las_personas_de_15_años_o_más,_desglosada_por_sexo_y_subpoblaciones<b><i>_[CENSO]_</i></b>",	07059,"Ocosingo","2020","77.990658","95.029608","90.749091","73.57312","33.333333","83.538965","72.700037","74.779991","82.234727","78.005731","85.611511","83.333333","78.787879","100","92.1875","100","66.783217","97.368421","77.900397","97.47676","96.875","39.628821","ND",
"Tasa_de_alfabetización_de_las_personas_de_15_años_o_más,_desglosada_por_sexo_y_subpoblaciones<b><i>_[CENSO]_</i></b>",	07060,"Ocotepec","2020","72.024251","97.275204","93.868495","62.437738","26.81359","77.559462","66.943522","71.825095","70.893372","72.012384","100","100","100","ND","ND","ND","0","100","71.781062","92.222222","100","31.358885","ND",
"Tasa_de_alfabetización_de_las_personas_de_15_años_o_más,_desglosada_por_sexo_y_subpoblaciones<b><i>_[CENSO]_</i></b>",	07061,"Ocozocoautla_de_Espinosa","2020","89.642555","97.730763","97.159692","90.309678","63.74005","91.678289","87.703345","82.78665","92.401628","89.636686","93.548387","100","85.714286","100","96.296296","ND","91.666667","97.435897","89.578379","97.816594","94.642857","64.968321","ND",
"Tasa_de_alfabetización_de_las_personas_de_15_años_o_más,_desglosada_por_sexo_y_subpoblaciones<b><i>_[CENSO]_</i></b>",	07062,"Ostuacán","2020","87.396474","98.937198","97.551843","88.516827","57.070423","89.652318","85.182778","66.251944","90.47619","87.395372","83.333333","100","0","ND","100","ND","100","92.307692","87.192614","96.240602","92.857143","60.120586","ND",
"Tasa_de_alfabetización_de_las_personas_de_15_años_o_más,_desglosada_por_sexo_y_subpoblaciones<b><i>_[CENSO]_</i></b>",	07063,"Osumacinta","2020","92.510047","99.601594","97.615894","93.078056","75.335121","94.85842","90.250896","93.870968","84.848485","92.569546","100","100","ND","ND","100","ND","0","100","92.434457","98.4375","100","67.567568","ND",
"Tasa_de_alfabetización_de_las_personas_de_15_años_o_más,_desglosada_por_sexo_y_subpoblaciones<b><i>_[CENSO]_</i></b>",	07064,"Oxchuc","2020","83.969999","97.4033","95.574643","82.327203","41.494124","88.871999","79.032978","84.035726","83.45679","83.978129","100","ND","100","ND","ND","ND","42.857143","ND","83.962714","96.428571","ND","33.017975","ND",
"Tasa_de_alfabetización_de_las_personas_de_15_años_o_más,_desglosada_por_sexo_y_subpoblaciones<b><i>_[CENSO]_</i></b>",	07065,"Palenque","2020","85.743585","97.420735","96.179102","85.576858","51.953458","89.120969","82.57632","77.878523","91.905151","85.655051","95.92511","100","92.920354","100","96.169089","ND","52.272727","98.412698","85.41851","96.75174","96.078431","59.561716","97.590361",
"Tasa_de_alfabetización_de_las_personas_de_15_años_o_más,_desglosada_por_sexo_y_subpoblaciones<b><i>_[CENSO]_</i></b>",	07066,"Pantelhó","2020","63.951054","84.636119","78.588151","53.607137","25.782957","72.311429","56.079278","62.422998","58.139535","63.965438","ND","ND","ND","ND","ND","ND","20","100","63.818038","91.666667","100","25.416667","ND",
"Tasa_de_alfabetización_de_las_personas_de_15_años_o_más,_desglosada_por_sexo_y_subpoblaciones<b><i>_[CENSO]_</i></b>",	07067,"Pantepec","2020","77.52611","99.526627","96.827359","72.866941","30.485437","81.640021","73.605308","68.751715","72","77.523282","100","ND","100","ND","ND","ND","ND","100","77.238902","91.836735","100","36.08871","ND",
"Tasa_de_alfabetización_de_las_personas_de_15_años_o_más,_desglosada_por_sexo_y_subpoblaciones<b><i>_[CENSO]_</i></b>",	07068,"Pichucalco","2020","88.685749","98.9093","97.617858","90.684575","62.675475","90.168666","87.296087","81.34058","90.804598","88.694247","94.444444","50","100","100","100","ND","55.555556","94.117647","88.488887","97.164461","95.238095","65.347654","ND",
"Tasa_de_alfabetización_de_las_personas_de_15_años_o_más,_desglosada_por_sexo_y_subpoblaciones<b><i>_[CENSO]_</i></b>",	07069,"Pijijiapan","2020","87.608737","98.594155","97.341228","90.111859","64.605851","88.566591","86.713102","67.177914","88.380282","87.603918","91.627907","100","81.481481","ND","93.162393","ND","11.111111","97.196262","87.464491","95.755518","94.610778","60.912548","ND",
"Tasa_de_alfabetización_de_las_personas_de_15_años_o_más,_desglosada_por_sexo_y_subpoblaciones<b><i>_[CENSO]_</i></b>",	07070,"El_Porvenir","2020","91.131303","99.254658","98.720776","94.218355","61.662426","94.734112","87.623137","76.229508","85.106383","91.126761","100","100","100","ND","ND","ND","ND","100","91.095978","100","100","60.625","ND",
"Tasa_de_alfabetización_de_las_personas_de_15_años_o_más,_desglosada_por_sexo_y_subpoblaciones<b><i>_[CENSO]_</i></b>",	07071,"Villa_Comaltitlán","2020","87.697087","98.102815","96.67263","90.062881","61.610434","89.844673","85.387771","72.189349","64.563107","87.738899","84.878049","94.444444","78.625954","100","96.363636","ND","50","96.923077","86.867451","97.947214","92.23301","64.41048","ND",
"Tasa_de_alfabetización_de_las_personas_de_15_años_o_más,_desglosada_por_sexo_y_subpoblaciones<b><i>_[CENSO]_</i></b>",	07072,"Pueblo_Nuevo_Solistahuacán","2020","80.41543","95.977597","94.010215","75.223467","38.251366","84.889195","76.309411","75.53067","77.192982","80.382222","100","100","100","100","100","ND","60","88.888889","79.924435","99.382716","89.473684","51.444724","ND",
"Tasa_de_alfabetización_de_las_personas_de_15_años_o_más,_desglosada_por_sexo_y_subpoblaciones<b><i>_[CENSO]_</i></b>",	07073,"Rayón","2020","83.931357","98.783784","97.382634","81.523501","40.04884","88.28596","79.680493","77.036277","73.484848","83.936427","100","100","ND","ND","ND","ND","0","100","83.717579","97.058824","100","50.831793","ND",
"Tasa_de_alfabetización_de_las_personas_de_15_años_o_más,_desglosada_por_sexo_y_subpoblaciones<b><i>_[CENSO]_</i></b>",	07074,"Reforma","2020","93.347173","99.213576","98.061674","94.772657","75.993493","94.64957","92.129542","86.25","93.442623","93.348051","92.307692","100","66.666667","100","90.909091","ND","ND","100","93.235918","96.171376","100","74.945055","ND",
"Tasa_de_alfabetización_de_las_personas_de_15_años_o_más,_desglosada_por_sexo_y_subpoblaciones<b><i>_[CENSO]_</i></b>",	07075,"Las_Rosas","2020","78.527175","97.96529","93.940895","76.275483","39.202408","80.306006","76.836935","57.07483","83.783784","78.521322","90.909091","100","72.727273","ND","100","ND","20","100","78.431074","91.603053","100","40.590406","ND",
"Tasa_de_alfabetización_de_las_personas_de_15_años_o_más,_desglosada_por_sexo_y_subpoblaciones<b><i>_[CENSO]_</i></b>",	07076,"Sabanilla","2020","79.717813","98.16909","96.855853","75.605925","34.67707","85.199792","74.240382","77.703516","68.292683","79.716687","100","100","ND","ND","ND","ND","66.666667","100","79.628857","98.901099","100","38.095238","ND",
"Tasa_de_alfabetización_de_las_personas_de_15_años_o_más,_desglosada_por_sexo_y_subpoblaciones<b><i>_[CENSO]_</i></b>",	07077,"Salto_de_Agua","2020","76.802051","97.536946","95.115013","73.866797","32.774148","84.443276","69.403814","74.839171","72.420908","76.801224","94.444444","ND","100","ND","92.857143","ND","61.111111","100","76.662163","97.087379","88.888889","37.752319","0",
"Tasa_de_alfabetización_de_las_personas_de_15_años_o_más,_desglosada_por_sexo_y_subpoblaciones<b><i>_[CENSO]_</i></b>",	07078,"San_Cristóbal_de_las_Casas","2020","90.66606","97.368632","96.828231","90.403195","69.406805","93.86609","87.903724","81.684246","90.615836","90.63918","98.913043","99.519231","97.701149","100","98.849105","100","51.5625","100","90.552485","99.202481","99.168399","69.528941","ND",
"Tasa_de_alfabetización_de_las_personas_de_15_años_o_más,_desglosada_por_sexo_y_subpoblaciones<b><i>_[CENSO]_</i></b>",	07079,"San_Fernando","2020","89.190761","98.050847","97.188612","89.429348","64.468371","91.15965","87.248505","84.277457","88.518519","89.183632","94.285714","100","80","ND","100","ND","91.666667","93.75","89.060654","97.794118","95.238095","67.007827","ND",
"Tasa_de_alfabetización_de_las_personas_de_15_años_o_más,_desglosada_por_sexo_y_subpoblaciones<b><i>_[CENSO]_</i></b>",	07080,"Siltepec","2020","84.921117","98.729058","96.876302","83.95208","53.46661","88.206206","81.754261","61.666667","93.939394","84.961033","71.153846","100","60","ND","81.25","ND","100","100","84.787006","99.21875","94.594595","50.715421","ND",
"Tasa_de_alfabetización_de_las_personas_de_15_años_o_más,_desglosada_por_sexo_y_subpoblaciones<b><i>_[CENSO]_</i></b>",	07081,"Simojovel","2020","75.363433","94.998554","91.620212","67.506941","27.708404","80.677674","70.400644","71.3722","85.925926","75.362133","100","ND","ND","ND","100","ND","76","83.333333","75.324258","97.014925","83.333333","39.58539","ND",
"Tasa_de_alfabetización_de_las_personas_de_15_años_o_más,_desglosada_por_sexo_y_subpoblaciones<b><i>_[CENSO]_</i></b>",	07082,"Sitalá","2020","59.851835","89.517625","78.417038","45.64243","18.40796","69.012797","51.263925","58.82628","45.945946","59.87388","100","100","ND","ND","ND","ND","0","ND","59.827166","92.857143","ND","27.683616","ND",
"Tasa_de_alfabetización_de_las_personas_de_15_años_o_más,_desglosada_por_sexo_y_subpoblaciones<b><i>_[CENSO]_</i></b>",	07083,"Socoltenango","2020","82.322629","97.515528","96.261423","83.477117","45.390071","84.303216","80.437318","63.427377","86.206897","82.303602","91.666667","100","100","ND","86.363636","ND","0","92.105263","82.218363","92.380952","90.243902","48.571429","ND",
"Tasa_de_alfabetización_de_las_personas_de_15_años_o_más,_desglosada_por_sexo_y_subpoblaciones<b><i>_[CENSO]_</i></b>",	07084,"Solosuchiapa","2020","86.091425","98.023715","97.720076","87.865335","51.985981","88.944365","83.274648","81.194512","90.625","86.099291","100","ND","ND","ND","100","ND","66.666667","75","86.006092","94.915254","75","47.717842","ND",
"Tasa_de_alfabetización_de_las_personas_de_15_años_o_más,_desglosada_por_sexo_y_subpoblaciones<b><i>_[CENSO]_</i></b>",	07085,"Soyaló","2020","85.853324","98.447205","96.961451","85.085714","54.22833","88.624556","83.06762","83.110762","72.619048","85.853458","75","100","50","ND","100","ND","100","ND","85.82296","88.888889","100","58.595194","ND",
"Tasa_de_alfabetización_de_las_personas_de_15_años_o_más,_desglosada_por_sexo_y_subpoblaciones<b><i>_[CENSO]_</i></b>",	07086,"Suchiapa","2020","88.17485","98.566308","97.31633","89.356463","57.975207","89.361942","87.025904","79.259259","94.594595","88.188188","100","100","100","ND","100","ND","28.571429","100","88.130647","95.180723","100","56.649616","ND",
"Tasa_de_alfabetización_de_las_personas_de_15_años_o_más,_desglosada_por_sexo_y_subpoblaciones<b><i>_[CENSO]_</i></b>",	07087,"Suchiate","2020","85.686496","94.527363","93.301544","85.358047","62.486188","87.467843","84.034358","76.576577","85.639229","87.465974","76.124173","100","71.304348","ND","91.456311","50","42.857143","79.569892","85.680155","95.845697","83.2021","64.164649","ND",
"Tasa_de_alfabetización_de_las_personas_de_15_años_o_más,_desglosada_por_sexo_y_subpoblaciones<b><i>_[CENSO]_</i></b>",	07088,"Sunuapa","2020","87.580438","100","99.222798","88.902589","58.677686","89.058524","86.067708","83.333333","100","87.580438","ND","ND","ND","ND","ND","ND","ND","100","87.344262","100","100","56.281407","ND",
"Tasa_de_alfabetización_de_las_personas_de_15_años_o_más,_desglosada_por_sexo_y_subpoblaciones<b><i>_[CENSO]_</i></b>",	07089,"Tapachula","2020","92.798261","97.917113","97.055832","93.942282","78.688784","94.040547","91.668425","70.781638","93.6555","93.349733","87.053402","100","80.645545","100","92.273373","90","34.90099","93.153527","92.924349","98.474178","94.040595","73.255304","31.263858",
"Tasa_de_alfabetización_de_las_personas_de_15_años_o_más,_desglosada_por_sexo_y_subpoblaciones<b><i>_[CENSO]_</i></b>",	07090,"Tapalapa","2020","86.596539","99.642857","96.992481","86.826347","63.602251","89.89899","83.664318","86.661912","71.428571","86.621392","100","100","ND","ND","ND","ND","0","100","86.279314","97.560976","100","59.498208","ND",
"Tasa_de_alfabetización_de_las_personas_de_15_años_o_más,_desglosada_por_sexo_y_subpoblaciones<b><i>_[CENSO]_</i></b>",	07091,"Tapilula","2020","88.320775","99.757869","98.385913","89.832402","53.760887","90.140208","86.668036","74.522901","83.333333","88.325256","100","100","100","ND","100","ND","50","100","88.169813","99.159664","100","63.063063","ND",
"Tasa_de_alfabetización_de_las_personas_de_15_años_o_más,_desglosada_por_sexo_y_subpoblaciones<b><i>_[CENSO]_</i></b>",	07092,"Tecpatán","2020","86.006641","98.773006","97.106544","86.936258","59.796748","87.882548","84.192989","76.49037","82.14876","85.988601","100","100","100","100","100","100","100","100","85.800979","97.073171","100","61.56682","ND",
"Tasa_de_alfabetización_de_las_personas_de_15_años_o_más,_desglosada_por_sexo_y_subpoblaciones<b><i>_[CENSO]_</i></b>",	07093,"Tenejapa","2020","80.673162","97.077714","94.433358","78.467729","27.812071","88.351746","73.646356","80.708932","83.809524","80.693297","40","0","50","ND","ND","ND","28.571429","100","80.614279","98.245614","100","36.494845","ND",
"Tasa_de_alfabetización_de_las_personas_de_15_años_o_más,_desglosada_por_sexo_y_subpoblaciones<b><i>_[CENSO]_</i></b>",	07094,"Teopisca","2020","78.968694","96.072887","94.019934","73.864903","39.197267","84.505634","73.963356","71.976844","79.381443","78.95371","92.5","83.333333","85.714286","ND","100","ND","72.727273","90.47619","78.877235","91.97861","93.939394","45.608629","ND",
"Tasa_de_alfabetización_de_las_personas_de_15_años_o_más,_desglosada_por_sexo_y_subpoblaciones<b><i>_[CENSO]_</i></b>",	07096,"Tila","2020","76.890447","96.964441","94.466974","73.532215","31.050982","83.915385","69.914596","76.653653","77.472527","76.895096","88.888889","ND","80","ND","100","100","50","100","76.804247","94.893617","100","34.928849","ND",
"Tasa_de_alfabetización_de_las_personas_de_15_años_o_más,_desglosada_por_sexo_y_subpoblaciones<b><i>_[CENSO]_</i></b>",	07097,"Tonalá","2020","90.556632","99.049098","97.924773","92.197168","71.805448","90.896722","90.235572","87.147335","89.202658","90.57421","94.267516","100","86.111111","100","95.555556","ND","80.571429","97.029703","90.456298","96.954315","97.6","69.026924","ND",
"Tasa_de_alfabetización_de_las_personas_de_15_años_o_más,_desglosada_por_sexo_y_subpoblaciones<b><i>_[CENSO]_</i></b>",	07098,"Totolapa","2020","74.612363","95.359629","92.663243","71.422764","30.531732","74.916388","74.314928","48.587571","60","74.607113","100","ND","ND","ND","100","ND","ND","66.666667","74.537902","94.444444","75","37.226277","ND",
"Tasa_de_alfabetización_de_las_personas_de_15_años_o_más,_desglosada_por_sexo_y_subpoblaciones<b><i>_[CENSO]_</i></b>",	07099,"La_Trinitaria","2020","86.145112","98.26551","96.411776","87.494324","57.932961","89.280734","83.329489","70.156889","87.628866","87.874211","50.28463","100","47.244733","ND","93.103448","ND","46.153846","95.086705","86.000816","96.269727","88.92922","56.646998","ND",
"Tasa_de_alfabetización_de_las_personas_de_15_años_o_más,_desglosada_por_sexo_y_subpoblaciones<b><i>_[CENSO]_</i></b>",	07100,"Tumbalá","2020","73.248643","96.207332","92.621707","68.932639","29.94367","82.758915","64.402476","73.042629","69.879518","73.248355","100","ND","100","ND","100","ND","0","100","73.041025","96.190476","100","29.21875","ND",
"Tasa_de_alfabetización_de_las_personas_de_15_años_o_más,_desglosada_por_sexo_y_subpoblaciones<b><i>_[CENSO]_</i></b>",	07101,"Tuxtla_Gutiérrez","2020","96.14133","98.747199","98.839313","97.11966","86.258829","97.284735","95.146754","89.022327","95.750745","96.153905","96.432265","98.974359","86.756757","100","98.603569","100","57.668712","99.050633","96.107682","99.095023","95.391211","80.532233","100",
"Tasa_de_alfabetización_de_las_personas_de_15_años_o_más,_desglosada_por_sexo_y_subpoblaciones<b><i>_[CENSO]_</i></b>",	07102,"Tuxtla_Chico","2020","88.636907","97.65625","97.189884","91.418217","62.935629","90.678825","86.811979","81.818182","86.545802","89.13478","77.619048","100","73.555338","100","94.470046","100","66.666667","87.755102","88.551753","95.327103","87.394958","62.508384","ND",
"Tasa_de_alfabetización_de_las_personas_de_15_años_o_más,_desglosada_por_sexo_y_subpoblaciones<b><i>_[CENSO]_</i></b>",	07103,"Tuzantán","2020","89.142857","97.910785","96.617567","90.374016","68.777614","91.107784","87.320685","78.723404","90.909091","89.270407","79.783394","93.75","72.192513","ND","95.945946","ND","87.5","96","88.980973","97.687861","92.857143","63.434493","ND",
"Tasa_de_alfabetización_de_las_personas_de_15_años_o_más,_desglosada_por_sexo_y_subpoblaciones<b><i>_[CENSO]_</i></b>",	07104,"Tzimol","2020","83.223272","98.532731","97.301638","85.240765","46.578947","84.962017","81.591314","63.043478","92.307692","83.239377","80.519481","100","65.853659","ND","96.666667","ND","100","94.117647","83.066984","92.481203","92.424242","45.352113","ND",
"Tasa_de_alfabetización_de_las_personas_de_15_años_o_más,_desglosada_por_sexo_y_subpoblaciones<b><i>_[CENSO]_</i></b>",	07105,"Unión_Juárez","2020","89.35026","98.611111","97.89886","91.531365","68.930702","92.008121","86.919831","61.486486","95.652174","89.913075","67.808219","100","65.185185","ND","100","ND","100","95","89.27923","98.076923","81.196581","65.419162","ND",
"Tasa_de_alfabetización_de_las_personas_de_15_años_o_más,_desglosada_por_sexo_y_subpoblaciones<b><i>_[CENSO]_</i></b>",	07106,"Venustiano_Carranza","2020","79.283012","96.182008","93.526353","79.014067","44.39313","80.921758","77.689293","67.737813","85.83691","79.262477","90.350877","50","80","ND","95.121951","ND","50","100","79.213161","92.307692","97.777778","50.068918","ND",
"Tasa_de_alfabetización_de_las_personas_de_15_años_o_más,_desglosada_por_sexo_y_subpoblaciones<b><i>_[CENSO]_</i></b>",	07107,"Villa_Corzo","2020","84.582418","95.811518","94.66804","86.163691","56.210348","85.873388","83.354772","66.20384","90.756303","84.581168","90.909091","100","72.727273","ND","96.666667","ND","45.454545","97.87234","84.493959","95.255474","96.491228","59.179811","ND",
"Tasa_de_alfabetización_de_las_personas_de_15_años_o_más,_desglosada_por_sexo_y_subpoblaciones<b><i>_[CENSO]_</i></b>",	07108,"Villaflores","2020","88.82879","97.873777","96.687035","90.93394","64.524214","89.912719","87.806994","69.192173","90.44586","88.83595","90.666667","100","68.421053","100","97.368421","ND","62.962963","95.081967","88.774079","96.563574","95.890411","64.819613","ND",
"Tasa_de_alfabetización_de_las_personas_de_15_años_o_más,_desglosada_por_sexo_y_subpoblaciones<b><i>_[CENSO]_</i></b>",	07109,"Yajalón","2020","76.328941","92.285945","89.061345","73.007897","45.473941","81.80019","71.313498","67.762704","73.648649","76.327752","100","100","ND","ND","100","ND","40","50","76.211873","98.630137","66.666667","50.964912","ND",
"Tasa_de_alfabetización_de_las_personas_de_15_años_o_más,_desglosada_por_sexo_y_subpoblaciones<b><i>_[CENSO]_</i></b>",	07110,"San_Lucas","2020","78.674649","96.118721","93.856655","72.224622","54.792332","80.486799","76.859504","63.954944","82.41206","78.661434","100","100","ND","ND","100","ND","ND","ND","78.343146","96.551724","ND","49.57265","ND",
"Tasa_de_alfabetización_de_las_personas_de_15_años_o_más,_desglosada_por_sexo_y_subpoblaciones<b><i>_[CENSO]_</i></b>",	07111,"Zinacantán","2020","68.956805","93.339831","87.454348","59.867591","19.833055","79.60688","60.215528","68.820274","68.341709","68.966353","ND","ND","ND","ND","ND","ND","0","100","68.941258","88.888889","100","26.283988","ND",
"Tasa_de_alfabetización_de_las_personas_de_15_años_o_más,_desglosada_por_sexo_y_subpoblaciones<b><i>_[CENSO]_</i></b>",	07112,"San_Juan_Cancuc","2020","69.153207","93.413874","87.170773","59.520555","14.381645","80.374294","58.686617","69.315983","66.883117","69.165312","50","50","ND","ND","ND","ND","33.333333","100","69.13468","94.117647","100","19.482496","ND",
"Tasa_de_alfabetización_de_las_personas_de_15_años_o_más,_desglosada_por_sexo_y_subpoblaciones<b><i>_[CENSO]_</i></b>",	07113,"Aldama","2020","78.780178","95.709571","93.011647","71.592689","23.115578","85.213483","73.047657","78.893617","60.15625","78.792373","100","ND","ND","ND","ND","100","0","ND","78.751857","100","ND","36.956522","ND",
"Tasa_de_alfabetización_de_las_personas_de_15_años_o_más,_desglosada_por_sexo_y_subpoblaciones<b><i>_[CENSO]_</i></b>",	07114,"Benemérito_de_las_Américas","2020","85.02005","95.572734","94.063659","83.438438","51.358516","87.921847","82.147687","76.081114","88.461538","85.40294","79.395297","100","77.002584","ND","93.684211","ND","55.555556","93.939394","84.745763","96.808511","84.051724","49.715909","ND",
"Tasa_de_alfabetización_de_las_personas_de_15_años_o_más,_desglosada_por_sexo_y_subpoblaciones<b><i>_[CENSO]_</i></b>",	07115,"Maravilla_Tenejapa","2020","80.770102","96.257796","91.310029","78.173891","39.977974","84.80091","76.775648","78.114897","77.730496","81.814992","48.736462","100","47.407407","ND","100","ND","50","89.473684","80.619887","97.849462","75.862069","43.213296","ND",
"Tasa_de_alfabetización_de_las_personas_de_15_años_o_más,_desglosada_por_sexo_y_subpoblaciones<b><i>_[CENSO]_</i></b>",	07116,"Marqués_de_Comillas","2020","81.161597","97.089639","93.65727","76.459198","44.078144","84.672619","77.584028","71.971706","89.473684","81.688328","62.149533","87.5","59.585492","ND","84.615385","ND","75","89.473684","81.082118","91","75.714286","57.739558","ND",
"Tasa_de_alfabetización_de_las_personas_de_15_años_o_más,_desglosada_por_sexo_y_subpoblaciones<b><i>_[CENSO]_</i></b>",	07117,"Montecristo_de_Guerrero","2020","85.382744","97.89916","96.452599","85.455945","47.077409","89.36803","81.341877","48.888889","100","85.698006","63.636364","100","58.208955","ND","100","ND","100","96.153846","85.309229","97.727273","81.818182","50.454545","ND",
"Tasa_de_alfabetización_de_las_personas_de_15_años_o_más,_desglosada_por_sexo_y_subpoblaciones<b><i>_[CENSO]_</i></b>",	07118,"San_Andrés_Duraznal","2020","70.58656","93.428571","89.681335","60.199336","18.879056","79.111645","62.892741","70.17491","71.375465","70.58656","ND","ND","ND","ND","ND","ND","ND","100","70.536224","100","100","14.814815","ND",
"Tasa_de_alfabetización_de_las_personas_de_15_años_o_más,_desglosada_por_sexo_y_subpoblaciones<b><i>_[CENSO]_</i></b>",	07119,"Santiago_el_Pinar","2020","66.786355","93.518519","87.381158","48.266423","8.173077","80.279617","53.927069","66.896552","70.588235","66.786355","ND","ND","ND","ND","ND","ND","ND","100","66.642625","100","100","30.573248","ND",
"Tasa_de_alfabetización_de_las_personas_de_15_años_o_más,_desglosada_por_sexo_y_subpoblaciones<b><i>_[CENSO]_</i></b>",	07120,"Capitán_Luis_Ángel_Vidal","2020","84.791146","99.310345","98.348813","82.381729","39.240506","89.579158","79.294479","100","50","84.833274","75","ND","75","ND","ND","ND","ND","100","84.670745","100","100","39.08046","ND",
"Tasa_de_alfabetización_de_las_personas_de_15_años_o_más,_desglosada_por_sexo_y_subpoblaciones<b><i>_[CENSO]_</i></b>",	07121,"Rincón_Chamula_San_Pedro","2020","75.72549","98.316498","94.901316","67.137476","21.684588","81.25","71.287129","75.582418","58.823529","75.72073","100","100","ND","ND","ND","ND","ND","100","75.597236","90","100","41.393443","ND",
"Tasa_de_alfabetización_de_las_personas_de_15_años_o_más,_desglosada_por_sexo_y_subpoblaciones<b><i>_[CENSO]_</i></b>",	07122,"El_Parral","2020","85.618159","96.244131","95.646067","88.016909","60.349127","86.944444","84.371737","65.796345","85.483871","85.624495","87.5","100","100","ND","50","ND","0","93.333333","85.500815","98.863636","93.75","60.29724","ND",
"Tasa_de_alfabetización_de_las_personas_de_15_años_o_más,_desglosada_por_sexo_y_subpoblaciones<b><i>_[CENSO]_</i></b>",	07123,"Emiliano_Zapata","2020","86.833333","98.349835","97.880041","88.488844","60.334347","88.983269","84.699872","79.216867","83.333333","86.840416","81.818182","ND","80","ND","83.333333","ND","ND","100","86.767191","91.262136","100","61.654135","ND",
"Tasa_de_alfabetización_de_las_personas_de_15_años_o_más,_desglosada_por_sexo_y_subpoblaciones<b><i>_[CENSO]_</i></b>",	07124,"Mezcalapa","2020","86.460595","97.355474","96.076306","85.970274","60.09009","89.162366","83.940254","77.513711","89.361702","86.434059","97.142857","95.454545","100","ND","100","ND","100","97.777778","86.271042","93.072289","98","60.102041","ND",
"Tasa_de_alfabetización_de_las_personas_de_15_años_o_más,_desglosada_por_sexo_y_subpoblaciones<b><i>_[CENSO]_</i></b>",	07125,"Honduras_de_la_Sierra","2020","81.429338","98.105548","96.901284","78.87968","41.519251","84.590945","78.185276","28.571429","71.875","81.444131","75","100","44.444444","ND","100","ND","100","100","81.343586","92.857143","100","44.097996","ND",
"Tasa_de_alfabetización_de_las_personas_de_15_años_o_más,_desglosada_por_sexo_y_subpoblaciones<b><i>_[CENSO]_</i></b>",	08,"Chihuahua","2020","97.096214","98.554407","98.218256","97.515326","93.000112","97.169952","97.025005","67.046895","97.564458","97.111976","99.179549","99.253509","92.933619","99.344978","99.21554","96.551724","82.80159","99.087416","97.115912","98.016025","99.028319","88.595617","92.175274",
"Tasa_de_alfabetización_de_las_personas_de_15_años_o_más,_desglosada_por_sexo_y_subpoblaciones<b><i>_[CENSO]_</i></b>",	08001,"Ahumada","2020","96.720982","98.497268","98.268698","96.909941","91.94583","96.339737","97.098259","76.5625","97.560976","96.71932","100","100","ND","ND","100","ND","66.666667","100","96.743569","94.594595","100","84.410646","ND",
"Tasa_de_alfabetización_de_las_personas_de_15_años_o_más,_desglosada_por_sexo_y_subpoblaciones<b><i>_[CENSO]_</i></b>",	08002,"Aldama","2020","97.174434","98.6228","97.925833","98.01005","92.798223","96.796314","97.532744","72.985782","98.322851","97.159807","99.230769","99.137931","100","ND","100","ND","100","100","97.148622","97.727273","100","88.409273","ND",
"Tasa_de_alfabetización_de_las_personas_de_15_años_o_más,_desglosada_por_sexo_y_subpoblaciones<b><i>_[CENSO]_</i></b>",	08003,"Allende","2020","96.286107","99.259259","97.090909","96.677316","94.121249","96.219512","96.353049","73.809524","95.454545","96.277496","100","100","100","ND","100","ND","0","95.454545","96.266208","98.275862","96","88.405797","ND",
"Tasa_de_alfabetización_de_las_personas_de_15_años_o_más,_desglosada_por_sexo_y_subpoblaciones<b><i>_[CENSO]_</i></b>",	08004,"Aquiles_Serdán","2020","98.512803","98.389831","98.88747","98.724666","94.855596","98.506289","98.521401","94.690265","97.663551","98.518319","95.588235","94.827586","ND","ND","100","100","98.552189","100","98.56312","97.96748","100","90.693739","ND",
"Tasa_de_alfabetización_de_las_personas_de_15_años_o_más,_desglosada_por_sexo_y_subpoblaciones<b><i>_[CENSO]_</i></b>",	08005,"Ascensión","2020","95.143268","96.694215","97.05033","95.388376","89.917231","94.737994","95.557793","70.942408","98.360656","94.987874","99.467377","99.445983","100","ND","100","ND","33.333333","96.531792","95.285723","91.619318","97.014925","84.482759","ND",
"Tasa_de_alfabetización_de_las_personas_de_15_años_o_más,_desglosada_por_sexo_y_subpoblaciones<b><i>_[CENSO]_</i></b>",	08006,"Bachíniva","2020","95.213366","97.663551","97.219003","94.624167","94.4","94.776786","95.660119","70.285714","85","95.151654","100","100","100","ND","100","ND","0","96.774194","95.20202","96.551724","97.560976","88.52459","ND",
"Tasa_de_alfabetización_de_las_personas_de_15_años_o_más,_desglosada_por_sexo_y_subpoblaciones<b><i>_[CENSO]_</i></b>",	08007,"Balleza","2020","73.907054","86.18491","80.859107","72.431705","60.79391","78.305022","69.554094","53.002463","63.636364","73.815668","100","100","ND","ND","100","ND","ND","100","73.686162","95.555556","100","63.620981","ND",
"Tasa_de_alfabetización_de_las_personas_de_15_años_o_más,_desglosada_por_sexo_y_subpoblaciones<b><i>_[CENSO]_</i></b>",	08008,"Batopilas","2020","54.453441","70","59.735164","53.574745","37.954111","55.571677","53.342939","34.903588","58.666667","54.470486","50","0","100","ND","ND","ND","0","100","54.371466","92.857143","100","37.119114","ND",
"Tasa_de_alfabetización_de_las_personas_de_15_años_o_más,_desglosada_por_sexo_y_subpoblaciones<b><i>_[CENSO]_</i></b>",	08009,"Bocoyna","2020","90.22985","97.968397","96.879835","90.625735","76.043165","91.036195","89.531462","70.932664","92.0434","90.216334","100","100","ND","ND","100","ND","66.666667","100","90.19548","98.913043","100","73.587385","ND",
"Tasa_de_alfabetización_de_las_personas_de_15_años_o_más,_desglosada_por_sexo_y_subpoblaciones<b><i>_[CENSO]_</i></b>",	08010,"Buenaventura","2020","96.158382","98.894264","97.575758","96.037693","93.182553","95.96519","96.349224","74.425287","95.378151","96.130902","100","100","100","ND","100","ND","50","99.038462","96.227281","91.020408","99.137931","86.701031","ND",
"Tasa_de_alfabetización_de_las_personas_de_15_años_o_más,_desglosada_por_sexo_y_subpoblaciones<b><i>_[CENSO]_</i></b>",	08011,"Camargo","2020","97.373227","98.646558","97.961896","98.092311","94.086261","97.292994","97.450053","75.913396","95.515695","97.369984","98.907104","98.876404","ND","ND","100","ND","86.666667","100","97.369708","97.530864","100","85.510511","0",
"Tasa_de_alfabetización_de_las_personas_de_15_años_o_más,_desglosada_por_sexo_y_subpoblaciones<b><i>_[CENSO]_</i></b>",	08012,"Carichí","2020","64.811754","71.973094","63.416537","65.737052","61.723281","68.606375","61.08482","30.591975","73.076923","64.590649","100","100","ND","ND","100","ND","ND","100","64.556728","90","100","71.069182","ND",
"Tasa_de_alfabetización_de_las_personas_de_15_años_o_más,_desglosada_por_sexo_y_subpoblaciones<b><i>_[CENSO]_</i></b>",	08013,"Casas_Grandes","2020","96.279396","98.491704","98.262165","96.633238","92.1522","95.451429","97.147651","80.465116","93.333333","96.24078","100","100","ND","ND","100","ND","0","96.938776","96.547096","87.012987","97.457627","87.684729","ND",
"Tasa_de_alfabetización_de_las_personas_de_15_años_o_más,_desglosada_por_sexo_y_subpoblaciones<b><i>_[CENSO]_</i></b>",	08014,"Coronado","2020","96.365996","100","99.253731","97.361478","92.074592","96.097561","96.67129","77.777778","100","96.34226","100","100","ND","ND","ND","ND","ND","100","96.261682","100","100","91.111111","ND",
"Tasa_de_alfabetización_de_las_personas_de_15_años_o_más,_desglosada_por_sexo_y_subpoblaciones<b><i>_[CENSO]_</i></b>",	08015,"Coyame_del_Sotol","2020","93.496802","100","93.835616","96.494845","86.27451","92.418033","94.666667","64.285714","100","93.326039","100","100","ND","ND","ND","ND","100","100","93.376764","100","100","73.809524","ND",
"Tasa_de_alfabetización_de_las_personas_de_15_años_o_más,_desglosada_por_sexo_y_subpoblaciones<b><i>_[CENSO]_</i></b>",	08016,"La_Cruz","2020","96.573876","98.550725","98.19376","96.757553","93.958665","96.134574","97.010676","73.076923","100","96.54552","100","100","ND","ND","ND","ND","ND","100","96.540541","100","100","89.411765","ND",
"Tasa_de_alfabetización_de_las_personas_de_15_años_o_más,_desglosada_por_sexo_y_subpoblaciones<b><i>_[CENSO]_</i></b>",	08017,"Cuauhtémoc","2020","97.743338","98.81541","98.348465","98.160693","94.813875","97.643392","97.836511","82.191219","97.931617","97.796278","99.557032","99.431818","100","100","100","ND","17.322835","99.219766","97.817306","98.360656","99.380165","89.146568","50",
"Tasa_de_alfabetización_de_las_personas_de_15_años_o_más,_desglosada_por_sexo_y_subpoblaciones<b><i>_[CENSO]_</i></b>",	08018,"Cusihuiriachi","2020","94.517375","98.091603","94.017094","95.824176","91.565041","94.166262","94.912473","64.60177","83.333333","94.445893","100","100","ND","ND","100","ND","ND","100","94.43719","100","100","84.191176","ND",
"Tasa_de_alfabetización_de_las_personas_de_15_años_o_más,_desglosada_por_sexo_y_subpoblaciones<b><i>_[CENSO]_</i></b>",	08019,"Chihuahua","2020","98.680086","98.902164","99.074583","98.974286","97.019007","98.670446","98.689044","88.380501","98.428053","98.738696","99.215328","99.215109","98.461538","99.342105","99.235993","100","67.939973","99.361022","98.740872","99.254748","99.333689","92.210199","100",
"Tasa_de_alfabetización_de_las_personas_de_15_años_o_más,_desglosada_por_sexo_y_subpoblaciones<b><i>_[CENSO]_</i></b>",	08020,"Chínipas","2020","89.398479","99.230769","95.638629","91.012774","72.544081","89.400716","89.396101","70.132013","90.909091","89.391144","100","ND","ND","ND","100","ND","100","ND","89.334889","95.918367","ND","77.777778","ND",
"Tasa_de_alfabetización_de_las_personas_de_15_años_o_más,_desglosada_por_sexo_y_subpoblaciones<b><i>_[CENSO]_</i></b>",	08021,"Delicias","2020","97.98063","99.457333","99.088537","98.492325","94.251559","97.808094","98.142118","80.305344","98.283262","97.985614","99.042408","99.206349","75","100","98.888889","ND","56.25","99.183673","97.994311","97.786927","99.162479","88.622279","ND",
"Tasa_de_alfabetización_de_las_personas_de_15_años_o_más,_desglosada_por_sexo_y_subpoblaciones<b><i>_[CENSO]_</i></b>",	08022,"Dr._Belisario_Domínguez","2020","92.801175","89.89899","91.33574","92.560976","93.853428","92.007612","93.642785","31.25","100","92.682927","100","100","ND","ND","ND","ND","100","100","92.65224","100","100","83.549784","ND",
"Tasa_de_alfabetización_de_las_personas_de_15_años_o_más,_desglosada_por_sexo_y_subpoblaciones<b><i>_[CENSO]_</i></b>",	08023,"Galeana","2020","93.873288","97.727273","95.875421","93.023256","90.453074","94.232558","93.515516","62.264151","96.666667","93.620106","100","100","ND","ND","100","ND","100","100","94.412855","82.727273","100","88.983051","ND",
"Tasa_de_alfabetización_de_las_personas_de_15_años_o_más,_desglosada_por_sexo_y_subpoblaciones<b><i>_[CENSO]_</i></b>",	08024,"Santa_Isabel","2020","96.486576","100","96.358118","97.557471","94.066749","96.259185","96.710526","62.5","100","96.470588","100","100","ND","100","100","ND","0","100","96.462585","97.222222","100","84.978541","ND",
"Tasa_de_alfabetización_de_las_personas_de_15_años_o_más,_desglosada_por_sexo_y_subpoblaciones<b><i>_[CENSO]_</i></b>",	08025,"Gómez_Farías","2020","96.462661","99.150142","98.828541","96.792669","93.645251","96.232218","96.681255","91.666667","97.297297","96.388995","100","100","100","ND","ND","ND","ND","100","96.425841","95","100","88.321168","ND",
"Tasa_de_alfabetización_de_las_personas_de_15_años_o_más,_desglosada_por_sexo_y_subpoblaciones<b><i>_[CENSO]_</i></b>",	08026,"Gran_Morelos","2020","94.912718","97.333333","94.148936","96.331361","93.370945","94.762367","95.071869","53.191489","100","94.94898","100","100","ND","ND","ND","ND","0","100","95.182556","62.5","100","89.430894","ND",
"Tasa_de_alfabetización_de_las_personas_de_15_años_o_más,_desglosada_por_sexo_y_subpoblaciones<b><i>_[CENSO]_</i></b>",	08027,"Guachochi","2020","78.801485","94.537534","88.72533","76.585512","56.907752","82.413923","75.514521","66.682512","74.018127","78.805505","93.181818","92.5","100","ND","100","ND","9.090909","94.117647","78.690711","99.230769","96.428571","65.136298","ND",
"Tasa_de_alfabetización_de_las_personas_de_15_años_o_más,_desglosada_por_sexo_y_subpoblaciones<b><i>_[CENSO]_</i></b>",	08028,"Guadalupe","2020","96.477309","97.993311","99.279539","97.361647","90.231788","96.282051","96.668762","100","98.484848","96.50165","95.867769","95.867769","ND","ND","ND","ND","ND","100","96.419271","98.039216","100","84.649123","ND",
"Tasa_de_alfabetización_de_las_personas_de_15_años_o_más,_desglosada_por_sexo_y_subpoblaciones<b><i>_[CENSO]_</i></b>",	08029,"Guadalupe_y_Calvo","2020","80.083693","91.926665","88.36866","78.980428","55.815097","81.61315","78.591409","59.319347","78.07309","80.116572","100","100","100","ND","100","ND","20.833333","100","80.027875","96.703297","100","65.132924","ND",
"Tasa_de_alfabetización_de_las_personas_de_15_años_o_más,_desglosada_por_sexo_y_subpoblaciones<b><i>_[CENSO]_</i></b>",	08030,"Guazapares","2020","82.944855","95.774648","92.193045","85.279805","58.094262","83.943011","81.977612","61.195104","100","82.938389","100","100","ND","ND","ND","ND","100","100","82.771822","100","100","59.114583","ND",
"Tasa_de_alfabetización_de_las_personas_de_15_años_o_más,_desglosada_por_sexo_y_subpoblaciones<b><i>_[CENSO]_</i></b>",	08031,"Guerrero","2020","95.380518","98.671626","96.974467","96.044672","91.254753","95.063719","95.691867","74.558304","94.055944","95.36485","97.003745","96.8","100","ND","100","ND","93.75","98.717949","95.350002","98.630137","98.275862","86.730946","ND",
"Tasa_de_alfabetización_de_las_personas_de_15_años_o_más,_desglosada_por_sexo_y_subpoblaciones<b><i>_[CENSO]_</i></b>",	08032,"Hidalgo_del_Parral","2020","97.985287","98.899398","98.923653","98.517092","94.785572","97.974177","97.995337","83.238312","98.814229","98.000253","98.501071","98.245614","100","100","100","ND","44.827586","99.415205","98.005668","97.888386","99.287411","90.477882","ND",
"Tasa_de_alfabetización_de_las_personas_de_15_años_o_más,_desglosada_por_sexo_y_subpoblaciones<b><i>_[CENSO]_</i></b>",	08033,"Huejotitán","2020","95.008052","100","97.457627","97.426471","89.447236","95.341615","94.648829","55.555556","100","94.934641","100","100","ND","ND","ND","ND","ND","100","94.967532","100","100","77.192982","ND",
"Tasa_de_alfabetización_de_las_personas_de_15_años_o_más,_desglosada_por_sexo_y_subpoblaciones<b><i>_[CENSO]_</i></b>",	08034,"Ignacio_Zaragoza","2020","96.919315","99.553571","98.535871","97.760814","94.170772","96.484375","97.355534","81.818182","85.714286","96.913888","98.591549","98.529412","100","100","100","ND","0","98.717949","96.882856","100","98.837209","86.222222","ND",
"Tasa_de_alfabetización_de_las_personas_de_15_años_o_más,_desglosada_por_sexo_y_subpoblaciones<b><i>_[CENSO]_</i></b>",	08035,"Janos","2020","96.451741","97.1875","97.661413","96.304231","94.554455","96.682704","96.198668","68.055556","88.888889","96.409772","100","100","100","ND","100","ND","33.333333","100","96.828047","85.214008","100","90.414508","100",
"Tasa_de_alfabetización_de_las_personas_de_15_años_o_más,_desglosada_por_sexo_y_subpoblaciones<b><i>_[CENSO]_</i></b>",	08036,"Jiménez","2020","96.896575","98.765432","98.527246","97.629589","91.709845","96.70513","97.078222","73.469388","96.103896","96.905288","98.518519","99.115044","100","ND","94.736842","ND","37.5","93.506494","96.928363","96.531792","94.505495","85.967399","ND",
"Tasa_de_alfabetización_de_las_personas_de_15_años_o_más,_desglosada_por_sexo_y_subpoblaciones<b><i>_[CENSO]_</i></b>",	08037,"Juárez","2020","98.361311","99.231652","98.978478","98.686904","94.948477","98.433272","98.289996","95.108063","98.372212","98.411614","99.177213","99.301794","91.193182","99.250936","99.07289","100","80.339917","99.308466","98.44714","98.134367","99.064924","90.826032","94.223827",
"Tasa_de_alfabetización_de_las_personas_de_15_años_o_más,_desglosada_por_sexo_y_subpoblaciones<b><i>_[CENSO]_</i></b>",	08038,"Julimes","2020","97.114614","96.969697","98.568019","97.387437","95.2","96.901261","97.335508","86.956522","97.484277","97.102627","97.916667","97.916667","ND","ND","ND","ND","100","100","97.194989","83.333333","97.87234","88.56305","ND",
"Tasa_de_alfabetización_de_las_personas_de_15_años_o_más,_desglosada_por_sexo_y_subpoblaciones<b><i>_[CENSO]_</i></b>",	08039,"López","2020","95.896607","97.663551","96.650718","96.780684","93.053735","95.759494","96.039604","73.015873","100","95.873944","100","100","100","ND","100","ND","ND","100","95.798875","100","100","85.546875","ND",
"Tasa_de_alfabetización_de_las_personas_de_15_años_o_más,_desglosada_por_sexo_y_subpoblaciones<b><i>_[CENSO]_</i></b>",	08040,"Madera","2020","95.679046","99.403875","98.543563","96.917657","88.88335","95.365419","95.981519","79.699248","94.078947","95.676092","98.058252","98","ND","ND","100","ND","0","97.478992","95.629906","100","97.580645","82.791587","ND",
"Tasa_de_alfabetización_de_las_personas_de_15_años_o_más,_desglosada_por_sexo_y_subpoblaciones<b><i>_[CENSO]_</i></b>",	08041,"Maguarichi","2020","82.295082","98.113208","91.213389","85","62.068966","82.222222","82.365591","56.097561","100","82.295082","ND","ND","ND","ND","ND","ND","ND","ND","82.197802","100","ND","48.780488","ND",
"Tasa_de_alfabetización_de_las_personas_de_15_años_o_más,_desglosada_por_sexo_y_subpoblaciones<b><i>_[CENSO]_</i></b>",	08042,"Manuel_Benavides","2020","92.747702","98.148148","100","95.353535","82.971014","91.698842","93.926247","100","100","92.83521","0","ND","ND","ND","0","ND","100","100","92.820513","100","50","62.068966","ND",
"Tasa_de_alfabetización_de_las_personas_de_15_años_o_más,_desglosada_por_sexo_y_subpoblaciones<b><i>_[CENSO]_</i></b>",	08043,"Matachí","2020","96.159251","100","98.496241","97.660224","91.587302","95.592287","96.749522","57.894737","83.333333","96.108211","100","100","ND","ND","ND","ND","ND","100","96.097097","100","100","82.706767","ND",
"Tasa_de_alfabetización_de_las_personas_de_15_años_o_más,_desglosada_por_sexo_y_subpoblaciones<b><i>_[CENSO]_</i></b>",	08044,"Matamoros","2020","96.05547","98.453608","98.417266","96.494583","92.503177","95.214724","96.904025","72.727273","100","96.121626","95","94.736842","ND","ND","100","ND","0","100","96.055103","100","100","85.929648","ND",
"Tasa_de_alfabetización_de_las_personas_de_15_años_o_más,_desglosada_por_sexo_y_subpoblaciones<b><i>_[CENSO]_</i></b>",	08045,"Meoqui","2020","96.997914","99.095023","98.165688","97.467505","93.190267","96.615761","97.372359","65.463918","98.606272","96.991793","98.615917","98.540146","100","100","100","ND","72.727273","100","97.004801","95.218295","100","87.253487","73.333333",
"Tasa_de_alfabetización_de_las_personas_de_15_años_o_más,_desglosada_por_sexo_y_subpoblaciones<b><i>_[CENSO]_</i></b>",	08046,"Morelos","2020","77.042466","89.952153","85.714286","78.667263","49.164345","78.343146","75.67448","54.854369","58.823529","77.037516","ND","ND","ND","ND","ND","ND","100","100","76.757941","94.520548","100","55.592105","ND",
"Tasa_de_alfabetización_de_las_personas_de_15_años_o_más,_desglosada_por_sexo_y_subpoblaciones<b><i>_[CENSO]_</i></b>",	08047,"Moris","2020","89.812419","100","98.199446","93.208279","65.73913","89.303483","90.363881","65","90","89.789303","100","100","ND","ND","ND","ND","ND","ND","89.655172","100","ND","66.945607","ND",
"Tasa_de_alfabetización_de_las_personas_de_15_años_o_más,_desglosada_por_sexo_y_subpoblaciones<b><i>_[CENSO]_</i></b>",	08048,"Namiquipa","2020","96.906428","98.947368","98.080779","97.606647","94.208494","96.591443","97.221895","76.06383","93.670886","96.85644","99.698795","99.616858","100","ND","100","ND","50","97.222222","96.902256","96.923077","97.57085","84.784314","ND",
"Tasa_de_alfabetización_de_las_personas_de_15_años_o_más,_desglosada_por_sexo_y_subpoblaciones<b><i>_[CENSO]_</i></b>",	08049,"Nonoava","2020","85.927399","95.205479","91.066998","90.714286","69.087137","86.472946","85.389931","51.550388","100","85.892323","100","100","ND","ND","ND","ND","ND","90.47619","85.865724","87.5","90.909091","62.882096","ND",
"Tasa_de_alfabetización_de_las_personas_de_15_años_o_más,_desglosada_por_sexo_y_subpoblaciones<b><i>_[CENSO]_</i></b>",	08050,"Nuevo_Casas_Grandes","2020","97.937805","98.975818","98.814827","98.274519","95.112921","97.732504","98.129502","68.539326","97.497594","97.923289","99.84","99.824869","100","ND","100","100","94.594595","98.543689","97.994018","95.869947","98.770492","89.92158","100",
"Tasa_de_alfabetización_de_las_personas_de_15_años_o_más,_desglosada_por_sexo_y_subpoblaciones<b><i>_[CENSO]_</i></b>",	08051,"Ocampo","2020","91.887387","99.753086","97.669637","94.700037","68.337408","91.654519","92.12806","73.913043","96.052632","91.923505","100","100","ND","ND","100","ND","25","100","91.929429","96.363636","100","68.595041","ND",
"Tasa_de_alfabetización_de_las_personas_de_15_años_o_más,_desglosada_por_sexo_y_subpoblaciones<b><i>_[CENSO]_</i></b>",	08052,"Ojinaga","2020","97.107959","98.961039","98.497167","97.992854","92.514885","96.762156","97.452438","72.941176","98.378378","97.09213","98.956781","99.065421","100","ND","99.236641","50","23.076923","98.360656","97.112652","98.490566","98.704663","83.990442","ND",
"Tasa_de_alfabetización_de_las_personas_de_15_años_o_más,_desglosada_por_sexo_y_subpoblaciones<b><i>_[CENSO]_</i></b>",	08053,"Praxedis_G._Guerrero","2020","95.853143","98.675497","98.739977","97.055556","89.025894","95.574289","96.133475","66.666667","97.142857","95.721338","99.280576","99.275362","ND","ND","100","ND","100","94.736842","95.87517","95.121951","95","83.161512","ND",
"Tasa_de_alfabetización_de_las_personas_de_15_años_o_más,_desglosada_por_sexo_y_subpoblaciones<b><i>_[CENSO]_</i></b>",	08054,"Riva_Palacio","2020","98.282231","98.704104","98.307475","98.696682","97.002997","98.033503","98.538231","36.986301","100","98.247928","100","100","ND","ND","100","ND","ND","97.368421","98.285182","100","97.727273","91.341991","ND",
"Tasa_de_alfabetización_de_las_personas_de_15_años_o_más,_desglosada_por_sexo_y_subpoblaciones<b><i>_[CENSO]_</i></b>",	08055,"Rosales","2020","96.631497","99.453552","98.93617","97.420382","90.752602","96.395549","96.86623","81.012658","95.681063","96.605888","100","100","ND","100","100","ND","0","99.056604","96.622159","95.348837","99.173554","84.631579","ND",
"Tasa_de_alfabetización_de_las_personas_de_15_años_o_más,_desglosada_por_sexo_y_subpoblaciones<b><i>_[CENSO]_</i></b>",	08056,"Rosario","2020","91.716687","99.009901","96.969697","95.928753","80.082988","90.877598","92.625","28.571429","100","91.631292","100","100","ND","ND","ND","ND","ND","100","91.595615","100","100","71.523179","ND",
"Tasa_de_alfabetización_de_las_personas_de_15_años_o_más,_desglosada_por_sexo_y_subpoblaciones<b><i>_[CENSO]_</i></b>",	08057,"San_Francisco_de_Borja","2020","91.075515","93.406593","92.361111","92.973651","87.412587","91.76598","90.30303","41.911765","60","91.004063","96","96","ND","ND","ND","ND","ND","95.833333","90.977881","100","96.296296","84.645669","ND",
"Tasa_de_alfabetización_de_las_personas_de_15_años_o_más,_desglosada_por_sexo_y_subpoblaciones<b><i>_[CENSO]_</i></b>",	08058,"San_Francisco_de_Conchos","2020","96.832151","98.461538","99.088838","97.305389","93.75","96.259124","97.448479","91.666667","100","96.804959","100","100","ND","ND","100","ND","ND","100","96.783485","100","100","84.920635","ND",
"Tasa_de_alfabetización_de_las_personas_de_15_años_o_más,_desglosada_por_sexo_y_subpoblaciones<b><i>_[CENSO]_</i></b>",	08059,"San_Francisco_del_Oro","2020","96.968056","99.579832","98.282695","97.718631","93.473193","97.738555","96.225412","74.285714","90","97.006803","100","100","ND","ND","ND","ND","75","100","97.008782","100","100","87.132353","ND",
"Tasa_de_alfabetización_de_las_personas_de_15_años_o_más,_desglosada_por_sexo_y_subpoblaciones<b><i>_[CENSO]_</i></b>",	08060,"Santa_Bárbara","2020","97.165801","99.6139","99.026877","98.138958","91.940976","97.281966","97.049799","83.544304","97.080292","97.177754","97.058824","96.969697","ND","ND","100","ND","0","100","97.160731","98.347107","97.058824","85.775862","ND",
"Tasa_de_alfabetización_de_las_personas_de_15_años_o_más,_desglosada_por_sexo_y_subpoblaciones<b><i>_[CENSO]_</i></b>",	08061,"Satevó","2020","94.891304","97.794118","96.098563","95.905512","92.272203","94.077604","95.817196","55.555556","ND","94.888645","95","94.736842","100","ND","ND","ND","100","100","94.819985","100","100","79.545455","ND",
"Tasa_de_alfabetización_de_las_personas_de_15_años_o_más,_desglosada_por_sexo_y_subpoblaciones<b><i>_[CENSO]_</i></b>",	08062,"Saucillo","2020","96.597607","99.556401","98.131741","97.613279","91.251953","96.277174","96.909123","56.481481","96","96.578426","99.438202","99.431818","100","ND","100","ND","83.333333","99.019608","96.558954","98.130841","99.2","86.398678","ND",
"Tasa_de_alfabetización_de_las_personas_de_15_años_o_más,_desglosada_por_sexo_y_subpoblaciones<b><i>_[CENSO]_</i></b>",	08063,"Temósachic","2020","93.28004","99.615385","97.771588","94.907407","85.846438","92.296073","94.248884","78.656126","90","93.253072","100","100","ND","ND","ND","ND","100","94.594595","93.264117","100","94.871795","82.333333","ND",
"Tasa_de_alfabetización_de_las_personas_de_15_años_o_más,_desglosada_por_sexo_y_subpoblaciones<b><i>_[CENSO]_</i></b>",	08064,"El_Tule","2020","92.711111","98.4375","98.148148","94.197292","85.670732","91.413238","93.992933","48.275862","80","92.65233","100","100","ND","ND","ND","ND","ND","100","92.605951","100","100","78.205128","ND",
"Tasa_de_alfabetización_de_las_personas_de_15_años_o_más,_desglosada_por_sexo_y_subpoblaciones<b><i>_[CENSO]_</i></b>",	08065,"Urique","2020","72.589877","90.139335","86.121479","71.626617","45.613108","75.111773","70.261438","55.34511","62.4","72.575161","100","100","ND","ND","ND","ND","ND","100","72.444484","100","100","53.93586","ND",
"Tasa_de_alfabetización_de_las_personas_de_15_años_o_más,_desglosada_por_sexo_y_subpoblaciones<b><i>_[CENSO]_</i></b>",	08066,"Uruachi","2020","81.854393","95.584416","93.196061","82.764977","58.323495","82.029877","81.676326","58.012821","80.794702","81.842338","100","100","ND","ND","ND","100","ND","100","81.763527","96.296296","100","62.626263","ND",
"Tasa_de_alfabetización_de_las_personas_de_15_años_o_más,_desglosada_por_sexo_y_subpoblaciones<b><i>_[CENSO]_</i></b>",	08067,"Valle_de_Zaragoza","2020","95.052226","99.530516","97.446809","96.696697","89.952607","93.820527","96.34215","63.636364","86.666667","94.991606","100","100","ND","ND","100","ND","66.666667","95.121951","95.015402","100","95.454545","83.081571","ND",
"Tasa_de_alfabetización_de_las_personas_de_15_años_o_más,_desglosada_por_sexo_y_subpoblaciones<b><i>_[CENSO]_</i></b>",	09,"Ciudad_de_México","2020","98.152618","99.121605","99.179545","98.640496","95.421485","98.398892","97.932533","91.209285","98.426368","98.223079","99.341172","99.469344","98.307579","99.621556","99.292966","94.705882","37.5","99.525349","98.420789","98.84917","99.585034","91.30726","97.5",
"Tasa_de_alfabetización_de_las_personas_de_15_años_o_más,_desglosada_por_sexo_y_subpoblaciones<b><i>_[CENSO]_</i></b>",	09002,"Azcapotzalco","2020","98.836707","99.149899","99.565122","99.344375","96.834075","99.278457","98.449673","93.908304","99.138485","98.853326","99.750934","99.66443","100","99.480069","99.866667","100","58.208955","99.579832","98.836427","99.281916","99.710774","93.18072","ND",
"Tasa_de_alfabetización_de_las_personas_de_15_años_o_más,_desglosada_por_sexo_y_subpoblaciones<b><i>_[CENSO]_</i></b>",	09003,"Coyoacán","2020","98.69673","99.067115","99.445619","99.159946","97.01087","99.039429","98.400302","92.843589","98.716134","98.735211","99.669208","99.889258","97.744361","99.65035","99.680631","100","40.740741","99.760956","98.740023","99.11005","99.638039","92.194764","ND",
"Tasa_de_alfabetización_de_las_personas_de_15_años_o_más,_desglosada_por_sexo_y_subpoblaciones<b><i>_[CENSO]_</i></b>",	09004,"Cuajimalpa_de_Morelos","2020","98.018147","98.844751","98.886649","98.600172","94.136341","98.507113","97.583651","92.91498","97.635393","98.176705","99.251497","99.448276","100","99.85229","99.018453","100","24.12178","99.606299","98.210476","98.575093","98.983254","89.150402","ND",
"Tasa_de_alfabetización_de_las_personas_de_15_años_o_más,_desglosada_por_sexo_y_subpoblaciones<b><i>_[CENSO]_</i></b>",	09005,"Gustavo_A._Madero","2020","97.675619","99.218909","98.733423","98.085908","95.180101","97.506285","97.828737","90.907093","98.362405","97.770751","97.064677","99.229075","96.907216","97.395833","96.265244","100","34.872159","99.411187","98.334632","98.991602","99.282983","91.080124","94.642857",
"Tasa_de_alfabetización_de_las_personas_de_15_años_o_más,_desglosada_por_sexo_y_subpoblaciones<b><i>_[CENSO]_</i></b>",	09006,"Iztacalco","2020","98.653063","99.153485","99.445519","99.243847","96.2613","99.075447","98.280239","92.928571","98.730159","98.715736","99.331476","99.288256","100","100","99.118166","100","25.249169","99.39759","98.708941","99.08243","99.303944","92.675187","ND",
"Tasa_de_alfabetización_de_las_personas_de_15_años_o_más,_desglosada_por_sexo_y_subpoblaciones<b><i>_[CENSO]_</i></b>",	09007,"Iztapalapa","2020","97.355638","99.215774","98.818494","97.799174","93.452744","97.329803","97.379269","89.48185","97.886552","97.438396","96.561061","98.757249","93.859649","97.477064","95.379024","50","40.605478","98.488284","98.054682","97.955988","98.931227","90.092773","ND",
"Tasa_de_alfabetización_de_las_personas_de_15_años_o_más,_desglosada_por_sexo_y_subpoblaciones<b><i>_[CENSO]_</i></b>",	09008,"La_Magdalena_Contreras","2020","97.739272","98.960014","99.139618","98.543075","93.449426","98.189849","97.337152","90.618337","97.94702","97.925125","99.669148","99.295775","100","100","99.754902","100","14.978903","98.425197","97.937401","98.06232","99.029126","89.229699","ND",
"Tasa_de_alfabetización_de_las_personas_de_15_años_o_más,_desglosada_por_sexo_y_subpoblaciones<b><i>_[CENSO]_</i></b>",	09009,"Milpa_Alta","2020","97.096081","99.034892","99.302905","97.721906","89.596642","97.816555","96.425252","88.586839","97.246696","97.113539","99.285714","100","100","100","98.550725","100","56.140351","100","97.134427","96.140351","99.082569","86.629566","ND",
"Tasa_de_alfabetización_de_las_personas_de_15_años_o_más,_desglosada_por_sexo_y_subpoblaciones<b><i>_[CENSO]_</i></b>",	09010,"Álvaro_Obregón","2020","98.061106","98.959733","99.191559","98.759116","94.648419","98.582114","97.600925","92.533689","98.040363","98.209988","99.382716","99.707317","98.989899","99.095023","99.400922","100","25.50578","99.602859","98.218118","98.681246","99.397208","89.918386","100",
"Tasa_de_alfabetización_de_las_personas_de_15_años_o_más,_desglosada_por_sexo_y_subpoblaciones<b><i>_[CENSO]_</i></b>",	09011,"Tláhuac","2020","98.2247","99.178794","99.500948","98.864203","93.363062","98.737201","97.754843","90.564037","98.741419","98.233602","99.564586","99.583333","92.857143","100","100","ND","71.323529","98.787879","98.236045","98.234025","99.196787","90.631386","ND",
"Tasa_de_alfabetización_de_las_personas_de_15_años_o_más,_desglosada_por_sexo_y_subpoblaciones<b><i>_[CENSO]_</i></b>",	09012,"Tlalpan","2020","98.214627","99.194308","99.433742","98.723222","95.038294","98.690734","97.789237","91.941968","98.293776","98.250799","99.704259","99.403341","98.802395","100","99.781062","100","37.117904","99.082569","98.268839","98.548056","99.553128","89.97871","ND",
"Tasa_de_alfabetización_de_las_personas_de_15_años_o_más,_desglosada_por_sexo_y_subpoblaciones<b><i>_[CENSO]_</i></b>",	09013,"Xochimilco","2020","97.852204","98.907502","99.370897","98.267506","94.05775","98.364906","97.375272","88.941408","97.849859","97.866388","98.897371","99.212598","100","100","98.992443","62.5","80.821918","100","97.929721","97.190107","99.649737","89.993904","ND",
"Tasa_de_alfabetización_de_las_personas_de_15_años_o_más,_desglosada_por_sexo_y_subpoblaciones<b><i>_[CENSO]_</i></b>",	09014,"Benito_Juárez","2020","99.407635","99.100769","99.459337","99.584173","98.970736","99.527418","99.30567","96.047317","99.449558","99.477211","99.779344","99.835661","99.337748","99.938987","99.73402","100","28.378378","99.830221","99.48518","99.654323","99.802931","96.357483","ND",
"Tasa_de_alfabetización_de_las_personas_de_15_años_o_más,_desglosada_por_sexo_y_subpoblaciones<b><i>_[CENSO]_</i></b>",	09015,"Cuauhtémoc","2020","98.775384","99.061392","99.343687","99.18077","97.02907","99.124861","98.461671","92.09546","98.381582","98.869271","99.59655","99.827586","98.333333","99.677766","99.564971","100","56.456693","99.76512","98.878844","99.219169","99.695375","93.706167","100",
"Tasa_de_alfabetización_de_las_personas_de_15_años_o_más,_desglosada_por_sexo_y_subpoblaciones<b><i>_[CENSO]_</i></b>",	09016,"Miguel_Hidalgo","2020","98.977601","99.243871","99.429903","99.388341","97.374527","99.298429","98.699175","93.748224","99.198397","99.087541","99.541531","99.302094","100","99.929849","99.500713","98.076923","20.166667","99.845281","99.10159","99.400103","99.803401","93.583557","ND",
"Tasa_de_alfabetización_de_las_personas_de_15_años_o_más,_desglosada_por_sexo_y_subpoblaciones<b><i>_[CENSO]_</i></b>",	09017,"Venustiano_Carranza","2020","98.725384","99.047187","99.501126","99.154762","96.840332","99.05932","98.433943","92.965576","98.824047","98.793127","99.030787","98.863636","96.153846","99.603175","99.009083","100","30.245232","99.719101","98.789696","99.043643","98.737084","93.189369","94.117647",
"Tasa_de_alfabetización_de_las_personas_de_15_años_o_más,_desglosada_por_sexo_y_subpoblaciones<b><i>_[CENSO]_</i></b>",	10,"Durango","2020","97.059908","99.175149","98.855093","97.397164","91.943307","97.012448","97.105092","76.052964","97.273322","97.08286","99.077883","99.409083","92.45283","100","97.601668","83.333333","41.967621","98.754153","97.079355","98.623332","98.805214","88.152822","ND",
"Tasa_de_alfabetización_de_las_personas_de_15_años_o_más,_desglosada_por_sexo_y_subpoblaciones<b><i>_[CENSO]_</i></b>",	10001,"Canatlán","2020","97.286519","99.378496","99.029126","97.955692","92.743517","96.901728","97.666207","92.982456","95.689655","97.272172","99.363057","99.342105","ND","ND","100","ND","100","99.095023","97.240267","98.325359","98.755187","88.273132","ND",
"Tasa_de_alfabetización_de_las_personas_de_15_años_o_más,_desglosada_por_sexo_y_subpoblaciones<b><i>_[CENSO]_</i></b>",	10002,"Canelas","2020","89.601386","100","98.537234","90.443686","65.268065","87.95424","91.350965","0","0","89.5361","100","100","ND","ND","ND","ND","100","100","89.50509","96.666667","100","74.107143","ND",
"Tasa_de_alfabetización_de_las_personas_de_15_años_o_más,_desglosada_por_sexo_y_subpoblaciones<b><i>_[CENSO]_</i></b>",	10003,"Coneto_de_Comonfort","2020","97.515969","99.176955","98.838897","97.935103","93.962264","96.897038","98.142857","100","100","97.472924","100","100","ND","ND","100","ND","ND","100","97.450838","100","100","91.554054","ND",
"Tasa_de_alfabetización_de_las_personas_de_15_años_o_más,_desglosada_por_sexo_y_subpoblaciones<b><i>_[CENSO]_</i></b>",	10004,"Cuencamé","2020","96.964322","99.680681","99.304897","97.518224","90.882152","96.549216","97.377524","92.592593","96.240602","96.954109","100","100","ND","ND","100","ND","80","98.360656","96.894332","99.130435","98.412698","88.408304","ND",
"Tasa_de_alfabetización_de_las_personas_de_15_años_o_más,_desglosada_por_sexo_y_subpoblaciones<b><i>_[CENSO]_</i></b>",	10005,"Durango","2020","98.443759","99.441001","99.329883","98.745082","95.314622","98.397423","98.486286","92.404356","98.931053","98.478264","99.514091","99.592003","100","100","99.240987","75","31.493506","99.224806","98.468294","99.221634","99.294193","91.797188","ND",
"Tasa_de_alfabetización_de_las_personas_de_15_años_o_más,_desglosada_por_sexo_y_subpoblaciones<b><i>_[CENSO]_</i></b>",	10006,"General_Simón_Bolívar","2020","93.409415","97.38676","98.503578","94.215366","85.013089","92.7897","94.025605","100","84.375","93.60023","100","100","ND","ND","ND","ND","11.111111","98.181818","93.442381","100","98.305085","80.310263","ND",
"Tasa_de_alfabetización_de_las_personas_de_15_años_o_más,_desglosada_por_sexo_y_subpoblaciones<b><i>_[CENSO]_</i></b>",	10007,"Gómez_Palacio","2020","97.938873","99.199551","98.960443","98.2146","94.46978","97.728937","98.14073","88.216561","97.695553","97.97122","96.339678","98.553719","73.333333","100","92.485549","80","56.284153","99.280576","98.110867","98.531042","99.272198","90.284098","ND",
"Tasa_de_alfabetización_de_las_personas_de_15_años_o_más,_desglosada_por_sexo_y_subpoblaciones<b><i>_[CENSO]_</i></b>",	10008,"Guadalupe_Victoria","2020","97.076045","99.58699","99.048734","97.567365","91.944788","96.616342","97.515033","100","97.524752","97.062008","99.470899","99.431818","100","ND","100","ND","87.5","99.496222","96.977232","98.089172","99.527187","86.283438","ND",
"Tasa_de_alfabetización_de_las_personas_de_15_años_o_más,_desglosada_por_sexo_y_subpoblaciones<b><i>_[CENSO]_</i></b>",	10009,"Guanaceví","2020","91.295605","98.883929","98.573127","93.239759","74.571216","90.926483","91.704511","59","90.163934","91.238976","100","100","ND","ND","ND","ND","100","89.74359","91.178651","96","90.47619","74.922118","ND",
"Tasa_de_alfabetización_de_las_personas_de_15_años_o_más,_desglosada_por_sexo_y_subpoblaciones<b><i>_[CENSO]_</i></b>",	10010,"Hidalgo","2020","96.346555","98.265896","98.521257","97.238372","92.857143","96.344828","96.348315","30","96.666667","96.339317","100","100","ND","ND","ND","ND","0","100","96.301616","97.87234","100","83.921569","ND",
"Tasa_de_alfabetización_de_las_personas_de_15_años_o_más,_desglosada_por_sexo_y_subpoblaciones<b><i>_[CENSO]_</i></b>",	10011,"Indé","2020","96.588001","98.550725","98.365527","97.013068","94.368932","96.232877","96.94051","63.636364","100","96.557709","100","100","100","ND","ND","ND","50","100","96.503086","100","100","87.106918","ND",
"Tasa_de_alfabetización_de_las_personas_de_15_años_o_más,_desglosada_por_sexo_y_subpoblaciones<b><i>_[CENSO]_</i></b>",	10012,"Lerdo","2020","97.619327","99.110023","99.039105","97.953211","93.126124","97.46076","97.770633","90.983607","97.192764","97.664429","99.322034","99.141631","100","100","100","100","40.196078","99.180328","97.646287","98.725664","99.017199","86.979946","ND",
"Tasa_de_alfabetización_de_las_personas_de_15_años_o_más,_desglosada_por_sexo_y_subpoblaciones<b><i>_[CENSO]_</i></b>",	10013,"Mapimí","2020","95.19437","99.488491","98.668578","96.061917","84.602369","94.701253","95.679686","89.473684","95.390071","95.178394","100","100","ND","ND","100","ND","75","97.196262","95.147462","96.309315","97.478992","79.106858","ND",
"Tasa_de_alfabetización_de_las_personas_de_15_años_o_más,_desglosada_por_sexo_y_subpoblaciones<b><i>_[CENSO]_</i></b>",	10014,"Mezquital","2020","76.781372","95.50464","91.126685","69.489306","38.292848","83.407624","70.679406","73.788958","80.28169","76.892017","97.916667","100","ND","ND","ND","85.714286","36.363636","95.744681","76.898722","88.888889","96.363636","48.042025","ND",
"Tasa_de_alfabetización_de_las_personas_de_15_años_o_más,_desglosada_por_sexo_y_subpoblaciones<b><i>_[CENSO]_</i></b>",	10015,"Nazas","2020","96.199085","99.699248","98.945855","96.961967","90.840415","95.698925","96.712268","100","95.575221","96.163992","100","100","ND","ND","100","ND","ND","99.082569","96.108464","98.755187","99.2","86.255924","ND",
"Tasa_de_alfabetización_de_las_personas_de_15_años_o_más,_desglosada_por_sexo_y_subpoblaciones<b><i>_[CENSO]_</i></b>",	10016,"Nombre_de_Dios","2020","96.808278","99.615014","99.309724","96.930829","92.508027","96.48736","97.123862","100","98.540146","96.808119","98.347107","98.290598","ND","ND","100","ND","60","99.270073","96.782862","97.590361","99.367089","86.70669","ND",
"Tasa_de_alfabetización_de_las_personas_de_15_años_o_más,_desglosada_por_sexo_y_subpoblaciones<b><i>_[CENSO]_</i></b>",	10017,"Ocampo","2020","94.813107","98.680739","98.061674","96.658545","88.6121","94.396135","95.249326","52.040816","96.969697","94.823569","95.3125","95.3125","ND","ND","ND","ND","0","98.275862","94.86653","92.638037","98.4375","79.918864","ND",
"Tasa_de_alfabetización_de_las_personas_de_15_años_o_más,_desglosada_por_sexo_y_subpoblaciones<b><i>_[CENSO]_</i></b>",	10018,"El_Oro","2020","96.945977","99.156118","98.695652","97.912814","93.035343","96.898423","96.992864","68.421053","96.153846","96.908023","100","100","ND","ND","100","ND","0","98.275862","96.949514","96.226415","98.4","86.197183","ND",
"Tasa_de_alfabetización_de_las_personas_de_15_años_o_más,_desglosada_por_sexo_y_subpoblaciones<b><i>_[CENSO]_</i></b>",	10019,"Otáez","2020","93.264249","98.947368","98.212512","94.555113","75.569358","92.347826","94.280206","ND","80","93.237454","100","100","ND","ND","ND","ND","ND","100","93.197907","100","100","78.066038","ND",
"Tasa_de_alfabetización_de_las_personas_de_15_años_o_más,_desglosada_por_sexo_y_subpoblaciones<b><i>_[CENSO]_</i></b>",	10020,"Pánuco_de_Coronado","2020","97.132808","99.843994","99.56044","97.56921","92.585269","96.995708","97.268107","80","88.888889","97.09973","100","100","ND","100","100","ND","ND","95.327103","97.146605","97.5","95.652174","88.241881","ND",
"Tasa_de_alfabetización_de_las_personas_de_15_años_o_más,_desglosada_por_sexo_y_subpoblaciones<b><i>_[CENSO]_</i></b>",	10021,"Peñón_Blanco","2020","95.973069","99.6633","99.255319","96.854172","88.888889","95.118269","96.844536","100","97.142857","95.950794","98.484848","98.484848","ND","ND","ND","ND","100","98.93617","95.89131","98.064516","98.989899","82.754342","ND",
"Tasa_de_alfabetización_de_las_personas_de_15_años_o_más,_desglosada_por_sexo_y_subpoblaciones<b><i>_[CENSO]_</i></b>",	10022,"Poanas","2020","96.499517","99.344023","98.58156","96.753744","92.151406","95.883134","97.080292","80.952381","95.364238","96.500921","99.346405","99.333333","ND","ND","100","ND","54.545455","99.212598","96.471836","97.247706","99.261993","86.785527","ND",
"Tasa_de_alfabetización_de_las_personas_de_15_años_o_más,_desglosada_por_sexo_y_subpoblaciones<b><i>_[CENSO]_</i></b>",	10023,"Pueblo_Nuevo","2020","94.810743","98.906933","98.070708","94.346092","85.116974","95.340369","94.313839","67.108493","97.003745","94.813464","100","100","ND","ND","100","ND","33.333333","100","94.728161","99.166667","100","87.181778","ND",
"Tasa_de_alfabetización_de_las_personas_de_15_años_o_más,_desglosada_por_sexo_y_subpoblaciones<b><i>_[CENSO]_</i></b>",	10024,"Rodeo","2020","96.781329","99.848943","99.022483","96.844772","93.31994","96.725664","96.836983","100","98.550725","96.747513","100","100","ND","100","ND","ND","100","100","96.733295","97.687861","100","86.898669","ND",
"Tasa_de_alfabetización_de_las_personas_de_15_años_o_más,_desglosada_por_sexo_y_subpoblaciones<b><i>_[CENSO]_</i></b>",	10025,"San_Bernardo","2020","94.522408","96.638655","96.121884","96.064581","91.327913","93.875839","95.280236","56.25","100","94.472362","100","100","ND","ND","ND","ND","ND","100","94.4","96.363636","100","88.26087","ND",
"Tasa_de_alfabetización_de_las_personas_de_15_años_o_más,_desglosada_por_sexo_y_subpoblaciones<b><i>_[CENSO]_</i></b>",	10026,"San_Dimas","2020","95.368313","99.399399","97.962287","96.151828","85.335689","94.808652","95.959241","84.615385","96.103896","95.363162","100","100","ND","ND","ND","ND","100","100","95.398906","94.736842","100","81.788618","ND",
"Tasa_de_alfabetización_de_las_personas_de_15_años_o_más,_desglosada_por_sexo_y_subpoblaciones<b><i>_[CENSO]_</i></b>",	10027,"San_Juan_de_Guadalupe","2020","93.377483","99.677419","98.866213","95.707657","80.791618","92.226335","94.532909","ND","96.50655","93.375898","93.75","93.75","ND","ND","ND","ND","ND","94.117647","93.285832","98.611111","92.592593","77.439024","ND",
"Tasa_de_alfabetización_de_las_personas_de_15_años_o_más,_desglosada_por_sexo_y_subpoblaciones<b><i>_[CENSO]_</i></b>",	10028,"San_Juan_del_Río","2020","97.166804","100","98.992213","97.54902","93.436499","96.948021","97.381342","84.615385","100","97.146933","100","100","ND","ND","ND","ND","100","100","97.136353","98","100","86.902928","ND",
"Tasa_de_alfabetización_de_las_personas_de_15_años_o_más,_desglosada_por_sexo_y_subpoblaciones<b><i>_[CENSO]_</i></b>",	10029,"San_Luis_del_Cordero","2020","95.35809","97.413793","99.358974","96.570645","88.603989","95.052083","95.675676","ND","100","95.311453","100","100","ND","ND","ND","ND","ND","100","95.189003","100","100","75.238095","ND",
"Tasa_de_alfabetización_de_las_personas_de_15_años_o_más,_desglosada_por_sexo_y_subpoblaciones<b><i>_[CENSO]_</i></b>",	10030,"San_Pedro_del_Gallo","2020","96.172638","96.666667","98","97.916667","91.346154","95.672334","96.729776","ND","100","96.199324","100","100","ND","ND","ND","ND","0","100","96.186441","100","100","86.466165","ND",
"Tasa_de_alfabetización_de_las_personas_de_15_años_o_más,_desglosada_por_sexo_y_subpoblaciones<b><i>_[CENSO]_</i></b>",	10031,"Santa_Clara","2020","95.875209","99.693252","99.136276","97.206208","89.245447","95.621053","96.126614","100","95.454545","95.842127","100","100","ND","ND","ND","ND","ND","100","95.809566","95.555556","100","85.010707","ND",
"Tasa_de_alfabetización_de_las_personas_de_15_años_o_más,_desglosada_por_sexo_y_subpoblaciones<b><i>_[CENSO]_</i></b>",	10032,"Santiago_Papasquiaro","2020","96.543674","99.367589","99.2397","97.002773","89.580514","96.318777","96.774566","89.102564","95.238095","96.517485","99.204244","99.168975","100","100","100","ND","50","97.527473","96.472653","98.310811","97.815534","85.822238","ND",
"Tasa_de_alfabetización_de_las_personas_de_15_años_o_más,_desglosada_por_sexo_y_subpoblaciones<b><i>_[CENSO]_</i></b>",	10033,"Súchil","2020","94.559639","100","98.113208","94.801223","87.833828","95.177123","93.987342","80.549199","95.890411","94.53946","100","100","ND","ND","ND","ND","ND","98.823529","94.445622","96.969697","98.863636","83.71134","ND",
"Tasa_de_alfabetización_de_las_personas_de_15_años_o_más,_desglosada_por_sexo_y_subpoblaciones<b><i>_[CENSO]_</i></b>",	10034,"Tamazula","2020","92.146658","99.4375","98.493918","93.759342","67.088056","91.300914","93.056567","72.727273","90","92.140969","100","100","ND","ND","100","ND","70.588235","96.296296","91.967799","98.158379","96.875","71.572146","ND",
"Tasa_de_alfabetización_de_las_personas_de_15_años_o_más,_desglosada_por_sexo_y_subpoblaciones<b><i>_[CENSO]_</i></b>",	10035,"Tepehuanes","2020","94.717887","99.641577","98.171661","96.436931","86.465781","94.90642","94.524215","80.645161","97.692308","94.652406","100","100","ND","ND","100","ND","ND","98.484848","94.580726","96.610169","98.648649","81.973094","ND",
"Tasa_de_alfabetización_de_las_personas_de_15_años_o_más,_desglosada_por_sexo_y_subpoblaciones<b><i>_[CENSO]_</i></b>",	10036,"Tlahualilo","2020","96.796077","99.489796","98.937619","97.252671","91.743119","96.68802","96.901073","100","98.275862","96.788095","100","100","ND","ND","100","ND","100","98.113208","96.730623","98.974359","98.333333","85.654886","ND",
"Tasa_de_alfabetización_de_las_personas_de_15_años_o_más,_desglosada_por_sexo_y_subpoblaciones<b><i>_[CENSO]_</i></b>",	10037,"Topia","2020","93.170186","98.387097","98.272138","95.09182","73.59736","92.428925","93.965517","100","97.142857","93.139159","98.571429","98.550725","ND","100","ND","ND","0","100","93.22117","98","100","77.325581","ND",
"Tasa_de_alfabetización_de_las_personas_de_15_años_o_más,_desglosada_por_sexo_y_subpoblaciones<b><i>_[CENSO]_</i></b>",	10038,"Vicente_Guerrero","2020","97.78331","99.674797","99.152348","98.029557","94.278944","97.894348","97.680265","86.470588","99.186992","97.767964","100","100","ND","100","100","ND","100","98.445596","97.760324","98.644986","98.529412","89.060888","ND",
"Tasa_de_alfabetización_de_las_personas_de_15_años_o_más,_desglosada_por_sexo_y_subpoblaciones<b><i>_[CENSO]_</i></b>",	10039,"Nuevo_Ideal","2020","97.025088","98.219767","98.425197","97.501893","93.15836","96.783877","97.255504","86.842105","98.412698","97.056309","97.796143","99.111111","100","ND","95.588235","ND","25","96.166134","97.086272","98","95.750708","88.122333","ND",
"Tasa_de_alfabetización_de_las_personas_de_15_años_o_más,_desglosada_por_sexo_y_subpoblaciones<b><i>_[CENSO]_</i></b>",	11,"Guanajuato","2020","94.53263","99.136112","98.824484","96.339989","78.387494","95.296443","93.832316","87.237836","95.662533","94.546938","99.065603","99.110309","95.555556","99.88764","99.071586","95.597484","50.19685","96.294258","94.474769","98.480874","96.860773","74.832567","90.384615",
"Tasa_de_alfabetización_de_las_personas_de_15_años_o_más,_desglosada_por_sexo_y_subpoblaciones<b><i>_[CENSO]_</i></b>",	11001,"Abasolo","2020","92.290243","99.476018","98.721476","94.977783","70.615772","93.207134","91.443433","91.666667","91.83223","92.276821","98.513011","98.814229","100","100","92.307692","ND","40","95.896328","92.22409","97.659906","95.943205","69.935457","ND",
"Tasa_de_alfabetización_de_las_personas_de_15_años_o_más,_desglosada_por_sexo_y_subpoblaciones<b><i>_[CENSO]_</i></b>",	11002,"Acámbaro","2020","92.613871","99.521971","98.904138","96.410256","75.83706","92.865602","92.389055","95.604396","94.285714","92.587705","99.352052","99.297424","100","ND","100","ND","60","94.444444","92.51579","97.065297","94.901961","71.158873","ND",
"Tasa_de_alfabetización_de_las_personas_de_15_años_o_más,_desglosada_por_sexo_y_subpoblaciones<b><i>_[CENSO]_</i></b>",	11003,"San_Miguel_de_Allende","2020","92.28981","99.436678","98.987292","94.258054","71.094833","93.654237","91.104172","81.355932","91.449031","92.063815","99.63871","99.648338","100","100","99.568345","100","75.609756","96.219931","92.100716","99.14611","97.521161","63.283582","ND",
"Tasa_de_alfabetización_de_las_personas_de_15_años_o_más,_desglosada_por_sexo_y_subpoblaciones<b><i>_[CENSO]_</i></b>",	11004,"Apaseo_el_Alto","2020","91.875341","99.456832","98.569961","94.485915","68.341639","92.486452","91.323462","96.385542","91.041667","91.843443","98.623853","99.5","33.333333","ND","100","ND","91.428571","95.833333","91.765652","96.897038","96.073298","67.345106","ND",
"Tasa_de_alfabetización_de_las_personas_de_15_años_o_más,_desglosada_por_sexo_y_subpoblaciones<b><i>_[CENSO]_</i></b>",	11005,"Apaseo_el_Grande","2020","94.529222","99.22271","98.733178","96.124937","74.438404","95.342466","93.7836","95.50173","94.923449","94.585069","97.237569","98.095238","100","100","94.444444","100","56.25","95.842956","93.776171","99.00118","96.146435","74.352451","ND",
"Tasa_de_alfabetización_de_las_personas_de_15_años_o_más,_desglosada_por_sexo_y_subpoblaciones<b><i>_[CENSO]_</i></b>",	11006,"Atarjea","2020","86.717517","99.352751","98.642534","92.596945","59.757442","89.218329","84.334874","100","100","86.712365","100","100","ND","ND","ND","ND","0","93.75","86.409625","95.3125","93.75","62.201835","ND",
"Tasa_de_alfabetización_de_las_personas_de_15_años_o_más,_desglosada_por_sexo_y_subpoblaciones<b><i>_[CENSO]_</i></b>",	11007,"Celaya","2020","96.418116","99.131602","98.90251","97.760903","86.394784","97.038422","95.85191","94.053518","96.878353","96.459705","98.928189","99.310345","86.956522","100","98.998888","80","38.842975","97.243108","96.432906","99.085143","97.668712","79.705675","90.243902",
"Tasa_de_alfabetización_de_las_personas_de_15_años_o_más,_desglosada_por_sexo_y_subpoblaciones<b><i>_[CENSO]_</i></b>",	11008,"Manuel_Doblado","2020","91.119192","99.444958","98.80201","93.987296","70.322466","91.825534","90.491172","100","93.121693","91.085683","98.636364","98.557692","100","ND","100","ND","42.857143","93.567251","90.997455","96.829268","93.820225","68.400159","ND",
"Tasa_de_alfabetización_de_las_personas_de_15_años_o_más,_desglosada_por_sexo_y_subpoblaciones<b><i>_[CENSO]_</i></b>",	11009,"Comonfort","2020","91.738512","99.226265","98.66385","93.34946","67.58472","92.953171","90.708063","86.170213","85.399449","91.726711","98.342541","98.675497","100","ND","96.428571","ND","45.454545","97.777778","91.651562","97.196262","97.696737","68.827851","ND",
"Tasa_de_alfabetización_de_las_personas_de_15_años_o_más,_desglosada_por_sexo_y_subpoblaciones<b><i>_[CENSO]_</i></b>",	11010,"Coroneo","2020","92.243108","99.685039","98.464688","95.310881","73.481385","92.797184","91.765804","100","93.670886","92.218585","100","100","ND","ND","100","ND","66.666667","97.260274","91.998423","97.610922","97.333333","67.741935","ND",
"Tasa_de_alfabetización_de_las_personas_de_15_años_o_más,_desglosada_por_sexo_y_subpoblaciones<b><i>_[CENSO]_</i></b>",	11011,"Cortazar","2020","94.872284","99.237537","98.959491","96.694057","80.588235","95.442245","94.3504","92.413793","95.634096","94.873931","99.043062","99.453552","100","100","95.238095","100","47.619048","96.686747","94.845232","98.01061","96.952909","75.638407","ND",
"Tasa_de_alfabetización_de_las_personas_de_15_años_o_más,_desglosada_por_sexo_y_subpoblaciones<b><i>_[CENSO]_</i></b>",	11012,"Cuerámaro","2020","91.484511","99.52381","98.46355","94.475404","70.516206","92.095728","90.945048","88","88.571429","91.409214","98.684211","99.082569","100","100","83.333333","ND","100","96.949153","91.32359","96.011396","97.247706","69.670804","ND",
"Tasa_de_alfabetización_de_las_personas_de_15_años_o_más,_desglosada_por_sexo_y_subpoblaciones<b><i>_[CENSO]_</i></b>",	11013,"Doctor_Mora","2020","90.624836","99.587021","99.368351","93.490783","55.065234","91.61879","89.752964","90.322581","89.156627","90.598742","100","100","ND","ND","100","ND","0","98.780488","90.441932","97.050147","98.802395","60.49896","ND",
"Tasa_de_alfabetización_de_las_personas_de_15_años_o_más,_desglosada_por_sexo_y_subpoblaciones<b><i>_[CENSO]_</i></b>",	11014,"Dolores_Hidalgo_Cuna_de_la_Independencia_Nacional","2020","91.804152","99.115408","98.586013","93.695681","66.267047","92.79908","90.971803","84.147952","89.699381","91.787513","98.687664","98.989899","100","100","98.701299","0","73.809524","96.34601","91.753229","91.705938","96.5","68.128072","ND",
"Tasa_de_alfabetización_de_las_personas_de_15_años_o_más,_desglosada_por_sexo_y_subpoblaciones<b><i>_[CENSO]_</i></b>",	11015,"Guanajuato","2020","96.53412","99.683811","99.243856","97.661599","85.694358","96.968388","96.138925","95.614035","95.370182","96.541089","99.896801","99.78678","100","100","100","100","68.831169","97.866667","96.506935","99.48696","98.789713","79.648277","ND",
"Tasa_de_alfabetización_de_las_personas_de_15_años_o_más,_desglosada_por_sexo_y_subpoblaciones<b><i>_[CENSO]_</i></b>",	11016,"Huanímaro","2020","93.214842","99.300699","99.003488","95.65697","77.271215","93.376278","93.075529","100","97.297297","93.187744","98.666667","98.611111","100","ND","100","ND","100","98.064516","93.091102","99.408284","98.136646","73.10789","ND",
"Tasa_de_alfabetización_de_las_personas_de_15_años_o_más,_desglosada_por_sexo_y_subpoblaciones<b><i>_[CENSO]_</i></b>",	11017,"Irapuato","2020","95.926995","99.1339","99.023007","97.491919","83.114144","96.905876","95.005962","94.074074","97.106432","95.923526","99.534234","99.445061","97.674419","100","99.64476","100","66.82243","97.374179","95.843245","99.28596","98.227676","77.297037","100",
"Tasa_de_alfabetización_de_las_personas_de_15_años_o_más,_desglosada_por_sexo_y_subpoblaciones<b><i>_[CENSO]_</i></b>",	11018,"Jaral_del_Progreso","2020","92.90748","99.049049","98.747137","96.321118","73.068813","93.403309","92.452325","84.615385","91.699605","92.883935","99.24812","99.2","ND","ND","100","ND","50","95.212766","92.822319","98.583569","95.215311","73.333333","ND",
"Tasa_de_alfabetización_de_las_personas_de_15_años_o_más,_desglosada_por_sexo_y_subpoblaciones<b><i>_[CENSO]_</i></b>",	11019,"Jerécuaro","2020","87.504908","99.255778","98.565484","91.93644","58.538646","87.176562","87.792809","86.206897","90.671642","87.468679","99.180328","100","100","ND","90","ND","76.923077","93.548387","87.306859","95.454545","93.569845","58.387942","ND",
"Tasa_de_alfabetización_de_las_personas_de_15_años_o_más,_desglosada_por_sexo_y_subpoblaciones<b><i>_[CENSO]_</i></b>",	11020,"León","2020","96.452175","98.910451","98.842829","97.406746","86.085035","97.023888","95.911104","91.738713","96.717907","96.501677","99.151194","99.002065","95.402299","99.820467","99.329378","96.460177","51.859838","98.205823","96.457877","98.925883","98.652665","82.810551","87.5",
"Tasa_de_alfabetización_de_las_personas_de_15_años_o_más,_desglosada_por_sexo_y_subpoblaciones<b><i>_[CENSO]_</i></b>",	11021,"Moroleón","2020","94.377264","99.418345","98.954792","97.493411","80.920314","95.270347","93.579139","100","96.474359","94.371924","97.402597","98.305085","100","ND","94.117647","ND","50","93.650794","94.353688","99.170124","94.326241","70.143885","ND",
"Tasa_de_alfabetización_de_las_personas_de_15_años_o_más,_desglosada_por_sexo_y_subpoblaciones<b><i>_[CENSO]_</i></b>",	11022,"Ocampo","2020","91.159366","99.686324","97.815096","91.815915","70.993188","90.950697","91.379121","100","92.8","91.095189","97.740113","98.717949","100","ND","85.714286","ND","100","95.539033","91.022399","96.846847","95.532646","73.013375","ND",
"Tasa_de_alfabetización_de_las_personas_de_15_años_o_más,_desglosada_por_sexo_y_subpoblaciones<b><i>_[CENSO]_</i></b>",	11023,"Pénjamo","2020","91.750738","99.178418","98.847606","94.261319","72.314696","92.956476","90.681159","91.752577","91.861899","91.730385","98.175182","98.207171","66.666667","100","100","100","64.444444","96.103896","91.63164","96.921103","96.443966","70.654054","ND",
"Tasa_de_alfabetización_de_las_personas_de_15_años_o_más,_desglosada_por_sexo_y_subpoblaciones<b><i>_[CENSO]_</i></b>",	11024,"Pueblo_Nuevo","2020","91.406936","99.525316","98.657427","95.46173","68.541906","93.031441","89.979381","100","92.857143","91.423841","100","100","ND","ND","ND","ND","25","94.285714","91.398329","96.363636","94.805195","62.244898","ND",
"Tasa_de_alfabetización_de_las_personas_de_15_años_o_más,_desglosada_por_sexo_y_subpoblaciones<b><i>_[CENSO]_</i></b>",	11025,"Purísima_del_Rincón","2020","95.420314","98.976249","98.678732","96.611218","79.215457","96.037946","94.833018","90.647482","96.494845","95.485339","98.591549","98.479087","100","100","100","ND","41.37931","96.370968","95.49927","96.284501","96.028881","80.528846","ND",
"Tasa_de_alfabetización_de_las_personas_de_15_años_o_más,_desglosada_por_sexo_y_subpoblaciones<b><i>_[CENSO]_</i></b>",	11026,"Romita","2020","92.298249","99.223732","98.590226","94.2086","70.737521","93.262237","91.398834","77.272727","95.252226","92.286525","98.031496","98.32636","100","100","92.307692","ND","54.166667","94.795539","92.272777","94.970986","95.286195","67.569659","ND",
"Tasa_de_alfabetización_de_las_personas_de_15_años_o_más,_desglosada_por_sexo_y_subpoblaciones<b><i>_[CENSO]_</i></b>",	11027,"Salamanca","2020","94.700273","99.421457","99.053839","97.05085","79.543359","95.704286","93.785503","96.186441","96.052632","94.701658","98.832117","98.966408","100","100","98.455598","100","60.43956","97.368421","94.637008","98.957972","97.757256","75.160283","ND",
"Tasa_de_alfabetización_de_las_personas_de_15_años_o_más,_desglosada_por_sexo_y_subpoblaciones<b><i>_[CENSO]_</i></b>",	11028,"Salvatierra","2020","92.276321","99.18556","98.805292","96.016912","75.13094","92.795457","91.805758","95.918367","93.603936","92.262896","98.95288","98.910082","100","100","100","ND","33.333333","96.307238","92.203813","98.368679","96.488764","68.103935","ND",
"Tasa_de_alfabetización_de_las_personas_de_15_años_o_más,_desglosada_por_sexo_y_subpoblaciones<b><i>_[CENSO]_</i></b>",	11029,"San_Diego_de_la_Unión","2020","89.569468","99.531799","98.675051","91.690434","59.123922","90.528971","88.77331","91.304348","93.801653","89.568183","97.849462","98.765432","100","ND","87.5","100","43.75","96.106557","89.383917","97.027027","96.007984","60.848018","ND",
"Tasa_de_alfabetización_de_las_personas_de_15_años_o_más,_desglosada_por_sexo_y_subpoblaciones<b><i>_[CENSO]_</i></b>",	11030,"San_Felipe","2020","91.200313","99.431818","98.738071","93.116127","64.265395","91.721931","90.730585","96.202532","92.098093","91.175857","98.62069","98.867925","100","ND","95.833333","ND","81.25","95.469613","91.054028","97.377622","95.720251","65.089538","ND",
"Tasa_de_alfabetización_de_las_personas_de_15_años_o_más,_desglosada_por_sexo_y_subpoblaciones<b><i>_[CENSO]_</i></b>",	11031,"San_Francisco_del_Rincón","2020","94.913573","98.752253","98.803039","96.351437","79.456147","95.607264","94.267831","87.878788","97.443389","94.948974","98.677686","98.684211","100","100","98.373984","100","28.571429","96.572581","94.927347","97.544338","96.65493","77.350565","ND",
"Tasa_de_alfabetización_de_las_personas_de_15_años_o_más,_desglosada_por_sexo_y_subpoblaciones<b><i>_[CENSO]_</i></b>",	11032,"San_José_Iturbide","2020","94.081737","99.201824","99.232032","96.086175","69.0294","94.88189","93.361599","93.714286","96.280992","94.06948","99.672131","100","100","100","97.87234","100","59.259259","98.847262","93.792881","98.81297","98.955614","68.360958","ND",
"Tasa_de_alfabetización_de_las_personas_de_15_años_o_más,_desglosada_por_sexo_y_subpoblaciones<b><i>_[CENSO]_</i></b>",	11033,"San_Luis_de_la_Paz","2020","91.097424","98.811609","98.554104","92.861953","62.173106","92.254091","90.12628","63.536518","92.695883","91.093149","100","100","100","ND","100","ND","47.058824","95.807453","91.004074","97.401509","96.035242","63.881636","ND",
"Tasa_de_alfabetización_de_las_personas_de_15_años_o_más,_desglosada_por_sexo_y_subpoblaciones<b><i>_[CENSO]_</i></b>",	11034,"Santa_Catarina","2020","87.379122","99.721448","99.739583","90.200445","54.683196","88.684353","86.276304","100","90.909091","87.270901","96","95.833333","100","ND","100","ND","ND","89.090909","86.948529","96.273292","90.625","54.381443","ND",
"Tasa_de_alfabetización_de_las_personas_de_15_años_o_más,_desglosada_por_sexo_y_subpoblaciones<b><i>_[CENSO]_</i></b>",	11035,"Santa_Cruz_de_Juventino_Rosas","2020","91.88138","99.315975","98.565833","94.320375","67.22006","92.234848","91.572515","89.130435","91.830986","91.876851","97.321429","99.009901","100","ND","77.777778","ND","42.857143","96.794872","91.856511","97.206704","97.04142","67.40413","ND",
"Tasa_de_alfabetización_de_las_personas_de_15_años_o_más,_desglosada_por_sexo_y_subpoblaciones<b><i>_[CENSO]_</i></b>",	11036,"Santiago_Maravatío","2020","89.644573","99.688474","98.495575","94.985495","70.171514","89.482334","89.78708","100","87.878788","89.531948","100","100","100","ND","ND","ND","ND","97.029703","89.357029","96.551724","97.272727","63.934426","ND",
"Tasa_de_alfabetización_de_las_personas_de_15_años_o_más,_desglosada_por_sexo_y_subpoblaciones<b><i>_[CENSO]_</i></b>",	11037,"Silao_de_la_Victoria","2020","93.980247","98.846745","97.900759","95.664573","75.10403","94.888562","93.119818","88.444444","96.690203","94.205289","98.241206","98.787879","100","100","95","100","23.651452","96.97733","94.135347","98.01532","97.117517","74.187884","ND",
"Tasa_de_alfabetización_de_las_personas_de_15_años_o_más,_desglosada_por_sexo_y_subpoblaciones<b><i>_[CENSO]_</i></b>",	11038,"Tarandacuao","2020","92.911153","99.339934","98.882114","95.707391","79.262673","93.118012","92.723586","100","91.489362","92.86395","100","100","ND","100","100","100","66.666667","93.75","92.849285","95.384615","94.186047","71.764706","ND",
"Tasa_de_alfabetización_de_las_personas_de_15_años_o_más,_desglosada_por_sexo_y_subpoblaciones<b><i>_[CENSO]_</i></b>",	11039,"Tarimoro","2020","90.923514","98.975904","98.582936","94.662615","71.837426","90.645485","91.178551","100","91.176471","90.888831","99.425287","99.354839","100","100","100","ND","0","94.982079","90.829184","97.122302","95.454545","64.829239","ND",
"Tasa_de_alfabetización_de_las_personas_de_15_años_o_más,_desglosada_por_sexo_y_subpoblaciones<b><i>_[CENSO]_</i></b>",	11040,"Tierra_Blanca","2020","89.301247","98.907956","98.982076","91.564292","52.328042","92.477064","86.438809","94.784353","83.333333","89.270917","100","100","ND","ND","100","ND","100","98.058252","89.011976","98.45679","98.095238","53.855006","ND",
"Tasa_de_alfabetización_de_las_personas_de_15_años_o_más,_desglosada_por_sexo_y_subpoblaciones<b><i>_[CENSO]_</i></b>",	11041,"Uriangato","2020","94.17185","99.417664","99.075738","96.561487","78.85867","95.101411","93.33094","81.318681","90.095847","94.146116","99.534884","99.489796","ND","ND","100","ND","100","95.266272","94.129142","97.854077","95.876289","74.594395","ND",
"Tasa_de_alfabetización_de_las_personas_de_15_años_o_más,_desglosada_por_sexo_y_subpoblaciones<b><i>_[CENSO]_</i></b>",	11042,"Valle_de_Santiago","2020","92.841771","99.101493","98.709302","95.586988","74.525638","93.514178","92.234997","83.908046","90.128755","92.822863","97.624703","97.860963","100","100","95.238095","ND","95","95.346062","92.711456","97.804878","95.56541","69.267655","ND",
"Tasa_de_alfabetización_de_las_personas_de_15_años_o_más,_desglosada_por_sexo_y_subpoblaciones<b><i>_[CENSO]_</i></b>",	11043,"Victoria","2020","91.385032","99.191771","98.734177","96.103099","63.625954","93.010113","90.026116","89.74359","91.463415","91.369695","100","100","100","ND","100","ND","66.666667","95.857988","91.255652","97.641509","95.977011","61.625709","ND",
"Tasa_de_alfabetización_de_las_personas_de_15_años_o_más,_desglosada_por_sexo_y_subpoblaciones<b><i>_[CENSO]_</i></b>",	11044,"Villagrán","2020","94.822883","99.466891","98.941916","96.837912","76.169884","95.980142","93.764564","90.909091","95.262768","94.830603","96.891192","96.753247","ND","100","97.368421","ND","65.384615","98.026316","94.787902","96.849593","97.633136","75.719298","ND",
"Tasa_de_alfabetización_de_las_personas_de_15_años_o_más,_desglosada_por_sexo_y_subpoblaciones<b><i>_[CENSO]_</i></b>",	11045,"Xichú","2020","85.336288","99.724138","99.076923","89.688249","54.184226","87.514156","83.478261","100","100","85.316058","100","100","ND","ND","ND","ND","57.142857","96.190476","84.862013","98.823529","96.330275","55.497382","ND",
"Tasa_de_alfabetización_de_las_personas_de_15_años_o_más,_desglosada_por_sexo_y_subpoblaciones<b><i>_[CENSO]_</i></b>",	11046,"Yuriria","2020","90.166589","99.249856","98.725377","93.544438","70.749331","90.419137","89.945075","97.435897","89.213483","90.122657","97.635135","97.887324","66.666667","ND","100","ND","92.307692","92.084433","90.066875","96.477495","92.42236","66.242186","ND",
"Tasa_de_alfabetización_de_las_personas_de_15_años_o_más,_desglosada_por_sexo_y_subpoblaciones<b><i>_[CENSO]_</i></b>",	12,"Guerrero","2020","87.424392","98.444909","97.144675","89.095197","63.422646","89.519667","85.566995","69.065821","88.421817","87.410691","99.026795","99.008367","95.652174","100","99.354839","100","36.283186","94.002152","87.277525","94.776927","94.382397","63.235533","66.666667",
"Tasa_de_alfabetización_de_las_personas_de_15_años_o_más,_desglosada_por_sexo_y_subpoblaciones<b><i>_[CENSO]_</i></b>",	12001,"Acapulco_de_Juárez","2020","94.005596","98.904199","98.632209","95.841972","80.967748","95.345855","92.833175","77.257709","94.06149","94.030518","99.205864","99.161426","95.833333","100","99.483649","100","41.013825","98.011138","93.968157","98.182529","98.224044","76.82711","ND",
"Tasa_de_alfabetización_de_las_personas_de_15_años_o_más,_desglosada_por_sexo_y_subpoblaciones<b><i>_[CENSO]_</i></b>",	12002,"Ahuacuotzingo","2020","73.325492","97.692775","92.976589","72.507059","30.360721","78.574423","69.152128","60.010911","71.894094","73.189398","100","100","ND","ND","100","ND","100","90.575916","72.727854","92.1875","90.673575","42.583732","ND",
"Tasa_de_alfabetización_de_las_personas_de_15_años_o_más,_desglosada_por_sexo_y_subpoblaciones<b><i>_[CENSO]_</i></b>",	12003,"Ajuchitlán_del_Progreso","2020","82.707529","98.659646","96.883117","85.255741","51.363991","86.389475","79.306983","68.965517","80.555556","82.659208","100","100","ND","ND","ND","ND","50","92.857143","82.467273","93.691589","93.081761","52.392638","ND",
"Tasa_de_alfabetización_de_las_personas_de_15_años_o_más,_desglosada_por_sexo_y_subpoblaciones<b><i>_[CENSO]_</i></b>",	12004,"Alcozauca_de_Guerrero","2020","61.289028","93.338268","88.111702","53.521413","17.554729","65.708085","57.763348","58.398646","57.303371","61.044209","97.619048","97.560976","100","ND","100","ND","50","87.261146","60.709243","72.093023","87.5","28.686058","ND",
"Tasa_de_alfabetización_de_las_personas_de_15_años_o_más,_desglosada_por_sexo_y_subpoblaciones<b><i>_[CENSO]_</i></b>",	12005,"Alpoyeca","2020","83.64768","99.159664","96.744186","84.61205","54.733728","86.113394","81.555091","63.770977","86.144578","83.460657","98.484848","100","ND","ND","0","ND","ND","91.111111","83.421104","89.516129","92.156863","58.421053","ND",
"Tasa_de_alfabetización_de_las_personas_de_15_años_o_más,_desglosada_por_sexo_y_subpoblaciones<b><i>_[CENSO]_</i></b>",	12006,"Apaxtla","2020","87.498379","99.075501","97.37257","91.786571","65.222161","88.96348","86.129922","69.230769","89.655172","87.469096","96.153846","96","ND","ND","100","ND","ND","97.619048","87.345802","92.96875","97.727273","57.82881","ND",
"Tasa_de_alfabetización_de_las_personas_de_15_años_o_más,_desglosada_por_sexo_y_subpoblaciones<b><i>_[CENSO]_</i></b>",	12007,"Arcelia","2020","89.403548","99.015064","97.956849","93.059529","66.108607","90.907451","88.042769","77.083333","88.418079","89.38728","99.166667","99.115044","100","ND","100","ND","10","94.202899","89.281607","94.385965","94.701987","59.380098","ND",
"Tasa_de_alfabetización_de_las_personas_de_15_años_o_más,_desglosada_por_sexo_y_subpoblaciones<b><i>_[CENSO]_</i></b>",	12008,"Atenango_del_Río","2020","83.71731","97.274633","95.717732","86.74229","59.945504","84.515915","83.010563","54.351396","82.191781","83.600126","98.039216","97.959184","ND","ND","100","ND","100","92.941176","83.21382","94.897959","93.478261","60.104302","ND",
"Tasa_de_alfabetización_de_las_personas_de_15_años_o_más,_desglosada_por_sexo_y_subpoblaciones<b><i>_[CENSO]_</i></b>",	12009,"Atlamajalcingo_del_Monte","2020","70.499035","96.741855","93.364055","68.50448","23.699422","78.531073","64.208456","69.900427","84","70.466464","100","100","ND","ND","ND","ND","ND","95.238095","70.387115","68.656716","95.238095","29.807692","ND",
"Tasa_de_alfabetización_de_las_personas_de_15_años_o_más,_desglosada_por_sexo_y_subpoblaciones<b><i>_[CENSO]_</i></b>",	12010,"Atlixtac","2020","69.389884","97.730711","91.918429","61.467645","22.655936","76.221996","63.681804","61.029283","62.563238","69.375326","100","100","ND","ND","ND","ND","0","95","68.855668","90.875912","95.041322","36.291127","ND",
"Tasa_de_alfabetización_de_las_personas_de_15_años_o_más,_desglosada_por_sexo_y_subpoblaciones<b><i>_[CENSO]_</i></b>",	12011,"Atoyac_de_Álvarez","2020","90.040438","98.775278","97.589653","93.050839","71.869676","91.14623","89.030856","59.530026","91.140976","90.020487","100","100","100","ND","100","ND","100","97.5","89.883287","97.348485","97.65625","66.884408","ND",
"Tasa_de_alfabetización_de_las_personas_de_15_años_o_más,_desglosada_por_sexo_y_subpoblaciones<b><i>_[CENSO]_</i></b>",	12012,"Ayutla_de_los_Libres","2020","82.120591","98.615071","96.637427","80.258514","43.112615","86.126978","78.48773","71.651587","85.59322","82.100404","98.360656","98.214286","100","100","100","ND","75","95.394737","81.951275","95.238095","95.541401","53.704373","ND",
"Tasa_de_alfabetización_de_las_personas_de_15_años_o_más,_desglosada_por_sexo_y_subpoblaciones<b><i>_[CENSO]_</i></b>",	12013,"Azoyú","2020","83.921239","99.081515","97.614234","89.633046","52.243187","84.807432","83.096053","62.311015","82.25868","83.867041","100","100","ND","ND","100","ND","ND","100","83.510689","98.529412","100","55.143339","ND",
"Tasa_de_alfabetización_de_las_personas_de_15_años_o_más,_desglosada_por_sexo_y_subpoblaciones<b><i>_[CENSO]_</i></b>",	12014,"Benito_Juárez","2020","92.458031","99.401198","98.385726","96.099353","79.230518","93.30012","91.661248","64.893617","88.789238","92.439229","97.674419","97.435897","100","ND","100","ND","ND","96.153846","92.277194","98.611111","96.341463","75.323625","ND",
"Tasa_de_alfabetización_de_las_personas_de_15_años_o_más,_desglosada_por_sexo_y_subpoblaciones<b><i>_[CENSO]_</i></b>",	12015,"Buenavista_de_Cuéllar","2020","91.863329","98.663102","97.848498","94.311443","78.500452","93.047433","90.797426","59.756098","96.491228","91.840529","100","100","100","ND","100","ND","40","93.670886","91.667566","96","93.82716","69.989166","ND",
"Tasa_de_alfabetización_de_las_personas_de_15_años_o_más,_desglosada_por_sexo_y_subpoblaciones<b><i>_[CENSO]_</i></b>",	12016,"Coahuayutla_de_José_María_Izazaga","2020","81.103368","98.176292","97.01426","85.651271","46.332255","82.732316","79.45845","100","89.285714","81.059371","100","100","ND","ND","ND","ND","100","97.560976","80.849558","96.808511","97.560976","43.280977","ND",
"Tasa_de_alfabetización_de_las_personas_de_15_años_o_más,_desglosada_por_sexo_y_subpoblaciones<b><i>_[CENSO]_</i></b>",	12017,"Cocula","2020","88.473407","98.238482","97.606204","91.574642","68.069307","89.266917","87.732538","63.934426","92.193309","88.41942","98.333333","98.245614","ND","ND","100","ND","ND","97.297297","88.141994","96.296296","97.435897","63.77607","ND",
"Tasa_de_alfabetización_de_las_personas_de_15_años_o_más,_desglosada_por_sexo_y_subpoblaciones<b><i>_[CENSO]_</i></b>",	12018,"Copala","2020","85.562862","99.297424","97.598989","90.460526","54.983309","86.209727","84.969902","66.336634","87.067126","85.48594","100","100","ND","ND","100","ND","100","93.877551","85.294715","92.741935","94","57.037815","ND",
"Tasa_de_alfabetización_de_las_personas_de_15_años_o_más,_desglosada_por_sexo_y_subpoblaciones<b><i>_[CENSO]_</i></b>",	12019,"Copalillo","2020","73.025993","98.063892","94.513632","69.448066","26.935179","81.1875","65.764597","71.52","74.790556","72.974833","100","100","ND","ND","100","ND","0","90.47619","72.6094","85.357143","90.47619","30.192308","ND",
"Tasa_de_alfabetización_de_las_personas_de_15_años_o_más,_desglosada_por_sexo_y_subpoblaciones<b><i>_[CENSO]_</i></b>",	12020,"Copanatoyac","2020","70.054323","96.652201","93.359647","61.717722","20.914059","77.546883","64.00818","68.085457","75.853659","70.040761","100","100","ND","ND","ND","ND","ND","87.640449","69.670914","79.459459","87.640449","32.233742","ND",
"Tasa_de_alfabetización_de_las_personas_de_15_años_o_más,_desglosada_por_sexo_y_subpoblaciones<b><i>_[CENSO]_</i></b>",	12021,"Coyuca_de_Benítez","2020","87.663393","98.941312","97.897493","91.225577","62.490616","88.90818","86.520274","60.881543","89.363354","87.652823","100","100","ND","100","100","ND","58.536585","96.407186","87.512743","97.329773","96.590909","61.060802","ND",
"Tasa_de_alfabetización_de_las_personas_de_15_años_o_más,_desglosada_por_sexo_y_subpoblaciones<b><i>_[CENSO]_</i></b>",	12022,"Coyuca_de_Catalán","2020","83.067466","98.454493","97.11282","87.650184","55.07952","83.378181","82.76832","90.740741","88.484848","83.003563","98.333333","98.26087","100","ND","100","ND","73.333333","90.946502","82.882049","92.168675","91.23506","51.575121","ND",
"Tasa_de_alfabetización_de_las_personas_de_15_años_o_más,_desglosada_por_sexo_y_subpoblaciones<b><i>_[CENSO]_</i></b>",	12023,"Cuajinicuilapa","2020","81.571231","98.390212","95.363636","85.130777","50.466791","82.024255","81.139213","55.015924","82.856552","81.456511","97.560976","97.413793","ND","100","100","ND","100","93.442623","81.235318","90.167866","94.059406","56.050572","ND",
"Tasa_de_alfabetización_de_las_personas_de_15_años_o_más,_desglosada_por_sexo_y_subpoblaciones<b><i>_[CENSO]_</i></b>",	12024,"Cualác","2020","83.983533","98.795181","97.695531","85.057471","51.59516","88.301415","80.140793","77.462947","91.176471","83.930681","95.652174","95.238095","ND","ND","100","ND","ND","93.75","83.677602","92.857143","94.117647","57.432432","ND",
"Tasa_de_alfabetización_de_las_personas_de_15_años_o_más,_desglosada_por_sexo_y_subpoblaciones<b><i>_[CENSO]_</i></b>",	12025,"Cuautepec","2020","85.066878","98.997265","97.975852","90.835069","47.235023","87.443295","82.829318","53.703704","84.620581","85.031313","100","100","ND","ND","ND","ND","ND","98.360656","84.882579","97.058824","98.387097","51.197263","ND",
"Tasa_de_alfabetización_de_las_personas_de_15_años_o_más,_desglosada_por_sexo_y_subpoblaciones<b><i>_[CENSO]_</i></b>",	12026,"Cuetzala_del_Progreso","2020","83.62155","99.294118","97.190202","89.28299","58.074731","85.545424","81.75565","63.380282","75.268817","83.564854","94.736842","94.736842","ND","ND","ND","ND","0","91.836735","83.450282","88.888889","92.45283","55.926544","ND",
"Tasa_de_alfabetización_de_las_personas_de_15_años_o_más,_desglosada_por_sexo_y_subpoblaciones<b><i>_[CENSO]_</i></b>",	12027,"Cutzamala_de_Pinzón","2020","78.933244","98.564103","97.588652","84.182226","46.576819","80.450205","77.465347","100","78.787879","78.777003","96.992481","96.923077","ND","ND","100","ND","60","94.323144","78.401278","93.939394","94.537815","44.900753","ND",
"Tasa_de_alfabetización_de_las_personas_de_15_años_o_más,_desglosada_por_sexo_y_subpoblaciones<b><i>_[CENSO]_</i></b>",	12028,"Chilapa_de_Álvarez","2020","76.460731","98.09322","94.791207","75.310912","35.969463","80.983859","72.799429","63.094741","77.309293","76.447586","100","100","ND","100","100","ND","38.888889","87.447699","76.203737","86.04034","87.804878","41.477974","ND",
"Tasa_de_alfabetización_de_las_personas_de_15_años_o_más,_desglosada_por_sexo_y_subpoblaciones<b><i>_[CENSO]_</i></b>",	12029,"Chilpancingo_de_los_Bravo","2020","94.334894","98.778438","98.439692","95.300335","79.719161","95.344884","93.464679","85.716198","95.986084","94.393152","99.471831","99.758454","100","100","98.449612","ND","12.637363","98.072805","94.326885","98.864558","97.943925","78.10102","ND",
"Tasa_de_alfabetización_de_las_personas_de_15_años_o_más,_desglosada_por_sexo_y_subpoblaciones<b><i>_[CENSO]_</i></b>",	12030,"Florencio_Villarreal","2020","87.126104","98.790323","97.883598","90.728477","57.410021","88.897926","85.450583","77.735849","88.524799","87.094635","100","100","100","ND","100","ND","20","96.212121","86.869512","96.460177","96.428571","59.401709","ND",
"Tasa_de_alfabetización_de_las_personas_de_15_años_o_más,_desglosada_por_sexo_y_subpoblaciones<b><i>_[CENSO]_</i></b>",	12031,"General_Canuto_A._Neri","2020","85.594601","99.071207","97.072278","90.652655","61.323392","89.768815","81.84629","77.777778","91.666667","85.534003","100","100","ND","ND","ND","ND","ND","96","85.328185","91.262136","96","54.022989","ND",
"Tasa_de_alfabetización_de_las_personas_de_15_años_o_más,_desglosada_por_sexo_y_subpoblaciones<b><i>_[CENSO]_</i></b>",	12032,"General_Heliodoro_Castillo","2020","85.300649","98.523699","96.84225","83.841154","53.930197","85.63026","84.994965","74.285714","83.646113","85.286555","100","100","ND","ND","ND","ND","100","94.029851","85.193502","96.153846","94.285714","55.044776","ND",
"Tasa_de_alfabetización_de_las_personas_de_15_años_o_más,_desglosada_por_sexo_y_subpoblaciones<b><i>_[CENSO]_</i></b>",	12033,"Huamuxtitlán","2020","85.507845","99.396378","98.117865","88.55249","54.252072","87.187331","84.083626","73.639226","92","85.395318","99.047619","100","50","ND","100","100","50","93.75","85.157795","94.171779","94.155844","59.471698","ND",
"Tasa_de_alfabetización_de_las_personas_de_15_años_o_más,_desglosada_por_sexo_y_subpoblaciones<b><i>_[CENSO]_</i></b>",	12034,"Huitzuco_de_los_Figueroa","2020","87.084495","99.309979","97.631001","90.282079","66.787802","87.756415","86.492236","56.712508","90.780142","87.039708","98.888889","98.795181","100","ND","100","ND","8.333333","91.575092","86.936255","94.190871","92.22973","65.267616","ND",
"Tasa_de_alfabetización_de_las_personas_de_15_años_o_más,_desglosada_por_sexo_y_subpoblaciones<b><i>_[CENSO]_</i></b>",	12035,"Iguala_de_la_Independencia","2020","94.580372","98.873484","98.808077","96.062894","82.40801","95.451908","93.809398","80.706742","94.681182","94.594261","99.585062","99.756098","100","100","98.387097","ND","25.862069","95.698925","94.544668","97.991453","95.841584","76.769879","ND",
"Tasa_de_alfabetización_de_las_personas_de_15_años_o_más,_desglosada_por_sexo_y_subpoblaciones<b><i>_[CENSO]_</i></b>",	12036,"Igualapa","2020","82.892238","99.743261","96.957494","84.100303","43.859649","85.652056","80.492424","64.196863","88.520534","82.87454","100","100","ND","ND","ND","ND","50","100","82.729375","90.666667","100","51.678832","ND",
"Tasa_de_alfabetización_de_las_personas_de_15_años_o_más,_desglosada_por_sexo_y_subpoblaciones<b><i>_[CENSO]_</i></b>",	12037,"Ixcateopan_de_Cuauhtémoc","2020","87.96398","99.352751","97.762478","91.786244","66.63525","90.073193","86.016054","87.096774","85.714286","87.865368","100","100","ND","ND","ND","ND","ND","91.176471","87.753721","97.5","92.105263","64.720812","ND",
"Tasa_de_alfabetización_de_las_personas_de_15_años_o_más,_desglosada_por_sexo_y_subpoblaciones<b><i>_[CENSO]_</i></b>",	12038,"Zihuatanejo_de_Azueta","2020","93.833197","98.977146","98.578834","95.800735","75.974172","94.757779","92.985068","79.413157","93.819672","93.856693","100","100","100","100","100","100","11.764706","99.339934","93.737422","97.914564","99.526066","74.743527","ND",
"Tasa_de_alfabetización_de_las_personas_de_15_años_o_más,_desglosada_por_sexo_y_subpoblaciones<b><i>_[CENSO]_</i></b>",	12039,"Juan_R._Escudero","2020","87.643082","98.26087","97.678208","91.047553","62.642309","89.886767","85.575448","73.529412","88.153998","87.655047","100","100","100","ND","100","ND","0","95.833333","87.485004","97.5","96.052632","62.309496","ND",
"Tasa_de_alfabetización_de_las_personas_de_15_años_o_más,_desglosada_por_sexo_y_subpoblaciones<b><i>_[CENSO]_</i></b>",	12040,"Leonardo_Bravo","2020","84.142914","97.010676","94.443369","85.318108","56.3147","85.109437","83.252534","68.085106","93.034826","84.127897","100","100","ND","ND","ND","ND","16.666667","92.957746","84.049826","96.938776","93.333333","58.980044","ND",
"Tasa_de_alfabetización_de_las_personas_de_15_años_o_más,_desglosada_por_sexo_y_subpoblaciones<b><i>_[CENSO]_</i></b>",	12041,"Malinaltepec","2020","83.106459","99.035933","97.133944","85.730393","40.676297","88.86082","78.382382","82.544361","81.846825","83.116249","100","100","ND","ND","100","ND","33.333333","95.3125","82.906502","95.967742","95.522388","55.180442","ND",
"Tasa_de_alfabetización_de_las_personas_de_15_años_o_más,_desglosada_por_sexo_y_subpoblaciones<b><i>_[CENSO]_</i></b>",	12042,"Mártir_de_Cuilapan","2020","74.317844","98.093422","94.68599","73.740431","32.183365","80.010943","69.596128","60.835611","85.862069","74.318841","100","100","100","ND","ND","ND","28.571429","95.384615","73.921936","86.851211","95.454545","41.728395","ND",
"Tasa_de_alfabetización_de_las_personas_de_15_años_o_más,_desglosada_por_sexo_y_subpoblaciones<b><i>_[CENSO]_</i></b>",	12043,"Metlatónoc","2020","61.940857","96.282246","91.518261","48.939083","10.34689","67.554992","57.485733","61.920276","57.142857","61.832348","96.875","96.666667","100","ND","ND","ND","100","76.923077","61.5266","75.409836","77.272727","19.624573","ND",
"Tasa_de_alfabetización_de_las_personas_de_15_años_o_más,_desglosada_por_sexo_y_subpoblaciones<b><i>_[CENSO]_</i></b>",	12044,"Mochitlán","2020","88.669287","99.578652","98.482878","91.68856","63.331371","90","87.437838","67.924528","89.285714","88.660142","100","100","100","ND","ND","ND","0","100","88.560675","95.37037","100","61.790017","ND",
"Tasa_de_alfabetización_de_las_personas_de_15_años_o_más,_desglosada_por_sexo_y_subpoblaciones<b><i>_[CENSO]_</i></b>",	12045,"Olinalá","2020","77.694627","98.079162","95.392904","75.870858","42.053185","83.378016","72.816408","66.38404","71.383799","77.600476","98.837209","98.795181","ND","ND","100","ND","0","89.74359","77.448935","90.376569","89.915966","50.484262","ND",
"Tasa_de_alfabetización_de_las_personas_de_15_años_o_más,_desglosada_por_sexo_y_subpoblaciones<b><i>_[CENSO]_</i></b>",	12046,"Ometepec","2020","83.85248","98.278492","96.129397","82.716565","51.320755","85.388943","82.450493","68.029939","88.606726","83.832259","98.958333","100","100","100","90","ND","0","96.323529","83.66533","95.576619","96.598639","58.447489","ND",
"Tasa_de_alfabetización_de_las_personas_de_15_años_o_más,_desglosada_por_sexo_y_subpoblaciones<b><i>_[CENSO]_</i></b>",	12047,"Pedro_Ascencio_Alquisiras","2020","84.330725","98.072289","96.18442","85.211946","61.428571","86.546463","82.462977","100","87.5","84.267516","100","100","ND","ND","ND","ND","ND","100","84.194789","96.774194","100","55.608592","ND",
"Tasa_de_alfabetización_de_las_personas_de_15_años_o_más,_desglosada_por_sexo_y_subpoblaciones<b><i>_[CENSO]_</i></b>",	12048,"Petatlán","2020","89.903286","98.51632","97.951389","93.089431","67.028743","90.731164","89.135188","80.349345","89.465409","89.89002","97.938144","98.75","0","ND","100","ND","0","96.91358","89.673736","96.578366","97.26776","66.181289","ND",
"Tasa_de_alfabetización_de_las_personas_de_15_años_o_más,_desglosada_por_sexo_y_subpoblaciones<b><i>_[CENSO]_</i></b>",	12049,"Pilcaya","2020","92.334109","98.630137","97.345133","94.292398","78.164925","92.314772","92.352062","94.444444","92.857143","92.328249","100","100","100","ND","100","ND","25","94.444444","92.17086","96.029777","94.594595","78.313253","ND",
"Tasa_de_alfabetización_de_las_personas_de_15_años_o_más,_desglosada_por_sexo_y_subpoblaciones<b><i>_[CENSO]_</i></b>",	12050,"Pungarabato","2020","91.047309","98.865979","98.117774","93.593601","69.178228","92.471817","89.746424","84.684685","89.163498","91.026338","98.780488","98.648649","100","ND","100","ND","80","97","90.898968","96.423017","97.087379","63.592467","ND",
"Tasa_de_alfabetización_de_las_personas_de_15_años_o_más,_desglosada_por_sexo_y_subpoblaciones<b><i>_[CENSO]_</i></b>",	12051,"Quechultenango","2020","78.824852","98.562628","96.984033","79.921411","37.206117","81.951525","76.100678","62.830441","82.534055","78.803305","97.368421","96.666667","100","ND","100","ND","60","92.753623","78.508978","91.846523","92.957746","39.587738","ND",
"Tasa_de_alfabetización_de_las_personas_de_15_años_o_más,_desglosada_por_sexo_y_subpoblaciones<b><i>_[CENSO]_</i></b>",	12052,"San_Luis_Acatlán","2020","80.132384","98.28277","96.798918","78.900669","35.826324","83.498992","77.042802","74.63073","80.829557","80.119159","100","100","ND","ND","100","ND","100","96.039604","79.852538","96.930946","96.190476","48.679417","ND",
"Tasa_de_alfabetización_de_las_personas_de_15_años_o_más,_desglosada_por_sexo_y_subpoblaciones<b><i>_[CENSO]_</i></b>",	12053,"San_Marcos","2020","85.074797","98.984938","97.660754","89.172054","53.371429","87.357336","82.93878","64.270153","86.436748","84.981811","99.588477","99.58159","ND","ND","100","100","50","96.784566","84.808358","96.995708","96.95122","55.760076","ND",
"Tasa_de_alfabetización_de_las_personas_de_15_años_o_más,_desglosada_por_sexo_y_subpoblaciones<b><i>_[CENSO]_</i></b>",	12054,"San_Miguel_Totolapan","2020","83.231922","98.382353","96.877153","84.623174","53.19933","84.745315","81.804605","68.518519","88.235294","83.226386","100","100","ND","ND","100","ND","55.555556","89.830508","82.946094","94.915254","90.47619","55.108557","ND",
"Tasa_de_alfabetización_de_las_personas_de_15_años_o_más,_desglosada_por_sexo_y_subpoblaciones<b><i>_[CENSO]_</i></b>",	12055,"Taxco_de_Alarcón","2020","91.719302","98.791019","97.912434","93.43673","75.961868","93.449191","90.199948","46.981049","84.80194","91.712483","99.099099","98.895028","ND","100","100","ND","45.833333","96.405229","91.610144","97.862233","96.573209","72.077351","ND",
"Tasa_de_alfabetización_de_las_personas_de_15_años_o_más,_desglosada_por_sexo_y_subpoblaciones<b><i>_[CENSO]_</i></b>",	12056,"Tecoanapa","2020","85.52806","98.977061","97.958682","88.110505","53.336864","88.608011","82.676878","66.47482","89.026744","85.525567","96.551724","100","50","ND","100","ND","63.636364","96.449704","85.343943","97.916667","95.953757","55.670637","ND",
"Tasa_de_alfabetización_de_las_personas_de_15_años_o_más,_desglosada_por_sexo_y_subpoblaciones<b><i>_[CENSO]_</i></b>",	12057,"Técpan_de_Galeana","2020","88.837713","98.951049","97.969499","92.817848","66.162013","89.964295","87.754017","78.195489","87.757504","88.813588","99.393939","99.342105","100","ND","100","ND","30","95.698925","88.676741","95.088819","95.973154","64.89071","ND",
"Tasa_de_alfabetización_de_las_personas_de_15_años_o_más,_desglosada_por_sexo_y_subpoblaciones<b><i>_[CENSO]_</i></b>",	12058,"Teloloapan","2020","88.989945","99.004463","97.638115","92.399952","67.930568","90.414878","87.746029","75.227964","90.909091","88.9562","98.265896","98.159509","100","ND","100","ND","64.285714","94.514768","88.83787","96.529968","94.84127","62.032086","ND",
"Tasa_de_alfabetización_de_las_personas_de_15_años_o_más,_desglosada_por_sexo_y_subpoblaciones<b><i>_[CENSO]_</i></b>",	12059,"Tepecoacuilco_de_Trujano","2020","84.076462","98.686938","97.228893","85.998621","63.08876","87.156918","81.311587","58.514875","88.041237","84.042266","96.703297","96.703297","ND","ND","ND","ND","28.571429","88.75502","83.912139","89.819005","89.147287","61.007848","ND",
"Tasa_de_alfabetización_de_las_personas_de_15_años_o_más,_desglosada_por_sexo_y_subpoblaciones<b><i>_[CENSO]_</i></b>",	12060,"Tetipac","2020","90.122938","98.956975","97.869868","91.062356","73.340588","90.637363","89.651701","90.909091","93.415638","90.091801","100","100","ND","ND","100","ND","50","94.69697","89.809408","97.704918","94.776119","71.320346","ND",
"Tasa_de_alfabetización_de_las_personas_de_15_años_o_más,_desglosada_por_sexo_y_subpoblaciones<b><i>_[CENSO]_</i></b>",	12061,"Tixtla_de_Guerrero","2020","88.229244","99.20032","98.026561","90.591273","62.165138","90.180595","86.511965","73.985323","91.611625","88.215033","100","100","ND","ND","100","ND","83.333333","94.594595","88.063166","98.347107","94.871795","64.894795","ND",
"Tasa_de_alfabetización_de_las_personas_de_15_años_o_más,_desglosada_por_sexo_y_subpoblaciones<b><i>_[CENSO]_</i></b>",	12062,"Tlacoachistlahuaca","2020","60.400453","90.432663","82.948533","51.98044","18.863636","63.798314","57.678094","54.049438","73.244681","60.370003","86.956522","86.363636","ND","ND","100","ND","0","65.034965","60.243672","68.159204","65.034965","34.571176","ND",
"Tasa_de_alfabetización_de_las_personas_de_15_años_o_más,_desglosada_por_sexo_y_subpoblaciones<b><i>_[CENSO]_</i></b>",	12063,"Tlacoapa","2020","81.242387","98.467967","96.611111","84.623184","35.380385","87.491571","76.096613","80.559958","87.735849","81.242387","ND","ND","ND","ND","ND","ND","ND","100","80.945004","97.727273","100","51.971326","ND",
"Tasa_de_alfabetización_de_las_personas_de_15_años_o_más,_desglosada_por_sexo_y_subpoblaciones<b><i>_[CENSO]_</i></b>",	12064,"Tlalchapa","2020","84.113257","98.369565","97.864389","90.290237","58.490566","84.288798","83.941948","66.666667","84","84.005248","100","100","100","ND","100","ND","100","92.783505","83.804189","96.666667","93.396226","53.132251","ND",
"Tasa_de_alfabetización_de_las_personas_de_15_años_o_más,_desglosada_por_sexo_y_subpoblaciones<b><i>_[CENSO]_</i></b>",	12065,"Tlalixtaquilla_de_Maldonado","2020","78.853678","98.195876","96.273292","81.715064","42.390289","83.081324","74.971857","63.599014","90.076336","78.720472","100","100","ND","ND","100","ND","ND","95.833333","78.372769","82.051282","95.959596","45.895522","ND",
"Tasa_de_alfabetización_de_las_personas_de_15_años_o_más,_desglosada_por_sexo_y_subpoblaciones<b><i>_[CENSO]_</i></b>",	12066,"Tlapa_de_Comonfort","2020","83.446209","97.500822","95.549536","82.716875","43.477157","87.008385","80.50715","75.022647","86.569149","83.386714","98.888889","98.755187","100","100","100","ND","63.636364","89.428571","83.444412","82","89.863014","55.415052","66.666667",
"Tasa_de_alfabetización_de_las_personas_de_15_años_o_más,_desglosada_por_sexo_y_subpoblaciones<b><i>_[CENSO]_</i></b>",	12067,"Tlapehuala","2020","84.937611","98.60262","97.832186","88.875437","55.174564","88.198343","81.971797","44.444444","73.656846","84.882755","100","100","100","ND","ND","ND","100","91.37931","84.811351","95.522388","92.1875","51.764706","ND",
"Tasa_de_alfabetización_de_las_personas_de_15_años_o_más,_desglosada_por_sexo_y_subpoblaciones<b><i>_[CENSO]_</i></b>",	12068,"La_Unión_de_Isidoro_Montes_de_Oca","2020","86.650931","98.956781","97.762329","91.221165","59.098918","87.996288","85.258326","76.744186","89.982111","86.599842","98.039216","97.938144","ND","100","100","ND","62.5","96.453901","86.353248","94.183865","96.732026","59.059633","ND",
"Tasa_de_alfabetización_de_las_personas_de_15_años_o_más,_desglosada_por_sexo_y_subpoblaciones<b><i>_[CENSO]_</i></b>",	12069,"Xalpatláhuac","2020","66.012286","97.843666","94.182692","63.851567","17.012987","71.129838","62.184874","64.35192","86.666667","65.934948","100","100","ND","ND","ND","ND","ND","90.322581","65.466043","76.666667","90.322581","31.067961","ND",
"Tasa_de_alfabetización_de_las_personas_de_15_años_o_más,_desglosada_por_sexo_y_subpoblaciones<b><i>_[CENSO]_</i></b>",	12070,"Xochihuehuetlán","2020","80.063403","99.316629","97.341513","87.195634","43.52518","85.562713","75.287924","66.906475","84.90566","79.825187","98.611111","98.571429","100","ND","100","ND","ND","94.642857","79.219331","95.505618","95","47.08589","ND",
"Tasa_de_alfabetización_de_las_personas_de_15_años_o_más,_desglosada_por_sexo_y_subpoblaciones<b><i>_[CENSO]_</i></b>",	12071,"Xochistlahuaca","2020","63.057827","97.140221","92.604322","53.61977","16.456536","66.582704","59.940598","61.719752","63.094099","63.037263","90.909091","88.888889","ND","ND","100","ND","100","79.411765","62.48547","85.746606","79.710145","27.243067","ND",
"Tasa_de_alfabetización_de_las_personas_de_15_años_o_más,_desglosada_por_sexo_y_subpoblaciones<b><i>_[CENSO]_</i></b>",	12072,"Zapotitlán_Tablas","2020","77.31604","98.193548","94.734743","74.776442","27.255092","82.107636","73.072124","75.78621","86.808511","77.33651","ND","ND","ND","ND","ND","ND","0","100","76.96561","96.8","100","52.293578","ND",
"Tasa_de_alfabetización_de_las_personas_de_15_años_o_más,_desglosada_por_sexo_y_subpoblaciones<b><i>_[CENSO]_</i></b>",	12073,"Zirándaro","2020","79.712807","95.290252","93.880439","84.034225","51.29326","79.511215","79.913391","44.857143","64.516129","79.661301","93.75","93.75","ND","ND","ND","ND","50","90","79.343613","91.561181","90.598291","47.764531","ND",
"Tasa_de_alfabetización_de_las_personas_de_15_años_o_más,_desglosada_por_sexo_y_subpoblaciones<b><i>_[CENSO]_</i></b>",	12074,"Zitlala","2020","73.150913","98.897536","95.992519","75.474406","23.988744","79.27502","68.326297","69.100655","80.676329","73.146474","100","100","ND","ND","100","ND","28.571429","93.617021","72.840739","83.394834","93.75","37.234043","ND",
"Tasa_de_alfabetización_de_las_personas_de_15_años_o_más,_desglosada_por_sexo_y_subpoblaciones<b><i>_[CENSO]_</i></b>",	12075,"Eduardo_Neri","2020","86.527303","98.797312","97.482923","88.184815","55.18018","88.912337","84.366117","67.53203","85.759619","86.521893","97.435897","97.333333","ND","ND","100","ND","27.272727","90.47619","86.422034","94.877049","90.740741","61.833208","ND",
"Tasa_de_alfabetización_de_las_personas_de_15_años_o_más,_desglosada_por_sexo_y_subpoblaciones<b><i>_[CENSO]_</i></b>",	12076,"Acatepec","2020","79.044458","98.46343","95.938967","72.821101","18.421053","83.891435","74.626506","79.059148","85.53719","79.046899","100","100","ND","ND","ND","ND","0","87.5","78.961587","98.989899","87.5","41.247834","ND",
"Tasa_de_alfabetización_de_las_personas_de_15_años_o_más,_desglosada_por_sexo_y_subpoblaciones<b><i>_[CENSO]_</i></b>",	12077,"Marquelia","2020","87.353442","99.071926","97.942719","91.861199","56.664896","88.075658","86.666667","67.578947","89.063568","87.316287","100","100","ND","ND","ND","ND","0","95.918367","87.051999","97.058824","96.078431","61.089109","ND",
"Tasa_de_alfabetización_de_las_personas_de_15_años_o_más,_desglosada_por_sexo_y_subpoblaciones<b><i>_[CENSO]_</i></b>",	12078,"Cochoapa_el_Grande","2020","46.916396","89.29837","74.033816","31.797138","6.496881","55.877141","39.71519","46.938593","53.900709","46.860455","100","100","ND","ND","100","ND","ND","79.487179","46.648268","59.016393","80.487805","9.478673","ND",
"Tasa_de_alfabetización_de_las_personas_de_15_años_o_más,_desglosada_por_sexo_y_subpoblaciones<b><i>_[CENSO]_</i></b>",	12079,"José_Joaquín_de_Herrera","2020","67.962897","98.055556","93.327887","56.135881","9.856115","72.720336","63.785595","66.814493","63.095238","67.962897","ND","ND","ND","ND","ND","ND","ND","83.333333","67.791411","82.191781","83.333333","22.416813","ND",
"Tasa_de_alfabetización_de_las_personas_de_15_años_o_más,_desglosada_por_sexo_y_subpoblaciones<b><i>_[CENSO]_</i></b>",	12080,"Juchitán","2020","81.658812","97.732426","96.244131","87.190436","50.562701","83.000377","80.316742","61.231884","82.875772","81.510367","97.916667","97.727273","ND","ND","100","ND","ND","100","81.152344","93.277311","100","53.765324","ND",
"Tasa_de_alfabetización_de_las_personas_de_15_años_o_más,_desglosada_por_sexo_y_subpoblaciones<b><i>_[CENSO]_</i></b>",	12081,"Iliatenco","2020","86.764513","99.401795","99.052774","91.243812","40.627651","90.937679","83.232519","85.815185","86.40646","86.773389","88.888889","88.888889","ND","ND","ND","ND","0","100","86.258188","99.256506","100","54.681648","ND",
"Tasa_de_alfabetización_de_las_personas_de_15_años_o_más,_desglosada_por_sexo_y_subpoblaciones<b><i>_[CENSO]_</i></b>",	13,"Hidalgo","2020","93.25383","99.286384","98.936207","95.50401","75.295237","94.519972","92.122136","78.490209","94.056895","93.255327","99.347409","99.427754","95.428571","99.787234","99.314079","100","45.226131","97.675092","92.929335","98.331979","97.917014","73.815316","100",
"Tasa_de_alfabetización_de_las_personas_de_15_años_o_más,_desglosada_por_sexo_y_subpoblaciones<b><i>_[CENSO]_</i></b>",	13001,"Acatlán","2020","88.811366","99.230177","98.428813","90.707333","62.933333","89.070081","88.581356","89.393939","88.034188","88.654218","100","100","100","ND","100","ND","33.333333","92.307692","88.681967","93.269231","93.034826","63.758389","ND",
"Tasa_de_alfabetización_de_las_personas_de_15_años_o_más,_desglosada_por_sexo_y_subpoblaciones<b><i>_[CENSO]_</i></b>",	13002,"Acaxochitlán","2020","83.679729","98.148148","97.484277","83.736929","43.720153","88.717035","79.427162","70.846147","84.57539","83.661604","100","100","100","ND","100","ND","100","98.717949","83.352315","95.774648","98.717949","53.48226","ND",
"Tasa_de_alfabetización_de_las_personas_de_15_años_o_más,_desglosada_por_sexo_y_subpoblaciones<b><i>_[CENSO]_</i></b>",	13003,"Actopan","2020","95.993399","99.524715","99.195597","97.796423","84.538844","96.94032","95.169519","82.266588","96.017699","96.02075","99.68254","99.603175","100","100","100","ND","3.846154","97.44898","96.001457","97.412354","97.826087","78.295455","ND",
"Tasa_de_alfabetización_de_las_personas_de_15_años_o_más,_desglosada_por_sexo_y_subpoblaciones<b><i>_[CENSO]_</i></b>",	13004,"Agua_Blanca_de_Iturbide","2020","88.19388","99.676375","99.004193","90.196078","61.162791","88.885665","87.588832","71.698113","94.495413","88.176271","100","100","ND","ND","100","ND","100","94.444444","87.762388","96.242775","94.594595","61.138211","ND",
"Tasa_de_alfabetización_de_las_personas_de_15_años_o_más,_desglosada_por_sexo_y_subpoblaciones<b><i>_[CENSO]_</i></b>",	13005,"Ajacuba","2020","94.319055","99.481865","99.067006","96.955307","78.973197","95.013123","93.680397","80.327869","94.871795","94.300337","100","100","ND","ND","100","ND","100","96.825397","94.222734","97.506925","96.923077","74.660633","ND",
"Tasa_de_alfabetización_de_las_personas_de_15_años_o_más,_desglosada_por_sexo_y_subpoblaciones<b><i>_[CENSO]_</i></b>",	13006,"Alfajayucan","2020","91.339696","99.205561","98.414886","95.445019","72.556025","93.084868","89.777599","86.432883","90.853659","91.26276","100","100","100","ND","100","ND","50","100","91.079158","98.055556","100","65.004374","ND",
"Tasa_de_alfabetización_de_las_personas_de_15_años_o_más,_desglosada_por_sexo_y_subpoblaciones<b><i>_[CENSO]_</i></b>",	13007,"Almoloya","2020","93.300654","99.702381","99.001248","95.714601","74.968314","93.598184","93.026178","89.473684","92.592593","93.279423","100","100","ND","ND","100","100","100","100","93.101476","96.891192","100","73.614776","ND",
"Tasa_de_alfabetización_de_las_personas_de_15_años_o_más,_desglosada_por_sexo_y_subpoblaciones<b><i>_[CENSO]_</i></b>",	13008,"Apan","2020","94.865449","99.761999","99.141728","97.033995","80.739673","95.649525","94.17885","92.708333","94.736842","94.895863","100","100","100","ND","100","ND","42.857143","99","94.748137","98.235294","99.107143","79.608373","ND",
"Tasa_de_alfabetización_de_las_personas_de_15_años_o_más,_desglosada_por_sexo_y_subpoblaciones<b><i>_[CENSO]_</i></b>",	13009,"El_Arenal","2020","95.443333","99.050906","99.131323","97.060455","82.330013","96.337049","94.640302","89.451477","98.780488","95.504378","98.630137","100","ND","ND","85.714286","ND","33.333333","100","95.548501","93.785311","100","78.705637","ND",
"Tasa_de_alfabetización_de_las_personas_de_15_años_o_más,_desglosada_por_sexo_y_subpoblaciones<b><i>_[CENSO]_</i></b>",	13010,"Atitalaquia","2020","97.153188","99.818731","99.272173","98.455963","88.357424","97.573939","96.75728","95.620438","98.014888","97.254902","96.825397","100","71.428571","100","100","ND","13.793103","100","97.172372","98.775153","100","84.20653","ND",
"Tasa_de_alfabetización_de_las_personas_de_15_años_o_más,_desglosada_por_sexo_y_subpoblaciones<b><i>_[CENSO]_</i></b>",	13011,"Atlapexco","2020","80.965129","97.502082","98.143322","91.442978","40.658413","85.220309","77.18434","77.137104","75.514874","80.96546","66.666667","50","ND","ND","100","ND","100","100","80.609457","98.220641","100","43.009868","ND",
"Tasa_de_alfabetización_de_las_personas_de_15_años_o_más,_desglosada_por_sexo_y_subpoblaciones<b><i>_[CENSO]_</i></b>",	13012,"Atotonilco_el_Grande","2020","91.51016","99.024985","99.022321","94.155726","71.330219","93.12708","90.12034","76.984127","94.339623","91.485863","98.969072","99.459459","100","ND","87.5","ND","0","97.87234","91.375106","95.842451","97.635135","66.391185","ND",
"Tasa_de_alfabetización_de_las_personas_de_15_años_o_más,_desglosada_por_sexo_y_subpoblaciones<b><i>_[CENSO]_</i></b>",	13013,"Atotonilco_de_Tula","2020","97.771279","99.362319","99.243091","98.529125","88.903088","98.273235","97.308233","97.116645","98.279906","97.781581","99.137931","97.916667","100","100","100","ND","80","100","97.2445","99.097988","100","86.939418","ND",
"Tasa_de_alfabetización_de_las_personas_de_15_años_o_más,_desglosada_por_sexo_y_subpoblaciones<b><i>_[CENSO]_</i></b>",	13014,"Calnali","2020","82.689736","99.415205","97.726279","88.94213","56.186047","85.851234","79.876797","67.180784","78.461538","82.686517","100","100","ND","ND","100","ND","0","96.551724","82.259044","94.074074","96.666667","52.748312","ND",
"Tasa_de_alfabetización_de_las_personas_de_15_años_o_más,_desglosada_por_sexo_y_subpoblaciones<b><i>_[CENSO]_</i></b>",	13015,"Cardonal","2020","89.896518","99.902248","99.092199","96.180905","58.910004","93.301859","86.828814","87.64584","87.987013","89.789257","100","100","ND","ND","100","ND","33.333333","98.445596","89.667656","96.853147","98.492462","63.396226","ND",
"Tasa_de_alfabetización_de_las_personas_de_15_años_o_más,_desglosada_por_sexo_y_subpoblaciones<b><i>_[CENSO]_</i></b>",	13016,"Cuautepec_de_Hinojosa","2020","91.746971","99.323927","98.434426","94.099278","69.806763","92.289239","91.268676","81.516588","90.298507","91.754358","100","100","100","ND","100","ND","27.272727","98.333333","91.627004","96.175373","98.449612","68.024194","ND",
"Tasa_de_alfabetización_de_las_personas_de_15_años_o_más,_desglosada_por_sexo_y_subpoblaciones<b><i>_[CENSO]_</i></b>",	13017,"Chapantongo","2020","91.876751","99.367089","98.545637","94.93383","76.80294","93.077257","90.777181","93.333333","88.073394","91.87246","100","100","ND","100","100","ND","25","97.727273","91.632765","96.356275","97.87234","69.570707","ND",
"Tasa_de_alfabetización_de_las_personas_de_15_años_o_más,_desglosada_por_sexo_y_subpoblaciones<b><i>_[CENSO]_</i></b>",	13018,"Chapulhuacán","2020","86.274266","99.537394","97.774654","90.862116","54.536802","87.456891","85.151037","73.581974","83.13253","86.217027","98.648649","98.529412","ND","ND","100","ND","ND","96.603774","85.83431","94.883721","96.641791","55.139501","ND",
"Tasa_de_alfabetización_de_las_personas_de_15_años_o_más,_desglosada_por_sexo_y_subpoblaciones<b><i>_[CENSO]_</i></b>",	13019,"Chilcuautla","2020","92.414338","99.616123","99.003984","95.991838","70.367412","94.90657","90.144132","88.679832","92.810458","92.343489","98.802395","99.350649","100","100","90.909091","ND","0","98.404255","92.227396","95.802469","98","68.698517","ND",
"Tasa_de_alfabetización_de_las_personas_de_15_años_o_más,_desglosada_por_sexo_y_subpoblaciones<b><i>_[CENSO]_</i></b>",	13020,"Eloxochitlán","2020","88.337469","99.038462","98.119122","95.953142","70.903522","89.754536","87.105751","92.307692","89.473684","88.314272","100","100","ND","ND","ND","ND","ND","100","87.917738","100","100","60.754717","ND",
"Tasa_de_alfabetización_de_las_personas_de_15_años_o_más,_desglosada_por_sexo_y_subpoblaciones<b><i>_[CENSO]_</i></b>",	13021,"Emiliano_Zapata","2020","96.401681","99.014778","99.137621","98.188153","86.823191","97.167716","95.714286","87.234043","94.736842","96.457143","100","100","ND","ND","100","ND","0","97.777778","96.338054","98.571429","98.076923","84.525205","ND",
"Tasa_de_alfabetización_de_las_personas_de_15_años_o_más,_desglosada_por_sexo_y_subpoblaciones<b><i>_[CENSO]_</i></b>",	13022,"Epazoyucan","2020","95.729595","98.706897","99.419399","97.494943","84.022556","96.336935","95.174965","89.830508","95.3125","95.790071","100","100","ND","ND","100","ND","42.105263","96.875","95.723238","97.985348","97.297297","81.074169","ND",
"Tasa_de_alfabetización_de_las_personas_de_15_años_o_más,_desglosada_por_sexo_y_subpoblaciones<b><i>_[CENSO]_</i></b>",	13023,"Francisco_I._Madero","2020","95.1071","99.248524","99.309452","97.400623","81.292791","96.101891","94.226565","78.448276","93.91635","95.097682","99.328859","100","100","100","91.666667","ND","33.333333","99.386503","95.022743","98.296422","99.428571","76.056338","100",
"Tasa_de_alfabetización_de_las_personas_de_15_años_o_más,_desglosada_por_sexo_y_subpoblaciones<b><i>_[CENSO]_</i></b>",	13024,"Huasca_de_Ocampo","2020","92.424728","98.606645","98.408057","94.489204","76.133862","93.619247","91.409953","94.117647","96.078431","92.382575","99.350649","100","100","ND","94.444444","ND","14.285714","97.709924","92.259031","97.832817","97.916667","71.428571","ND",
"Tasa_de_alfabetización_de_las_personas_de_15_años_o_más,_desglosada_por_sexo_y_subpoblaciones<b><i>_[CENSO]_</i></b>",	13025,"Huautla","2020","83.027553","98.411371","97.712934","93.947593","54.699208","88.369489","78.417874","79.947251","69","83.026333","83.333333","83.333333","ND","ND","ND","ND","100","100","82.494632","98.207171","100","55.537721","ND",
"Tasa_de_alfabetización_de_las_personas_de_15_años_o_más,_desglosada_por_sexo_y_subpoblaciones<b><i>_[CENSO]_</i></b>",	13026,"Huazalingo","2020","82.004454","99.653179","98.0383","89.029126","39.644013","87.040887","77.316706","80.226293","77.641278","82.00958","100","100","ND","ND","100","ND","0","100","81.483611","98.161765","100","48.996458","ND",
"Tasa_de_alfabetización_de_las_personas_de_15_años_o_más,_desglosada_por_sexo_y_subpoblaciones<b><i>_[CENSO]_</i></b>",	13027,"Huehuetla","2020","73.85709","98.695951","96.601025","76.676346","34.209055","78.385685","69.74269","62.045805","87.521079","73.854927","100","100","100","ND","ND","ND","33.333333","100","73.479212","92.176871","100","47.081712","ND",
"Tasa_de_alfabetización_de_las_personas_de_15_años_o_más,_desglosada_por_sexo_y_subpoblaciones<b><i>_[CENSO]_</i></b>",	13028,"Huejutla_de_Reyes","2020","83.585706","99.494881","98.391745","88.216373","44.034882","86.883692","80.6207","75.744116","90.549321","83.58797","100","100","100","ND","100","ND","39.130435","98.75","83.204272","96.596755","98.795181","51.653777","ND",
"Tasa_de_alfabetización_de_las_personas_de_15_años_o_más,_desglosada_por_sexo_y_subpoblaciones<b><i>_[CENSO]_</i></b>",	13029,"Huichapan","2020","94.961218","99.76322","98.934259","97.175521","82.097923","95.758085","94.249424","81.605351","95.419847","94.950792","99.22179","99.553571","100","100","96.296296","ND","42.857143","97.826087","94.815256","98.184358","97.95082","78.354037","ND",
"Tasa_de_alfabetización_de_las_personas_de_15_años_o_más,_desglosada_por_sexo_y_subpoblaciones<b><i>_[CENSO]_</i></b>",	13030,"Ixmiquilpan","2020","93.617316","99.416683","99.200505","96.423906","72.303441","95.927942","91.640508","88.905368","95.503421","93.557817","99.247312","99.302326","100","100","98.214286","100","61.290323","98.739496","93.454719","97.182254","98.836081","71.790198","100",
"Tasa_de_alfabetización_de_las_personas_de_15_años_o_más,_desglosada_por_sexo_y_subpoblaciones<b><i>_[CENSO]_</i></b>",	13031,"Jacala_de_Ledezma","2020","88.503886","99.325464","98.778701","93.192541","66.267832","89.678161","87.464387","88.52459","78.688525","88.434783","98.4375","98.275862","100","ND","100","ND","ND","95.266272","88.180895","94.630872","95.505618","63.396226","ND",
"Tasa_de_alfabetización_de_las_personas_de_15_años_o_más,_desglosada_por_sexo_y_subpoblaciones<b><i>_[CENSO]_</i></b>",	13032,"Jaltocán","2020","77.120856","98.831386","98.227848","85.437666","31.757151","80.656258","73.680144","74.266623","90.740741","77.115987","100","100","ND","ND","100","ND","66.666667","100","75.8817","94.736842","100","43.389199","ND",
"Tasa_de_alfabetización_de_las_personas_de_15_años_o_más,_desglosada_por_sexo_y_subpoblaciones<b><i>_[CENSO]_</i></b>",	13033,"Juárez_Hidalgo","2020","87.511395","100","97.587131","92.565056","68.321918","87.731256","87.317909","65","95.238095","87.568556","100","100","100","ND","ND","ND","0","100","87.124464","98.591549","100","65.753425","ND",
"Tasa_de_alfabetización_de_las_personas_de_15_años_o_más,_desglosada_por_sexo_y_subpoblaciones<b><i>_[CENSO]_</i></b>",	13034,"Lolotla","2020","86.009208","99.458484","98.61783","91.653291","59.245516","87.60407","84.527221","79.806598","87.804878","86.009823","100","100","100","ND","100","ND","60","100","85.71865","95.757576","100","61.451815","ND",
"Tasa_de_alfabetización_de_las_personas_de_15_años_o_más,_desglosada_por_sexo_y_subpoblaciones<b><i>_[CENSO]_</i></b>",	13035,"Metepec","2020","92.712507","99.061662","98.568507","94.290695","74.639175","93.870893","91.70712","69.014085","94.956772","92.676823","100","100","100","ND","100","ND","100","100","92.570662","96.551724","100","74","ND",
"Tasa_de_alfabetización_de_las_personas_de_15_años_o_más,_desglosada_por_sexo_y_subpoblaciones<b><i>_[CENSO]_</i></b>",	13036,"San_Agustín_Metzquititlán","2020","94.404159","99.423077","99.407505","96.689847","83.402985","95.376221","93.519728","85.714286","95.16129","94.381868","100","100","ND","100","100","ND","100","97.368421","94.365603","95.333333","97.619048","74.08056","ND",
"Tasa_de_alfabetización_de_las_personas_de_15_años_o_más,_desglosada_por_sexo_y_subpoblaciones<b><i>_[CENSO]_</i></b>",	13037,"Metztitlán","2020","89.413394","99.345182","98.93617","93.893422","67.69702","91.779174","87.308196","77.713178","88.194444","89.379467","97.402597","98.550725","ND","ND","87.5","ND","50","99.29078","89.172347","96.696697","98.648649","65.189873","ND",
"Tasa_de_alfabetización_de_las_personas_de_15_años_o_más,_desglosada_por_sexo_y_subpoblaciones<b><i>_[CENSO]_</i></b>",	13038,"Mineral_del_Chico","2020","91.237034","98.529412","98.909091","93.399136","70.027498","92.666232","89.943969","98.245614","96.703297","91.249415","100","100","ND","ND","100","100","37.5","95.833333","91.269084","92.805755","96.153846","66.924565","ND",
"Tasa_de_alfabetización_de_las_personas_de_15_años_o_más,_desglosada_por_sexo_y_subpoblaciones<b><i>_[CENSO]_</i></b>",	13039,"Mineral_del_Monte","2020","96.73647","99.037139","99.385616","97.865908","88.714734","97.541463","96.037928","90","99.319728","96.784478","97.560976","97.058824","100","ND","100","ND","50","95","96.757157","98.930481","95.348837","84.3987","ND",
"Tasa_de_alfabetización_de_las_personas_de_15_años_o_más,_desglosada_por_sexo_y_subpoblaciones<b><i>_[CENSO]_</i></b>",	13040,"La_Misión","2020","80.623269","99.043977","98.521257","85.819071","49.722531","81.048971","80.233484","90","69.230769","80.523458","100","100","100","ND","ND","ND","100","92.647059","80.023178","95.535714","92.682927","51.219512","ND",
"Tasa_de_alfabetización_de_las_personas_de_15_años_o_más,_desglosada_por_sexo_y_subpoblaciones<b><i>_[CENSO]_</i></b>",	13041,"Mixquiahuala_de_Juárez","2020","96.211187","99.713467","99.402008","97.730573","84.955905","97.027878","95.482742","78.937729","96.969697","96.202852","100","100","ND","100","100","ND","60","96.25","96.150952","98.698225","96.648045","81.825866","ND",
"Tasa_de_alfabetización_de_las_personas_de_15_años_o_más,_desglosada_por_sexo_y_subpoblaciones<b><i>_[CENSO]_</i></b>",	13042,"Molango_de_Escamilla","2020","90.597488","99.418605","98.575342","94.810379","71.821822","91.131352","90.085116","83.809524","90.47619","90.591556","100","100","ND","ND","100","ND","50","100","90.254133","96.601942","100","65.826944","ND",
"Tasa_de_alfabetización_de_las_personas_de_15_años_o_más,_desglosada_por_sexo_y_subpoblaciones<b><i>_[CENSO]_</i></b>",	13043,"Nicolás_Flores","2020","89.543642","99.189189","99.421408","95.896434","64.245283","93.113208","86.382623","86.992147","90.434783","89.499444","100","100","ND","ND","100","ND","ND","98.484848","89.211618","97.196262","98.550725","62.150538","ND",
"Tasa_de_alfabetización_de_las_personas_de_15_años_o_más,_desglosada_por_sexo_y_subpoblaciones<b><i>_[CENSO]_</i></b>",	13044,"Nopala_de_Villagrán","2020","92.747321","99.294118","98.842676","95.596064","79.667102","92.543362","92.934864","89.795918","94.410876","92.757573","97.058824","100","ND","ND","75","ND","0","97.674419","92.41012","97.794118","97.674419","75.953079","ND",
"Tasa_de_alfabetización_de_las_personas_de_15_años_o_más,_desglosada_por_sexo_y_subpoblaciones<b><i>_[CENSO]_</i></b>",	13045,"Omitlán_de_Juárez","2020","93.748166","99.614644","99.352941","95.485195","78.125","94.614173","92.99258","89.285714","93.333333","93.73152","100","100","ND","ND","100","ND","60","97.777778","93.638561","97.931034","97.959184","77.030162","ND",
"Tasa_de_alfabetización_de_las_personas_de_15_años_o_más,_desglosada_por_sexo_y_subpoblaciones<b><i>_[CENSO]_</i></b>",	13046,"San_Felipe_Orizatlán","2020","78.804687","99.514349","97.914727","84.946077","41.012699","82.533486","75.363752","73.142089","86.390533","78.797015","100","100","ND","ND","100","ND","66.666667","92.631579","77.910575","96.062992","92.783505","43.377063","ND",
"Tasa_de_alfabetización_de_las_personas_de_15_años_o_más,_desglosada_por_sexo_y_subpoblaciones<b><i>_[CENSO]_</i></b>",	13047,"Pacula","2020","83.712984","98.642534","98.612863","90.138191","55.739514","86.016159","81.765633","64.130435","83.333333","83.643123","100","100","ND","ND","ND","ND","ND","96.428571","83.17037","98.076923","96.470588","56.359102","ND",
"Tasa_de_alfabetización_de_las_personas_de_15_años_o_más,_desglosada_por_sexo_y_subpoblaciones<b><i>_[CENSO]_</i></b>",	13048,"Pachuca_de_Soto","2020","97.812171","99.250592","99.384861","98.336854","93.444883","98.386985","97.306833","88.176886","97.749951","97.873798","99.37617","99.217221","94.444444","99.459459","99.547511","100","31.060606","99.038462","97.839016","98.562021","99.264029","88.7879","100",
"Tasa_de_alfabetización_de_las_personas_de_15_años_o_más,_desglosada_por_sexo_y_subpoblaciones<b><i>_[CENSO]_</i></b>",	13049,"Pisaflores","2020","85.070423","99.009009","98.550268","89.251726","51.853377","84.662793","85.43264","81.142857","95","85.011242","100","100","100","100","100","ND","0","95.27897","84.415584","95.088409","95.416667","52.087287","ND",
"Tasa_de_alfabetización_de_las_personas_de_15_años_o_más,_desglosada_por_sexo_y_subpoblaciones<b><i>_[CENSO]_</i></b>",	13050,"Progreso_de_Obregón","2020","96.506914","99.340478","99.323536","97.966867","87.449393","97.225876","95.883451","82.386364","96.283784","96.514161","100","100","ND","ND","100","ND","0","100","96.488313","97.571744","100","81.221092","ND",
"Tasa_de_alfabetización_de_las_personas_de_15_años_o_más,_desglosada_por_sexo_y_subpoblaciones<b><i>_[CENSO]_</i></b>",	13051,"Mineral_de_la_Reforma","2020","98.572582","99.218973","99.461922","98.942114","94.215254","98.905029","98.282768","91.406808","98.543401","98.635485","99.724138","100","90","100","99.731183","100","23.404255","99.430199","98.618134","98.983051","99.641577","91.591252","ND",
"Tasa_de_alfabetización_de_las_personas_de_15_años_o_más,_desglosada_por_sexo_y_subpoblaciones<b><i>_[CENSO]_</i></b>",	13052,"San_Agustín_Tlaxiaca","2020","95.868359","99.018233","99.199593","97.608696","83.279605","96.480214","95.297909","87.333333","97.820823","95.888304","100","100","ND","100","100","ND","21.428571","92.553191","95.820215","97.720271","93.693694","79.04007","ND",
"Tasa_de_alfabetización_de_las_personas_de_15_años_o_más,_desglosada_por_sexo_y_subpoblaciones<b><i>_[CENSO]_</i></b>",	13053,"San_Bartolo_Tutotepec","2020","73.238667","98.580968","97.260715","74.832848","30.674618","76.306508","70.329837","51.914439","75.925926","73.221398","100","100","ND","ND","ND","ND","50","97.222222","72.87501","90.222222","97.222222","35.283528","ND",
"Tasa_de_alfabetización_de_las_personas_de_15_años_o_más,_desglosada_por_sexo_y_subpoblaciones<b><i>_[CENSO]_</i></b>",	13054,"San_Salvador","2020","95.368452","99.457594","99.402245","97.732776","81.707073","96.692073","94.161396","88.744327","96.531792","95.344241","98.918919","99.425287","80","ND","100","ND","100","97.409326","95.27482","98.457223","97.073171","75.623269","ND",
"Tasa_de_alfabetización_de_las_personas_de_15_años_o_más,_desglosada_por_sexo_y_subpoblaciones<b><i>_[CENSO]_</i></b>",	13055,"Santiago_de_Anaya","2020","94.501109","99.694812","99.176228","97.560976","77.003777","96.5874","92.585767","91.725204","92.12963","94.468022","98.947368","100","100","ND","90.909091","ND","100","98.198198","94.366305","98.784195","97.478992","73.46115","ND",
"Tasa_de_alfabetización_de_las_personas_de_15_años_o_más,_desglosada_por_sexo_y_subpoblaciones<b><i>_[CENSO]_</i></b>",	13056,"Santiago_Tulantepec_de_Lugo_Guerrero","2020","95.339041","99.457505","99.073833","96.752182","81.607598","95.748764","94.989614","79.480519","97.409326","95.332969","99.090909","100","83.333333","100","100","ND","78.571429","97.333333","95.286562","97.393365","97.849462","77.071601","ND",
"Tasa_de_alfabetización_de_las_personas_de_15_años_o_más,_desglosada_por_sexo_y_subpoblaciones<b><i>_[CENSO]_</i></b>",	13057,"Singuilucan","2020","91.885766","99.409681","98.501462","94.773265","71.267894","92.495704","91.334369","80.645161","90.526316","91.87591","97.058824","100","ND","ND","85.714286","ND","75","93.023256","91.849385","94.736842","93.333333","71.658615","ND",
"Tasa_de_alfabetización_de_las_personas_de_15_años_o_más,_desglosada_por_sexo_y_subpoblaciones<b><i>_[CENSO]_</i></b>",	13058,"Tasquillo","2020","91.89642","99.360341","98.332766","95.047706","74.264151","94.002345","90.141042","86.682809","94.827586","91.812505","100","100","ND","100","100","ND","71.428571","97.342193","91.623288","97.484277","97.515528","67.968057","ND",
"Tasa_de_alfabetización_de_las_personas_de_15_años_o_más,_desglosada_por_sexo_y_subpoblaciones<b><i>_[CENSO]_</i></b>",	13059,"Tecozautla","2020","90.771722","99.632015","98.792062","95.073714","62.452751","92.139839","89.566982","76.247582","93.881453","90.729053","98.578199","98.5","100","ND","100","ND","57.142857","97.356828","90.512676","96.991404","97.424893","66.025641","ND",
"Tasa_de_alfabetización_de_las_personas_de_15_años_o_más,_desglosada_por_sexo_y_subpoblaciones<b><i>_[CENSO]_</i></b>",	13060,"Tenango_de_Doria","2020","83.678254","99.383984","98.349633","88.546025","45.477387","85.577252","81.981017","72.434498","86.574074","83.632378","100","100","ND","ND","100","ND","0","92.063492","83.193987","97.863248","92.857143","48.964803","ND",
"Tasa_de_alfabetización_de_las_personas_de_15_años_o_más,_desglosada_por_sexo_y_subpoblaciones<b><i>_[CENSO]_</i></b>",	13061,"Tepeapulco","2020","96.915707","99.33936","99.420978","98.197335","89.696898","97.698927","96.215819","92.142857","96.428571","96.946355","98.395722","98.333333","100","100","98.275862","ND","39.285714","98.484848","96.880206","98.900428","98.701299","85.812672","ND",
"Tasa_de_alfabetización_de_las_personas_de_15_años_o_más,_desglosada_por_sexo_y_subpoblaciones<b><i>_[CENSO]_</i></b>",	13062,"Tepehuacán_de_Guerrero","2020","77.916361","98.905309","96.460948","78.497743","35.934004","79.924916","75.946915","64.259014","84.507042","77.909483","95.652174","95","ND","ND","100","ND","33.333333","95.652174","77.344579","96.360153","95.726496","42.156863","ND",
"Tasa_de_alfabetización_de_las_personas_de_15_años_o_más,_desglosada_por_sexo_y_subpoblaciones<b><i>_[CENSO]_</i></b>",	13063,"Tepeji_del_Río_de_Ocampo","2020","96.094539","99.49077","99.152164","97.401075","84.080833","96.974655","95.278183","93.491773","95.108184","96.088803","100","100","100","100","100","ND","66.666667","98.561151","96.013975","97.91438","98.816568","81.986265","ND",
"Tasa_de_alfabetización_de_las_personas_de_15_años_o_más,_desglosada_por_sexo_y_subpoblaciones<b><i>_[CENSO]_</i></b>",	13064,"Tepetitlán","2020","96.015984","99.620493","98.955614","97.677292","87.959299","96.859842","95.25455","92.156863","96.666667","96.014625","96.153846","95.744681","100","ND","100","ND","100","97.142857","95.91064","98.644068","97.5","82.133333","ND",
"Tasa_de_alfabetización_de_las_personas_de_15_años_o_más,_desglosada_por_sexo_y_subpoblaciones<b><i>_[CENSO]_</i></b>",	13065,"Tetepango","2020","94.707741","99.349593","99.043894","96.724939","79.32726","95.408996","94.049442","86.666667","95.44335","94.790487","100","100","100","ND","100","ND","18.181818","100","94.759825","98.373984","100","73.858921","ND",
"Tasa_de_alfabetización_de_las_personas_de_15_años_o_más,_desglosada_por_sexo_y_subpoblaciones<b><i>_[CENSO]_</i></b>",	13066,"Villa_de_Tezontepec","2020","96.844385","99.281609","99.525547","98.149303","86.294766","97.214425","96.506119","91.489362","95.714286","96.898584","100","100","ND","ND","100","ND","50","100","96.77134","98.894155","100","85.229202","ND",
"Tasa_de_alfabetización_de_las_personas_de_15_años_o_más,_desglosada_por_sexo_y_subpoblaciones<b><i>_[CENSO]_</i></b>",	13067,"Tezontepec_de_Aldama","2020","95.248662","99.331849","99.424434","97.047702","79.464583","96.086156","94.469564","78.280543","93.125","95.247162","100","100","100","100","100","ND","44.444444","99.130435","95.182183","98.763906","99.253731","76.962728","ND",
"Tasa_de_alfabetización_de_las_personas_de_15_años_o_más,_desglosada_por_sexo_y_subpoblaciones<b><i>_[CENSO]_</i></b>",	13068,"Tianguistengo","2020","78.385032","99.74026","96.363636","78.759558","51.041205","81.013957","75.960628","63.573407","75","78.361593","100","100","ND","ND","ND","ND","ND","86.842105","78.165284","95.454545","86.842105","43.401015","ND",
"Tasa_de_alfabetización_de_las_personas_de_15_años_o_más,_desglosada_por_sexo_y_subpoblaciones<b><i>_[CENSO]_</i></b>",	13069,"Tizayuca","2020","98.261739","99.433515","99.370908","98.826992","91.904116","98.580713","97.967063","92.857143","97.579758","98.321542","99.778761","100","100","100","99.606299","100","59.1133","98.395722","98.124471","98.879626","98.666667","90.888564","ND",
"Tasa_de_alfabetización_de_las_personas_de_15_años_o_más,_desglosada_por_sexo_y_subpoblaciones<b><i>_[CENSO]_</i></b>",	13070,"Tlahuelilpan","2020","96.595297","99.643176","99.319913","97.57135","87.083333","97.085957","96.143474","90","96.745562","96.6085","96.774194","100","75","ND","100","ND","0","100","96.564831","98.529412","100","83.11828","ND",
"Tasa_de_alfabetización_de_las_personas_de_15_años_o_más,_desglosada_por_sexo_y_subpoblaciones<b><i>_[CENSO]_</i></b>",	13071,"Tlahuiltepa","2020","84.971952","98.977505","97.949886","92.107765","59.349145","86.742541","83.338064","82.608696","84.090909","84.935565","95.652174","95.652174","ND","ND","ND","ND","ND","97.297297","84.622412","94.505495","97.391304","57.389428","ND",
"Tasa_de_alfabetización_de_las_personas_de_15_años_o_más,_desglosada_por_sexo_y_subpoblaciones<b><i>_[CENSO]_</i></b>",	13072,"Tlanalapa","2020","97.126304","98.848369","99.224806","98.234755","91.146762","97.613883","96.674849","93.333333","90.47619","97.119628","100","100","100","ND","100","ND","100","97.435897","97.122647","97.142857","97.727273","83.07393","ND",
"Tasa_de_alfabetización_de_las_personas_de_15_años_o_más,_desglosada_por_sexo_y_subpoblaciones<b><i>_[CENSO]_</i></b>",	13073,"Tlanchinol","2020","83.069663","99.072513","97.749196","88.078058","42.069836","86.759526","79.619789","75.800549","87.08134","83.066202","94.444444","92.857143","100","ND","100","ND","60","97.183099","82.627982","96.312684","97.222222","53.654971","ND",
"Tasa_de_alfabetización_de_las_personas_de_15_años_o_más,_desglosada_por_sexo_y_subpoblaciones<b><i>_[CENSO]_</i></b>",	13074,"Tlaxcoapan","2020","96.13985","99.803536","99.121549","97.456421","85.119048","97.008342","95.336879","88.235294","95.967742","96.166444","94.444444","100","100","ND","88.888889","ND","57.142857","100","96.125082","98.961938","100","80.140187","ND",
"Tasa_de_alfabetización_de_las_personas_de_15_años_o_más,_desglosada_por_sexo_y_subpoblaciones<b><i>_[CENSO]_</i></b>",	13075,"Tolcayuca","2020","96.538437","99.281222","99.460388","97.708481","85.103448","97.107438","96.025933","94.535519","97.02381","96.561115","100","100","100","100","100","ND","58.333333","100","96.099487","98.425956","100","77.155963","ND",
"Tasa_de_alfabetización_de_las_personas_de_15_años_o_más,_desglosada_por_sexo_y_subpoblaciones<b><i>_[CENSO]_</i></b>",	13076,"Tula_de_Allende","2020","97.27848","99.472574","99.196051","98.28031","90.48817","97.864286","96.745767","94.604317","97.045601","97.303023","100","100","100","100","100","ND","30.434783","99.354839","97.234139","98.871201","99.545455","85.729788","ND",
"Tasa_de_alfabetización_de_las_personas_de_15_años_o_más,_desglosada_por_sexo_y_subpoblaciones<b><i>_[CENSO]_</i></b>",	13077,"Tulancingo_de_Bravo","2020","95.290565","99.23514","98.981413","96.315879","83.822846","96.206009","94.507119","74.965454","92.987941","95.277571","99.820789","99.724518","100","100","100","ND","86.666667","97.183099","95.20709","97.407821","97.663551","81.124866","ND",
"Tasa_de_alfabetización_de_las_personas_de_15_años_o_más,_desglosada_por_sexo_y_subpoblaciones<b><i>_[CENSO]_</i></b>",	13078,"Xochiatipan","2020","75.14254","98.571429","95.894428","80.624894","32.097419","83.090574","68.009016","74.53348","70.758123","75.140572","ND","ND","ND","ND","ND","ND","100","100","74.695491","99.107143","100","38.195991","ND",
"Tasa_de_alfabetización_de_las_personas_de_15_años_o_más,_desglosada_por_sexo_y_subpoblaciones<b><i>_[CENSO]_</i></b>",	13079,"Xochicoatlán","2020","89.755465","99.759615","98.046512","94.430894","72.771251","90.378007","89.168766","77.777778","100","89.730734","100","100","ND","ND","100","ND","100","100","89.56044","98.214286","100","67.428571","ND",
"Tasa_de_alfabetización_de_las_personas_de_15_años_o_más,_desglosada_por_sexo_y_subpoblaciones<b><i>_[CENSO]_</i></b>",	13080,"Yahualica","2020","75.059259","98.174558","96.035348","79.397882","28.908471","81.460539","69.137451","71.890876","78.688525","75.057817","100","100","ND","ND","ND","ND","ND","96.153846","74.456813","95.744681","96.153846","34.796748","ND",
"Tasa_de_alfabetización_de_las_personas_de_15_años_o_más,_desglosada_por_sexo_y_subpoblaciones<b><i>_[CENSO]_</i></b>",	13081,"Zacualtipán_de_Ángeles","2020","93.068345","99.266392","98.789618","94.098814","74.029001","94.377666","91.935592","76.73445","86.434978","93.085279","98.648649","100","0","100","100","ND","41.176471","96.153846","92.985525","96.929239","96.350365","73.620799","ND",
"Tasa_de_alfabetización_de_las_personas_de_15_años_o_más,_desglosada_por_sexo_y_subpoblaciones<b><i>_[CENSO]_</i></b>",	13082,"Zapotlán_de_Juárez","2020","96.529191","99.499165","99.186391","97.761733","87.278886","96.709845","96.365134","93.518519","94.674556","96.516305","100","100","100","ND","100","ND","100","100","96.401164","98.210923","100","83.424908","ND",
"Tasa_de_alfabetización_de_las_personas_de_15_años_o_más,_desglosada_por_sexo_y_subpoblaciones<b><i>_[CENSO]_</i></b>",	13083,"Zempoala","2020","97.058355","99.08999","99.228367","98.254681","88.146552","97.353741","96.788791","93.404255","97.666667","97.088935","99.193548","97.402597","100","100","100","100","56.521739","99.166667","96.784779","99.092132","98.876404","85.327479","ND",
"Tasa_de_alfabetización_de_las_personas_de_15_años_o_más,_desglosada_por_sexo_y_subpoblaciones<b><i>_[CENSO]_</i></b>",	13084,"Zimapán","2020","94.038763","99.267399","99.019213","96.853837","77.97565","95.797884","92.532776","83.888889","94.444444","93.999655","98.25784","98.084291","100","ND","100","ND","75","99.130435","93.837495","98.384926","99.178645","71.854305","ND",
"Tasa_de_alfabetización_de_las_personas_de_15_años_o_más,_desglosada_por_sexo_y_subpoblaciones<b><i>_[CENSO]_</i></b>",	14,"Jalisco","2020","96.932285","98.975316","98.966781","97.948326","89.517008","97.053261","96.818191","87.103665","97.249216","96.967639","99.327643","99.350251","97.496318","99.437037","99.349662","93.846154","43.704475","98.226743","96.955091","98.1189","98.574785","83.935488","89.299611",
"Tasa_de_alfabetización_de_las_personas_de_15_años_o_más,_desglosada_por_sexo_y_subpoblaciones<b><i>_[CENSO]_</i></b>",	14001,"Acatic","2020","92.689454","98.506289","98.694282","95.482905","71.886514","92.63658","92.739548","83.333333","92.663043","92.67096","97.744361","97.744361","ND","ND","ND","ND","0","96.273292","92.634964","98.901099","96.511628","68.237935","ND",
"Tasa_de_alfabetización_de_las_personas_de_15_años_o_más,_desglosada_por_sexo_y_subpoblaciones<b><i>_[CENSO]_</i></b>",	14002,"Acatlán_de_Juárez","2020","96.857931","98.49537","99.154513","97.621546","89.42343","96.824332","96.892015","98.941799","97.093023","96.83864","100","100","100","100","100","ND","0","95.876289","96.773617","98.668281","96.850394","83.415113","ND",
"Tasa_de_alfabetización_de_las_personas_de_15_años_o_más,_desglosada_por_sexo_y_subpoblaciones<b><i>_[CENSO]_</i></b>",	14003,"Ahualulco_de_Mercado","2020","97.176457","99.511002","99.384615","98.274436","90.576694","97.062199","97.288479","97.452229","97.156398","97.164624","98.561151","98.507463","ND","ND","100","ND","100","100","97.146045","97.342995","100","86.822352","ND",
"Tasa_de_alfabetización_de_las_personas_de_15_años_o_más,_desglosada_por_sexo_y_subpoblaciones<b><i>_[CENSO]_</i></b>",	14004,"Amacueca","2020","96.418199","99.285714","99.237473","97.116325","90.990991","95.952869","96.834862","90.909091","98.148148","96.399027","100","100","ND","ND","100","ND","ND","100","96.380202","97.826087","100","79.794521","ND",
"Tasa_de_alfabetización_de_las_personas_de_15_años_o_más,_desglosada_por_sexo_y_subpoblaciones<b><i>_[CENSO]_</i></b>",	14005,"Amatitán","2020","96.321526","98.979592","99.125189","97.894367","84.4","96.890742","95.774177","90","92.857143","96.306453","98.591549","98.550725","ND","ND","100","ND","100","100","96.316154","95.2","100","80.352941","ND",
"Tasa_de_alfabetización_de_las_personas_de_15_años_o_más,_desglosada_por_sexo_y_subpoblaciones<b><i>_[CENSO]_</i></b>",	14006,"Ameca","2020","96.226581","99.336702","99.243839","98.016071","87.749377","96.267882","96.18742","93.835616","96.969697","96.197424","99.527187","99.489796","ND","100","100","ND","80","97.56691","96.18405","97.877984","97.821351","80.656469","ND",
"Tasa_de_alfabetización_de_las_personas_de_15_años_o_más,_desglosada_por_sexo_y_subpoblaciones<b><i>_[CENSO]_</i></b>",	14007,"San_Juanito_de_Escobedo","2020","95.900802","99.622642","98.964922","97.675899","86.989619","95.611193","96.184971","66.666667","100","95.884774","100","100","ND","ND","100","ND","0","98.305085","95.866905","97.777778","98.387097","79.941003","ND",
"Tasa_de_alfabetización_de_las_personas_de_15_años_o_más,_desglosada_por_sexo_y_subpoblaciones<b><i>_[CENSO]_</i></b>",	14008,"Arandas","2020","93.434","98.604551","98.385577","95.031455","75.97395","93.502456","93.370347","86.255924","93.714286","93.396712","98.672566","98.533007","100","100","100","ND","81.25","97.71987","93.365408","95.862069","98.016997","69.801027","ND",
"Tasa_de_alfabetización_de_las_personas_de_15_años_o_más,_desglosada_por_sexo_y_subpoblaciones<b><i>_[CENSO]_</i></b>",	14009,"El_Arenal","2020","96.938093","99.328859","99.114197","98.107341","87.54562","96.924767","96.950743","94.845361","97.727273","96.912706","100","100","100","100","100","ND","100","97.752809","96.912344","97.826087","98.130841","81.310419","ND",
"Tasa_de_alfabetización_de_las_personas_de_15_años_o_más,_desglosada_por_sexo_y_subpoblaciones<b><i>_[CENSO]_</i></b>",	14010,"Atemajac_de_Brizuela","2020","92.388602","98.98167","98.155468","95.055624","69.104666","92.423657","92.354277","85.714286","94.444444","92.385884","100","100","ND","ND","100","ND","0","100","92.304718","100","100","69.545455","ND",
"Tasa_de_alfabetización_de_las_personas_de_15_años_o_más,_desglosada_por_sexo_y_subpoblaciones<b><i>_[CENSO]_</i></b>",	14011,"Atengo","2020","92.858896","99.676375","98.150289","96.755625","78.585859","91.755577","93.989071","100","100","92.839506","100","100","ND","ND","ND","ND","0","96.969697","92.842893","96.428571","97.142857","74.834437","ND",
"Tasa_de_alfabetización_de_las_personas_de_15_años_o_más,_desglosada_por_sexo_y_subpoblaciones<b><i>_[CENSO]_</i></b>",	14012,"Atenguillo","2020","95.472994","100","99.121523","97.302632","87.75","95.365079","95.577396","100","100","95.435816","100","100","ND","ND","ND","ND","50","100","95.327103","100","100","82.47012","ND",
"Tasa_de_alfabetización_de_las_personas_de_15_años_o_más,_desglosada_por_sexo_y_subpoblaciones<b><i>_[CENSO]_</i></b>",	14013,"Atotonilco_el_Alto","2020","94.634812","99.412456","99.008291","96.256214","80.804553","94.470332","94.791623","92.857143","91.836735","94.615854","99.230769","99.122807","100","ND","100","ND","71.428571","97.652582","94.575217","98.627787","97.975709","76.57784","ND",
"Tasa_de_alfabetización_de_las_personas_de_15_años_o_más,_desglosada_por_sexo_y_subpoblaciones<b><i>_[CENSO]_</i></b>",	14014,"Atoyac","2020","92.76255","99.553571","98.605578","96.079077","78.20598","92.112041","93.358914","100","87.323944","92.728682","97.674419","100","ND","ND","0","ND","100","97.058824","92.701422","93.181818","97.368421","72.824156","ND",
"Tasa_de_alfabetización_de_las_personas_de_15_años_o_más,_desglosada_por_sexo_y_subpoblaciones<b><i>_[CENSO]_</i></b>",	14015,"Autlán_de_Navarro","2020","96.556852","99.123337","99.111147","97.222569","90.20812","96.29929","96.799968","74.876847","95.07772","96.547555","99.537037","99.462366","100","100","100","ND","47.058824","99.206349","96.54547","96.989422","98.989899","81.854114","ND",
"Tasa_de_alfabetización_de_las_personas_de_15_años_o_más,_desglosada_por_sexo_y_subpoblaciones<b><i>_[CENSO]_</i></b>",	14016,"Ayotlán","2020","92.003724","98.678602","97.706179","94.521224","72.865545","92.00571","92.001868","90.909091","92.70073","91.982082","97.938144","98.324022","0","100","100","ND","33.333333","94.581281","91.914833","96.363636","95.132743","70.072993","ND",
"Tasa_de_alfabetización_de_las_personas_de_15_años_o_más,_desglosada_por_sexo_y_subpoblaciones<b><i>_[CENSO]_</i></b>",	14017,"Ayutla","2020","94.955648","99.217527","98.548753","96.830904","86.392694","94.290024","95.610687","60","88.489209","94.916352","98.901099","100","ND","ND","90.909091","ND","100","96.039604","94.928407","95.454545","96.666667","80.937973","ND",
"Tasa_de_alfabetización_de_las_personas_de_15_años_o_más,_desglosada_por_sexo_y_subpoblaciones<b><i>_[CENSO]_</i></b>",	14018,"La_Barca","2020","94.738232","98.668116","98.90746","97.054153","81.790949","94.977698","94.522716","91.025641","95.238095","94.708074","98.90411","99.376947","100","100","94.736842","ND","90","97.959184","94.653017","98.784195","98.245614","79.411765","ND",
"Tasa_de_alfabetización_de_las_personas_de_15_años_o_más,_desglosada_por_sexo_y_subpoblaciones<b><i>_[CENSO]_</i></b>",	14019,"Bolaños","2020","85.228882","97.459584","95.479345","81.684424","64.428312","91.264916","79.328045","78.74739","100","85.234264","90.909091","90.909091","ND","ND","ND","ND","0","100","84.891912","97.196262","100","61.5625","ND",
"Tasa_de_alfabetización_de_las_personas_de_15_años_o_más,_desglosada_por_sexo_y_subpoblaciones<b><i>_[CENSO]_</i></b>",	14020,"Cabo_Corrientes","2020","95.631626","99.011532","98.863636","97.068146","87.768496","95.715701","95.542073","64.705882","88.888889","95.569948","100","100","ND","ND","100","ND","ND","100","95.672499","93.478261","100","80","ND",
"Tasa_de_alfabetización_de_las_personas_de_15_años_o_más,_desglosada_por_sexo_y_subpoblaciones<b><i>_[CENSO]_</i></b>",	14021,"Casimiro_Castillo","2020","94.242162","99.052133","98.310199","96.070279","84.177611","93.781399","94.685296","86.666667","94.805195","94.231672","99.047619","98.969072","100","ND","100","ND","55.555556","95.967742","94.342613","90.710383","95.714286","78.44898","ND",
"Tasa_de_alfabetización_de_las_personas_de_15_años_o_más,_desglosada_por_sexo_y_subpoblaciones<b><i>_[CENSO]_</i></b>",	14022,"Cihuatlán","2020","94.496817","98.336331","97.679468","95.675714","84.610706","94.379342","94.612307","64.583333","91.942149","94.43718","98.623853","98.932384","75","100","100","ND","87.5","98.013245","94.623185","90.664273","98.156682","77.887406","ND",
"Tasa_de_alfabetización_de_las_personas_de_15_años_o_más,_desglosada_por_sexo_y_subpoblaciones<b><i>_[CENSO]_</i></b>",	14023,"Zapotlán_el_Grande","2020","97.187574","99.443946","99.247141","98.116545","90.158709","97.407538","96.983248","95.525998","97.670084","97.183195","99.206349","99","100","100","100","ND","75","97.647059","97.230802","96.546693","97.972973","84.129005","66.666667",
"Tasa_de_alfabetización_de_las_personas_de_15_años_o_más,_desglosada_por_sexo_y_subpoblaciones<b><i>_[CENSO]_</i></b>",	14024,"Cocula","2020","95.470721","99.081967","99.414141","97.529919","85.605258","95.377592","95.558752","85.294118","96.168582","95.429957","100","100","100","100","100","ND","100","95.854922","95.441703","97.714286","96.460177","78.2172","ND",
"Tasa_de_alfabetización_de_las_personas_de_15_años_o_más,_desglosada_por_sexo_y_subpoblaciones<b><i>_[CENSO]_</i></b>",	14025,"Colotlán","2020","96.663949","99.382716","99.463369","97.774481","88.529412","96.589125","96.731941","96","95.435685","96.636233","99.324324","99.236641","100","100","100","ND","100","97.076023","96.568557","98.648649","97.435897","82.553191","ND",
"Tasa_de_alfabetización_de_las_personas_de_15_años_o_más,_desglosada_por_sexo_y_subpoblaciones<b><i>_[CENSO]_</i></b>",	14026,"Concepción_de_Buenos_Aires","2020","92.593379","98.466258","98.761062","94.957983","78.291457","91.500212","93.683764","100","93.75","92.552964","100","100","ND","ND","ND","ND","0","96.296296","92.520897","94.059406","96.875","71.666667","ND",
"Tasa_de_alfabetización_de_las_personas_de_15_años_o_más,_desglosada_por_sexo_y_subpoblaciones<b><i>_[CENSO]_</i></b>",	14027,"Cuautitlán_de_García_Barragán","2020","88.166964","99.534884","98.237754","90.397351","63.918367","89.560018","86.744914","93.333333","82.432432","88.095053","100","100","100","ND","100","ND","100","94.444444","88.135994","88.235294","95.3125","64.251781","ND",
"Tasa_de_alfabetización_de_las_personas_de_15_años_o_más,_desglosada_por_sexo_y_subpoblaciones<b><i>_[CENSO]_</i></b>",	14028,"Cuautla","2020","93.414634","100","97.633136","97.070573","82.743363","92.384519","94.398093","100","91.836735","93.333333","100","100","ND","ND","100","ND","ND","100","93.21608","100","100","80.107527","ND",
"Tasa_de_alfabetización_de_las_personas_de_15_años_o_más,_desglosada_por_sexo_y_subpoblaciones<b><i>_[CENSO]_</i></b>",	14029,"Cuquío","2020","92.243959","99.582463","98.900388","96.30526","73.304629","92.768","91.761238","100","89.285714","92.175528","100","100","ND","ND","100","ND","100","95.495495","92.183372","100","95.652174","70.593779","ND",
"Tasa_de_alfabetización_de_las_personas_de_15_años_o_más,_desglosada_por_sexo_y_subpoblaciones<b><i>_[CENSO]_</i></b>",	14030,"Chapala","2020","97.269396","98.866213","98.893689","98.265427","93.841167","97.17987","97.352276","88.659794","97.002997","96.908316","99.961158","99.940846","100","100","100","ND","61.111111","99.621212","97.143075","98.790323","99.842022","86.282395","ND",
"Tasa_de_alfabetización_de_las_personas_de_15_años_o_más,_desglosada_por_sexo_y_subpoblaciones<b><i>_[CENSO]_</i></b>",	14031,"Chimaltitán","2020","87.802607","98.907104","96.753247","92.084168","67.128713","89.145053","86.540199","71.698113","84.375","87.705303","100","100","ND","ND","ND","ND","ND","84.210526","87.759036","90.740741","84.210526","64.431487","ND",
"Tasa_de_alfabetización_de_las_personas_de_15_años_o_más,_desglosada_por_sexo_y_subpoblaciones<b><i>_[CENSO]_</i></b>",	14032,"Chiquilistlán","2020","92.771084","99.382716","98.316498","96.263246","73.097113","92.525253","93.004312","100","88.235294","92.710141","100","100","ND","ND","100","ND","ND","96.551724","92.693267","100","96.551724","69.897959","ND",
"Tasa_de_alfabetización_de_las_personas_de_15_años_o_más,_desglosada_por_sexo_y_subpoblaciones<b><i>_[CENSO]_</i></b>",	14033,"Degollado","2020","93.059041","99.255121","98.761354","96.198949","76.259947","93.083614","93.037185","86.842105","89.655172","93.00788","98.192771","98.675497","80","100","100","ND","50","96.982759","92.958131","95.35865","96.923077","69.734151","ND",
"Tasa_de_alfabetización_de_las_personas_de_15_años_o_más,_desglosada_por_sexo_y_subpoblaciones<b><i>_[CENSO]_</i></b>",	14034,"Ejutla","2020","93.628088","100","99.626866","95.803184","86.178862","91.176471","96.164021","ND","100","93.601583","95.454545","100","ND","ND","75","ND","ND","100","93.500339","95","97.560976","76.023392","ND",
"Tasa_de_alfabetización_de_las_personas_de_15_años_o_más,_desglosada_por_sexo_y_subpoblaciones<b><i>_[CENSO]_</i></b>",	14035,"Encarnación_de_Díaz","2020","94.252692","99.612403","98.81111","96.111288","80.080875","94.378109","94.139139","93.939394","93.255132","94.224602","99.361022","99.348534","100","ND","100","ND","75","98.734177","94.185765","97.598628","98.837209","75.975359","ND",
"Tasa_de_alfabetización_de_las_personas_de_15_años_o_más,_desglosada_por_sexo_y_subpoblaciones<b><i>_[CENSO]_</i></b>",	14036,"Etzatlán","2020","97.266108","99.55595","99.14577","98.374802","91.263158","97.038821","97.48","100","98.461538","97.254495","100","100","100","100","100","ND","0","100","97.252015","97.474747","100","84.867076","ND",
"Tasa_de_alfabetización_de_las_personas_de_15_años_o_más,_desglosada_por_sexo_y_subpoblaciones<b><i>_[CENSO]_</i></b>",	14037,"El_Grullo","2020","96.480017","99.44","99.272883","97.230181","90.112239","96.375707","96.576795","83.203125","93.636364","96.447131","99.5671","99.526066","100","100","100","ND","50","96.470588","96.463665","97.275204","97.014925","85.459534","ND",
"Tasa_de_alfabetización_de_las_personas_de_15_años_o_más,_desglosada_por_sexo_y_subpoblaciones<b><i>_[CENSO]_</i></b>",	14038,"Guachinango","2020","92.47449","98.469388","99.402093","96.082474","78.921569","91.552795","93.44692","60","88.888889","92.411576","100","100","ND","ND","100","ND","100","96","92.390594","95.744681","96.296296","72.241993","ND",
"Tasa_de_alfabetización_de_las_personas_de_15_años_o_más,_desglosada_por_sexo_y_subpoblaciones<b><i>_[CENSO]_</i></b>",	14039,"Guadalajara","2020","98.271948","99.121401","99.277526","98.921007","95.438155","98.470063","98.092724","93.132936","98.467641","98.354767","99.415607","99.372962","96.992481","99.503311","99.52369","100","28.522099","99.488793","98.353135","99.062599","99.455041","89.633202","95.121951",
"Tasa_de_alfabetización_de_las_personas_de_15_años_o_más,_desglosada_por_sexo_y_subpoblaciones<b><i>_[CENSO]_</i></b>",	14040,"Hostotipaquillo","2020","93.721829","99.409449","98.412698","96.271414","79.259259","92.775789","94.647977","66.666667","95.744681","93.70652","100","100","ND","ND","100","ND","66.666667","100","93.659895","97.435897","100","69.505495","ND",
"Tasa_de_alfabetización_de_las_personas_de_15_años_o_más,_desglosada_por_sexo_y_subpoblaciones<b><i>_[CENSO]_</i></b>",	14041,"Huejúcar","2020","95.024434","99.310345","99.6633","97.258297","86.956522","95.194085","94.867408","85.714286","100","95","96.721311","96.610169","100","ND","100","ND","100","97.849462","94.843419","98.051948","98.019802","81.445313","ND",
"Tasa_de_alfabetización_de_las_personas_de_15_años_o_más,_desglosada_por_sexo_y_subpoblaciones<b><i>_[CENSO]_</i></b>",	14042,"Huejuquilla_el_Alto","2020","91.791153","98.285714","98.391729","94.38608","77.384713","92.658305","91.009377","76.599634","82.758621","91.811923","100","100","ND","ND","ND","ND","12.5","96.666667","91.604709","95.731707","96.969697","72.20339","ND",
"Tasa_de_alfabetización_de_las_personas_de_15_años_o_más,_desglosada_por_sexo_y_subpoblaciones<b><i>_[CENSO]_</i></b>",	14043,"La_Huerta","2020","93.612834","99.106418","98.139288","95.775841","81.753487","93.334929","93.888955","70.37037","97.938144","93.544288","100","100","100","ND","100","ND","33.333333","94.202899","93.638048","93.300248","95.238095","77.055215","ND",
"Tasa_de_alfabetización_de_las_personas_de_15_años_o_más,_desglosada_por_sexo_y_subpoblaciones<b><i>_[CENSO]_</i></b>",	14044,"Ixtlahuacán_de_los_Membrillos","2020","97.442731","99.005496","98.721665","98.216071","88.94","97.522454","97.366901","94.642857","97.695262","97.47148","98.884758","98.492462","100","100","100","ND","25","97.368421","97.476313","97.478329","98.314607","88.046848","ND",
"Tasa_de_alfabetización_de_las_personas_de_15_años_o_más,_desglosada_por_sexo_y_subpoblaciones<b><i>_[CENSO]_</i></b>",	14045,"Ixtlahuacán_del_Río","2020","93.652965","99.055713","98.684211","96.727273","78.643048","93.451202","93.841875","100","96.086957","93.70576","99.470899","99.444444","100","100","100","ND","9.090909","96.341463","93.730342","96.428571","96.685083","75.971093","ND",
"Tasa_de_alfabetización_de_las_personas_de_15_años_o_más,_desglosada_por_sexo_y_subpoblaciones<b><i>_[CENSO]_</i></b>",	14046,"Jalostotitlán","2020","95.497994","98.884381","98.939248","97.277272","83.605745","95.552991","95.447074","100","98.333333","95.444497","99.164345","99.426934","ND","ND","90","ND","75","97.777778","95.466017","96.536797","98.181818","75.823293","ND",
"Tasa_de_alfabetización_de_las_personas_de_15_años_o_más,_desglosada_por_sexo_y_subpoblaciones<b><i>_[CENSO]_</i></b>",	14047,"Jamay","2020","95.288134","98.892989","99.019019","97.121963","82.533464","95.154778","95.420613","96.703297","96.744186","95.265205","98.648649","98.507463","100","100","100","ND","50","98.333333","95.142077","99.62963","97.857143","78.766589","ND",
"Tasa_de_alfabetización_de_las_personas_de_15_años_o_más,_desglosada_por_sexo_y_subpoblaciones<b><i>_[CENSO]_</i></b>",	14048,"Jesús_María","2020","90.016091","98.603352","97.939683","92.385476","71.197649","90.254372","89.813059","88","95.505618","89.946856","99.166667","99.152542","ND","ND","100","ND","50","97.087379","89.733518","94.117647","97.256098","70.185449","ND",
"Tasa_de_alfabetización_de_las_personas_de_15_años_o_más,_desglosada_por_sexo_y_subpoblaciones<b><i>_[CENSO]_</i></b>",	14049,"Jilotlán_de_los_Dolores","2020","88.667058","98.272138","97.679045","92.326801","62.972085","88.906624","88.372093","45.454545","88.235294","87.54717","100","100","100","ND","100","ND","98.033283","93.877551","87.491373","89.830508","94.444444","60.424028","ND",
"Tasa_de_alfabetización_de_las_personas_de_15_años_o_más,_desglosada_por_sexo_y_subpoblaciones<b><i>_[CENSO]_</i></b>",	14050,"Jocotepec","2020","95.531902","98.429319","98.769395","97.079537","84.77959","95.383104","95.67472","91.869919","96.169772","95.4829","98.994253","99.6139","77.777778","ND","98.224852","ND","52.631579","98.214286","95.557478","94.357977","98.295455","79.168728","ND",
"Tasa_de_alfabetización_de_las_personas_de_15_años_o_más,_desglosada_por_sexo_y_subpoblaciones<b><i>_[CENSO]_</i></b>",	14051,"Juanacatlán","2020","97.721001","98.579729","98.946375","98.600497","89.417519","97.810858","97.635009","96.774194","96.865204","97.731406","98.230088","97.802198","100","100","100","ND","72.727273","100","97.696464","98.69403","100","86.376274","ND",
"Tasa_de_alfabetización_de_las_personas_de_15_años_o_más,_desglosada_por_sexo_y_subpoblaciones<b><i>_[CENSO]_</i></b>",	14052,"Juchitlán","2020","95.283733","99.64539","99.635922","97.934783","85.770363","94.450317","96.04438","90","85.714286","95.238095","100","100","ND","ND","100","ND","ND","100","95.207421","97.619048","100","76.717557","ND",
"Tasa_de_alfabetización_de_las_personas_de_15_años_o_más,_desglosada_por_sexo_y_subpoblaciones<b><i>_[CENSO]_</i></b>",	14053,"Lagos_de_Moreno","2020","95.099826","99.029126","98.88962","96.473358","80.809899","95.70327","94.545059","93.577982","95.538244","95.091014","99.726027","99.655766","100","100","100","ND","58.064516","98.447205","95.02999","98.195489","98.607242","76.91538","100",
"Tasa_de_alfabetización_de_las_personas_de_15_años_o_más,_desglosada_por_sexo_y_subpoblaciones<b><i>_[CENSO]_</i></b>",	14054,"El_Limón","2020","95.571868","98.706897","99.611399","97.427984","89.72549","95.121951","96.013133","100","100","95.505888","100","100","ND","100","100","ND","100","97.222222","95.520196","96.363636","97.5","83.425414","ND",
"Tasa_de_alfabetización_de_las_personas_de_15_años_o_más,_desglosada_por_sexo_y_subpoblaciones<b><i>_[CENSO]_</i></b>",	14055,"Magdalena","2020","96.25163","99.331662","99.024628","97.768595","86.879942","96.094386","96.397188","88.461538","96.202532","96.283606","97.419355","97.202797","ND","ND","100","ND","22.222222","100","96.233687","97.229219","100","81.182266","ND",
"Tasa_de_alfabetización_de_las_personas_de_15_años_o_más,_desglosada_por_sexo_y_subpoblaciones<b><i>_[CENSO]_</i></b>",	14056,"Santa_María_del_Oro","2020","82.907801","99.056604","97.178683","86.583463","57.848837","82.193732","83.615819","ND","100","82.586705","100","100","100","ND","ND","ND","ND","92.307692","82.45614","100","95","62.732919","ND",
"Tasa_de_alfabetización_de_las_personas_de_15_años_o_más,_desglosada_por_sexo_y_subpoblaciones<b><i>_[CENSO]_</i></b>",	14057,"La_Manzanilla_de_la_Paz","2020","95.35933","100","98.940397","97.304768","86.50904","94.03183","96.61442","100","100","95.32527","97.727273","97.560976","ND","ND","100","ND","ND","96.610169","95.254123","98.461538","97.014925","82.159624","ND",
"Tasa_de_alfabetización_de_las_personas_de_15_años_o_más,_desglosada_por_sexo_y_subpoblaciones<b><i>_[CENSO]_</i></b>",	14058,"Mascota","2020","96.549497","99.454297","99.380421","98.188547","89.729518","96.062843","97.012239","62.5","89.189189","96.517924","99.206349","99.107143","100","ND","100","ND","100","98.484848","96.48471","98.421053","98.684211","84.995252","ND",
"Tasa_de_alfabetización_de_las_personas_de_15_años_o_más,_desglosada_por_sexo_y_subpoblaciones<b><i>_[CENSO]_</i></b>",	14059,"Mazamitla","2020","94.264487","99.732977","99.187307","96.400563","78.926775","94.063737","94.446543","93.939394","97.674419","94.244604","100","100","100","ND","100","ND","40","100","94.140505","98.406375","100","73.069307","ND",
"Tasa_de_alfabetización_de_las_personas_de_15_años_o_más,_desglosada_por_sexo_y_subpoblaciones<b><i>_[CENSO]_</i></b>",	14060,"Mexticacán","2020","92.533879","99.596774","98.710602","95.909806","80.718336","92.386364","92.654579","ND","100","92.490323","97.222222","97.222222","ND","ND","ND","ND","ND","100","92.364017","100","100","76.363636","ND",
"Tasa_de_alfabetización_de_las_personas_de_15_años_o_más,_desglosada_por_sexo_y_subpoblaciones<b><i>_[CENSO]_</i></b>",	14061,"Mezquitic","2020","75.229648","92.532247","89.679809","69.63454","47.993311","84.054283","67.503342","70.378619","69.283276","75.19084","97.222222","97.058824","ND","ND","100","ND","56.25","97.297297","74.828116","93.636364","97.619048","46.894689","ND",
"Tasa_de_alfabetización_de_las_personas_de_15_años_o_más,_desglosada_por_sexo_y_subpoblaciones<b><i>_[CENSO]_</i></b>",	14062,"Mixtlán","2020","95.060373","100","99.11032","97.791318","85.103245","95.087977","95.032871","100","90","94.994438","100","100","ND","ND","ND","ND","ND","100","94.901065","98","100","80.168776","ND",
"Tasa_de_alfabetización_de_las_personas_de_15_años_o_más,_desglosada_por_sexo_y_subpoblaciones<b><i>_[CENSO]_</i></b>",	14063,"Ocotlán","2020","96.603016","98.318125","98.709465","97.825062","88.900739","96.742801","96.473459","89.726027","96.714849","96.610104","98.584906","98.347107","ND","ND","100","ND","53.125","96.938776","96.576844","98.648649","97.391304","84.70437","ND",
"Tasa_de_alfabetización_de_las_personas_de_15_años_o_más,_desglosada_por_sexo_y_subpoblaciones<b><i>_[CENSO]_</i></b>",	14064,"Ojuelos_de_Jalisco","2020","93.87077","98.550024","98.494203","95.766601","76.484084","94.267575","93.511578","100","91.25","93.84257","99.152542","100","ND","ND","87.5","ND","100","97.798742","93.649254","97.853107","97.619048","73.350094","ND",
"Tasa_de_alfabetización_de_las_personas_de_15_años_o_más,_desglosada_por_sexo_y_subpoblaciones<b><i>_[CENSO]_</i></b>",	14065,"Pihuamo","2020","90.095733","99.643494","98.575198","93.806647","72.306936","89.371865","90.804867","86.666667","88.888889","89.979672","100","100","ND","ND","ND","ND","100","95.384615","89.921913","95.054945","96.296296","66.931217","ND",
"Tasa_de_alfabetización_de_las_personas_de_15_años_o_más,_desglosada_por_sexo_y_subpoblaciones<b><i>_[CENSO]_</i></b>",	14066,"Poncitlán","2020","94.62981","98.526113","98.076012","95.524434","83.16796","95.432375","93.876562","91.666667","92.197452","94.589829","100","100","100","ND","100","ND","100","97.487437","94.566814","98.847262","97.87234","77.751196","ND",
"Tasa_de_alfabetización_de_las_personas_de_15_años_o_más,_desglosada_por_sexo_y_subpoblaciones<b><i>_[CENSO]_</i></b>",	14067,"Puerto_Vallarta","2020","97.847886","99.330797","99.211093","98.42948","91.751488","97.95125","97.745023","86.059744","97.798476","97.876452","99.830004","99.883721","100","99.636364","99.835165","50","36","99.240987","97.866359","98.371294","99.629782","86.819075","ND",
"Tasa_de_alfabetización_de_las_personas_de_15_años_o_más,_desglosada_por_sexo_y_subpoblaciones<b><i>_[CENSO]_</i></b>",	14068,"Villa_Purificación","2020","92.657171","98.924731","99.059735","95.579962","79.9511","91.573034","93.753086","92.857143","85.294118","92.580164","100","100","ND","ND","100","ND","75","97.87234","92.531853","96.396396","98.113208","74.520548","ND",
"Tasa_de_alfabetización_de_las_personas_de_15_años_o_más,_desglosada_por_sexo_y_subpoblaciones<b><i>_[CENSO]_</i></b>",	14069,"Quitupan","2020","86.008511","98.285714","98.764415","93.733484","61.79302","85.636954","86.340206","100","80.434783","85.876679","98.507463","98.484848","ND","ND","100","ND","50","86.666667","85.912561","97.87234","87.301587","52.009456","ND",
"Tasa_de_alfabetización_de_las_personas_de_15_años_o_más,_desglosada_por_sexo_y_subpoblaciones<b><i>_[CENSO]_</i></b>",	14070,"El_Salto","2020","97.010478","98.681455","98.64466","97.633286","86.986258","97.156998","96.845546","93.483709","96.997691","97.034719","98.383085","98.640777","97.435897","100","98.26087","0","55.284553","99.084668","97.014265","97.397627","99.136442","85.659438","ND",
"Tasa_de_alfabetización_de_las_personas_de_15_años_o_más,_desglosada_por_sexo_y_subpoblaciones<b><i>_[CENSO]_</i></b>",	14071,"San_Cristóbal_de_la_Barranca","2020","91.838694","97.080292","98.00885","94.906954","77.801268","91.159136","92.488263","79.310345","100","91.779497","100","100","ND","ND","ND","ND","ND","100","91.752074","91.666667","100","75.233645","ND",
"Tasa_de_alfabetización_de_las_personas_de_15_años_o_más,_desglosada_por_sexo_y_subpoblaciones<b><i>_[CENSO]_</i></b>",	14072,"San_Diego_de_Alejandría","2020","94.699248","99.107143","98.680352","97.075321","81.521739","95.182595","94.246176","100","93.333333","94.661854","98.076923","97.916667","100","ND","100","ND","100","100","94.44664","99.390244","100","75.284091","ND",
"Tasa_de_alfabetización_de_las_personas_de_15_años_o_más,_desglosada_por_sexo_y_subpoblaciones<b><i>_[CENSO]_</i></b>",	14073,"San_Juan_de_los_Lagos","2020","95.824708","99.01332","98.944224","96.991234","84.062458","96.001276","95.65517","97.058824","96.082474","95.802736","98.765432","98.648649","100","100","100","ND","83.333333","98.360656","95.78183","98.608696","98.648649","77.410882","ND",
"Tasa_de_alfabetización_de_las_personas_de_15_años_o_más,_desglosada_por_sexo_y_subpoblaciones<b><i>_[CENSO]_</i></b>",	14074,"San_Julián","2020","94.870534","99.347258","98.951995","97.202342","82.075472","94.944212","94.805195","90","94.495413","94.789311","98.425197","98.393574","ND","ND","100","ND","100","97.57085","94.727382","98.283262","97.909408","78.610729","ND",
"Tasa_de_alfabetización_de_las_personas_de_15_años_o_más,_desglosada_por_sexo_y_subpoblaciones<b><i>_[CENSO]_</i></b>",	14075,"San_Marcos","2020","95.801665","100","99.228395","97.814208","86.867089","95.342067","96.256299","100","94.202899","95.781818","100","100","ND","ND","100","ND","ND","94.736842","95.88015","93.243243","94.736842","82.206406","ND",
"Tasa_de_alfabetización_de_las_personas_de_15_años_o_más,_desglosada_por_sexo_y_subpoblaciones<b><i>_[CENSO]_</i></b>",	14076,"San_Martín_de_Bolaños","2020","92.654579","99.328859","97.748593","94.77534","81.445313","92.535885","92.766727","77.227723","100","92.613371","100","100","ND","ND","ND","ND","ND","100","92.514395","96.363636","100","74.553571","ND",
"Tasa_de_alfabetización_de_las_personas_de_15_años_o_más,_desglosada_por_sexo_y_subpoblaciones<b><i>_[CENSO]_</i></b>",	14077,"San_Martín_Hidalgo","2020","96.173445","99.431818","99.188345","97.968925","89.014414","95.853161","96.476094","81.25","96.330275","96.148503","99.044586","99.016393","100","ND","100","ND","20","98.876404","96.134706","98.333333","99.032258","82.356355","ND",
"Tasa_de_alfabetización_de_las_personas_de_15_años_o_más,_desglosada_por_sexo_y_subpoblaciones<b><i>_[CENSO]_</i></b>",	14078,"San_Miguel_el_Alto","2020","94.320443","99.038462","98.920196","96.363636","80.601221","94.425783","94.224572","92.307692","93.103448","94.268965","99.607843","99.585062","100","ND","100","ND","60","98.268398","94.206884","99.677419","98.455598","77.633478","ND",
"Tasa_de_alfabetización_de_las_personas_de_15_años_o_más,_desglosada_por_sexo_y_subpoblaciones<b><i>_[CENSO]_</i></b>",	14079,"Gómez_Farías","2020","93.427348","99.655172","98.880145","95.557461","74.646412","93.253347","93.589744","88.461538","94.652406","93.404184","100","100","100","ND","100","ND","50","93.75","93.466504","92.13198","94.444444","74.556213","ND",
"Tasa_de_alfabetización_de_las_personas_de_15_años_o_más,_desglosada_por_sexo_y_subpoblaciones<b><i>_[CENSO]_</i></b>",	14080,"San_Sebastián_del_Oeste","2020","92.066421","99.193548","98.40213","95.67867","78.888889","90.598291","93.684211","80","76.923077","92.01703","97.222222","96.969697","ND","ND","100","ND","ND","97.368421","91.896317","96.511628","97.674419","70.914127","ND",
"Tasa_de_alfabetización_de_las_personas_de_15_años_o_más,_desglosada_por_sexo_y_subpoblaciones<b><i>_[CENSO]_</i></b>",	14081,"Santa_María_de_los_Ángeles","2020","93.338323","99.404762","98.576512","95.865633","84.507042","92.945736","93.704776","100","100","93.255021","100","100","ND","ND","100","ND","100","100","93.157076","96.153846","100","79.452055","ND",
"Tasa_de_alfabetización_de_las_personas_de_15_años_o_más,_desglosada_por_sexo_y_subpoblaciones<b><i>_[CENSO]_</i></b>",	14082,"Sayula","2020","96.729075","99.159222","98.79668","97.930569","89.266247","96.963174","96.515141","93.377483","97.535211","96.722764","99.264706","100","80","100","100","ND","75","99.074074","96.748092","96.09375","99.264706","83.675019","ND",
"Tasa_de_alfabetización_de_las_personas_de_15_años_o_más,_desglosada_por_sexo_y_subpoblaciones<b><i>_[CENSO]_</i></b>",	14083,"Tala","2020","96.711552","99.026619","98.915802","97.845646","87.122222","96.506047","96.910766","94.550959","96.421337","96.711258","99.061914","99.082569","100","100","98.850575","ND","35","97.164948","96.737806","96.389735","97.356828","84.014032","ND",
"Tasa_de_alfabetización_de_las_personas_de_15_años_o_más,_desglosada_por_sexo_y_subpoblaciones<b><i>_[CENSO]_</i></b>",	14084,"Talpa_de_Allende","2020","94.832744","99.74359","99.022292","96.737481","84.682081","94.338235","95.313897","100","94.117647","94.794996","100","100","100","ND","100","ND","ND","100","94.778189","95.901639","100","78.851175","ND",
"Tasa_de_alfabetización_de_las_personas_de_15_años_o_más,_desglosada_por_sexo_y_subpoblaciones<b><i>_[CENSO]_</i></b>",	14085,"Tamazula_de_Gordiano","2020","93.468984","98.357964","98.487544","95.822473","81.793103","93.169361","93.752075","87.634409","90.510949","93.432547","98.142415","98.381877","ND","ND","92.857143","ND","28.571429","96.202532","93.39976","96.069182","96.22093","76.225133","89.236111",
"Tasa_de_alfabetización_de_las_personas_de_15_años_o_más,_desglosada_por_sexo_y_subpoblaciones<b><i>_[CENSO]_</i></b>",	14086,"Tapalpa","2020","93.575884","99.169435","98.436083","94.702176","73.879781","93.928217","93.239398","89.387755","91.803279","93.562739","100","100","ND","ND","100","ND","0","100","93.573228","93.153527","100","70.636215","ND",
"Tasa_de_alfabetización_de_las_personas_de_15_años_o_más,_desglosada_por_sexo_y_subpoblaciones<b><i>_[CENSO]_</i></b>",	14087,"Tecalitlán","2020","92.899742","99.269184","98.911652","96.365543","76.89781","92.585237","93.198241","80","88.349515","92.853082","98.901099","98.863636","ND","ND","100","ND","100","98.333333","92.748918","96.923077","98.507463","71.194969","ND",
"Tasa_de_alfabetización_de_las_personas_de_15_años_o_más,_desglosada_por_sexo_y_subpoblaciones<b><i>_[CENSO]_</i></b>",	14088,"Tecolotlán","2020","95.252779","99.647887","98.696462","97.238592","86.547243","94.627757","95.851875","100","97.333333","95.222825","98.726115","98.684211","100","ND","100","ND","50","97.520661","95.197483","100","97.902098","81.234867","ND",
"Tasa_de_alfabetización_de_las_personas_de_15_años_o_más,_desglosada_por_sexo_y_subpoblaciones<b><i>_[CENSO]_</i></b>",	14089,"Techaluta_de_Montenegro","2020","95.968835","99.014778","98.501362","96.99193","90.030675","95.760945","96.166557","73.333333","100","95.972696","95.454545","95.454545","ND","ND","ND","ND","ND","100","96.026261","86.206897","100","78.918919","ND",
"Tasa_de_alfabetización_de_las_personas_de_15_años_o_más,_desglosada_por_sexo_y_subpoblaciones<b><i>_[CENSO]_</i></b>",	14090,"Tenamaxtlán","2020","95.994226","99.498747","99.352751","97.612415","89.096126","95.314243","96.635121","95","90.625","96.016082","100","100","100","ND","100","ND","50","99.065421","95.99105","96.774194","99.115044","84.701493","ND",
"Tasa_de_alfabetización_de_las_personas_de_15_años_o_más,_desglosada_por_sexo_y_subpoblaciones<b><i>_[CENSO]_</i></b>",	14091,"Teocaltiche","2020","94.543174","99.51024","98.586724","96.709813","82.182271","94.820953","94.295877","94.444444","96.215429","94.488854","99.651568","99.641577","100","ND","100","ND","100","99.029126","94.472308","97.150997","99.130435","74.568966","ND",
"Tasa_de_alfabetización_de_las_personas_de_15_años_o_más,_desglosada_por_sexo_y_subpoblaciones<b><i>_[CENSO]_</i></b>",	14092,"Teocuitatlán_de_Corona","2020","94.153701","99.260628","98.953744","96.773374","84.208124","93.31256","94.967532","98.850575","97.222222","94.157463","95.16129","95.16129","ND","ND","ND","ND","0","98.058252","94.00535","99.337748","98.165138","76.441103","ND",
"Tasa_de_alfabetización_de_las_personas_de_15_años_o_más,_desglosada_por_sexo_y_subpoblaciones<b><i>_[CENSO]_</i></b>",	14093,"Tepatitlán_de_Morelos","2020","95.677399","99.214242","99.046551","97.167398","82.893074","95.874005","95.492101","92","95.424063","95.649217","99.275362","99.291617","100","100","99.082569","ND","76.190476","97.287523","95.636202","98.412698","97.590361","75.503844","ND",
"Tasa_de_alfabetización_de_las_personas_de_15_años_o_más,_desglosada_por_sexo_y_subpoblaciones<b><i>_[CENSO]_</i></b>",	14094,"Tequila","2020","96.422352","99.311844","98.856263","98.018949","84.734799","96.383445","96.459902","85.365854","96.126761","96.478604","98.675497","99.259259","100","100","90","ND","15.384615","97.692308","96.486679","96.520147","96.815287","79.525529","ND",
"Tasa_de_alfabetización_de_las_personas_de_15_años_o_más,_desglosada_por_sexo_y_subpoblaciones<b><i>_[CENSO]_</i></b>",	14095,"Teuchitlán","2020","95.512732","99.238095","98.808849","97.814048","85.38163","94.846241","96.136424","58.333333","97.368421","95.465925","100","100","100","ND","100","ND","ND","100","95.507042","92.473118","100","82.334385","ND",
"Tasa_de_alfabetización_de_las_personas_de_15_años_o_más,_desglosada_por_sexo_y_subpoblaciones<b><i>_[CENSO]_</i></b>",	14096,"Tizapán_el_Alto","2020","93.119803","98.906644","98.06135","94.874463","80.785627","92.288243","93.90991","97.777778","89.781022","93.113307","99.253731","99.2","100","ND","100","ND","33.333333","98.617512","92.997002","97.306397","98.8","76.423937","ND",
"Tasa_de_alfabetización_de_las_personas_de_15_años_o_más,_desglosada_por_sexo_y_subpoblaciones<b><i>_[CENSO]_</i></b>",	14097,"Tlajomulco_de_Zúñiga","2020","98.243097","99.033793","99.011125","98.715279","91.630616","98.328852","98.160729","95.864957","98.590926","98.279229","99.11147","99.147243","98.734177","99.367089","99.096774","90","46.904762","99.206349","98.268369","98.761865","99.094807","88.738613","ND",
"Tasa_de_alfabetización_de_las_personas_de_15_años_o_más,_desglosada_por_sexo_y_subpoblaciones<b><i>_[CENSO]_</i></b>",	14098,"San_Pedro_Tlaquepaque","2020","97.579647","98.839041","99.000522","98.3598","90.79958","97.797936","97.371129","88.832829","97.896657","97.607356","99.14307","99.303621","100","100","98.711596","100","44.767442","98.623402","97.596086","98.686808","98.423818","86.282314","86.956522",
"Tasa_de_alfabetización_de_las_personas_de_15_años_o_más,_desglosada_por_sexo_y_subpoblaciones<b><i>_[CENSO]_</i></b>",	14099,"Tolimán","2020","91.196331","98.448276","98.471515","94.280908","71.160078","90.754766","91.616915","82.165605","92.307692","91.154634","100","100","ND","ND","ND","ND","ND","96.551724","91.00125","92.96741","96.875","67.008197","ND",
"Tasa_de_alfabetización_de_las_personas_de_15_años_o_más,_desglosada_por_sexo_y_subpoblaciones<b><i>_[CENSO]_</i></b>",	14100,"Tomatlán","2020","92.891861","97.626263","97.115546","95.208826","80.310779","92.671486","93.117282","53.333333","90.350877","92.896881","98.285714","98.224852","100","ND","100","ND","33.333333","98.545455","93.062779","87.918782","98.662207","76.127093","ND",
"Tasa_de_alfabetización_de_las_personas_de_15_años_o_más,_desglosada_por_sexo_y_subpoblaciones<b><i>_[CENSO]_</i></b>",	14101,"Tonalá","2020","97.690748","98.817669","98.965561","98.488966","90.096516","97.838125","97.549944","91.28697","97.317034","97.738221","99.456522","99.324324","100","100","99.736148","100","38.359788","98.402948","97.73742","98.691366","98.529412","86.746066","ND",
"Tasa_de_alfabetización_de_las_personas_de_15_años_o_más,_desglosada_por_sexo_y_subpoblaciones<b><i>_[CENSO]_</i></b>",	14102,"Tonaya","2020","94.398431","99.649123","99.676375","97.961896","81.50134","93.439636","95.277894","100","92.857143","94.368676","97.619048","97.368421","ND","ND","100","ND","ND","95.555556","94.347151","100","96","70.27027","ND",
"Tasa_de_alfabetización_de_las_personas_de_15_años_o_más,_desglosada_por_sexo_y_subpoblaciones<b><i>_[CENSO]_</i></b>",	14103,"Tonila","2020","95.294735","98.16273","98.962963","97.618175","85.441527","94.738701","95.840555","74.545455","95.454545","95.292666","100","100","ND","ND","100","ND","71.428571","96","95.254545","96.195652","96.551724","76.7507","ND",
"Tasa_de_alfabetización_de_las_personas_de_15_años_o_más,_desglosada_por_sexo_y_subpoblaciones<b><i>_[CENSO]_</i></b>",	14104,"Totatiche","2020","94.054054","99.404762","99.189627","96.930764","85.61001","94.185304","93.924051","76.666667","100","94.017369","97.058824","96.875","ND","ND","100","ND","100","96","93.973141","97.560976","96.078431","71.495327","ND",
"Tasa_de_alfabetización_de_las_personas_de_15_años_o_más,_desglosada_por_sexo_y_subpoblaciones<b><i>_[CENSO]_</i></b>",	14105,"Tototlán","2020","93.92275","99.172932","98.45337","96.365854","78.729642","93.727382","94.11016","100","93.793103","93.883628","100","100","100","100","100","ND","75","94.339623","93.910698","95.652174","95.238095","73.103448","ND",
"Tasa_de_alfabetización_de_las_personas_de_15_años_o_más,_desglosada_por_sexo_y_subpoblaciones<b><i>_[CENSO]_</i></b>",	14106,"Tuxcacuesco","2020","89.074778","98.380567","96.292948","92.625698","68.329177","89.016475","89.134912","78.909091","88.888889","89.083969","100","100","ND","ND","100","ND","0","92.682927","89.377618","87.253142","92.857143","63.51706","ND",
"Tasa_de_alfabetización_de_las_personas_de_15_años_o_más,_desglosada_por_sexo_y_subpoblaciones<b><i>_[CENSO]_</i></b>",	14107,"Tuxcueca","2020","94.548953","98.559078","97.938144","96.658933","84.782609","94.107222","94.96076","100","100","94.463743","100","100","ND","100","100","ND","100","100","94.451754","96.610169","100","73.943662","ND",
"Tasa_de_alfabetización_de_las_personas_de_15_años_o_más,_desglosada_por_sexo_y_subpoblaciones<b><i>_[CENSO]_</i></b>",	14108,"Tuxpan","2020","95.623775","99.09045","98.80752","96.975425","86.548029","96.113047","95.174095","95.833333","94.981413","95.612884","99.107143","100","100","ND","91.666667","ND","50","99.107143","95.588014","96.22196","99.259259","79.439941","ND",
"Tasa_de_alfabetización_de_las_personas_de_15_años_o_más,_desglosada_por_sexo_y_subpoblaciones<b><i>_[CENSO]_</i></b>",	14109,"Unión_de_San_Antonio","2020","92.21438","99.275362","98.657534","94.6105","72.647428","92.560845","91.894186","100","95.857988","92.151335","99.122807","99.090909","100","ND","100","ND","100","95.597484","92.041973","96.551724","95.833333","70.783646","ND",
"Tasa_de_alfabetización_de_las_personas_de_15_años_o_más,_desglosada_por_sexo_y_subpoblaciones<b><i>_[CENSO]_</i></b>",	14110,"Unión_de_Tula","2020","96.148583","99.854227","99.19427","97.717842","89.35743","95.355024","96.874415","80","92.063492","96.113528","99.152542","99.038462","100","ND","100","ND","ND","96.551724","96.127677","97.297297","96.91358","82.725322","ND",
"Tasa_de_alfabetización_de_las_personas_de_15_años_o_más,_desglosada_por_sexo_y_subpoblaciones<b><i>_[CENSO]_</i></b>",	14111,"Valle_de_Guadalupe","2020","94.892641","99.41691","99.307359","97.130802","82.023681","95.283019","94.523327","ND","81.25","94.846885","98.387097","98.360656","ND","ND","100","ND","ND","100","94.846445","100","100","73.308271","ND",
"Tasa_de_alfabetización_de_las_personas_de_15_años_o_más,_desglosada_por_sexo_y_subpoblaciones<b><i>_[CENSO]_</i></b>",	14112,"Valle_de_Juárez","2020","91.818576","98.986486","98.347911","94.564199","79.025239","91.057649","92.515593","100","90.47619","91.762877","98.979592","98.979592","ND","ND","ND","ND","16.666667","97.333333","91.599908","97.945205","97.727273","71.933962","ND",
"Tasa_de_alfabetización_de_las_personas_de_15_años_o_más,_desglosada_por_sexo_y_subpoblaciones<b><i>_[CENSO]_</i></b>",	14113,"San_Gabriel","2020","93.19407","99.113924","98.07309","95.768297","78.360798","92.256296","94.101077","83.333333","88.288288","93.155797","98.666667","98.529412","100","ND","100","ND","100","96.190476","93.161691","93.176179","96.460177","72.17497","ND",
"Tasa_de_alfabetización_de_las_personas_de_15_años_o_más,_desglosada_por_sexo_y_subpoblaciones<b><i>_[CENSO]_</i></b>",	14114,"Villa_Corona","2020","94.909877","98.861646","99.182561","96.659581","84.290243","94.860155","94.958103","98.431373","97.333333","94.86674","98.255814","99.305556","ND","100","77.777778","ND","100","95.121951","94.888588","95.405405","95.305164","79.141104","ND",
"Tasa_de_alfabetización_de_las_personas_de_15_años_o_más,_desglosada_por_sexo_y_subpoblaciones<b><i>_[CENSO]_</i></b>",	14115,"Villa_Guerrero","2020","91.273101","99.672131","98.024149","93.266979","78.806584","91.6841","90.877016","75.909091","100","91.213064","97.297297","97.222222","ND","ND","100","ND","100","96.774194","91.067653","100","96.875","73.205742","ND",
"Tasa_de_alfabetización_de_las_personas_de_15_años_o_más,_desglosada_por_sexo_y_subpoblaciones<b><i>_[CENSO]_</i></b>",	14116,"Villa_Hidalgo","2020","96.109359","99.587118","98.857143","97.710141","85.221465","96.006556","96.200688","87.5","97.619048","96.072572","99.509804","100","75","ND","100","ND","66.666667","99.371069","96.058721","96.456693","99.450549","75.379939","ND",
"Tasa_de_alfabetización_de_las_personas_de_15_años_o_más,_desglosada_por_sexo_y_subpoblaciones<b><i>_[CENSO]_</i></b>",	14117,"Cañadas_de_Obregón","2020","92.644377","99.537037","98.833819","95.016393","81.807648","92.199017","93.080626","87.5","92.307692","92.57885","98.181818","100","ND","ND","0","ND","0","100","92.456418","95.522388","100","76.635514","ND",
"Tasa_de_alfabetización_de_las_personas_de_15_años_o_más,_desglosada_por_sexo_y_subpoblaciones<b><i>_[CENSO]_</i></b>",	14118,"Yahualica_de_González_Gallo","2020","93.802651","99.556738","98.512489","96.532149","82.946663","93.688041","93.904064","93.333333","93.865031","93.708471","99.62406","99.612403","ND","ND","100","ND","100","98.701299","93.682551","96.774194","98.859316","76.403642","ND",
"Tasa_de_alfabetización_de_las_personas_de_15_años_o_más,_desglosada_por_sexo_y_subpoblaciones<b><i>_[CENSO]_</i></b>",	14119,"Zacoalco_de_Torres","2020","95.598331","99.18393","98.231009","97.386494","86.678668","95.192825","96.00431","95.391705","87.356322","95.571739","98.882682","98.75","100","ND","100","ND","ND","98.492462","95.551527","96.216216","98.623853","79.87152","ND",
"Tasa_de_alfabetización_de_las_personas_de_15_años_o_más,_desglosada_por_sexo_y_subpoblaciones<b><i>_[CENSO]_</i></b>",	14120,"Zapopan","2020","98.173853","98.932702","99.118888","98.725298","94.384769","98.307034","98.050001","95.213572","98.217986","98.299644","99.288942","99.386879","98.850575","99.265951","99.246875","95.833333","32.877882","99.123092","98.293284","99.174549","99.040366","88.39837","100",
"Tasa_de_alfabetización_de_las_personas_de_15_años_o_más,_desglosada_por_sexo_y_subpoblaciones<b><i>_[CENSO]_</i></b>",	14121,"Zapotiltic","2020","95.989199","99.52381","99.218404","97.491186","85.786914","96.4098","95.583301","93.393393","93.69697","95.975815","100","100","100","ND","100","ND","50","98.224852","96.022922","95.43179","98.429319","81.876791","88.785047",
"Tasa_de_alfabetización_de_las_personas_de_15_años_o_más,_desglosada_por_sexo_y_subpoblaciones<b><i>_[CENSO]_</i></b>",	14122,"Zapotitlán_de_Vadillo","2020","93.674925","99.502488","99.105299","96.190068","79.507476","94.444444","92.894936","88.888889","97.297297","93.630694","100","100","ND","ND","100","ND","100","100","93.44166","98.930481","100","75.409836","ND",
"Tasa_de_alfabetización_de_las_personas_de_15_años_o_más,_desglosada_por_sexo_y_subpoblaciones<b><i>_[CENSO]_</i></b>",	14123,"Zapotlán_del_Rey","2020","93.692529","98.845043","98.710916","95.856679","78.067672","93.216153","94.158613","80","92.993631","93.65942","97.478992","99.115044","100","ND","60","ND","100","96.610169","93.642549","97.368421","96.296296","76.75367","ND",
"Tasa_de_alfabetización_de_las_personas_de_15_años_o_más,_desglosada_por_sexo_y_subpoblaciones<b><i>_[CENSO]_</i></b>",	14124,"Zapotlanejo","2020","94.925521","99.097575","98.805828","96.769823","80.645597","94.985565","94.868895","90.566038","95.545315","94.90027","99.311927","99.261084","100","ND","100","100","68.965517","97.278912","94.891393","97.750511","97.694524","78.0012","ND",
"Tasa_de_alfabetización_de_las_personas_de_15_años_o_más,_desglosada_por_sexo_y_subpoblaciones<b><i>_[CENSO]_</i></b>",	14125,"San_Ignacio_Cerro_Gordo","2020","93.48644","99.428571","98.523622","95.1531","78.482184","92.780793","94.1291","88.372093","90.909091","93.423874","98.181818","98.113208","100","ND","100","ND","100","99.186992","93.309487","98.083067","98.601399","70.401338","ND",
"Tasa_de_alfabetización_de_las_personas_de_15_años_o_más,_desglosada_por_sexo_y_subpoblaciones<b><i>_[CENSO]_</i></b>",	15,"México","2020","96.859119","99.132206","99.128303","97.894968","88.21519","97.749176","96.04041","84.393986","97.001592","96.898828","99.214047","99.212094","97.976391","99.456029","99.270657","96.646341","85.784002","98.518704","96.874425","98.136038","98.798823","84.803787","100",
"Tasa_de_alfabetización_de_las_personas_de_15_años_o_más,_desglosada_por_sexo_y_subpoblaciones<b><i>_[CENSO]_</i></b>",	15001,"Acambay_de_Ruíz_Castañeda","2020","91.940524","99.230954","99.172699","95.302909","64.769395","94.619475","89.571643","80.80659","91.636883","91.918256","99.468085","100","100","100","100","66.666667","80","98.141264","91.825537","96.255507","98.22695","71.102399","ND",
"Tasa_de_alfabetización_de_las_personas_de_15_años_o_más,_desglosada_por_sexo_y_subpoblaciones<b><i>_[CENSO]_</i></b>",	15002,"Acolman","2020","97.888395","99.45974","99.241704","98.548362","90.816195","98.512369","97.259102","91.437803","97.212932","97.83681","98.712446","100","100","100","96.703297","100","99.024743","95.049505","97.83257","98.029403","96.183206","86.770547","ND",
"Tasa_de_alfabetización_de_las_personas_de_15_años_o_más,_desglosada_por_sexo_y_subpoblaciones<b><i>_[CENSO]_</i></b>",	15003,"Aculco","2020","92.973112","99.59322","99.129114","95.179877","70.219738","95.040492","91.050519","78.43879","87.647059","92.963534","100","100","ND","100","100","ND","87.5","97.183099","92.864424","97.971014","97.368421","70.591017","ND",
"Tasa_de_alfabetización_de_las_personas_de_15_años_o_más,_desglosada_por_sexo_y_subpoblaciones<b><i>_[CENSO]_</i></b>",	15004,"Almoloya_de_Alquisiras","2020","92.436741","99.469777","98.726968","94.777601","72.054795","93.192346","91.792582","80","94.155844","92.402235","100","100","ND","ND","100","ND","ND","98.93617","92.354769","97.183099","98.958333","69.457364","ND",
"Tasa_de_alfabetización_de_las_personas_de_15_años_o_más,_desglosada_por_sexo_y_subpoblaciones<b><i>_[CENSO]_</i></b>",	15005,"Almoloya_de_Juárez","2020","94.240067","99.266332","98.854258","95.600702","72.096597","96.177769","92.327512","82.911392","93.396226","94.121265","100","100","100","100","100","ND","97.254725","98.876404","94.056059","98.793797","98.979592","73.783515","ND",
"Tasa_de_alfabetización_de_las_personas_de_15_años_o_más,_desglosada_por_sexo_y_subpoblaciones<b><i>_[CENSO]_</i></b>",	15006,"Almoloya_del_Río","2020","96.619718","98.548621","99.429503","97.268107","88.351648","97.458589","95.853203","88","98.529412","96.601677","100","100","ND","100","100","ND","ND","100","96.628842","94.736842","100","85.628743","ND",
"Tasa_de_alfabetización_de_las_personas_de_15_años_o_más,_desglosada_por_sexo_y_subpoblaciones<b><i>_[CENSO]_</i></b>",	15007,"Amanalco","2020","90.499294","99.413059","98.717427","92.890754","57.249417","93.442832","87.756555","67.925926","94.308943","90.488195","100","100","ND","ND","100","ND","100","97.560976","90.390372","97.572816","97.560976","62.807882","ND",
"Tasa_de_alfabetización_de_las_personas_de_15_años_o_más,_desglosada_por_sexo_y_subpoblaciones<b><i>_[CENSO]_</i></b>",	15008,"Amatepec","2020","87.335783","99.393939","98.876899","93.157826","61.828442","89.100627","85.712759","80","89.130435","87.266611","100","100","ND","ND","100","ND","0","96.875","87.215233","92.753623","97.076023","57.470588","ND",
"Tasa_de_alfabetización_de_las_personas_de_15_años_o_más,_desglosada_por_sexo_y_subpoblaciones<b><i>_[CENSO]_</i></b>",	15009,"Amecameca","2020","97.729294","99.480789","99.212014","98.575653","91.853674","98.222761","97.294282","94.871795","98.231293","97.7433","95.238095","100","50","100","100","100","70.588235","96.969697","97.721304","99.767442","97.826087","86.096866","ND",
"Tasa_de_alfabetización_de_las_personas_de_15_años_o_más,_desglosada_por_sexo_y_subpoblaciones<b><i>_[CENSO]_</i></b>",	15010,"Apaxco","2020","96.609451","99.502178","99.422687","98.142645","84.704185","97.381015","95.876715","93.75","98.214286","96.611033","97.368421","100","100","100","96.296296","ND","90","100","96.561031","98.477157","100","80.238262","ND",
"Tasa_de_alfabetización_de_las_personas_de_15_años_o_más,_desglosada_por_sexo_y_subpoblaciones<b><i>_[CENSO]_</i></b>",	15011,"Atenco","2020","97.41628","98.978434","99.115838","97.951186","90.116279","97.937117","96.924738","91.405082","96.498054","97.509479","100","100","100","ND","100","ND","40.425532","100","97.526541","97.033898","100","89.335828","ND",
"Tasa_de_alfabetización_de_las_personas_de_15_años_o_más,_desglosada_por_sexo_y_subpoblaciones<b><i>_[CENSO]_</i></b>",	15012,"Atizapán","2020","96.442089","98.266667","98.66565","97.229858","86.899563","97.034672","95.907876","85.123967","90.990991","96.560703","100","100","ND","ND","100","ND","7.692308","94.117647","96.57941","96.721311","94.444444","82.242991","ND",
"Tasa_de_alfabetización_de_las_personas_de_15_años_o_más,_desglosada_por_sexo_y_subpoblaciones<b><i>_[CENSO]_</i></b>",	15013,"Atizapán_de_Zaragoza","2020","97.814535","98.869605","99.08153","98.587192","93.575897","98.410941","97.268498","90.105895","97.091593","97.845134","99.70599","99.84","96.875","99.472296","99.878271","90","71.929825","98.951782","97.863632","97.774211","99.394551","87.644109","ND",
"Tasa_de_alfabetización_de_las_personas_de_15_años_o_más,_desglosada_por_sexo_y_subpoblaciones<b><i>_[CENSO]_</i></b>",	15014,"Atlacomulco","2020","94.552838","99.290014","99.325694","96.509732","72.162274","97.071955","92.33935","80.79337","96.122449","94.55143","99.324324","100","100","100","97.777778","ND","63.157895","99.186992","94.481306","98.187919","99.315068","72.491909","ND",
"Tasa_de_alfabetización_de_las_personas_de_15_años_o_más,_desglosada_por_sexo_y_subpoblaciones<b><i>_[CENSO]_</i></b>",	15015,"Atlautla","2020","94.970236","98.863636","98.170357","96.923884","80.57554","96.016828","93.996669","90.384615","93.115942","94.963219","100","100","100","ND","100","ND","92","100","94.925699","98.4","100","70.693512","ND",
"Tasa_de_alfabetización_de_las_personas_de_15_años_o_más,_desglosada_por_sexo_y_subpoblaciones<b><i>_[CENSO]_</i></b>",	15016,"Axapusco","2020","95.688287","99.281437","99.343273","97.120957","83.459743","96.355419","95.059378","76.875","95.04717","95.67982","100","100","100","100","100","ND","100","100","95.62338","97.887324","100","79.013453","ND",
"Tasa_de_alfabetización_de_las_personas_de_15_años_o_más,_desglosada_por_sexo_y_subpoblaciones<b><i>_[CENSO]_</i></b>",	15017,"Ayapango","2020","97.69852","99.373695","99.437915","98.377693","91.134414","98.294486","97.162577","96","98.4375","97.709204","100","100","ND","ND","100","ND","50","100","97.676991","99.479167","100","86.772487","ND",
"Tasa_de_alfabetización_de_las_personas_de_15_años_o_más,_desglosada_por_sexo_y_subpoblaciones<b><i>_[CENSO]_</i></b>",	15018,"Calimaya","2020","97.064409","98.941519","99.462121","98.184063","85.543964","97.537653","96.624021","85.365854","97.560976","97.051269","99.350649","100","100","98.809524","99.367089","ND","94.736842","100","96.951611","99.480397","100","80.216032","ND",
"Tasa_de_alfabetización_de_las_personas_de_15_años_o_más,_desglosada_por_sexo_y_subpoblaciones<b><i>_[CENSO]_</i></b>",	15019,"Capulhuac","2020","97.498071","98.882682","99.342451","98.48244","89.522059","98.198753","96.858308","92.45283","98.550725","97.514545","98.076923","100","50","100","100","ND","44.444444","100","97.510327","98.101266","100","83.497537","ND",
"Tasa_de_alfabetización_de_las_personas_de_15_años_o_más,_desglosada_por_sexo_y_subpoblaciones<b><i>_[CENSO]_</i></b>",	15020,"Coacalco_de_Berriozábal","2020","98.581428","98.821349","98.855734","98.88527","97.184552","98.864296","98.326245","92.960402","97.913043","98.664555","98.8006","98.369565","95","100","98.924731","100","81.979695","99.543379","98.646541","98.146162","99.503722","94.131221","ND",
"Tasa_de_alfabetización_de_las_personas_de_15_años_o_más,_desglosada_por_sexo_y_subpoblaciones<b><i>_[CENSO]_</i></b>",	15021,"Coatepec_Harinas","2020","91.986895","99.233063","98.108626","92.792866","70.921386","92.465246","91.565129","96.666667","93.150685","91.956918","98.347107","99.145299","100","ND","50","ND","92.307692","95.035461","91.921406","96.707819","95.302013","70.514821","ND",
"Tasa_de_alfabetización_de_las_personas_de_15_años_o_más,_desglosada_por_sexo_y_subpoblaciones<b><i>_[CENSO]_</i></b>",	15022,"Cocotitlán","2020","98.015281","99.498747","99.143836","98.480243","93.875215","98.404255","97.657961","87.5","99.029126","98.046978","100","100","ND","ND","100","ND","63.636364","50","98.109641","96.309963","50","88.375796","ND",
"Tasa_de_alfabetización_de_las_personas_de_15_años_o_más,_desglosada_por_sexo_y_subpoblaciones<b><i>_[CENSO]_</i></b>",	15023,"Coyotepec","2020","96.451548","99.19252","99.027261","97.822271","83.49643","97.299736","95.66006","84.318766","96.832579","96.451591","100","100","100","100","100","100","92.857143","100","96.466791","97.206704","100","79.710145","ND",
"Tasa_de_alfabetización_de_las_personas_de_15_años_o_más,_desglosada_por_sexo_y_subpoblaciones<b><i>_[CENSO]_</i></b>",	15024,"Cuautitlán","2020","98.539921","99.084967","99.098546","99.035074","94.328885","98.87898","98.21817","94.040248","98.166223","98.5752","99.173554","100","83.333333","100","99.642857","33.333333","95.690608","99.270073","98.579777","98.593634","99.661017","91.693291","ND",
"Tasa_de_alfabetización_de_las_personas_de_15_años_o_más,_desglosada_por_sexo_y_subpoblaciones<b><i>_[CENSO]_</i></b>",	15025,"Chalco","2020","97.200667","99.150799","99.122872","97.877217","87.984578","97.831138","96.624456","89.498911","97.193703","97.230502","98.141892","99.239544","96.296296","100","97.619048","90.47619","83.625731","98.545455","97.195211","98.04972","98.473282","86.510428","ND",
"Tasa_de_alfabetización_de_las_personas_de_15_años_o_más,_desglosada_por_sexo_y_subpoblaciones<b><i>_[CENSO]_</i></b>",	15026,"Chapa_de_Mota","2020","92.553571","99.690402","99.250077","94.766697","65.276851","95.712041","89.601865","82.543224","92.303138","92.551385","100","100","100","100","100","ND","87.5","97.058824","92.518918","94.557823","97.142857","71.231934","ND",
"Tasa_de_alfabetización_de_las_personas_de_15_años_o_más,_desglosada_por_sexo_y_subpoblaciones<b><i>_[CENSO]_</i></b>",	15027,"Chapultepec","2020","98.225858","98.937583","99.629934","98.75","92.238267","98.5281","97.950903","81.944444","97.714286","98.231597","100","100","100","ND","100","100","90","100","98.244834","97.98995","100","87.155963","ND",
"Tasa_de_alfabetización_de_las_personas_de_15_años_o_más,_desglosada_por_sexo_y_subpoblaciones<b><i>_[CENSO]_</i></b>",	15028,"Chiautla","2020","97.699779","98.72185","99.139073","98.304507","92.291022","98.041739","97.383844","91.385768","97.98995","97.707559","100","100","100","100","100","ND","88","100","97.703006","97.846154","100","87.448133","ND",
"Tasa_de_alfabetización_de_las_personas_de_15_años_o_más,_desglosada_por_sexo_y_subpoblaciones<b><i>_[CENSO]_</i></b>",	15029,"Chicoloapan","2020","97.705523","99.157474","98.864674","98.520699","90.22578","98.086749","97.355993","90.133202","98.074074","97.736865","99.666667","100","100","100","99.259259","100","87.758945","100","97.725035","98.070262","100","88.015835","ND",
"Tasa_de_alfabetización_de_las_personas_de_15_años_o_más,_desglosada_por_sexo_y_subpoblaciones<b><i>_[CENSO]_</i></b>",	15030,"Chiconcuac","2020","98.14689","99.02371","99.360807","98.758594","92.761491","98.523463","97.799739","96.846847","98.253275","98.255164","91.666667","100","100","100","83.333333","ND","18.518519","100","98.235965","98.987342","100","87.48538","ND",
"Tasa_de_alfabetización_de_las_personas_de_15_años_o_más,_desglosada_por_sexo_y_subpoblaciones<b><i>_[CENSO]_</i></b>",	15031,"Chimalhuacán","2020","96.704662","99.151073","99.113391","97.477146","85.48589","97.560729","95.909626","88.189296","96.542252","96.733796","98.849105","99.201597","97.674419","100","98.165138","100","83.838384","98.669623","96.749762","96.255781","98.776224","85.852772","ND",
"Tasa_de_alfabetización_de_las_personas_de_15_años_o_más,_desglosada_por_sexo_y_subpoblaciones<b><i>_[CENSO]_</i></b>",	15032,"Donato_Guerra","2020","87.71674","99.018405","98.131427","87.044677","51.845404","91.824426","83.869449","76.755129","93.877551","87.702489","96.551724","95.454545","100","100","100","100","91.666667","95.121951","87.640496","94.37751","95.652174","61.061151","ND",
"Tasa_de_alfabetización_de_las_personas_de_15_años_o_más,_desglosada_por_sexo_y_subpoblaciones<b><i>_[CENSO]_</i></b>",	15033,"Ecatepec_de_Morelos","2020","97.711293","99.03144","99.085239","98.489078","92.934675","98.320169","97.150468","89.701954","97.308733","97.829071","99.032459","99.179367","99.145299","99.310345","98.737374","100","62.276683","98.462929","97.83737","97.922033","98.701299","89.448772","ND",
"Tasa_de_alfabetización_de_las_personas_de_15_años_o_más,_desglosada_por_sexo_y_subpoblaciones<b><i>_[CENSO]_</i></b>",	15034,"Ecatzingo","2020","94.526176","99.519231","98.810988","95.667145","76.930792","95.723684","93.405183","95.238095","96.666667","94.533634","85.714286","100","ND","ND","50","ND","100","100","94.448179","100","100","71.910112","ND",
"Tasa_de_alfabetización_de_las_personas_de_15_años_o_más,_desglosada_por_sexo_y_subpoblaciones<b><i>_[CENSO]_</i></b>",	15035,"Huehuetoca","2020","97.971658","99.080748","99.225762","98.555891","88.820323","98.520291","97.461703","95.38338","98.32978","98.213028","98.496241","98.780488","100","100","97.887324","100","30.714286","96.590909","98.194946","98.476305","97.701149","88.694209","ND",
"Tasa_de_alfabetización_de_las_personas_de_15_años_o_más,_desglosada_por_sexo_y_subpoblaciones<b><i>_[CENSO]_</i></b>",	15036,"Hueypoxtla","2020","94.511606","99.350897","98.94393","96.738075","75.484137","95.417515","93.645887","90.37037","94.331984","94.526168","100","100","100","ND","100","ND","53.333333","100","94.477212","97.610294","100","73.998092","ND",
"Tasa_de_alfabetización_de_las_personas_de_15_años_o_más,_desglosada_por_sexo_y_subpoblaciones<b><i>_[CENSO]_</i></b>",	15037,"Huixquilucan","2020","97.876384","99.041934","99.135623","98.658679","92.506429","98.471059","97.346379","91.391076","97.180004","97.89782","99.657163","99.484004","100","99.596774","99.705725","100","70.229008","99.56044","97.913856","98.900115","99.574468","86.516854","ND",
"Tasa_de_alfabetización_de_las_personas_de_15_años_o_más,_desglosada_por_sexo_y_subpoblaciones<b><i>_[CENSO]_</i></b>",	15038,"Isidro_Fabela","2020","95.491382","99.859155","99.192572","97.200271","78.165939","96.057943","94.967033","93.571429","92.394822","95.494053","100","100","100","ND","100","ND","50","100","95.516682","94.214876","100","75.527426","ND",
"Tasa_de_alfabetización_de_las_personas_de_15_años_o_más,_desglosada_por_sexo_y_subpoblaciones<b><i>_[CENSO]_</i></b>",	15039,"Ixtapaluca","2020","97.795587","99.190338","99.234593","98.333777","91.01875","98.21236","97.413785","89.858586","97.610619","97.815156","98.765432","98.542274","100","100","98.550725","100","90.88785","97.669492","97.821354","98.042936","98.059701","89.424496","ND",
"Tasa_de_alfabetización_de_las_personas_de_15_años_o_más,_desglosada_por_sexo_y_subpoblaciones<b><i>_[CENSO]_</i></b>",	15040,"Ixtapan_de_la_Sal","2020","94.252001","99.18738","98.768242","95.173882","80.704739","94.619561","93.928368","90.909091","95.918367","94.238337","99.431818","100","50","100","100","ND","25","95.555556","94.204483","96.842105","96.407186","76.556578","ND",
"Tasa_de_alfabetización_de_las_personas_de_15_años_o_más,_desglosada_por_sexo_y_subpoblaciones<b><i>_[CENSO]_</i></b>",	15041,"Ixtapan_del_Oro","2020","89.353438","97.709924","97.580645","91.578947","65.420561","90.729693","87.989081","76.687117","96","89.333944","100","100","ND","ND","ND","ND","ND","100","89.306292","94.444444","100","59.59596","ND",
"Tasa_de_alfabetización_de_las_personas_de_15_años_o_más,_desglosada_por_sexo_y_subpoblaciones<b><i>_[CENSO]_</i></b>",	15042,"Ixtlahuaca","2020","92.745899","99.271246","99.331165","96.484368","60.417075","96.152717","89.708001","77.455649","93.493635","92.734226","100","100","100","100","100","ND","94.444444","100","92.679174","97.560976","100","66.541523","ND",
"Tasa_de_alfabetización_de_las_personas_de_15_años_o_más,_desglosada_por_sexo_y_subpoblaciones<b><i>_[CENSO]_</i></b>",	15043,"Xalatlaco","2020","96.863763","98.286693","99.271845","98.231541","84.299699","97.665627","96.118721","89.215686","98.636364","96.874288","100","100","100","100","100","ND","57.142857","100","96.869101","97.835498","100","82.697201","ND",
"Tasa_de_alfabetización_de_las_personas_de_15_años_o_más,_desglosada_por_sexo_y_subpoblaciones<b><i>_[CENSO]_</i></b>",	15044,"Jaltenco","2020","98.479369","99.237699","99.156355","99.123441","95.304534","99.004198","98.004767","93.167702","98.564593","98.480836","100","100","100","ND","100","ND","94.117647","100","98.503705","97.755102","100","92.083645","ND",
"Tasa_de_alfabetización_de_las_personas_de_15_años_o_más,_desglosada_por_sexo_y_subpoblaciones<b><i>_[CENSO]_</i></b>",	15045,"Jilotepec","2020","95.216774","99.495357","99.257564","97.115145","79.325935","96.480431","94.042477","87.331536","94.061758","95.206429","99.242424","100","100","ND","97.368421","100","95.529412","100","95.156374","98.173516","100","77.276727","ND",
"Tasa_de_alfabetización_de_las_personas_de_15_años_o_más,_desglosada_por_sexo_y_subpoblaciones<b><i>_[CENSO]_</i></b>",	15046,"Jilotzingo","2020","95.474006","99.463807","98.789713","97.470199","79.759615","96.265912","94.741661","89.583333","94.117647","95.466921","100","100","100","ND","100","ND","100","100","95.484491","94.53125","100","79.882353","ND",
"Tasa_de_alfabetización_de_las_personas_de_15_años_o_más,_desglosada_por_sexo_y_subpoblaciones<b><i>_[CENSO]_</i></b>",	15047,"Jiquipilco","2020","92.594667","99.091485","98.899023","95.769127","64.389262","95.133898","90.387099","73.682257","92.422192","92.599731","96.629213","96.511628","ND","ND","100","ND","65.217391","100","92.535845","98.202614","100","66.066667","ND",
"Tasa_de_alfabetización_de_las_personas_de_15_años_o_más,_desglosada_por_sexo_y_subpoblaciones<b><i>_[CENSO]_</i></b>",	15048,"Jocotitlán","2020","95.455352","99.407827","99.336889","97.64531","78.576244","97.159946","93.936571","80.082988","95.8159","95.454635","100","100","100","ND","100","ND","66.666667","99.038462","95.417025","98.29932","99.099099","78.566256","ND",
"Tasa_de_alfabetización_de_las_personas_de_15_años_o_más,_desglosada_por_sexo_y_subpoblaciones<b><i>_[CENSO]_</i></b>",	15049,"Joquicingo","2020","94.681537","98.454221","98.952703","96.34346","78.594455","96.005377","93.459766","72.463768","96.263736","94.648985","100","100","100","ND","100","ND","100","96.551724","94.648232","96.226415","96.551724","78.761062","ND",
"Tasa_de_alfabetización_de_las_personas_de_15_años_o_más,_desglosada_por_sexo_y_subpoblaciones<b><i>_[CENSO]_</i></b>",	15050,"Juchitepec","2020","95.311464","99.663073","98.802716","96.453252","81.424841","95.708837","94.942438","91.836735","95.663957","95.320801","100","100","ND","ND","100","ND","76.923077","95.652174","95.315798","96.598639","95.652174","77.419355","ND",
"Tasa_de_alfabetización_de_las_personas_de_15_años_o_más,_desglosada_por_sexo_y_subpoblaciones<b><i>_[CENSO]_</i></b>",	15051,"Lerma","2020","97.103674","98.986991","99.426222","98.586311","84.600191","98.029533","96.218559","77.120587","97.240865","97.102627","99.418605","100","93.75","100","99.375","100","94.134078","98.947368","97.041868","99.071429","99.57265","81.758242","ND",
"Tasa_de_alfabetización_de_las_personas_de_15_años_o_más,_desglosada_por_sexo_y_subpoblaciones<b><i>_[CENSO]_</i></b>",	15052,"Malinalco","2020","92.492448","99.122807","98.601272","94.562648","73.357122","93.496682","91.546451","92.727273","95.234604","92.498259","97.560976","96.428571","ND","ND","100","ND","33.333333","96.610169","92.429854","96.581197","96.8","70.552147","ND",
"Tasa_de_alfabetización_de_las_personas_de_15_años_o_más,_desglosada_por_sexo_y_subpoblaciones<b><i>_[CENSO]_</i></b>",	15053,"Melchor_Ocampo","2020","97.613449","99.351032","99.303475","98.409576","89.821277","98.359535","96.918506","91.013584","98.171239","97.629966","99.090909","100","100","88.888889","100","ND","72.972973","100","97.648303","97.133758","100","88.365776","ND",
"Tasa_de_alfabetización_de_las_personas_de_15_años_o_más,_desglosada_por_sexo_y_subpoblaciones<b><i>_[CENSO]_</i></b>",	15054,"Metepec","2020","98.440416","99.051806","99.355917","99.032416","95.296648","98.921952","98.010107","93.233945","98.129461","98.486255","99.361807","100","97.959184","100","99.095705","100","48.826291","100","98.470667","99.411035","99.513145","89.626714","100",
"Tasa_de_alfabetización_de_las_personas_de_15_años_o_más,_desglosada_por_sexo_y_subpoblaciones<b><i>_[CENSO]_</i></b>",	15055,"Mexicaltzingo","2020","97.168522","99.211564","99.53868","98.333333","86.243386","97.856854","96.52568","86.792453","97.350993","97.16076","100","100","100","100","100","ND","100","100","97.152743","98.275862","100","82.960894","ND",
"Tasa_de_alfabetización_de_las_personas_de_15_años_o_más,_desglosada_por_sexo_y_subpoblaciones<b><i>_[CENSO]_</i></b>",	15056,"Morelos","2020","89.842192","99.58635","98.664643","93.101219","59.612278","93.344993","86.723488","72.450879","85.555556","89.837134","100","100","100","ND","100","ND","75","98.461538","89.738831","95.251397","98.591549","62.30661","ND",
"Tasa_de_alfabetización_de_las_personas_de_15_años_o_más,_desglosada_por_sexo_y_subpoblaciones<b><i>_[CENSO]_</i></b>",	15057,"Naucalpan_de_Juárez","2020","97.769567","99.268475","99.265724","98.586195","93.01283","98.489557","97.116115","92.29115","97.55908","97.795285","99.589669","98.974943","99.009901","99.745547","99.782372","100","70.731707","99.300699","97.78496","98.644231","99.310345","87.442908","ND",
"Tasa_de_alfabetización_de_las_personas_de_15_años_o_más,_desglosada_por_sexo_y_subpoblaciones<b><i>_[CENSO]_</i></b>",	15058,"Nezahualcóyotl","2020","97.829345","98.947646","99.24577","98.740162","93.281341","98.491588","97.225578","90.776035","97.977953","97.960313","98.731384","98.635887","100","100","98.838897","89.473684","83.47506","99.067909","97.962158","98.556496","99.019608","89.034968","ND",
"Tasa_de_alfabetización_de_las_personas_de_15_años_o_más,_desglosada_por_sexo_y_subpoblaciones<b><i>_[CENSO]_</i></b>",	15059,"Nextlalpan","2020","98.044879","99.544122","99.064642","98.666959","90.273794","98.564471","97.562369","91.813602","97.008547","98.045578","98.198198","97.435897","100","100","98.387097","ND","96.428571","97.87234","98.019517","98.502043","98.734177","89.691211","ND",
"Tasa_de_alfabetización_de_las_personas_de_15_años_o_más,_desglosada_por_sexo_y_subpoblaciones<b><i>_[CENSO]_</i></b>",	15060,"Nicolás_Romero","2020","96.992936","99.176795","99.122211","97.975702","87.261574","97.84435","96.199924","90.021097","96.719818","97.012105","99.544765","99.677419","95.652174","100","99.646643","100","67.293233","98.314607","97.022508","96.977251","98.510638","84.790062","ND",
"Tasa_de_alfabetización_de_las_personas_de_15_años_o_más,_desglosada_por_sexo_y_subpoblaciones<b><i>_[CENSO]_</i></b>",	15061,"Nopaltepec","2020","96.381792","99.661017","99.394856","98.056491","85.144644","97.446129","95.369433","87.5","94.915254","96.37474","100","100","ND","100","100","ND","100","100","96.340493","98.026316","100","79.781421","ND",
"Tasa_de_alfabetización_de_las_personas_de_15_años_o_más,_desglosada_por_sexo_y_subpoblaciones<b><i>_[CENSO]_</i></b>",	15062,"Ocoyoacac","2020","97.397502","98.999737","99.581677","98.843688","87.061605","98.468238","96.400498","87.901419","98.085586","97.399763","99.014778","100","100","97.560976","99.180328","ND","73.684211","100","97.368371","98.667555","99.152542","82.929936","ND",
"Tasa_de_alfabetización_de_las_personas_de_15_años_o_más,_desglosada_por_sexo_y_subpoblaciones<b><i>_[CENSO]_</i></b>",	15063,"Ocuilan","2020","93.695852","98.952164","99.00081","95.155681","73.382789","94.741228","92.734519","91.519055","93.904762","93.687162","100","100","100","ND","100","ND","50","99.074074","93.594466","97.971602","99.122807","74.114114","ND",
"Tasa_de_alfabetización_de_las_personas_de_15_años_o_más,_desglosada_por_sexo_y_subpoblaciones<b><i>_[CENSO]_</i></b>",	15064,"El_Oro","2020","93.543982","99.426808","99.147381","96.253534","71.087066","96.308059","91.015398","79.338458","92.982456","93.536515","97.058824","96.296296","100","100","100","100","93.852459","100","93.490916","95.578947","100","72.38806","ND",
"Tasa_de_alfabetización_de_las_personas_de_15_años_o_más,_desglosada_por_sexo_y_subpoblaciones<b><i>_[CENSO]_</i></b>",	15065,"Otumba","2020","96.447563","99.794344","99.280874","98.353347","83.062297","97.084721","95.812753","91.946309","96.651786","96.393706","100","100","100","100","100","ND","97.816594","100","96.392215","96.653543","100","79.798762","ND",
"Tasa_de_alfabetización_de_las_personas_de_15_años_o_más,_desglosada_por_sexo_y_subpoblaciones<b><i>_[CENSO]_</i></b>",	15066,"Otzoloapan","2020","85.337776","100","98.539326","89.967638","47.157191","86.286788","84.448357","100","81.818182","85.302156","100","100","100","ND","ND","ND","ND","100","85.279805","100","100","41.040462","ND",
"Tasa_de_alfabetización_de_las_personas_de_15_años_o_más,_desglosada_por_sexo_y_subpoblaciones<b><i>_[CENSO]_</i></b>",	15067,"Otzolotepec","2020","94.657391","99.2759","99.236921","96.188231","71.693047","96.403063","93.021854","69.938789","97.362637","94.653098","98.734177","95.652174","100","100","100","ND","90","100","94.578084","98.798283","100","72.13771","ND",
"Tasa_de_alfabetización_de_las_personas_de_15_años_o_más,_desglosada_por_sexo_y_subpoblaciones<b><i>_[CENSO]_</i></b>",	15068,"Ozumba","2020","96.99178","98.540146","99.073038","98.036766","88.964097","97.790577","96.281685","85.897436","97.5","97.020443","94.594595","93.939394","100","ND","100","ND","60","100","96.994548","97.560976","100","81.25","ND",
"Tasa_de_alfabetización_de_las_personas_de_15_años_o_más,_desglosada_por_sexo_y_subpoblaciones<b><i>_[CENSO]_</i></b>",	15069,"Papalotla","2020","97.938144","99.239544","99.155227","98.74739","92.5","97.93341","97.942387","100","98.214286","98.013605","100","100","100","ND","100","ND","0","85.714286","97.999444","100","88.888889","88.72549","ND",
"Tasa_de_alfabetización_de_las_personas_de_15_años_o_más,_desglosada_por_sexo_y_subpoblaciones<b><i>_[CENSO]_</i></b>",	15070,"La_Paz","2020","97.06309","99.257942","99.02833","97.684079","89.01824","97.879868","96.308436","89.157001","97.056213","97.098448","98.195876","98.230088","100","100","99.130435","90.909091","88.090129","100","97.138901","96.378776","99.142857","87.466129","ND",
"Tasa_de_alfabetización_de_las_personas_de_15_años_o_más,_desglosada_por_sexo_y_subpoblaciones<b><i>_[CENSO]_</i></b>",	15071,"Polotitlán","2020","95.212475","99.477807","99.505475","96.97025","81.957672","95.79404","94.668079","84.848485","93.617021","95.204166","100","100","ND","ND","100","ND","100","100","95.129688","98.723404","100","78.378378","ND",
"Tasa_de_alfabetización_de_las_personas_de_15_años_o_más,_desglosada_por_sexo_y_subpoblaciones<b><i>_[CENSO]_</i></b>",	15072,"Rayón","2020","97.153086","99.56044","99.339207","98.350482","86.324786","98.170515","96.214356","89.473684","97.647059","97.15749","100","100","100","ND","100","ND","66.666667","100","97.144847","97.826087","100","82.990654","ND",
"Tasa_de_alfabetización_de_las_personas_de_15_años_o_más,_desglosada_por_sexo_y_subpoblaciones<b><i>_[CENSO]_</i></b>",	15073,"San_Antonio_la_Isla","2020","98.180492","99.353448","99.518432","99.138582","87.722501","98.602974","97.796527","94.69697","99.025579","98.175324","100","100","100","100","100","ND","100","96","98.121264","99.502982","97.916667","87.913223","ND",
"Tasa_de_alfabetización_de_las_personas_de_15_años_o_más,_desglosada_por_sexo_y_subpoblaciones<b><i>_[CENSO]_</i></b>",	15074,"San_Felipe_del_Progreso","2020","89.160208","99.485564","99.002384","90.23836","48.254419","94.480398","84.493409","78.687983","83.346184","89.155106","100","100","100","ND","100","ND","80","97.058824","89.071628","96.734694","97.237569","61.874629","ND",
"Tasa_de_alfabetización_de_las_personas_de_15_años_o_más,_desglosada_por_sexo_y_subpoblaciones<b><i>_[CENSO]_</i></b>",	15075,"San_Martín_de_las_Pirámides","2020","97.077849","99.82217","99.374472","98.421006","86.757426","97.724932","96.472956","83.773585","97.568389","97.084694","100","100","100","100","100","100","78.571429","100","97.10508","96.31068","100","83.053839","ND",
"Tasa_de_alfabetización_de_las_personas_de_15_años_o_más,_desglosada_por_sexo_y_subpoblaciones<b><i>_[CENSO]_</i></b>",	15076,"San_Mateo_Atenco","2020","97.740145","98.854609","99.359584","98.712755","89.018283","98.428576","97.098709","90.909091","98.940998","97.770029","99.305556","100","100","100","98.773006","100","71.717172","100","97.740726","99.041534","100","83.760375","ND",
"Tasa_de_alfabetización_de_las_personas_de_15_años_o_más,_desglosada_por_sexo_y_subpoblaciones<b><i>_[CENSO]_</i></b>",	15077,"San_Simón_de_Guerrero","2020","91.493955","99.759036","98.717949","94.734411","67.288557","93.281888","89.872375","90","100","91.468168","100","100","ND","ND","100","ND","ND","100","91.408482","94.915254","100","65.517241","ND",
"Tasa_de_alfabetización_de_las_personas_de_15_años_o_más,_desglosada_por_sexo_y_subpoblaciones<b><i>_[CENSO]_</i></b>",	15078,"Santo_Tomás","2020","91.774194","99.250936","99.274235","94.446149","67.030965","92.388688","91.189931","100","100","91.760905","100","100","ND","100","ND","ND","100","100","91.755162","90.47619","100","56.696429","ND",
"Tasa_de_alfabetización_de_las_personas_de_15_años_o_más,_desglosada_por_sexo_y_subpoblaciones<b><i>_[CENSO]_</i></b>",	15079,"Soyaniquilpan_de_Juárez","2020","96.300556","99.597855","99.191771","97.779451","85.290557","96.975054","95.65787","91.666667","92.792793","96.304494","100","100","100","ND","100","ND","0","100","96.271756","97.931034","100","82.872928","ND",
"Tasa_de_alfabetización_de_las_personas_de_15_años_o_más,_desglosada_por_sexo_y_subpoblaciones<b><i>_[CENSO]_</i></b>",	15080,"Sultepec","2020","85.062519","99.218195","97.735939","88.635177","52.941176","87.656435","82.825988","75.776398","88.215488","84.972239","100","100","ND","ND","ND","ND","91.333333","97.727273","84.88618","95.945946","97.849462","56.768559","ND",
"Tasa_de_alfabetización_de_las_personas_de_15_años_o_más,_desglosada_por_sexo_y_subpoblaciones<b><i>_[CENSO]_</i></b>",	15081,"Tecámac","2020","98.589993","99.291411","99.318091","99.143499","93.643026","98.969538","98.242303","93.64945","98.823232","98.619889","99.376559","99.574468","100","99.038462","99.318956","100","76.190476","98.944591","98.60922","98.908962","99.155609","91.494241","ND",
"Tasa_de_alfabetización_de_las_personas_de_15_años_o_más,_desglosada_por_sexo_y_subpoblaciones<b><i>_[CENSO]_</i></b>",	15082,"Tejupilco","2020","89.517474","99.266862","98.683472","92.877106","58.370119","91.11296","88.11571","87.719298","89.795918","89.454437","98.898072","98.780488","100","100","100","ND","85.714286","95.266272","89.37661","96.315121","95.380435","58.298862","ND",
"Tasa_de_alfabetización_de_las_personas_de_15_años_o_más,_desglosada_por_sexo_y_subpoblaciones<b><i>_[CENSO]_</i></b>",	15083,"Temamatla","2020","97.318348","98.920378","98.823962","98.09454","89.533933","97.577002","97.079461","90.869565","97.752809","97.38375","100","100","100","ND","100","ND","12.5","100","97.216891","99.466667","100","87.42515","ND",
"Tasa_de_alfabetización_de_las_personas_de_15_años_o_más,_desglosada_por_sexo_y_subpoblaciones<b><i>_[CENSO]_</i></b>",	15084,"Temascalapa","2020","96.620902","99.48839","99.080297","97.972515","85.858586","97.204287","96.070428","88.012618","96.313912","96.630131","100","100","100","100","100","ND","75","94.736842","96.602897","98.122066","95.555556","81.15942","ND",
"Tasa_de_alfabetización_de_las_personas_de_15_años_o_más,_desglosada_por_sexo_y_subpoblaciones<b><i>_[CENSO]_</i></b>",	15085,"Temascalcingo","2020","90.567627","99.034414","98.706498","94.511285","60.71475","94.3271","87.240545","75.861704","87.043189","90.558076","100","100","100","ND","100","100","70.588235","97.484277","90.48097","96.837945","97.546012","63.231018","ND",
"Tasa_de_alfabetización_de_las_personas_de_15_años_o_más,_desglosada_por_sexo_y_subpoblaciones<b><i>_[CENSO]_</i></b>",	15086,"Temascaltepec","2020","92.536939","99.275712","98.61516","94.597924","70.534224","94.322202","90.855146","85.810398","94.495413","92.503171","98.214286","98.039216","ND","ND","100","ND","95.135135","98.275862","92.447104","96.315789","98.412698","69.895969","ND",
"Tasa_de_alfabetización_de_las_personas_de_15_años_o_más,_desglosada_por_sexo_y_subpoblaciones<b><i>_[CENSO]_</i></b>",	15087,"Temoaya","2020","93.695983","98.926905","99.194686","95.185096","67.401654","96.147314","91.432753","85.897041","94.904459","93.729072","98.507463","100","100","92.857143","100","ND","43.636364","100","93.608975","98.366903","98.148148","70.978261","ND",
"Tasa_de_alfabetización_de_las_personas_de_15_años_o_más,_desglosada_por_sexo_y_subpoblaciones<b><i>_[CENSO]_</i></b>",	15088,"Tenancingo","2020","95.127223","99.345638","98.987122","96.576753","79.683581","95.888208","94.421296","92.972973","95.52","95.130289","100","100","100","100","100","ND","94.089609","100","95.093002","98.253275","100","77.301587","ND",
"Tasa_de_alfabetización_de_las_personas_de_15_años_o_más,_desglosada_por_sexo_y_subpoblaciones<b><i>_[CENSO]_</i></b>",	15089,"Tenango_del_Aire","2020","97.047664","98.967298","99.364214","98.149861","88.771665","97.553744","96.580807","92.982456","97.368421","97.054982","100","100","ND","ND","100","ND","80","100","97.030536","99.056604","100","85.609756","ND",
"Tasa_de_alfabetización_de_las_personas_de_15_años_o_más,_desglosada_por_sexo_y_subpoblaciones<b><i>_[CENSO]_</i></b>",	15090,"Tenango_del_Valle","2020","94.856129","99.38553","98.984472","96.071571","78.614739","95.777199","93.986744","84.117647","97.24389","94.809938","98.230088","97.435897","100","100","100","ND","97.684675","99.212598","94.773071","97.438882","99.285714","75.627582","ND",
"Tasa_de_alfabetización_de_las_personas_de_15_años_o_más,_desglosada_por_sexo_y_subpoblaciones<b><i>_[CENSO]_</i></b>",	15091,"Teoloyucan","2020","96.907473","99.123551","99.024242","98.20653","86.901429","97.66029","96.211457","93.877551","96.331237","96.991636","96.078431","95.454545","100","ND","95.652174","100","76.165803","100","96.998136","97.004608","100","81.946984","ND",
"Tasa_de_alfabetización_de_las_personas_de_15_años_o_más,_desglosada_por_sexo_y_subpoblaciones<b><i>_[CENSO]_</i></b>",	15092,"Teotihuacán","2020","97.363299","99.416532","99.27968","98.481078","89.126451","97.965407","96.818554","88.071066","96.571429","97.385814","98.888889","100","66.666667","ND","100","100","80","100","97.387706","97.947548","100","84.155702","ND",
"Tasa_de_alfabetización_de_las_personas_de_15_años_o_más,_desglosada_por_sexo_y_subpoblaciones<b><i>_[CENSO]_</i></b>",	15093,"Tepetlaoxtoc","2020","97.398279","99.319728","99.445983","98.360523","89.189189","97.804667","97.021856","93.609023","96.573209","97.440067","100","100","100","ND","100","ND","25","100","97.446031","97.717842","100","85.714286","ND",
"Tasa_de_alfabetización_de_las_personas_de_15_años_o_más,_desglosada_por_sexo_y_subpoblaciones<b><i>_[CENSO]_</i></b>",	15094,"Tepetlixpa","2020","96.534162","98.614958","98.542982","97.357059","89.142857","96.91264","96.187943","78.947368","96.825397","96.527041","100","100","ND","ND","100","ND","100","100","96.502417","98.453608","100","83.633842","ND",
"Tasa_de_alfabetización_de_las_personas_de_15_años_o_más,_desglosada_por_sexo_y_subpoblaciones<b><i>_[CENSO]_</i></b>",	15095,"Tepotzotlán","2020","97.257035","99.137311","99.247368","98.367996","88.574731","97.938657","96.614397","90.537849","97.301717","97.281167","97.461929","100","87.5","96.875","96.73913","ND","65.57377","98.969072","97.275013","97.5058","98.648649","84.936709","ND",
"Tasa_de_alfabetización_de_las_personas_de_15_años_o_más,_desglosada_por_sexo_y_subpoblaciones<b><i>_[CENSO]_</i></b>",	15096,"Tequixquiac","2020","97.460178","99.716848","99.545566","98.479387","88.249815","97.988647","96.96732","88.442211","97.435897","97.468312","94.444444","100","100","88.888889","91.666667","ND","88.888889","95.833333","97.446486","98.510638","97.368421","85.170341","ND",
"Tasa_de_alfabetización_de_las_personas_de_15_años_o_más,_desglosada_por_sexo_y_subpoblaciones<b><i>_[CENSO]_</i></b>",	15097,"Texcaltitlán","2020","92.946393","98.994516","98.978465","93.973407","74.815595","94.255428","91.778523","100","91.666667","92.926019","100","100","ND","ND","ND","ND","33.333333","98.148148","92.919488","95.121951","96.610169","74.427021","ND",
"Tasa_de_alfabetización_de_las_personas_de_15_años_o_más,_desglosada_por_sexo_y_subpoblaciones<b><i>_[CENSO]_</i></b>",	15098,"Texcalyacac","2020","97.616238","98.525074","98.553345","98.305861","92.927632","97.895252","97.356427","88.52459","98.726115","97.633696","100","100","ND","ND","100","ND","80","100","97.597886","100","100","87.919463","ND",
"Tasa_de_alfabetización_de_las_personas_de_15_años_o_más,_desglosada_por_sexo_y_subpoblaciones<b><i>_[CENSO]_</i></b>",	15099,"Texcoco","2020","97.642321","99.143847","99.255824","98.447577","91.381877","98.15154","97.172768","89.980833","98.001303","97.691712","99.535316","99.646643","100","95.833333","99.71831","100","86.625332","98.916968","97.674178","98.416489","98.616601","86.364481","ND",
"Tasa_de_alfabetización_de_las_personas_de_15_años_o_más,_desglosada_por_sexo_y_subpoblaciones<b><i>_[CENSO]_</i></b>",	15100,"Tezoyuca","2020","96.512192","98.198198","97.800041","97.046965","90.173954","96.941396","96.102158","88.723776","94.91833","96.65548","97.674419","97.142857","100","ND","100","100","64.779874","94.444444","96.725441","93.734644","94.594595","86.336867","ND",
"Tasa_de_alfabetización_de_las_personas_de_15_años_o_más,_desglosada_por_sexo_y_subpoblaciones<b><i>_[CENSO]_</i></b>",	15101,"Tianguistenco","2020","96.777202","98.644139","98.968171","98.035256","86.025818","97.672041","95.951302","82.678133","96.781116","96.794819","99","98.113208","100","100","100","ND","56.25","98.850575","96.766298","98.065476","99.090909","83.028169","ND",
"Tasa_de_alfabetización_de_las_personas_de_15_años_o_más,_desglosada_por_sexo_y_subpoblaciones<b><i>_[CENSO]_</i></b>",	15102,"Timilpan","2020","94.100708","99.571275","99.378069","97.286499","75.40528","95.522388","92.84719","78.960097","92.105263","94.169072","94.736842","93.75","100","ND","100","ND","10","100","94.092123","99.264706","100","69.36737","ND",
"Tasa_de_alfabetización_de_las_personas_de_15_años_o_más,_desglosada_por_sexo_y_subpoblaciones<b><i>_[CENSO]_</i></b>",	15103,"Tlalmanalco","2020","98.29329","99.41127","99.53032","98.943279","94.148284","98.715801","97.912685","90.697674","97.310513","98.304681","100","100","ND","100","100","ND","70.588235","100","98.304994","98.105263","100","89.551391","ND",
"Tasa_de_alfabetización_de_las_personas_de_15_años_o_más,_desglosada_por_sexo_y_subpoblaciones<b><i>_[CENSO]_</i></b>",	15104,"Tlalnepantla_de_Baz","2020","97.970379","99.088209","99.233827","98.756254","94.226128","98.605936","97.380418","91.039849","97.825864","98.032488","99.390244","99.325464","96.226415","98.765432","99.676637","100","93.738318","98.911071","98.018207","98.637261","99.295065","88.796417","ND",
"Tasa_de_alfabetización_de_las_personas_de_15_años_o_más,_desglosada_por_sexo_y_subpoblaciones<b><i>_[CENSO]_</i></b>",	15105,"Tlatlaya","2020","85.707913","99.443826","98.710352","92.76089","54.285176","87.53805","83.994126","85.714286","83.928571","85.634144","98.507463","99.224806","100","ND","66.666667","ND","50","96.89441","85.528529","94.509804","96.987952","50.202195","ND",
"Tasa_de_alfabetización_de_las_personas_de_15_años_o_más,_desglosada_por_sexo_y_subpoblaciones<b><i>_[CENSO]_</i></b>",	15106,"Toluca","2020","97.203926","99.078014","99.333482","98.212604","88.585345","98.287806","96.224941","82.266763","97.425589","97.225037","99.41691","99.329983","97.142857","99.4614","99.538563","100","48.584906","99.175824","97.192904","99.003494","99.486521","84.353132","ND",
"Tasa_de_alfabetización_de_las_personas_de_15_años_o_más,_desglosada_por_sexo_y_subpoblaciones<b><i>_[CENSO]_</i></b>",	15107,"Tonatico","2020","94.879237","98.939394","99.338296","97.201735","82.542113","95.612511","94.209796","86.666667","96.440129","94.900524","100","100","ND","ND","100","ND","12.5","100","94.870428","96.825397","100","81.027104","ND",
"Tasa_de_alfabetización_de_las_personas_de_15_años_o_más,_desglosada_por_sexo_y_subpoblaciones<b><i>_[CENSO]_</i></b>",	15108,"Tultepec","2020","98.063175","99.209095","99.270375","98.779533","91.681404","98.640989","97.522311","91.848617","98.911624","98.076212","99.610895","98.863636","100","100","100","ND","73.076923","100","98.066926","98.467302","100","88.414634","ND",
"Tasa_de_alfabetización_de_las_personas_de_15_años_o_más,_desglosada_por_sexo_y_subpoblaciones<b><i>_[CENSO]_</i></b>",	15109,"Tultitlán","2020","97.966417","99.061854","99.14951","98.682037","93.141636","98.55221","97.423158","92.603613","97.789459","98.061539","97.257384","99.164345","96.551724","98.360656","95.679012","100","81.830009","99.029126","98.078101","97.939168","98.255814","89.378088","ND",
"Tasa_de_alfabetización_de_las_personas_de_15_años_o_más,_desglosada_por_sexo_y_subpoblaciones<b><i>_[CENSO]_</i></b>",	15110,"Valle_de_Bravo","2020","93.885522","98.826074","98.804114","95.003311","77.040065","94.928074","92.908696","76.271186","94.247788","93.834121","100","100","100","ND","100","ND","96.962025","100","93.819323","96.659243","100","72.844345","ND",
"Tasa_de_alfabetización_de_las_personas_de_15_años_o_más,_desglosada_por_sexo_y_subpoblaciones<b><i>_[CENSO]_</i></b>",	15111,"Villa_de_Allende","2020","89.919702","99.336985","98.782304","91.066675","53.472883","94.020165","86.142102","69.856459","93.233083","89.919377","100","100","100","ND","100","ND","0","100","89.88292","94.422311","100","64.479638","ND",
"Tasa_de_alfabetización_de_las_personas_de_15_años_o_más,_desglosada_por_sexo_y_subpoblaciones<b><i>_[CENSO]_</i></b>",	15112,"Villa_del_Carbón","2020","92.526513","99.456174","98.949793","93.929841","68.291152","94.252423","90.848178","74.739374","92.857143","92.525716","100","100","100","100","100","ND","85.714286","97.142857","92.468362","97.931034","97.297297","71.92233","ND",
"Tasa_de_alfabetización_de_las_personas_de_15_años_o_más,_desglosada_por_sexo_y_subpoblaciones<b><i>_[CENSO]_</i></b>",	15113,"Villa_Guerrero","2020","93.222722","99","97.865114","93.403358","76.897747","92.895016","93.527694","81.818182","89.858012","93.212292","98.285714","98.726115","83.333333","100","100","ND","66.666667","96.078431","93.183196","96.082474","96.363636","77.175464","ND",
"Tasa_de_alfabetización_de_las_personas_de_15_años_o_más,_desglosada_por_sexo_y_subpoblaciones<b><i>_[CENSO]_</i></b>",	15114,"Villa_Victoria","2020","88.844272","98.986393","98.183581","89.012286","50.083925","92.300386","85.597231","78.312784","86.363636","88.854148","100","100","ND","100","100","100","62.790698","98.850575","88.770001","97.260274","98.93617","59.315589","ND",
"Tasa_de_alfabetización_de_las_personas_de_15_años_o_más,_desglosada_por_sexo_y_subpoblaciones<b><i>_[CENSO]_</i></b>",	15115,"Xonacatlán","2020","96.078431","98.59335","99.197417","97.901964","80.568536","97.160411","95.059327","75.516224","97.580645","96.077448","98.076923","90.909091","100","100","100","ND","88.888889","100","96.010557","99.070848","100","79.179331","ND",
"Tasa_de_alfabetización_de_las_personas_de_15_años_o_más,_desglosada_por_sexo_y_subpoblaciones<b><i>_[CENSO]_</i></b>",	15116,"Zacazonapan","2020","89.849624","100","98.375635","93.429777","55.772994","90.946262","88.774341","100","90","89.823137","100","100","ND","ND","100","ND","ND","91.666667","89.63884","100","91.666667","56.626506","ND",
"Tasa_de_alfabetización_de_las_personas_de_15_años_o_más,_desglosada_por_sexo_y_subpoblaciones<b><i>_[CENSO]_</i></b>",	15117,"Zacualpan","2020","89.809322","98.613037","98.256992","92.210145","69.22658","91.821306","88.078818","100","89.873418","89.790715","100","100","ND","ND","100","ND","0","96.551724","89.755679","94.871795","96.551724","63.778163","ND",
"Tasa_de_alfabetización_de_las_personas_de_15_años_o_más,_desglosada_por_sexo_y_subpoblaciones<b><i>_[CENSO]_</i></b>",	15118,"Zinacantepec","2020","96.14002","99.408493","99.36673","97.490345","79.959479","97.672374","94.72709","76.043069","95.497902","96.141893","100","100","100","100","100","100","76.315789","100","96.102828","99.246502","100","78.540939","ND",
"Tasa_de_alfabetización_de_las_personas_de_15_años_o_más,_desglosada_por_sexo_y_subpoblaciones<b><i>_[CENSO]_</i></b>",	15119,"Zumpahuacán","2020","90.082058","99.392888","98.570699","92.376446","59.989457","91.886888","88.489529","91.666667","79.245283","90.051485","97.959184","97.5","100","100","100","ND","ND","97.058824","89.951846","98.165138","97.142857","58.714286","ND",
"Tasa_de_alfabetización_de_las_personas_de_15_años_o_más,_desglosada_por_sexo_y_subpoblaciones<b><i>_[CENSO]_</i></b>",	15120,"Zumpango","2020","97.518138","99.194505","99.08495","98.481352","87.273325","98.142548","96.935399","92.997199","97.869397","97.580489","98.526316","99.375","95.833333","100","98.141264","100","83.242059","98.00995","97.527341","98.306168","97.916667","87.962323","ND",
"Tasa_de_alfabetización_de_las_personas_de_15_años_o_más,_desglosada_por_sexo_y_subpoblaciones<b><i>_[CENSO]_</i></b>",	15121,"Cuautitlán_Izcalli","2020","98.468218","98.952678","99.154379","99.045931","95.748295","98.894441","98.078439","94.035594","98.308478","98.503907","98.850575","98.37587","100","100","98.921833","100","72.222222","99.591837","98.503813","98.732433","99.487179","90.864479","ND",
"Tasa_de_alfabetización_de_las_personas_de_15_años_o_más,_desglosada_por_sexo_y_subpoblaciones<b><i>_[CENSO]_</i></b>",	15122,"Valle_de_Chalco_Solidaridad","2020","96.651714","99.212335","99.085716","97.711517","86.274913","97.586317","95.787816","86.628571","97.057008","96.684053","98.605578","98.993289","100","100","97.916667","95.652174","83.355007","97.790055","96.684068","96.850032","97.931034","86.040959","ND",
"Tasa_de_alfabetización_de_las_personas_de_15_años_o_más,_desglosada_por_sexo_y_subpoblaciones<b><i>_[CENSO]_</i></b>",	15123,"Luvianos","2020","85.707661","99.160604","98.335826","90.538922","52.089704","87.740749","83.859546","95","88.695652","85.620101","100","100","100","ND","100","ND","20","93.258427","85.538152","92.207792","93.454545","50.302725","ND",
"Tasa_de_alfabetización_de_las_personas_de_15_años_o_más,_desglosada_por_sexo_y_subpoblaciones<b><i>_[CENSO]_</i></b>",	15124,"San_José_del_Rincón","2020","86.447155","99.161365","98.182146","85.64195","43.12575","91.155348","82.007722","71.014493","89.301175","86.451337","100","100","100","ND","100","100","59.259259","100","86.389612","95.260664","100","54.600812","ND",
"Tasa_de_alfabetización_de_las_personas_de_15_años_o_más,_desglosada_por_sexo_y_subpoblaciones<b><i>_[CENSO]_</i></b>",	15125,"Tonanitla","2020","98.12099","99.038462","99.283032","98.832165","91.501191","98.684458","97.584541","91","97.683398","98.125","100","100","ND","100","100","ND","80","100","98.120883","98.198198","100","88.084112","ND",
"Tasa_de_alfabetización_de_las_personas_de_15_años_o_más,_desglosada_por_sexo_y_subpoblaciones<b><i>_[CENSO]_</i></b>",	16,"Michoacán_de_Ocampo","2020","92.760355","98.625086","98.037678","94.541041","77.325041","93.163542","92.390811","81.761351","93.292036","92.813022","98.980016","99.016251","93.665158","100","99.132403","90.909091","45.060606","95.431868","92.758027","96.151807","95.904868","72.950546","73.113208",
"Tasa_de_alfabetización_de_las_personas_de_15_años_o_más,_desglosada_por_sexo_y_subpoblaciones<b><i>_[CENSO]_</i></b>",	16001,"Acuitzio","2020","92.980311","99.342105","98.651685","95.839916","75.291074","92.626728","93.303676","80.952381","91.111111","92.95203","100","100","ND","ND","ND","100","80","94.871795","92.868781","100","95.180723","72.697368","ND",
"Tasa_de_alfabetización_de_las_personas_de_15_años_o_más,_desglosada_por_sexo_y_subpoblaciones<b><i>_[CENSO]_</i></b>",	16002,"Aguililla","2020","84.845133","97.382199","96.742809","88.100935","61.108607","84.433095","85.244603","72.151899","79.66805","84.793237","97.590361","97.5","100","ND","100","ND","72.093023","87.654321","84.663844","95.238095","89.690722","59.382716","ND",
"Tasa_de_alfabetización_de_las_personas_de_15_años_o_más,_desglosada_por_sexo_y_subpoblaciones<b><i>_[CENSO]_</i></b>",	16003,"Álvaro_Obregón","2020","91.884129","98.745819","98.477395","94.626711","73.637516","92.022287","91.755256","100","88.405797","91.84001","98.064516","98.666667","ND","ND","80","ND","57.142857","94.565217","91.820399","96.875","94.258373","70.735406","ND",
"Tasa_de_alfabetización_de_las_personas_de_15_años_o_más,_desglosada_por_sexo_y_subpoblaciones<b><i>_[CENSO]_</i></b>",	16004,"Angamacutiro","2020","91.22288","98.058252","98.270561","95.109838","74.422188","91.702728","90.786094","90","93.103448","91.17833","98.684211","98.630137","ND","ND","100","ND","66.666667","92.727273","91.108247","96.91358","93.75","71.405493","ND",
"Tasa_de_alfabetización_de_las_personas_de_15_años_o_más,_desglosada_por_sexo_y_subpoblaciones<b><i>_[CENSO]_</i></b>",	16005,"Angangueo","2020","93.056106","99.548872","97.62533","94.998641","77.994012","93.968165","92.238358","80","92","93.056474","92.857143","88.888889","100","100","100","ND","ND","100","92.945611","98.461538","100","75","ND",
"Tasa_de_alfabetización_de_las_personas_de_15_años_o_más,_desglosada_por_sexo_y_subpoblaciones<b><i>_[CENSO]_</i></b>",	16006,"Apatzingán","2020","91.221391","97.512585","97.016872","93.148428","72.534121","91.446913","91.007871","65.02193","89.658048","91.213176","98.144712","98.393574","100","ND","94.285714","100","80.633803","95.395948","91.35521","85.155807","95.748299","68.71303","ND",
"Tasa_de_alfabetización_de_las_personas_de_15_años_o_más,_desglosada_por_sexo_y_subpoblaciones<b><i>_[CENSO]_</i></b>",	16007,"Aporo","2020","91.84739","98.461538","98.065476","93.389831","75.395034","92.034632","91.685393","100","96.666667","91.784703","100","100","ND","ND","100","ND","ND","91.666667","91.680464","98.245614","93.75","62.264151","ND",
"Tasa_de_alfabetización_de_las_personas_de_15_años_o_más,_desglosada_por_sexo_y_subpoblaciones<b><i>_[CENSO]_</i></b>",	16008,"Aquila","2020","86.980731","97.452229","96.690581","89.31706","60.049982","88.514016","85.420348","88.815471","80.898876","86.972164","95.505618","97.435897","66.666667","ND","100","100","75","96.969697","86.893235","93.253968","96.226415","58.99654","ND",
"Tasa_de_alfabetización_de_las_personas_de_15_años_o_más,_desglosada_por_sexo_y_subpoblaciones<b><i>_[CENSO]_</i></b>",	16009,"Ario","2020","91.898524","99.005756","98.558532","94.334488","71.526823","91.96327","91.83705","93.220339","95.757576","91.900175","98.4375","98.26087","100","ND","100","ND","33.333333","97.272727","91.811515","97.297297","97.5","65.969582","ND",
"Tasa_de_alfabetización_de_las_personas_de_15_años_o_más,_desglosada_por_sexo_y_subpoblaciones<b><i>_[CENSO]_</i></b>",	16010,"Arteaga","2020","85.927255","98.158996","95.516304","89.228248","61.095796","85.998028","85.859269","85.714286","82.307692","85.911392","98.214286","98.148148","100","ND","100","ND","40","91.208791","85.874833","92.805755","91.489362","60.037523","ND",
"Tasa_de_alfabetización_de_las_personas_de_15_años_o_más,_desglosada_por_sexo_y_subpoblaciones<b><i>_[CENSO]_</i></b>",	16011,"Briseñas","2020","94.200477","98.713826","98.54049","95.612708","83.633094","94.146949","94.249714","88.888889","95.774648","94.153735","100","100","100","ND","100","ND","100","98.148148","93.995468","97.860963","98.245614","77.760736","ND",
"Tasa_de_alfabetización_de_las_personas_de_15_años_o_más,_desglosada_por_sexo_y_subpoblaciones<b><i>_[CENSO]_</i></b>",	16012,"Buenavista","2020","87.346836","95.913043","95.403509","88.381899","66.373802","86.757905","87.945379","58.699809","82.02765","87.236213","98.082192","98.583569","100","ND","90","0","50","91.78744","87.895411","70.931326","92.340426","63.150358","83.486239",
"Tasa_de_alfabetización_de_las_personas_de_15_años_o_más,_desglosada_por_sexo_y_subpoblaciones<b><i>_[CENSO]_</i></b>",	16013,"Carácuaro","2020","84.388735","99.009901","97.686833","86.398467","58.271237","84.136349","84.637775","100","89.320388","84.308903","96.153846","96.153846","ND","ND","ND","ND","94.444444","88.333333","84.258492","95","89.0625","51.928783","ND",
"Tasa_de_alfabetización_de_las_personas_de_15_años_o_más,_desglosada_por_sexo_y_subpoblaciones<b><i>_[CENSO]_</i></b>",	16014,"Coahuayana","2020","89.86117","98.057143","97.003745","91.362999","71.448999","89.055053","90.706897","80.874317","88.667992","89.800255","96.491228","98.076923","100","ND","66.666667","ND","83.333333","96.551724","89.891107","88.170564","96.350365","64.617486","ND",
"Tasa_de_alfabetización_de_las_personas_de_15_años_o_más,_desglosada_por_sexo_y_subpoblaciones<b><i>_[CENSO]_</i></b>",	16015,"Coalcomán_de_Vázquez_Pallares","2020","90.189897","98.094283","97.690289","91.929544","71.897951","89.234168","91.137392","97.530864","88.143177","90.192593","97.5","97.457627","ND","100","100","ND","42.105263","92.907801","89.976298","98.453608","93.75","64.064171","ND",
"Tasa_de_alfabetización_de_las_personas_de_15_años_o_más,_desglosada_por_sexo_y_subpoblaciones<b><i>_[CENSO]_</i></b>",	16016,"Coeneo","2020","89.292435","99.150743","98.090482","92.414924","74.783828","90.679454","88.08994","79.224195","89.94709","89.230672","100","100","100","ND","100","ND","0","96.19883","89.059464","97.014925","96.476965","71.935933","ND",
"Tasa_de_alfabetización_de_las_personas_de_15_años_o_más,_desglosada_por_sexo_y_subpoblaciones<b><i>_[CENSO]_</i></b>",	16017,"Contepec","2020","90.790295","99.160908","98.315658","92.369408","70.586809","91.523492","90.127565","79.411765","93.251534","90.771735","98.507463","98.412698","100","ND","100","ND","66.666667","97.986577","90.536195","96.395349","98.013245","70.385126","ND",
"Tasa_de_alfabetización_de_las_personas_de_15_años_o_más,_desglosada_por_sexo_y_subpoblaciones<b><i>_[CENSO]_</i></b>",	16018,"Copándaro","2020","92.092686","99.381443","98.740416","95.85396","71.659325","92.807071","91.445916","100","87.5","92.084548","100","100","100","ND","100","ND","0","94.495413","92.078327","95.454545","94.782609","63.636364","ND",
"Tasa_de_alfabetización_de_las_personas_de_15_años_o_más,_desglosada_por_sexo_y_subpoblaciones<b><i>_[CENSO]_</i></b>",	16019,"Cotija","2020","88.254464","99.119374","98.019802","90.965868","68.694859","87.874874","88.595361","94.444444","89.583333","88.162677","98.611111","99.259259","ND","ND","88.888889","ND","50","92.198582","88.083339","93.981481","92.763158","66.577896","ND",
"Tasa_de_alfabetización_de_las_personas_de_15_años_o_más,_desglosada_por_sexo_y_subpoblaciones<b><i>_[CENSO]_</i></b>",	16020,"Cuitzeo","2020","90.253617","98.367594","98.502941","93.433706","68.674136","91.454563","89.175571","100","88.432836","90.257023","97.647059","97.647059","ND","ND","ND","ND","20","92.168675","90.208586","97.777778","92.44186","63.636364","ND",
"Tasa_de_alfabetización_de_las_personas_de_15_años_o_más,_desglosada_por_sexo_y_subpoblaciones<b><i>_[CENSO]_</i></b>",	16021,"Charapan","2020","83.616404","97.356143","96.119616","82.983998","60.32824","87.923351","79.876161","73.519737","60","83.576035","100","100","ND","ND","ND","ND","40","81.666667","83.544037","93.548387","83.823529","56.360424","ND",
"Tasa_de_alfabetización_de_las_personas_de_15_años_o_más,_desglosada_por_sexo_y_subpoblaciones<b><i>_[CENSO]_</i></b>",	16022,"Charo","2020","93.55422","99.106418","98.498498","95.38397","77.471264","93.894009","93.132228","91.803279","95.530726","93.233083","98.089172","98.639456","ND","ND","90","ND","96.027542","96.12069","92.974966","97.660819","96.470588","72.664953","ND",
"Tasa_de_alfabetización_de_las_personas_de_15_años_o_más,_desglosada_por_sexo_y_subpoblaciones<b><i>_[CENSO]_</i></b>",	16023,"Chavinda","2020","90.03856","99.029126","99.230769","92.636514","73.117097","89.91286","90.157776","54.761905","90.09434","89.90754","100","100","ND","ND","ND","ND","100","92.70073","89.911058","95.098039","93.103448","68.677792","ND",
"Tasa_de_alfabetización_de_las_personas_de_15_años_o_más,_desglosada_por_sexo_y_subpoblaciones<b><i>_[CENSO]_</i></b>",	16024,"Cherán","2020","88.885722","98.009479","98.202076","91.404861","61.120841","90.811869","87.156956","76.057847","82.45614","88.812294","99.009901","100","75","ND","100","ND","88.888889","93.197279","88.767721","95.689655","93.902439","59.577677","ND",
"Tasa_de_alfabetización_de_las_personas_de_15_años_o_más,_desglosada_por_sexo_y_subpoblaciones<b><i>_[CENSO]_</i></b>",	16025,"Chilchota","2020","88.934269","98.211009","97.040423","89.381107","67.327189","91.81479","86.304754","85.898389","87.2","88.912214","100","100","100","ND","100","ND","75","98","88.873626","94.444444","98.113208","61.990212","ND",
"Tasa_de_alfabetización_de_las_personas_de_15_años_o_más,_desglosada_por_sexo_y_subpoblaciones<b><i>_[CENSO]_</i></b>",	16026,"Chinicuila","2020","89.09866","97.368421","98.194946","90.429688","72.423803","86.908881","91.548387","86.238532","100","89.001848","97.222222","97.142857","100","ND","ND","ND","100","97.560976","88.733735","97.647059","97.916667","66.666667","ND",
"Tasa_de_alfabetización_de_las_personas_de_15_años_o_más,_desglosada_por_sexo_y_subpoblaciones<b><i>_[CENSO]_</i></b>",	16027,"Chucándiro","2020","86.102484","99.5671","99.289941","92.852889","63.029757","86.279826","85.940594","100","85.294118","85.997392","100","100","100","ND","ND","ND","100","95.652174","85.846806","100","95.833333","56.511057","ND",
"Tasa_de_alfabetización_de_las_personas_de_15_años_o_más,_desglosada_por_sexo_y_subpoblaciones<b><i>_[CENSO]_</i></b>",	16028,"Churintzio","2020","93.896484","99.579832","99.197861","96.399345","86.139389","93.804853","93.978694","100","100","93.90274","100","100","ND","ND","ND","ND","0","97.260274","93.816254","100","97.435897","79.370629","ND",
"Tasa_de_alfabetización_de_las_personas_de_15_años_o_más,_desglosada_por_sexo_y_subpoblaciones<b><i>_[CENSO]_</i></b>",	16029,"Churumuco","2020","84.989882","98.04742","96.503497","87.323219","61.851645","85.654321","84.371409","100","93.333333","84.947394","96.774194","100","ND","ND","100","50","83.333333","92.592593","84.887109","90.384615","92.727273","57.226107","ND",
"Tasa_de_alfabetización_de_las_personas_de_15_años_o_más,_desglosada_por_sexo_y_subpoblaciones<b><i>_[CENSO]_</i></b>",	16030,"Ecuandureo","2020","88.605826","98.4","97.844374","92.58057","73.299845","88.886295","88.366534","100","86.956522","88.507868","98.780488","98.780488","ND","ND","ND","ND","100","93.714286","88.411732","97.142857","94.358974","62.895928","ND",
"Tasa_de_alfabetización_de_las_personas_de_15_años_o_más,_desglosada_por_sexo_y_subpoblaciones<b><i>_[CENSO]_</i></b>",	16031,"Epitacio_Huerta","2020","89.59553","99.052133","98.391637","93.814997","68.074736","89.354839","89.806795","75.862069","89.473684","89.551042","100","100","100","ND","100","ND","ND","94.186047","89.253085","95.229682","94.444444","67.102681","ND",
"Tasa_de_alfabetización_de_las_personas_de_15_años_o_más,_desglosada_por_sexo_y_subpoblaciones<b><i>_[CENSO]_</i></b>",	16032,"Erongarícuaro","2020","90.908288","99.320652","98.220516","93.127148","75.331458","93.540626","88.508269","82.732131","90","90.846885","100","100","ND","ND","100","ND","ND","93.181818","90.820471","96.02649","93.877551","71.069182","ND",
"Tasa_de_alfabetización_de_las_personas_de_15_años_o_más,_desglosada_por_sexo_y_subpoblaciones<b><i>_[CENSO]_</i></b>",	16033,"Gabriel_Zamora","2020","88.645915","98.25528","97.584298","90.219427","67.186919","88.211546","89.059895","61.904762","89.347079","88.610598","98.181818","98.076923","100","ND","100","ND","100","94.827586","88.614586","88.549618","95.588235","61.752137","ND",
"Tasa_de_alfabetización_de_las_personas_de_15_años_o_más,_desglosada_por_sexo_y_subpoblaciones<b><i>_[CENSO]_</i></b>",	16034,"Hidalgo","2020","92.721391","98.650951","98.269704","93.464205","77.760639","92.73879","92.705742","93.650794","90.636364","92.68507","99.478261","99.438202","100","100","100","ND","57.894737","95.666667","92.646437","96.875","96.01227","75.374323","ND",
"Tasa_de_alfabetización_de_las_personas_de_15_años_o_más,_desglosada_por_sexo_y_subpoblaciones<b><i>_[CENSO]_</i></b>",	16035,"La_Huacana","2020","85.983599","97.967723","97.448262","89.433999","60.192837","86.958623","85.056097","92.307692","84.95212","85.997533","100","100","100","ND","100","ND","24.137931","98.192771","85.814952","95.438596","98.314607","58.448753","ND",
"Tasa_de_alfabetización_de_las_personas_de_15_años_o_más,_desglosada_por_sexo_y_subpoblaciones<b><i>_[CENSO]_</i></b>",	16036,"Huandacareo","2020","90.900798","99.807692","98.672114","94.786615","74.354244","91.629956","90.264731","100","96.153846","90.841014","97.727273","97.674419","ND","ND","100","ND","50","96.02649","90.715962","100","96.226415","73.27044","ND",
"Tasa_de_alfabetización_de_las_personas_de_15_años_o_más,_desglosada_por_sexo_y_subpoblaciones<b><i>_[CENSO]_</i></b>",	16037,"Huaniqueo","2020","89.50982","99.672131","99.12816","94.7924","74.707974","89.408528","89.597615","75","92.857143","89.466924","97.142857","97.142857","ND","ND","ND","ND","ND","91.452991","89.416776","97.058824","92","67.681159","ND",
"Tasa_de_alfabetización_de_las_personas_de_15_años_o_más,_desglosada_por_sexo_y_subpoblaciones<b><i>_[CENSO]_</i></b>",	16038,"Huetamo","2020","85.842119","98.528015","97.580756","89.962437","61.275986","85.786802","85.89467","77.777778","84.070796","85.74009","98.828125","98.785425","100","ND","100","ND","77.777778","90.379009","85.72775","89.4081","91.008174","55.206912","ND",
"Tasa_de_alfabetización_de_las_personas_de_15_años_o_más,_desglosada_por_sexo_y_subpoblaciones<b><i>_[CENSO]_</i></b>",	16039,"Huiramba","2020","92.774194","99.023438","98.702764","94.77459","72.948328","92.639507","92.894175","100","96.341463","92.763477","95.652174","95.454545","100","ND","ND","ND","ND","94.444444","92.709019","98.076923","94.444444","66.758242","ND",
"Tasa_de_alfabetización_de_las_personas_de_15_años_o_más,_desglosada_por_sexo_y_subpoblaciones<b><i>_[CENSO]_</i></b>",	16040,"Indaparapeo","2020","91.344411","99.310345","97.455811","92.912747","73.892473","91.257429","91.42565","90","89.873418","91.307646","100","100","100","ND","100","ND","100","94.736842","91.27082","96","95.172414","74.201898","ND",
"Tasa_de_alfabetización_de_las_personas_de_15_años_o_más,_desglosada_por_sexo_y_subpoblaciones<b><i>_[CENSO]_</i></b>",	16041,"Irimbo","2020","92.249978","98.872604","97.92698","93.651685","75.294118","92.012001","92.461641","100","95.5","92.23862","98.701299","98.611111","ND","ND","100","ND","0","98.93617","92.118851","97.826087","99.019608","72.442589","ND",
"Tasa_de_alfabetización_de_las_personas_de_15_años_o_más,_desglosada_por_sexo_y_subpoblaciones<b><i>_[CENSO]_</i></b>",	16042,"Ixtlán","2020","89.788091","99.390244","97.514034","92.350174","73.849372","90.311693","89.298961","100","82.191781","89.721793","98.666667","98.611111","100","ND","100","ND","100","95.283019","89.604642","97.916667","95.689655","68.085106","ND",
"Tasa_de_alfabetización_de_las_personas_de_15_años_o_más,_desglosada_por_sexo_y_subpoblaciones<b><i>_[CENSO]_</i></b>",	16043,"Jacona","2020","91.754605","97.911581","97.280877","92.96338","75.170693","92.550684","91.02544","73.58871","94.897959","91.753193","98.706897","98.492462","ND","ND","100","ND","41.935484","95.256917","91.703494","97.556391","95.683453","70.908515","ND",
"Tasa_de_alfabetización_de_las_personas_de_15_años_o_más,_desglosada_por_sexo_y_subpoblaciones<b><i>_[CENSO]_</i></b>",	16044,"Jiménez","2020","92.57022","98.869144","98.431559","95.39356","82.030679","91.759983","93.307692","100","92","92.505332","100","100","100","ND","100","ND","100","96.648045","92.431646","96.521739","96.984925","76.914661","ND",
"Tasa_de_alfabetización_de_las_personas_de_15_años_o_más,_desglosada_por_sexo_y_subpoblaciones<b><i>_[CENSO]_</i></b>",	16045,"Jiquilpan","2020","93.465543","99.238876","98.605215","95.964475","80.907435","93.52166","93.416517","94.642857","95.014663","93.422814","99.277978","99.6","100","ND","96.153846","ND","16.666667","93.521127","93.3987","97.840173","94.206549","74.55227","ND",
"Tasa_de_alfabetización_de_las_personas_de_15_años_o_más,_desglosada_por_sexo_y_subpoblaciones<b><i>_[CENSO]_</i></b>",	16046,"Juárez","2020","89.99715","98.448687","97.775346","93.685904","66.312057","89.868188","90.117561","100","100","89.970275","95.744681","96.774194","0","ND","ND","ND","25","93.333333","89.88499","94.047619","93.939394","63.636364","ND",
"Tasa_de_alfabetización_de_las_personas_de_15_años_o_más,_desglosada_por_sexo_y_subpoblaciones<b><i>_[CENSO]_</i></b>",	16047,"Jungapeo","2020","91.60778","98.515284","98.161361","94.162046","71.831562","90.744887","92.430279","92.307692","79.487179","91.586802","100","100","100","ND","100","ND","60","94.029851","91.5609","94.767442","94.805195","66.763425","ND",
"Tasa_de_alfabetización_de_las_personas_de_15_años_o_más,_desglosada_por_sexo_y_subpoblaciones<b><i>_[CENSO]_</i></b>",	16048,"Lagunillas","2020","90.957576","98.148148","99.061033","93.232691","72.147239","91.009543","90.909091","66.666667","84","90.90022","100","100","ND","ND","ND","ND","ND","97.826087","90.861684","93.181818","98","70.731707","ND",
"Tasa_de_alfabetización_de_las_personas_de_15_años_o_más,_desglosada_por_sexo_y_subpoblaciones<b><i>_[CENSO]_</i></b>",	16049,"Madero","2020","87.799906","98.651079","97.863361","90.316963","57.136083","88.093348","87.513555","78.26087","94.666667","87.719991","100","100","ND","ND","100","ND","100","94.375","87.57854","96.453901","94.610778","54.486346","ND",
"Tasa_de_alfabetización_de_las_personas_de_15_años_o_más,_desglosada_por_sexo_y_subpoblaciones<b><i>_[CENSO]_</i></b>",	16050,"Maravatío","2020","91.704611","98.681228","98.252931","93.558386","71.386109","91.734137","91.678081","87.5","91.247974","91.698095","98.281787","98.148148","100","ND","100","ND","48.571429","96.986817","91.569079","96.533534","97.178131","68.87287","ND",
"Tasa_de_alfabetización_de_las_personas_de_15_años_o_más,_desglosada_por_sexo_y_subpoblaciones<b><i>_[CENSO]_</i></b>",	16051,"Marcos_Castellanos","2020","95.153209","99.118943","99.505703","97.170751","83.300781","95.020408","95.271997","76.470588","97.674419","95.143832","98.319328","98.181818","ND","100","100","ND","25","98.473282","94.968811","98.648649","98.666667","80.374862","ND",
"Tasa_de_alfabetización_de_las_personas_de_15_años_o_más,_desglosada_por_sexo_y_subpoblaciones<b><i>_[CENSO]_</i></b>",	16052,"Lázaro_Cárdenas","2020","94.640319","98.794581","98.786878","96.34784","77.680041","95.511573","93.793665","81.693049","94.529347","94.668103","98.012232","97.925311","100","100","98.550725","80","43.801653","97.297297","94.574318","96.989592","97.70291","74.272718","ND",
"Tasa_de_alfabetización_de_las_personas_de_15_años_o_más,_desglosada_por_sexo_y_subpoblaciones<b><i>_[CENSO]_</i></b>",	16053,"Morelia","2020","96.690739","99.025504","97.997382","97.967065","89.928979","96.948287","96.461312","95.907928","98.116848","97.071325","99.452862","99.397399","94.545455","100","99.700599","100","6.412053","97.867878","97.037798","98.84352","98.214769","84.355464","ND",
"Tasa_de_alfabetización_de_las_personas_de_15_años_o_más,_desglosada_por_sexo_y_subpoblaciones<b><i>_[CENSO]_</i></b>",	16054,"Morelos","2020","89.157618","99.52381","99.297424","94.230769","70.591751","88.689218","89.567901","100","87.5","89.086084","97.959184","97.916667","ND","ND","100","ND","ND","90.196078","89.071319","93.333333","90.384615","65.35009","ND",
"Tasa_de_alfabetización_de_las_personas_de_15_años_o_más,_desglosada_por_sexo_y_subpoblaciones<b><i>_[CENSO]_</i></b>",	16055,"Múgica","2020","89.511372","96.926316","96.640316","91.189485","69.958925","89.547693","89.476919","71.328671","88.181818","89.490708","99.300699","99.264706","ND","ND","100","100","58.333333","95.652174","89.5023","90.343348","96.124031","66.570812","ND",
"Tasa_de_alfabetización_de_las_personas_de_15_años_o_más,_desglosada_por_sexo_y_subpoblaciones<b><i>_[CENSO]_</i></b>",	16056,"Nahuatzen","2020","85.963659","98.561151","97.580003","85.415883","61.553082","89.158757","83.017249","77.054348","70.614035","85.930212","98.947368","98.947368","ND","ND","ND","ND","25","94.545455","85.820692","97.044335","94.736842","64.86698","ND",
"Tasa_de_alfabetización_de_las_personas_de_15_años_o_más,_desglosada_por_sexo_y_subpoblaciones<b><i>_[CENSO]_</i></b>",	16057,"Nocupétaro","2020","83.607771","99.25187","96.924129","88.114579","53.410982","84.19033","83.06538","100","83.333333","83.556548","100","100","ND","ND","100","ND","33.333333","97.058824","83.548568","91.304348","97.142857","41.423948","ND",
"Tasa_de_alfabetización_de_las_personas_de_15_años_o_más,_desglosada_por_sexo_y_subpoblaciones<b><i>_[CENSO]_</i></b>",	16058,"Nuevo_Parangaricutiro","2020","94.390094","98.748797","98.520915","95.437782","78.80829","94.500212","94.28685","81.597222","91.428571","94.360385","100","100","ND","ND","100","ND","ND","100","94.340414","94.923858","100","73.611111","ND",
"Tasa_de_alfabetización_de_las_personas_de_15_años_o_más,_desglosada_por_sexo_y_subpoblaciones<b><i>_[CENSO]_</i></b>",	16059,"Nuevo_Urecho","2020","90.24655","98.633257","98.327566","93.45643","67.031119","90.437158","90.047544","95.833333","91.690544","90.210444","97.058824","100","66.666667","ND","ND","ND","ND","90.196078","90.192338","93.137255","90.909091","67.131474","ND",
"Tasa_de_alfabetización_de_las_personas_de_15_años_o_más,_desglosada_por_sexo_y_subpoblaciones<b><i>_[CENSO]_</i></b>",	16060,"Numarán","2020","92.46224","99.544419","98.597312","95.114007","77.330651","93.426532","91.575492","100","82.352941","92.419031","100","100","ND","ND","100","ND","ND","97.222222","92.382052","100","97.5","73.100616","ND",
"Tasa_de_alfabetización_de_las_personas_de_15_años_o_más,_desglosada_por_sexo_y_subpoblaciones<b><i>_[CENSO]_</i></b>",	16061,"Ocampo","2020","91.72615","99.024707","98.230436","92.490867","67.891221","92.989691","90.55203","88.095238","93.75","91.725724","100","100","100","ND","100","ND","80","100","91.623335","96.153846","100","73.12961","ND",
"Tasa_de_alfabetización_de_las_personas_de_15_años_o_más,_desglosada_por_sexo_y_subpoblaciones<b><i>_[CENSO]_</i></b>",	16062,"Pajacuarán","2020","88.854764","97.682709","98.02139","91.092462","69.046031","88.396051","89.273131","75.757576","90","88.782537","97.6","98.360656","ND","ND","66.666667","ND","80","93.867925","88.65659","95.736434","93.991416","66.118656","ND",
"Tasa_de_alfabetización_de_las_personas_de_15_años_o_más,_desglosada_por_sexo_y_subpoblaciones<b><i>_[CENSO]_</i></b>",	16063,"Panindícuaro","2020","90.416742","98.75","98.053164","93.14","75.829384","90.219636","90.597555","100","92.5","90.384963","100","100","100","ND","ND","ND","0","95.238095","90.318144","97.727273","95.419847","71.696429","ND",
"Tasa_de_alfabetización_de_las_personas_de_15_años_o_más,_desglosada_por_sexo_y_subpoblaciones<b><i>_[CENSO]_</i></b>",	16064,"Parácuaro","2020","87.850417","97.838215","96.372847","89.357717","65.530424","86.992393","88.715953","60.330579","85.56701","87.781211","97.037037","96.969697","ND","ND","100","ND","100","96.774194","87.79775","87.296417","96.453901","63.214838","ND",
"Tasa_de_alfabetización_de_las_personas_de_15_años_o_más,_desglosada_por_sexo_y_subpoblaciones<b><i>_[CENSO]_</i></b>",	16065,"Paracho","2020","90.065708","98.962963","97.652404","89.949306","73.411662","93.069677","87.346911","79.808945","89.130435","90.017889","99.487179","99.47644","ND","ND","100","ND","40","93.79845","89.988772","95.564516","94.425087","67.818077","ND",
"Tasa_de_alfabetización_de_las_personas_de_15_años_o_más,_desglosada_por_sexo_y_subpoblaciones<b><i>_[CENSO]_</i></b>",	16066,"Pátzcuaro","2020","94.08482","99.014965","98.740874","95.629283","80.278538","94.983804","93.286751","87.363495","92.566372","94.055728","99.794661","99.748111","100","100","100","ND","64","97.887324","94.000088","97.723577","98.351648","75.342163","ND",
"Tasa_de_alfabetización_de_las_personas_de_15_años_o_más,_desglosada_por_sexo_y_subpoblaciones<b><i>_[CENSO]_</i></b>",	16067,"Penjamillo","2020","90.670484","98.410596","98.431802","94.093617","75.913777","90.547264","90.776987","100","88.172043","90.588896","100","100","ND","100","100","ND","100","90.810811","90.59188","98.095238","91.542289","67.472119","ND",
"Tasa_de_alfabetización_de_las_personas_de_15_años_o_más,_desglosada_por_sexo_y_subpoblaciones<b><i>_[CENSO]_</i></b>",	16068,"Peribán","2020","93.115661","98.882682","98.335961","94.14853","75.390625","92.900845","93.330102","94.090909","95.890411","93.099907","99.328859","99.29078","100","ND","100","ND","50","99.047619","93.027458","96.453901","98.319328","70.78341","ND",
"Tasa_de_alfabetización_de_las_personas_de_15_años_o_más,_desglosada_por_sexo_y_subpoblaciones<b><i>_[CENSO]_</i></b>",	16069,"La_Piedad","2020","94.874938","98.923106","98.763364","96.779242","82.239632","95.809245","94.031645","93.253968","94.230769","94.861313","99.113475","98.953975","100","100","100","100","57.142857","95.88551","94.83685","98.148148","96.466974","79.097429","ND",
"Tasa_de_alfabetización_de_las_personas_de_15_años_o_más,_desglosada_por_sexo_y_subpoblaciones<b><i>_[CENSO]_</i></b>",	16070,"Purépero","2020","94.482992","99.171271","98.925926","96.256964","84.830189","93.31127","95.589929","77.777778","98.648649","94.445869","99.107143","99.082569","100","ND","100","ND","66.666667","98.412698","94.415629","97.247706","98.571429","78.303748","ND",
"Tasa_de_alfabetización_de_las_personas_de_15_años_o_más,_desglosada_por_sexo_y_subpoblaciones<b><i>_[CENSO]_</i></b>",	16071,"Puruándiro","2020","91.118246","98.907541","98.360656","93.77137","73.562446","90.469596","91.692034","91.954023","95.468278","91.086948","99.712644","99.696049","100","ND","100","ND","23.809524","94.002608","91.002884","97.829233","94.369645","69.801047","ND",
"Tasa_de_alfabetización_de_las_personas_de_15_años_o_más,_desglosada_por_sexo_y_subpoblaciones<b><i>_[CENSO]_</i></b>",	16072,"Queréndaro","2020","91.47226","99.595142","97.629468","94.363521","73.007064","91.48893","91.456715","94.117647","89.830508","91.469194","98.529412","98.529412","ND","ND","ND","ND","16.666667","80.451128","91.575349","98.214286","81.294964","74.831461","ND",
"Tasa_de_alfabetización_de_las_personas_de_15_años_o_más,_desglosada_por_sexo_y_subpoblaciones<b><i>_[CENSO]_</i></b>",	16073,"Quiroga","2020","89.130325","98.310066","97.689371","91.154283","69.581152","92.043749","86.544866","81.254841","83.969466","89.094223","98.795181","98.75","ND","ND","100","ND","0","95.689655","89.06266","93.661972","96","60.88993","ND",
"Tasa_de_alfabetización_de_las_personas_de_15_años_o_más,_desglosada_por_sexo_y_subpoblaciones<b><i>_[CENSO]_</i></b>",	16074,"Cojumatlán_de_Régules","2020","88.650267","99.423077","98.136646","90.325271","70.318237","87.030175","90.21767","100","96.610169","88.566553","98.360656","98.305085","100","ND","ND","ND","100","86.111111","88.548692","94.871795","86.725664","66.307278","ND",
"Tasa_de_alfabetización_de_las_personas_de_15_años_o_más,_desglosada_por_sexo_y_subpoblaciones<b><i>_[CENSO]_</i></b>",	16075,"Los_Reyes","2020","91.598795","97.654094","97.561281","92.155856","75.525543","92.501834","90.745555","85.1228","92.612137","91.544765","99.099099","99.257426","100","100","95.454545","ND","76.190476","95.415473","91.532454","92.63495","95.928753","71.064516","ND",
"Tasa_de_alfabetización_de_las_personas_de_15_años_o_más,_desglosada_por_sexo_y_subpoblaciones<b><i>_[CENSO]_</i></b>",	16076,"Sahuayo","2020","93.565275","98.625267","98.61231","95.227297","78.684319","93.733852","93.411905","92.5","94.58042","93.581105","99.147727","99.679487","100","ND","94.736842","ND","37.254902","97.484277","93.522634","97.734628","97.814208","74.485326","ND",
"Tasa_de_alfabetización_de_las_personas_de_15_años_o_más,_desglosada_por_sexo_y_subpoblaciones<b><i>_[CENSO]_</i></b>",	16077,"San_Lucas","2020","83.225806","98.792271","98.309264","89.506485","54.707145","84.010712","82.461255","90.625","74.358974","83.194988","97.5","97.368421","ND","100","100","ND","33.333333","88.554217","82.960007","90.600522","89.325843","50.349108","ND",
"Tasa_de_alfabetización_de_las_personas_de_15_años_o_más,_desglosada_por_sexo_y_subpoblaciones<b><i>_[CENSO]_</i></b>",	16078,"Santa_Ana_Maya","2020","89.739414","99.245852","98.302872","94.747296","68.867925","90.180879","89.343629","100","86.486486","89.704978","100","100","ND","ND","ND","ND","0","91.851852","89.62036","96.428571","92.086331","64.191617","ND",
"Tasa_de_alfabetización_de_las_personas_de_15_años_o_más,_desglosada_por_sexo_y_subpoblaciones<b><i>_[CENSO]_</i></b>",	16079,"Salvador_Escalante","2020","90.170497","98.376983","98.153756","91.660124","65.503356","90.796197","89.581936","85.714286","91.352859","90.141618","99.166667","99.152542","100","ND","ND","ND","50","95.212766","90.098894","96.982759","95.652174","64.768884","ND",
"Tasa_de_alfabetización_de_las_personas_de_15_años_o_más,_desglosada_por_sexo_y_subpoblaciones<b><i>_[CENSO]_</i></b>",	16080,"Senguio","2020","90.735413","99.264706","98.220814","93.973103","65.343577","92.257552","89.417917","94.117647","91.419142","90.722794","97.368421","97.222222","ND","ND","100","ND","50","98.823529","90.584244","97.524752","98.863636","62.94896","ND",
"Tasa_de_alfabetización_de_las_personas_de_15_años_o_más,_desglosada_por_sexo_y_subpoblaciones<b><i>_[CENSO]_</i></b>",	16081,"Susupuato","2020","81.665319","97.942387","95.833333","83.732394","49.787956","81.33026","81.988564","61.24031","81.25","81.538211","100","100","ND","ND","100","ND","75","90.410959","81.218614","96.296296","90.666667","49.093904","ND",
"Tasa_de_alfabetización_de_las_personas_de_15_años_o_más,_desglosada_por_sexo_y_subpoblaciones<b><i>_[CENSO]_</i></b>",	16082,"Tacámbaro","2020","90.880509","98.473636","97.823742","92.433133","69.030564","90.644183","91.100752","87.735849","89.918642","90.85977","98.013245","98.897059","25","100","100","ND","56.666667","94.100295","90.875296","91.566265","94.832041","62.187383","ND",
"Tasa_de_alfabetización_de_las_personas_de_15_años_o_más,_desglosada_por_sexo_y_subpoblaciones<b><i>_[CENSO]_</i></b>",	16083,"Tancítaro","2020","91.795256","98.540907","97.765363","92.833147","70.35225","91.302047","92.288031","82.122905","91.851852","91.745764","100","100","ND","ND","100","ND","100","97.169811","91.726879","93.779904","97.457627","64.73175","ND",
"Tasa_de_alfabetización_de_las_personas_de_15_años_o_más,_desglosada_por_sexo_y_subpoblaciones<b><i>_[CENSO]_</i></b>",	16084,"Tangamandapio","2020","86.698747","98.524404","96.479412","86.972921","60.890068","88.860472","84.709267","73.311761","84.659091","86.65754","97.169811","97.029703","ND","ND","100","ND","57.142857","94.117647","86.564822","95.833333","94.964029","58.20029","ND",
"Tasa_de_alfabetización_de_las_personas_de_15_años_o_más,_desglosada_por_sexo_y_subpoblaciones<b><i>_[CENSO]_</i></b>",	16085,"Tangancícuaro","2020","89.36463","98.741007","97.690639","91.079578","72.259168","89.995903","88.782221","80.125336","89.930556","89.284153","98.501873","98.449612","ND","ND","100","ND","37.5","89.105058","89.289881","97.153025","90.344828","67.265469","ND",
"Tasa_de_alfabetización_de_las_personas_de_15_años_o_más,_desglosada_por_sexo_y_subpoblaciones<b><i>_[CENSO]_</i></b>",	16086,"Tanhuato","2020","91.364194","98.8622","97.850638","93.715946","75.846024","91.337274","91.388518","76","97.87234","91.349877","100","100","ND","ND","100","ND","0","95.833333","91.372863","90.517241","96","68.338558","53.846154",
"Tasa_de_alfabetización_de_las_personas_de_15_años_o_más,_desglosada_por_sexo_y_subpoblaciones<b><i>_[CENSO]_</i></b>",	16087,"Taretan","2020","93.122977","99.247177","98.123229","95.112091","78.65114","92.568807","93.65527","81.081081","95.833333","93.108133","98.684211","98.648649","100","ND","100","ND","50","93.333333","93.097751","96.129032","93.75","75.990676","ND",
"Tasa_de_alfabetización_de_las_personas_de_15_años_o_más,_desglosada_por_sexo_y_subpoblaciones<b><i>_[CENSO]_</i></b>",	16088,"Tarímbaro","2020","96.179875","99.288696","98.922595","97.325399","82.224783","96.262221","96.104016","98.024691","98.457831","96.193148","98.264642","98.328691","100","100","97.530864","100","40.540541","98.235294","96.125848","98.47973","98.412698","80.408078","ND",
"Tasa_de_alfabetización_de_las_personas_de_15_años_o_más,_desglosada_por_sexo_y_subpoblaciones<b><i>_[CENSO]_</i></b>",	16089,"Tepalcatepec","2020","90.365354","98.698129","98.139642","92.761394","71.407625","90.270641","90.459444","91.071429","90.070922","90.28723","99.069767","99.047619","100","100","100","ND","63.157895","97.241379","90.28691","90.076336","97.402597","67.454545","ND",
"Tasa_de_alfabetización_de_las_personas_de_15_años_o_más,_desglosada_por_sexo_y_subpoblaciones<b><i>_[CENSO]_</i></b>",	16090,"Tingambato","2020","93.069568","98.263889","97.887102","94.815607","76.185037","94.06376","92.156203","75.521822","96.784074","93.047611","100","100","ND","ND","ND","ND","100","95.348837","93.051332","93.413174","96","70.753065","ND",
"Tasa_de_alfabetización_de_las_personas_de_15_años_o_más,_desglosada_por_sexo_y_subpoblaciones<b><i>_[CENSO]_</i></b>",	16091,"Tingüindín","2020","93.088986","98.441558","98.449319","94.139535","82.101882","93.150685","93.033708","80.854701","88.888889","93.017249","99.137931","99.074074","ND","ND","100","ND","100","97.849462","92.944497","97.413793","98.058252","74.193548","ND",
"Tasa_de_alfabetización_de_las_personas_de_15_años_o_más,_desglosada_por_sexo_y_subpoblaciones<b><i>_[CENSO]_</i></b>",	16092,"Tiquicheo_de_Nicolás_Romero","2020","82.723762","99.056604","97.442455","86.68942","50.34085","82.915397","82.543531","100","80","82.590769","100","100","100","ND","100","ND","66.666667","93.442623","82.434803","92.241379","93.939394","44.507042","ND",
"Tasa_de_alfabetización_de_las_personas_de_15_años_o_más,_desglosada_por_sexo_y_subpoblaciones<b><i>_[CENSO]_</i></b>",	16093,"Tlalpujahua","2020","92.049765","99.320568","98.454376","94.163588","72.045935","93.514644","90.80535","86.842105","94.285714","92.041943","100","100","100","ND","100","ND","50","98.630137","91.884708","97.45098","98.666667","68.613139","ND",
"Tasa_de_alfabetización_de_las_personas_de_15_años_o_más,_desglosada_por_sexo_y_subpoblaciones<b><i>_[CENSO]_</i></b>",	16094,"Tlazazalca","2020","88.927126","98.127341","98.229167","93.279206","74.86631","89.65082","88.25595","75","94.117647","88.861589","100","100","ND","ND","ND","ND","50","94.382022","88.842718","96","94.897959","65.116279","ND",
"Tasa_de_alfabetización_de_las_personas_de_15_años_o_más,_desglosada_por_sexo_y_subpoblaciones<b><i>_[CENSO]_</i></b>",	16095,"Tocumbo","2020","90.504129","97.330961","97.397066","92.904804","76.14363","90.248267","90.745827","89.830508","94.488189","90.49492","100","100","ND","100","100","ND","0","97.101449","90.321847","95.356037","97.333333","72.350792","ND",
"Tasa_de_alfabetización_de_las_personas_de_15_años_o_más,_desglosada_por_sexo_y_subpoblaciones<b><i>_[CENSO]_</i></b>",	16096,"Tumbiscatío","2020","81.485007","96.5625","95.206767","84.191555","53.310502","80.104962","82.8585","72.727273","76.190476","81.422073","100","100","ND","ND","ND","100","33.333333","95.652174","81.260647","94.594595","96.078431","57.938144","ND",
"Tasa_de_alfabetización_de_las_personas_de_15_años_o_más,_desglosada_por_sexo_y_subpoblaciones<b><i>_[CENSO]_</i></b>",	16097,"Turicato","2020","83.597268","98.297872","96.47702","86.200562","55.105679","83.866155","83.354205","60.625","83.225806","83.545847","98.701299","100","100","ND","50","100","33.333333","94.852941","83.425042","87.826087","95.302013","56.969264","ND",
"Tasa_de_alfabetización_de_las_personas_de_15_años_o_más,_desglosada_por_sexo_y_subpoblaciones<b><i>_[CENSO]_</i></b>",	16098,"Tuxpan","2020","93.19335","99.054545","98.260696","94.666667","79.114883","92.989855","93.376397","89.285714","92.735043","93.166151","100","100","100","100","100","ND","85.714286","98.181818","93.095277","98.828125","98.333333","75.050916","ND",
"Tasa_de_alfabetización_de_las_personas_de_15_años_o_más,_desglosada_por_sexo_y_subpoblaciones<b><i>_[CENSO]_</i></b>",	16099,"Tuzantla","2020","83.186107","98.300654","97.978981","87.547422","52.988403","84.257161","82.168722","100","85.869565","83.088608","97.619048","97.530864","ND","ND","100","ND","0","93.495935","82.96556","88.983051","94.285714","50.697211","ND",
"Tasa_de_alfabetización_de_las_personas_de_15_años_o_más,_desglosada_por_sexo_y_subpoblaciones<b><i>_[CENSO]_</i></b>",	16100,"Tzintzuntzan","2020","89.594027","98.650472","98.434164","93.439681","65.937645","91.272511","88.096079","76.708075","90","89.554618","100","100","ND","ND","100","ND","50","89.89899","89.512288","97.087379","90.990991","63.868613","ND",
"Tasa_de_alfabetización_de_las_personas_de_15_años_o_más,_desglosada_por_sexo_y_subpoblaciones<b><i>_[CENSO]_</i></b>",	16101,"Tzitzio","2020","87.192777","99.255121","97.507987","89.629069","63.702506","87.04576","87.337986","85.714286","93.75","87.13686","100","100","ND","ND","ND","ND","ND","93.75","87.120312","89.473684","94","60.701754","ND",
"Tasa_de_alfabetización_de_las_personas_de_15_años_o_más,_desglosada_por_sexo_y_subpoblaciones<b><i>_[CENSO]_</i></b>",	16102,"Uruapan","2020","95.191734","98.656725","98.512991","96.204914","84.777743","95.720255","94.714154","83.113733","95.925336","95.241327","99.321574","99.247492","100","100","99.553571","100","35.646688","97.271872","95.222355","97.115987","97.729052","80.76973","ND",
"Tasa_de_alfabetización_de_las_personas_de_15_años_o_más,_desglosada_por_sexo_y_subpoblaciones<b><i>_[CENSO]_</i></b>",	16103,"Venustiano_Carranza","2020","91.234013","98.818565","98.705739","94.141997","75.019375","91.255688","91.214413","92.307692","95.909091","91.212747","98.795181","98.75","100","ND","100","ND","16.666667","95.238095","91.186441","93.883792","95.419847","71.062271","ND",
"Tasa_de_alfabetización_de_las_personas_de_15_años_o_más,_desglosada_por_sexo_y_subpoblaciones<b><i>_[CENSO]_</i></b>",	16104,"Villamar","2020","86.792611","99.340369","98.319656","90.373066","68.168835","86.64426","86.925515","81.25","87.244898","86.819025","98.863636","98.850575","ND","ND","100","ND","5.882353","93.333333","86.746988","96.470588","93.670886","61.460446","ND",
"Tasa_de_alfabetización_de_las_personas_de_15_años_o_más,_desglosada_por_sexo_y_subpoblaciones<b><i>_[CENSO]_</i></b>",	16105,"Vista_Hermosa","2020","93.144067","98.713235","98.924442","94.886055","79.365621","93.467885","92.838776","72.727273","93.529412","93.100227","98.347107","99.122807","0","ND","100","100","100","93.421053","93.076923","96.096096","93.181818","73.024236","ND",
"Tasa_de_alfabetización_de_las_personas_de_15_años_o_más,_desglosada_por_sexo_y_subpoblaciones<b><i>_[CENSO]_</i></b>",	16106,"Yurécuaro","2020","90.946894","95.770568","95.604922","92.109961","77.994358","91.585056","90.363244","61.036789","89.728959","90.924918","97.959184","98.850575","0","100","100","ND","76.923077","98.850575","91.090039","84.700315","98.93617","74.262735","63.333333",
"Tasa_de_alfabetización_de_las_personas_de_15_años_o_más,_desglosada_por_sexo_y_subpoblaciones<b><i>_[CENSO]_</i></b>",	16107,"Zacapu","2020","95.287903","98.935116","98.213895","97.045101","86.497281","95.734825","94.888359","89.462366","94.020619","95.284993","99.310345","99.196787","100","100","100","ND","47.619048","96.369637","95.251636","98.224195","96.793003","80.378859","ND",
"Tasa_de_alfabetización_de_las_personas_de_15_años_o_más,_desglosada_por_sexo_y_subpoblaciones<b><i>_[CENSO]_</i></b>",	16108,"Zamora","2020","93.81074","97.977717","97.742559","95.135452","81.931764","94.423456","93.258256","84.92201","94.763729","93.842209","98.45815","98.226467","85.714286","100","100","ND","25.384615","95.522388","93.754738","98.110134","96.050096","76.681384","ND",
"Tasa_de_alfabetización_de_las_personas_de_15_años_o_más,_desglosada_por_sexo_y_subpoblaciones<b><i>_[CENSO]_</i></b>",	16109,"Zináparo","2020","92.582629","99.130435","98.905109","96.006797","81.75853","93.382353","91.872279","100","88.888889","92.742879","96.875","96.774194","ND","ND","100","ND","14.285714","100","92.677165","100","96.666667","74.641148","ND",
"Tasa_de_alfabetización_de_las_personas_de_15_años_o_más,_desglosada_por_sexo_y_subpoblaciones<b><i>_[CENSO]_</i></b>",	16110,"Zinapécuaro","2020","91.880594","99.1522","98.486208","94.337823","76.064257","91.843615","91.913962","100","91.304348","91.808342","99.401198","99.371069","100","ND","100","ND","94.117647","97.175141","91.744629","95.867769","97.5","71.56699","ND",
"Tasa_de_alfabetización_de_las_personas_de_15_años_o_más,_desglosada_por_sexo_y_subpoblaciones<b><i>_[CENSO]_</i></b>",	16111,"Ziracuaretiro","2020","93.795358","98.617966","97.767857","94.611996","80.121145","93.592677","93.988475","81.428571","93.043478","93.780058","100","100","ND","ND","100","ND","75","100","93.749494","95.652174","100","73.752311","ND",
"Tasa_de_alfabetización_de_las_personas_de_15_años_o_más,_desglosada_por_sexo_y_subpoblaciones<b><i>_[CENSO]_</i></b>",	16112,"Zitácuaro","2020","93.564602","98.856097","98.445562","95.128774","77.67747","94.395623","92.818321","74.600602","93.282313","93.55499","99.5","99.39759","100","100","100","ND","53.125","98.442368","93.475768","98.01085","98.614958","75.707747","ND",
"Tasa_de_alfabetización_de_las_personas_de_15_años_o_más,_desglosada_por_sexo_y_subpoblaciones<b><i>_[CENSO]_</i></b>",	16113,"José_Sixto_Verduzco","2020","89.884186","99.593826","98.940525","94.741333","69.884332","90.419876","89.404681","100","79.069767","89.812471","99.350649","99.337748","100","ND","100","ND","66.666667","94.142259","89.677213","95.643154","94.552529","67.430279","ND",
"Tasa_de_alfabetización_de_las_personas_de_15_años_o_más,_desglosada_por_sexo_y_subpoblaciones<b><i>_[CENSO]_</i></b>",	17,"Morelos","2020","95.389412","98.888135","98.770886","96.934431","85.177964","96.042403","94.799839","80.0581","96.09704","95.409297","99.467832","99.452055","96.938776","99.264706","99.655935","90","41.004498","97.772512","95.36189","96.854009","98.112245","79.53955","100",
"Tasa_de_alfabetización_de_las_personas_de_15_años_o_más,_desglosada_por_sexo_y_subpoblaciones<b><i>_[CENSO]_</i></b>",	17001,"Amacuzac","2020","91.936233","99.171843","98.448169","95.292579","73.394495","93.536745","90.506885","80","94.117647","91.921312","100","100","ND","100","100","ND","40","96.721311","91.891242","93.506494","96.825397","69.375","ND",
"Tasa_de_alfabetización_de_las_personas_de_15_años_o_más,_desglosada_por_sexo_y_subpoblaciones<b><i>_[CENSO]_</i></b>",	17002,"Atlatlahucan","2020","95.057095","98.713096","98.508099","96.384054","86.26506","95.666185","94.489331","80.500659","94.223827","95.1332","99.441341","100","66.666667","100","100","ND","44.186047","96.73913","95.077829","96.004262","97.272727","81.624226","ND",
"Tasa_de_alfabetización_de_las_personas_de_15_años_o_más,_desglosada_por_sexo_y_subpoblaciones<b><i>_[CENSO]_</i></b>",	17003,"Axochiapan","2020","90.339472","97.906755","97.673209","92.388587","68.931624","91.001623","89.720978","57.462687","88.541667","90.263546","99.604743","99.58159","100","100","100","ND","57.142857","95.918367","90.161977","93.589744","96.197719","67.767296","ND",
"Tasa_de_alfabetización_de_las_personas_de_15_años_o_más,_desglosada_por_sexo_y_subpoblaciones<b><i>_[CENSO]_</i></b>",	17004,"Ayala","2020","92.586596","97.838499","97.830151","94.509999","76.669022","93.52502","91.733125","61.607477","92.247557","92.54979","98.938992","98.993289","91.666667","100","100","100","93.333333","97.916667","92.444954","94.679655","98.125","74.425556","100",
"Tasa_de_alfabetización_de_las_personas_de_15_años_o_más,_desglosada_por_sexo_y_subpoblaciones<b><i>_[CENSO]_</i></b>",	17005,"Coatlán_del_Río","2020","92.259831","99.368421","97.683994","95.762287","75.153374","91.829689","92.587719","92.307692","89.922481","92.187697","100","100","ND","100","100","100","83.333333","100","91.349878","90.721649","100","66.533066","ND",
"Tasa_de_alfabetización_de_las_personas_de_15_años_o_más,_desglosada_por_sexo_y_subpoblaciones<b><i>_[CENSO]_</i></b>",	17006,"Cuautla","2020","95.665261","98.917726","98.93471","97.169519","85.861477","96.492999","94.930183","77.362453","95.676384","95.698305","99.6","99.793814","91.666667","100","99.5671","100","34.920635","96.957404","95.682328","96.634786","97.324415","80.749724","ND",
"Tasa_de_alfabetización_de_las_personas_de_15_años_o_más,_desglosada_por_sexo_y_subpoblaciones<b><i>_[CENSO]_</i></b>",	17007,"Cuernavaca","2020","97.563261","98.908666","99.130299","98.417214","93.51763","98.064959","97.129609","89.932584","97.895755","97.656279","99.69697","99.659284","98.507463","99.069767","99.815838","100","28.599222","98.816029","97.639073","98.45577","99.139415","87.550945","ND",
"Tasa_de_alfabetización_de_las_personas_de_15_años_o_más,_desglosada_por_sexo_y_subpoblaciones<b><i>_[CENSO]_</i></b>",	17008,"Emiliano_Zapata","2020","95.840176","99.280964","99.056648","97.327599","84.120003","96.431813","95.302409","86.583991","98.38806","95.866904","99.04","98.753894","100","97.674419","99.606299","ND","27.868852","97.763578","95.756581","97.639063","97.87234","80.278844","ND",
"Tasa_de_alfabetización_de_las_personas_de_15_años_o_más,_desglosada_por_sexo_y_subpoblaciones<b><i>_[CENSO]_</i></b>",	17009,"Huitzilac","2020","96.7414","99.286281","98.969285","97.568882","89.085129","97.251131","96.259885","88.709677","98.726115","96.771697","98.93617","100","100","100","98.360656","ND","42.857143","100","96.814149","96.36768","100","85.057471","ND",
"Tasa_de_alfabetización_de_las_personas_de_15_años_o_más,_desglosada_por_sexo_y_subpoblaciones<b><i>_[CENSO]_</i></b>",	17010,"Jantetelco","2020","94.54706","99.059561","98.9921","96.187509","80.27027","95.200978","93.939824","82.278481","94.776119","94.517609","100","100","100","ND","100","ND","100","98.837209","94.526525","94.431555","98.913043","74.780702","ND",
"Tasa_de_alfabetización_de_las_personas_de_15_años_o_más,_desglosada_por_sexo_y_subpoblaciones<b><i>_[CENSO]_</i></b>",	17011,"Jiutepec","2020","96.909594","99.074966","99.25727","98.128427","89.090783","97.632339","96.265842","83.86059","97.000273","96.94685","99.211712","98.832685","100","100","99.667774","ND","28.92562","98.155738","96.941571","97.47579","98.4375","84.058262","ND",
"Tasa_de_alfabetización_de_las_personas_de_15_años_o_más,_desglosada_por_sexo_y_subpoblaciones<b><i>_[CENSO]_</i></b>",	17012,"Jojutla","2020","94.813934","98.899148","98.428835","96.695724","84.64689","95.37714","94.30331","73.248408","96.816976","94.801444","99.196787","99.514563","100","100","97.297297","ND","50","98.557692","94.733405","96.924129","98.723404","77.105691","ND",
"Tasa_de_alfabetización_de_las_personas_de_15_años_o_más,_desglosada_por_sexo_y_subpoblaciones<b><i>_[CENSO]_</i></b>",	17013,"Jonacatepec","2020","93.365155","98.032407","98.328076","94.644003","81.304348","94.408387","92.409694","71.794872","95.683453","93.359968","100","100","100","ND","100","ND","50","93.243243","93.52794","90.2","93.421053","75.512195","ND",
"Tasa_de_alfabetización_de_las_personas_de_15_años_o_más,_desglosada_por_sexo_y_subpoblaciones<b><i>_[CENSO]_</i></b>",	17014,"Mazatepec","2020","92.967999","98.535565","98.161168","95.310702","79.161028","93.184455","92.773285","84.615385","87.5","92.934033","100","100","ND","ND","100","ND","100","94.117647","92.952165","93.258427","94.594595","70.615034","ND",
"Tasa_de_alfabetización_de_las_personas_de_15_años_o_más,_desglosada_por_sexo_y_subpoblaciones<b><i>_[CENSO]_</i></b>",	17015,"Miacatlán","2020","92.927325","99.294947","97.831978","95.573654","78.131635","93.096198","92.769306","89.655172","96.542553","92.912514","96.969697","98.245614","100","ND","87.5","ND","0","97.674419","92.750288","96.86747","97.826087","74.399164","ND",
"Tasa_de_alfabetización_de_las_personas_de_15_años_o_más,_desglosada_por_sexo_y_subpoblaciones<b><i>_[CENSO]_</i></b>",	17016,"Ocuituco","2020","94.549507","99.272727","98.808316","96.134252","79.671083","95.506621","93.654328","85.074627","94.545455","94.549917","100","100","100","ND","100","ND","25","98.611111","94.493993","97.338403","98.648649","77.368421","ND",
"Tasa_de_alfabetización_de_las_personas_de_15_años_o_más,_desglosada_por_sexo_y_subpoblaciones<b><i>_[CENSO]_</i></b>",	17017,"Puente_de_Ixtla","2020","93.658553","99.338687","98.344809","96.274332","79.181586","94.390384","93.014914","68.983957","95.149912","93.646251","100","100","100","ND","100","ND","68.181818","97.005988","93.575361","95.987654","97.222222","74.497745","ND",
"Tasa_de_alfabetización_de_las_personas_de_15_años_o_más,_desglosada_por_sexo_y_subpoblaciones<b><i>_[CENSO]_</i></b>",	17018,"Temixco","2020","94.710879","98.936334","98.783795","96.686537","80.260621","95.619048","93.890789","82.816537","95.616438","94.726642","99.101124","99.093656","100","100","98.93617","ND","36.206897","98.022599","94.678406","96.083952","98.300971","75.676086","ND",
"Tasa_de_alfabetización_de_las_personas_de_15_años_o_más,_desglosada_por_sexo_y_subpoblaciones<b><i>_[CENSO]_</i></b>",	17019,"Tepalcingo","2020","91.27821","98.446328","98.083364","94.401506","72.087319","91.369018","91.191806","77.083333","93.220339","91.256489","99.315068","100","66.666667","ND","100","ND","11.111111","95.39749","91.07499","96.89441","95.634921","67.967385","ND",
"Tasa_de_alfabetización_de_las_personas_de_15_años_o_más,_desglosada_por_sexo_y_subpoblaciones<b><i>_[CENSO]_</i></b>",	17020,"Tepoztlán","2020","96.307273","99.138859","98.972006","97.352858","87.666034","96.967895","95.691526","84.410339","97.088792","96.310948","99.324324","99.156118","100","100","99.406528","100","52.272727","99.473684","96.326437","96.601245","99.640288","82.844165","ND",
"Tasa_de_alfabetización_de_las_personas_de_15_años_o_más,_desglosada_por_sexo_y_subpoblaciones<b><i>_[CENSO]_</i></b>",	17021,"Tetecala","2020","93.496215","100","98.865248","95.364714","81.148867","93.652521","93.355155","94.444444","80","93.471503","100","100","ND","ND","100","ND","100","96.153846","93.502377","93.333333","96.296296","74.043716","ND",
"Tasa_de_alfabetización_de_las_personas_de_15_años_o_más,_desglosada_por_sexo_y_subpoblaciones<b><i>_[CENSO]_</i></b>",	17022,"Tetela_del_Volcán","2020","95.491882","99.559956","98.752399","96.681991","81.634078","96.100059","94.91934","94.456763","96.428571","95.509383","100","100","ND","ND","100","ND","0","100","95.407407","98.62069","100","78.53211","ND",
"Tasa_de_alfabetización_de_las_personas_de_15_años_o_más,_desglosada_por_sexo_y_subpoblaciones<b><i>_[CENSO]_</i></b>",	17023,"Tlalnepantla","2020","95.455349","96.759259","98.792884","97.322385","82.429245","95.943563","94.964539","87.387387","92.857143","95.449717","100","100","ND","ND","100","ND","100","87.5","95.398941","97.633136","88.888889","77.887789","ND",
"Tasa_de_alfabetización_de_las_personas_de_15_años_o_más,_desglosada_por_sexo_y_subpoblaciones<b><i>_[CENSO]_</i></b>",	17024,"Tlaltizapán_de_Zapata","2020","93.706683","98.756401","98.281651","95.933562","79.927691","94.18451","93.268345","74.236641","92.112676","93.676171","99.203187","99.137931","100","100","100","ND","33.333333","97.536946","93.657821","94.815466","97.247706","74.547354","ND",
"Tasa_de_alfabetización_de_las_personas_de_15_años_o_más,_desglosada_por_sexo_y_subpoblaciones<b><i>_[CENSO]_</i></b>",	17025,"Tlaquiltenango","2020","93.456719","99.021864","98.807843","96.077963","78.846154","93.886672","93.05483","68.202765","88.709677","93.436144","98.4","99.047619","50","100","100","ND","50","98.295455","93.359936","95.876289","98.445596","73.373373","ND",
"Tasa_de_alfabetización_de_las_personas_de_15_años_o_más,_desglosada_por_sexo_y_subpoblaciones<b><i>_[CENSO]_</i></b>",	17026,"Tlayacapan","2020","95.10678","99.031946","98.652932","95.960729","85.753968","96.042254","94.205455","74.416136","98.086124","95.135849","100","100","100","100","100","ND","42.857143","100","95.045208","97.453311","100","78.640777","ND",
"Tasa_de_alfabetización_de_las_personas_de_15_años_o_más,_desglosada_por_sexo_y_subpoblaciones<b><i>_[CENSO]_</i></b>",	17027,"Totolapan","2020","94.732278","98.756906","97.855987","96.315093","82.843792","95.549562","93.971112","59.923664","91.463415","94.733406","100","100","100","100","100","ND","75","96","94.763802","94.621027","96.153846","81.829897","ND",
"Tasa_de_alfabetización_de_las_personas_de_15_años_o_más,_desglosada_por_sexo_y_subpoblaciones<b><i>_[CENSO]_</i></b>",	17028,"Xochitepec","2020","94.798934","98.921765","98.506031","96.465585","81.204316","95.308311","94.289133","80.597015","94.410693","94.798057","99.322034","99.502488","100","100","100","50","83.898305","96.685083","94.719392","96.020583","97.156398","76.844784","ND",
"Tasa_de_alfabetización_de_las_personas_de_15_años_o_más,_desglosada_por_sexo_y_subpoblaciones<b><i>_[CENSO]_</i></b>",	17029,"Yautepec","2020","95.314011","99.024996","98.798521","96.844354","84.864939","96.007394","94.684752","76.488095","95.100128","95.309438","99.781182","100","100","100","99.264706","ND","59.574468","97.250859","95.287053","96.230792","97.714286","79.781724","ND",
"Tasa_de_alfabetización_de_las_personas_de_15_años_o_más,_desglosada_por_sexo_y_subpoblaciones<b><i>_[CENSO]_</i></b>",	17030,"Yecapixtla","2020","94.632893","98.957016","98.698349","96.067918","80.039299","95.473583","93.841182","77.81457","96.516393","94.64457","99.401198","99.275362","100","ND","100","ND","41.666667","98.013245","94.636163","95.017381","98.203593","76.237219","ND",
"Tasa_de_alfabetización_de_las_personas_de_15_años_o_más,_desglosada_por_sexo_y_subpoblaciones<b><i>_[CENSO]_</i></b>",	17031,"Zacatepec","2020","96.26694","98.853086","99.002268","97.820578","88.89074","96.856775","95.749768","92.70073","97.358491","96.274663","99.408284","99.315068","100","100","100","ND","42.857143","98.484848","96.272339","97.142857","98.657718","82.333011","ND",
"Tasa_de_alfabetización_de_las_personas_de_15_años_o_más,_desglosada_por_sexo_y_subpoblaciones<b><i>_[CENSO]_</i></b>",	17032,"Zacualpan_de_Amilpas","2020","96.057539","99.621928","98.854337","97.85501","86.739576","97.023644","95.169946","94.444444","100","96.046106","100","100","100","ND","100","ND","0","98.305085","95.964937","98.449612","98.387097","80.788177","ND",
"Tasa_de_alfabetización_de_las_personas_de_15_años_o_más,_desglosada_por_sexo_y_subpoblaciones<b><i>_[CENSO]_</i></b>",	17033,"Temoac","2020","94.408777","99.010989","99.055076","95.923503","76.820809","96.033403","92.984597","83.653846","96.124031","94.394199","100","100","ND","ND","100","ND","ND","100","94.245514","98.70801","100","72.01426","ND",
"Tasa_de_alfabetización_de_las_personas_de_15_años_o_más,_desglosada_por_sexo_y_subpoblaciones<b><i>_[CENSO]_</i></b>",	17034,"Coatetelco","2020","89.343754","97.929936","97.140381","92.031975","62.22935","88.580327","90.042776","67.44186","95.348837","89.331012","100","100","100","ND","100","ND","50","96.226415","89.24488","100","96.296296","59.811617","ND",
"Tasa_de_alfabetización_de_las_personas_de_15_años_o_más,_desglosada_por_sexo_y_subpoblaciones<b><i>_[CENSO]_</i></b>",	17035,"Xoxocotla","2020","91.524255","98.181818","98.044132","93.995204","58.792879","92.900688","90.143069","73.255246","89.451477","91.5286","100","100","100","100","100","ND","57.142857","100","91.447138","97.735849","100","63.420159","ND",
"Tasa_de_alfabetización_de_las_personas_de_15_años_o_más,_desglosada_por_sexo_y_subpoblaciones<b><i>_[CENSO]_</i></b>",	17036,"Hueyapan","2020","93.624282","99.781659","98.484848","95.570365","76.237624","94.96124","92.46988","89.225727","95.238095","93.59437","100","100","ND","ND","ND","ND","100","97.368421","93.496086","96.8","97.368421","70.648464","ND",
"Tasa_de_alfabetización_de_las_personas_de_15_años_o_más,_desglosada_por_sexo_y_subpoblaciones<b><i>_[CENSO]_</i></b>",	18,"Nayarit","2020","95.36091","98.787335","98.471734","96.480318","86.204136","95.421739","95.302283","76.249368","95.133495","95.346775","99.425353","99.472705","95.454545","99.415205","99.541752","87.5","54.414414","97.747342","95.252328","97.425425","98.165138","81.465419","56.818182",
"Tasa_de_alfabetización_de_las_personas_de_15_años_o_más,_desglosada_por_sexo_y_subpoblaciones<b><i>_[CENSO]_</i></b>",	18001,"Acaponeta","2020","94.111828","99.275362","98.789308","96.545342","82.29443","93.607374","94.602211","82.159624","88.888889","94.083864","100","100","ND","ND","100","ND","100","95.238095","93.986535","97.679814","95.620438","77.013752","ND",
"Tasa_de_alfabetización_de_las_personas_de_15_años_o_más,_desglosada_por_sexo_y_subpoblaciones<b><i>_[CENSO]_</i></b>",	18002,"Ahuacatlán","2020","94.937473","99.857955","98.75","97.291894","85.303747","94.752441","95.118621","86.27451","93.333333","94.914221","97.272727","99","75","ND","83.333333","ND","100","98.039216","94.855013","95.804196","98.181818","80.228137","ND",
"Tasa_de_alfabetización_de_las_personas_de_15_años_o_más,_desglosada_por_sexo_y_subpoblaciones<b><i>_[CENSO]_</i></b>",	18003,"Amatlán_de_Cañas","2020","93.997683","99.622642","99.091941","97.020854","83.549784","93.063849","94.94855","53.333333","94.029851","93.923754","100","100","ND","100","100","ND","100","96.350365","93.784752","97.389034","96.753247","79.586077","ND",
"Tasa_de_alfabetización_de_las_personas_de_15_años_o_más,_desglosada_por_sexo_y_subpoblaciones<b><i>_[CENSO]_</i></b>",	18004,"Compostela","2020","95.062033","98.906667","99.004458","96.649074","85.127842","94.86675","95.251659","83.061481","95.372751","95.032289","99.256506","99.269006","100","100","99.082569","ND","47.222222","97.669903","94.99327","96.486486","97.959184","79.677914","ND",
"Tasa_de_alfabetización_de_las_personas_de_15_años_o_más,_desglosada_por_sexo_y_subpoblaciones<b><i>_[CENSO]_</i></b>",	18005,"Huajicori","2020","89.611242","98.790323","98.00759","91.351661","65.511811","91.502079","87.679235","73.65224","92.857143","89.594843","100","100","ND","ND","ND","ND","100","93.333333","89.630836","88.744589","93.333333","65.429234","ND",
"Tasa_de_alfabetización_de_las_personas_de_15_años_o_más,_desglosada_por_sexo_y_subpoblaciones<b><i>_[CENSO]_</i></b>",	18006,"Ixtlán_del_Río","2020","95.88337","99.153094","99.235503","97.510812","86.13958","95.832102","95.929613","82.105263","96.116505","95.879069","99.6","100","ND","ND","94.444444","ND","40","97.701149","95.868814","96.923077","97.916667","76.712329","100",
"Tasa_de_alfabetización_de_las_personas_de_15_años_o_más,_desglosada_por_sexo_y_subpoblaciones<b><i>_[CENSO]_</i></b>",	18007,"Jala","2020","94.668588","99.180328","98.471742","96.711387","82.45614","94.214495","95.109915","75","94.520548","94.637272","100","100","ND","100","100","ND","100","97.959184","94.572848","96.75","98.148148","75.138122","ND",
"Tasa_de_alfabetización_de_las_personas_de_15_años_o_más,_desglosada_por_sexo_y_subpoblaciones<b><i>_[CENSO]_</i></b>",	18008,"Xalisco","2020","97.310519","98.989899","99.122044","98.081862","90.04847","96.983627","97.611748","80.555556","98.543689","97.309872","99.695122","99.644128","100","100","100","100","55.555556","100","97.364789","95.838359","100","84.828202","ND",
"Tasa_de_alfabetización_de_las_personas_de_15_años_o_más,_desglosada_por_sexo_y_subpoblaciones<b><i>_[CENSO]_</i></b>",	18009,"Del_Nayar","2020","72.589583","92.143885","87.709436","66.005591","30.41924","77.71057","67.697197","69.860457","80.941704","72.633844","94.117647","93.75","ND","ND","100","100","49.39759","84.210526","72.48786","98.275862","85.483871","46.627756","ND",
"Tasa_de_alfabetización_de_las_personas_de_15_años_o_más,_desglosada_por_sexo_y_subpoblaciones<b><i>_[CENSO]_</i></b>",	18010,"Rosamorada","2020","93.369694","99.009901","98.540011","95.438508","82.120282","92.970503","93.781527","76.289453","88.888889","93.371841","96.666667","96.376812","100","ND","100","ND","25","97.584541","93.279254","96.520147","97.777778","76.996805","ND",
"Tasa_de_alfabetización_de_las_personas_de_15_años_o_más,_desglosada_por_sexo_y_subpoblaciones<b><i>_[CENSO]_</i></b>",	18011,"Ruíz","2020","92.764585","98.899371","97.95501","94.432863","79.051751","93.348141","92.177391","77.564454","85.714286","92.753965","98.850575","98.809524","100","ND","100","ND","42.857143","96.938776","92.703579","95.890411","97.196262","74.486301","ND",
"Tasa_de_alfabetización_de_las_personas_de_15_años_o_más,_desglosada_por_sexo_y_subpoblaciones<b><i>_[CENSO]_</i></b>",	18012,"San_Blas","2020","94.486568","98.732394","98.342462","95.908423","85.766646","94.240737","94.74317","77.070064","94.520548","94.451242","99.418605","99.367089","ND","100","100","ND","46.153846","97.058824","94.429427","95.631068","97.619048","78.711363","ND",
"Tasa_de_alfabetización_de_las_personas_de_15_años_o_más,_desglosada_por_sexo_y_subpoblaciones<b><i>_[CENSO]_</i></b>",	18013,"San_Pedro_Lagunillas","2020","94.80034","99.71831","98.458904","97.16585","86.303191","94.691152","94.913495","80","97.222222","94.743171","100","100","ND","ND","100","ND","100","98.095238","94.711453","95.238095","98.290598","81.054688","ND",
"Tasa_de_alfabetización_de_las_personas_de_15_años_o_más,_desglosada_por_sexo_y_subpoblaciones<b><i>_[CENSO]_</i></b>",	18014,"Santa_María_del_Oro","2020","92.988606","99.17231","98.01017","94.60192","80.247957","93.079019","92.897258","76.132003","88.372093","92.929014","100","100","100","ND","100","ND","50","97.487437","93.032716","90.034364","97.727273","74.234875","ND",
"Tasa_de_alfabetización_de_las_personas_de_15_años_o_más,_desglosada_por_sexo_y_subpoblaciones<b><i>_[CENSO]_</i></b>",	18015,"Santiago_Ixcuintla","2020","94.20632","99.111015","98.583147","96.150899","84.066565","93.944548","94.469809","74.761905","92.7905","94.18317","99.462366","99.42029","100","100","100","ND","63.636364","96.357013","94.141503","96.276276","96.592845","79.301381","55.813953",
"Tasa_de_alfabetización_de_las_personas_de_15_años_o_más,_desglosada_por_sexo_y_subpoblaciones<b><i>_[CENSO]_</i></b>",	18016,"Tecuala","2020","93.675678","99.497768","98.387973","96.02435","84.507042","92.887594","94.471965","82.666667","94.630872","93.644981","99.333333","100","0","ND","100","ND","100","94.318182","93.589602","96.542185","94.974874","78.490566","ND",
"Tasa_de_alfabetización_de_las_personas_de_15_años_o_más,_desglosada_por_sexo_y_subpoblaciones<b><i>_[CENSO]_</i></b>",	18017,"Tepic","2020","97.732829","99.333022","99.260283","98.375138","92.729004","97.8041","97.667416","87.927823","97.444634","97.745729","99.524016","99.648506","95.918367","100","99.417476","100","54.6875","98.783784","97.720591","98.414579","99.029126","87.736578","ND",
"Tasa_de_alfabetización_de_las_personas_de_15_años_o_más,_desglosada_por_sexo_y_subpoblaciones<b><i>_[CENSO]_</i></b>",	18018,"Tuxpan","2020","95.102857","99.312715","98.888889","96.697943","86.778754","94.567122","95.630775","79.617834","98.550725","95.088993","98.373984","98.214286","100","ND","100","100","66.666667","97.931034","95.065937","95.925926","98.064516","81.403666","ND",
"Tasa_de_alfabetización_de_las_personas_de_15_años_o_más,_desglosada_por_sexo_y_subpoblaciones<b><i>_[CENSO]_</i></b>",	18019,"La_Yesca","2020","87.897664","98.146129","96.344648","88.473088","66.251729","90.341161","85.433423","80.899784","85.714286","87.855702","100","100","100","ND","ND","ND","50","100","87.842291","90.84507","100","65.733114","ND",
"Tasa_de_alfabetización_de_las_personas_de_15_años_o_más,_desglosada_por_sexo_y_subpoblaciones<b><i>_[CENSO]_</i></b>",	18020,"Bahía_de_Banderas","2020","97.135462","99.099389","98.865689","97.804273","87.547225","97.136159","97.134757","89.142505","96.827195","97.12228","99.571946","99.589683","96.428571","99.130435","99.746622","75","57.931034","98.778833","97.038739","97.864681","99.115044","84.371379","ND",
"Tasa_de_alfabetización_de_las_personas_de_15_años_o_más,_desglosada_por_sexo_y_subpoblaciones<b><i>_[CENSO]_</i></b>",	19,"Nuevo_León","2020","98.093235","98.759694","98.965891","98.674308","94.212216","98.240174","97.94782","97.261094","98.377863","98.248014","98.851951","98.921484","97.460317","99.510667","98.686947","91.666667","42.914788","99.210651","98.240401","98.674067","98.962823","88.46341","98.4375",
"Tasa_de_alfabetización_de_las_personas_de_15_años_o_más,_desglosada_por_sexo_y_subpoblaciones<b><i>_[CENSO]_</i></b>",	19001,"Abasolo","2020","97.471264","98.809524","98.809524","98.716774","90.243902","97.54717","97.399103","100","100","97.639981","100","100","100","ND","ND","ND","0","100","97.702766","93.75","100","84.090909","ND",
"Tasa_de_alfabetización_de_las_personas_de_15_años_o_más,_desglosada_por_sexo_y_subpoblaciones<b><i>_[CENSO]_</i></b>",	19002,"Agualeguas","2020","95.077149","100","99.054374","97.557132","88.724374","94.480755","95.687732","66.666667","100","94.979393","100","100","100","ND","100","ND","ND","96.875","94.986707","97.560976","97.916667","78.723404","ND",
"Tasa_de_alfabetización_de_las_personas_de_15_años_o_más,_desglosada_por_sexo_y_subpoblaciones<b><i>_[CENSO]_</i></b>",	19003,"Los_Aldamas","2020","95.565611","100","99.453552","96.385542","92.105263","95.271454","95.88015","ND","ND","95.493768","98.360656","98.333333","ND","ND","100","ND","0","100","95.463138","100","100","83.898305","ND",
"Tasa_de_alfabetización_de_las_personas_de_15_años_o_más,_desglosada_por_sexo_y_subpoblaciones<b><i>_[CENSO]_</i></b>",	19004,"Allende","2020","97.90354","98.117513","98.506571","98.780308","94.431406","98.02886","97.776097","97.590361","98.373984","97.938767","100","100","100","100","100","ND","65.789474","95.061728","97.963214","97.657394","96.491228","85.986654","ND",
"Tasa_de_alfabetización_de_las_personas_de_15_años_o_más,_desglosada_por_sexo_y_subpoblaciones<b><i>_[CENSO]_</i></b>",	19005,"Anáhuac","2020","96.066901","98.972251","98.308458","96.374903","91.701245","95.598756","96.518607","91.666667","96.062992","96.061337","97.881356","99.53271","66.666667","100","83.333333","ND","63.636364","98.095238","96.09814","95.207668","98.58156","86.536676","ND",
"Tasa_de_alfabetización_de_las_personas_de_15_años_o_más,_desglosada_por_sexo_y_subpoblaciones<b><i>_[CENSO]_</i></b>",	19006,"Apodaca","2020","98.910431","98.7133","99.209567","99.362929","94.961336","99.039815","98.77907","97.941767","99.000469","98.973029","99.262972","99.552072","98.039216","99.284436","99.204244","75","80.976718","99.662162","98.971351","99.240633","99.284756","91.253247","ND",
"Tasa_de_alfabetización_de_las_personas_de_15_años_o_más,_desglosada_por_sexo_y_subpoblaciones<b><i>_[CENSO]_</i></b>",	19007,"Aramberri","2020","91.945824","99.520384","98.362832","95.560658","77.53176","91.912281","91.981395","100","100","91.93563","100","100","ND","ND","100","ND","ND","100","91.863973","98.245614","100","72.566372","ND",
"Tasa_de_alfabetización_de_las_personas_de_15_años_o_más,_desglosada_por_sexo_y_subpoblaciones<b><i>_[CENSO]_</i></b>",	19008,"Bustamante","2020","95.897436","98.930481","98.623064","97.215777","90.134529","95.397179","96.384671","100","99.401198","95.876289","100","100","ND","ND","100","ND","ND","100","95.877061","94.871795","100","81.958763","ND",
"Tasa_de_alfabetización_de_las_personas_de_15_años_o_más,_desglosada_por_sexo_y_subpoblaciones<b><i>_[CENSO]_</i></b>",	19009,"Cadereyta_Jiménez","2020","97.987813","99.209486","98.907281","98.52268","93.485447","98.056068","97.916386","97.406915","96.72524","97.978435","99.224806","99.539171","100","100","98.657718","ND","98.173278","98.823529","97.979214","98.035547","98.93617","87.163064","ND",
"Tasa_de_alfabetización_de_las_personas_de_15_años_o_más,_desglosada_por_sexo_y_subpoblaciones<b><i>_[CENSO]_</i></b>",	19010,"El_Carmen","2020","98.566098","99.011641","99.264399","98.583382","91.067616","98.555418","98.577112","98.647984","97.058824","98.695032","97.213622","99.029126","92.307692","100","96.464646","100","55.778894","98.876404","98.744121","98.53577","97.734628","93.173759","ND",
"Tasa_de_alfabetización_de_las_personas_de_15_años_o_más,_desglosada_por_sexo_y_subpoblaciones<b><i>_[CENSO]_</i></b>",	19011,"Cerralvo","2020","95.615301","98.857143","97.96748","96.914701","89.312345","95.309703","95.925791","92.857143","98.4375","95.552685","98.360656","98.26087","ND","100","100","ND","100","95.890411","95.565201","96.621622","96.842105","81.418093","ND",
"Tasa_de_alfabetización_de_las_personas_de_15_años_o_más,_desglosada_por_sexo_y_subpoblaciones<b><i>_[CENSO]_</i></b>",	19012,"Ciénega_de_Flores","2020","98.210815","98.853069","99.218612","98.438206","89.246923","98.370102","98.042875","97.794823","98.235294","98.307466","98.214286","100","100","100","96.875","ND","47.191011","100","98.279776","98.426052","98.854962","88.829431","ND",
"Tasa_de_alfabetización_de_las_personas_de_15_años_o_más,_desglosada_por_sexo_y_subpoblaciones<b><i>_[CENSO]_</i></b>",	19013,"China","2020","95.675964","99.522673","98.236092","97.174993","89.420371","95.241893","96.113642","83.333333","86.363636","95.666892","97.196262","97.029703","ND","ND","100","ND","0","96.774194","95.690125","94.545455","97.826087","76.853933","ND",
"Tasa_de_alfabetización_de_las_personas_de_15_años_o_más,_desglosada_por_sexo_y_subpoblaciones<b><i>_[CENSO]_</i></b>",	19014,"Doctor_Arroyo","2020","90.557618","98.607889","98.244089","93.916221","72.653206","90.693431","90.423022","95.454545","87.443946","90.544129","100","100","ND","ND","100","ND","68.75","95.424837","90.445834","97.050938","95.56962","69.643606","ND",
"Tasa_de_alfabetización_de_las_personas_de_15_años_o_más,_desglosada_por_sexo_y_subpoblaciones<b><i>_[CENSO]_</i></b>",	19015,"Doctor_Coss","2020","95.652174","100","99.450549","95.491803","92.966361","94.584139","96.672828","100","100","95.542636","100","100","ND","ND","100","ND","ND","100","95.643756","95","100","88.709677","ND",
"Tasa_de_alfabetización_de_las_personas_de_15_años_o_más,_desglosada_por_sexo_y_subpoblaciones<b><i>_[CENSO]_</i></b>",	19016,"Doctor_González","2020","94.967267","100","98.705502","95.808885","86.514523","94.256491","95.737425","100","97.222222","94.96492","94.736842","94.444444","ND","ND","100","ND","100","100","94.90364","95.555556","100","85.470085","ND",
"Tasa_de_alfabetización_de_las_personas_de_15_años_o_más,_desglosada_por_sexo_y_subpoblaciones<b><i>_[CENSO]_</i></b>",	19017,"Galeana","2020","93.259496","99.239714","98.172709","94.826112","82.492163","93.187036","93.332877","100","88.888889","93.255212","95.774648","98.360656","100","ND","77.777778","ND","85.714286","97.560976","93.159066","97.868852","98.148148","73.931624","ND",
"Tasa_de_alfabetización_de_las_personas_de_15_años_o_más,_desglosada_por_sexo_y_subpoblaciones<b><i>_[CENSO]_</i></b>",	19018,"García","2020","98.633693","99.005675","99.224143","98.913446","90.895145","98.741764","98.523243","98.176457","98.598131","98.675416","99.003466","99.295775","100","99.604222","98.406748","100","56.445993","99.310345","98.704029","98.538193","99.082042","90.891734","ND",
"Tasa_de_alfabetización_de_las_personas_de_15_años_o_más,_desglosada_por_sexo_y_subpoblaciones<b><i>_[CENSO]_</i></b>",	19019,"San_Pedro_Garza_García","2020","96.933475","96.64723","97.406862","96.995743","96.374136","96.981308","96.891904","98.481117","97.651557","98.62693","99.543568","99.157895","100","99.576271","99.830938","100","7.746127","99.342105","98.693904","98.922699","99.579479","89.649723","ND",
"Tasa_de_alfabetización_de_las_personas_de_15_años_o_más,_desglosada_por_sexo_y_subpoblaciones<b><i>_[CENSO]_</i></b>",	19020,"General_Bravo","2020","96.854879","99.203187","99.552573","97.360406","92.524377","96.363636","97.353969","96.551724","100","96.751918","100","100","ND","100","100","ND","ND","97.727273","96.691176","100","98.550725","87.5","ND",
"Tasa_de_alfabetización_de_las_personas_de_15_años_o_más,_desglosada_por_sexo_y_subpoblaciones<b><i>_[CENSO]_</i></b>",	19021,"General_Escobedo","2020","98.32376","99.104825","99.223901","98.719518","92.498301","98.478238","98.167987","94.926829","98.752572","98.362955","98.636602","99.450549","92.857143","99.462366","98.187633","88.888889","59.893048","99.168053","98.3743","98.255625","98.709188","89.359377","ND",
"Tasa_de_alfabetización_de_las_personas_de_15_años_o_más,_desglosada_por_sexo_y_subpoblaciones<b><i>_[CENSO]_</i></b>",	19022,"General_Terán","2020","96.043794","99.375975","98.90461","97.252533","91.015491","95.505618","96.580882","95.121951","93.009986","96","99.305556","99.300699","ND","ND","100","ND","ND","100","95.960554","97.826087","100","82.701422","ND",
"Tasa_de_alfabetización_de_las_personas_de_15_años_o_más,_desglosada_por_sexo_y_subpoblaciones<b><i>_[CENSO]_</i></b>",	19023,"General_Treviño","2020","97.040606","100","97.925311","97.481481","95.588235","95.091164","98.918919","ND","ND","96.965318","98.550725","100","ND","ND","50","ND","ND","100","96.987088","100","97.222222","91.139241","ND",
"Tasa_de_alfabetización_de_las_personas_de_15_años_o_más,_desglosada_por_sexo_y_subpoblaciones<b><i>_[CENSO]_</i></b>",	19024,"General_Zaragoza","2020","94.108352","99.728261","98.333333","95.389192","84.559585","95.028347","93.121198","100","76.923077","94.144246","100","100","ND","ND","ND","ND","33.333333","100","94.101571","100","100","77.409639","ND",
"Tasa_de_alfabetización_de_las_personas_de_15_años_o_más,_desglosada_por_sexo_y_subpoblaciones<b><i>_[CENSO]_</i></b>",	19025,"General_Zuazua","2020","98.665673","98.671216","99.270522","99.041853","89.468691","98.897079","98.427332","98.920752","98.626374","98.750141","95.566502","97.752809","100","100","92.783505","ND","50.45045","98.496241","98.740307","98.854108","96.969697","90.626542","ND",
"Tasa_de_alfabetización_de_las_personas_de_15_años_o_más,_desglosada_por_sexo_y_subpoblaciones<b><i>_[CENSO]_</i></b>",	19026,"Guadalupe","2020","98.264866","98.488481","99.0509","99.036349","95.339314","98.469191","98.065853","97.508792","98.357645","98.310065","98.526523","98.58804","98.214286","99.354839","98.377282","80","50.300601","99.605133","98.299794","98.94211","99.004715","88.936592","97.826087",
"Tasa_de_alfabetización_de_las_personas_de_15_años_o_más,_desglosada_por_sexo_y_subpoblaciones<b><i>_[CENSO]_</i></b>",	19027,"Los_Herreras","2020","96.12206","100","98.760331","96.438746","94.148936","95.989975","96.258065","100","ND","96","100","100","ND","ND","ND","ND","ND","100","95.952223","100","100","87.022901","ND",
"Tasa_de_alfabetización_de_las_personas_de_15_años_o_más,_desglosada_por_sexo_y_subpoblaciones<b><i>_[CENSO]_</i></b>",	19028,"Higueras","2020","95.096154","93.75","98.206278","96.230159","90.361446","95.274102","94.911937","75","100","95.086705","100","100","ND","ND","ND","ND","ND","100","95.121951","94.339623","100","84.705882","ND",
"Tasa_de_alfabetización_de_las_personas_de_15_años_o_más,_desglosada_por_sexo_y_subpoblaciones<b><i>_[CENSO]_</i></b>",	19029,"Hualahuises","2020","96.781437","100","99.154691","97.743191","91.719745","96.621109","96.937269","100","100","96.776626","97.297297","97.142857","ND","ND","100","ND","100","98","96.765601","96.969697","98.181818","81.643836","ND",
"Tasa_de_alfabetización_de_las_personas_de_15_años_o_más,_desglosada_por_sexo_y_subpoblaciones<b><i>_[CENSO]_</i></b>",	19030,"Iturbide","2020","94.457929","100","98.882682","96.319018","85.240464","94.807238","94.08826","100","100","94.455686","100","100","ND","ND","ND","ND","ND","100","94.424094","100","100","77.12766","ND",
"Tasa_de_alfabetización_de_las_personas_de_15_años_o_más,_desglosada_por_sexo_y_subpoblaciones<b><i>_[CENSO]_</i></b>",	19031,"Juárez","2020","98.579911","99.024617","99.119939","98.92372","91.783107","98.701112","98.457448","96.329737","98.598843","98.635664","97.752161","99.2","96.153846","100","96.848138","100","44.230769","98.608696","98.663914","98.333013","97.953216","90.367887","ND",
"Tasa_de_alfabetización_de_las_personas_de_15_años_o_más,_desglosada_por_sexo_y_subpoblaciones<b><i>_[CENSO]_</i></b>",	19032,"Lampazos_de_Naranjo","2020","95.296524","99.264706","97.091723","96.204533","90.106007","94.066496","96.525294","100","100","95.218295","100","100","ND","ND","100","ND","ND","100","95.201888","98.387097","100","82.71028","ND",
"Tasa_de_alfabetización_de_las_personas_de_15_años_o_más,_desglosada_por_sexo_y_subpoblaciones<b><i>_[CENSO]_</i></b>",	19033,"Linares","2020","97.707012","99.364214","99.101872","98.579926","92.605727","97.516403","97.890425","94.029851","97.329377","97.71397","98.746082","98.880597","100","100","97.560976","ND","33.333333","99.196787","97.696623","98.585691","99.303136","85.992011","ND",
"Tasa_de_alfabetización_de_las_personas_de_15_años_o_más,_desglosada_por_sexo_y_subpoblaciones<b><i>_[CENSO]_</i></b>",	19034,"Marín","2020","96.979249","100","98.923679","97.757608","90.282132","96.680286","97.295836","96.319018","100","97.034684","92.592593","91.304348","100","ND","100","ND","66.666667","100","96.913237","98.369565","100","84.684685","ND",
"Tasa_de_alfabetización_de_las_personas_de_15_años_o_más,_desglosada_por_sexo_y_subpoblaciones<b><i>_[CENSO]_</i></b>",	19035,"Melchor_Ocampo","2020","98.227848","100","98.723404","98.450947","97.04918","97.712418","98.77836","100","100","98.263889","96.969697","96.875","ND","ND","100","ND","ND","100","98.194325","100","100","83.333333","ND",
"Tasa_de_alfabetización_de_las_personas_de_15_años_o_más,_desglosada_por_sexo_y_subpoblaciones<b><i>_[CENSO]_</i></b>",	19036,"Mier_y_Noriega","2020","88.357101","99.781659","98.726115","92.351648","64.159292","88.07267","88.635485","100","92.307692","88.326467","95.454545","95.238095","100","ND","ND","ND","ND","97.368421","88.228252","92.307692","97.619048","66.26506","ND",
"Tasa_de_alfabetización_de_las_personas_de_15_años_o_más,_desglosada_por_sexo_y_subpoblaciones<b><i>_[CENSO]_</i></b>",	19037,"Mina","2020","95.030914","98.417722","98.847518","96.742081","82.187938","94.859186","95.211268","100","93.548387","95.132032","100","100","ND","100","100","ND","0","100","95.124796","97.014925","100","78.148148","ND",
"Tasa_de_alfabetización_de_las_personas_de_15_años_o_más,_desglosada_por_sexo_y_subpoblaciones<b><i>_[CENSO]_</i></b>",	19038,"Montemorelos","2020","97.673783","98.813408","98.737976","98.500903","93.549074","97.627586","97.719102","96.385542","97.85575","97.676212","99.227202","100","100","95.238095","99.152542","ND","61.290323","100","97.676275","98.030303","98.997494","85.621762","ND",
"Tasa_de_alfabetización_de_las_personas_de_15_años_o_más,_desglosada_por_sexo_y_subpoblaciones<b><i>_[CENSO]_</i></b>",	19039,"Monterrey","2020","97.806382","98.647954","98.608138","98.440715","95.210523","98.017837","97.603177","95.612708","98.485978","98.140414","99.105293","98.979592","97.382199","99.517141","99.118105","88","13.596138","99.072513","98.149871","98.810799","99.08347","88.760055","100",
"Tasa_de_alfabetización_de_las_personas_de_15_años_o_más,_desglosada_por_sexo_y_subpoblaciones<b><i>_[CENSO]_</i></b>",	19040,"Parás","2020","95.759234","96.774194","99.242424","96.451613","93.023256","95.912807","95.604396","100","100","95.71231","100","100","ND","ND","100","ND","ND","100","96.045198","83.333333","100","81.481481","ND",
"Tasa_de_alfabetización_de_las_personas_de_15_años_o_más,_desglosada_por_sexo_y_subpoblaciones<b><i>_[CENSO]_</i></b>",	19041,"Pesquería","2020","98.585491","99.123925","99.349158","98.639522","90.491142","98.678783","98.485312","98.573643","98.736702","98.637357","97.826087","97.6","100","100","97.727273","ND","63.120567","100","98.575538","98.858181","99.760766","90.356798","ND",
"Tasa_de_alfabetización_de_las_personas_de_15_años_o_más,_desglosada_por_sexo_y_subpoblaciones<b><i>_[CENSO]_</i></b>",	19042,"Los_Ramones","2020","95.500117","100","97.84264","96.578141","91.679389","95.079727","95.940783","73.333333","93.333333","95.328252","99.095023","99.047619","100","ND","100","ND","0","100","95.390927","98.765432","98.4375","82.451923","ND",
"Tasa_de_alfabetización_de_las_personas_de_15_años_o_más,_desglosada_por_sexo_y_subpoblaciones<b><i>_[CENSO]_</i></b>",	19043,"Rayones","2020","89.674523","100","97.452229","92.913386","76.260504","91.299678","87.896592","100","100","89.63964","100","100","ND","ND","100","ND","ND","100","89.461627","100","100","68.888889","ND",
"Tasa_de_alfabetización_de_las_personas_de_15_años_o_más,_desglosada_por_sexo_y_subpoblaciones<b><i>_[CENSO]_</i></b>",	19044,"Sabinas_Hidalgo","2020","97.004917","98.477157","98.177642","97.620677","93.594504","97.074246","96.938254","98.245614","90.721649","97.036116","97.785978","97.478992","100","ND","100","ND","45","100","97.058374","94.919169","100","88.084561","ND",
"Tasa_de_alfabetización_de_las_personas_de_15_años_o_más,_desglosada_por_sexo_y_subpoblaciones<b><i>_[CENSO]_</i></b>",	19045,"Salinas_Victoria","2020","98.075785","99.001747","99.065723","98.38329","90.025575","98.177192","97.970139","97.335486","98.964497","98.084032","97.777778","96.774194","100","85.714286","99.173554","ND","85.714286","100","98.018497","98.48794","98.837209","88.314088","ND",
"Tasa_de_alfabetización_de_las_personas_de_15_años_o_más,_desglosada_por_sexo_y_subpoblaciones<b><i>_[CENSO]_</i></b>",	19046,"San_Nicolás_de_los_Garza","2020","98.663236","98.357549","99.138306","99.109011","97.390383","98.859158","98.475776","97.977394","98.645428","98.773128","98.579041","98.230088","100","100","98.446937","100","23.952096","99.718706","98.771742","99.133532","98.699422","90.678837","ND",
"Tasa_de_alfabetización_de_las_personas_de_15_años_o_más,_desglosada_por_sexo_y_subpoblaciones<b><i>_[CENSO]_</i></b>",	19047,"Hidalgo","2020","96.258531","98.25","98.266898","97.708235","88.552815","96.452037","96.064548","95","93.939394","96.705025","100","100","100","ND","100","ND","6.557377","100","96.673649","98.639456","100","80.625931","ND",
"Tasa_de_alfabetización_de_las_personas_de_15_años_o_más,_desglosada_por_sexo_y_subpoblaciones<b><i>_[CENSO]_</i></b>",	19048,"Santa_Catarina","2020","98.040841","98.648938","98.960777","98.77725","93.262767","98.297271","97.788775","97.672691","98.559631","98.134912","99.122807","98.347107","95.652174","100","99.433428","100","29.618768","99.769585","98.12715","98.55251","99.57265","87.18847","ND",
"Tasa_de_alfabetización_de_las_personas_de_15_años_o_más,_desglosada_por_sexo_y_subpoblaciones<b><i>_[CENSO]_</i></b>",	19049,"Santiago","2020","97.436533","98.431734","98.29932","98.221637","94.375893","97.533645","97.338928","95.956873","98.455996","97.661275","98.194946","98.529412","100","100","97.540984","100","30.645161","100","97.711821","96.751969","100","86.645963","ND",
"Tasa_de_alfabetización_de_las_personas_de_15_años_o_más,_desglosada_por_sexo_y_subpoblaciones<b><i>_[CENSO]_</i></b>",	19050,"Vallecillo","2020","95.098039","100","97.285068","95.035461","93.121693","95.820433","94.290657","83.333333","87.5","95.190713","88.888889","100","50","ND","66.666667","ND","ND","100","95.121951","92.307692","100","89.940828","ND",
"Tasa_de_alfabetización_de_las_personas_de_15_años_o_más,_desglosada_por_sexo_y_subpoblaciones<b><i>_[CENSO]_</i></b>",	19051,"Villaldama","2020","96.407186","98.837209","98.109641","97.701149","92.797119","96.633238","96.188496","100","100","96.385542","100","100","ND","ND","100","ND","ND","100","96.351931","100","100","88.764045","ND",
"Tasa_de_alfabetización_de_las_personas_de_15_años_o_más,_desglosada_por_sexo_y_subpoblaciones<b><i>_[CENSO]_</i></b>",	20,"Oaxaca","2020","88.086442","98.789064","97.829773","90.835777","63.182443","91.010752","85.516991","77.551012","88.906389","88.068879","98.843815","99.25656","91.883117","100","98.671096","94.029851","50.337838","95.32001","87.839833","96.077159","95.750241","62.871555","100",
"Tasa_de_alfabetización_de_las_personas_de_15_años_o_más,_desglosada_por_sexo_y_subpoblaciones<b><i>_[CENSO]_</i></b>",	20001,"Abejones","2020","78.032787","100","98.941799","77.731092","37.301587","89.72332","69.747899","77.946128","100","78.217822","100","100","ND","ND","ND","ND","0","83.333333","78.202995","100","83.333333","48.717949","ND",
"Tasa_de_alfabetización_de_las_personas_de_15_años_o_más,_desglosada_por_sexo_y_subpoblaciones<b><i>_[CENSO]_</i></b>",	20002,"Acatlán_de_Pérez_Figueroa","2020","87.131098","98.483497","97.002551","90.308423","61.544782","88.343636","86.019054","71.578696","89.655172","87.097662","98.113208","100","66.666667","ND","93.75","ND","80","95.979899","86.800483","95.004541","96.135266","61.543367","ND",
"Tasa_de_alfabetización_de_las_personas_de_15_años_o_más,_desglosada_por_sexo_y_subpoblaciones<b><i>_[CENSO]_</i></b>",	20003,"Asunción_Cacalotepec","2020","79.182356","98.039216","96.733668","89.192399","45.647969","86.659065","72.505092","79.104478","ND","79.171152","100","100","ND","ND","ND","ND","ND","100","78.860898","96.774194","100","41.37931","ND",
"Tasa_de_alfabetización_de_las_personas_de_15_años_o_más,_desglosada_por_sexo_y_subpoblaciones<b><i>_[CENSO]_</i></b>",	20004,"Asunción_Cuyotepeji","2020","91.696751","100","97.260274","93.948127","79.904306","93.472585","90.178571","100","100","91.666667","100","100","ND","ND","ND","ND","ND","91.666667","91.304348","100","91.666667","63.963964","ND",
"Tasa_de_alfabetización_de_las_personas_de_15_años_o_más,_desglosada_por_sexo_y_subpoblaciones<b><i>_[CENSO]_</i></b>",	20005,"Asunción_Ixtaltepec","2020","88.565714","99.106003","98.760331","93.901193","69.065657","90.762915","86.478141","84.949833","78.966132","88.567137","93.333333","100","75","ND","100","ND","0","100","88.116397","98.830409","85.714286","59.911111","ND",
"Tasa_de_alfabetización_de_las_personas_de_15_años_o_más,_desglosada_por_sexo_y_subpoblaciones<b><i>_[CENSO]_</i></b>",	20006,"Asunción_Nochixtlán","2020","93.844326","99.542543","99.018539","96.999439","74.121538","96.384804","91.713772","83.748802","94.117647","93.843244","100","100","100","100","ND","ND","66.666667","100","93.797598","94.648829","100","73.250664","ND",
"Tasa_de_alfabetización_de_las_personas_de_15_años_o_más,_desglosada_por_sexo_y_subpoblaciones<b><i>_[CENSO]_</i></b>",	20007,"Asunción_Ocotlán","2020","68.423855","100","97.790055","81.893004","34.442836","78.895706","60.395108","66.002345","76.470588","68.28877","100","100","ND","ND","ND","ND","ND","89.473684","67.766777","84.210526","90.243902","36.637931","ND",
"Tasa_de_alfabetización_de_las_personas_de_15_años_o_más,_desglosada_por_sexo_y_subpoblaciones<b><i>_[CENSO]_</i></b>",	20008,"Asunción_Tlacolulita","2020","90.782609","93.939394","98.863636","96.280992","80.660377","95.306859","86.577181","83.050847","92","91.099476","ND","ND","ND","ND","ND","ND","0","100","90.92559","100","100","75.308642","ND",
"Tasa_de_alfabetización_de_las_personas_de_15_años_o_más,_desglosada_por_sexo_y_subpoblaciones<b><i>_[CENSO]_</i></b>",	20009,"Ayotzintepec","2020","87.229987","98.142415","97.350993","91.762768","52.162516","89.587156","85.208497","83.049716","91.666667","87.224576","100","100","ND","ND","ND","ND","ND","100","86.952734","96.116505","100","54.569892","ND",
"Tasa_de_alfabetización_de_las_personas_de_15_años_o_más,_desglosada_por_sexo_y_subpoblaciones<b><i>_[CENSO]_</i></b>",	20010,"El_Barrio_de_la_Soledad","2020","93.842365","98.796992","98.698482","96.842295","82.315369","96.058917","91.829356","84.055459","93.220339","93.837961","96.153846","100","100","ND","93.75","ND","92.857143","100","93.524172","99.438202","100","71.237864","ND",
"Tasa_de_alfabetización_de_las_personas_de_15_años_o_más,_desglosada_por_sexo_y_subpoblaciones<b><i>_[CENSO]_</i></b>",	20011,"Calihualá","2020","76.357827","94.202899","93.415638","77.925532","52.589641","80.752212","72.279261","60.5","76.923077","76.236559","100","100","ND","ND","ND","ND","0","93.75","75.93819","86.666667","94.117647","50.37594","ND",
"Tasa_de_alfabetización_de_las_personas_de_15_años_o_más,_desglosada_por_sexo_y_subpoblaciones<b><i>_[CENSO]_</i></b>",	20012,"Candelaria_Loxicha","2020","79.076834","98.554913","96.767777","77.766895","39.737991","85.009085","73.64921","73.280543","89.230769","79.058653","100","100","ND","ND","ND","ND","ND","87.804878","78.789668","95.604396","88.372093","50.282486","ND",
"Tasa_de_alfabetización_de_las_personas_de_15_años_o_más,_desglosada_por_sexo_y_subpoblaciones<b><i>_[CENSO]_</i></b>",	20013,"Ciénega_de_Zimatlán","2020","92.366738","99.242424","98.953975","97.232143","76.910569","94.919786","90.02453","76.666667","92.857143","92.284483","100","100","100","ND","100","ND","ND","100","92.162043","95.833333","100","71.153846","ND",
"Tasa_de_alfabetización_de_las_personas_de_15_años_o_más,_desglosada_por_sexo_y_subpoblaciones<b><i>_[CENSO]_</i></b>",	20014,"Ciudad_Ixtepec","2020","93.387927","99.497126","98.793623","96.594624","77.451434","95.738235","91.358563","83.962078","92.252252","93.389751","100","100","100","ND","100","ND","30","100","93.143654","98.049194","100","76.542705","100",
"Tasa_de_alfabetización_de_las_personas_de_15_años_o_más,_desglosada_por_sexo_y_subpoblaciones<b><i>_[CENSO]_</i></b>",	20015,"Coatecas_Altas","2020","69.487928","99.117647","95.210728","68.131868","27.923628","76.843911","63.118812","63.276328","66.666667","69.392648","93.333333","100","ND","ND","0","ND","ND","80.487805","69.280134","71.126761","81.395349","33.814433","ND",
"Tasa_de_alfabetización_de_las_personas_de_15_años_o_más,_desglosada_por_sexo_y_subpoblaciones<b><i>_[CENSO]_</i></b>",	20016,"Coicoyán_de_las_Flores","2020","57.273688","95.257453","88.172616","36.4","9.225092","62.608013","52.93742","57.000903","77.777778","57.127697","94.117647","100","ND","ND","ND","66.666667","85.714286","62.068966","57.132552","63.72549","63.333333","26.923077","ND",
"Tasa_de_alfabetización_de_las_personas_de_15_años_o_más,_desglosada_por_sexo_y_subpoblaciones<b><i>_[CENSO]_</i></b>",	20017,"La_Compañía","2020","81.299584","97.905759","97.6","90.600522","46.041056","84.897959","78.199719","78.947368","85.714286","81.200152","100","100","ND","ND","ND","ND","100","88.888889","80.963665","88.157895","89.74359","49.751244","ND",
"Tasa_de_alfabetización_de_las_personas_de_15_años_o_más,_desglosada_por_sexo_y_subpoblaciones<b><i>_[CENSO]_</i></b>",	20018,"Concepción_Buenavista","2020","91.712707","100","97.413793","93.68932","84.895833","93.410853","90.175439","100","ND","91.712707","ND","ND","ND","ND","ND","ND","ND","100","91.355599","96.666667","100","79.130435","ND",
"Tasa_de_alfabetización_de_las_personas_de_15_años_o_más,_desglosada_por_sexo_y_subpoblaciones<b><i>_[CENSO]_</i></b>",	20019,"Concepción_Pápalo","2020","81.313869","100","96.927374","86.11691","59.866221","84.931507","77.734753","68.410853","89.051095","81.353457","ND","ND","ND","ND","ND","ND","0","100","80.832915","98.333333","100","56.418919","ND",
"Tasa_de_alfabetización_de_las_personas_de_15_años_o_más,_desglosada_por_sexo_y_subpoblaciones<b><i>_[CENSO]_</i></b>",	20020,"Constancia_del_Rosario","2020","69.517834","95.01385","89.550425","64.200299","32.806324","74.867525","65.377856","55.105438","84.090909","69.31516","100","100","ND","ND","100","ND","ND","77.464789","69.87225","57.352941","78.378378","38.194444","ND",
"Tasa_de_alfabetización_de_las_personas_de_15_años_o_más,_desglosada_por_sexo_y_subpoblaciones<b><i>_[CENSO]_</i></b>",	20021,"Cosolapa","2020","89.831152","98.877805","98.106509","91.065483","70.428016","91.845933","88.093976","63.191489","93.069307","89.817629","100","100","ND","ND","100","ND","100","96.296296","89.432367","96.373057","96.296296","67.737948","ND",
"Tasa_de_alfabetización_de_las_personas_de_15_años_o_más,_desglosada_por_sexo_y_subpoblaciones<b><i>_[CENSO]_</i></b>",	20022,"Cosoltepec","2020","94.594595","100","100","97.457627","90.508475","97.342193","92.073171","95.833333","94.117647","94.594595","ND","ND","ND","ND","ND","ND","ND","100","94.276094","100","100","81.521739","ND",
"Tasa_de_alfabetización_de_las_personas_de_15_años_o_más,_desglosada_por_sexo_y_subpoblaciones<b><i>_[CENSO]_</i></b>",	20023,"Cuilápam_de_Guerrero","2020","95.647548","99.537343","99.284504","97.404264","80.179856","97.532718","93.960054","89.179487","95.427435","95.643122","97.435897","100","100","ND","92.307692","ND","100","100","95.574256","98.227848","100","76.446618","ND",
"Tasa_de_alfabetización_de_las_personas_de_15_años_o_más,_desglosada_por_sexo_y_subpoblaciones<b><i>_[CENSO]_</i></b>",	20024,"Cuyamecalco_Villa_de_Zaragoza","2020","70.166602","97.142857","92.842536","72.297297","42.550143","73.333333","67.075038","35.766423","45.901639","70.166602","ND","ND","ND","ND","ND","ND","ND","75","69.230769","87.218045","75","42.857143","ND",
"Tasa_de_alfabetización_de_las_personas_de_15_años_o_más,_desglosada_por_sexo_y_subpoblaciones<b><i>_[CENSO]_</i></b>",	20025,"Chahuites","2020","89.057787","97.734628","97.619048","92.552404","65.21181","90.995261","87.242991","75.726141","89.922481","89.088047","82.758621","100","100","ND","78.26087","ND","66.666667","88.235294","88.73024","95.070423","89.473684","69.674711","ND",
"Tasa_de_alfabetización_de_las_personas_de_15_años_o_más,_desglosada_por_sexo_y_subpoblaciones<b><i>_[CENSO]_</i></b>",	20026,"Chalcatongo_de_Hidalgo","2020","88.909455","99.414063","99.272487","95.557029","60.42966","95.045809","83.795249","81.243798","95.555556","88.847526","100","100","ND","ND","100","ND","ND","100","88.490381","95.59322","100","60.547504","ND",
"Tasa_de_alfabetización_de_las_personas_de_15_años_o_más,_desglosada_por_sexo_y_subpoblaciones<b><i>_[CENSO]_</i></b>",	20027,"Chiquihuitlán_de_Benito_Juárez","2020","67.944039","99.212598","96.453901","71.024259","38.945233","72.777018","64.07448","57.075472","75.93985","67.944039","ND","ND","ND","ND","ND","ND","ND","100","66.753585","84.259259","100","42.364532","ND",
"Tasa_de_alfabetización_de_las_personas_de_15_años_o_más,_desglosada_por_sexo_y_subpoblaciones<b><i>_[CENSO]_</i></b>",	20028,"Heroica_Ciudad_de_Ejutla_de_Crespo","2020","86.051995","98.765432","97.959184","91.537545","55.983146","88.603511","83.803458","63.181818","88.823529","85.984434","98.876404","98.850575","ND","ND","100","ND","80","93.617021","85.765214","94.857143","93.939394","57.565789","ND",
"Tasa_de_alfabetización_de_las_personas_de_15_años_o_más,_desglosada_por_sexo_y_subpoblaciones<b><i>_[CENSO]_</i></b>",	20029,"Eloxochitlán_de_Flores_Magón","2020","66.72649","97.5","90.48414","68.055556","30.875576","71.008737","63.195809","64.46088","65.853659","66.738506","50","50","ND","ND","ND","ND","ND","ND","65.391897","90.972222","ND","42.44373","ND",
"Tasa_de_alfabetización_de_las_personas_de_15_años_o_más,_desglosada_por_sexo_y_subpoblaciones<b><i>_[CENSO]_</i></b>",	20030,"El_Espinal","2020","94.593407","99.719101","98.41629","97.171661","84.351145","96.037793","93.256208","91.226178","96.614583","94.594595","93.75","100","50","100","100","ND","100","100","94.406884","98.33887","100","76.328502","ND",
"Tasa_de_alfabetización_de_las_personas_de_15_años_o_más,_desglosada_por_sexo_y_subpoblaciones<b><i>_[CENSO]_</i></b>",	20031,"Tamazulápam_del_Espíritu_Santo","2020","73.443656","97.118156","96.924511","79.501608","31.934932","83.811286","65.751544","73.061141","87.5","73.440285","100","100","ND","ND","100","ND","0","86.885246","72.579316","98.051948","87.096774","43.691149","ND",
"Tasa_de_alfabetización_de_las_personas_de_15_años_o_más,_desglosada_por_sexo_y_subpoblaciones<b><i>_[CENSO]_</i></b>",	20032,"Fresnillo_de_Trujano","2020","76.214834","100","98.429319","85.245902","42.975207","80.789474","71.890547","0","85.714286","76.184379","100","100","ND","ND","ND","ND","ND","80","75.753425","83.333333","80","40","ND",
"Tasa_de_alfabetización_de_las_personas_de_15_años_o_más,_desglosada_por_sexo_y_subpoblaciones<b><i>_[CENSO]_</i></b>",	20033,"Guadalupe_Etla","2020","96.71916","100","98.916968","97.812773","89.885057","98.116761","95.506536","78.658537","100","96.869489","100","100","ND","ND","100","ND","0","100","96.820421","100","100","87.209302","ND",
"Tasa_de_alfabetización_de_las_personas_de_15_años_o_más,_desglosada_por_sexo_y_subpoblaciones<b><i>_[CENSO]_</i></b>",	20034,"Guadalupe_de_Ramírez","2020","87.713675","96.774194","98.882682","95.103093","70.032573","89.285714","86.270492","62.5","100","87.513572","100","100","ND","ND","ND","ND","ND","100","87.429219","88.235294","100","68.879668","ND",
"Tasa_de_alfabetización_de_las_personas_de_15_años_o_más,_desglosada_por_sexo_y_subpoblaciones<b><i>_[CENSO]_</i></b>",	20035,"Guelatao_de_Juárez","2020","98.156682","100","97.916667","99.118943","95.402299","99.009901","97.413793","94.871795","95.238095","98.148148","100","ND","ND","100","ND","ND","ND","ND","98.04878","100","100","85.714286","ND",
"Tasa_de_alfabetización_de_las_personas_de_15_años_o_más,_desglosada_por_sexo_y_subpoblaciones<b><i>_[CENSO]_</i></b>",	20036,"Guevea_de_Humboldt","2020","81.934605","99","97.319347","84.465479","50","87.854711","76.467505","74.296435","93.333333","81.934605","ND","ND","ND","ND","ND","ND","ND","100","81.651885","98.305085","100","53.125","ND",
"Tasa_de_alfabetización_de_las_personas_de_15_años_o_más,_desglosada_por_sexo_y_subpoblaciones<b><i>_[CENSO]_</i></b>",	20037,"Mesones_Hidalgo","2020","75.507531","97.163121","95.68434","76.5204","39.577039","76.826568","74.455562","57.85777","83.606557","75.313946","96.428571","96.428571","ND","ND","ND","ND","ND","89.285714","75.025519","86.206897","89.473684","52.616279","ND",
"Tasa_de_alfabetización_de_las_personas_de_15_años_o_más,_desglosada_por_sexo_y_subpoblaciones<b><i>_[CENSO]_</i></b>",	20038,"Villa_Hidalgo","2020","83.115992","99.186992","98.713826","84.31085","60.703812","85.901163","80.624187","82.370821","83.783784","83.138334","100","100","ND","ND","ND","ND","0","100","83.079057","90.909091","100","61.111111","ND",
"Tasa_de_alfabetización_de_las_personas_de_15_años_o_más,_desglosada_por_sexo_y_subpoblaciones<b><i>_[CENSO]_</i></b>",	20039,"Heroica_Ciudad_de_Huajuapan_de_León","2020","94.668743","99.29445","98.873466","96.688671","79.456094","96.103097","93.446331","85.822168","96.23086","94.684847","98.965517","99.196787","80","100","100","ND","17.857143","97.326203","94.617008","97.174053","97.51861","75.6027","ND",
"Tasa_de_alfabetización_de_las_personas_de_15_años_o_más,_desglosada_por_sexo_y_subpoblaciones<b><i>_[CENSO]_</i></b>",	20040,"Huautepec","2020","62.862764","98.095238","87.373737","60.37037","18.015666","69.678824","57.245402","62.424547","68.571429","62.862764","ND","ND","ND","ND","ND","ND","ND","100","62.245155","88.764045","100","36.363636","ND",
"Tasa_de_alfabetización_de_las_personas_de_15_años_o_más,_desglosada_por_sexo_y_subpoblaciones<b><i>_[CENSO]_</i></b>",	20041,"Huautla_de_Jiménez","2020","72.057765","98.284024","94.19396","77.299801","33.295303","77.252001","67.910025","68.873326","71.009772","72.053463","83.333333","83.333333","ND","ND","ND","ND","100","100","71.287499","91.06933","100","44.878049","ND",
"Tasa_de_alfabetización_de_las_personas_de_15_años_o_más,_desglosada_por_sexo_y_subpoblaciones<b><i>_[CENSO]_</i></b>",	20042,"Ixtlán_de_Juárez","2020","94.348643","99.2891","98.94081","97.463896","75.882947","95.568471","93.266753","91.373999","98.039216","94.331221","100","100","100","ND","100","ND","ND","96.153846","94.269839","100","96.666667","76.458753","ND",
"Tasa_de_alfabetización_de_las_personas_de_15_años_o_más,_desglosada_por_sexo_y_subpoblaciones<b><i>_[CENSO]_</i></b>",	20043,"Heroica_Ciudad_de_Juchitán_de_Zaragoza","2020","89.991405","98.626737","98.059045","91.316901","68.071598","92.745694","87.536127","87.359685","91.162546","90.060747","95.625","100","77.777778","100","98.305085","96.363636","68.589744","100","89.974011","96.615793","98.863636","66.25842","ND",
"Tasa_de_alfabetización_de_las_personas_de_15_años_o_más,_desglosada_por_sexo_y_subpoblaciones<b><i>_[CENSO]_</i></b>",	20044,"Loma_Bonita","2020","89.541661","98.71612","97.686936","92.972319","69.597474","90.630771","88.590396","74.963072","91.159251","89.535038","98.701299","100","ND","ND","92.857143","ND","33.333333","94.444444","89.20201","95.423197","94.814815","68.835805","ND",
"Tasa_de_alfabetización_de_las_personas_de_15_años_o_más,_desglosada_por_sexo_y_subpoblaciones<b><i>_[CENSO]_</i></b>",	20045,"Magdalena_Apasco","2020","97.876609","99.5338","99.254743","98.81583","91.234141","98.566308","97.273582","95","99.29078","98.050092","95.238095","100","ND","100","85.714286","ND","9.090909","100","98.002049","100","100","84.364821","ND",
"Tasa_de_alfabetización_de_las_personas_de_15_años_o_más,_desglosada_por_sexo_y_subpoblaciones<b><i>_[CENSO]_</i></b>",	20046,"Magdalena_Jaltepec","2020","90.66199","99.382716","99.071926","96.319664","76.526459","94.874275","87.169206","72.44898","91.780822","90.633245","100","100","100","ND","ND","ND","ND","100","90.517636","92.771084","100","71.272727","ND",
"Tasa_de_alfabetización_de_las_personas_de_15_años_o_más,_desglosada_por_sexo_y_subpoblaciones<b><i>_[CENSO]_</i></b>",	20047,"Santa_Magdalena_Jicotlán","2020","94.285714","100","100","93.75","92.307692","97.058824","91.666667","100","ND","94.285714","ND","ND","ND","ND","ND","ND","ND","ND","93.939394","100","ND","66.666667","ND",
"Tasa_de_alfabetización_de_las_personas_de_15_años_o_más,_desglosada_por_sexo_y_subpoblaciones<b><i>_[CENSO]_</i></b>",	20048,"Magdalena_Mixtepec","2020","87.343216","100","99.025974","91.891892","40.441176","94.216867","81.168831","56.896552","86.538462","87.299771","100","100","ND","ND","ND","ND","ND","100","87.211982","100","100","51.351351","ND",
"Tasa_de_alfabetización_de_las_personas_de_15_años_o_más,_desglosada_por_sexo_y_subpoblaciones<b><i>_[CENSO]_</i></b>",	20049,"Magdalena_Ocotlán","2020","93.091335","98.333333","97.727273","96.341463","76.829268","95.522388","90.929204","80.952381","95.348837","93.091335","ND","ND","ND","ND","ND","ND","ND","100","93.009479","100","100","75.806452","ND",
"Tasa_de_alfabetización_de_las_personas_de_15_años_o_más,_desglosada_por_sexo_y_subpoblaciones<b><i>_[CENSO]_</i></b>",	20050,"Magdalena_Peñasco","2020","72.605439","98.928571","97.8","78.323455","26.215278","82.764505","63.882784","71.998355","60","72.464342","100","100","ND","ND","100","ND","ND","92.134831","71.368064","85.714286","92.222222","33.333333","ND",
"Tasa_de_alfabetización_de_las_personas_de_15_años_o_más,_desglosada_por_sexo_y_subpoblaciones<b><i>_[CENSO]_</i></b>",	20051,"Magdalena_Teitipac","2020","75.575165","98.790323","96.282974","77.316915","28.649635","82.925122","69.552752","75.191731","75","75.544336","100","100","ND","ND","ND","ND","ND","94.117647","75.032552","91.044776","94.117647","41.40625","ND",
"Tasa_de_alfabetización_de_las_personas_de_15_años_o_más,_desglosada_por_sexo_y_subpoblaciones<b><i>_[CENSO]_</i></b>",	20052,"Magdalena_Tequisistlán","2020","89.957881","99.667774","98.233996","94.997726","70.497738","92.560475","87.5","72.081218","89.473684","89.931096","100","100","ND","ND","100","ND","ND","97.222222","89.782016","97.142857","97.297297","67.386091","ND",
"Tasa_de_alfabetización_de_las_personas_de_15_años_o_más,_desglosada_por_sexo_y_subpoblaciones<b><i>_[CENSO]_</i></b>",	20053,"Magdalena_Tlacotepec","2020","89.11368","100","100","96.09375","67.253521","94.672131","84.181818","74.129353","90.909091","89.071567","100","ND","ND","ND","100","ND","100","ND","88.729508","95.16129","ND","58.139535","ND",
"Tasa_de_alfabetización_de_las_personas_de_15_años_o_más,_desglosada_por_sexo_y_subpoblaciones<b><i>_[CENSO]_</i></b>",	20054,"Magdalena_Zahuatlán","2020","93.890675","100","98.717949","97.692308","83.146067","98.58156","90","100","100","93.870968","100","100","ND","ND","ND","ND","ND","100","93.856655","93.333333","100","79.032258","ND",
"Tasa_de_alfabetización_de_las_personas_de_15_años_o_más,_desglosada_por_sexo_y_subpoblaciones<b><i>_[CENSO]_</i></b>",	20055,"Mariscala_de_Juárez","2020","89.210526","98.173516","97.396631","93.513514","71.386431","91.745283","86.887608","92.307692","84.210526","89.161631","100","100","ND","ND","100","ND","ND","100","88.854003","96.385542","100","70.123457","ND",
"Tasa_de_alfabetización_de_las_personas_de_15_años_o_más,_desglosada_por_sexo_y_subpoblaciones<b><i>_[CENSO]_</i></b>",	20056,"Mártires_de_Tacubaya","2020","87.112403","98.958333","95.708155","94.680851","58.369099","89.35743","85.018727","65.217391","87.598647","87.011719","100","100","ND","ND","ND","ND","ND","100","86.895161","90.625","100","62.773723","ND",
"Tasa_de_alfabetización_de_las_personas_de_15_años_o_más,_desglosada_por_sexo_y_subpoblaciones<b><i>_[CENSO]_</i></b>",	20057,"Matías_Romero_Avendaño","2020","90.290251","99.426486","98.530586","93.964953","70.030477","92.692159","88.202511","71.673924","90.196078","90.272626","100","100","100","ND","100","ND","60","99.065421","90.00827","96.31295","99.152542","69.021365","ND",
"Tasa_de_alfabetización_de_las_personas_de_15_años_o_más,_desglosada_por_sexo_y_subpoblaciones<b><i>_[CENSO]_</i></b>",	20058,"Mazatlán_Villa_de_Flores","2020","67.883798","98.892989","94.381385","69.675635","31.247102","71.909583","64.051995","65.526553","61.538462","67.887906","50","50","ND","ND","ND","ND","ND","100","67.053942","93.382353","100","33.798883","ND",
"Tasa_de_alfabetización_de_las_personas_de_15_años_o_más,_desglosada_por_sexo_y_subpoblaciones<b><i>_[CENSO]_</i></b>",	20059,"Miahuatlán_de_Porfirio_Díaz","2020","89.170802","99.020675","98.500543","92.401355","57.165977","92.574029","85.979036","83.191998","93.103448","89.131105","97.660819","98.347107","100","100","95.454545","ND","83.333333","95.849057","88.608579","96.636771","96.193772","60.747005","ND",
"Tasa_de_alfabetización_de_las_personas_de_15_años_o_más,_desglosada_por_sexo_y_subpoblaciones<b><i>_[CENSO]_</i></b>",	20060,"Mixistlán_de_la_Reforma","2020","81.116122","98.4375","98.113208","87.834821","42.744063","84.501845","78.251821","81.299886","68.75","81.105471","100","100","ND","ND","ND","ND","ND","100","80.802292","100","100","50","ND",
"Tasa_de_alfabetización_de_las_personas_de_15_años_o_más,_desglosada_por_sexo_y_subpoblaciones<b><i>_[CENSO]_</i></b>",	20061,"Monjas","2020","77.116935","98.657718","96.774194","82.554162","38.744589","81.376975","73.679417","87.301587","75","76.966007","100","100","ND","ND","ND","ND","100","87.878788","76.698015","91.666667","87.878788","42.801556","ND",
"Tasa_de_alfabetización_de_las_personas_de_15_años_o_más,_desglosada_por_sexo_y_subpoblaciones<b><i>_[CENSO]_</i></b>",	20062,"Natividad","2020","95.6743","100","98.924731","98.913043","85.858586","98.857143","93.119266","89.423077","100","95.6743","ND","ND","ND","ND","ND","ND","ND","100","95.538058","100","100","91.428571","ND",
"Tasa_de_alfabetización_de_las_personas_de_15_años_o_más,_desglosada_por_sexo_y_subpoblaciones<b><i>_[CENSO]_</i></b>",	20063,"Nazareno_Etla","2020","98.527246","100","99.2891","99.404052","94.817073","99.178774","97.958057","97.5","100","98.522895","100","100","ND","ND","100","ND","ND","100","98.563734","95","100","88.15331","ND",
"Tasa_de_alfabetización_de_las_personas_de_15_años_o_más,_desglosada_por_sexo_y_subpoblaciones<b><i>_[CENSO]_</i></b>",	20064,"Nejapa_de_Madero","2020","92.32959","99.232737","98.713609","94.659886","77.463713","94.028892","90.679551","83.08977","92.307692","92.307692","100","100","ND","ND","100","ND","ND","100","92.179134","97.142857","100","71.946565","ND",
"Tasa_de_alfabetización_de_las_personas_de_15_años_o_más,_desglosada_por_sexo_y_subpoblaciones<b><i>_[CENSO]_</i></b>",	20065,"Ixpantepec_Nieves","2020","71.462545","91.176471","97.297297","90.734824","41.040462","81.351351","63.694268","66.814159","87.096774","71.119134","100","100","ND","ND","ND","ND","ND","92","70.5","87.5","92","37.583893","ND",
"Tasa_de_alfabetización_de_las_personas_de_15_años_o_más,_desglosada_por_sexo_y_subpoblaciones<b><i>_[CENSO]_</i></b>",	20066,"Santiago_Niltepec","2020","86.073742","98.393574","99.296765","93.482795","62.588028","88.180404","84.1247","67.79661","82.142857","86.0668","100","100","ND","ND","ND","ND","100","100","85.501956","98.823529","100","61.237113","ND",
"Tasa_de_alfabetización_de_las_personas_de_15_años_o_más,_desglosada_por_sexo_y_subpoblaciones<b><i>_[CENSO]_</i></b>",	20067,"Oaxaca_de_Juárez","2020","97.133916","99.219981","99.227259","98.212517","90.825688","98.172933","96.274701","90.408124","97.801483","97.194773","99.282297","99.001664","100","100","99.471831","100","18.041237","98.931624","97.158277","98.868214","99.263804","85.338996","100",
"Tasa_de_alfabetización_de_las_personas_de_15_años_o_más,_desglosada_por_sexo_y_subpoblaciones<b><i>_[CENSO]_</i></b>",	20068,"Ocotlán_de_Morelos","2020","92.670574","98.989114","98.856901","95.750441","71.968709","94.469485","91.09355","80.173661","91.891892","92.67485","97.916667","100","50","ND","100","ND","60","98.529412","92.569966","97.712418","98.630137","69.294294","ND",
"Tasa_de_alfabetización_de_las_personas_de_15_años_o_más,_desglosada_por_sexo_y_subpoblaciones<b><i>_[CENSO]_</i></b>",	20069,"La_Pe","2020","86.686538","98.421053","98.660714","86.651584","48.314607","91.173416","82.571429","100","81.481481","86.666667","100","100","ND","ND","ND","ND","ND","93.333333","86.609399","89.473684","93.333333","56.666667","ND",
"Tasa_de_alfabetización_de_las_personas_de_15_años_o_más,_desglosada_por_sexo_y_subpoblaciones<b><i>_[CENSO]_</i></b>",	20070,"Pinotepa_de_Don_Luis","2020","80.098832","99.444444","98.364008","87.447503","38.31102","81.796912","78.531317","77.915567","86.554622","80.080935","100","100","ND","ND","ND","ND","ND","100","79.554937","96.875","100","46.183953","ND",
"Tasa_de_alfabetización_de_las_personas_de_15_años_o_más,_desglosada_por_sexo_y_subpoblaciones<b><i>_[CENSO]_</i></b>",	20071,"Pluma_Hidalgo","2020","82.290749","95.428571","95.54849","85.024631","52.549889","86.216216","78.534483","58.715596","81.818182","82.23597","100","100","ND","ND","100","ND","ND","100","82.130125","96","100","57.777778","ND",
"Tasa_de_alfabetización_de_las_personas_de_15_años_o_más,_desglosada_por_sexo_y_subpoblaciones<b><i>_[CENSO]_</i></b>",	20072,"San_José_del_Progreso","2020","88.747991","98.695652","97.996566","92.977638","51.364176","91.443649","86.320434","64.335664","93.115942","88.747991","ND","ND","ND","ND","ND","ND","ND","100","88.604609","97.402597","100","57.023061","ND",
"Tasa_de_alfabetización_de_las_personas_de_15_años_o_más,_desglosada_por_sexo_y_subpoblaciones<b><i>_[CENSO]_</i></b>",	20073,"Putla_Villa_de_Guerrero","2020","88.281506","99.247743","98.037383","92.218341","59.965035","91.478402","85.636309","80.461211","91.435185","88.213977","99.354839","100","83.333333","ND","100","ND","50","95.769231","88.037201","94.327391","95.940959","66.592839","ND",
"Tasa_de_alfabetización_de_las_personas_de_15_años_o_más,_desglosada_por_sexo_y_subpoblaciones<b><i>_[CENSO]_</i></b>",	20074,"Santa_Catarina_Quioquitani","2020","92.698413","100","100","95.454545","74.603175","95.918367","89.880952","92.413793","ND","92.698413","ND","ND","ND","ND","ND","ND","ND","100","92.903226","66.666667","100","62.5","ND",
"Tasa_de_alfabetización_de_las_personas_de_15_años_o_más,_desglosada_por_sexo_y_subpoblaciones<b><i>_[CENSO]_</i></b>",	20075,"Reforma_de_Pineda","2020","87.810707","97.169811","99.401198","93.117409","72.590361","88.788789","86.916743","73.015873","96.153846","87.793202","100","ND","ND","ND","100","ND","ND","100","87.096774","95.679012","100","72.068966","ND",
"Tasa_de_alfabetización_de_las_personas_de_15_años_o_más,_desglosada_por_sexo_y_subpoblaciones<b><i>_[CENSO]_</i></b>",	20076,"La_Reforma","2020","91.413311","98.901099","97.664835","92.351275","76.55914","92.461005","90.46875","76.666667","94.871795","91.306156","100","100","ND","ND","100","ND","ND","96","91.226576","97.142857","96.078431","76.124567","ND",
"Tasa_de_alfabetización_de_las_personas_de_15_años_o_más,_desglosada_por_sexo_y_subpoblaciones<b><i>_[CENSO]_</i></b>",	20077,"Reyes_Etla","2020","97.460997","100","99.110546","97.893505","92.895204","97.771953","97.188755","84.962406","96.296296","97.457108","100","100","ND","ND","100","ND","ND","100","97.435095","98.412698","100","88.888889","ND",
"Tasa_de_alfabetización_de_las_personas_de_15_años_o_más,_desglosada_por_sexo_y_subpoblaciones<b><i>_[CENSO]_</i></b>",	20078,"Rojas_de_Cuauhtémoc","2020","96.601942","100","99.5671","97.485493","90.909091","97.546012","95.748614","90.47619","90","96.56526","100","100","100","ND","100","ND","ND","100","96.596597","96.428571","100","86.71875","ND",
"Tasa_de_alfabetización_de_las_personas_de_15_años_o_más,_desglosada_por_sexo_y_subpoblaciones<b><i>_[CENSO]_</i></b>",	20079,"Salina_Cruz","2020","95.845103","99.447646","99.147491","97.544597","85.866224","97.466138","94.408665","84.50743","96.485944","95.870918","96.938776","100","83.333333","100","98.333333","ND","40.625","95.16129","95.800387","98.376812","96.341463","78.828319","100",
"Tasa_de_alfabetización_de_las_personas_de_15_años_o_más,_desglosada_por_sexo_y_subpoblaciones<b><i>_[CENSO]_</i></b>",	20080,"San_Agustín_Amatengo","2020","79.543602","100","97.737557","90.11194","53.268765","84.615385","74.922118","100","100","79.375514","100","100","ND","ND","ND","ND","ND","93.333333","78.938207","85.106383","93.548387","49.519231","ND",
"Tasa_de_alfabetización_de_las_personas_de_15_años_o_más,_desglosada_por_sexo_y_subpoblaciones<b><i>_[CENSO]_</i></b>",	20081,"San_Agustín_Atenango","2020","78.576413","98.571429","96.577947","88.682432","54.724409","82.085169","75.398936","69.284065","65","78.410689","100","100","ND","ND","ND","ND","ND","91.803279","77.627628","89.74359","91.935484","59.340659","ND",
"Tasa_de_alfabetización_de_las_personas_de_15_años_o_más,_desglosada_por_sexo_y_subpoblaciones<b><i>_[CENSO]_</i></b>",	20082,"San_Agustín_Chayuco","2020","85.57047","98.74477","98.815789","90.611354","52.388797","87.950938","83.500627","81.549379","87.777778","85.526759","100","100","ND","ND","100","ND","ND","96.551724","85.06676","96.116505","96.774194","62.529274","ND",
"Tasa_de_alfabetización_de_las_personas_de_15_años_o_más,_desglosada_por_sexo_y_subpoblaciones<b><i>_[CENSO]_</i></b>",	20083,"San_Agustín_de_las_Juntas","2020","96.303432","99.065421","99.28","97.357343","80.834273","97.525773","95.231638","89.648033","96.240602","96.291375","100","100","100","ND","100","ND","ND","96","96.24088","98.924731","96.774194","80.994152","ND",
"Tasa_de_alfabetización_de_las_personas_de_15_años_o_más,_desglosada_por_sexo_y_subpoblaciones<b><i>_[CENSO]_</i></b>",	20084,"San_Agustín_Etla","2020","97.87234","100","99.726027","98.664238","93.557423","98.5705","97.258709","92.405063","98.058252","97.87037","98","100","ND","ND","95.652174","ND","ND","100","97.825402","98.989899","100","88.636364","ND",
"Tasa_de_alfabetización_de_las_personas_de_15_años_o_más,_desglosada_por_sexo_y_subpoblaciones<b><i>_[CENSO]_</i></b>",	20085,"San_Agustín_Loxicha","2020","78.337705","98.684211","95.333606","75.233712","36.410038","85.145784","72.166667","77.545073","79.381443","78.334999","100","100","ND","ND","ND","ND","100","92.105263","78.254038","91.803279","92.105263","44.585987","ND",
"Tasa_de_alfabetización_de_las_personas_de_15_años_o_más,_desglosada_por_sexo_y_subpoblaciones<b><i>_[CENSO]_</i></b>",	20086,"San_Agustín_Tlacotepec","2020","91.699605","100","100","94.56869","77.114428","96.307692","88.248848","90.602837","94.871795","91.611185","100","100","100","ND","100","ND","ND","100","91.193182","97.916667","100","70.068027","ND",
"Tasa_de_alfabetización_de_las_personas_de_15_años_o_más,_desglosada_por_sexo_y_subpoblaciones<b><i>_[CENSO]_</i></b>",	20087,"San_Agustín_Yatareni","2020","94.920714","98.251748","98.491571","96.19883","81.611208","96.320346","93.738574","82.901554","100","94.886505","100","100","ND","ND","100","ND","ND","96.551724","94.834711","96.875","97.014925","72.906404","ND",
"Tasa_de_alfabetización_de_las_personas_de_15_años_o_más,_desglosada_por_sexo_y_subpoblaciones<b><i>_[CENSO]_</i></b>",	20088,"San_Andrés_Cabecera_Nueva","2020","86.795252","100","99.203187","91.915836","59.227468","90.316004","83.477426","83.116883","88.461538","86.7428","100","100","ND","ND","ND","ND","ND","100","86.632911","88.888889","100","66.358025","ND",
"Tasa_de_alfabetización_de_las_personas_de_15_años_o_más,_desglosada_por_sexo_y_subpoblaciones<b><i>_[CENSO]_</i></b>",	20089,"San_Andrés_Dinicuiti","2020","89.298246","99.107143","98.93617","94.712103","64.150943","93.413174","85.371429","60","97.5","89.291984","100","100","ND","ND","ND","ND","ND","100","89.22619","95.238095","100","60.085837","ND",
"Tasa_de_alfabetización_de_las_personas_de_15_años_o_más,_desglosada_por_sexo_y_subpoblaciones<b><i>_[CENSO]_</i></b>",	20090,"San_Andrés_Huaxpaltepec","2020","86.855092","99.056604","98.275862","92.49665","50.438048","88.724319","85.200846","75.974026","89.697648","86.816648","100","100","ND","ND","ND","ND","100","94.736842","86.545119","98.058252","95.454545","56.812933","ND",
"Tasa_de_alfabetización_de_las_personas_de_15_años_o_más,_desglosada_por_sexo_y_subpoblaciones<b><i>_[CENSO]_</i></b>",	20091,"San_Andrés_Huayápam","2020","97.760586","98.924731","99.197145","98.626478","93.041526","98.871528","96.779141","95.173745","98.305085","97.714048","100","100","100","ND","100","ND","ND","100","97.697228","98.930481","100","81.623932","ND",
"Tasa_de_alfabetización_de_las_personas_de_15_años_o_más,_desglosada_por_sexo_y_subpoblaciones<b><i>_[CENSO]_</i></b>",	20092,"San_Andrés_Ixtlahuaca","2020","91.666667","100","98.571429","96.466974","75.862069","95.980707","87.887324","80.669145","75","91.520244","100","100","ND","ND","ND","ND","100","100","91.600634","86.486486","100","66.433566","ND",
"Tasa_de_alfabetización_de_las_personas_de_15_años_o_más,_desglosada_por_sexo_y_subpoblaciones<b><i>_[CENSO]_</i></b>",	20093,"San_Andrés_Lagunas","2020","94.923858","100","98.611111","98.305085","86.885246","95.698925","94.230769","80","100","94.923858","ND","ND","ND","ND","ND","ND","ND","100","94.707521","96.666667","100","87.931034","ND",
"Tasa_de_alfabetización_de_las_personas_de_15_años_o_más,_desglosada_por_sexo_y_subpoblaciones<b><i>_[CENSO]_</i></b>",	20094,"San_Andrés_Nuxiño","2020","93.193717","100","97.269625","97.959184","80.494505","95.954693","90.820584","87.103594","100","93.193717","ND","ND","ND","ND","ND","ND","ND","100","93.124523","96.296296","100","75.446429","ND",
"Tasa_de_alfabetización_de_las_personas_de_15_años_o_más,_desglosada_por_sexo_y_subpoblaciones<b><i>_[CENSO]_</i></b>",	20095,"San_Andrés_Paxtlán","2020","75.062344","99.425287","97.216495","72.888573","19.126819","81.709617","68.521954","69.472307","75.833333","75.046787","100","100","ND","ND","ND","ND","100","100","74.78646","93.023256","100","36.842105","ND",
"Tasa_de_alfabetización_de_las_personas_de_15_años_o_más,_desglosada_por_sexo_y_subpoblaciones<b><i>_[CENSO]_</i></b>",	20096,"San_Andrés_Sinaxtla","2020","95.551601","97.368421","99","97.51773","88.732394","96.551724","94.684385","68.181818","96.875","95.519713","100","100","ND","ND","ND","ND","ND","100","95.335821","100","100","80.645161","ND",
"Tasa_de_alfabetización_de_las_personas_de_15_años_o_más,_desglosada_por_sexo_y_subpoblaciones<b><i>_[CENSO]_</i></b>",	20097,"San_Andrés_Solaga","2020","92.87257","100","99.655172","97.368421","81.081081","96.369138","89.697802","92.541857","100","92.862293","100","100","ND","ND","ND","ND","ND","100","92.763158","100","100","68.965517","ND",
"Tasa_de_alfabetización_de_las_personas_de_15_años_o_más,_desglosada_por_sexo_y_subpoblaciones<b><i>_[CENSO]_</i></b>",	20098,"San_Andrés_Teotilálpam","2020","80.271647","98.814229","98.15864","83.936652","46.666667","85.796683","75.353017","70.504045","90.909091","80.264946","100","ND","ND","ND","100","ND","ND","100","79.804674","96.969697","100","54.75763","ND",
"Tasa_de_alfabetización_de_las_personas_de_15_años_o_más,_desglosada_por_sexo_y_subpoblaciones<b><i>_[CENSO]_</i></b>",	20099,"San_Andrés_Tepetlapa","2020","66.791045","100","98.4375","74.074074","17.808219","69.166667","64.864865","0","ND","66.541353","100","100","ND","ND","ND","ND","ND","ND","66.030534","100","ND","25.454545","ND",
"Tasa_de_alfabetización_de_las_personas_de_15_años_o_más,_desglosada_por_sexo_y_subpoblaciones<b><i>_[CENSO]_</i></b>",	20100,"San_Andrés_Yaá","2020","71.296296","100","94.642857","89.285714","48","80.136986","64.044944","71.069182","100","71.118012","100","100","ND","ND","ND","ND","ND","ND","71.069182","83.333333","ND","47.619048","ND",
"Tasa_de_alfabetización_de_las_personas_de_15_años_o_más,_desglosada_por_sexo_y_subpoblaciones<b><i>_[CENSO]_</i></b>",	20101,"San_Andrés_Zabache","2020","75.488455","100","98.809524","81.25","35.616438","84.313725","68.181818","50","66.666667","75.268817","100","100","ND","ND","ND","ND","ND","100","75","85.714286","100","44.680851","ND",
"Tasa_de_alfabetización_de_las_personas_de_15_años_o_más,_desglosada_por_sexo_y_subpoblaciones<b><i>_[CENSO]_</i></b>",	20102,"San_Andrés_Zautla","2020","96.814335","100","98.796389","97.528423","90.743338","97.629083","96.084906","85.663082","98.550725","96.811161","100","100","ND","ND","100","ND","ND","90.909091","96.768356","98.540146","92.307692","86.627907","ND",
"Tasa_de_alfabetización_de_las_personas_de_15_años_o_más,_desglosada_por_sexo_y_subpoblaciones<b><i>_[CENSO]_</i></b>",	20103,"San_Antonino_Castillo_Velasco","2020","91.473382","98.586572","98.260073","94.519947","72.675086","94.095418","89.170124","75.671853","91.304348","91.535564","100","100","ND","ND","100","ND","20","87.5","91.454913","100","87.5","67.045455","ND",
"Tasa_de_alfabetización_de_las_personas_de_15_años_o_más,_desglosada_por_sexo_y_subpoblaciones<b><i>_[CENSO]_</i></b>",	20104,"San_Antonino_el_Alto","2020","89.842105","99.468085","99.30192","92.12691","57.986111","94.795127","85.356068","81.576027","92.477876","89.820675","100","100","ND","ND","ND","ND","ND","100","89.699571","94.117647","100","59.541985","ND",
"Tasa_de_alfabetización_de_las_personas_de_15_años_o_más,_desglosada_por_sexo_y_subpoblaciones<b><i>_[CENSO]_</i></b>",	20105,"San_Antonino_Monte_Verde","2020","87.56027","98.364486","98.450135","94.54394","44.495413","93.72566","82.602644","87.589785","89.453861","87.529092","92.592593","92.592593","ND","ND","ND","ND","100","100","87.076613","95.505618","100","47.105263","ND",
"Tasa_de_alfabetización_de_las_personas_de_15_años_o_más,_desglosada_por_sexo_y_subpoblaciones<b><i>_[CENSO]_</i></b>",	20106,"San_Antonio_Acutla","2020","83.756345","100","100","95.652174","48.148148","87.628866","80","85","80.882353","83.756345","ND","ND","ND","ND","ND","ND","ND","ND","83.157895","100","ND","33.333333","ND",
"Tasa_de_alfabetización_de_las_personas_de_15_años_o_más,_desglosada_por_sexo_y_subpoblaciones<b><i>_[CENSO]_</i></b>",	20107,"San_Antonio_de_la_Cal","2020","95.08274","98.751836","98.910638","96.19605","78.427948","97.609878","92.910012","90.129372","96.630934","95.097113","100","100","100","100","100","ND","0","98.214286","95.085127","97.014925","98.4375","76.405733","ND",
"Tasa_de_alfabetización_de_las_personas_de_15_años_o_más,_desglosada_por_sexo_y_subpoblaciones<b><i>_[CENSO]_</i></b>",	20108,"San_Antonio_Huitepec","2020","90.01938","99.411765","99.511002","97.668998","70.813397","96.069869","85.191638","82.890855","96.666667","90","100","100","ND","ND","ND","ND","ND","100","89.765352","97.87234","100","70.37037","ND",
"Tasa_de_alfabetización_de_las_personas_de_15_años_o_más,_desglosada_por_sexo_y_subpoblaciones<b><i>_[CENSO]_</i></b>",	20109,"San_Antonio_Nanahuatípam","2020","93.90642","100","98.283262","95.918367","81.521739","95.3125","92.569002","76.470588","93.333333","93.90642","ND","ND","ND","ND","ND","ND","ND","100","93.621868","100","100","75","ND",
"Tasa_de_alfabetización_de_las_personas_de_15_años_o_más,_desglosada_por_sexo_y_subpoblaciones<b><i>_[CENSO]_</i></b>",	20110,"San_Antonio_Sinicahua","2020","78.119002","99.107143","98.168498","83.478261","25.888325","86.85446","72.077922","77.435388","100","78.119002","ND","ND","ND","ND","ND","ND","ND","100","77.487437","87.878788","100","55.214724","ND",
"Tasa_de_alfabetización_de_las_personas_de_15_años_o_más,_desglosada_por_sexo_y_subpoblaciones<b><i>_[CENSO]_</i></b>",	20111,"San_Antonio_Tepetlapa","2020","77.804804","97.993311","97.560976","79.26915","30.531732","78.486842","77.218768","76.102675","84.615385","77.777778","100","100","ND","ND","ND","ND","ND","100","76.993382","100","100","39.453125","ND",
"Tasa_de_alfabetización_de_las_personas_de_15_años_o_más,_desglosada_por_sexo_y_subpoblaciones<b><i>_[CENSO]_</i></b>",	20112,"San_Baltazar_Chichicápam","2020","78.060264","100","97.765363","92.815534","40","79.095477","77.147919","76.80862","76.190476","78.045326","100","100","ND","ND","ND","ND","0","100","77.697842","96.774194","100","30.638298","ND",
"Tasa_de_alfabetización_de_las_personas_de_15_años_o_más,_desglosada_por_sexo_y_subpoblaciones<b><i>_[CENSO]_</i></b>",	20113,"San_Baltazar_Loxicha","2020","89.201452","99.438202","99.142367","91.455399","62.698413","92.639843","86.244726","73.640167","100","89.19655","100","ND","100","ND","ND","ND","ND","100","89.034064","97.619048","100","67.099567","ND",
"Tasa_de_alfabetización_de_las_personas_de_15_años_o_más,_desglosada_por_sexo_y_subpoblaciones<b><i>_[CENSO]_</i></b>",	20114,"San_Baltazar_Yatzachi_el_Bajo","2020","86.380597","100","95.876289","95.073892","72.55814","89.84375","83.214286","85.319149","ND","86.252354","100","100","ND","ND","ND","ND","ND","100","85.515873","100","100","64.40678","ND",
"Tasa_de_alfabetización_de_las_personas_de_15_años_o_más,_desglosada_por_sexo_y_subpoblaciones<b><i>_[CENSO]_</i></b>",	20115,"San_Bartolo_Coyotepec","2020","96.660269","99.480069","99.290061","98.100048","85.108303","97.805556","95.682088","88.729017","99.421965","96.649121","100","100","100","ND","100","ND","100","95","96.582545","100","95.652174","78.222222","ND",
"Tasa_de_alfabetización_de_las_personas_de_15_años_o_más,_desglosada_por_sexo_y_subpoblaciones<b><i>_[CENSO]_</i></b>",	20116,"San_Bartolomé_Ayautla","2020","65.826431","98.755187","95.918367","66.875489","20.096463","72.104019","60.543767","65.446395","82.539683","65.801802","100","100","ND","ND","100","ND","ND","100","64.832714","96.470588","100","27.152318","ND",
"Tasa_de_alfabetización_de_las_personas_de_15_años_o_más,_desglosada_por_sexo_y_subpoblaciones<b><i>_[CENSO]_</i></b>",	20117,"San_Bartolomé_Loxicha","2020","82.462927","99.328859","97.900262","83.734088","52.866242","92.14876","73.939394","78.198198","80","82.451613","100","100","ND","ND","ND","ND","ND","100","82.198953","100","100","53.521127","ND",
"Tasa_de_alfabetización_de_las_personas_de_15_años_o_más,_desglosada_por_sexo_y_subpoblaciones<b><i>_[CENSO]_</i></b>",	20118,"San_Bartolomé_Quialana","2020","77.545405","98.319328","98.688525","83.29718","47.346072","82.12766","74.640288","76.848138","90.909091","77.488938","88.888889","88.888889","ND","ND","ND","ND","ND","95.505618","76.480938","90.47619","95.555556","49.189189","ND",
"Tasa_de_alfabetización_de_las_personas_de_15_años_o_más,_desglosada_por_sexo_y_subpoblaciones<b><i>_[CENSO]_</i></b>",	20119,"San_Bartolomé_Yucuañe","2020","87.356322","100","100","95.986622","60.606061","93.258427","82.748538","83.101852","100","87.356322","ND","ND","ND","ND","ND","ND","ND","ND","86.329588","94.666667","ND","66.666667","ND",
"Tasa_de_alfabetización_de_las_personas_de_15_años_o_más,_desglosada_por_sexo_y_subpoblaciones<b><i>_[CENSO]_</i></b>",	20120,"San_Bartolomé_Zoogocho","2020","90.459364","94.444444","98.4375","100","69.620253","96.268657","85.234899","90.243902","50","90.459364","ND","ND","ND","ND","ND","ND","ND","ND","90.28777","100","ND","36.363636","ND",
"Tasa_de_alfabetización_de_las_personas_de_15_años_o_más,_desglosada_por_sexo_y_subpoblaciones<b><i>_[CENSO]_</i></b>",	20121,"San_Bartolo_Soyaltepec","2020","90.6639","100","95.402299","99.47644","77.777778","95.633188","86.166008","88.151659","100","90.6639","ND","ND","ND","ND","ND","ND","ND","100","90.243902","96.551724","100","65.432099","ND",
"Tasa_de_alfabetización_de_las_personas_de_15_años_o_más,_desglosada_por_sexo_y_subpoblaciones<b><i>_[CENSO]_</i></b>",	20122,"San_Bartolo_Yautepec","2020","96.861925","100","100","99.134199","91.09589","97.48954","96.23431","93.081761","66.666667","96.861925","ND","ND","ND","ND","ND","ND","ND","ND","96.808511","100","ND","82.352941","ND",
"Tasa_de_alfabetización_de_las_personas_de_15_años_o_más,_desglosada_por_sexo_y_subpoblaciones<b><i>_[CENSO]_</i></b>",	20123,"San_Bernardo_Mixtepec","2020","88.74036","100","99.236641","94.712644","60.047281","92.034446","85.728346","56.521739","85.59322","88.658726","100","100","ND","ND","ND","ND","ND","94.444444","88.383298","100","94.736842","66.440678","ND",
"Tasa_de_alfabetización_de_las_personas_de_15_años_o_más,_desglosada_por_sexo_y_subpoblaciones<b><i>_[CENSO]_</i></b>",	20124,"San_Blas_Atempa","2020","76.011763","96.579658","93.75645","73.175515","42.903525","81.164826","71.098345","74.245379","68.571429","76.00028","100","100","100","ND","100","ND","75","100","75.60066","92.944785","100","45.590062","ND",
"Tasa_de_alfabetización_de_las_personas_de_15_años_o_más,_desglosada_por_sexo_y_subpoblaciones<b><i>_[CENSO]_</i></b>",	20125,"San_Carlos_Yautepec","2020","87.456359","98.51632","97.352941","91.646391","60.609832","91.850932","83.028786","83.816014","92.715232","87.45323","100","100","ND","ND","ND","ND","ND","100","87.387161","100","100","54.968944","ND",
"Tasa_de_alfabetización_de_las_personas_de_15_años_o_más,_desglosada_por_sexo_y_subpoblaciones<b><i>_[CENSO]_</i></b>",	20126,"San_Cristóbal_Amatlán","2020","74.931582","99.456522","99.11155","73.817035","28.77907","86.088475","65.030992","73.695519","73.450135","74.945235","100","ND","100","ND","ND","ND","0","88.888889","74.362606","91.752577","88.888889","31.501832","ND",
"Tasa_de_alfabetización_de_las_personas_de_15_años_o_más,_desglosada_por_sexo_y_subpoblaciones<b><i>_[CENSO]_</i></b>",	20127,"San_Cristóbal_Amoltepec","2020","82.778416","98.4375","97.663551","93.017456","39.583333","89.76378","77.346939","80.97166","100","82.778416","ND","ND","ND","ND","ND","ND","ND","100","82.598331","81.818182","100","31.944444","ND",
"Tasa_de_alfabetización_de_las_personas_de_15_años_o_más,_desglosada_por_sexo_y_subpoblaciones<b><i>_[CENSO]_</i></b>",	20128,"San_Cristóbal_Lachirioag","2020","87.231969","97.916667","97.419355","93.762183","69.677419","89.60499","85.137615","86.947368","100","87.131631","100","100","ND","ND","ND","ND","100","100","86.700508","100","100","60.227273","ND",
"Tasa_de_alfabetización_de_las_personas_de_15_años_o_más,_desglosada_por_sexo_y_subpoblaciones<b><i>_[CENSO]_</i></b>",	20129,"San_Cristóbal_Suchixtlahuaca","2020","96.899225","100","100","100","89.333333","98.290598","95.744681","77.777778","75","96.899225","ND","ND","ND","ND","ND","ND","ND","ND","96.747967","100","ND","88.888889","ND",
"Tasa_de_alfabetización_de_las_personas_de_15_años_o_más,_desglosada_por_sexo_y_subpoblaciones<b><i>_[CENSO]_</i></b>",	20130,"San_Dionisio_del_Mar","2020","80.917481","99.29078","98.771499","84.898613","42.857143","83.158476","78.750667","71.379648","70","80.901929","100","100","ND","ND","100","ND","ND","88.888889","80.517673","97.530864","90","59.854015","ND",
"Tasa_de_alfabetización_de_las_personas_de_15_años_o_más,_desglosada_por_sexo_y_subpoblaciones<b><i>_[CENSO]_</i></b>",	20131,"San_Dionisio_Ocotepec","2020","81.380778","99.451554","98.338435","83.689647","41.518468","84.937131","78.342832","80.874179","75","81.368596","92","95.238095","100","ND","50","ND","0","92.592593","81.179302","97.222222","92.727273","45.01385","ND",
"Tasa_de_alfabetización_de_las_personas_de_15_años_o_más,_desglosada_por_sexo_y_subpoblaciones<b><i>_[CENSO]_</i></b>",	20132,"San_Dionisio_Ocotlán","2020","91.362764","91.304348","91.272727","95.591182","81.981982","91.803279","90.974729","91.22807","100","91.362764","ND","ND","ND","ND","ND","ND","ND","100","93.445879","100","100","81.896552","ND",
"Tasa_de_alfabetización_de_las_personas_de_15_años_o_más,_desglosada_por_sexo_y_subpoblaciones<b><i>_[CENSO]_</i></b>",	20133,"San_Esteban_Atatlahuca","2020","87.644509","100","98.100173","95.398773","57.187994","94.067797","81.972789","86.844229","90.909091","87.662808","100","100","ND","ND","ND","ND","0","100","87.272727","95.867769","100","57.5","ND",
"Tasa_de_alfabetización_de_las_personas_de_15_años_o_más,_desglosada_por_sexo_y_subpoblaciones<b><i>_[CENSO]_</i></b>",	20134,"San_Felipe_Jalapa_de_Díaz","2020","76.381481","97.251237","93.977537","75.133511","34.029528","82.017544","71.539072","74.881322","80.965909","76.384591","100","100","ND","100","ND","ND","33.333333","100","76.048229","94.461538","100","35.774059","ND",
"Tasa_de_alfabetización_de_las_personas_de_15_años_o_más,_desglosada_por_sexo_y_subpoblaciones<b><i>_[CENSO]_</i></b>",	20135,"San_Felipe_Tejalápam","2020","93.066125","99.071926","98.616715","95.937042","73.300493","95.181589","91.187739","82.142857","94.736842","93.07888","100","100","ND","ND","100","ND","33.333333","97.435897","93.074935","92.424242","97.5","69.747899","ND",
"Tasa_de_alfabetización_de_las_personas_de_15_años_o_más,_desglosada_por_sexo_y_subpoblaciones<b><i>_[CENSO]_</i></b>",	20136,"San_Felipe_Usila","2020","80.832328","99.856734","98.495822","88.429138","37.876207","87.190836","75.342774","80.553807","94.444444","80.825887","ND","ND","ND","ND","ND","ND","87.5","100","80.548751","99.115044","100","52.974828","ND",
"Tasa_de_alfabetización_de_las_personas_de_15_años_o_más,_desglosada_por_sexo_y_subpoblaciones<b><i>_[CENSO]_</i></b>",	20137,"San_Francisco_Cahuacuá","2020","90.28357","99.215686","97.435897","94.515181","68.072289","94.025974","86.806114","63.333333","93.75","90.271399","100","100","ND","ND","ND","ND","ND","100","90.143824","100","100","62.857143","ND",
"Tasa_de_alfabetización_de_las_personas_de_15_años_o_más,_desglosada_por_sexo_y_subpoblaciones<b><i>_[CENSO]_</i></b>",	20138,"San_Francisco_Cajonos","2020","88.043478","100","94.736842","97.385621","72.794118","97.175141","79.581152","85.910653","90.909091","88.010899","100","100","ND","ND","ND","ND","ND","100","87.535411","100","100","66.666667","ND",
"Tasa_de_alfabetización_de_las_personas_de_15_años_o_más,_desglosada_por_sexo_y_subpoblaciones<b><i>_[CENSO]_</i></b>",	20139,"San_Francisco_Chapulapa","2020","77.639752","99.386503","96.721311","75.117371","45.907473","80.597015","75.096277","49.112426","88.888889","77.639752","ND","ND","ND","ND","ND","ND","ND","66.666667","76.873199","96.551724","66.666667","57.638889","ND",
"Tasa_de_alfabetización_de_las_personas_de_15_años_o_más,_desglosada_por_sexo_y_subpoblaciones<b><i>_[CENSO]_</i></b>",	20140,"San_Francisco_Chindúa","2020","93.864013","100","100","95.571956","82.269504","95.50173","92.356688","100","ND","93.843594","100","100","ND","100","ND","ND","ND","ND","93.609672","100","ND","71.212121","ND",
"Tasa_de_alfabetización_de_las_personas_de_15_años_o_más,_desglosada_por_sexo_y_subpoblaciones<b><i>_[CENSO]_</i></b>",	20141,"San_Francisco_del_Mar","2020","88.431572","99.019608","97.079818","88.453747","67.340067","89.186441","87.677725","82.311734","88.709677","88.423018","100","100","ND","ND","100","ND","0","92.307692","88.130775","95.1417","92.592593","68.637993","ND",
"Tasa_de_alfabetización_de_las_personas_de_15_años_o_más,_desglosada_por_sexo_y_subpoblaciones<b><i>_[CENSO]_</i></b>",	20142,"San_Francisco_Huehuetlán","2020","65.46003","95.652174","96.116505","78.210117","35.019455","73.85159","59.210526","63.606557","ND","65.558912","ND","ND","ND","ND","ND","ND","0","ND","64.33121","88.235294","ND","40.816327","ND",
"Tasa_de_alfabetización_de_las_personas_de_15_años_o_más,_desglosada_por_sexo_y_subpoblaciones<b><i>_[CENSO]_</i></b>",	20143,"San_Francisco_Ixhuatán","2020","87.984661","98.933902","97.336066","91.528286","67.78135","88.959172","87.033399","70.780142","84.259259","88.003415","84.615385","100","66.666667","ND","83.333333","ND","0","85.714286","87.586104","96.385542","86.666667","69.81982","ND",
"Tasa_de_alfabetización_de_las_personas_de_15_años_o_más,_desglosada_por_sexo_y_subpoblaciones<b><i>_[CENSO]_</i></b>",	20144,"San_Francisco_Jaltepetongo","2020","89.698492","100","100","96.706587","74.460432","93.931398","85.851319","77.227723","ND","89.685535","100","100","ND","ND","ND","ND","ND","100","89.459459","92.592593","100","70.992366","ND",
"Tasa_de_alfabetización_de_las_personas_de_15_años_o_más,_desglosada_por_sexo_y_subpoblaciones<b><i>_[CENSO]_</i></b>",	20145,"San_Francisco_Lachigoló","2020","97.05274","98.44358","99.133261","97.591478","90.548204","98.062433","96.119403","90.785908","95","97.028154","100","100","100","ND","100","ND","100","100","96.937669","99.350649","100","88.444444","ND",
"Tasa_de_alfabetización_de_las_personas_de_15_años_o_más,_desglosada_por_sexo_y_subpoblaciones<b><i>_[CENSO]_</i></b>",	20146,"San_Francisco_Logueche","2020","76.749079","99.576271","98.023064","73.081761","18.250951","86.101296","69.201521","76.740421","100","76.749079","ND","ND","ND","ND","ND","ND","ND","92.307692","76.555024","100","92.307692","35","ND",
"Tasa_de_alfabetización_de_las_personas_de_15_años_o_más,_desglosada_por_sexo_y_subpoblaciones<b><i>_[CENSO]_</i></b>",	20147,"San_Francisco_Nuxaño","2020","90.140845","100","100","99.152542","71.276596","95","85.416667","ND","ND","90.140845","ND","ND","ND","ND","ND","ND","ND","ND","89.62963","100","ND","80","ND",
"Tasa_de_alfabetización_de_las_personas_de_15_años_o_más,_desglosada_por_sexo_y_subpoblaciones<b><i>_[CENSO]_</i></b>",	20148,"San_Francisco_Ozolotepec","2020","79.59479","100","97.921478","79.122807","33.905579","88.97893","72.026144","77.943615","100","79.580014","100","100","ND","ND","ND","ND","ND","100","79.279941","100","100","49.64539","ND",
"Tasa_de_alfabetización_de_las_personas_de_15_años_o_más,_desglosada_por_sexo_y_subpoblaciones<b><i>_[CENSO]_</i></b>",	20149,"San_Francisco_Sola","2020","86.131387","97.709924","98.117647","87.279152","56.854839","89.371981","83.444593","87.5","100","86.080586","100","100","ND","ND","ND","ND","ND","100","85.863874","94.444444","100","51.111111","ND",
"Tasa_de_alfabetización_de_las_personas_de_15_años_o_más,_desglosada_por_sexo_y_subpoblaciones<b><i>_[CENSO]_</i></b>",	20150,"San_Francisco_Telixtlahuaca","2020","96.504757","99.73545","99.122511","97.741663","85.994764","97.569815","95.561012","88.421053","95.238095","96.502305","100","100","100","ND","100","ND","ND","100","96.466755","98.648649","100","81.239531","ND",
"Tasa_de_alfabetización_de_las_personas_de_15_años_o_más,_desglosada_por_sexo_y_subpoblaciones<b><i>_[CENSO]_</i></b>",	20151,"San_Francisco_Teopan","2020","89.669421","100","100","98.076923","68.055556","96.8","82.051282","ND","100","89.669421","ND","ND","ND","ND","ND","ND","ND","100","89.224138","100","100","66.666667","ND",
"Tasa_de_alfabetización_de_las_personas_de_15_años_o_más,_desglosada_por_sexo_y_subpoblaciones<b><i>_[CENSO]_</i></b>",	20152,"San_Francisco_Tlapancingo","2020","73.82134","97.948718","96.862745","68.581081","31.428571","76.817558","71.347678","66.971638","85.714286","73.608505","100","100","ND","ND","ND","ND","ND","84","73.354839","86.486486","84","52.808989","ND",
"Tasa_de_alfabetización_de_las_personas_de_15_años_o_más,_desglosada_por_sexo_y_subpoblaciones<b><i>_[CENSO]_</i></b>",	20153,"San_Gabriel_Mixtepec","2020","90.693485","99.307958","98.901099","93.431553","62.027833","93.064313","88.538682","78.205128","98.275862","90.679495","100","100","ND","ND","ND","ND","100","100","90.574643","100","100","68.669528","ND",
"Tasa_de_alfabetización_de_las_personas_de_15_años_o_más,_desglosada_por_sexo_y_subpoblaciones<b><i>_[CENSO]_</i></b>",	20154,"San_Ildefonso_Amatlán","2020","82.381829","98.214286","96.398892","90.163934","45.923913","88.605898","77.123443","75.846154","89.473684","82.338462","100","100","100","ND","ND","ND","ND","100","81.661342","100","100","48.502994","ND",
"Tasa_de_alfabetización_de_las_personas_de_15_años_o_más,_desglosada_por_sexo_y_subpoblaciones<b><i>_[CENSO]_</i></b>",	20155,"San_Ildefonso_Sola","2020","87.808219","100","98.543689","90.372671","51.327434","88.668555","87.002653","100","70","87.774725","100","100","ND","ND","ND","ND","ND","100","87.621697","100","100","67.346939","ND",
"Tasa_de_alfabetización_de_las_personas_de_15_años_o_más,_desglosada_por_sexo_y_subpoblaciones<b><i>_[CENSO]_</i></b>",	20156,"San_Ildefonso_Villa_Alta","2020","90.100071","98.192771","98.10219","94.266055","70.892019","92.609351","87.839674","87.583376","91.071429","90.050469","100","100","100","ND","ND","ND","66.666667","100","89.934354","100","100","70.689655","ND",
"Tasa_de_alfabetización_de_las_personas_de_15_años_o_más,_desglosada_por_sexo_y_subpoblaciones<b><i>_[CENSO]_</i></b>",	20157,"San_Jacinto_Amilpas","2020","97.678585","99.524376","99.588235","98.626771","88.97497","98.415641","97.045191","92.477064","99.056604","97.696466","98.550725","100","83.333333","ND","100","ND","40","100","97.638629","98.765432","100","86.600846","ND",
"Tasa_de_alfabetización_de_las_personas_de_15_años_o_más,_desglosada_por_sexo_y_subpoblaciones<b><i>_[CENSO]_</i></b>",	20158,"San_Jacinto_Tlacotepec","2020","85.594855","97.972973","98.561151","86.685552","57.394366","86.712329","84.606061","75.862069","71.428571","85.548387","100","100","ND","ND","ND","ND","ND","94.117647","85.481771","100","94.117647","52.906977","ND",
"Tasa_de_alfabetización_de_las_personas_de_15_años_o_más,_desglosada_por_sexo_y_subpoblaciones<b><i>_[CENSO]_</i></b>",	20159,"San_Jerónimo_Coatlán","2020","88.510754","99.41349","97.489177","90.287111","57.037037","92.040932","85.266458","74.782609","86.206897","88.476242","100","100","ND","ND","100","ND","100","100","88.336573","96.491228","100","62.195122","ND",
"Tasa_de_alfabetización_de_las_personas_de_15_años_o_más,_desglosada_por_sexo_y_subpoblaciones<b><i>_[CENSO]_</i></b>",	20160,"San_Jerónimo_Silacayoapilla","2020","89.990467","98.666667","96.581197","96.226415","70.342205","91.176471","88.868275","66.666667","100","89.932886","100","100","ND","ND","ND","ND","100","100","89.73607","100","100","69.84127","ND",
"Tasa_de_alfabetización_de_las_personas_de_15_años_o_más,_desglosada_por_sexo_y_subpoblaciones<b><i>_[CENSO]_</i></b>",	20161,"San_Jerónimo_Sosola","2020","93.333333","99.310345","99.4","97.241379","80.18018","96.734694","90.275229","100","92.307692","93.333333","ND","ND","ND","ND","ND","ND","ND","100","93.108652","98.684211","100","75.409836","ND",
"Tasa_de_alfabetización_de_las_personas_de_15_años_o_más,_desglosada_por_sexo_y_subpoblaciones<b><i>_[CENSO]_</i></b>",	20162,"San_Jerónimo_Taviche","2020","90.702626","98.734177","98.842593","93.637847","58.737864","94.161677","87.584345","66.929134","100","90.68941","100","100","ND","ND","ND","ND","ND","100","90.57554","100","100","54.098361","ND",
"Tasa_de_alfabetización_de_las_personas_de_15_años_o_más,_desglosada_por_sexo_y_subpoblaciones<b><i>_[CENSO]_</i></b>",	20163,"San_Jerónimo_Tecóatl","2020","73.965041","97.674419","96.875","79.53668","41.924399","78.674948","70.198675","69.178853","100","73.965041","ND","ND","ND","ND","ND","ND","ND","ND","73.039216","88.059701","ND","50","ND",
"Tasa_de_alfabetización_de_las_personas_de_15_años_o_más,_desglosada_por_sexo_y_subpoblaciones<b><i>_[CENSO]_</i></b>",	20164,"San_Jorge_Nuchita","2020","76.79531","98.170732","97.338403","83.46915","36.546185","81.533477","72.881356","73.509015","77.966102","76.715686","100","100","ND","ND","ND","ND","ND","90.697674","75.797177","91.111111","90.697674","39.662447","ND",
"Tasa_de_alfabetización_de_las_personas_de_15_años_o_más,_desglosada_por_sexo_y_subpoblaciones<b><i>_[CENSO]_</i></b>",	20165,"San_José_Ayuquila","2020","85.044248","98.924731","98.134328","91.897233","53.612167","90.132827","80.597015","71.428571","68.421053","85.031001","100","100","ND","ND","ND","ND","ND","100","84.64455","89.855072","100","55.851064","ND",
"Tasa_de_alfabetización_de_las_personas_de_15_años_o_más,_desglosada_por_sexo_y_subpoblaciones<b><i>_[CENSO]_</i></b>",	20166,"San_José_Chiltepec","2020","86.700036","99.016393","97.700562","90.928221","56.23788","88.208502","85.357062","77.308294","91.22807","86.683387","100","100","ND","ND","100","ND","50","97.435897","86.543375","93.846154","97.5","62.636034","ND",
"Tasa_de_alfabetización_de_las_personas_de_15_años_o_más,_desglosada_por_sexo_y_subpoblaciones<b><i>_[CENSO]_</i></b>",	20167,"San_José_del_Peñasco","2020","90.47619","100","98.364486","94.69914","56.164384","93.639053","87.783375","94.444444","100","90.450205","ND","ND","ND","ND","ND","ND","100","100","90.351482","100","100","59.756098","ND",
"Tasa_de_alfabetización_de_las_personas_de_15_años_o_más,_desglosada_por_sexo_y_subpoblaciones<b><i>_[CENSO]_</i></b>",	20168,"San_José_Estancia_Grande","2020","78.095238","98.039216","95.348837","88.628763","35.761589","82.45614","74.492754","61.538462","78.458498","77.92","100","100","ND","ND","ND","ND","ND","ND","77.814029","88.235294","ND","45.3125","ND",
"Tasa_de_alfabetización_de_las_personas_de_15_años_o_más,_desglosada_por_sexo_y_subpoblaciones<b><i>_[CENSO]_</i></b>",	20169,"San_José_Independencia","2020","71.547361","99.141631","91.074681","75.90808","35.275591","76.881303","66.892349","71.130501","100","71.547361","ND","ND","ND","ND","ND","ND","ND","ND","70.967742","94.202899","ND","42.260442","ND",
"Tasa_de_alfabetización_de_las_personas_de_15_años_o_más,_desglosada_por_sexo_y_subpoblaciones<b><i>_[CENSO]_</i></b>",	20170,"San_José_Lachiguiri","2020","71.37082","100","95.942721","68.67031","23.180077","80.794165","63.550773","70.931113","100","71.307551","100","100","ND","ND","ND","ND","ND","100","71.077152","90.322581","100","44.68599","ND",
"Tasa_de_alfabetización_de_las_personas_de_15_años_o_más,_desglosada_por_sexo_y_subpoblaciones<b><i>_[CENSO]_</i></b>",	20171,"San_José_Tenango","2020","67.324711","96.894977","92.41517","68.94135","29.230769","74.462565","61.264947","66.912151","89.795918","67.322097","100","100","ND","ND","ND","ND","66.666667","100","66.355223","94.513716","100","34.776536","ND",
"Tasa_de_alfabetización_de_las_personas_de_15_años_o_más,_desglosada_por_sexo_y_subpoblaciones<b><i>_[CENSO]_</i></b>",	20172,"San_Juan_Achiutla","2020","92.26361","100","97.619048","97.435897","83.58209","96.045198","88.372093","96.153846","95.238095","92.26361","ND","ND","ND","ND","ND","ND","ND","100","91.205212","100","100","68.292683","ND",
"Tasa_de_alfabetización_de_las_personas_de_15_años_o_más,_desglosada_por_sexo_y_subpoblaciones<b><i>_[CENSO]_</i></b>",	20173,"San_Juan_Atepec","2020","93.297587","100","98.404255","96.963947","82.978723","95.505618","91.282051","93.708609","93.75","93.357271","100","100","ND","ND","ND","ND","0","100","93.135436","100","100","70.987654","ND",
"Tasa_de_alfabetización_de_las_personas_de_15_años_o_más,_desglosada_por_sexo_y_subpoblaciones<b><i>_[CENSO]_</i></b>",	20174,"Ánimas_Trujano","2020","97.079874","99.145299","100","98.274002","87.747748","98.04878","96.222342","88.613861","95.726496","97.068123","100","100","100","ND","100","ND","ND","100","96.999117","100","100","83.730159","ND",
"Tasa_de_alfabetización_de_las_personas_de_15_años_o_más,_desglosada_por_sexo_y_subpoblaciones<b><i>_[CENSO]_</i></b>",	20175,"San_Juan_Bautista_Atatlahuca","2020","82.661668","100","97.560976","89.569161","54.452055","86.336634","79.359431","70.754717","75","82.596425","100","100","ND","ND","ND","ND","100","100","82.797732","62.5","100","49.62406","ND",
"Tasa_de_alfabetización_de_las_personas_de_15_años_o_más,_desglosada_por_sexo_y_subpoblaciones<b><i>_[CENSO]_</i></b>",	20176,"San_Juan_Bautista_Coixtlahuaca","2020","91.167665","94.557823","98.895028","96.559633","78.330658","93.851133","88.857939","67.105263","100","91.624875","ND","ND","ND","ND","ND","ND","0","100","91.422594","96.153846","100","69.485294","ND",
"Tasa_de_alfabetización_de_las_personas_de_15_años_o_más,_desglosada_por_sexo_y_subpoblaciones<b><i>_[CENSO]_</i></b>",	20177,"San_Juan_Bautista_Cuicatlán","2020","92.188118","99.418605","98.247664","94.144264","78.82939","93.203358","91.22627","77.159172","93.872549","92.181938","100","100","100","ND","100","ND","ND","95.454545","92.071507","95.416667","95.454545","75.117925","ND",
"Tasa_de_alfabetización_de_las_personas_de_15_años_o_más,_desglosada_por_sexo_y_subpoblaciones<b><i>_[CENSO]_</i></b>",	20178,"San_Juan_Bautista_Guelache","2020","97.252638","99.73822","99.445325","98.167641","89.80344","97.823248","96.771827","90.231362","99.065421","97.238343","100","100","ND","100","100","ND","ND","95.652174","97.237683","97.916667","96.428571","87.878788","ND",
"Tasa_de_alfabetización_de_las_personas_de_15_años_o_más,_desglosada_por_sexo_y_subpoblaciones<b><i>_[CENSO]_</i></b>",	20179,"San_Juan_Bautista_Jayacatlán","2020","91.650854","98.876404","97.767857","92.970522","83","89.76834","93.470149","87.5","100","91.627022","100","100","ND","ND","ND","ND","ND","100","91.448008","100","100","73.913043","ND",
"Tasa_de_alfabetización_de_las_personas_de_15_años_o_más,_desglosada_por_sexo_y_subpoblaciones<b><i>_[CENSO]_</i></b>",	20180,"San_Juan_Bautista_Lo_de_Soto","2020","84.670232","100","99.339934","92.307692","58.27957","85.01199","84.334511","56.818182","84.739454","84.606205","100","100","ND","ND","ND","ND","ND","95.652174","84.045948","92.307692","96","67.839196","ND",
"Tasa_de_alfabetización_de_las_personas_de_15_años_o_más,_desglosada_por_sexo_y_subpoblaciones<b><i>_[CENSO]_</i></b>",	20181,"San_Juan_Bautista_Suchitepec","2020","88.333333","100","98.550725","92.465753","77.777778","89.534884","87.234043","100","100","88.547486","ND","ND","ND","ND","ND","ND","50","100","87.692308","93.939394","100","67.79661","ND",
"Tasa_de_alfabetización_de_las_personas_de_15_años_o_más,_desglosada_por_sexo_y_subpoblaciones<b><i>_[CENSO]_</i></b>",	20182,"San_Juan_Bautista_Tlacoatzintepec","2020","71.35989","99.435028","94.642857","78.103208","26.923077","77.076923","66.74938","70.514706","60.784314","71.35989","ND","ND","ND","ND","ND","ND","ND","ND","70.383523","100","ND","35.672515","ND",
"Tasa_de_alfabetización_de_las_personas_de_15_años_o_más,_desglosada_por_sexo_y_subpoblaciones<b><i>_[CENSO]_</i></b>",	20183,"San_Juan_Bautista_Tlachichilco","2020","79.741807","100","96.8","85.327314","41.517857","83.628319","76.576577","41.37931","81.818182","79.6","100","100","ND","ND","ND","ND","ND","94.736842","78.925184","92.307692","94.736842","46.987952","ND",
"Tasa_de_alfabetización_de_las_personas_de_15_años_o_más,_desglosada_por_sexo_y_subpoblaciones<b><i>_[CENSO]_</i></b>",	20184,"San_Juan_Bautista_Tuxtepec","2020","92.814549","98.745973","98.269012","94.874198","75.711789","93.775798","91.978491","80.897349","95.545911","92.811144","98.870056","100","90","100","98.148148","100","71.875","97.411003","92.64168","97.721388","97.626113","73.793693","ND",
"Tasa_de_alfabetización_de_las_personas_de_15_años_o_más,_desglosada_por_sexo_y_subpoblaciones<b><i>_[CENSO]_</i></b>",	20185,"San_Juan_Cacahuatepec","2020","89.852341","99.038462","97.951807","93.83378","64.808652","90.465116","89.302741","69.318182","90.902312","89.834254","100","100","ND","ND","100","ND","0","100","89.660743","96.747967","100","63.056093","ND",
"Tasa_de_alfabetización_de_las_personas_de_15_años_o_más,_desglosada_por_sexo_y_subpoblaciones<b><i>_[CENSO]_</i></b>",	20186,"San_Juan_Cieneguilla","2020","83.157895","100","98.850575","92.763158","59.375","89.473684","76.842105","ND","ND","83.113456","100","100","ND","ND","ND","ND","ND","87.5","82.872928","90","87.5","48.4375","ND",
"Tasa_de_alfabetización_de_las_personas_de_15_años_o_más,_desglosada_por_sexo_y_subpoblaciones<b><i>_[CENSO]_</i></b>",	20187,"San_Juan_Coatzóspam","2020","73.849525","99.137931","96.180556","82.679739","32.011331","81.068702","67.226891","73.611111","ND","73.903509","ND","ND","ND","ND","ND","ND","0","100","72.335232","87.121212","100","24.193548","ND",
"Tasa_de_alfabetización_de_las_personas_de_15_años_o_más,_desglosada_por_sexo_y_subpoblaciones<b><i>_[CENSO]_</i></b>",	20188,"San_Juan_Colorado","2020","80.349954","99.1274","97.488038","83.92305","42.089094","82.764281","78.194607","78.021978","88.25257","80.325581","100","100","ND","ND","ND","ND","ND","94.444444","79.814608","97.575758","94.444444","54.363828","ND",
"Tasa_de_alfabetización_de_las_personas_de_15_años_o_más,_desglosada_por_sexo_y_subpoblaciones<b><i>_[CENSO]_</i></b>",	20189,"San_Juan_Comaltepec","2020","82.629559","97.101449","95.319813","80.860215","51.633987","86.781029","78.865508","81.577582","75","82.554217","100","100","ND","ND","ND","ND","ND","100","82.520521","100","100","57.777778","ND",
"Tasa_de_alfabetización_de_las_personas_de_15_años_o_más,_desglosada_por_sexo_y_subpoblaciones<b><i>_[CENSO]_</i></b>",	20190,"San_Juan_Cotzocón","2020","83.771018","97.87408","96.367061","86.981493","55.040258","87.336935","80.506634","77.071496","83.399209","83.739889","100","100","ND","ND","100","ND","50","98.461538","83.387686","94.680851","98.630137","54.898911","ND",
"Tasa_de_alfabetización_de_las_personas_de_15_años_o_más,_desglosada_por_sexo_y_subpoblaciones<b><i>_[CENSO]_</i></b>",	20191,"San_Juan_Chicomezúchil","2020","96.982759","100","100","96.969697","95.121951","99.065421","95.2","92.592593","100","96.982759","ND","ND","ND","ND","ND","ND","ND","100","96.902655","100","100","95.454545","ND",
"Tasa_de_alfabetización_de_las_personas_de_15_años_o_más,_desglosada_por_sexo_y_subpoblaciones<b><i>_[CENSO]_</i></b>",	20192,"San_Juan_Chilateca","2020","97.33441","100","99.609375","98.347107","92.810458","98.743268","96.182085","85.714286","100","97.330097","100","100","ND","ND","ND","ND","ND","ND","97.312704","100","ND","82.8125","ND",
"Tasa_de_alfabetización_de_las_personas_de_15_años_o_más,_desglosada_por_sexo_y_subpoblaciones<b><i>_[CENSO]_</i></b>",	20193,"San_Juan_del_Estado","2020","94.221585","99.224806","98.646035","96.8","81.919643","95.015259","93.519352","78.947368","100","94.60241","100","100","ND","ND","ND","ND","0","100","94.438928","100","100","77.922078","ND",
"Tasa_de_alfabetización_de_las_personas_de_15_años_o_más,_desglosada_por_sexo_y_subpoblaciones<b><i>_[CENSO]_</i></b>",	20194,"San_Juan_del_Río","2020","85.121731","100","99.009901","91.932458","61.538462","87.647059","82.971619","84.332689","100","85","100","100","100","ND","ND","ND","ND","97.058824","84.425451","100","97.297297","54.545455","ND",
"Tasa_de_alfabetización_de_las_personas_de_15_años_o_más,_desglosada_por_sexo_y_subpoblaciones<b><i>_[CENSO]_</i></b>",	20195,"San_Juan_Diuxi","2020","66.062802","100","95.535714","79.807692","39.316239","82.352941","51.487414","63.259669","0","66.062802","ND","ND","ND","ND","ND","ND","ND","100","65.206186","76.595745","100","39.74359","ND",
"Tasa_de_alfabetización_de_las_personas_de_15_años_o_más,_desglosada_por_sexo_y_subpoblaciones<b><i>_[CENSO]_</i></b>",	20196,"San_Juan_Evangelista_Analco","2020","96.89441","100","98.245614","98.360656","94.615385","98.684211","95.294118","95.783133","100","96.855346","100","100","ND","ND","ND","ND","ND","100","97.039474","88.888889","100","96.296296","ND",
"Tasa_de_alfabetización_de_las_personas_de_15_años_o_más,_desglosada_por_sexo_y_subpoblaciones<b><i>_[CENSO]_</i></b>",	20197,"San_Juan_Guelavía","2020","88.716108","100","99.042146","93.499197","67.491749","92.656766","85.030864","85.883015","100","88.648215","100","100","ND","ND","ND","ND","ND","96.153846","88.483607","97.435897","96.551724","65.648855","ND",
"Tasa_de_alfabetización_de_las_personas_de_15_años_o_más,_desglosada_por_sexo_y_subpoblaciones<b><i>_[CENSO]_</i></b>",	20198,"San_Juan_Guichicovi","2020","71.300776","98.478393","96.908147","77.586207","30.8418","78.752727","64.944181","64.968345","65.957447","71.28102","100","100","100","ND","100","ND","42.857143","100","70.528053","94.626866","100","41.589811","ND",
"Tasa_de_alfabetización_de_las_personas_de_15_años_o_más,_desglosada_por_sexo_y_subpoblaciones<b><i>_[CENSO]_</i></b>",	20199,"San_Juan_Ihualtepec","2020","70.712401","100","96.774194","88.549618","42.682927","78.409091","64.039409","35.714286","75","70.634921","100","100","ND","ND","ND","ND","ND","ND","70.652174","72.727273","ND","42.666667","ND",
"Tasa_de_alfabetización_de_las_personas_de_15_años_o_más,_desglosada_por_sexo_y_subpoblaciones<b><i>_[CENSO]_</i></b>",	20200,"San_Juan_Juquila_Mixes","2020","69.881744","96.218487","94.453249","75.352697","25","76.14534","64.375","68.484362","86.666667","69.87061","100","100","ND","ND","ND","ND","ND","100","69.409524","83.561644","100","30.120482","ND",
"Tasa_de_alfabetización_de_las_personas_de_15_años_o_más,_desglosada_por_sexo_y_subpoblaciones<b><i>_[CENSO]_</i></b>",	20201,"San_Juan_Juquila_Vijanos","2020","88.190184","100","97.626113","92.199688","55.140187","93.046358","84","88.120423","66.666667","88.18112","100","100","ND","ND","ND","ND","ND","100","88.015564","100","100","61.176471","ND",
"Tasa_de_alfabetización_de_las_personas_de_15_años_o_más,_desglosada_por_sexo_y_subpoblaciones<b><i>_[CENSO]_</i></b>",	20202,"San_Juan_Lachao","2020","82.45497","99.618321","97.076023","82.877193","43.859649","87.329014","78.247359","75.01688","76.223776","82.43153","100","100","ND","ND","ND","ND","ND","92.307692","82.176871","100","92.592593","55.384615","ND",
"Tasa_de_alfabetización_de_las_personas_de_15_años_o_más,_desglosada_por_sexo_y_subpoblaciones<b><i>_[CENSO]_</i></b>",	20203,"San_Juan_Lachigalla","2020","80.549771","99.590164","97.343958","81.835383","26.801153","84.767642","76.594027","89.473684","64.285714","80.484747","100","100","ND","ND","ND","ND","ND","90.47619","80.163511","93.939394","90.697674","35.714286","ND",
"Tasa_de_alfabetización_de_las_personas_de_15_años_o_más,_desglosada_por_sexo_y_subpoblaciones<b><i>_[CENSO]_</i></b>",	20204,"San_Juan_Lajarcia","2020","92.44898","100","97.333333","97.413793","81.875","94.594595","90.671642","85.714286","ND","92.433538","100","100","ND","ND","ND","ND","ND","100","92.386831","ND","100","76.271186","ND",
"Tasa_de_alfabetización_de_las_personas_de_15_años_o_más,_desglosada_por_sexo_y_subpoblaciones<b><i>_[CENSO]_</i></b>",	20205,"San_Juan_Lalana","2020","78.27792","97.371082","94.619924","75.814448","54.746835","84.816942","72.361156","75.110584","80","78.253819","100","100","100","ND","100","ND","100","82.5","77.788495","97.183099","82.5","60.585198","ND",
"Tasa_de_alfabetización_de_las_personas_de_15_años_o_más,_desglosada_por_sexo_y_subpoblaciones<b><i>_[CENSO]_</i></b>",	20206,"San_Juan_de_los_Cués","2020","88.168373","99.115044","98.563218","91.173055","71.100917","90.983607","85.50885","75.233645","96.296296","88.168373","ND","ND","ND","ND","ND","ND","ND","100","87.671233","98.630137","100","68.75","ND",
"Tasa_de_alfabetización_de_las_personas_de_15_años_o_más,_desglosada_por_sexo_y_subpoblaciones<b><i>_[CENSO]_</i></b>",	20207,"San_Juan_Mazatlán","2020","80.12364","98.139535","95.418502","82.080637","43.485915","83.709314","76.738171","72.694487","83.794466","80.080057","94.285714","96.551724","ND","ND","83.333333","ND","100","94.444444","79.658147","95.714286","94.791667","50.584307","ND",
"Tasa_de_alfabetización_de_las_personas_de_15_años_o_más,_desglosada_por_sexo_y_subpoblaciones<b><i>_[CENSO]_</i></b>",	20208,"San_Juan_Mixtepec_-Dto._08_-","2020","69.182736","100","98.071625","84.275393","28.020134","79.469165","60.041623","67.585121","80.357143","68.541432","100","100","ND","ND","100","ND","ND","84.738956","67.637605","84.324324","86.524823","22.689076","ND",
"Tasa_de_alfabetización_de_las_personas_de_15_años_o_más,_desglosada_por_sexo_y_subpoblaciones<b><i>_[CENSO]_</i></b>",	20209,"San_Juan_Mixtepec_-Dto._26_-","2020","66.391753","97.058824","98.823529","83.870968","27.222222","83.957219","55.369128","66.738661","100","66.322314","ND","ND","ND","ND","ND","ND","100","100","66.322314","ND","100","33.333333","ND",
"Tasa_de_alfabetización_de_las_personas_de_15_años_o_más,_desglosada_por_sexo_y_subpoblaciones<b><i>_[CENSO]_</i></b>",	20210,"San_Juan_Ñumí","2020","82.253792","99.606299","99.141631","89.193227","46.715328","90.115958","76.17421","82.02275","100","82.154964","100","100","ND","ND","ND","ND","ND","96.153846","81.329923","97.794118","96.261682","49.002217","ND",
"Tasa_de_alfabetización_de_las_personas_de_15_años_o_más,_desglosada_por_sexo_y_subpoblaciones<b><i>_[CENSO]_</i></b>",	20211,"San_Juan_Ozolotepec","2020","81.422351","98.253275","94.628752","81.164384","44.984802","86.5","76.663543","81.486486","84.615385","81.395349","100","100","ND","ND","ND","ND","100","100","81.277426","100","100","43.708609","ND",
"Tasa_de_alfabetización_de_las_personas_de_15_años_o_más,_desglosada_por_sexo_y_subpoblaciones<b><i>_[CENSO]_</i></b>",	20212,"San_Juan_Petlapa","2020","72.328343","98.809524","94.54191","70.665213","30.088496","80","65.670203","72.426471","50","72.328343","ND","ND","ND","ND","ND","ND","ND","85.714286","72.158498","90.909091","85.714286","33.846154","ND",
"Tasa_de_alfabetización_de_las_personas_de_15_años_o_más,_desglosada_por_sexo_y_subpoblaciones<b><i>_[CENSO]_</i></b>",	20213,"San_Juan_Quiahije","2020","71.116408","97.619048","94.902549","72.38422","15.509259","78.358209","65.743945","70.944013","69.491525","70.803213","100","100","100","ND","100","ND","ND","93.959732","69.342442","100","94.117647","28.455285","ND",
"Tasa_de_alfabetización_de_las_personas_de_15_años_o_más,_desglosada_por_sexo_y_subpoblaciones<b><i>_[CENSO]_</i></b>",	20214,"San_Juan_Quiotepec","2020","78.238001","99","97.846154","89.358601","39.02439","87.123288","70.037927","78.053977","80.983607","78.035833","100","100","ND","ND","ND","ND","100","100","77.559322","100","100","37.579618","ND",
"Tasa_de_alfabetización_de_las_personas_de_15_años_o_más,_desglosada_por_sexo_y_subpoblaciones<b><i>_[CENSO]_</i></b>",	20215,"San_Juan_Sayultepec","2020","97.063622","100","99.122807","99.019608","90.604027","97.183099","96.960486","86.666667","100","97.05401","100","100","ND","ND","ND","ND","ND","100","96.901893","100","100","87.387387","ND",
"Tasa_de_alfabetización_de_las_personas_de_15_años_o_más,_desglosada_por_sexo_y_subpoblaciones<b><i>_[CENSO]_</i></b>",	20216,"San_Juan_Tabaá","2020","91.60221","100","99.145299","98.082192","72.31405","95","88.659794","91.314286","100","91.58361","100","100","ND","ND","ND","ND","ND","100","91.467577","94.736842","100","66.071429","ND",
"Tasa_de_alfabetización_de_las_personas_de_15_años_o_más,_desglosada_por_sexo_y_subpoblaciones<b><i>_[CENSO]_</i></b>",	20217,"San_Juan_Tamazola","2020","86.419194","100","99.148936","94.677584","57.638889","92.343604","80.843585","78.709137","100","86.413043","100","ND","100","ND","ND","ND","ND","100","86.117538","100","100","65.14658","ND",
"Tasa_de_alfabetización_de_las_personas_de_15_años_o_más,_desglosada_por_sexo_y_subpoblaciones<b><i>_[CENSO]_</i></b>",	20218,"San_Juan_Teita","2020","79.616307","100","100","94.475138","48.275862","85.643564","73.953488","72.222222","100","79.616307","ND","ND","ND","ND","ND","ND","ND","ND","79.064039","100","ND","43.055556","ND",
"Tasa_de_alfabetización_de_las_personas_de_15_años_o_más,_desglosada_por_sexo_y_subpoblaciones<b><i>_[CENSO]_</i></b>",	20219,"San_Juan_Teitipac","2020","83.499006","97.979798","98.868778","92.083818","58.006536","90.937829","76.857949","61.481481","95.454545","83.449651","100","100","100","ND","100","ND","ND","85.185185","83.1963","97.368421","85.714286","46.376812","ND",
"Tasa_de_alfabetización_de_las_personas_de_15_años_o_más,_desglosada_por_sexo_y_subpoblaciones<b><i>_[CENSO]_</i></b>",	20220,"San_Juan_Tepeuxila","2020","93.099897","99.166667","97.972973","93.010147","87.372709","95.409182","90.638298","92.61324","93.75","93.099897","ND","ND","ND","ND","ND","ND","ND","100","93.003682","97.5","100","75.144509","ND",
"Tasa_de_alfabetización_de_las_personas_de_15_años_o_más,_desglosada_por_sexo_y_subpoblaciones<b><i>_[CENSO]_</i></b>",	20221,"San_Juan_Teposcolula","2020","93.683274","98.850575","99.224806","98.393574","78.647687","97.014925","90.646259","78.947368","96.610169","93.672014","100","100","ND","ND","ND","ND","ND","100","93.462247","100","100","67.41573","ND",
"Tasa_de_alfabetización_de_las_personas_de_15_años_o_más,_desglosada_por_sexo_y_subpoblaciones<b><i>_[CENSO]_</i></b>",	20222,"San_Juan_Yaeé","2020","90.883191","100","99.019608","96.190476","70.517928","94.280079","87.728938","90.891473","100","90.865842","100","ND","ND","ND","100","ND","ND","100","90.767736","94.736842","100","60.655738","ND",
"Tasa_de_alfabetización_de_las_personas_de_15_años_o_más,_desglosada_por_sexo_y_subpoblaciones<b><i>_[CENSO]_</i></b>",	20223,"San_Juan_Yatzona","2020","92.948718","100","98.630137","97.931034","78.313253","95.522388","91.011236","93.114754","83.333333","92.926045","100","100","ND","ND","ND","ND","ND","75","93.159609","100","75","68.181818","ND",
"Tasa_de_alfabetización_de_las_personas_de_15_años_o_más,_desglosada_por_sexo_y_subpoblaciones<b><i>_[CENSO]_</i></b>",	20224,"San_Juan_Yucuita","2020","98.062016","100","100","99.186992","94.904459","99.574468","96.797153","87.5","100","98.054475","100","100","ND","ND","100","ND","ND","ND","98.189135","94.736842","ND","92.753623","ND",
"Tasa_de_alfabetización_de_las_personas_de_15_años_o_más,_desglosada_por_sexo_y_subpoblaciones<b><i>_[CENSO]_</i></b>",	20225,"San_Lorenzo","2020","75.806843","98.71134","95.041322","76.746667","34.720416","77.986437","73.911071","72.292191","80.365297","75.795869","100","100","ND","ND","100","ND","0","93.333333","75.464224","93.939394","93.333333","47.216495","ND",
"Tasa_de_alfabetización_de_las_personas_de_15_años_o_más,_desglosada_por_sexo_y_subpoblaciones<b><i>_[CENSO]_</i></b>",	20226,"San_Lorenzo_Albarradas","2020","90.818182","100","99.450549","92.911877","74.385246","92.65233","88.929889","90.669856","82.608696","90.809827","100","100","ND","ND","ND","ND","ND","100","90.588235","96.226415","100","63.448276","ND",
"Tasa_de_alfabetización_de_las_personas_de_15_años_o_más,_desglosada_por_sexo_y_subpoblaciones<b><i>_[CENSO]_</i></b>",	20227,"San_Lorenzo_Cacaotepec","2020","97.610848","99.802176","99.09579","98.534202","90.544554","98.3087","96.989831","92.633229","98.248408","97.684484","100","100","ND","ND","100","ND","33.333333","100","97.65504","99.669967","100","84.837963","ND",
"Tasa_de_alfabetización_de_las_personas_de_15_años_o_más,_desglosada_por_sexo_y_subpoblaciones<b><i>_[CENSO]_</i></b>",	20228,"San_Lorenzo_Cuaunecuiltitla","2020","73.782772","100","96.039604","74.898785","33.333333","79.087452","68.634686","71.663244","ND","73.782772","ND","ND","ND","ND","ND","ND","ND","100","73.128599","100","100","30.434783","ND",
"Tasa_de_alfabetización_de_las_personas_de_15_años_o_más,_desglosada_por_sexo_y_subpoblaciones<b><i>_[CENSO]_</i></b>",	20229,"San_Lorenzo_Texmelúcan","2020","74.688347","98.071979","91.823204","69.559413","20.857143","80.958439","70.034624","74.348397","75","74.688347","ND","ND","ND","ND","ND","ND","ND","100","74.545455","90","100","32.707775","ND",
"Tasa_de_alfabetización_de_las_personas_de_15_años_o_más,_desglosada_por_sexo_y_subpoblaciones<b><i>_[CENSO]_</i></b>",	20230,"San_Lorenzo_Victoria","2020","84.279476","100","99.206349","93.379791","62.23176","89.825581","78.717201","59.090909","100","84.25656","100","100","ND","ND","ND","ND","ND","100","83.72457","88.888889","100","57.462687","ND",
"Tasa_de_alfabetización_de_las_personas_de_15_años_o_más,_desglosada_por_sexo_y_subpoblaciones<b><i>_[CENSO]_</i></b>",	20231,"San_Lucas_Camotlán","2020","74.799644","100","90.707351","75.75431","24.517906","79.549719","70.508475","74.625511","84.615385","74.799644","ND","ND","ND","ND","ND","ND","ND","100","74.664279","100","100","27.272727","ND",
"Tasa_de_alfabetización_de_las_personas_de_15_años_o_más,_desglosada_por_sexo_y_subpoblaciones<b><i>_[CENSO]_</i></b>",	20232,"San_Lucas_Ojitlán","2020","84.971327","99.062049","97.558442","88.299156","47.453517","87.58427","82.660539","83.99462","87.5","84.973957","100","100","ND","ND","ND","ND","0","100","84.731903","99.5671","100","50.663544","ND",
"Tasa_de_alfabetización_de_las_personas_de_15_años_o_más,_desglosada_por_sexo_y_subpoblaciones<b><i>_[CENSO]_</i></b>",	20233,"San_Lucas_Quiaviní","2020","73.212996","98.701299","98.809524","78.52349","36.702128","83.123878","66.545894","73.625557","100","73.154848","100","100","ND","ND","ND","ND","ND","87.5","72.927366","100","87.5","33.035714","ND",
"Tasa_de_alfabetización_de_las_personas_de_15_años_o_más,_desglosada_por_sexo_y_subpoblaciones<b><i>_[CENSO]_</i></b>",	20234,"San_Lucas_Zoquiápam","2020","70.910624","98.945148","95.153774","73.469388","27.857829","78.178539","64.528899","69.905956","80","70.910624","ND","ND","ND","ND","ND","ND","ND","ND","70.024192","91.326531","ND","38.351254","ND",
"Tasa_de_alfabetización_de_las_personas_de_15_años_o_más,_desglosada_por_sexo_y_subpoblaciones<b><i>_[CENSO]_</i></b>",	20235,"San_Luis_Amatlán","2020","77.590007","98.584906","98.181818","84.349259","41.244573","86.623165","70.187166","80","75.789474","77.532228","100","100","ND","ND","100","ND","ND","96.153846","76.911197","89.423077","96.428571","47.005445","ND",
"Tasa_de_alfabetización_de_las_personas_de_15_años_o_más,_desglosada_por_sexo_y_subpoblaciones<b><i>_[CENSO]_</i></b>",	20236,"San_Marcial_Ozolotepec","2020","73.241061","97.590361","98.5","74.154589","29.411765","84.5953","64.256198","72.629052","33.333333","73.179191","100","100","ND","ND","ND","ND","ND","100","72.801876","100","100","36.666667","ND",
"Tasa_de_alfabetización_de_las_personas_de_15_años_o_más,_desglosada_por_sexo_y_subpoblaciones<b><i>_[CENSO]_</i></b>",	20237,"San_Marcos_Arteaga","2020","89.991446","100","97.628458","94.534413","75.581395","90.808824","89.28","70.27027","85.897436","89.974293","100","100","ND","ND","100","ND","ND","100","89.688889","96.551724","100","63.076923","ND",
"Tasa_de_alfabetización_de_las_personas_de_15_años_o_más,_desglosada_por_sexo_y_subpoblaciones<b><i>_[CENSO]_</i></b>",	20238,"San_Martín_de_los_Cansecos","2020","91.135734","100","98.895028","96.407186","68.553459","92.71137","89.709763","81.818182","92.45283","91.111111","100","100","ND","ND","ND","ND","ND","100","90.602056","100","100","68.867925","ND",
"Tasa_de_alfabetización_de_las_personas_de_15_años_o_más,_desglosada_por_sexo_y_subpoblaciones<b><i>_[CENSO]_</i></b>",	20239,"San_Martín_Huamelúlpam","2020","93.896104","100","99.230769","97.493036","83.77193","96.892655","91.346154","95.238095","100","93.896104","ND","ND","ND","ND","ND","ND","ND","100","93.444909","100","100","79.104478","ND",
"Tasa_de_alfabetización_de_las_personas_de_15_años_o_más,_desglosada_por_sexo_y_subpoblaciones<b><i>_[CENSO]_</i></b>",	20240,"San_Martín_Itunyoso","2020","69.553073","98.404255","95.729537","65.29745","18.263473","82.198953","60.136452","68.102932","50","69.399214","100","100","ND","ND","ND","ND","ND","100","68.925905","90.243902","100","24.675325","ND",
"Tasa_de_alfabetización_de_las_personas_de_15_años_o_más,_desglosada_por_sexo_y_subpoblaciones<b><i>_[CENSO]_</i></b>",	20241,"San_Martín_Lachilá","2020","84.536082","100","98.255814","94.378698","57.391304","91.761364","78.537736","75","86.956522","84.476067","100","100","ND","ND","100","ND","ND","100","84.281843","87.5","100","64.189189","ND",
"Tasa_de_alfabetización_de_las_personas_de_15_años_o_más,_desglosada_por_sexo_y_subpoblaciones<b><i>_[CENSO]_</i></b>",	20242,"San_Martín_Peras","2020","58.308565","94.825871","90.104948","48.184358","11.749347","68.073178","50.062298","57.91148","58.333333","57.672248","98.275862","98.214286","100","ND","100","ND","ND","79.354839","57.481314","72.340426","81.176471","18.78882","ND",
"Tasa_de_alfabetización_de_las_personas_de_15_años_o_más,_desglosada_por_sexo_y_subpoblaciones<b><i>_[CENSO]_</i></b>",	20243,"San_Martín_Tilcajete","2020","96.005416","98.666667","98.989899","98.58156","85.38206","97.321429","94.906832","100","100","96.00271","100","ND","ND","ND","100","ND","ND","100","95.905621","100","100","82.389937","ND",
"Tasa_de_alfabetización_de_las_personas_de_15_años_o_más,_desglosada_por_sexo_y_subpoblaciones<b><i>_[CENSO]_</i></b>",	20244,"San_Martín_Toxpalan","2020","88.644689","99.203187","97.60479","89.906832","69.024857","90.567485","86.886396","75.325978","94.230769","88.610394","50","0","ND","ND","100","ND","100","100","88.405797","94.059406","100","64.59854","ND",
"Tasa_de_alfabetización_de_las_personas_de_15_años_o_más,_desglosada_por_sexo_y_subpoblaciones<b><i>_[CENSO]_</i></b>",	20245,"San_Martín_Zacatepec","2020","81.216649","100","97.674419","90.647482","45.228216","86.123348","76.604555","75","ND","81.156317","100","100","ND","ND","ND","ND","ND","92.857143","80.361174","97.297297","92.857143","42.068966","ND",
"Tasa_de_alfabetización_de_las_personas_de_15_años_o_más,_desglosada_por_sexo_y_subpoblaciones<b><i>_[CENSO]_</i></b>",	20246,"San_Mateo_Cajonos","2020","85.227273","100","98.876404","88.942308","66.666667","90.594059","80.672269","84.577114","73.684211","85.159817","100","100","ND","ND","ND","ND","ND","66.666667","84.90566","100","75","64.705882","ND",
"Tasa_de_alfabetización_de_las_personas_de_15_años_o_más,_desglosada_por_sexo_y_subpoblaciones<b><i>_[CENSO]_</i></b>",	20247,"Capulálpam_de_Méndez","2020","98.321343","100","99.653979","98.954704","94.214876","99.085923","97.727273","95.294118","98.709677","98.310539","100","100","ND","ND","ND","ND","ND","100","98.352554","96.774194","100","94.545455","ND",
"Tasa_de_alfabetización_de_las_personas_de_15_años_o_más,_desglosada_por_sexo_y_subpoblaciones<b><i>_[CENSO]_</i></b>",	20248,"San_Mateo_del_Mar","2020","81.054949","98.765432","97.188476","83.253493","33.85976","87.536628","74.826356","80.933699","77.777778","81.054949","ND","ND","ND","ND","ND","ND","ND","100","80.920607","95","100","37.681159","ND",
"Tasa_de_alfabetización_de_las_personas_de_15_años_o_más,_desglosada_por_sexo_y_subpoblaciones<b><i>_[CENSO]_</i></b>",	20249,"San_Mateo_Yoloxochitlán","2020","83.378641","98.755187","94.887218","85.239254","52.06422","86.967632","80.371163","80.18591","92.727273","83.378641","ND","ND","ND","ND","ND","ND","ND","100","82.75154","94.202899","100","58.547009","ND",
"Tasa_de_alfabetización_de_las_personas_de_15_años_o_más,_desglosada_por_sexo_y_subpoblaciones<b><i>_[CENSO]_</i></b>",	20250,"San_Mateo_Etlatongo","2020","94.899044","100","99.107143","97.072072","83.076923","97.072072","92.957746","80","100","94.899044","ND","ND","ND","ND","ND","ND","ND","66.666667","94.949495","95.744681","66.666667","70.873786","ND",
"Tasa_de_alfabetización_de_las_personas_de_15_años_o_más,_desglosada_por_sexo_y_subpoblaciones<b><i>_[CENSO]_</i></b>",	20251,"San_Mateo_Nejápam","2020","77.083333","100","98.062016","83.174603","26.704545","82.010582","72.83105","75","85.714286","76.970443","100","100","ND","ND","ND","ND","ND","66.666667","76.636714","90.322581","66.666667","32.098765","ND",
"Tasa_de_alfabetización_de_las_personas_de_15_años_o_más,_desglosada_por_sexo_y_subpoblaciones<b><i>_[CENSO]_</i></b>",	20252,"San_Mateo_Peñasco","2020","78.632479","100","98.888889","83.247423","34.146341","88.783784","70.267261","76.434426","87.5","78.606357","100","100","ND","ND","ND","ND","ND","84.615385","78.21909","87.301587","85.714286","39.344262","ND",
"Tasa_de_alfabetización_de_las_personas_de_15_años_o_más,_desglosada_por_sexo_y_subpoblaciones<b><i>_[CENSO]_</i></b>",	20253,"San_Mateo_Piñas","2020","82.408027","98.780488","97.368421","87.553648","62.5","87.792208","76.689655","60.784314","100","82.408027","ND","ND","ND","ND","ND","ND","ND","100","82.241729","100","100","59.52381","ND",
"Tasa_de_alfabetización_de_las_personas_de_15_años_o_más,_desglosada_por_sexo_y_subpoblaciones<b><i>_[CENSO]_</i></b>",	20254,"San_Mateo_Río_Hondo","2020","87.085515","99.386503","98.761062","92.408622","58.350101","91.56845","82.926829","80.821918","83.333333","87.22467","100","100","ND","ND","100","ND","14.285714","100","87.189716","90.909091","100","57.843137","ND",
"Tasa_de_alfabetización_de_las_personas_de_15_años_o_más,_desglosada_por_sexo_y_subpoblaciones<b><i>_[CENSO]_</i></b>",	20255,"San_Mateo_Sindihui","2020","77.419355","100","96.176471","84.384858","34.304207","83.411581","72.354497","44.827586","68.965517","77.338129","100","100","ND","ND","100","ND","ND","100","76.997041","88.571429","100","39.02439","ND",
"Tasa_de_alfabetización_de_las_personas_de_15_años_o_más,_desglosada_por_sexo_y_subpoblaciones<b><i>_[CENSO]_</i></b>",	20256,"San_Mateo_Tlapiltepec","2020","91.666667","100","100","96.25","75","94.505495","88.764045","100","ND","91.666667","ND","ND","ND","ND","ND","ND","ND","ND","91.358025","94.444444","ND","72.222222","ND",
"Tasa_de_alfabetización_de_las_personas_de_15_años_o_más,_desglosada_por_sexo_y_subpoblaciones<b><i>_[CENSO]_</i></b>",	20257,"San_Melchor_Betaza","2020","76.243781","100","98.93617","84.848485","40.444444","80","73.041475","75.808538","75","76.243781","ND","ND","ND","ND","ND","ND","ND","100","75.944584","100","100","35.59322","ND",
"Tasa_de_alfabetización_de_las_personas_de_15_años_o_más,_desglosada_por_sexo_y_subpoblaciones<b><i>_[CENSO]_</i></b>",	20258,"San_Miguel_Achiutla","2020","91.866913","100","96.296296","97.816594","82.089552","92.996109","90.84507","84.615385","90.909091","91.866913","ND","ND","ND","ND","ND","ND","ND","100","91.485149","97.058824","100","76.923077","ND",
"Tasa_de_alfabetización_de_las_personas_de_15_años_o_más,_desglosada_por_sexo_y_subpoblaciones<b><i>_[CENSO]_</i></b>",	20259,"San_Miguel_Ahuehuetitlán","2020","65.400271","97.794118","96.011396","67.073171","26.392252","75.142857","56.589147","57.427717","ND","65.306122","100","100","ND","ND","ND","ND","ND","95.652174","64.153627","88.888889","95.652174","34.8","ND",
"Tasa_de_alfabetización_de_las_personas_de_15_años_o_más,_desglosada_por_sexo_y_subpoblaciones<b><i>_[CENSO]_</i></b>",	20260,"San_Miguel_Aloápam","2020","81.423174","100","96.588486","79.027356","59.482759","90.88359","73.714286","81.326465","100","81.349459","100","100","ND","ND","100","ND","0","100","81.103896","84.615385","100","50","ND",
"Tasa_de_alfabetización_de_las_personas_de_15_años_o_más,_desglosada_por_sexo_y_subpoblaciones<b><i>_[CENSO]_</i></b>",	20261,"San_Miguel_Amatitlán","2020","80.732759","98.623853","97.42268","86.576819","39.051463","84.376428","77.47858","62.732095","78.26087","80.707812","100","100","ND","ND","ND","ND","100","95.652174","80.475457","91.891892","95.652174","42.55814","ND",
"Tasa_de_alfabetización_de_las_personas_de_15_años_o_más,_desglosada_por_sexo_y_subpoblaciones<b><i>_[CENSO]_</i></b>",	20262,"San_Miguel_Amatlán","2020","97.372061","100","100","97.947214","92.771084","97.640118","97.135417","95.689655","ND","97.361111","100","100","ND","ND","ND","ND","ND","100","97.258297","100","100","85.185185","ND",
"Tasa_de_alfabetización_de_las_personas_de_15_años_o_más,_desglosada_por_sexo_y_subpoblaciones<b><i>_[CENSO]_</i></b>",	20263,"San_Miguel_Coatlán","2020","78.728489","97.737557","98","85.088634","30.339806","84.663212","73.64685","41.909814","73.333333","78.708134","100","100","ND","ND","ND","ND","ND","90","78.017026","94.117647","90","43.877551","ND",
"Tasa_de_alfabetización_de_las_personas_de_15_años_o_más,_desglosada_por_sexo_y_subpoblaciones<b><i>_[CENSO]_</i></b>",	20264,"San_Miguel_Chicahua","2020","77.479339","99.130435","98.905109","89.699571","31.043956","85.924714","71.343639","75.060533","75","77.517241","100","100","ND","ND","ND","ND","0","100","76.994302","91.666667","100","41.025641","ND",
"Tasa_de_alfabetización_de_las_personas_de_15_años_o_más,_desglosada_por_sexo_y_subpoblaciones<b><i>_[CENSO]_</i></b>",	20265,"San_Miguel_Chimalapa","2020","81.558208","99.724518","98.157625","86.374352","47.857143","86.50722","76.629213","69.753425","82.758621","81.541582","100","100","ND","ND","ND","ND","ND","100","81.099258","96.694215","100","52.043011","ND",
"Tasa_de_alfabetización_de_las_personas_de_15_años_o_más,_desglosada_por_sexo_y_subpoblaciones<b><i>_[CENSO]_</i></b>",	20266,"San_Miguel_del_Puerto","2020","84.371443","98.619329","98.288973","87.090301","49.627561","89.48959","79.564806","62.373737","87.272727","84.399935","83.333333","100","ND","ND","100","0","0","96","84.209659","100","96","58.2846","ND",
"Tasa_de_alfabetización_de_las_personas_de_15_años_o_más,_desglosada_por_sexo_y_subpoblaciones<b><i>_[CENSO]_</i></b>",	20267,"San_Miguel_del_Río","2020","96.891192","100","100","100","88","97.979798","95.744681","97.333333","83.333333","96.875","100","100","ND","ND","ND","ND","ND","100","96.756757","100","100","83.333333","ND",
"Tasa_de_alfabetización_de_las_personas_de_15_años_o_más,_desglosada_por_sexo_y_subpoblaciones<b><i>_[CENSO]_</i></b>",	20268,"San_Miguel_Ejutla","2020","89.242054","100","98.514851","93.622449","62.5","92.162162","86.830357","76.470588","84.04908","89.108911","100","100","ND","ND","ND","ND","ND","100","88.845655","94.117647","100","60","ND",
"Tasa_de_alfabetización_de_las_personas_de_15_años_o_más,_desglosada_por_sexo_y_subpoblaciones<b><i>_[CENSO]_</i></b>",	20269,"San_Miguel_el_Grande","2020","88.286878","98.623853","98.810939","95.994278","58.559783","95.416667","82.43012","83.052578","97.979798","88.27044","92.307692","91.666667","ND","ND","100","ND","ND","100","88.082058","92.23301","100","58.293839","ND",
"Tasa_de_alfabetización_de_las_personas_de_15_años_o_más,_desglosada_por_sexo_y_subpoblaciones<b><i>_[CENSO]_</i></b>",	20270,"San_Miguel_Huautla","2020","79.493088","92","98.69281","92.140921","47.97048","85.677083","74.586777","69.849246","91.176471","79.861111","ND","ND","ND","ND","ND","ND","0","100","79.737783","83.333333","100","46.610169","ND",
"Tasa_de_alfabetización_de_las_personas_de_15_años_o_más,_desglosada_por_sexo_y_subpoblaciones<b><i>_[CENSO]_</i></b>",	20271,"San_Miguel_Mixtepec","2020","77.929023","99.53271","97.810219","77.461447","21.269841","84.473953","71.985158","77.370351","76.923077","77.956204","100","100","ND","ND","ND","ND","0","100","77.49004","96.969697","100","31.428571","ND",
"Tasa_de_alfabetización_de_las_personas_de_15_años_o_más,_desglosada_por_sexo_y_subpoblaciones<b><i>_[CENSO]_</i></b>",	20272,"San_Miguel_Panixtlahuaca","2020","74.954675","97.860963","96.816479","71.960168","23.679061","80.129032","71.484206","74.712013","71.561772","74.941452","100","100","ND","ND","ND","ND","0","92.198582","74.031642","100","92.198582","33.333333","ND",
"Tasa_de_alfabetización_de_las_personas_de_15_años_o_más,_desglosada_por_sexo_y_subpoblaciones<b><i>_[CENSO]_</i></b>",	20273,"San_Miguel_Peras","2020","85.645356","99.319728","98.225806","90.322581","45.305164","90.33101","81.628081","72.865014","81.481481","85.622231","100","100","ND","ND","ND","ND","ND","100","85.491163","91.111111","100","59.929078","ND",
"Tasa_de_alfabetización_de_las_personas_de_15_años_o_más,_desglosada_por_sexo_y_subpoblaciones<b><i>_[CENSO]_</i></b>",	20274,"San_Miguel_Piedras","2020","94.748124","100","96.067416","97.488584","86.695279","96.774194","92.985972","95.276873","100","94.742489","100","100","ND","ND","ND","ND","ND","100","94.719472","95","100","79.411765","ND",
"Tasa_de_alfabetización_de_las_personas_de_15_años_o_más,_desglosada_por_sexo_y_subpoblaciones<b><i>_[CENSO]_</i></b>",	20275,"San_Miguel_Quetzaltepec","2020","70.520008","95.755968","91.439114","68.713336","32.918552","78.220612","63.406471","70.592839","100","70.527944","50","50","ND","ND","ND","ND","ND","92.307692","70.446602","80","92.307692","40.789474","ND",
"Tasa_de_alfabetización_de_las_personas_de_15_años_o_más,_desglosada_por_sexo_y_subpoblaciones<b><i>_[CENSO]_</i></b>",	20276,"San_Miguel_Santa_Flor","2020","57.575758","100","95.555556","65.587045","21.052632","59.107807","55.984556","43.943662","53.153153","57.575758","ND","ND","ND","ND","ND","ND","ND","ND","55.578093","85.714286","ND","30.666667","ND",
"Tasa_de_alfabetización_de_las_personas_de_15_años_o_más,_desglosada_por_sexo_y_subpoblaciones<b><i>_[CENSO]_</i></b>",	20277,"Villa_Sola_de_Vega","2020","85.510966","99.300699","98.191214","90.103896","51.691395","88.242544","83.056478","84.517304","98.039216","85.488775","100","100","100","ND","ND","ND","50","100","85.334283","93.333333","100","53.691275","ND",
"Tasa_de_alfabetización_de_las_personas_de_15_años_o_más,_desglosada_por_sexo_y_subpoblaciones<b><i>_[CENSO]_</i></b>",	20278,"San_Miguel_Soyaltepec","2020","82.607714","98.631387","95.97195","85.520095","49.416755","85.685964","79.828142","78.066568","87.096774","82.608696","100","100","100","ND","100","ND","0","93.617021","82.209542","96.052632","93.617021","53.896779","ND",
"Tasa_de_alfabetización_de_las_personas_de_15_años_o_más,_desglosada_por_sexo_y_subpoblaciones<b><i>_[CENSO]_</i></b>",	20279,"San_Miguel_Suchixtepec","2020","84.464202","100","99.174917","89.722508","40.419948","89.50555","80.104712","80.449591","33.333333","84.449649","100","100","ND","ND","ND","ND","ND","100","84.398496","100","100","46.206897","ND",
"Tasa_de_alfabetización_de_las_personas_de_15_años_o_más,_desglosada_por_sexo_y_subpoblaciones<b><i>_[CENSO]_</i></b>",	20280,"Villa_Talea_de_Castro","2020","93.225806","100","96.747967","95.131579","86.111111","94.721826","91.990577","90.909091","100","93.208279","100","100","ND","ND","ND","ND","ND","100","93.004664","100","100","86","ND",
"Tasa_de_alfabetización_de_las_personas_de_15_años_o_más,_desglosada_por_sexo_y_subpoblaciones<b><i>_[CENSO]_</i></b>",	20281,"San_Miguel_Tecomatlán","2020","94.047619","91.666667","96.875","96.190476","91.262136","96.747967","91.472868","66.666667","100","94.047619","ND","ND","ND","ND","ND","ND","ND","100","94.170404","91.304348","100","88","ND",
"Tasa_de_alfabetización_de_las_personas_de_15_años_o_más,_desglosada_por_sexo_y_subpoblaciones<b><i>_[CENSO]_</i></b>",	20282,"San_Miguel_Tenango","2020","88.594705","100","97.849462","95.294118","65.57377","92.913386","83.966245","84.210526","100","88.594705","ND","ND","ND","ND","ND","ND","ND","100","88.421053","92.307692","100","71.428571","ND",
"Tasa_de_alfabetización_de_las_personas_de_15_años_o_más,_desglosada_por_sexo_y_subpoblaciones<b><i>_[CENSO]_</i></b>",	20283,"San_Miguel_Tequixtepec","2020","93.75","100","98.657718","96.932515","84.782609","94.602273","93","100","100","93.75","ND","ND","ND","ND","ND","ND","ND","ND","93.653032","95.348837","ND","74.390244","ND",
"Tasa_de_alfabetización_de_las_personas_de_15_años_o_más,_desglosada_por_sexo_y_subpoblaciones<b><i>_[CENSO]_</i></b>",	20284,"San_Miguel_Tilquiápam","2020","64.744802","97.883598","93.761815","65.543478","17.991632","72.894168","58.403361","63.640898","72.727273","64.775414","ND","ND","ND","ND","ND","ND","0","100","63.766683","86.516854","100","25.465839","ND",
"Tasa_de_alfabetización_de_las_personas_de_15_años_o_más,_desglosada_por_sexo_y_subpoblaciones<b><i>_[CENSO]_</i></b>",	20285,"San_Miguel_Tlacamama","2020","85.317919","99.435028","97.609001","88.350274","50","87.642276","83.223443","67.887324","87.630208","85.306595","100","100","ND","ND","100","ND","ND","100","85.084612","95.555556","100","53.759398","ND",
"Tasa_de_alfabetización_de_las_personas_de_15_años_o_más,_desglosada_por_sexo_y_subpoblaciones<b><i>_[CENSO]_</i></b>",	20286,"San_Miguel_Tlacotepec","2020","79.514942","100","98.015873","88.767396","45.820433","84.659636","75.276461","48.793566","85.714286","79.372002","100","100","ND","ND","ND","ND","ND","76.744186","79.446461","83.050847","78.26087","45.751634","ND",
"Tasa_de_alfabetización_de_las_personas_de_15_años_o_más,_desglosada_por_sexo_y_subpoblaciones<b><i>_[CENSO]_</i></b>",	20287,"San_Miguel_Tulancingo","2020","89.243028","100","100","100","71.578947","96.330275","83.802817","70","92.857143","89.243028","ND","ND","ND","ND","ND","ND","ND","ND","89.07563","92.307692","ND","56.363636","ND",
"Tasa_de_alfabetización_de_las_personas_de_15_años_o_más,_desglosada_por_sexo_y_subpoblaciones<b><i>_[CENSO]_</i></b>",	20288,"San_Miguel_Yotao","2020","92.325581","100","96.8","97","69.736842","96.954315","88.412017","92.857143","75","92.325581","ND","ND","ND","ND","ND","ND","ND","ND","92.216981","100","ND","62.162162","ND",
"Tasa_de_alfabetización_de_las_personas_de_15_años_o_más,_desglosada_por_sexo_y_subpoblaciones<b><i>_[CENSO]_</i></b>",	20289,"San_Nicolás","2020","83.161512","98","98.181818","93.370166","51.037344","89.002558","78.423237","50","ND","83.084005","100","100","ND","ND","ND","ND","ND","100","82.803298","94.444444","100","50.666667","ND",
"Tasa_de_alfabetización_de_las_personas_de_15_años_o_más,_desglosada_por_sexo_y_subpoblaciones<b><i>_[CENSO]_</i></b>",	20290,"San_Nicolás_Hidalgo","2020","85.329744","98.412698","97.191011","91.875","57.692308","86.894587","83.928571","100","94.230769","85.210312","100","100","ND","ND","ND","ND","ND","88.888889","85.185185","100","88.888889","62.184874","ND",
"Tasa_de_alfabetización_de_las_personas_de_15_años_o_más,_desglosada_por_sexo_y_subpoblaciones<b><i>_[CENSO]_</i></b>",	20291,"San_Pablo_Coatlán","2020","91.736648","99.668874","98.179272","93.84273","75.693312","94.75891","88.939198","81.034483","100","91.733871","100","100","ND","ND","ND","ND","ND","100","91.663808","94.117647","100","74.468085","ND",
"Tasa_de_alfabetización_de_las_personas_de_15_años_o_más,_desglosada_por_sexo_y_subpoblaciones<b><i>_[CENSO]_</i></b>",	20292,"San_Pablo_Cuatro_Venados","2020","88.130564","100","97.902098","94.919169","49.726776","93.670886","83.240223","77.777778","83.333333","88.095238","100","100","ND","ND","ND","ND","ND","100","87.891019","100","100","58.461538","ND",
"Tasa_de_alfabetización_de_las_personas_de_15_años_o_más,_desglosada_por_sexo_y_subpoblaciones<b><i>_[CENSO]_</i></b>",	20293,"San_Pablo_Etla","2020","98.242787","99.680511","99.316087","98.961986","91.942536","98.757764","97.809187","95.159059","97.959184","98.230294","100","100","ND","100","100","ND","100","100","98.2","99.16318","100","88.068182","ND",
"Tasa_de_alfabetización_de_las_personas_de_15_años_o_más,_desglosada_por_sexo_y_subpoblaciones<b><i>_[CENSO]_</i></b>",	20294,"San_Pablo_Huitzo","2020","96.828078","99.685535","99.21936","98.351859","89.732143","97.269076","96.441156","83.108108","97.959184","96.814926","100","100","ND","ND","100","ND","100","100","96.752739","98.324022","100","85.571142","ND",
"Tasa_de_alfabetización_de_las_personas_de_15_años_o_más,_desglosada_por_sexo_y_subpoblaciones<b><i>_[CENSO]_</i></b>",	20295,"San_Pablo_Huixtepec","2020","93.714972","99.595142","99.247312","97.305556","76.753247","95.531366","92.130902","86.666667","93.641618","93.67259","98.484848","98.333333","100","ND","100","ND","ND","94.285714","93.63599","97.580645","94.936709","72.100313","ND",
"Tasa_de_alfabetización_de_las_personas_de_15_años_o_más,_desglosada_por_sexo_y_subpoblaciones<b><i>_[CENSO]_</i></b>",	20296,"San_Pablo_Macuiltianguis","2020","88.679245","94.117647","98.571429","93.092105","77.651515","91.184573","86.279683","87.72242","100","88.663968","100","100","ND","ND","ND","ND","ND","100","88.488211","85.714286","100","65.6","ND",
"Tasa_de_alfabetización_de_las_personas_de_15_años_o_más,_desglosada_por_sexo_y_subpoblaciones<b><i>_[CENSO]_</i></b>",	20297,"San_Pablo_Tijaltepec","2020","83.02603","99.516908","99.429658","85.251799","32.851986","92.796093","75.219512","82.468997","86.666667","82.819383","96.428571","96.428571","ND","ND","ND","ND","ND","98.823529","82.055749","90.322581","98.901099","39.473684","ND",
"Tasa_de_alfabetización_de_las_personas_de_15_años_o_más,_desglosada_por_sexo_y_subpoblaciones<b><i>_[CENSO]_</i></b>",	20298,"San_Pablo_Villa_de_Mitla","2020","92.191956","99.121523","98.313659","95.590218","72.982821","94.849429","89.802017","86.571965","94.964029","92.139954","100","100","100","ND","100","ND","50","98.245614","91.987799","98.393574","98.795181","71.208531","ND",
"Tasa_de_alfabetización_de_las_personas_de_15_años_o_más,_desglosada_por_sexo_y_subpoblaciones<b><i>_[CENSO]_</i></b>",	20299,"San_Pablo_Yaganiza","2020","90.742996","100","98.930481","96.829268","64.117647","93.103448","88.738739","90.343915","100","90.731707","100","100","ND","ND","ND","ND","ND","87.5","90.601504","100","87.5","61.904762","ND",
"Tasa_de_alfabetización_de_las_personas_de_15_años_o_más,_desglosada_por_sexo_y_subpoblaciones<b><i>_[CENSO]_</i></b>",	20300,"San_Pedro_Amuzgos","2020","82.191201","99.287411","96.710526","85.707945","43.078759","85.893855","79.108527","79.72973","88.106796","82.178428","100","100","ND","ND","ND","ND","0","95","81.984503","95.081967","95","46.484375","ND",
"Tasa_de_alfabetización_de_las_personas_de_15_años_o_más,_desglosada_por_sexo_y_subpoblaciones<b><i>_[CENSO]_</i></b>",	20301,"San_Pedro_Apóstol","2020","91.014015","98.412698","99.272727","95.036765","76.132931","93.248175","89.172932","82.352941","97.959184","91.007494","91.666667","100","0","ND","ND","ND","ND","85.714286","90.831919","100","85.714286","73.015873","ND",
"Tasa_de_alfabetización_de_las_personas_de_15_años_o_más,_desglosada_por_sexo_y_subpoblaciones<b><i>_[CENSO]_</i></b>",	20302,"San_Pedro_Atoyac","2020","77.07563","99.053628","98.606272","75.527108","27.078891","77.887538","76.431585","75.765416","82.142857","77.07563","ND","ND","ND","ND","ND","ND","ND","100","76.881356","100","100","31.884058","ND",
"Tasa_de_alfabetización_de_las_personas_de_15_años_o_más,_desglosada_por_sexo_y_subpoblaciones<b><i>_[CENSO]_</i></b>",	20303,"San_Pedro_Cajonos","2020","91.604938","100","100","97.593583","76.305221","95.238095","88.741722","90.945946","100","91.604938","ND","ND","ND","ND","ND","ND","ND","100","91.446541","100","100","67.79661","ND",
"Tasa_de_alfabetización_de_las_personas_de_15_años_o_más,_desglosada_por_sexo_y_subpoblaciones<b><i>_[CENSO]_</i></b>",	20304,"San_Pedro_Coxcaltepec_Cántaros","2020","91.433892","100","100","96.170213","79.891304","96.680498","87.162162","80.769231","100","91.433892","ND","ND","ND","ND","ND","ND","ND","ND","91.320755","100","ND","62.222222","ND",
"Tasa_de_alfabetización_de_las_personas_de_15_años_o_más,_desglosada_por_sexo_y_subpoblaciones<b><i>_[CENSO]_</i></b>",	20305,"San_Pedro_Comitancillo","2020","93.433895","99.111111","98.934551","97.335702","79.259259","95.397226","91.699164","89.8641","97.222222","93.459603","50","100","ND","ND","0","ND","ND","100","93.382353","94.642857","100","76.285714","ND",
"Tasa_de_alfabetización_de_las_personas_de_15_años_o_más,_desglosada_por_sexo_y_subpoblaciones<b><i>_[CENSO]_</i></b>",	20306,"San_Pedro_el_Alto","2020","76.452703","99.399399","97.181373","75.67175","22.35023","84.002819","69.500324","74.161897","61.111111","76.436782","100","100","ND","ND","ND","ND","ND","90.47619","76.18394","96","90.47619","42.995169","ND",
"Tasa_de_alfabetización_de_las_personas_de_15_años_o_más,_desglosada_por_sexo_y_subpoblaciones<b><i>_[CENSO]_</i></b>",	20307,"San_Pedro_Huamelula","2020","89.094477","98.252427","98.108449","94.899135","64.043506","93.220339","85.16288","81.659056","92.592593","89.10544","100","100","ND","ND","ND","ND","0","96.774194","88.847316","99.337748","96.774194","59.837728","ND",
"Tasa_de_alfabetización_de_las_personas_de_15_años_o_más,_desglosada_por_sexo_y_subpoblaciones<b><i>_[CENSO]_</i></b>",	20308,"San_Pedro_Huilotepec","2020","90.012696","98.809524","98.324958","91.463415","67.663043","94.390027","86.048387","83.933934","90.909091","90.008467","100","ND","100","ND","ND","ND","ND","100","89.813611","98.113208","100","63.815789","ND",
"Tasa_de_alfabetización_de_las_personas_de_15_años_o_más,_desglosada_por_sexo_y_subpoblaciones<b><i>_[CENSO]_</i></b>",	20309,"San_Pedro_Ixcatlán","2020","78.241758","97.905759","95.726496","81.326197","42.982456","83.421462","73.628809","76.651406","80.299786","78.23538","100","100","100","ND","ND","ND","ND","100","77.832586","98.507463","100","50.181159","ND",
"Tasa_de_alfabetización_de_las_personas_de_15_años_o_más,_desglosada_por_sexo_y_subpoblaciones<b><i>_[CENSO]_</i></b>",	20310,"San_Pedro_Ixtlahuaca","2020","94.485441","99.073001","99.113838","95.563664","71.875","96.313364","92.824515","89.92572","92.885375","94.468894","100","100","ND","ND","100","ND","100","100","94.39185","96.825397","100","77.642276","ND",
"Tasa_de_alfabetización_de_las_personas_de_15_años_o_más,_desglosada_por_sexo_y_subpoblaciones<b><i>_[CENSO]_</i></b>",	20311,"San_Pedro_Jaltepetongo","2020","73.94958","100","100","93.877551","42.068966","88.068182","60.220994","72.205438","100","73.94958","ND","ND","ND","ND","ND","ND","ND","ND","73.352436","100","ND","37.931034","ND",
"Tasa_de_alfabetización_de_las_personas_de_15_años_o_más,_desglosada_por_sexo_y_subpoblaciones<b><i>_[CENSO]_</i></b>",	20312,"San_Pedro_Jicayán","2020","80.435076","99.087353","98.045603","86.744464","33.655172","82.478506","78.723932","79.903678","87.103594","80.411255","100","100","ND","ND","ND","ND","ND","100","80.036096","94.444444","100","50.749712","ND",
"Tasa_de_alfabetización_de_las_personas_de_15_años_o_más,_desglosada_por_sexo_y_subpoblaciones<b><i>_[CENSO]_</i></b>",	20313,"San_Pedro_Jocotipac","2020","74.706868","100","98.989899","86.328125","44.976077","81.454545","68.944099","66.504854","100","74.66443","100","ND","ND","ND","100","ND","ND","100","74.182444","93.333333","100","37.179487","ND",
"Tasa_de_alfabetización_de_las_personas_de_15_años_o_más,_desglosada_por_sexo_y_subpoblaciones<b><i>_[CENSO]_</i></b>",	20314,"San_Pedro_Juchatengo","2020","91.3273","100","99.022801","95.147059","67.886179","94.389439","88.75","68.965517","100","91.307634","100","100","ND","ND","100","ND","ND","100","91.264368","93.333333","100","69.465649","ND",
"Tasa_de_alfabetización_de_las_personas_de_15_años_o_más,_desglosada_por_sexo_y_subpoblaciones<b><i>_[CENSO]_</i></b>",	20315,"San_Pedro_Mártir","2020","90.169993","100","98.601399","95.14867","71.176471","94.26087","87.14653","85.995086","91.304348","90.15544","100","100","ND","ND","ND","ND","ND","93.75","90","100","93.75","62.5","ND",
"Tasa_de_alfabetización_de_las_personas_de_15_años_o_más,_desglosada_por_sexo_y_subpoblaciones<b><i>_[CENSO]_</i></b>",	20316,"San_Pedro_Mártir_Quiechapa","2020","95.826087","100","98.701299","96.610169","89.312977","96.254682","95.454545","92.957746","100","96.140351","100","100","ND","ND","100","ND","0","100","95.948435","100","100","85.148515","ND",
"Tasa_de_alfabetización_de_las_personas_de_15_años_o_más,_desglosada_por_sexo_y_subpoblaciones<b><i>_[CENSO]_</i></b>",	20317,"San_Pedro_Mártir_Yucuxaco","2020","95.785037","100","98.95288","98.41629","86.521739","97.235023","94.563107","100","92.307692","95.780591","100","100","ND","ND","ND","ND","ND","100","95.704846","96.296296","100","80.745342","ND",
"Tasa_de_alfabetización_de_las_personas_de_15_años_o_más,_desglosada_por_sexo_y_subpoblaciones<b><i>_[CENSO]_</i></b>",	20318,"San_Pedro_Mixtepec_-Dto._22_-","2020","91.748221","98.735549","98.621176","93.393069","66.821444","93.667546","90.017448","80.564972","93.800046","91.7106","99.322034","100","66.666667","100","100","ND","23.076923","96.103896","91.543566","98.04287","97.272727","66.267199","ND",
"Tasa_de_alfabetización_de_las_personas_de_15_años_o_más,_desglosada_por_sexo_y_subpoblaciones<b><i>_[CENSO]_</i></b>",	20319,"San_Pedro_Mixtepec_-Dto._26_-","2020","82.402235","100","96.855346","94.043887","45.454545","90.825688","75.321337","82.24163","ND","82.402235","ND","ND","ND","ND","ND","ND","ND","ND","82.377622","100","ND","42.647059","ND",
"Tasa_de_alfabetización_de_las_personas_de_15_años_o_más,_desglosada_por_sexo_y_subpoblaciones<b><i>_[CENSO]_</i></b>",	20320,"San_Pedro_Molinos","2020","85.931559","100","100","94.954128","62.721893","92.79661","80.344828","81.538462","87.5","85.877863","100","100","ND","ND","ND","ND","ND","100","85.050505","100","100","61.22449","ND",
"Tasa_de_alfabetización_de_las_personas_de_15_años_o_más,_desglosada_por_sexo_y_subpoblaciones<b><i>_[CENSO]_</i></b>",	20321,"San_Pedro_Nopala","2020","84.761905","100","99.137931","96.744186","53.246753","92.031873","78.10219","100","100","84.761905","ND","ND","ND","ND","ND","ND","ND","100","84.325397","94.117647","100","58.974359","ND",
"Tasa_de_alfabetización_de_las_personas_de_15_años_o_más,_desglosada_por_sexo_y_subpoblaciones<b><i>_[CENSO]_</i></b>",	20322,"San_Pedro_Ocopetatillo","2020","63.58885","100","92.307692","73.308271","21.212121","70","58.641975","62.929476","ND","63.58885","ND","ND","ND","ND","ND","ND","ND","ND","63.13933","100","ND","26.666667","ND",
"Tasa_de_alfabetización_de_las_personas_de_15_años_o_más,_desglosada_por_sexo_y_subpoblaciones<b><i>_[CENSO]_</i></b>",	20323,"San_Pedro_Ocotepec","2020","80.506478","97.580645","97.89675","83.668005","35.855263","85.781991","75.29274","80.373269","50","80.506478","ND","ND","ND","ND","ND","ND","ND","ND","80.471976","100","ND","55","ND",
"Tasa_de_alfabetización_de_las_personas_de_15_años_o_más,_desglosada_por_sexo_y_subpoblaciones<b><i>_[CENSO]_</i></b>",	20324,"San_Pedro_Pochutla","2020","87.699276","98.750473","98.063273","90.640939","53.370356","90.847873","84.787409","72.795805","91.738066","87.64892","99.386503","100","ND","ND","98.837209","ND","62.5","95.625","87.500376","97.701149","96.354167","55.661802","ND",
"Tasa_de_alfabetización_de_las_personas_de_15_años_o_más,_desglosada_por_sexo_y_subpoblaciones<b><i>_[CENSO]_</i></b>",	20325,"San_Pedro_Quiatoni","2020","79.373368","98.937785","97.565923","80.476673","33.65243","83.645782","75.411711","79.337732","75.862069","79.37092","ND","ND","ND","ND","ND","ND","100","98.461538","79.014136","100","98.461538","42.709677","ND",
"Tasa_de_alfabetización_de_las_personas_de_15_años_o_más,_desglosada_por_sexo_y_subpoblaciones<b><i>_[CENSO]_</i></b>",	20326,"San_Pedro_Sochiápam","2020","76.535627","99.673203","96.08802","79.750983","30.363036","82.216495","71.361502","75.59311","61.111111","76.528418","100","100","ND","ND","ND","ND","ND","100","75.686901","96.938776","100","42.895442","ND",
"Tasa_de_alfabetización_de_las_personas_de_15_años_o_más,_desglosada_por_sexo_y_subpoblaciones<b><i>_[CENSO]_</i></b>",	20327,"San_Pedro_Tapanatepec","2020","85.732346","97.60101","96.164831","89.363268","62.911973","86.671603","84.8378","72.762646","90.410959","85.716875","93.548387","100","100","ND","87.5","ND","77.777778","90.625","85.260727","93.238994","92.5","63.130881","ND",
"Tasa_de_alfabetización_de_las_personas_de_15_años_o_más,_desglosada_por_sexo_y_subpoblaciones<b><i>_[CENSO]_</i></b>",	20328,"San_Pedro_Taviche","2020","88.433982","98.837209","99.692308","90.660592","44.88189","94.267516","83.003953","ND","100","88.433982","ND","ND","ND","ND","ND","ND","ND","100","88.398357","100","100","56","ND",
"Tasa_de_alfabetización_de_las_personas_de_15_años_o_más,_desglosada_por_sexo_y_subpoblaciones<b><i>_[CENSO]_</i></b>",	20329,"San_Pedro_Teozacoalco","2020","88.284024","100","98.255814","93.89313","67.857143","91.727494","85.023041","90","90.909091","88.270142","100","100","ND","ND","ND","ND","ND","100","87.752525","95.833333","100","70.542636","ND",
"Tasa_de_alfabetización_de_las_personas_de_15_años_o_más,_desglosada_por_sexo_y_subpoblaciones<b><i>_[CENSO]_</i></b>",	20330,"San_Pedro_Teutila","2020","85.629532","99.555556","97.475962","87.997108","58.249158","87.84605","83.515776","66.932271","86.363636","85.620053","100","100","ND","ND","ND","ND","ND","100","84.880083","99.285714","100","69.487751","ND",
"Tasa_de_alfabetización_de_las_personas_de_15_años_o_más,_desglosada_por_sexo_y_subpoblaciones<b><i>_[CENSO]_</i></b>",	20331,"San_Pedro_Tidaá","2020","80.555556","100","97.674419","93.52518","55.762082","87.97654","73.878628","65.814696","66.666667","80.474198","100","100","ND","ND","ND","ND","ND","100","79.545455","90.909091","100","55.128205","ND",
"Tasa_de_alfabetización_de_las_personas_de_15_años_o_más,_desglosada_por_sexo_y_subpoblaciones<b><i>_[CENSO]_</i></b>",	20332,"San_Pedro_Topiltepec","2020","95.379538","100","100","97.058824","91.791045","98.571429","92.638037","100","100","95.379538","ND","ND","ND","ND","ND","ND","ND","ND","95","100","ND","81.818182","ND",
"Tasa_de_alfabetización_de_las_personas_de_15_años_o_más,_desglosada_por_sexo_y_subpoblaciones<b><i>_[CENSO]_</i></b>",	20333,"San_Pedro_Totolápam","2020","91.860465","100","97.76","96.482412","72.368421","93.134822","90.661479","87.956204","94.642857","91.962843","100","100","ND","ND","100","ND","0","100","91.818182","100","100","68.512111","ND",
"Tasa_de_alfabetización_de_las_personas_de_15_años_o_más,_desglosada_por_sexo_y_subpoblaciones<b><i>_[CENSO]_</i></b>",	20334,"Villa_de_Tututepec_de_Melchor_Ocampo","2020","86.888735","98.819742","97.484993","89.541924","57.545498","88.495472","85.427772","65.866209","87.644342","86.830841","100","100","100","100","100","ND","44.444444","97.260274","86.567635","95.163105","97.474747","63.063691","ND",
"Tasa_de_alfabetización_de_las_personas_de_15_años_o_más,_desglosada_por_sexo_y_subpoblaciones<b><i>_[CENSO]_</i></b>",	20335,"San_Pedro_Yaneri","2020","85.783522","100","100","84.66899","60.714286","90.102389","81.90184","85.548173","100","85.737439","100","100","ND","ND","ND","ND","ND","100","85.597381","100","100","62.5","ND",
"Tasa_de_alfabetización_de_las_personas_de_15_años_o_más,_desglosada_por_sexo_y_subpoblaciones<b><i>_[CENSO]_</i></b>",	20336,"San_Pedro_Yólox","2020","79.280688","100","97.222222","90.03268","44.692737","86.677632","72.578241","79.55298","83.72093","78.934817","100","100","ND","ND","ND","ND","ND","100","78.437754","100","100","47.02381","ND",
"Tasa_de_alfabetización_de_las_personas_de_15_años_o_más,_desglosada_por_sexo_y_subpoblaciones<b><i>_[CENSO]_</i></b>",	20337,"San_Pedro_y_San_Pablo_Ayutla","2020","64.022663","94.067797","91.98895","70.307355","20.956256","68.724036","60.418562","60.466456","77.483444","64.004123","100","100","ND","ND","ND","ND","ND","100","63.266932","89.908257","100","46.566524","ND",
"Tasa_de_alfabetización_de_las_personas_de_15_años_o_más,_desglosada_por_sexo_y_subpoblaciones<b><i>_[CENSO]_</i></b>",	20338,"Villa_de_Etla","2020","96.62734","98.993964","99.211823","97.552977","88.905891","97.431738","95.901439","87.977528","96.629213","96.679109","100","100","ND","ND","100","ND","16.666667","100","96.692581","95.882353","100","85.459184","ND",
"Tasa_de_alfabetización_de_las_personas_de_15_años_o_más,_desglosada_por_sexo_y_subpoblaciones<b><i>_[CENSO]_</i></b>",	20339,"San_Pedro_y_San_Pablo_Teposcolula","2020","96.313507","99.078341","99.184783","97.453416","89.473684","96.733333","95.949074","94.642857","96.511628","96.331986","100","100","ND","ND","100","ND","50","100","96.320964","96.774194","100","82.374101","ND",
"Tasa_de_alfabetización_de_las_personas_de_15_años_o_más,_desglosada_por_sexo_y_subpoblaciones<b><i>_[CENSO]_</i></b>",	20340,"San_Pedro_y_San_Pablo_Tequixtepec","2020","91.186923","98.765432","97.247706","97.206704","82.136602","95.892575","87.338501","86.764706","88.888889","91.239316","100","100","100","ND","ND","ND","0","100","90.778534","98.630137","100","75.732218","ND",
"Tasa_de_alfabetización_de_las_personas_de_15_años_o_más,_desglosada_por_sexo_y_subpoblaciones<b><i>_[CENSO]_</i></b>",	20341,"San_Pedro_Yucunama","2020","96.276596","100","100","100","85.416667","97.647059","95.145631","100","ND","96.276596","ND","ND","ND","ND","ND","ND","ND","ND","96.195652","100","ND","90","ND",
"Tasa_de_alfabetización_de_las_personas_de_15_años_o_más,_desglosada_por_sexo_y_subpoblaciones<b><i>_[CENSO]_</i></b>",	20342,"San_Raymundo_Jalpan","2020","98.007187","100","99.5","98.493627","91.598916","99.066762","97.122302","94.347826","98.522167","97.996716","100","100","100","100","100","ND","ND","100","97.881209","100","100","84.507042","ND",
"Tasa_de_alfabetización_de_las_personas_de_15_años_o_más,_desglosada_por_sexo_y_subpoblaciones<b><i>_[CENSO]_</i></b>",	20343,"San_Sebastián_Abasolo","2020","96.481126","98.611111","99.140401","98.62259","90.144231","97.473404","95.561036","94.816415","93.75","96.527331","100","100","ND","ND","ND","ND","0","100","96.53821","95.652174","100","82.051282","ND",
"Tasa_de_alfabetización_de_las_personas_de_15_años_o_más,_desglosada_por_sexo_y_subpoblaciones<b><i>_[CENSO]_</i></b>",	20344,"San_Sebastián_Coatlán","2020","89.108911","98.076923","97.840173","92.5","66.578947","94.588501","84.399225","74.074074","91.891892","89.14405","100","100","ND","ND","ND","ND","0","100","89.05839","100","100","70.430108","ND",
"Tasa_de_alfabetización_de_las_personas_de_15_años_o_más,_desglosada_por_sexo_y_subpoblaciones<b><i>_[CENSO]_</i></b>",	20345,"San_Sebastián_Ixcapa","2020","85.719064","100","96.392496","91.555243","57.272727","86.497601","84.977139","60.714286","86.481802","85.680751","100","100","ND","ND","100","ND","ND","100","85.587734","89.189189","100","60.162602","ND",
"Tasa_de_alfabetización_de_las_personas_de_15_años_o_más,_desglosada_por_sexo_y_subpoblaciones<b><i>_[CENSO]_</i></b>",	20346,"San_Sebastián_Nicananduta","2020","80.786416","98.245614","97.652582","91.791045","47.284345","88.32998","74.758842","73.772791","62.5","80.70018","100","100","ND","ND","100","ND","ND","86.363636","80.358829","89.189189","86.956522","57.142857","ND",
"Tasa_de_alfabetización_de_las_personas_de_15_años_o_más,_desglosada_por_sexo_y_subpoblaciones<b><i>_[CENSO]_</i></b>",	20347,"San_Sebastián_Río_Hondo","2020","91.431452","98.393574","99.281437","96.175637","60.208333","95.118644","87.808128","73.040752","87.5","91.393858","100","100","ND","ND","100","ND","100","100","91.308793","100","100","64.130435","ND",
"Tasa_de_alfabetización_de_las_personas_de_15_años_o_más,_desglosada_por_sexo_y_subpoblaciones<b><i>_[CENSO]_</i></b>",	20348,"San_Sebastián_Tecomaxtlahuaca","2020","81.624855","99.261084","96.971649","86.674217","50.212465","87.138264","76.832298","66.455696","83.823529","81.505701","100","100","ND","ND","100","ND","80","92.207792","81.418685","84.563758","92.941176","45.899054","ND",
"Tasa_de_alfabetización_de_las_personas_de_15_años_o_más,_desglosada_por_sexo_y_subpoblaciones<b><i>_[CENSO]_</i></b>",	20349,"San_Sebastián_Teitipac","2020","89.356584","100","99.019608","94.132986","66.492147","93.272962","85.955056","77.432712","90","89.343769","100","100","ND","ND","ND","ND","ND","91.176471","89.056604","100","91.176471","63.095238","ND",
"Tasa_de_alfabetización_de_las_personas_de_15_años_o_más,_desglosada_por_sexo_y_subpoblaciones<b><i>_[CENSO]_</i></b>",	20350,"San_Sebastián_Tutla","2020","98.826762","99.54955","99.806523","99.314398","95.137525","99.322874","98.421479","95.896835","99.183673","98.836429","100","100","100","ND","100","ND","33.333333","100","98.820104","99.453552","100","87.852495","ND",
"Tasa_de_alfabetización_de_las_personas_de_15_años_o_más,_desglosada_por_sexo_y_subpoblaciones<b><i>_[CENSO]_</i></b>",	20351,"San_Simón_Almolongas","2020","80.14742","100","97.413793","88.123012","42.857143","87.234043","74.063927","100","75","79.940417","100","100","ND","ND","ND","ND","100","95.16129","79.190451","100","95.3125","50","ND",
"Tasa_de_alfabetización_de_las_personas_de_15_años_o_más,_desglosada_por_sexo_y_subpoblaciones<b><i>_[CENSO]_</i></b>",	20352,"San_Simón_Zahuatlán","2020","61.285956","87.771739","81.085666","45.743686","12.684366","69.468729","52.997275","61.60308","60","61.285956","ND","ND","ND","ND","ND","ND","ND","100","61.061644","68.181818","100","19.487179","ND",
"Tasa_de_alfabetización_de_las_personas_de_15_años_o_más,_desglosada_por_sexo_y_subpoblaciones<b><i>_[CENSO]_</i></b>",	20353,"Santa_Ana","2020","85.561497","98.4375","99.182004","89.878543","50.153846","89.454094","81.984036","84.615385","100","85.475194","100","100","ND","ND","ND","ND","ND","93.75","85.294118","94.444444","93.939394","44.805195","ND",
"Tasa_de_alfabetización_de_las_personas_de_15_años_o_más,_desglosada_por_sexo_y_subpoblaciones<b><i>_[CENSO]_</i></b>",	20354,"Santa_Ana_Ateixtlahuaca","2020","66.295265","100","95.238095","69.444444","28.431373","75.555556","56.98324","65.116279","100","66.295265","ND","ND","ND","ND","ND","ND","ND","ND","65.014577","93.75","ND","27.586207","ND",
"Tasa_de_alfabetización_de_las_personas_de_15_años_o_más,_desglosada_por_sexo_y_subpoblaciones<b><i>_[CENSO]_</i></b>",	20355,"Santa_Ana_Cuauhtémoc","2020","77.821782","100","95.238095","86.808511","49.342105","81.22449","74.615385","63.703704","28.571429","77.821782","ND","ND","ND","ND","ND","ND","ND","ND","77.319588","90","ND","62.790698","ND",
"Tasa_de_alfabetización_de_las_personas_de_15_años_o_más,_desglosada_por_sexo_y_subpoblaciones<b><i>_[CENSO]_</i></b>",	20356,"Santa_Ana_del_Valle","2020","93.75379","98.823529","98.356164","96.721311","82.758621","96.245307","91.411765","93.495935","100","93.719512","100","100","ND","ND","100","ND","ND","95.918367","93.662864","94.736842","96.153846","72.727273","ND",
"Tasa_de_alfabetización_de_las_personas_de_15_años_o_más,_desglosada_por_sexo_y_subpoblaciones<b><i>_[CENSO]_</i></b>",	20357,"Santa_Ana_Tavela","2020","92.296719","100","97.5","96.636086","81.651376","93.859649","90.807799","92.307692","100","92.296719","ND","ND","ND","ND","ND","ND","ND","100","92.21902","100","100","73.98374","ND",
"Tasa_de_alfabetización_de_las_personas_de_15_años_o_más,_desglosada_por_sexo_y_subpoblaciones<b><i>_[CENSO]_</i></b>",	20358,"Santa_Ana_Tlapacoyan","2020","85.10354","100","98.545455","92.564492","64.876033","86.111111","84.255843","64.285714","84.615385","85.033557","100","100","ND","ND","ND","ND","ND","90.47619","84.962406","92.307692","90.47619","59.562842","ND",
"Tasa_de_alfabetización_de_las_personas_de_15_años_o_más,_desglosada_por_sexo_y_subpoblaciones<b><i>_[CENSO]_</i></b>",	20359,"Santa_Ana_Yareni","2020","81.801126","100","94.318182","89.351852","67.142857","91.37931","74.418605","81.939163","100","81.663516","100","100","ND","ND","ND","ND","ND","80","81.504065","88","81.25","50.649351","ND",
"Tasa_de_alfabetización_de_las_personas_de_15_años_o_más,_desglosada_por_sexo_y_subpoblaciones<b><i>_[CENSO]_</i></b>",	20360,"Santa_Ana_Zegache","2020","86.646586","97.685185","99.105812","94.609929","54.848046","91.666667","82.47549","68.466523","89.830508","86.624204","100","100","ND","ND","ND","ND","ND","100","86.357341","93.506494","100","41.935484","ND",
"Tasa_de_alfabetización_de_las_personas_de_15_años_o_más,_desglosada_por_sexo_y_subpoblaciones<b><i>_[CENSO]_</i></b>",	20361,"Santa_Catalina_Quierí","2020","80.844156","100","98.4","88.581315","49.079755","89.811321","74.074074","80.564784","ND","80.813008","100","100","ND","ND","ND","ND","ND","100","80.693069","87.5","100","55.882353","ND",
"Tasa_de_alfabetización_de_las_personas_de_15_años_o_más,_desglosada_por_sexo_y_subpoblaciones<b><i>_[CENSO]_</i></b>",	20362,"Santa_Catarina_Cuixtla","2020","88.638335","98.630137","99.029126","94.455446","72.899729","92.412451","85.602504","67.839196","93.333333","88.618593","100","ND","ND","ND","100","ND","ND","100","88.162879","93.617021","100","58.119658","ND",
"Tasa_de_alfabetización_de_las_personas_de_15_años_o_más,_desglosada_por_sexo_y_subpoblaciones<b><i>_[CENSO]_</i></b>",	20363,"Santa_Catarina_Ixtepeji","2020","97.755002","100","99.227799","97.830579","95.29148","98.65285","96.95572","96.330275","100","97.801661","100","100","ND","ND","ND","ND","0","100","97.783251","100","100","82.993197","ND",
"Tasa_de_alfabetización_de_las_personas_de_15_años_o_más,_desglosada_por_sexo_y_subpoblaciones<b><i>_[CENSO]_</i></b>",	20364,"Santa_Catarina_Juquila","2020","84.668246","97.422222","97.537879","85.401341","46.109175","87.602889","82.063516","75.247525","87.788533","84.669624","100","100","ND","ND","100","ND","62.5","95.833333","84.52591","93.965517","96","58.955224","ND",
"Tasa_de_alfabetización_de_las_personas_de_15_años_o_más,_desglosada_por_sexo_y_subpoblaciones<b><i>_[CENSO]_</i></b>",	20365,"Santa_Catarina_Lachatao","2020","96.319018","100","100","96.221662","94.023904","98.666667","94.318182","94.88491","100","96.309963","100","ND","ND","ND","100","ND","ND","100","96.433121","92","100","83.076923","ND",
"Tasa_de_alfabetización_de_las_personas_de_15_años_o_más,_desglosada_por_sexo_y_subpoblaciones<b><i>_[CENSO]_</i></b>",	20366,"Santa_Catarina_Loxicha","2020","82.48394","97.835498","97.880539","89.416058","43.353783","88.391225","77.27639","61.363636","81.818182","82.476435","100","100","ND","ND","ND","ND","ND","100","82.182138","91.489362","100","46.560847","ND",
"Tasa_de_alfabetización_de_las_personas_de_15_años_o_más,_desglosada_por_sexo_y_subpoblaciones<b><i>_[CENSO]_</i></b>",	20367,"Santa_Catarina_Mechoacán","2020","81.720108","99.239544","98.694233","83.819797","41.105354","83.995037","79.594203","80.965999","84.375","81.728173","ND","ND","ND","ND","ND","ND","75","100","81.317328","96.296296","100","50","ND",
"Tasa_de_alfabetización_de_las_personas_de_15_años_o_más,_desglosada_por_sexo_y_subpoblaciones<b><i>_[CENSO]_</i></b>",	20368,"Santa_Catarina_Minas","2020","88.83782","98.93617","98.333333","95.389049","58.730159","91.339648","86.479592","93.75","92.045455","88.830486","100","100","ND","ND","ND","ND","ND","100","88.625592","92.307692","100","55.497382","ND",
"Tasa_de_alfabetización_de_las_personas_de_15_años_o_más,_desglosada_por_sexo_y_subpoblaciones<b><i>_[CENSO]_</i></b>",	20369,"Santa_Catarina_Quiané","2020","91.402439","100","99.140401","96.291866","70.441989","93.385214","89.643268","82.142857","100","91.363356","100","100","100","ND","ND","ND","0","92.307692","91.309904","95.744681","92.592593","66.346154","ND",
"Tasa_de_alfabetización_de_las_personas_de_15_años_o_más,_desglosada_por_sexo_y_subpoblaciones<b><i>_[CENSO]_</i></b>",	20370,"Santa_Catarina_Tayata","2020","95.66075","100","97.701149","97.854077","89.130435","96.50655","94.964029","83.870968","100","95.643564","100","ND","100","ND","ND","ND","ND","ND","95.774648","90","ND","81.818182","ND",
"Tasa_de_alfabetización_de_las_personas_de_15_años_o_más,_desglosada_por_sexo_y_subpoblaciones<b><i>_[CENSO]_</i></b>",	20371,"Santa_Catarina_Ticuá","2020","78.087649","100","99.2","90.759076","50.724638","86.850153","71.361502","70.703125","100","78.16245","100","100","ND","ND","ND","ND","0","100","76.979472","89.230769","100","46.428571","ND",
"Tasa_de_alfabetización_de_las_personas_de_15_años_o_más,_desglosada_por_sexo_y_subpoblaciones<b><i>_[CENSO]_</i></b>",	20372,"Santa_Catarina_Yosonotú","2020","64.60945","98.947368","95.321637","81.201044","26.28866","76.339286","55.687606","61.790393","42.857143","64.57529","100","100","ND","ND","ND","ND","ND","100","63.363363","96.969697","100","29.059829","ND",
"Tasa_de_alfabetización_de_las_personas_de_15_años_o_más,_desglosada_por_sexo_y_subpoblaciones<b><i>_[CENSO]_</i></b>",	20373,"Santa_Catarina_Zapoquila","2020","88.273616","100","100","96.850394","68.627451","90.131579","86.451613","100","85.714286","88.273616","ND","ND","ND","ND","ND","ND","ND","ND","88.118812","100","ND","42.105263","ND",
"Tasa_de_alfabetización_de_las_personas_de_15_años_o_más,_desglosada_por_sexo_y_subpoblaciones<b><i>_[CENSO]_</i></b>",	20374,"Santa_Cruz_Acatepec","2020","78.624535","96.907216","95.468278","79.956427","36.507937","86.534653","71.628722","77.644711","66.666667","78.624535","ND","ND","ND","ND","ND","ND","ND","100","77.938343","97.297297","100","49.056604","ND",
"Tasa_de_alfabetización_de_las_personas_de_15_años_o_más,_desglosada_por_sexo_y_subpoblaciones<b><i>_[CENSO]_</i></b>",	20375,"Santa_Cruz_Amilpas","2020","97.221663","99.115044","99.373041","97.829428","88.210348","98.354541","96.261161","94.064653","96.791444","97.232044","100","100","100","100","100","ND","0","100","97.184848","99.170124","100","81.72043","ND",
"Tasa_de_alfabetización_de_las_personas_de_15_años_o_más,_desglosada_por_sexo_y_subpoblaciones<b><i>_[CENSO]_</i></b>",	20376,"Santa_Cruz_de_Bravo","2020","79.104478","100","98.461538","94.623656","45.652174","77.777778","80.28169","60","50","78.461538","100","100","ND","ND","ND","ND","ND","100","79.087452","66.666667","100","48.571429","ND",
"Tasa_de_alfabetización_de_las_personas_de_15_años_o_más,_desglosada_por_sexo_y_subpoblaciones<b><i>_[CENSO]_</i></b>",	20377,"Santa_Cruz_Itundujia","2020","89.05022","99.116348","98.198662","93.5676","62.999345","93.558546","85.127055","74.503657","87.5","89.028297","100","100","ND","ND","100","ND","ND","100","88.81244","95.360825","100","68.318756","ND",
"Tasa_de_alfabetización_de_las_personas_de_15_años_o_más,_desglosada_por_sexo_y_subpoblaciones<b><i>_[CENSO]_</i></b>",	20378,"Santa_Cruz_Mixtepec","2020","91.025641","99.038462","98.104956","92.016461","76.79558","94.470774","87.878788","77.831715","89.02439","90.971168","100","100","ND","ND","100","ND","ND","95","90.926493","100","95.454545","76.521739","ND",
"Tasa_de_alfabetización_de_las_personas_de_15_años_o_más,_desglosada_por_sexo_y_subpoblaciones<b><i>_[CENSO]_</i></b>",	20379,"Santa_Cruz_Nundaco","2020","86.656672","98.963731","99.212598","95.028249","47.710843","93.240093","81.714786","85.608646","87.5","86.592742","94.117647","94.117647","ND","ND","ND","ND","ND","94.444444","86.405767","94.871795","95","55.944056","ND",
"Tasa_de_alfabetización_de_las_personas_de_15_años_o_más,_desglosada_por_sexo_y_subpoblaciones<b><i>_[CENSO]_</i></b>",	20380,"Santa_Cruz_Papalutla","2020","92.102138","100","99.465241","96.79803","72.295515","94.066749","90.285714","80.811808","94.444444","92.054958","100","100","ND","ND","ND","ND","100","100","91.918569","95.652174","100","66.887417","ND",
"Tasa_de_alfabetización_de_las_personas_de_15_años_o_más,_desglosada_por_sexo_y_subpoblaciones<b><i>_[CENSO]_</i></b>",	20381,"Santa_Cruz_Tacache_de_Mina","2020","90.47619","100","98.345588","95.459579","69.263158","93.179433","88.144796","75","100","90.434358","100","100","100","ND","ND","ND","ND","91.891892","90.307925","97.5","91.891892","65.587045","ND",
"Tasa_de_alfabetización_de_las_personas_de_15_años_o_más,_desglosada_por_sexo_y_subpoblaciones<b><i>_[CENSO]_</i></b>",	20382,"Santa_Cruz_Tacahua","2020","88.208617","100","98.969072","97.150259","61.764706","92.512077","84.401709","78.133333","100","88.208617","ND","ND","ND","ND","ND","ND","ND","100","87.752675","97.222222","100","58.730159","ND",
"Tasa_de_alfabetización_de_las_personas_de_15_años_o_más,_desglosada_por_sexo_y_subpoblaciones<b><i>_[CENSO]_</i></b>",	20383,"Santa_Cruz_Tayata","2020","95.652174","100","98.198198","97.409326","89.285714","97.572816","93.939394","66.666667","100","95.642202","100","ND","ND","ND","100","ND","ND","100","95.539906","100","100","81.818182","ND",
"Tasa_de_alfabetización_de_las_personas_de_15_años_o_más,_desglosada_por_sexo_y_subpoblaciones<b><i>_[CENSO]_</i></b>",	20384,"Santa_Cruz_Xitla","2020","83.503913","99.606299","98.410897","82.275997","60.182371","88.181818","79.461279","82.145923","81.578947","83.39897","100","100","ND","ND","ND","ND","ND","98.148148","82.940622","95.238095","98.181818","57.712766","ND",
"Tasa_de_alfabetización_de_las_personas_de_15_años_o_más,_desglosada_por_sexo_y_subpoblaciones<b><i>_[CENSO]_</i></b>",	20385,"Santa_Cruz_Xoxocotlán","2020","96.820284","99.270493","99.466352","98.031526","84.591195","98.191969","95.660364","91.347926","97.826825","96.82339","99.293286","99.363057","100","100","99.137931","ND","52.380952","98.312236","96.763385","98.824554","98.662207","83.098255","ND",
"Tasa_de_alfabetización_de_las_personas_de_15_años_o_más,_desglosada_por_sexo_y_subpoblaciones<b><i>_[CENSO]_</i></b>",	20386,"Santa_Cruz_Zenzontepec","2020","75.39288","99.241902","97.367721","68.572975","29.120559","81.801284","69.606347","71.983664","79.737783","75.384986","100","100","ND","ND","ND","ND","ND","93.577982","75.146151","97.619048","93.636364","40.357599","ND",
"Tasa_de_alfabetización_de_las_personas_de_15_años_o_más,_desglosada_por_sexo_y_subpoblaciones<b><i>_[CENSO]_</i></b>",	20387,"Santa_Gertrudis","2020","86.059226","97.744361","98.520085","92.156863","62.038664","87.65792","84.64837","61.538462","71.578947","85.989011","100","100","ND","ND","ND","ND","ND","91.666667","86.018519","80","92","57.758621","ND",
"Tasa_de_alfabetización_de_las_personas_de_15_años_o_más,_desglosada_por_sexo_y_subpoblaciones<b><i>_[CENSO]_</i></b>",	20388,"Santa_Inés_del_Monte","2020","85.292539","98.963731","98.440208","90.048544","32.713755","91.101224","79.875519","92","89.655172","85.229111","100","100","ND","ND","ND","ND","100","95.238095","84.991662","93.023256","95.238095","30.526316","ND",
"Tasa_de_alfabetización_de_las_personas_de_15_años_o_más,_desglosada_por_sexo_y_subpoblaciones<b><i>_[CENSO]_</i></b>",	20389,"Santa_Inés_Yatzeche","2020","70.493992","100","92.890995","74.683544","34.715026","78.504673","64.485981","70.096022","84.615385","70.493992","ND","ND","ND","ND","ND","ND","ND","100","70.454545","ND","100","13.793103","ND",
"Tasa_de_alfabetización_de_las_personas_de_15_años_o_más,_desglosada_por_sexo_y_subpoblaciones<b><i>_[CENSO]_</i></b>",	20390,"Santa_Lucía_del_Camino","2020","97.52322","99.486741","99.369628","98.350699","90.770252","98.409165","96.733608","93.362832","97.471665","97.535093","99.58159","99.152542","100","100","100","100","47.368421","95.867769","97.486198","99.15912","97.191011","86.038481","ND",
"Tasa_de_alfabetización_de_las_personas_de_15_años_o_más,_desglosada_por_sexo_y_subpoblaciones<b><i>_[CENSO]_</i></b>",	20391,"Santa_Lucía_Miahuatlán","2020","65.694444","98.122066","95.189003","60.609037","11.239193","75.173096","57.354221","65.458824","44.444444","65.694444","ND","ND","ND","ND","ND","ND","ND","85.714286","65.402622","94.117647","85.714286","32.58427","ND",
"Tasa_de_alfabetización_de_las_personas_de_15_años_o_más,_desglosada_por_sexo_y_subpoblaciones<b><i>_[CENSO]_</i></b>",	20392,"Santa_Lucía_Monteverde","2020","79.911653","99.613153","98.191682","88.654618","37.928007","87.431694","73.455825","73.36902","91.836735","79.903199","100","100","ND","ND","ND","ND","ND","100","79.567568","90.909091","100","49.764151","ND",
"Tasa_de_alfabetización_de_las_personas_de_15_años_o_más,_desglosada_por_sexo_y_subpoblaciones<b><i>_[CENSO]_</i></b>",	20393,"Santa_Lucía_Ocotlán","2020","83.743842","98.522167","98.277983","87.793734","41.448692","89.534884","78.969443","82.06975","76.056338","83.727811","100","100","ND","ND","ND","ND","ND","92.592593","83.589059","95","92.592593","43.589744","ND",
"Tasa_de_alfabetización_de_las_personas_de_15_años_o_más,_desglosada_por_sexo_y_subpoblaciones<b><i>_[CENSO]_</i></b>",	20394,"Santa_María_Alotepec","2020","86.837121","98.984772","97.689076","92.126789","59.219089","90.990099","83.030853","86.499755","90.909091","86.824645","100","100","ND","ND","ND","ND","ND","100","86.563557","100","100","60.91954","ND",
"Tasa_de_alfabetización_de_las_personas_de_15_años_o_más,_desglosada_por_sexo_y_subpoblaciones<b><i>_[CENSO]_</i></b>",	20395,"Santa_María_Apazco","2020","64.497529","100","96.774194","81.405896","27.484144","81.988743","50.807636","61.029412","62.84153","64.497529","ND","ND","ND","ND","ND","ND","ND","100","62.827225","92.307692","100","32.178218","ND",
"Tasa_de_alfabetización_de_las_personas_de_15_años_o_más,_desglosada_por_sexo_y_subpoblaciones<b><i>_[CENSO]_</i></b>",	20396,"Santa_María_la_Asunción","2020","50.176523","93.333333","82.45614","47.400612","11.611785","61.69045","42.435424","49.312557","66.666667","50.176523","ND","ND","ND","ND","ND","ND","ND","ND","48.348069","83.760684","ND","14.782609","ND",
"Tasa_de_alfabetización_de_las_personas_de_15_años_o_más,_desglosada_por_sexo_y_subpoblaciones<b><i>_[CENSO]_</i></b>",	20397,"Heroica_Ciudad_de_Tlaxiaco","2020","93.08425","99.324895","99.036145","96.742488","68.19401","95.680161","90.947395","87.086633","94.518519","93.078196","100","100","ND","100","100","ND","10","98.734177","92.952692","97.432606","98.882682","66.149733","ND",
"Tasa_de_alfabetización_de_las_personas_de_15_años_o_más,_desglosada_por_sexo_y_subpoblaciones<b><i>_[CENSO]_</i></b>",	20398,"Ayoquezco_de_Aldama","2020","84.73241","100","98.463357","93.317279","52.442997","88.096575","81.578947","54.045307","87.5","84.649003","100","100","100","ND","100","ND","ND","88.235294","84.427394","96.428571","88.679245","52.259887","ND",
"Tasa_de_alfabetización_de_las_personas_de_15_años_o_más,_desglosada_por_sexo_y_subpoblaciones<b><i>_[CENSO]_</i></b>",	20399,"Santa_María_Atzompa","2020","96.37608","98.970457","99.317367","97.698427","80.514816","98.008974","94.957676","91.934104","98.058252","96.370889","97.916667","98.571429","100","ND","95.833333","ND","100","96.774194","96.354359","97.286822","97.297297","82.771949","ND",
"Tasa_de_alfabetización_de_las_personas_de_15_años_o_más,_desglosada_por_sexo_y_subpoblaciones<b><i>_[CENSO]_</i></b>",	20400,"Santa_María_Camotlán","2020","90.266876","97.142857","99.62406","96","74.484536","93.624161","87.315634","100","100","90.25923","100","100","ND","ND","ND","ND","ND","100","90.016103","100","100","64.467005","ND",
"Tasa_de_alfabetización_de_las_personas_de_15_años_o_más,_desglosada_por_sexo_y_subpoblaciones<b><i>_[CENSO]_</i></b>",	20401,"Santa_María_Colotepec","2020","90.675003","98.589657","98.281659","92.621501","61.271676","93.47513","88.108053","74.561404","92.352452","90.553256","100","100","100","100","100","ND","0","96.511628","90.443274","97.727273","98.089172","61.738351","ND",
"Tasa_de_alfabetización_de_las_personas_de_15_años_o_más,_desglosada_por_sexo_y_subpoblaciones<b><i>_[CENSO]_</i></b>",	20402,"Santa_María_Cortijo","2020","84.72973","98.076923","96.835443","91.19171","49.305556","85.75419","83.769634","46.666667","85.58952","84.646739","100","100","ND","ND","100","ND","100","90","84.352774","92.592593","90","66.956522","ND",
"Tasa_de_alfabetización_de_las_personas_de_15_años_o_más,_desglosada_por_sexo_y_subpoblaciones<b><i>_[CENSO]_</i></b>",	20403,"Santa_María_Coyotepec","2020","96.810439","100","99.721836","97.894022","85.254692","98.352941","95.485175","90.494297","94.827586","96.802326","100","100","100","ND","ND","ND","ND","83.333333","96.800595","98.4375","83.333333","79.61165","ND",
"Tasa_de_alfabetización_de_las_personas_de_15_años_o_más,_desglosada_por_sexo_y_subpoblaciones<b><i>_[CENSO]_</i></b>",	20404,"Santa_María_Chachoápam","2020","96.078431","100","99.056604","96.774194","92.473118","97.333333","94.871795","100","100","96.059113","100","100","100","ND","ND","ND","ND","100","96.04811","96","100","87.368421","ND",
"Tasa_de_alfabetización_de_las_personas_de_15_años_o_más,_desglosada_por_sexo_y_subpoblaciones<b><i>_[CENSO]_</i></b>",	20405,"Villa_de_Chilapa_de_Díaz","2020","88.732394","98.947368","98.340249","94.744977","69.125683","91.00346","87.029831","74.358974","90.361446","88.715664","100","100","ND","ND","ND","ND","ND","100","88.244393","100","100","41.346154","ND",
"Tasa_de_alfabetización_de_las_personas_de_15_años_o_más,_desglosada_por_sexo_y_subpoblaciones<b><i>_[CENSO]_</i></b>",	20406,"Santa_María_Chilchotla","2020","71.199225","97.303544","93.967311","72.671353","30.472973","75.191336","67.52591","70.126824","75.757576","71.211911","50","0","ND","ND","100","ND","55.555556","100","70.661334","88.662132","100","37.871674","ND",
"Tasa_de_alfabetización_de_las_personas_de_15_años_o_más,_desglosada_por_sexo_y_subpoblaciones<b><i>_[CENSO]_</i></b>",	20407,"Santa_María_Chimalapa","2020","78.441815","97.080292","93.843844","79.556452","41.912633","83.907596","72.893482","66.64128","74.666667","78.447254","100","100","ND","ND","100","ND","33.333333","95","77.718397","95.628415","95.454545","51.612903","ND",
"Tasa_de_alfabetización_de_las_personas_de_15_años_o_más,_desglosada_por_sexo_y_subpoblaciones<b><i>_[CENSO]_</i></b>",	20408,"Santa_María_del_Rosario","2020","93.888889","100","100","95.953757","85","97.109827","90.909091","83.333333","100","93.888889","ND","ND","ND","ND","ND","ND","ND","0","93.859649","100","0","80","ND",
"Tasa_de_alfabetización_de_las_personas_de_15_años_o_más,_desglosada_por_sexo_y_subpoblaciones<b><i>_[CENSO]_</i></b>",	20409,"Santa_María_del_Tule","2020","98.10263","99.328859","99.403974","98.838817","94.360087","98.72","97.599165","94.035785","98.598131","98.109122","100","100","100","ND","100","ND","80","100","98.088889","99.465241","100","87.811634","ND",
"Tasa_de_alfabetización_de_las_personas_de_15_años_o_más,_desglosada_por_sexo_y_subpoblaciones<b><i>_[CENSO]_</i></b>",	20410,"Santa_María_Ecatepec","2020","94.010195","99.052133","98.701299","97.208855","81.769912","96.14094","91.824441","91.955098","97.087379","94.010195","ND","ND","ND","ND","ND","ND","ND","100","93.943299","100","100","80.645161","ND",
"Tasa_de_alfabetización_de_las_personas_de_15_años_o_más,_desglosada_por_sexo_y_subpoblaciones<b><i>_[CENSO]_</i></b>",	20411,"Santa_María_Guelacé","2020","97.183099","100","98.95288","98.820059","90.277778","98.47561","96.073298","92.125984","100","97.159091","100","100","ND","ND","100","ND","ND","100","97.032641","100","100","90.277778","ND",
"Tasa_de_alfabetización_de_las_personas_de_15_años_o_más,_desglosada_por_sexo_y_subpoblaciones<b><i>_[CENSO]_</i></b>",	20412,"Santa_María_Guienagati","2020","86.759907","98.802395","98.526703","89.794007","55.040872","93.023256","80.952381","75.533428","84.705882","86.753731","100","100","ND","ND","ND","ND","ND","100","86.319846","100","100","65.243902","ND",
"Tasa_de_alfabetización_de_las_personas_de_15_años_o_más,_desglosada_por_sexo_y_subpoblaciones<b><i>_[CENSO]_</i></b>",	20413,"Santa_María_Huatulco","2020","93.401626","99.05838","98.931863","94.661083","67.703409","95.081147","91.843679","86.804223","94.834931","93.392881","99.50495","100","100","100","99.186992","ND","38.461538","97.60479","93.146941","98.601761","98.62069","68.690476","ND",
"Tasa_de_alfabetización_de_las_personas_de_15_años_o_más,_desglosada_por_sexo_y_subpoblaciones<b><i>_[CENSO]_</i></b>",	20414,"Santa_María_Huazolotitlán","2020","82.647874","98.461538","97.79338","88.703317","45.526614","83.56974","81.766832","73.924822","85.176619","82.597613","100","100","ND","ND","ND","ND","100","88.764045","82.123445","96.071429","89.361702","52.066116","ND",
"Tasa_de_alfabetización_de_las_personas_de_15_años_o_más,_desglosada_por_sexo_y_subpoblaciones<b><i>_[CENSO]_</i></b>",	20415,"Santa_María_Ipalapa","2020","83.896026","98.859316","98.121547","90.227577","45.547445","86.007958","82.16422","71.060606","83.994709","83.804087","100","100","100","ND","ND","ND","ND","95.454545","83.487369","98.214286","95.555556","56.273764","ND",
"Tasa_de_alfabetización_de_las_personas_de_15_años_o_más,_desglosada_por_sexo_y_subpoblaciones<b><i>_[CENSO]_</i></b>",	20416,"Santa_María_Ixcatlán","2020","81.984334","95.454545","98.387097","95.209581","55.30303","86.666667","77.832512","55","ND","81.984334","ND","ND","ND","ND","ND","ND","ND","ND","81.420765","94.117647","ND","47.887324","ND",
"Tasa_de_alfabetización_de_las_personas_de_15_años_o_más,_desglosada_por_sexo_y_subpoblaciones<b><i>_[CENSO]_</i></b>",	20417,"Santa_María_Jacatepec","2020","83.804963","99.462366","97.466007","87.214476","52.306548","86.614907","81.340234","78.439425","83.006536","83.788892","100","100","ND","ND","ND","ND","75","91.489362","83.450336","97.972973","91.489362","51.799687","ND",
"Tasa_de_alfabetización_de_las_personas_de_15_años_o_más,_desglosada_por_sexo_y_subpoblaciones<b><i>_[CENSO]_</i></b>",	20418,"Santa_María_Jalapa_del_Marqués","2020","90.043192","98.991597","98.134328","94.742831","68.753233","92.471042","87.881392","73.101952","93.80531","90.019369","100","100","100","ND","100","ND","100","100","89.799742","97.777778","100","60.720412","ND",
"Tasa_de_alfabetización_de_las_personas_de_15_años_o_más,_desglosada_por_sexo_y_subpoblaciones<b><i>_[CENSO]_</i></b>",	20419,"Santa_María_Jaltianguis","2020","97.982063","100","100","97.927461","95.798319","98.514851","97.540984","97.478992","97.5","97.945205","100","100","ND","ND","ND","ND","100","90.909091","98.122066","100","90.909091","93.243243","ND",
"Tasa_de_alfabetización_de_las_personas_de_15_años_o_más,_desglosada_por_sexo_y_subpoblaciones<b><i>_[CENSO]_</i></b>",	20420,"Santa_María_Lachixío","2020","76.829268","99.180328","95.264624","75.722543","17.567568","87.134503","68.503937","75.868545","83.333333","76.748252","100","100","ND","ND","ND","ND","ND","100","76.397516","100","100","26.229508","ND",
"Tasa_de_alfabetización_de_las_personas_de_15_años_o_más,_desglosada_por_sexo_y_subpoblaciones<b><i>_[CENSO]_</i></b>",	20421,"Santa_María_Mixtequilla","2020","92.114897","100","98.670213","95.883644","74.773609","94.134897","90.249187","91.549296","91.37931","92.12087","90","100","100","ND","75","ND","ND","95.238095","91.768202","98.787879","95.238095","67.148014","ND",
"Tasa_de_alfabetización_de_las_personas_de_15_años_o_más,_desglosada_por_sexo_y_subpoblaciones<b><i>_[CENSO]_</i></b>",	20422,"Santa_María_Nativitas","2020","90.537634","100","96.73913","95.979899","76.760563","94.711538","87.159533","83.333333","100","90.537634","ND","ND","ND","ND","ND","ND","ND","ND","89.814815","100","ND","71.428571","ND",
"Tasa_de_alfabetización_de_las_personas_de_15_años_o_más,_desglosada_por_sexo_y_subpoblaciones<b><i>_[CENSO]_</i></b>",	20423,"Santa_María_Nduayaco","2020","92.8","100","100","98.089172","83.333333","96.610169","89.393939","83.333333","ND","92.8","ND","ND","ND","ND","ND","ND","ND","ND","92.634561","95.454545","ND","77.5","ND",
"Tasa_de_alfabetización_de_las_personas_de_15_años_o_más,_desglosada_por_sexo_y_subpoblaciones<b><i>_[CENSO]_</i></b>",	20424,"Santa_María_Ozolotepec","2020","81.359906","98.22695","97.017268","84.669604","44.752475","88.93344","74.161585","69.802731","80","81.359906","ND","ND","ND","ND","ND","ND","ND","100","81.176006","100","100","45.731707","ND",
"Tasa_de_alfabetización_de_las_personas_de_15_años_o_más,_desglosada_por_sexo_y_subpoblaciones<b><i>_[CENSO]_</i></b>",	20425,"Santa_María_Pápalo","2020","82.938076","100","97.359736","85.786164","51.408451","88.979592","77.266922","83.017544","100","82.938076","ND","ND","ND","ND","ND","ND","ND","100","82.746955","88.571429","100","56.19469","ND",
"Tasa_de_alfabetización_de_las_personas_de_15_años_o_más,_desglosada_por_sexo_y_subpoblaciones<b><i>_[CENSO]_</i></b>",	20426,"Santa_María_Peñoles","2020","84.490424","99.526066","98.626374","86.612835","45.873321","92.421508","77.348066","83.757375","80.681818","84.474495","100","100","ND","ND","100","ND","100","100","84.207774","98.888889","100","55.785838","ND",
"Tasa_de_alfabetización_de_las_personas_de_15_años_o_más,_desglosada_por_sexo_y_subpoblaciones<b><i>_[CENSO]_</i></b>",	20427,"Santa_María_Petapa","2020","88.581221","98.418491","98.123827","91.354055","64.085914","92.120864","85.421646","77.491103","88.867562","88.669505","100","100","ND","ND","100","ND","37.5","100","88.394784","95.967742","100","65.820106","ND",
"Tasa_de_alfabetización_de_las_personas_de_15_años_o_más,_desglosada_por_sexo_y_subpoblaciones<b><i>_[CENSO]_</i></b>",	20428,"Santa_María_Quiegolani","2020","80.084151","98.630137","99.045346","80.99839","33.333333","85.576923","74.355301","78.818112","50","80.084151","ND","ND","ND","ND","ND","ND","ND","ND","80.042164","100","ND","45.736434","ND",
"Tasa_de_alfabetización_de_las_personas_de_15_años_o_más,_desglosada_por_sexo_y_subpoblaciones<b><i>_[CENSO]_</i></b>",	20429,"Santa_María_Sola","2020","84.397163","97.826087","97.321429","90.854871","60.517799","85.87156","83.018868","72.222222","ND","84.375","87.5","100","0","ND","ND","ND","ND","91.304348","83.981481","100","88.888889","63.076923","ND",
"Tasa_de_alfabetización_de_las_personas_de_15_años_o_más,_desglosada_por_sexo_y_subpoblaciones<b><i>_[CENSO]_</i></b>",	20430,"Santa_María_Tataltepec","2020","88.75969","92.857143","100","99.090909","63.013699","95.3125","82.307692","80","ND","88.75969","ND","ND","ND","ND","ND","ND","ND","ND","88.8","87.5","ND","60.97561","ND",
"Tasa_de_alfabetización_de_las_personas_de_15_años_o_más,_desglosada_por_sexo_y_subpoblaciones<b><i>_[CENSO]_</i></b>",	20431,"Santa_María_Tecomavaca","2020","93.052476","98.93617","97.575758","94.063927","83.088235","94.325153","91.868759","78.137652","97.435897","93.016345","100","100","ND","ND","ND","ND","ND","100","92.818111","96.875","100","71.604938","ND",
"Tasa_de_alfabetización_de_las_personas_de_15_años_o_más,_desglosada_por_sexo_y_subpoblaciones<b><i>_[CENSO]_</i></b>",	20432,"Santa_María_Temaxcalapa","2020","92.592593","100","99.280576","98.181818","72.941176","96.491228","89.147287","92.676056","100","92.592593","ND","ND","ND","ND","ND","ND","ND","100","92.597765","90","100","60.465116","ND",
"Tasa_de_alfabetización_de_las_personas_de_15_años_o_más,_desglosada_por_sexo_y_subpoblaciones<b><i>_[CENSO]_</i></b>",	20433,"Santa_María_Temaxcaltepec","2020","68.980344","91.625616","91.32321","62.755798","24.242424","74.042553","65.113759","68.226763","67.100977","68.980344","ND","ND","ND","ND","ND","ND","ND","93.939394","68.384664","100","93.939394","27.272727","ND",
"Tasa_de_alfabetización_de_las_personas_de_15_años_o_más,_desglosada_por_sexo_y_subpoblaciones<b><i>_[CENSO]_</i></b>",	20434,"Santa_María_Teopoxco","2020","68.508501","99.193548","95.78714","76.513317","22.615385","74.150268","64.217687","68.554455","80","68.508501","ND","ND","ND","ND","ND","ND","ND","100","67.195767","93.023256","100","24.025974","ND",
"Tasa_de_alfabetización_de_las_personas_de_15_años_o_más,_desglosada_por_sexo_y_subpoblaciones<b><i>_[CENSO]_</i></b>",	20435,"Santa_María_Tepantlali","2020","68.744873","97.211155","90.196078","70.837167","14.645309","74.187884","63.972286","68.649789","95.238095","68.744873","ND","ND","ND","ND","ND","ND","ND","100","68.291667","97.297297","100","42.61745","ND",
"Tasa_de_alfabetización_de_las_personas_de_15_años_o_más,_desglosada_por_sexo_y_subpoblaciones<b><i>_[CENSO]_</i></b>",	20436,"Santa_María_Texcatitlán","2020","74.883721","100","97.916667","86.900958","39.285714","83.623693","67.877095","74.72","80","74.883721","ND","ND","ND","ND","ND","ND","ND","100","74.121406","100","100","33.823529","ND",
"Tasa_de_alfabetización_de_las_personas_de_15_años_o_más,_desglosada_por_sexo_y_subpoblaciones<b><i>_[CENSO]_</i></b>",	20437,"Santa_María_Tlahuitoltepec","2020","76.093425","99.84127","98.181818","80.561691","27.635542","83.602918","69.459232","75.747356","89.473684","76.097634","100","100","ND","ND","ND","ND","0","95","75.656397","99.107143","95","41.477273","ND",
"Tasa_de_alfabetización_de_las_personas_de_15_años_o_más,_desglosada_por_sexo_y_subpoblaciones<b><i>_[CENSO]_</i></b>",	20438,"Santa_María_Tlalixtac","2020","76.127974","99.115044","98.076923","75.609756","34.545455","80","72.374798","63.414634","87.640449","76.127974","ND","ND","ND","ND","ND","ND","ND","100","75.171233","97.87234","100","47.058824","ND",
"Tasa_de_alfabetización_de_las_personas_de_15_años_o_más,_desglosada_por_sexo_y_subpoblaciones<b><i>_[CENSO]_</i></b>",	20439,"Santa_María_Tonameca","2020","82.616229","98.868176","97.245343","82.857489","42.542983","86.625737","78.918739","73.402156","84.025559","82.539498","97.87234","96.078431","100","ND","100","ND","60","93.277311","82.386831","97.674419","93.89313","46.590038","ND",
"Tasa_de_alfabetización_de_las_personas_de_15_años_o_más,_desglosada_por_sexo_y_subpoblaciones<b><i>_[CENSO]_</i></b>",	20440,"Santa_María_Totolapilla","2020","82.059282","100","93.814433","93.333333","57.746479","91.118421","73.88724","69.745223","100","82.059282","ND","ND","ND","ND","ND","ND","ND","100","81.962025","80","100","58.947368","ND",
"Tasa_de_alfabetización_de_las_personas_de_15_años_o_más,_desglosada_por_sexo_y_subpoblaciones<b><i>_[CENSO]_</i></b>",	20441,"Santa_María_Xadani","2020","77.456647","95.854063","94.628847","72.684721","46.0199","82.855214","72.283312","77.168633","79.126214","77.434287","100","100","100","ND","100","ND","100","100","76.714514","87.623762","100","42.28972","ND",
"Tasa_de_alfabetización_de_las_personas_de_15_años_o_más,_desglosada_por_sexo_y_subpoblaciones<b><i>_[CENSO]_</i></b>",	20442,"Santa_María_Yalina","2020","93.298969","100","100","100","74.509804","98.863636","88.679245","91.946309","100","93.298969","ND","ND","ND","ND","ND","ND","ND","100","93.229167","100","100","69.230769","ND",
"Tasa_de_alfabetización_de_las_personas_de_15_años_o_más,_desglosada_por_sexo_y_subpoblaciones<b><i>_[CENSO]_</i></b>",	20443,"Santa_María_Yavesía","2020","98.484848","100","100","98.148148","97.826087","97.931034","98.918919","99.029126","ND","98.484848","ND","ND","ND","ND","ND","ND","ND","100","98.45679","100","100","92.307692","ND",
"Tasa_de_alfabetización_de_las_personas_de_15_años_o_más,_desglosada_por_sexo_y_subpoblaciones<b><i>_[CENSO]_</i></b>",	20444,"Santa_María_Yolotepec","2020","91.916168","100","98.529412","98.657718","73.626374","97.484277","86.857143","88.834951","100","91.86747","100","100","ND","ND","ND","ND","ND","100","91.233766","100","100","66.666667","ND",
"Tasa_de_alfabetización_de_las_personas_de_15_años_o_más,_desglosada_por_sexo_y_subpoblaciones<b><i>_[CENSO]_</i></b>",	20445,"Santa_María_Yosoyúa","2020","85.377742","98.113208","99.178082","93.345656","36.52968","94.434783","77.439024","84.69657","93.75","85.375817","85.714286","83.333333","ND","ND","100","ND","ND","100","84.548611","96.969697","100","43.478261","ND",
"Tasa_de_alfabetización_de_las_personas_de_15_años_o_más,_desglosada_por_sexo_y_subpoblaciones<b><i>_[CENSO]_</i></b>",	20446,"Santa_María_Yucuhiti","2020","88.040541","99.68652","98.491879","95.986125","64.867043","92.905081","83.729822","88.150766","82.962963","88.002711","100","100","ND","ND","100","ND","ND","100","87.596356","100","100","63.103448","ND",
"Tasa_de_alfabetización_de_las_personas_de_15_años_o_más,_desglosada_por_sexo_y_subpoblaciones<b><i>_[CENSO]_</i></b>",	20447,"Santa_María_Zacatepec","2020","82.967589","98.878695","97.885196","84.94403","48.566227","84.48622","81.661171","70.616114","86.714286","82.826735","99.029126","98.989899","100","ND","100","ND","ND","95.196507","82.554381","93.865031","95.378151","56.348168","ND",
"Tasa_de_alfabetización_de_las_personas_de_15_años_o_más,_desglosada_por_sexo_y_subpoblaciones<b><i>_[CENSO]_</i></b>",	20448,"Santa_María_Zaniza","2020","85.059069","98.837209","98.841699","79.304348","49.425287","91.679274","79.434447","64.801865","83.333333","85.059069","ND","ND","ND","ND","ND","ND","ND","100","85.027855","100","100","52.380952","ND",
"Tasa_de_alfabetización_de_las_personas_de_15_años_o_más,_desglosada_por_sexo_y_subpoblaciones<b><i>_[CENSO]_</i></b>",	20449,"Santa_María_Zoquitlán","2020","85.948382","100","98.373984","93.115942","62.787356","87.855946","84.121893","84.615385","ND","85.85567","100","100","ND","ND","ND","ND","ND","95.238095","85.803758","92","95.238095","56.802721","ND",
"Tasa_de_alfabetización_de_las_personas_de_15_años_o_más,_desglosada_por_sexo_y_subpoblaciones<b><i>_[CENSO]_</i></b>",	20450,"Santiago_Amoltepec","2020","76.641509","99.401198","95.658363","67.478422","24.608501","82.354504","71.507046","69.28006","75.409836","76.635632","100","100","ND","ND","100","ND","ND","94.736842","76.511598","92.857143","94.736842","39.726027","ND",
"Tasa_de_alfabetización_de_las_personas_de_15_años_o_más,_desglosada_por_sexo_y_subpoblaciones<b><i>_[CENSO]_</i></b>",	20451,"Santiago_Apoala","2020","65.824468","100","100","87","28.052805","75.667656","57.831325","64.772727","55.555556","65.824468","ND","ND","ND","ND","ND","ND","ND","100","64.883402","100","100","28.846154","ND",
"Tasa_de_alfabetización_de_las_personas_de_15_años_o_más,_desglosada_por_sexo_y_subpoblaciones<b><i>_[CENSO]_</i></b>",	20452,"Santiago_Apóstol","2020","77.611494","97.826087","96.785304","81.346801","41.986755","85.457064","71.639431","72.906017","81.818182","77.557756","100","100","ND","ND","ND","ND","100","96.296296","77.321157","92.592593","96.551724","39.383562","ND",
"Tasa_de_alfabetización_de_las_personas_de_15_años_o_más,_desglosada_por_sexo_y_subpoblaciones<b><i>_[CENSO]_</i></b>",	20453,"Santiago_Astata","2020","90.339335","98.4375","98.341625","95.818815","68.693009","94.287729","86.530612","83.333333","90.909091","90.305768","100","100","ND","ND","100","ND","100","100","89.876633","100","100","62.825279","ND",
"Tasa_de_alfabetización_de_las_personas_de_15_años_o_más,_desglosada_por_sexo_y_subpoblaciones<b><i>_[CENSO]_</i></b>",	20454,"Santiago_Atitlán","2020","79.346558","100","96.352201","81.834372","31.018519","84.675528","74.071207","79.092702","80","79.346558","ND","ND","ND","ND","ND","ND","ND","100","78.844622","100","100","48.085106","ND",
"Tasa_de_alfabetización_de_las_personas_de_15_años_o_más,_desglosada_por_sexo_y_subpoblaciones<b><i>_[CENSO]_</i></b>",	20455,"Santiago_Ayuquililla","2020","89.008731","98.742138","99.038462","91.236495","69.195402","91.856678","86.452242","75","96.296296","89.048843","100","100","ND","ND","ND","ND","0","80","88.95966","94.230769","80","71.25","ND",
"Tasa_de_alfabetización_de_las_personas_de_15_años_o_más,_desglosada_por_sexo_y_subpoblaciones<b><i>_[CENSO]_</i></b>",	20456,"Santiago_Cacaloxtepec","2020","79.598394","97.619048","96.616541","90.186125","39.144737","87.326389","72.944694","63.945578","83.236994","79.532635","100","100","ND","ND","ND","ND","100","100","79.404255","81.818182","100","41.666667","ND",
"Tasa_de_alfabetización_de_las_personas_de_15_años_o_más,_desglosada_por_sexo_y_subpoblaciones<b><i>_[CENSO]_</i></b>",	20457,"Santiago_Camotlán","2020","88.405207","98.780488","97.905759","92.680776","53.535354","91.358025","85.518906","87.12963","85.714286","88.400488","100","100","ND","ND","ND","ND","ND","100","88.36827","85.714286","100","57.142857","ND",
"Tasa_de_alfabetización_de_las_personas_de_15_años_o_más,_desglosada_por_sexo_y_subpoblaciones<b><i>_[CENSO]_</i></b>",	20458,"Santiago_Comaltepec","2020","89.595376","100","99.382716","95.441595","75.827815","92.592593","86.956522","89.100127","87.5","89.485981","100","100","ND","ND","ND","ND","ND","100","89.361702","100","100","67.114094","ND",
"Tasa_de_alfabetización_de_las_personas_de_15_años_o_más,_desglosada_por_sexo_y_subpoblaciones<b><i>_[CENSO]_</i></b>",	20459,"Santiago_Chazumba","2020","93.590775","99.152542","98.832117","96.960101","85.272579","96.672504","90.972222","85.777778","94.827586","93.566622","100","100","ND","ND","100","ND","100","100","93.524355","93.75","100","76.785714","ND",
"Tasa_de_alfabetización_de_las_personas_de_15_años_o_más,_desglosada_por_sexo_y_subpoblaciones<b><i>_[CENSO]_</i></b>",	20460,"Santiago_Choápam","2020","79.060773","98.181818","95.572354","75.901442","55.714286","84.22619","74.587629","69.322297","95","78.956135","100","100","ND","ND","ND","ND","100","95","78.798985","89.795918","95","52.692308","ND",
"Tasa_de_alfabetización_de_las_personas_de_15_años_o_más,_desglosada_por_sexo_y_subpoblaciones<b><i>_[CENSO]_</i></b>",	20461,"Santiago_del_Río","2020","77.294686","92.857143","94.444444","85","63.829787","85.340314","70.403587","56.31068","100","77.294686","ND","ND","ND","ND","ND","ND","ND","100","76.262626","100","100","64.948454","ND",
"Tasa_de_alfabetización_de_las_personas_de_15_años_o_más,_desglosada_por_sexo_y_subpoblaciones<b><i>_[CENSO]_</i></b>",	20462,"Santiago_Huajolotitlán","2020","94.25656","99.57265","99.391727","97.647768","78.77095","96.492308","92.243767","87.878788","94.642857","94.236396","100","100","ND","ND","100","ND","ND","100","93.934681","98.888889","100","71.814672","ND",
"Tasa_de_alfabetización_de_las_personas_de_15_años_o_más,_desglosada_por_sexo_y_subpoblaciones<b><i>_[CENSO]_</i></b>",	20463,"Santiago_Huauclilla","2020","93.849658","100","96.875","98.136646","88.659794","95.169082","92.672414","100","100","93.82151","100","100","ND","ND","ND","ND","ND","100","93.824228","93.333333","100","81.012658","ND",
"Tasa_de_alfabetización_de_las_personas_de_15_años_o_más,_desglosada_por_sexo_y_subpoblaciones<b><i>_[CENSO]_</i></b>",	20464,"Santiago_Ihuitlán_Plumas","2020","85.657371","94.117647","94.444444","96.261682","68.131868","92.792793","80","100","ND","86","ND","ND","ND","ND","ND","ND","0","ND","85.022026","95.652174","ND","45.714286","ND",
"Tasa_de_alfabetización_de_las_personas_de_15_años_o_más,_desglosada_por_sexo_y_subpoblaciones<b><i>_[CENSO]_</i></b>",	20465,"Santiago_Ixcuintepec","2020","81.608133","94.214876","93.774319","87.159533","42.105263","81.640625","81.578947","80.327869","100","81.608133","ND","ND","ND","ND","ND","ND","ND","100","81.119545","100","100","46.031746","ND",
"Tasa_de_alfabetización_de_las_personas_de_15_años_o_más,_desglosada_por_sexo_y_subpoblaciones<b><i>_[CENSO]_</i></b>",	20466,"Santiago_Ixtayutla","2020","67.319749","95.454545","90.22082","51.111111","30.694981","71.108404","64.097783","63.028502","67.45182","67.305537","100","100","ND","ND","ND","ND","50","88.888889","67.103776","94.444444","89.130435","39.506173","ND",
"Tasa_de_alfabetización_de_las_personas_de_15_años_o_más,_desglosada_por_sexo_y_subpoblaciones<b><i>_[CENSO]_</i></b>",	20467,"Santiago_Jamiltepec","2020","85.603715","98.865784","97.076736","89.777575","55.864662","87.433406","83.978285","77.786458","83.929539","85.56312","96.078431","97.727273","66.666667","100","100","ND","100","96.363636","85.258359","96.896552","96.551724","62.389868","ND",
"Tasa_de_alfabetización_de_las_personas_de_15_años_o_más,_desglosada_por_sexo_y_subpoblaciones<b><i>_[CENSO]_</i></b>",	20468,"Santiago_Jocotepec","2020","75.489231","92.256637","87.955895","75.097634","47.519582","79.001368","72.253728","75.146284","73.684211","75.443593","100","100","100","ND","100","ND","100","100","75.022341","96","100","54.208274","ND",
"Tasa_de_alfabetización_de_las_personas_de_15_años_o_más,_desglosada_por_sexo_y_subpoblaciones<b><i>_[CENSO]_</i></b>",	20469,"Santiago_Juxtlahuaca","2020","79.808663","98.681112","97.095689","82.031873","36.820186","85.431862","75.070753","73.070814","78.308026","79.694333","98.507463","98.449612","ND","ND","100","ND","85.714286","85.480094","79.517355","86.831276","86.27451","42.362205","ND",
"Tasa_de_alfabetización_de_las_personas_de_15_años_o_más,_desglosada_por_sexo_y_subpoblaciones<b><i>_[CENSO]_</i></b>",	20470,"Santiago_Lachiguiri","2020","86.11276","97.073171","98.535871","90.615836","62.419562","92.037037","80.628571","81.519608","81.818182","86.236623","100","100","ND","ND","ND","ND","0","100","85.996355","98.181818","100","65.289256","ND",
"Tasa_de_alfabetización_de_las_personas_de_15_años_o_más,_desglosada_por_sexo_y_subpoblaciones<b><i>_[CENSO]_</i></b>",	20471,"Santiago_Lalopa","2020","92.961877","100","100","94.366197","77.777778","96.202532","90.163934","92.615385","ND","92.961877","ND","ND","ND","ND","ND","ND","ND","100","92.966361","90.909091","100","67.741935","ND",
"Tasa_de_alfabetización_de_las_personas_de_15_años_o_más,_desglosada_por_sexo_y_subpoblaciones<b><i>_[CENSO]_</i></b>",	20472,"Santiago_Laollaga","2020","90.782339","99.390244","99.011858","95.352564","73.795181","93.912338","87.925926","82.312925","91.666667","90.764455","100","100","ND","100","100","ND","100","100","90.48583","97.115385","100","68.159204","ND",
"Tasa_de_alfabetización_de_las_personas_de_15_años_o_más,_desglosada_por_sexo_y_subpoblaciones<b><i>_[CENSO]_</i></b>",	20473,"Santiago_Laxopa","2020","96.760711","98.701299","99.043062","98.684211","89.767442","98.398169","95.384615","96.700796","ND","96.760711","ND","ND","ND","ND","ND","ND","ND","100","96.733404","100","100","84.375","ND",
"Tasa_de_alfabetización_de_las_personas_de_15_años_o_más,_desglosada_por_sexo_y_subpoblaciones<b><i>_[CENSO]_</i></b>",	20474,"Santiago_Llano_Grande","2020","82.333741","100","96.747967","89.780405","51.315789","82.083333","82.573941","65.57377","82.318969","82.27589","100","100","ND","ND","ND","ND","ND","89.473684","81.966509","89.320388","89.473684","56.912442","ND",
"Tasa_de_alfabetización_de_las_personas_de_15_años_o_más,_desglosada_por_sexo_y_subpoblaciones<b><i>_[CENSO]_</i></b>",	20475,"Santiago_Matatlán","2020","82.77384","99.11032","98.568282","87.192934","46.273713","89.115646","77.539063","81.252844","88.095238","82.62987","100","100","ND","ND","ND","ND","20","99.378882","82.258961","95.098039","99.411765","52.566096","ND",
"Tasa_de_alfabetización_de_las_personas_de_15_años_o_más,_desglosada_por_sexo_y_subpoblaciones<b><i>_[CENSO]_</i></b>",	20476,"Santiago_Miltepec","2020","91.746032","100","100","97.810219","72.941176","93.377483","90.243902","100","100","91.746032","ND","ND","ND","ND","ND","ND","ND","100","91.362126","100","100","75","ND",
"Tasa_de_alfabetización_de_las_personas_de_15_años_o_más,_desglosada_por_sexo_y_subpoblaciones<b><i>_[CENSO]_</i></b>",	20477,"Santiago_Minas","2020","79.038855","98.275862","96.069869","80.163599","51.485149","78.378378","79.678068","50.746269","80","78.909465","100","100","ND","ND","ND","ND","ND","100","78.822314","100","100","47.2","ND",
"Tasa_de_alfabetización_de_las_personas_de_15_años_o_más,_desglosada_por_sexo_y_subpoblaciones<b><i>_[CENSO]_</i></b>",	20478,"Santiago_Nacaltepec","2020","90.491539","100","97.60479","97.194389","80.506823","94.200351","87.35119","95.652174","100","90.47619","100","100","ND","ND","ND","ND","ND","ND","90.298507","97.142857","ND","71.144279","ND",
"Tasa_de_alfabetización_de_las_personas_de_15_años_o_más,_desglosada_por_sexo_y_subpoblaciones<b><i>_[CENSO]_</i></b>",	20479,"Santiago_Nejapilla","2020","89.261745","100","100","93.939394","80.952381","93.243243","85.333333","100","ND","89.261745","ND","ND","ND","ND","ND","ND","ND","ND","88.148148","100","ND","78.181818","ND",
"Tasa_de_alfabetización_de_las_personas_de_15_años_o_más,_desglosada_por_sexo_y_subpoblaciones<b><i>_[CENSO]_</i></b>",	20480,"Santiago_Nundiche","2020","88.532556","100","99.619772","98.105263","52.838428","94.080338","83.81295","87.954309","100","88.521401","100","100","ND","ND","ND","ND","ND","100","88.012295","97.87234","100","51.764706","ND",
"Tasa_de_alfabetización_de_las_personas_de_15_años_o_más,_desglosada_por_sexo_y_subpoblaciones<b><i>_[CENSO]_</i></b>",	20481,"Santiago_Nuyoó","2020","84.549356","100","97.584541","96.88958","58.658009","90.468986","79.240163","84.06015","92.592593","84.538296","100","100","ND","ND","ND","ND","ND","100","84.121123","96.875","100","52.57732","ND",
"Tasa_de_alfabetización_de_las_personas_de_15_años_o_más,_desglosada_por_sexo_y_subpoblaciones<b><i>_[CENSO]_</i></b>",	20482,"Santiago_Pinotepa_Nacional","2020","87.06712","98.891583","97.819514","90.465496","52.511488","88.689539","85.568958","75.577367","86.248736","87.065632","99.090909","98.795181","100","ND","100","100","38.461538","98.514851","86.826379","94.372294","98.578199","58.188882","ND",
"Tasa_de_alfabetización_de_las_personas_de_15_años_o_más,_desglosada_por_sexo_y_subpoblaciones<b><i>_[CENSO]_</i></b>",	20483,"Santiago_Suchilquitongo","2020","96.679784","99.143836","99.183085","98.154892","87.240356","97.523859","95.910693","92.5","96.478873","96.674877","100","100","ND","ND","ND","ND","ND","100","96.678736","96.190476","100","83.185841","ND",
"Tasa_de_alfabetización_de_las_personas_de_15_años_o_más,_desglosada_por_sexo_y_subpoblaciones<b><i>_[CENSO]_</i></b>",	20484,"Santiago_Tamazola","2020","86.692759","99.555556","98.822144","91.294118","60.111576","89.905592","84.073416","60.515021","88.888889","86.570112","100","100","ND","ND","100","ND","ND","93.478261","86.344969","93.75","93.75","61.052632","ND",
"Tasa_de_alfabetización_de_las_personas_de_15_años_o_más,_desglosada_por_sexo_y_subpoblaciones<b><i>_[CENSO]_</i></b>",	20485,"Santiago_Tapextla","2020","75.227043","98.787879","94.343434","81.464531","33.258929","78.034102","72.385787","58.974359","75.259421","75.10142","100","100","ND","ND","ND","ND","ND","86.666667","74.011911","92.5","86.666667","43.670886","ND",
"Tasa_de_alfabetización_de_las_personas_de_15_años_o_más,_desglosada_por_sexo_y_subpoblaciones<b><i>_[CENSO]_</i></b>",	20486,"Villa_Tejúpam_de_la_Unión","2020","93.743079","99.253731","98.792271","96.728972","80.348259","95.150115","92.446809","100","94.193548","93.732668","100","100","100","ND","ND","ND","ND","100","93.806818","90.697674","100","68.115942","ND",
"Tasa_de_alfabetización_de_las_personas_de_15_años_o_más,_desglosada_por_sexo_y_subpoblaciones<b><i>_[CENSO]_</i></b>",	20487,"Santiago_Tenango","2020","96.704067","100","99.130435","98.173516","89.542484","98.280802","95.192308","95","100","96.77193","0","ND","0","ND","ND","ND","ND","ND","96.753705","88.888889","ND","83.870968","ND",
"Tasa_de_alfabetización_de_las_personas_de_15_años_o_más,_desglosada_por_sexo_y_subpoblaciones<b><i>_[CENSO]_</i></b>",	20488,"Santiago_Tepetlapa","2020","89.795918","100","100","97.959184","70","95","86.206897","100","ND","89.795918","ND","ND","ND","ND","ND","ND","ND","ND","89.88764","88.888889","ND","50","ND",
"Tasa_de_alfabetización_de_las_personas_de_15_años_o_más,_desglosada_por_sexo_y_subpoblaciones<b><i>_[CENSO]_</i></b>",	20489,"Santiago_Tetepec","2020","85.156712","99.671053","97.93578","87.76797","53.387097","87.209302","83.237986","77.362409","87.591241","85.168739","75","75","ND","ND","ND","ND","ND","100","84.825493","96.428571","100","55.142857","ND",
"Tasa_de_alfabetización_de_las_personas_de_15_años_o_más,_desglosada_por_sexo_y_subpoblaciones<b><i>_[CENSO]_</i></b>",	20490,"Santiago_Texcalcingo","2020","72.609562","99.148936","96.108949","67.68559","32.361516","75.277162","70.433996","72.318693","ND","72.609562","ND","ND","ND","ND","ND","ND","ND","100","71.703011","93.75","100","38.607595","ND",
"Tasa_de_alfabetización_de_las_personas_de_15_años_o_más,_desglosada_por_sexo_y_subpoblaciones<b><i>_[CENSO]_</i></b>",	20491,"Santiago_Textitlán","2020","89.805195","99.009901","98.967136","89.605157","54.054054","93.270525","86.574655","84.358707","85.714286","89.795255","100","100","ND","100","ND","ND","100","100","89.728492","100","100","62.857143","ND",
"Tasa_de_alfabetización_de_las_personas_de_15_años_o_más,_desglosada_por_sexo_y_subpoblaciones<b><i>_[CENSO]_</i></b>",	20492,"Santiago_Tilantongo","2020","81.658291","99.324324","98.773006","94.622426","51.246106","90.497738","74.593128","74.314214","100","81.639839","100","100","100","ND","ND","ND","ND","100","81.266217","93.333333","100","48.623853","ND",
"Tasa_de_alfabetización_de_las_personas_de_15_años_o_más,_desglosada_por_sexo_y_subpoblaciones<b><i>_[CENSO]_</i></b>",	20493,"Santiago_Tillo","2020","93.779904","100","96.666667","98.461538","82.45614","98.453608","89.732143","53.846154","100","93.73494","100","100","ND","ND","ND","ND","ND","ND","93.700787","94.594595","ND","68.75","ND",
"Tasa_de_alfabetización_de_las_personas_de_15_años_o_más,_desglosada_por_sexo_y_subpoblaciones<b><i>_[CENSO]_</i></b>",	20494,"Santiago_Tlazoyaltepec","2020","78.992806","98.717949","98.704453","83.264095","26.85422","87.567861","72.207904","76.610262","85.106383","78.982726","100","100","ND","ND","ND","ND","ND","100","78.452765","91.25","100","38.084633","ND",
"Tasa_de_alfabetización_de_las_personas_de_15_años_o_más,_desglosada_por_sexo_y_subpoblaciones<b><i>_[CENSO]_</i></b>",	20495,"Santiago_Xanica","2020","78.664659","99.435028","96.183206","80.195865","40.322581","83.232932","74.096386","71.705069","70.652174","78.643216","100","100","ND","ND","ND","ND","ND","100","78.567827","100","100","50.7109","ND",
"Tasa_de_alfabetización_de_las_personas_de_15_años_o_más,_desglosada_por_sexo_y_subpoblaciones<b><i>_[CENSO]_</i></b>",	20496,"Santiago_Xiacuí","2020","97.114708","100","98.615917","97.8602","92.517007","98.053892","96.281541","92","100","97.110641","100","100","ND","ND","ND","ND","ND","100","97.099347","97.368421","100","90.09434","ND",
"Tasa_de_alfabetización_de_las_personas_de_15_años_o_más,_desglosada_por_sexo_y_subpoblaciones<b><i>_[CENSO]_</i></b>",	20497,"Santiago_Yaitepec","2020","56.449835","93.478261","88.54314","47.911742","9.381663","63.740123","51.201011","55.81749","48.730964","56.309963","100","100","ND","ND","ND","ND","0","84.782609","55.922039","83.333333","84.782609","24.277457","ND",
"Tasa_de_alfabetización_de_las_personas_de_15_años_o_más,_desglosada_por_sexo_y_subpoblaciones<b><i>_[CENSO]_</i></b>",	20498,"Santiago_Yaveo","2020","84.472988","98.529412","97.507331","89.083821","47.54441","87.428353","81.583863","71.002387","82","84.438969","94.117647","92.307692","100","ND","100","ND","100","100","83.996024","92.54386","100","52.788845","ND",
"Tasa_de_alfabetización_de_las_personas_de_15_años_o_más,_desglosada_por_sexo_y_subpoblaciones<b><i>_[CENSO]_</i></b>",	20499,"Santiago_Yolomécatl","2020","96.62069","100","99.074074","98.243045","89.820359","97.975078","95.544554","78.26087","95.833333","96.613683","100","100","ND","ND","100","ND","ND","100","96.593329","97.368421","100","85.526316","ND",
"Tasa_de_alfabetización_de_las_personas_de_15_años_o_más,_desglosada_por_sexo_y_subpoblaciones<b><i>_[CENSO]_</i></b>",	20500,"Santiago_Yosondúa","2020","87.854468","99.534884","98.039216","94.80928","62.907801","93.384615","83.07283","75.517445","97.674419","87.824066","100","100","ND","ND","ND","ND","ND","97.87234","87.408657","96.412556","97.87234","62.878788","ND",
"Tasa_de_alfabetización_de_las_personas_de_15_años_o_más,_desglosada_por_sexo_y_subpoblaciones<b><i>_[CENSO]_</i></b>",	20501,"Santiago_Yucuyachi","2020","80.336352","100","96.323529","91.0299","59.459459","84.468665","76.600985","64","ND","80.026281","100","100","ND","ND","ND","ND","ND","92.592593","79.083095","91.304348","93.103448","45.652174","ND",
"Tasa_de_alfabetización_de_las_personas_de_15_años_o_más,_desglosada_por_sexo_y_subpoblaciones<b><i>_[CENSO]_</i></b>",	20502,"Santiago_Zacatepec","2020","70.692616","91.941392","81.317204","67.914439","59.319899","75.664251","66.213275","70.393192","90.625","70.692616","ND","ND","ND","ND","ND","ND","ND","100","70.235671","98","100","42.692308","ND",
"Tasa_de_alfabetización_de_las_personas_de_15_años_o_más,_desglosada_por_sexo_y_subpoblaciones<b><i>_[CENSO]_</i></b>",	20503,"Santiago_Zoochila","2020","90.690691","100","100","97.5","71.276596","94.039735","87.912088","88.163265","ND","90.634441","100","100","ND","ND","ND","ND","ND","88.888889","90.654206","100","88.888889","77.570093","ND",
"Tasa_de_alfabetización_de_las_personas_de_15_años_o_más,_desglosada_por_sexo_y_subpoblaciones<b><i>_[CENSO]_</i></b>",	20504,"Nuevo_Zoquiápam","2020","94.464286","100","98.039216","95.501022","84.474886","96.374046","92.785235","91.873964","91.525424","94.42446","100","100","ND","ND","ND","ND","ND","100","94.3379","100","100","86.231884","ND",
"Tasa_de_alfabetización_de_las_personas_de_15_años_o_más,_desglosada_por_sexo_y_subpoblaciones<b><i>_[CENSO]_</i></b>",	20505,"Santo_Domingo_Ingenio","2020","88.229342","98.888889","97.909091","94.709898","66.493506","90.170198","86.397902","71.380471","91.304348","88.22834","100","100","100","ND","100","ND","0","100","88.015887","97.619048","100","63.406408","ND",
"Tasa_de_alfabetización_de_las_personas_de_15_años_o_más,_desglosada_por_sexo_y_subpoblaciones<b><i>_[CENSO]_</i></b>",	20506,"Santo_Domingo_Albarradas","2020","85.621971","100","99.212598","95.422535","56.896552","88.737201","82.822086","83.733826","87.878788","85.621971","ND","ND","ND","ND","ND","ND","ND","100","84.863946","100","100","56.578947","ND",
"Tasa_de_alfabetización_de_las_personas_de_15_años_o_más,_desglosada_por_sexo_y_subpoblaciones<b><i>_[CENSO]_</i></b>",	20507,"Santo_Domingo_Armenta","2020","80.244017","99.431818","95.784543","85.009671","50","81.869159","78.60509","69.811321","80.254453","80.094563","100","100","ND","ND","ND","ND","ND","100","79.112008","94.017094","100","52.610442","ND",
"Tasa_de_alfabetización_de_las_personas_de_15_años_o_más,_desglosada_por_sexo_y_subpoblaciones<b><i>_[CENSO]_</i></b>",	20508,"Santo_Domingo_Chihuitán","2020","90.952381","98.484848","98.297872","95.659722","78.067885","93.841167","88.180404","75.735294","90.909091","90.930788","100","ND","ND","ND","100","ND","100","100","90.423729","98.734177","100","76.530612","ND",
"Tasa_de_alfabetización_de_las_personas_de_15_años_o_más,_desglosada_por_sexo_y_subpoblaciones<b><i>_[CENSO]_</i></b>",	20509,"Santo_Domingo_de_Morelos","2020","77.573633","98.086735","96.495839","74.285714","23.986857","83.064034","72.729673","75.880846","80.666667","77.545289","100","100","ND","ND","ND","ND","ND","97.674419","77.357955","91.489362","97.674419","40.480962","ND",
"Tasa_de_alfabetización_de_las_personas_de_15_años_o_más,_desglosada_por_sexo_y_subpoblaciones<b><i>_[CENSO]_</i></b>",	20510,"Santo_Domingo_Ixcatlán","2020","92.252252","100","100","99.186992","72.297297","95.884774","89.423077","84.328358","ND","92.224231","100","100","ND","ND","ND","ND","ND","100","91.617934","100","100","66.666667","ND",
"Tasa_de_alfabetización_de_las_personas_de_15_años_o_más,_desglosada_por_sexo_y_subpoblaciones<b><i>_[CENSO]_</i></b>",	20511,"Santo_Domingo_Nuxaá","2020","93.792478","98.617512","98.807157","96.941896","80.632411","96.732026","91.021127","91.8637","95","93.792478","ND","ND","ND","ND","ND","ND","ND","100","93.677896","100","100","77.104377","ND",
"Tasa_de_alfabetización_de_las_personas_de_15_años_o_más,_desglosada_por_sexo_y_subpoblaciones<b><i>_[CENSO]_</i></b>",	20512,"Santo_Domingo_Ozolotepec","2020","77.777778","100","97.560976","83.802817","36.571429","86.337209","70.12987","57.692308","71.428571","77.747253","100","100","ND","ND","ND","ND","ND","100","77.5","100","100","43.478261","ND",
"Tasa_de_alfabetización_de_las_personas_de_15_años_o_más,_desglosada_por_sexo_y_subpoblaciones<b><i>_[CENSO]_</i></b>",	20513,"Santo_Domingo_Petapa","2020","84.697902","99.011858","97.417219","87.569331","56.677266","89.751051","79.882933","72.036595","86.71875","84.730775","100","100","ND","ND","ND","ND","0","90.909091","84.273193","94.756554","90.909091","64.395887","ND",
"Tasa_de_alfabetización_de_las_personas_de_15_años_o_más,_desglosada_por_sexo_y_subpoblaciones<b><i>_[CENSO]_</i></b>",	20514,"Santo_Domingo_Roayaga","2020","82.334869","98","95.897436","81.786942","53.913043","86.27451","78.84058","82.268371","70","82.334869","ND","ND","ND","ND","ND","ND","ND","100","82.225657","100","100","55.172414","ND",
"Tasa_de_alfabetización_de_las_personas_de_15_años_o_más,_desglosada_por_sexo_y_subpoblaciones<b><i>_[CENSO]_</i></b>",	20515,"Santo_Domingo_Tehuantepec","2020","92.441273","99.129725","98.272454","95.407735","73.348289","94.479115","90.586542","81.204309","94.74313","92.446458","97.87234","100","90","100","98.148148","ND","47.058824","97.058824","92.283817","97.643505","96.610169","71.989208","ND",
"Tasa_de_alfabetización_de_las_personas_de_15_años_o_más,_desglosada_por_sexo_y_subpoblaciones<b><i>_[CENSO]_</i></b>",	20516,"Santo_Domingo_Teojomulco","2020","87.371722","99.702381","98.249027","90.102171","53.460208","88.344292","86.485014","87.931034","87.5","87.328375","100","100","ND","ND","100","ND","100","100","87.122093","100","100","55.921053","ND",
"Tasa_de_alfabetización_de_las_personas_de_15_años_o_más,_desglosada_por_sexo_y_subpoblaciones<b><i>_[CENSO]_</i></b>",	20517,"Santo_Domingo_Tepuxtepec","2020","67.387565","98.429319","97.422222","64.894194","10.292072","74.616228","61.514477","67.16155","42.857143","67.379548","100","100","ND","ND","ND","ND","ND","87.5","66.658228","91.891892","87.5","31.690141","ND",
"Tasa_de_alfabetización_de_las_personas_de_15_años_o_más,_desglosada_por_sexo_y_subpoblaciones<b><i>_[CENSO]_</i></b>",	20518,"Santo_Domingo_Tlatayápam","2020","94.565217","100","100","100","82.142857","100","90","ND","ND","94.565217","ND","ND","ND","ND","ND","ND","ND","ND","94.318182","100","ND","80","ND",
"Tasa_de_alfabetización_de_las_personas_de_15_años_o_más,_desglosada_por_sexo_y_subpoblaciones<b><i>_[CENSO]_</i></b>",	20519,"Santo_Domingo_Tomaltepec","2020","95.887779","99.350649","99.172185","97.372372","87.109375","97.106109","94.771723","88.223553","100","95.873506","100","100","100","ND","ND","ND","ND","100","95.854718","95.555556","100","78.289474","ND",
"Tasa_de_alfabetización_de_las_personas_de_15_años_o_más,_desglosada_por_sexo_y_subpoblaciones<b><i>_[CENSO]_</i></b>",	20520,"Santo_Domingo_Tonalá","2020","83.887043","98.783455","97.526237","88.958333","55.223881","86.503306","81.524412","64.109233","88.52459","83.709647","100","100","ND","ND","100","ND","100","90.37037","83.437745","91.715976","90.780142","58.215962","ND",
"Tasa_de_alfabetización_de_las_personas_de_15_años_o_más,_desglosada_por_sexo_y_subpoblaciones<b><i>_[CENSO]_</i></b>",	20521,"Santo_Domingo_Tonaltepec","2020","89.583333","100","97.222222","96.385542","73.333333","94.117647","85.981308","85.714286","ND","89.583333","ND","ND","ND","ND","ND","ND","ND","100","89.130435","100","100","76","ND",
"Tasa_de_alfabetización_de_las_personas_de_15_años_o_más,_desglosada_por_sexo_y_subpoblaciones<b><i>_[CENSO]_</i></b>",	20522,"Santo_Domingo_Xagacía","2020","87.684729","100","99.39759","95.266272","67.322835","91.876751","84.395604","86.863271","100","87.669544","ND","ND","ND","ND","ND","ND","100","100","87.289235","94.871795","100","57.777778","ND",
"Tasa_de_alfabetización_de_las_personas_de_15_años_o_más,_desglosada_por_sexo_y_subpoblaciones<b><i>_[CENSO]_</i></b>",	20523,"Santo_Domingo_Yanhuitlán","2020","93.400167","100","98.507463","96.802842","83.798883","94.736842","92.330827","94.444444","89.922481","93.389121","100","100","ND","ND","ND","ND","ND","100","93.264249","97.222222","100","79.2","ND",
"Tasa_de_alfabetización_de_las_personas_de_15_años_o_más,_desglosada_por_sexo_y_subpoblaciones<b><i>_[CENSO]_</i></b>",	20524,"Santo_Domingo_Yodohino","2020","96.73913","100","98.529412","99.212598","90","98.591549","94.776119","ND","ND","96.703297","100","100","ND","ND","ND","ND","ND","100","96.715328","100","100","92.307692","ND",
"Tasa_de_alfabetización_de_las_personas_de_15_años_o_más,_desglosada_por_sexo_y_subpoblaciones<b><i>_[CENSO]_</i></b>",	20525,"Santo_Domingo_Zanatepec","2020","88.879301","99.383667","97.887687","94.338798","65.479582","89.731159","88.06254","72.486772","87.203791","88.87808","94.444444","85.714286","100","ND","100","ND","0","100","88.430226","96.022727","100","63.863636","ND",
"Tasa_de_alfabetización_de_las_personas_de_15_años_o_más,_desglosada_por_sexo_y_subpoblaciones<b><i>_[CENSO]_</i></b>",	20526,"Santos_Reyes_Nopala","2020","79.357758","98.370672","96.462627","78.235927","38.869048","82.849057","76.368923","68.977008","90.971272","79.341291","100","100","100","ND","ND","ND","50","97.368421","79.079239","94.915254","97.402597","47.442455","ND",
"Tasa_de_alfabetización_de_las_personas_de_15_años_o_más,_desglosada_por_sexo_y_subpoblaciones<b><i>_[CENSO]_</i></b>",	20527,"Santos_Reyes_Pápalo","2020","83.853211","99.428571","98.591549","85.422343","50","89.378238","78.910776","83.005249","84.615385","83.853211","ND","ND","ND","ND","ND","ND","ND","100","83.735312","92.307692","100","44.642857","ND",
"Tasa_de_alfabetización_de_las_personas_de_15_años_o_más,_desglosada_por_sexo_y_subpoblaciones<b><i>_[CENSO]_</i></b>",	20528,"Santos_Reyes_Tepejillo","2020","66.322009","96.153846","98.924731","81.072555","31.120332","72.425249","61.43617","63.902439","50","65.61086","100","100","ND","ND","ND","ND","ND","77.777778","65.04065","78.125","80","32.061069","ND",
"Tasa_de_alfabetización_de_las_personas_de_15_años_o_más,_desglosada_por_sexo_y_subpoblaciones<b><i>_[CENSO]_</i></b>",	20529,"Santos_Reyes_Yucuná","2020","77.945946","98.62069","98.198198","69.942197","8.910891","84.044944","72.291667","77.603583","0","77.945946","ND","ND","ND","ND","ND","ND","ND","ND","77.643172","94.117647","ND","20.833333","ND",
"Tasa_de_alfabetización_de_las_personas_de_15_años_o_más,_desglosada_por_sexo_y_subpoblaciones<b><i>_[CENSO]_</i></b>",	20530,"Santo_Tomás_Jalieza","2020","91.234918","99.545455","98.214286","95.27027","60.56338","93.860322","88.976898","73.8041","87.5","91.213091","100","100","ND","ND","ND","ND","ND","96","91.099855","100","96.296296","62.343096","ND",
"Tasa_de_alfabetización_de_las_personas_de_15_años_o_más,_desglosada_por_sexo_y_subpoblaciones<b><i>_[CENSO]_</i></b>",	20531,"Santo_Tomás_Mazaltepec","2020","95.445135","100","98.504673","97.558269","84.491979","95.878525","95.049505","93.709528","94.736842","95.426195","100","100","ND","ND","ND","ND","100","100","95.341451","100","100","80","ND",
"Tasa_de_alfabetización_de_las_personas_de_15_años_o_más,_desglosada_por_sexo_y_subpoblaciones<b><i>_[CENSO]_</i></b>",	20532,"Santo_Tomás_Ocotepec","2020","80.309968","100","97.448166","88.295365","45.048815","89.022436","73.475801","80.007323","82.352941","80.310515","0","0","ND","ND","ND","ND","100","100","80.093424","89.795918","100","43.514644","ND",
"Tasa_de_alfabetización_de_las_personas_de_15_años_o_más,_desglosada_por_sexo_y_subpoblaciones<b><i>_[CENSO]_</i></b>",	20533,"Santo_Tomás_Tamazulapan","2020","90.992835","99.295775","98.464491","92.918455","71.866295","93.600868","88.662791","77.372263","97.959184","90.965092","100","100","ND","ND","100","ND","ND","50","90.933476","94.186047","50","70.391061","ND",
"Tasa_de_alfabetización_de_las_personas_de_15_años_o_más,_desglosada_por_sexo_y_subpoblaciones<b><i>_[CENSO]_</i></b>",	20534,"San_Vicente_Coatlán","2020","74.937656","97.991968","95.412844","81.826923","32.867133","80.05618","70.852018","74.694984","64.516129","74.916667","83.333333","83.333333","ND","ND","ND","ND","ND","96.202532","74.143167","80","96.296296","29.613734","ND",
"Tasa_de_alfabetización_de_las_personas_de_15_años_o_más,_desglosada_por_sexo_y_subpoblaciones<b><i>_[CENSO]_</i></b>",	20535,"San_Vicente_Lachixío","2020","78.996718","100","97.092084","84.145078","21.082621","86.387996","73.25","78.937291","100","78.947368","100","100","ND","ND","100","ND","100","100","78.502879","100","100","30.894309","ND",
"Tasa_de_alfabetización_de_las_personas_de_15_años_o_más,_desglosada_por_sexo_y_subpoblaciones<b><i>_[CENSO]_</i></b>",	20536,"San_Vicente_Nuñú","2020","96.089385","100","100","98.823529","89.380531","98.780488","93.814433","100","95.652174","96.089385","ND","ND","ND","ND","ND","ND","ND","ND","95.833333","100","ND","87.037037","ND",
"Tasa_de_alfabetización_de_las_personas_de_15_años_o_más,_desglosada_por_sexo_y_subpoblaciones<b><i>_[CENSO]_</i></b>",	20537,"Silacayoápam","2020","82.374173","99.425287","97.771836","91.7154","53.447099","87.096774","78.145192","59.580838","100","82.231656","100","100","ND","ND","100","ND","ND","91.304348","81.913752","86.740331","91.724138","51.038576","ND",
"Tasa_de_alfabetización_de_las_personas_de_15_años_o_más,_desglosada_por_sexo_y_subpoblaciones<b><i>_[CENSO]_</i></b>",	20538,"Sitio_de_Xitlapehua","2020","92.1875","100","100","95.338983","73.873874","94.820717","89.655172","100","100","92.1875","ND","ND","ND","ND","ND","ND","ND","100","91.666667","100","100","79.069767","ND",
"Tasa_de_alfabetización_de_las_personas_de_15_años_o_más,_desglosada_por_sexo_y_subpoblaciones<b><i>_[CENSO]_</i></b>",	20539,"Soledad_Etla","2020","98.177299","99.697885","99.756296","98.60056","93.594771","98.794143","97.605746","90.810811","98.591549","98.172757","100","100","ND","ND","ND","ND","100","100","98.160821","98.387097","100","87.545788","ND",
"Tasa_de_alfabetización_de_las_personas_de_15_años_o_más,_desglosada_por_sexo_y_subpoblaciones<b><i>_[CENSO]_</i></b>",	20540,"Villa_de_Tamazulápam_del_Progreso","2020","94.857982","99.2891","98.647059","96.721865","81.626794","95.321415","94.50958","95.69378","95.392279","94.849575","100","100","ND","ND","100","ND","ND","100","94.686486","98.380567","100","77.91411","ND",
"Tasa_de_alfabetización_de_las_personas_de_15_años_o_más,_desglosada_por_sexo_y_subpoblaciones<b><i>_[CENSO]_</i></b>",	20541,"Tanetze_de_Zaragoza","2020","94.988067","100","99.130435","96.64311","87.683284","96.247961","93.78882","94.596913","100","94.988067","ND","ND","ND","ND","ND","ND","ND","66.666667","94.983819","100","66.666667","81.147541","ND",
"Tasa_de_alfabetización_de_las_personas_de_15_años_o_más,_desglosada_por_sexo_y_subpoblaciones<b><i>_[CENSO]_</i></b>",	20542,"Taniche","2020","89.62963","100","97.368421","92.207792","75.581395","91.054313","88.39779","60","100","89.567809","100","100","ND","ND","ND","ND","ND","88.888889","89.506173","94.444444","88.888889","65.57377","ND",
"Tasa_de_alfabetización_de_las_personas_de_15_años_o_más,_desglosada_por_sexo_y_subpoblaciones<b><i>_[CENSO]_</i></b>",	20543,"Tataltepec_de_Valdés","2020","80.512938","98.717949","97.238372","78.192328","43.696275","81.826787","79.281278","72.545245","92.592593","80.486127","100","100","ND","ND","100","ND","ND","97.674419","80.204937","100","97.727273","58.858859","ND",
"Tasa_de_alfabetización_de_las_personas_de_15_años_o_más,_desglosada_por_sexo_y_subpoblaciones<b><i>_[CENSO]_</i></b>",	20544,"Teococuilco_de_Marcos_Pérez","2020","91.916558","100","98.550725","96.242775","80.894309","95.844875","88.423645","90.982287","90.909091","91.906005","100","100","ND","ND","ND","ND","ND","100","91.610284","100","100","76.146789","ND",
"Tasa_de_alfabetización_de_las_personas_de_15_años_o_más,_desglosada_por_sexo_y_subpoblaciones<b><i>_[CENSO]_</i></b>",	20545,"Teotitlán_de_Flores_Magón","2020","92.026162","98.983051","98.552279","93.392703","75.2","93.56301","90.71447","73.342736","92.857143","92.032316","100","100","ND","ND","100","ND","50","100","91.874909","95.151515","100","72.820513","ND",
"Tasa_de_alfabetización_de_las_personas_de_15_años_o_más,_desglosada_por_sexo_y_subpoblaciones<b><i>_[CENSO]_</i></b>",	20546,"Teotitlán_del_Valle","2020","91.529131","98.688525","98.667935","96.073812","72.646536","95.805085","87.74822","89.099526","91.358025","91.471471","100","100","100","ND","100","ND","100","100","91.254363","100","100","65.162907","ND",
"Tasa_de_alfabetización_de_las_personas_de_15_años_o_más,_desglosada_por_sexo_y_subpoblaciones<b><i>_[CENSO]_</i></b>",	20547,"Teotongo","2020","91.344874","100","99.24812","95.795796","78.26087","94.658754","88.647343","94.444444","100","91.275168","100","100","ND","ND","ND","ND","ND","100","90.973202","97.368421","100","67.5","ND",
"Tasa_de_alfabetización_de_las_personas_de_15_años_o_más,_desglosada_por_sexo_y_subpoblaciones<b><i>_[CENSO]_</i></b>",	20548,"Tepelmeme_Villa_de_Morelos","2020","93.925926","100","98.697068","96.864111","83.286908","96.283784","92.084433","95","100","93.921423","100","ND","ND","ND","100","ND","ND","100","93.587662","97.321429","100","82.790698","ND",
"Tasa_de_alfabetización_de_las_personas_de_15_años_o_más,_desglosada_por_sexo_y_subpoblaciones<b><i>_[CENSO]_</i></b>",	20549,"Heroica_Villa_Tezoatlán_de_Segura_y_Luna,_Cuna_de_la_Independencia_de_Oaxaca","2020","82.330649","98.899083","98.180077","88.599255","54.741379","86.395259","78.873548","75.342466","79.268293","82.239428","97.87234","97.826087","ND","ND","100","ND","100","87.209302","82.103572","87.790698","87.640449","48.7228","ND",
"Tasa_de_alfabetización_de_las_personas_de_15_años_o_más,_desglosada_por_sexo_y_subpoblaciones<b><i>_[CENSO]_</i></b>",	20550,"San_Jerónimo_Tlacochahuaya","2020","93.33484","99.358974","99.043571","95.61879","80.500521","95.916383","91.093288","88.930582","95","93.284771","100","100","ND","ND","100","ND","ND","100","93.171755","97.916667","100","76.122449","ND",
"Tasa_de_alfabetización_de_las_personas_de_15_años_o_más,_desglosada_por_sexo_y_subpoblaciones<b><i>_[CENSO]_</i></b>",	20551,"Tlacolula_de_Matamoros","2020","93.207343","99.21466","98.481481","94.973901","75.780089","94.821411","91.798986","83.673469","95.912409","93.472906","98.039216","100","100","ND","92.592593","ND","49.655172","98.930481","93.292829","97.149123","99.029126","75.923719","ND",
"Tasa_de_alfabetización_de_las_personas_de_15_años_o_más,_desglosada_por_sexo_y_subpoblaciones<b><i>_[CENSO]_</i></b>",	20552,"Tlacotepec_Plumas","2020","94.0625","96.153846","98.113208","97.6","87.931034","97.297297","91.27907","100","ND","94.0625","ND","ND","ND","ND","ND","ND","ND","ND","94.117647","92.857143","ND","73.529412","ND",
"Tasa_de_alfabetización_de_las_personas_de_15_años_o_más,_desglosada_por_sexo_y_subpoblaciones<b><i>_[CENSO]_</i></b>",	20553,"Tlalixtac_de_Cabrera","2020","95.627208","98.874598","99.125874","96.995708","84.589502","97.825059","93.700787","83.14978","99.230769","95.613548","100","100","100","100","100","ND","66.666667","100","95.531674","100","100","78.971963","ND",
"Tasa_de_alfabetización_de_las_personas_de_15_años_o_más,_desglosada_por_sexo_y_subpoblaciones<b><i>_[CENSO]_</i></b>",	20554,"Totontepec_Villa_de_Morelos","2020","78.752192","96.636086","94.947368","83.594172","43.670151","80.8705","76.901408","76.858345","81.818182","78.698819","100","100","ND","ND","100","ND","100","100","78.443878","96.428571","100","56.210526","ND",
"Tasa_de_alfabetización_de_las_personas_de_15_años_o_más,_desglosada_por_sexo_y_subpoblaciones<b><i>_[CENSO]_</i></b>",	20555,"Trinidad_Zaachila","2020","92.515432","100","99.223602","96.98609","71.042471","94.901316","90.406977","97.368421","96.153846","92.49226","100","100","ND","ND","ND","ND","ND","86.666667","92.472266","96.226415","86.666667","64.571429","ND",
"Tasa_de_alfabetización_de_las_personas_de_15_años_o_más,_desglosada_por_sexo_y_subpoblaciones<b><i>_[CENSO]_</i></b>",	20556,"La_Trinidad_Vista_Hermosa","2020","87.727273","93.75","100","96.938776","65.151515","93.069307","83.193277","85.714286","ND","87.727273","ND","ND","ND","ND","ND","ND","ND","100","87.046632","92.307692","100","50","ND",
"Tasa_de_alfabetización_de_las_personas_de_15_años_o_más,_desglosada_por_sexo_y_subpoblaciones<b><i>_[CENSO]_</i></b>",	20557,"Unión_Hidalgo","2020","90.891231","99.456522","99.249061","96.251577","68.600954","93.279821","88.700565","87.439042","93.220339","90.896083","100","100","100","ND","100","ND","0","100","90.695108","98.045603","100","65.65445","ND",
"Tasa_de_alfabetización_de_las_personas_de_15_años_o_más,_desglosada_por_sexo_y_subpoblaciones<b><i>_[CENSO]_</i></b>",	20558,"Valerio_Trujano","2020","91.503268","100","97.073171","96.346154","74.904943","94.093686","89.310345","69.756098","96.825397","91.503268","ND","ND","ND","ND","ND","ND","ND","100","91.12426","98.148148","100","65.322581","ND",
"Tasa_de_alfabetización_de_las_personas_de_15_años_o_más,_desglosada_por_sexo_y_subpoblaciones<b><i>_[CENSO]_</i></b>",	20559,"San_Juan_Bautista_Valle_Nacional","2020","87.322261","99.025974","98.42248","91.443718","59.496705","89.979731","84.950249","82.491618","88.034188","87.304723","96.153846","100","50","ND","100","ND","100","99.324324","87.020177","96.686747","99.324324","61.03352","ND",
"Tasa_de_alfabetización_de_las_personas_de_15_años_o_más,_desglosada_por_sexo_y_subpoblaciones<b><i>_[CENSO]_</i></b>",	20560,"Villa_Díaz_Ordaz","2020","88.586623","99.285714","98.360656","92.265193","70.7137","93.761384","84.366877","87.529301","85.185185","88.553846","100","100","ND","ND","100","ND","ND","98.666667","88.33053","96.491228","98.684211","62.240664","ND",
"Tasa_de_alfabetización_de_las_personas_de_15_años_o_más,_desglosada_por_sexo_y_subpoblaciones<b><i>_[CENSO]_</i></b>",	20561,"Yaxe","2020","88.409828","100","98.602484","92.189106","52.449568","92.552135","84.782609","92.592593","76.923077","88.404453","100","100","ND","ND","ND","ND","ND","100","88.296366","92.592593","100","53.142857","ND",
"Tasa_de_alfabetización_de_las_personas_de_15_años_o_más,_desglosada_por_sexo_y_subpoblaciones<b><i>_[CENSO]_</i></b>",	20562,"Magdalena_Yodocono_de_Porfirio_Díaz","2020","91.761827","99.107143","98.349835","96.598639","66.367713","92.929293","90.664557","84.615385","90","91.761827","ND","ND","ND","ND","ND","ND","ND","100","91.60105","93.82716","100","66.336634","ND",
"Tasa_de_alfabetización_de_las_personas_de_15_años_o_más,_desglosada_por_sexo_y_subpoblaciones<b><i>_[CENSO]_</i></b>",	20563,"Yogana","2020","70.092497","98.039216","94.827586","79.699248","32.302405","78.372591","62.450593","100","100","69.813278","100","100","ND","ND","ND","ND","ND","100","69.181722","93.75","100","29.530201","ND",
"Tasa_de_alfabetización_de_las_personas_de_15_años_o_más,_desglosada_por_sexo_y_subpoblaciones<b><i>_[CENSO]_</i></b>",	20564,"Yutanduchi_de_Guerrero","2020","80.880649","100","99.230769","93.641618","54.632588","88.01956","74.449339","79.612903","50","80.880649","ND","ND","ND","ND","ND","ND","ND","100","80.290206","93.75","100","57.534247","ND",
"Tasa_de_alfabetización_de_las_personas_de_15_años_o_más,_desglosada_por_sexo_y_subpoblaciones<b><i>_[CENSO]_</i></b>",	20565,"Villa_de_Zaachila","2020","94.176707","98.980792","98.824153","95.476471","76.297143","96.338466","92.310699","87.05445","95.480226","94.189088","94.791667","97.333333","60","100","93.333333","ND","0","97.142857","94.136408","96.81742","96.078431","74.236743","ND",
"Tasa_de_alfabetización_de_las_personas_de_15_años_o_más,_desglosada_por_sexo_y_subpoblaciones<b><i>_[CENSO]_</i></b>",	20566,"San_Mateo_Yucutindoo","2020","80.314961","99.484536","97.845601","84.243697","42.54386","85.456274","75.429088","85","100","80.28757","100","100","ND","ND","100","ND","100","100","80.094118","90","100","41.666667","ND",
"Tasa_de_alfabetización_de_las_personas_de_15_años_o_más,_desglosada_por_sexo_y_subpoblaciones<b><i>_[CENSO]_</i></b>",	20567,"Zapotitlán_Lagunas","2020","77.662786","97.142857","96.529968","83.280085","41.50613","82.479784","73.217247","73.333333","100","77.545692","90.47619","90","ND","ND","100","ND","ND","84.848485","77.266576","86.363636","86.111111","50.247525","ND",
"Tasa_de_alfabetización_de_las_personas_de_15_años_o_más,_desglosada_por_sexo_y_subpoblaciones<b><i>_[CENSO]_</i></b>",	20568,"Zapotitlán_Palmas","2020","83.566146","100","98.924731","92.885375","50.914634","89.833641","78.550296","51.923077","100","83.539095","100","100","ND","ND","ND","ND","ND","100","83.27674","87.5","100","51","ND",
"Tasa_de_alfabetización_de_las_personas_de_15_años_o_más,_desglosada_por_sexo_y_subpoblaciones<b><i>_[CENSO]_</i></b>",	20569,"Santa_Inés_de_Zaragoza","2020","89.210019","98.461538","99.39759","96.733668","76.283619","93.670886","85.460993","82.716049","100","89.296046","0","0","ND","ND","ND","ND","ND","100","89.119683","92","100","66.666667","ND",
"Tasa_de_alfabetización_de_las_personas_de_15_años_o_más,_desglosada_por_sexo_y_subpoblaciones<b><i>_[CENSO]_</i></b>",	20570,"Zimatlán_de_Álvarez","2020","93.431644","99.121406","99.052708","96.509109","75.629702","95.309394","91.807974","80.248447","95.04717","93.398382","100","100","100","ND","100","ND","100","94.392523","93.351853","96.835443","94.915254","74.789916","ND",
"Tasa_de_alfabetización_de_las_personas_de_15_años_o_más,_desglosada_por_sexo_y_subpoblaciones<b><i>_[CENSO]_</i></b>",	21,"Puebla","2020","92.914032","98.9076","98.433998","93.972454","76.716048","94.511397","91.494604","76.903603","93.242941","92.916638","99.257236","99.274769","95.518868","99.801193","99.358069","94.871795","48.92234","97.46768","92.776663","97.802953","97.867659","72.869604","ND",
"Tasa_de_alfabetización_de_las_personas_de_15_años_o_más,_desglosada_por_sexo_y_subpoblaciones<b><i>_[CENSO]_</i></b>",	21001,"Acajete","2020","91.313086","98.593716","97.681328","90.822408","71.461488","93.356689","89.4704","71.952928","88.288288","91.307572","92.753623","98.882682","42.857143","100","58.333333","100","87.5","97.252747","91.199111","96.602492","95.897436","69.738383","ND",
"Tasa_de_alfabetización_de_las_personas_de_15_años_o_más,_desglosada_por_sexo_y_subpoblaciones<b><i>_[CENSO]_</i></b>",	21002,"Acateno","2020","88.712522","98.640777","98.268398","92.38965","65.17664","90.130024","87.309942","66.483516","94.594595","88.720588","100","100","ND","ND","ND","ND","0","100","88.422819","95.714286","100","65.944272","ND",
"Tasa_de_alfabetización_de_las_personas_de_15_años_o_más,_desglosada_por_sexo_y_subpoblaciones<b><i>_[CENSO]_</i></b>",	21003,"Acatlán","2020","91.0777","98.854167","98.281403","94.683524","72.331081","92.53012","89.862958","90.656566","90.509259","91.047142","98.445596","98.369565","ND","ND","100","ND","41.666667","96.186441","90.921491","97.063903","95.983936","68.59035","ND",
"Tasa_de_alfabetización_de_las_personas_de_15_años_o_más,_desglosada_por_sexo_y_subpoblaciones<b><i>_[CENSO]_</i></b>",	21004,"Acatzingo","2020","92.529085","98.333748","97.819115","92.473546","71.675676","94.1073","91.083259","83.673469","93.333333","92.520238","98.360656","100","83.333333","ND","100","ND","100","98.75","92.477321","95.791583","98.795181","72.074335","ND",
"Tasa_de_alfabetización_de_las_personas_de_15_años_o_más,_desglosada_por_sexo_y_subpoblaciones<b><i>_[CENSO]_</i></b>",	21005,"Acteopan","2020","83.326351","99.253731","98.511905","82.777277","58.474576","90.246126","77.44186","74.047955","78.571429","83.284334","100","100","ND","ND","ND","ND","100","90.909091","83.220339","93.75","90.909091","51.690821","ND",
"Tasa_de_alfabetización_de_las_personas_de_15_años_o_más,_desglosada_por_sexo_y_subpoblaciones<b><i>_[CENSO]_</i></b>",	21006,"Ahuacatlán","2020","70.499259","99.361702","96.607614","69.493698","20.695274","74.64455","66.983373","68.080027","65.034965","70.495696","100","100","ND","ND","ND","ND","33.333333","100","70.185464","94.957983","100","32.066508","ND",
"Tasa_de_alfabetización_de_las_personas_de_15_años_o_más,_desglosada_por_sexo_y_subpoblaciones<b><i>_[CENSO]_</i></b>",	21007,"Ahuatlán","2020","84.285062","98.064516","98.715203","91.327064","58.688525","85.308057","83.333333","64.285714","77.777778","84.183908","100","100","ND","ND","ND","ND","ND","90.909091","84.154275","91.666667","92.307692","53.892216","ND",
"Tasa_de_alfabetización_de_las_personas_de_15_años_o_más,_desglosada_por_sexo_y_subpoblaciones<b><i>_[CENSO]_</i></b>",	21008,"Ahuazotepec","2020","93.04002","99.447514","99.017682","94.995045","73.28","94.159246","92.029328","72","100","93.031359","100","100","ND","ND","100","ND","ND","100","92.772512","97.435897","100","74.588665","ND",
"Tasa_de_alfabetización_de_las_personas_de_15_años_o_más,_desglosada_por_sexo_y_subpoblaciones<b><i>_[CENSO]_</i></b>",	21009,"Ahuehuetitla","2020","88.186987","100","98.898072","95.774648","67.364017","90.909091","85.815603","100","94.285714","88.130185","93.75","93.75","ND","ND","ND","ND","ND","92.857143","87.917223","92.5","93.333333","63.909774","ND",
"Tasa_de_alfabetización_de_las_personas_de_15_años_o_más,_desglosada_por_sexo_y_subpoblaciones<b><i>_[CENSO]_</i></b>",	21010,"Ajalpan","2020","81.765774","96.970929","95.644042","78.127832","41.419685","87.068567","76.97768","70.551569","89.915966","81.77334","95.238095","97.297297","ND","ND","100","0","14.285714","93.382353","81.62029","96.222222","93.661972","52.509843","ND",
"Tasa_de_alfabetización_de_las_personas_de_15_años_o_más,_desglosada_por_sexo_y_subpoblaciones<b><i>_[CENSO]_</i></b>",	21011,"Albino_Zertuche","2020","89.840788","100","99.0625","92.02773","73.684211","92.549669","87.552448","72.727273","81.818182","89.763178","100","100","ND","ND","ND","ND","ND","94.285714","89.482072","100","94.736842","71","ND",
"Tasa_de_alfabetización_de_las_personas_de_15_años_o_más,_desglosada_por_sexo_y_subpoblaciones<b><i>_[CENSO]_</i></b>",	21012,"Aljojuca","2020","90.680564","99.390244","98.443898","93.330408","73.42723","93.053097","88.644132","72.727273","90.909091","90.621144","100","100","ND","ND","100","ND","ND","92.105263","90.516333","97.272727","92.105263","74.586777","ND",
"Tasa_de_alfabetización_de_las_personas_de_15_años_o_más,_desglosada_por_sexo_y_subpoblaciones<b><i>_[CENSO]_</i></b>",	21013,"Altepexi","2020","87.8111","98.923841","97.95073","87.692123","57.567984","92.234154","83.807492","81.921025","85.221675","87.806548","100","100","100","ND","ND","ND","100","96.969697","87.724814","95.454545","97.142857","63.421053","ND",
"Tasa_de_alfabetización_de_las_personas_de_15_años_o_más,_desglosada_por_sexo_y_subpoblaciones<b><i>_[CENSO]_</i></b>",	21014,"Amixtlán","2020","71.700796","99.115044","96.585366","72.969543","31.113956","74.766355","69.126112","64.864865","61.764706","71.692745","100","100","ND","ND","ND","ND","ND","100","71.213438","98.076923","100","44.776119","ND",
"Tasa_de_alfabetización_de_las_personas_de_15_años_o_más,_desglosada_por_sexo_y_subpoblaciones<b><i>_[CENSO]_</i></b>",	21015,"Amozoc","2020","95.359582","99.017395","98.559709","95.80095","80.843699","96.71394","94.101136","86.02762","96.089584","95.358697","100","100","100","100","100","ND","75.862069","99.082569","95.336464","96.687697","99.259259","79.649325","ND",
"Tasa_de_alfabetización_de_las_personas_de_15_años_o_más,_desglosada_por_sexo_y_subpoblaciones<b><i>_[CENSO]_</i></b>",	21016,"Aquixtla","2020","88.814037","98.638132","97.968937","90.387139","66.870096","89.004739","88.626476","88.102894","93.103448","88.808777","100","100","100","ND","ND","ND","ND","96","88.500656","95.419847","96","66.048237","ND",
"Tasa_de_alfabetización_de_las_personas_de_15_años_o_más,_desglosada_por_sexo_y_subpoblaciones<b><i>_[CENSO]_</i></b>",	21017,"Atempan","2020","87.821089","99.020568","97.94136","87.4314","50.640742","91.571827","84.554974","76.241505","89.189189","87.815","100","100","100","ND","100","ND","100","100","87.664683","96.352584","100","61.585366","ND",
"Tasa_de_alfabetización_de_las_personas_de_15_años_o_más,_desglosada_por_sexo_y_subpoblaciones<b><i>_[CENSO]_</i></b>",	21018,"Atexcal","2020","90.635452","99.122807","99.014778","93.404782","74.414977","94.614148","87.214927","78.125","94.845361","90.635452","ND","ND","ND","ND","ND","ND","ND","100","90.237262","99.099099","100","69.040248","ND",
"Tasa_de_alfabetización_de_las_personas_de_15_años_o_más,_desglosada_por_sexo_y_subpoblaciones<b><i>_[CENSO]_</i></b>",	21019,"Atlixco","2020","95.038008","98.784314","98.675497","95.920706","85.650415","96.488642","93.802822","79.73089","96.442308","95.084051","99.86413","99.818512","100","100","100","ND","21.929825","96.541787","95.046345","98.276736","96.965866","78.926702","ND",
"Tasa_de_alfabetización_de_las_personas_de_15_años_o_más,_desglosada_por_sexo_y_subpoblaciones<b><i>_[CENSO]_</i></b>",	21020,"Atoyatempan","2020","94.243792","99.558499","97.929737","95.46875","78.138223","95.889864","92.775801","86.288848","94.495413","94.234031","100","100","100","ND","ND","ND","100","90","94.232224","100","90","82.768362","ND",
"Tasa_de_alfabetización_de_las_personas_de_15_años_o_más,_desglosada_por_sexo_y_subpoblaciones<b><i>_[CENSO]_</i></b>",	21021,"Atzala","2020","92.640294","100","97.952218","93.75","77.222222","93.516699","91.868512","66.666667","89.090909","92.637465","92.857143","92.857143","ND","ND","ND","ND","ND","100","92.521572","91.304348","100","76.699029","ND",
"Tasa_de_alfabetización_de_las_personas_de_15_años_o_más,_desglosada_por_sexo_y_subpoblaciones<b><i>_[CENSO]_</i></b>",	21022,"Atzitzihuacán","2020","90.046043","98.527246","97.409126","91.76002","72.826087","92.762221","87.713936","74.137931","92.682927","89.990078","100","100","ND","ND","100","ND","ND","97.272727","89.850175","96.969697","97.297297","65.800866","ND",
"Tasa_de_alfabetización_de_las_personas_de_15_años_o_más,_desglosada_por_sexo_y_subpoblaciones<b><i>_[CENSO]_</i></b>",	21023,"Atzitzintla","2020","86.027579","98.758865","95.92511","85.416667","60.022148","86.855759","85.262148","100","82.758621","86.008984","100","100","ND","ND","ND","ND","100","95.238095","85.882749","96.774194","95.238095","62.417582","ND",
"Tasa_de_alfabetización_de_las_personas_de_15_años_o_más,_desglosada_por_sexo_y_subpoblaciones<b><i>_[CENSO]_</i></b>",	21024,"Axutla","2020","83.81201","100","96.202532","91.780822","64.661654","88.705234","79.404467","83.333333","75","83.6","100","100","ND","ND","100","ND","50","83.333333","83.333333","100","86.956522","57.037037","ND",
"Tasa_de_alfabetización_de_las_personas_de_15_años_o_más,_desglosada_por_sexo_y_subpoblaciones<b><i>_[CENSO]_</i></b>",	21025,"Ayotoxco_de_Guerrero","2020","88.14512","98.423423","98.004129","89.338731","65.940594","90.45584","86.026771","76.566265","89.922481","88.135015","100","100","ND","ND","ND","ND","ND","100","87.848325","95.906433","100","63.297872","ND",
"Tasa_de_alfabetización_de_las_personas_de_15_años_o_más,_desglosada_por_sexo_y_subpoblaciones<b><i>_[CENSO]_</i></b>",	21026,"Calpan","2020","89.102449","98.812352","98.09705","91.69992","66.360716","90.559242","87.802402","69.55836","89.186406","89.027903","100","100","ND","ND","100","ND","ND","95.041322","88.920691","94.323144","95.2","62.880562","ND",
"Tasa_de_alfabetización_de_las_personas_de_15_años_o_más,_desglosada_por_sexo_y_subpoblaciones<b><i>_[CENSO]_</i></b>",	21027,"Caltepec","2020","89.723577","100","98.928571","94.07846","75.215517","93.158661","86.948854","87.5","88.888889","89.716889","100","ND","ND","ND","100","ND","ND","100","89.338361","96.428571","100","73.035714","ND",
"Tasa_de_alfabetización_de_las_personas_de_15_años_o_más,_desglosada_por_sexo_y_subpoblaciones<b><i>_[CENSO]_</i></b>",	21028,"Camocuautla","2020","76.333506","99.052133","98.378378","71.972318","31.879195","80.34188","72.562814","76.293559","100","76.333506","ND","ND","ND","ND","ND","ND","ND","100","76.148225","100","100","27.536232","ND",
"Tasa_de_alfabetización_de_las_personas_de_15_años_o_más,_desglosada_por_sexo_y_subpoblaciones<b><i>_[CENSO]_</i></b>",	21029,"Caxhuacan","2020","79.593293","100","97.800587","88.61267","37.405732","83.548143","76.078167","77.200164","86.956522","79.614423","ND","ND","ND","ND","ND","ND","50","100","79.188003","97.014925","100","50.347222","ND",
"Tasa_de_alfabetización_de_las_personas_de_15_años_o_más,_desglosada_por_sexo_y_subpoblaciones<b><i>_[CENSO]_</i></b>",	21030,"Coatepec","2020","75.441696","100","97.857143","86.440678","31.125828","83.587786","68.421053","73.333333","ND","75.39823","100","100","ND","ND","ND","ND","ND","100","74.681239","100","100","43.478261","ND",
"Tasa_de_alfabetización_de_las_personas_de_15_años_o_más,_desglosada_por_sexo_y_subpoblaciones<b><i>_[CENSO]_</i></b>",	21031,"Coatzingo","2020","82.141071","98.734177","96.781609","86.477644","55.623722","79.914984","84.120983","50","83.333333","82.087306","100","100","ND","ND","ND","ND","ND","76.923077","81.938776","100","80","58.687259","ND",
"Tasa_de_alfabetización_de_las_personas_de_15_años_o_más,_desglosada_por_sexo_y_subpoblaciones<b><i>_[CENSO]_</i></b>",	21032,"Cohetzala","2020","84.607843","98.148148","98.617512","91.422122","62.418301","87.00565","82.00409","56.521739","66.666667","84.577603","100","100","ND","ND","ND","ND","ND","100","84.173387","100","100","60.759494","ND",
"Tasa_de_alfabetización_de_las_personas_de_15_años_o_más,_desglosada_por_sexo_y_subpoblaciones<b><i>_[CENSO]_</i></b>",	21033,"Cohuecan","2020","93.728858","98.913043","97.904192","95.735608","80.11611","95.953437","91.760667","79.937304","95.061728","93.707572","100","100","ND","ND","ND","ND","ND","100","93.554477","97.959184","100","73.790323","ND",
"Tasa_de_alfabetización_de_las_personas_de_15_años_o_más,_desglosada_por_sexo_y_subpoblaciones<b><i>_[CENSO]_</i></b>",	21034,"Coronango","2020","96.773432","99.104859","99.268991","97.50315","85.750507","97.624124","95.973654","84.223919","98.263027","96.769688","99.53271","100","ND","100","98.765432","ND","54.545455","98.449612","96.693174","99.354839","99.038462","78.198567","ND",
"Tasa_de_alfabetización_de_las_personas_de_15_años_o_más,_desglosada_por_sexo_y_subpoblaciones<b><i>_[CENSO]_</i></b>",	21035,"Coxcatlán","2020","89.246452","98.306452","98.026815","91.188008","66.915609","91.475082","87.297027","77.393974","95.121951","89.234258","100","100","ND","ND","100","ND","ND","100","89.093504","96.525097","100","68.698061","ND",
"Tasa_de_alfabetización_de_las_personas_de_15_años_o_más,_desglosada_por_sexo_y_subpoblaciones<b><i>_[CENSO]_</i></b>",	21036,"Coyomeapan","2020","73.770144","96.947271","94.78467","73.907854","25.444513","78.995115","69.394117","73.582432","79.166667","73.790836","100","ND","ND","ND","100","ND","0","100","73.626843","93.939394","100","32.397004","ND",
"Tasa_de_alfabetización_de_las_personas_de_15_años_o_más,_desglosada_por_sexo_y_subpoblaciones<b><i>_[CENSO]_</i></b>",	21037,"Coyotepec","2020","87.230514","100","98.746082","95.174263","68.993506","90.606421","84.297521","70.114943","88.135593","87.202216","100","100","ND","ND","100","ND","ND","100","87.052023","90.277778","100","63.265306","ND",
"Tasa_de_alfabetización_de_las_personas_de_15_años_o_más,_desglosada_por_sexo_y_subpoblaciones<b><i>_[CENSO]_</i></b>",	21038,"Cuapiaxtla_de_Madero","2020","95.146182","98.813559","98.497209","95.390071","80.619112","96.125407","94.242838","89.74359","89.473684","95.169768","66.666667","100","33.333333","ND","100","ND","100","75","95.168943","97.530864","60","75.954198","ND",
"Tasa_de_alfabetización_de_las_personas_de_15_años_o_más,_desglosada_por_sexo_y_subpoblaciones<b><i>_[CENSO]_</i></b>",	21039,"Cuautempan","2020","84.694767","98.201439","97.289823","87.324802","53.160454","87.259764","82.430213","82.060424","91.025641","84.690317","100","100","ND","ND","ND","ND","100","100","84.288715","97.087379","100","57.98722","ND",
"Tasa_de_alfabetización_de_las_personas_de_15_años_o_más,_desglosada_por_sexo_y_subpoblaciones<b><i>_[CENSO]_</i></b>",	21040,"Cuautinchán","2020","92.218268","97.739362","97.375328","91.889219","75.077559","93.739301","90.785533","86.320755","97.101449","92.206249","100","100","ND","ND","100","ND","ND","92","92.169184","95.238095","93.103448","73.553719","ND",
"Tasa_de_alfabetización_de_las_personas_de_15_años_o_más,_desglosada_por_sexo_y_subpoblaciones<b><i>_[CENSO]_</i></b>",	21041,"Cuautlancingo","2020","98.359403","99.277561","99.383464","98.83239","92.248365","98.857996","97.900214","92.965672","99.0513","98.400343","99.594595","100","100","98.876404","99.756691","100","53.913043","97.706422","98.368402","99.330278","98.507463","87.434876","ND",
"Tasa_de_alfabetización_de_las_personas_de_15_años_o_más,_desglosada_por_sexo_y_subpoblaciones<b><i>_[CENSO]_</i></b>",	21042,"Cuayuca_de_Andrade","2020","82.223147","100","98.464491","89.078156","55.395683","85.48951","79.252782","71.428571","88.888889","82.163743","100","100","100","ND","ND","ND","ND","100","81.736527","100","100","53.164557","ND",
"Tasa_de_alfabetización_de_las_personas_de_15_años_o_más,_desglosada_por_sexo_y_subpoblaciones<b><i>_[CENSO]_</i></b>",	21043,"Cuetzalan_del_Progreso","2020","85.016556","99.075844","97.538","86.338054","56.431145","89.654135","80.827946","82.121597","91.866913","85.026845","100","100","ND","ND","100","ND","0","100","84.874266","96.912114","100","57.043305","ND",
"Tasa_de_alfabetización_de_las_personas_de_15_años_o_más,_desglosada_por_sexo_y_subpoblaciones<b><i>_[CENSO]_</i></b>",	21044,"Cuyoaco","2020","92.626458","99.615754","98.597988","94.164316","74.15672","94.411817","91.034592","78.740157","93.006993","92.626806","100","100","ND","ND","100","ND","75","100","92.526107","95.698925","100","70.422535","ND",
"Tasa_de_alfabetización_de_las_personas_de_15_años_o_más,_desglosada_por_sexo_y_subpoblaciones<b><i>_[CENSO]_</i></b>",	21045,"Chalchicomula_de_Sesma","2020","90.706994","98.918139","98.476545","92.378434","69.219883","92.273607","89.325039","92.105263","89.090909","90.692971","100","100","100","100","100","100","86.666667","98.780488","90.566549","95.833333","98.901099","68.192544","ND",
"Tasa_de_alfabetización_de_las_personas_de_15_años_o_más,_desglosada_por_sexo_y_subpoblaciones<b><i>_[CENSO]_</i></b>",	21046,"Chapulco","2020","92.588576","98.452611","98.847926","92.298806","73.313783","94.876733","90.565395","89.473684","95","92.697953","100","100","ND","ND","ND","ND","0","100","92.532588","99.285714","100","73.82199","ND",
"Tasa_de_alfabetización_de_las_personas_de_15_años_o_más,_desglosada_por_sexo_y_subpoblaciones<b><i>_[CENSO]_</i></b>",	21047,"Chiautla","2020","89.839878","99.299475","98.32223","93.354875","69.343066","90.864943","88.877941","64","87.901701","89.762317","99.21875","100","100","100","85.714286","ND","100","95.783133","89.724866","92.694064","96.132597","64.599303","ND",
"Tasa_de_alfabetización_de_las_personas_de_15_años_o_más,_desglosada_por_sexo_y_subpoblaciones<b><i>_[CENSO]_</i></b>",	21048,"Chiautzingo","2020","96.252751","99.209486","98.902754","96.847027","88.073394","97.114999","95.485864","84.955752","97.87234","96.251893","98.113208","98.039216","100","ND","100","ND","75","99.145299","96.23642","96.238245","99.173554","77.180406","ND",
"Tasa_de_alfabetización_de_las_personas_de_15_años_o_más,_desglosada_por_sexo_y_subpoblaciones<b><i>_[CENSO]_</i></b>",	21049,"Chiconcuautla","2020","72.460058","97.349043","93.58052","62.642276","29.436326","78.109915","67.339727","66.905763","76.54321","72.455196","100","100","ND","ND","ND","ND","ND","89.285714","72.066487","95.151515","89.655172","37.829912","ND",
"Tasa_de_alfabetización_de_las_personas_de_15_años_o_más,_desglosada_por_sexo_y_subpoblaciones<b><i>_[CENSO]_</i></b>",	21050,"Chichiquila","2020","80.629636","97.631706","94.166522","76.752719","42.261905","85.230985","76.290021","69.591496","80.492424","80.634381","100","100","ND","ND","100","ND","50","83.333333","80.352397","95.541401","83.333333","47.299814","ND",
"Tasa_de_alfabetización_de_las_personas_de_15_años_o_más,_desglosada_por_sexo_y_subpoblaciones<b><i>_[CENSO]_</i></b>",	21051,"Chietla","2020","90.713095","98.640167","98.426388","92.966361","74.130397","91.433878","90.051165","58.823529","89.78389","90.661391","99.497487","99.468085","100","100","100","ND","0","90.980392","90.635133","95.121951","91.240876","69.592346","ND",
"Tasa_de_alfabetización_de_las_personas_de_15_años_o_más,_desglosada_por_sexo_y_subpoblaciones<b><i>_[CENSO]_</i></b>",	21052,"Chigmecatitlán","2020","82.515337","98.571429","95.054945","91.304348","54.511278","84.757506","80.733945","78.717599","100","82.515337","ND","ND","ND","ND","ND","ND","ND","100","81.779207","97.619048","100","57.954545","ND",
"Tasa_de_alfabetización_de_las_personas_de_15_años_o_más,_desglosada_por_sexo_y_subpoblaciones<b><i>_[CENSO]_</i></b>",	21053,"Chignahuapan","2020","91.282029","99.324324","98.745885","92.779379","67.983789","91.751973","90.85805","84.916201","92.814371","91.271815","98.969072","98.666667","100","ND","100","ND","73.333333","97.409326","91.047369","97.283639","97.607656","68.333333","ND",
"Tasa_de_alfabetización_de_las_personas_de_15_años_o_más,_desglosada_por_sexo_y_subpoblaciones<b><i>_[CENSO]_</i></b>",	21054,"Chignautla","2020","90.444817","98.868873","98.397933","89.39259","62.222222","92.677508","88.447165","70.131458","92.73743","90.4484","87.5","100","ND","100","66.666667","ND","75","100","90.344443","95.151515","93.333333","67.181467","ND",
"Tasa_de_alfabetización_de_las_personas_de_15_años_o_más,_desglosada_por_sexo_y_subpoblaciones<b><i>_[CENSO]_</i></b>",	21055,"Chila","2020","89.519651","99.315068","98.783186","93.830334","69.846491","92.014093","87.353391","95.238095","87.5","89.508197","100","100","100","ND","100","ND","ND","93.333333","89.31684","97.402597","93.333333","67.857143","ND",
"Tasa_de_alfabetización_de_las_personas_de_15_años_o_más,_desglosada_por_sexo_y_subpoblaciones<b><i>_[CENSO]_</i></b>",	21056,"Chila_de_la_Sal","2020","86.546185","100","98.122066","89.6","74.792244","89.684211","83.685221","100","ND","86.409736","100","100","ND","ND","ND","ND","ND","90.909091","86.330935","100","90.909091","64.42953","ND",
"Tasa_de_alfabetización_de_las_personas_de_15_años_o_más,_desglosada_por_sexo_y_subpoblaciones<b><i>_[CENSO]_</i></b>",	21057,"Honey","2020","82.604857","98.540146","97.577277","85.666507","45.35585","82.877698","82.372188","62.679426","85","82.586513","100","100","ND","ND","100","ND","62.5","87.5","82.14449","97.761194","87.5","44.936709","ND",
"Tasa_de_alfabetización_de_las_personas_de_15_años_o_más,_desglosada_por_sexo_y_subpoblaciones<b><i>_[CENSO]_</i></b>",	21058,"Chilchotla","2020","78.97245","98.655343","95.9889","77.961658","33.282051","83.162031","74.904608","49.421129","72.913386","78.972868","100","100","100","ND","ND","ND","50","92.307692","78.515445","93.963255","92.307692","42.752741","ND",
"Tasa_de_alfabetización_de_las_personas_de_15_años_o_más,_desglosada_por_sexo_y_subpoblaciones<b><i>_[CENSO]_</i></b>",	21059,"Chinantla","2020","88.027478","96.527778","99.59432","94.578313","66.374781","91.358025","84.990619","95.454545","92.424242","87.831748","100","100","100","ND","100","ND","50","95.238095","87.667009","95.238095","96","61.7737","ND",
"Tasa_de_alfabetización_de_las_personas_de_15_años_o_más,_desglosada_por_sexo_y_subpoblaciones<b><i>_[CENSO]_</i></b>",	21060,"Domingo_Arenas","2020","94.822888","98.825832","98.750679","95.836768","78.679505","96.640927","93.207547","83.333333","98.75","94.811578","100","100","ND","ND","100","ND","ND","100","94.727987","97.65625","100","69.52381","ND",
"Tasa_de_alfabetización_de_las_personas_de_15_años_o_más,_desglosada_por_sexo_y_subpoblaciones<b><i>_[CENSO]_</i></b>",	21061,"Eloxochitlán","2020","75.04718","97.464789","94.240156","70.029383","27.659574","82.387933","67.894846","73.906706","79.310345","75.049816","ND","ND","ND","ND","ND","ND","66.666667","100","74.840697","93.269231","100","41.750842","ND",
"Tasa_de_alfabetización_de_las_personas_de_15_años_o_más,_desglosada_por_sexo_y_subpoblaciones<b><i>_[CENSO]_</i></b>",	21062,"Epatlán","2020","90.753912","99.638989","98.522727","93.707165","72.111554","92.78043","88.907015","82.352941","93.442623","90.679667","100","100","ND","ND","100","ND","ND","96.153846","90.587194","94.366197","96.363636","69.387755","ND",
"Tasa_de_alfabetización_de_las_personas_de_15_años_o_más,_desglosada_por_sexo_y_subpoblaciones<b><i>_[CENSO]_</i></b>",	21063,"Esperanza","2020","91.424152","98.823529","98.272823","92.814251","71.746988","93.360825","89.714182","100","94.827586","91.451832","100","100","ND","ND","ND","ND","16.666667","100","91.394571","95.205479","100","71.980676","ND",
"Tasa_de_alfabetización_de_las_personas_de_15_años_o_más,_desglosada_por_sexo_y_subpoblaciones<b><i>_[CENSO]_</i></b>",	21064,"Francisco_Z._Mena","2020","88.859316","99.585062","98.33215","93.033984","66.457243","90.800184","86.955867","65.757819","97.297297","88.854206","92.307692","100","100","ND","75","ND","100","96","88.43472","96.768982","96.226415","61.455261","ND",
"Tasa_de_alfabetización_de_las_personas_de_15_años_o_más,_desglosada_por_sexo_y_subpoblaciones<b><i>_[CENSO]_</i></b>",	21065,"General_Felipe_Ángeles","2020","88.413847","98.451795","97.548807","89.684775","55.455455","91.889678","85.294118","82.692308","88","88.408606","100","100","100","ND","100","ND","100","100","88.217723","95.29703","100","57.674419","ND",
"Tasa_de_alfabetización_de_las_personas_de_15_años_o_más,_desglosada_por_sexo_y_subpoblaciones<b><i>_[CENSO]_</i></b>",	21066,"Guadalupe","2020","80.466102","99.669967","98.313253","87.065217","50.3003","81.966449","79.215229","87.5","100","80.30789","97.674419","100","100","ND","87.5","ND","ND","93.023256","80.186228","92.156863","94","53.147877","ND",
"Tasa_de_alfabetización_de_las_personas_de_15_años_o_más,_desglosada_por_sexo_y_subpoblaciones<b><i>_[CENSO]_</i></b>",	21067,"Guadalupe_Victoria","2020","89.165714","98.636728","96.691569","89.408707","68.135765","89.824841","88.560993","82.191781","93.700787","89.153318","100","100","100","ND","100","ND","100","96.875","88.883534","94.18239","96.969697","68.515498","ND",
"Tasa_de_alfabetización_de_las_personas_de_15_años_o_más,_desglosada_por_sexo_y_subpoblaciones<b><i>_[CENSO]_</i></b>",	21068,"Hermenegildo_Galeana","2020","70.244203","98.451327","96.21802","72.977481","32.295374","74.82669","66.120858","65.080243","74.358974","70.258621","ND","ND","ND","ND","ND","ND","0","100","70.037221","96.551724","100","40.821918","ND",
"Tasa_de_alfabetización_de_las_personas_de_15_años_o_más,_desglosada_por_sexo_y_subpoblaciones<b><i>_[CENSO]_</i></b>",	21069,"Huaquechula","2020","92.081724","99.064796","97.436751","93.171558","79.311187","94.102214","90.32022","75","95.294118","92.046686","99.315068","99.29078","100","ND","100","ND","42.857143","96.850394","92.013386","93.630573","97.069597","68.793874","ND",
"Tasa_de_alfabetización_de_las_personas_de_15_años_o_más,_desglosada_por_sexo_y_subpoblaciones<b><i>_[CENSO]_</i></b>",	21070,"Huatlatlauca","2020","76.995821","98.554913","97.412008","85.861561","39.232053","85.05","70.671378","71.78125","78.26087","76.972234","87.5","83.333333","100","ND","100","ND","100","85.714286","76.130074","95.049505","87.5","41.032999","ND",
"Tasa_de_alfabetización_de_las_personas_de_15_años_o_más,_desglosada_por_sexo_y_subpoblaciones<b><i>_[CENSO]_</i></b>",	21071,"Huauchinango","2020","91.526547","99.070066","98.482465","92.928823","70.904153","93.729736","89.68888","78.979485","92.913386","91.515825","100","100","100","100","100","ND","88.235294","98.245614","91.330907","98.065984","98.496241","68.645949","ND",
"Tasa_de_alfabetización_de_las_personas_de_15_años_o_más,_desglosada_por_sexo_y_subpoblaciones<b><i>_[CENSO]_</i></b>",	21072,"Huehuetla","2020","71.849088","98.07136","95.648995","76.124059","31.137725","77.375173","66.783217","68.944867","83.333333","71.868515","100","100","ND","ND","100","ND","40","ND","71.588141","94.594595","ND","38.686131","ND",
"Tasa_de_alfabetización_de_las_personas_de_15_años_o_más,_desglosada_por_sexo_y_subpoblaciones<b><i>_[CENSO]_</i></b>",	21073,"Huehuetlán_el_Chico","2020","87.79363","99.372385","98.267898","91.499846","63.697706","88.8","86.840629","73.684211","95.833333","87.669239","100","100","ND","ND","100","ND","100","95.384615","87.540789","96.850394","95.588235","61.787072","ND",
"Tasa_de_alfabetización_de_las_personas_de_15_años_o_más,_desglosada_por_sexo_y_subpoblaciones<b><i>_[CENSO]_</i></b>",	21074,"Huejotzingo","2020","96.911528","99.176471","98.884454","97.375574","88.206356","97.759256","96.135563","92.04893","96.193416","96.932544","99.115044","98.561151","100","100","100","ND","54.545455","99.598394","96.828082","98.502453","99.66443","85.696282","ND",
"Tasa_de_alfabetización_de_las_personas_de_15_años_o_más,_desglosada_por_sexo_y_subpoblaciones<b><i>_[CENSO]_</i></b>",	21075,"Hueyapan","2020","90.465406","99.067599","98.498498","92.258218","57.785779","93.166342","88.111888","90.130401","95","90.461085","100","ND","ND","ND","100","ND","100","85.714286","90.280853","97.119342","85.714286","60.445682","ND",
"Tasa_de_alfabetización_de_las_personas_de_15_años_o_más,_desglosada_por_sexo_y_subpoblaciones<b><i>_[CENSO]_</i></b>",	21076,"Hueytamalco","2020","89.087728","98.842169","98.284362","90.530612","67.10564","91.022367","87.233209","67.487047","92.857143","89.08618","90.909091","85.714286","100","100","ND","ND","100","97.727273","88.957715","93.717277","97.727273","61.531612","ND",
"Tasa_de_alfabetización_de_las_personas_de_15_años_o_más,_desglosada_por_sexo_y_subpoblaciones<b><i>_[CENSO]_</i></b>",	21077,"Hueytlalpan","2020","73.417722","97.228637","96.658098","70.702306","30.870712","78.025169","69.090909","70.925229","78.947368","73.417722","ND","ND","ND","ND","ND","ND","ND","100","73.179986","93.617021","100","34.579439","ND",
"Tasa_de_alfabetización_de_las_personas_de_15_años_o_más,_desglosada_por_sexo_y_subpoblaciones<b><i>_[CENSO]_</i></b>",	21078,"Huitzilan_de_Serdán","2020","77.91816","96.828358","93.751767","71.843818","43.114636","82.401656","73.417722","74.532513","74.572823","77.94702","100","ND","100","ND","ND","ND","68.571429","100","77.806317","93.975904","100","41.909814","ND",
"Tasa_de_alfabetización_de_las_personas_de_15_años_o_más,_desglosada_por_sexo_y_subpoblaciones<b><i>_[CENSO]_</i></b>",	21079,"Huitziltepec","2020","96.910727","99.430199","98.886827","98.042095","88.5759","97.719025","96.19615","95.555556","97.826087","96.896383","100","100","100","100","ND","ND","ND","100","96.886583","98.245614","100","84.816754","ND",
"Tasa_de_alfabetización_de_las_personas_de_15_años_o_más,_desglosada_por_sexo_y_subpoblaciones<b><i>_[CENSO]_</i></b>",	21080,"Atlequizayan","2020","74.832388","98.876404","97.374702","81.650246","38.490566","84.570766","67.038069","74.671571","75","74.832388","ND","ND","ND","ND","ND","ND","ND","100","74.125133","100","100","41.780822","ND",
"Tasa_de_alfabetización_de_las_personas_de_15_años_o_más,_desglosada_por_sexo_y_subpoblaciones<b><i>_[CENSO]_</i></b>",	21081,"Ixcamilpa_de_Guerrero","2020","81.556096","99.074074","98.036649","86.135182","52.483221","84.090909","79.273927","49.315068","84.210526","81.368421","100","100","ND","ND","100","ND","ND","94.594595","81.115108","93.333333","94.871795","50.333333","ND",
"Tasa_de_alfabetización_de_las_personas_de_15_años_o_más,_desglosada_por_sexo_y_subpoblaciones<b><i>_[CENSO]_</i></b>",	21082,"Ixcaquixtla","2020","93.506494","99.204771","99.090909","95.662252","77.212971","94.49167","92.647495","87.951807","89.411765","93.53044","100","100","ND","ND","100","ND","0","100","93.475061","95.625","100","75.461255","ND",
"Tasa_de_alfabetización_de_las_personas_de_15_años_o_más,_desglosada_por_sexo_y_subpoblaciones<b><i>_[CENSO]_</i></b>",	21083,"Ixtacamaxtitlán","2020","86.8725","99.739244","98.66448","90.817331","60.162176","89.060519","84.780692","76.116168","87.142857","86.867035","100","100","100","ND","100","ND","0","95.588235","86.498064","96.507937","95.833333","60.131108","ND",
"Tasa_de_alfabetización_de_las_personas_de_15_años_o_más,_desglosada_por_sexo_y_subpoblaciones<b><i>_[CENSO]_</i></b>",	21084,"Ixtepec","2020","72.909425","99.559471","98.18038","74.520548","24.516785","80.111206","66.31414","72.222222","86.348123","72.909425","ND","ND","ND","ND","ND","ND","ND","100","72.433222","95.876289","100","41.420118","ND",
"Tasa_de_alfabetización_de_las_personas_de_15_años_o_más,_desglosada_por_sexo_y_subpoblaciones<b><i>_[CENSO]_</i></b>",	21085,"Izúcar_de_Matamoros","2020","92.17228","99.432721","98.670412","94.642415","73.387465","93.597561","90.921396","81.027668","93.645991","92.149454","98.608696","98.681733","100","100","97.058824","100","50.877193","96.498054","92.107126","95.377778","96.695652","70.932325","ND",
"Tasa_de_alfabetización_de_las_personas_de_15_años_o_más,_desglosada_por_sexo_y_subpoblaciones<b><i>_[CENSO]_</i></b>",	21086,"Jalpan","2020","86.440478","99.581006","98.0918","90.031378","58.217941","88.616241","84.531735","61.28423","90.243902","86.444287","100","100","100","ND","100","ND","0","100","86.118598","95.238095","100","62.058824","ND",
"Tasa_de_alfabetización_de_las_personas_de_15_años_o_más,_desglosada_por_sexo_y_subpoblaciones<b><i>_[CENSO]_</i></b>",	21087,"Jolalpan","2020","84.330667","98.507463","97.728211","86.87658","55.412647","86.741573","82.152284","47.242647","78.947368","84.224656","100","100","ND","ND","100","ND","100","93.670886","84.074762","95.138889","93.902439","51.902588","ND",
"Tasa_de_alfabetización_de_las_personas_de_15_años_o_más,_desglosada_por_sexo_y_subpoblaciones<b><i>_[CENSO]_</i></b>",	21088,"Jonotla","2020","84.674923","100","98.717949","89.178618","57.950066","89.733593","80.070964","79.510245","94.444444","84.670177","100","100","ND","ND","ND","ND","ND","100","84.335443","100","100","59.388646","ND",
"Tasa_de_alfabetización_de_las_personas_de_15_años_o_más,_desglosada_por_sexo_y_subpoblaciones<b><i>_[CENSO]_</i></b>",	21089,"Jopala","2020","75.630849","99.456522","96.211728","77.886057","38.344595","80.350343","71.501555","66.207038","51.282051","75.610624","100","100","ND","ND","100","ND","ND","95.833333","75.06996","96.391753","96.428571","46.286701","ND",
"Tasa_de_alfabetización_de_las_personas_de_15_años_o_más,_desglosada_por_sexo_y_subpoblaciones<b><i>_[CENSO]_</i></b>",	21090,"Juan_C._Bonilla","2020","97.071846","99.620061","98.994343","97.371758","90.114943","97.742861","96.46861","88.841202","97.658863","97.09147","98.648649","100","100","100","95.652174","ND","72.222222","98.360656","97.07727","97.906977","98.648649","81.869688","ND",
"Tasa_de_alfabetización_de_las_personas_de_15_años_o_más,_desglosada_por_sexo_y_subpoblaciones<b><i>_[CENSO]_</i></b>",	21091,"Juan_Galindo","2020","94.332095","99.791667","98.913665","94.879601","85.494043","96.933086","92.254392","78.901734","94.339623","94.336503","100","100","ND","100","100","ND","50","100","94.136292","98.717949","100","79.784946","ND",
"Tasa_de_alfabetización_de_las_personas_de_15_años_o_más,_desglosada_por_sexo_y_subpoblaciones<b><i>_[CENSO]_</i></b>",	21092,"Juan_N._Méndez","2020","85.232527","98.730159","98.039216","88.260341","59","89.62536","81.30793","71.428571","83.333333","85.219525","100","100","ND","ND","100","ND","50","96.774194","84.715909","97.580645","96.875","61.035422","ND",
"Tasa_de_alfabetización_de_las_personas_de_15_años_o_más,_desglosada_por_sexo_y_subpoblaciones<b><i>_[CENSO]_</i></b>",	21093,"Lafragua","2020","86.916062","98.451327","96.897959","88.690717","69.16192","88.15184","85.750452","67.213115","80.769231","86.924939","100","100","ND","ND","100","ND","50","100","86.58678","95.767196","100","64.16185","ND",
"Tasa_de_alfabetización_de_las_personas_de_15_años_o_más,_desglosada_por_sexo_y_subpoblaciones<b><i>_[CENSO]_</i></b>",	21094,"Libres","2020","94.13985","99.519231","99.025127","95.708639","76.0922","95.227123","93.164538","86.346154","96.892139","94.146322","100","100","100","100","100","ND","54.545455","97.029703","94.019664","97.510823","97.222222","75.902062","ND",
"Tasa_de_alfabetización_de_las_personas_de_15_años_o_más,_desglosada_por_sexo_y_subpoblaciones<b><i>_[CENSO]_</i></b>",	21095,"La_Magdalena_Tlatlauquitepec","2020","95.258621","100","97.560976","96.280992","85.915493","96.943231","93.617021","87.5","100","95.227766","100","100","ND","ND","ND","ND","100","100","95.045045","100","100","64","ND",
"Tasa_de_alfabetización_de_las_personas_de_15_años_o_más,_desglosada_por_sexo_y_subpoblaciones<b><i>_[CENSO]_</i></b>",	21096,"Mazapiltepec_de_Juárez","2020","94.264117","98.305085","98.584906","95.09434","82.712766","95.724907","92.924126","100","100","94.251337","100","100","ND","ND","ND","ND","ND","100","94.279176","93.103448","100","81.283422","ND",
"Tasa_de_alfabetización_de_las_personas_de_15_años_o_más,_desglosada_por_sexo_y_subpoblaciones<b><i>_[CENSO]_</i></b>",	21097,"Mixtla","2020","96.698113","99.310345","99.036609","98.170075","87.301587","97.632469","95.886386","86.046512","92.307692","96.680717","100","100","ND","ND","100","ND","ND","100","96.696857","95.833333","100","81.372549","ND",
"Tasa_de_alfabetización_de_las_personas_de_15_años_o_más,_desglosada_por_sexo_y_subpoblaciones<b><i>_[CENSO]_</i></b>",	21098,"Molcaxac","2020","90.903375","99.447514","98.910506","95.409371","68.249258","94.101633","88.157382","68.587896","90","90.880437","100","100","ND","ND","ND","ND","ND","100","90.821976","93.023256","100","62.803235","ND",
"Tasa_de_alfabetización_de_las_personas_de_15_años_o_más,_desglosada_por_sexo_y_subpoblaciones<b><i>_[CENSO]_</i></b>",	21099,"Cañada_Morelos","2020","88.069063","97.768595","97.437757","89.563769","61.133423","89.484753","86.818001","90.769231","83.75","88.069185","90.909091","100","100","ND","50","ND","66.666667","96.774194","87.866715","95.625","95.3125","67.189836","ND",
"Tasa_de_alfabetización_de_las_personas_de_15_años_o_más,_desglosada_por_sexo_y_subpoblaciones<b><i>_[CENSO]_</i></b>",	21100,"Naupan","2020","80.551206","98.954704","97.321429","84.673203","43.82716","85.276506","76.769101","80.010402","88.888889","80.532915","100","100","ND","ND","100","ND","100","90","80.029202","95.544554","90","49.927641","ND",
"Tasa_de_alfabetización_de_las_personas_de_15_años_o_más,_desglosada_por_sexo_y_subpoblaciones<b><i>_[CENSO]_</i></b>",	21101,"Nauzontla","2020","89.516457","99.428571","97.614679","93.031359","72.344013","92.252894","87.219731","83.022388","100","89.516457","ND","ND","ND","ND","ND","ND","ND","100","89.34665","96.226415","100","71.078431","ND",
"Tasa_de_alfabetización_de_las_personas_de_15_años_o_más,_desglosada_por_sexo_y_subpoblaciones<b><i>_[CENSO]_</i></b>",	21102,"Nealtican","2020","95.202724","99.08362","99.383517","96.005356","79.395386","96.720604","93.811783","81.57277","94.223827","95.147657","100","100","100","ND","100","ND","100","100","95.081098","99.408284","100","72.252747","ND",
"Tasa_de_alfabetización_de_las_personas_de_15_años_o_más,_desglosada_por_sexo_y_subpoblaciones<b><i>_[CENSO]_</i></b>",	21103,"Nicolás_Bravo","2020","91.525791","99.076212","98.327273","91.604824","71.846154","93.246994","90.008157","86.567164","96.721311","91.586957","100","100","ND","ND","100","100","42.857143","100","91.469406","95.867769","100","71.601208","ND",
"Tasa_de_alfabetización_de_las_personas_de_15_años_o_más,_desglosada_por_sexo_y_subpoblaciones<b><i>_[CENSO]_</i></b>",	21104,"Nopalucan","2020","91.931265","98.77451","96.717935","91.559192","73.658537","93.764194","90.261979","89.0625","89.121339","91.9427","100","100","ND","ND","100","ND","50","94.871795","91.829117","98.117647","95.121951","72.580645","ND",
"Tasa_de_alfabetización_de_las_personas_de_15_años_o_más,_desglosada_por_sexo_y_subpoblaciones<b><i>_[CENSO]_</i></b>",	21105,"Ocotepec","2020","89.83661","99.275362","98.671498","93.596649","70.454545","91.183432","88.651744","78.106509","100","89.82816","100","100","ND","ND","ND","ND","ND","100","89.283582","96.610169","100","63.188406","ND",
"Tasa_de_alfabetización_de_las_personas_de_15_años_o_más,_desglosada_por_sexo_y_subpoblaciones<b><i>_[CENSO]_</i></b>",	21106,"Ocoyucan","2020","92.560226","99.101796","98.247466","93.9098","67.40113","94.63035","90.726817","67.444219","88.80597","92.447448","99.668874","98.675497","100","100","100","ND","70.454545","100","91.727585","99.684764","100","65.038314","ND",
"Tasa_de_alfabetización_de_las_personas_de_15_años_o_más,_desglosada_por_sexo_y_subpoblaciones<b><i>_[CENSO]_</i></b>",	21107,"Olintla","2020","67.175009","98.152709","94.438326","68.295423","26.673532","72.963155","61.959317","65.866632","73.267327","67.166933","100","100","ND","ND","ND","ND","ND","100","66.816536","90.082645","100","27.87194","ND",
"Tasa_de_alfabetización_de_las_personas_de_15_años_o_más,_desglosada_por_sexo_y_subpoblaciones<b><i>_[CENSO]_</i></b>",	21108,"Oriental","2020","92.353453","98.855634","98.013409","92.525282","74.916574","93.307146","91.472435","89.88764","93.548387","92.347346","100","100","ND","ND","100","ND","ND","91.304348","92.051968","98.222222","91.666667","77.535545","ND",
"Tasa_de_alfabetización_de_las_personas_de_15_años_o_más,_desglosada_por_sexo_y_subpoblaciones<b><i>_[CENSO]_</i></b>",	21109,"Pahuatlán","2020","81.326479","98.954984","97.086835","82.076814","50.262172","84.12326","78.91615","76.001144","85.882353","81.293085","96.296296","95.238095","ND","ND","100","ND","100","97.590361","80.791426","96.306069","97.701149","48.852772","ND",
"Tasa_de_alfabetización_de_las_personas_de_15_años_o_más,_desglosada_por_sexo_y_subpoblaciones<b><i>_[CENSO]_</i></b>",	21110,"Palmar_de_Bravo","2020","87.04772","97.983245","96.156984","85.838","59.063769","88.639586","85.578564","81.818182","86.03352","87.033032","100","100","100","ND","100","ND","80","95.833333","86.932587","93.80531","96.116505","61.561033","ND",
"Tasa_de_alfabetización_de_las_personas_de_15_años_o_más,_desglosada_por_sexo_y_subpoblaciones<b><i>_[CENSO]_</i></b>",	21111,"Pantepec","2020","79.034524","99.60396","97.624269","85.403917","44.12943","83.377722","75.153975","61.920904","85.714286","79.012802","100","100","100","ND","100","ND","ND","97.87234","78.194845","94.453249","98.113208","46.396841","ND",
"Tasa_de_alfabetización_de_las_personas_de_15_años_o_más,_desglosada_por_sexo_y_subpoblaciones<b><i>_[CENSO]_</i></b>",	21112,"Petlalcingo","2020","83.525244","98.387097","97.745773","89.564616","55.42029","86.955148","80.515521","64.968153","88.888889","83.493708","94.736842","94.736842","ND","ND","ND","ND","ND","97.777778","83.100091","97.333333","97.87234","57.200403","ND",
"Tasa_de_alfabetización_de_las_personas_de_15_años_o_más,_desglosada_por_sexo_y_subpoblaciones<b><i>_[CENSO]_</i></b>",	21113,"Piaxtla","2020","81.358382","99.074074","97.115385","89.986092","55.658627","84.223301","78.752759","82.926829","69.69697","81.162383","100","100","ND","ND","100","ND","ND","96.610169","80.791302","91.764706","96.875","53.173242","ND",
"Tasa_de_alfabetización_de_las_personas_de_15_años_o_más,_desglosada_por_sexo_y_subpoblaciones<b><i>_[CENSO]_</i></b>",	21114,"Puebla","2020","97.525703","99.132009","99.217932","98.006836","92.608724","98.244408","96.887893","85.321258","97.59137","97.562841","99.459003","99.389126","99.285714","99.84051","99.427426","100","39.361702","99.322187","97.535407","99.017132","99.37415","87.304789","ND",
"Tasa_de_alfabetización_de_las_personas_de_15_años_o_más,_desglosada_por_sexo_y_subpoblaciones<b><i>_[CENSO]_</i></b>",	21115,"Quecholac","2020","86.338374","97.167064","95.962584","85.894572","52.203918","87.832679","84.954695","85.526316","84.226804","86.313826","98.529412","100","100","ND","95.454545","ND","93.75","95.495495","86.182947","95.202952","95.2","58.165429","ND",
"Tasa_de_alfabetización_de_las_personas_de_15_años_o_más,_desglosada_por_sexo_y_subpoblaciones<b><i>_[CENSO]_</i></b>",	21116,"Quimixtlán","2020","82.593371","98.136646","95.796563","79.949087","52.848541","86.383396","79.047494","68.461538","81.90184","82.584498","93.333333","90.909091","100","ND","100","ND","75","93.650794","82.317328","93.35443","93.75","50.060314","ND",
"Tasa_de_alfabetización_de_las_personas_de_15_años_o_más,_desglosada_por_sexo_y_subpoblaciones<b><i>_[CENSO]_</i></b>",	21117,"Rafael_Lara_Grajales","2020","93.997695","97.346072","97.929425","94.944649","79.36828","95.980281","92.256453","92.857143","94.845361","93.992368","100","100","100","ND","100","ND","ND","100","93.911472","98.4375","100","76.792453","ND",
"Tasa_de_alfabetización_de_las_personas_de_15_años_o_más,_desglosada_por_sexo_y_subpoblaciones<b><i>_[CENSO]_</i></b>",	21118,"Los_Reyes_de_Juárez","2020","94.201668","98.498965","97.836192","94.478789","80.607287","95.23165","93.252064","100","93.79845","94.197679","100","100","100","ND","100","ND","0","96.296296","94.195907","94.576271","96.875","74.115044","ND",
"Tasa_de_alfabetización_de_las_personas_de_15_años_o_más,_desglosada_por_sexo_y_subpoblaciones<b><i>_[CENSO]_</i></b>",	21119,"San_Andrés_Cholula","2020","98.118409","99.071288","99.343521","98.577953","92.915691","98.600336","97.684588","88.61119","98.059849","98.172185","99.648042","98.704663","100","100","99.801587","100","46.596859","100","98.084131","99.600975","99.85755","86.184049","ND",
"Tasa_de_alfabetización_de_las_personas_de_15_años_o_más,_desglosada_por_sexo_y_subpoblaciones<b><i>_[CENSO]_</i></b>",	21120,"San_Antonio_Cañada","2020","81.520669","97.478992","96.409873","79.650846","40.223464","88.372093","75.801354","67.277856","77.5","81.516121","100","100","ND","ND","ND","ND","ND","92.307692","81.321696","97.560976","92.307692","50.373134","ND",
"Tasa_de_alfabetización_de_las_personas_de_15_años_o_más,_desglosada_por_sexo_y_subpoblaciones<b><i>_[CENSO]_</i></b>",	21121,"San_Diego_la_Mesa_Tochimiltzingo","2020","84.130435","100","98.723404","86.885246","54.450262","85.10158","83.228512","50","66.666667","84.043716","100","100","ND","ND","ND","ND","ND","100","83.938394","100","100","63.291139","ND",
"Tasa_de_alfabetización_de_las_personas_de_15_años_o_más,_desglosada_por_sexo_y_subpoblaciones<b><i>_[CENSO]_</i></b>",	21122,"San_Felipe_Teotlalcingo","2020","97.089947","99.534884","99.133607","97.199896","91.874497","97.64454","96.596859","94.318182","100","97.093758","100","100","100","ND","100","ND","50","100","97.055344","97.682119","100","83.707865","ND",
"Tasa_de_alfabetización_de_las_personas_de_15_años_o_más,_desglosada_por_sexo_y_subpoblaciones<b><i>_[CENSO]_</i></b>",	21123,"San_Felipe_Tepatlán","2020","72.860912","99.534884","96.846011","76.25","35.702746","74.960506","70.944484","67.735264","80","72.860912","ND","ND","ND","ND","ND","ND","ND","100","72.22866","98.113208","100","42.792793","ND",
"Tasa_de_alfabetización_de_las_personas_de_15_años_o_más,_desglosada_por_sexo_y_subpoblaciones<b><i>_[CENSO]_</i></b>",	21124,"San_Gabriel_Chilac","2020","88.416688","98.5932","97.899543","90.339703","60.044768","91.129181","86.036328","81.259471","81.395349","88.411312","100","100","ND","ND","100","ND","0","93.478261","88.29156","94.092827","93.617021","57.506361","ND",
"Tasa_de_alfabetización_de_las_personas_de_15_años_o_más,_desglosada_por_sexo_y_subpoblaciones<b><i>_[CENSO]_</i></b>",	21125,"San_Gregorio_Atzompa","2020","97.686089","97.027601","99.148483","98.507875","93.195021","98.220537","97.19701","93.181818","96.428571","97.73622","100","100","ND","100","100","ND","0","100","97.731488","97.692308","100","87.025316","ND",
"Tasa_de_alfabetización_de_las_personas_de_15_años_o_más,_desglosada_por_sexo_y_subpoblaciones<b><i>_[CENSO]_</i></b>",	21126,"San_Jerónimo_Tecuanipan","2020","95.515498","99.208443","98.988439","95.256167","87.168142","97.012802","94.221311","95.522388","96.212121","95.503637","100","100","ND","ND","100","ND","ND","100","95.458613","98.360656","100","83","ND",
"Tasa_de_alfabetización_de_las_personas_de_15_años_o_más,_desglosada_por_sexo_y_subpoblaciones<b><i>_[CENSO]_</i></b>",	21127,"San_Jerónimo_Xayacatlán","2020","85.776173","99.444444","98.418972","93.461861","65.544332","89.641745","82.43607","77.121001","90.825688","85.849057","90","90","ND","ND","ND","ND","25","97.560976","85.46976","91.666667","97.619048","62.683438","ND",
"Tasa_de_alfabetización_de_las_personas_de_15_años_o_más,_desglosada_por_sexo_y_subpoblaciones<b><i>_[CENSO]_</i></b>",	21128,"San_José_Chiapa","2020","92.004489","99.14966","97.888016","93.452381","70.214944","93.881733","90.277404","95.454545","88.095238","91.989882","100","100","100","ND","100","ND","100","100","91.773256","98.26087","100","67.741935","ND",
"Tasa_de_alfabetización_de_las_personas_de_15_años_o_más,_desglosada_por_sexo_y_subpoblaciones<b><i>_[CENSO]_</i></b>",	21129,"San_José_Miahuatlán","2020","86.47879","99.029126","98.057527","90.158348","51.239669","90.331376","83.087149","85.591786","81.578947","86.46683","100","100","100","ND","ND","ND","100","98.245614","86.332801","94.174757","98.245614","53.913043","ND",
"Tasa_de_alfabetización_de_las_personas_de_15_años_o_más,_desglosada_por_sexo_y_subpoblaciones<b><i>_[CENSO]_</i></b>",	21130,"San_Juan_Atenco","2020","89.756098","98.255814","97.875569","93.95466","71.384137","92.622951","87.33564","100","100","89.686437","100","100","ND","ND","ND","ND","ND","84.210526","89.705305","91.578947","88","65.737052","ND",
"Tasa_de_alfabetización_de_las_personas_de_15_años_o_más,_desglosada_por_sexo_y_subpoblaciones<b><i>_[CENSO]_</i></b>",	21131,"San_Juan_Atzompa","2020","95.305832","98.387097","96.256684","98.525074","82.608696","97.457627","93.123209","80","100","95.299145","100","100","ND","ND","ND","ND","ND","100","95.168375","100","100","83.72093","ND",
"Tasa_de_alfabetización_de_las_personas_de_15_años_o_más,_desglosada_por_sexo_y_subpoblaciones<b><i>_[CENSO]_</i></b>",	21132,"San_Martín_Texmelucan","2020","96.73914","98.946012","98.973602","97.787092","87.942719","97.360677","96.185309","90.265487","96.302063","96.758166","99.641577","100","100","100","99.090909","ND","51.515152","100","96.728955","98.039969","100","83.099306","ND",
"Tasa_de_alfabetización_de_las_personas_de_15_años_o_más,_desglosada_por_sexo_y_subpoblaciones<b><i>_[CENSO]_</i></b>",	21133,"San_Martín_Totoltepec","2020","88.416988","100","97.902098","94.618834","59.821429","91.093117","85.97786","58.62069","100","88.235294","100","100","ND","ND","ND","ND","ND","100","88.00813","92.307692","100","56.716418","ND",
"Tasa_de_alfabetización_de_las_personas_de_15_años_o_más,_desglosada_por_sexo_y_subpoblaciones<b><i>_[CENSO]_</i></b>",	21134,"San_Matías_Tlalancaleca","2020","95.488476","99.345794","98.47786","96.914163","84.171779","95.789188","95.208597","85","94.375","95.492126","100","100","ND","ND","100","ND","66.666667","100","95.483482","96.369637","100","77.855478","ND",
"Tasa_de_alfabetización_de_las_personas_de_15_años_o_más,_desglosada_por_sexo_y_subpoblaciones<b><i>_[CENSO]_</i></b>",	21135,"San_Miguel_Ixitlán","2020","90.647482","100","98.214286","94.186047","83.815029","93.939394","87.671233","80","ND","90.647482","ND","ND","ND","ND","ND","ND","ND","100","90.104167","96.428571","100","76.595745","ND",
"Tasa_de_alfabetización_de_las_personas_de_15_años_o_más,_desglosada_por_sexo_y_subpoblaciones<b><i>_[CENSO]_</i></b>",	21136,"San_Miguel_Xoxtla","2020","97.908683","99.463807","99.346656","98.731686","90.759076","98.704251","97.169413","92.1875","94.791667","97.934293","100","100","100","100","100","ND","25","100","97.907997","99.029126","100","87.152034","ND",
"Tasa_de_alfabetización_de_las_personas_de_15_años_o_más,_desglosada_por_sexo_y_subpoblaciones<b><i>_[CENSO]_</i></b>",	21137,"San_Nicolás_Buenos_Aires","2020","87.042725","98.80137","95.894428","87.871218","56.942949","88.637698","85.596379","88","84.649123","87.040916","100","100","ND","ND","ND","ND","ND","90.909091","86.809551","94.974874","90.909091","63.157895","ND",
"Tasa_de_alfabetización_de_las_personas_de_15_años_o_más,_desglosada_por_sexo_y_subpoblaciones<b><i>_[CENSO]_</i></b>",	21138,"San_Nicolás_de_los_Ranchos","2020","92.700109","99.228395","98.798283","95.983494","73.950617","94.205466","91.310441","87.209302","96.511628","92.690949","95.454545","94.736842","ND","ND","100","100","100","100","92.623762","95.575221","100","71.695179","ND",
"Tasa_de_alfabetización_de_las_personas_de_15_años_o_más,_desglosada_por_sexo_y_subpoblaciones<b><i>_[CENSO]_</i></b>",	21139,"San_Pablo_Anicano","2020","88.431877","98.378378","99.249249","91.826522","68.945022","90.576324","86.518416","76.190476","100","88.363502","100","100","100","ND","100","ND","ND","100","88.235294","91.139241","100","64.851485","ND",
"Tasa_de_alfabetización_de_las_personas_de_15_años_o_más,_desglosada_por_sexo_y_subpoblaciones<b><i>_[CENSO]_</i></b>",	21140,"San_Pedro_Cholula","2020","97.499502","99.088146","99.101252","98.201419","91.714884","98.225162","96.855594","89.652956","98.370303","97.555319","99.684874","100","100","100","99.501661","100","47.468354","99.425287","97.509721","99.355532","99.310345","86.30231","ND",
"Tasa_de_alfabetización_de_las_personas_de_15_años_o_más,_desglosada_por_sexo_y_subpoblaciones<b><i>_[CENSO]_</i></b>",	21141,"San_Pedro_Yeloixtlahuaca","2020","87.922895","98.709677","98.5623","93.802817","66.954023","90.825688","85.331348","80","75","87.856013","100","100","100","ND","ND","ND","ND","94.285714","87.608069","94.805195","94.444444","64.066852","ND",
"Tasa_de_alfabetización_de_las_personas_de_15_años_o_más,_desglosada_por_sexo_y_subpoblaciones<b><i>_[CENSO]_</i></b>",	21142,"San_Salvador_el_Seco","2020","90.190885","99.389228","98.317109","92.200865","62.472336","92.849692","87.721307","94.444444","89.583333","90.179225","100","100","ND","ND","100","ND","100","100","90.029546","95.864662","100","66.053922","ND",
"Tasa_de_alfabetización_de_las_personas_de_15_años_o_más,_desglosada_por_sexo_y_subpoblaciones<b><i>_[CENSO]_</i></b>",	21143,"San_Salvador_el_Verde","2020","97.272619","99.176357","99.238579","97.900284","89.010645","97.47479","97.087156","88.392857","95.652174","97.272146","100","100","100","100","100","ND","91.666667","100","97.241746","98.481973","100","84.552846","ND",
"Tasa_de_alfabetización_de_las_personas_de_15_años_o_más,_desglosada_por_sexo_y_subpoblaciones<b><i>_[CENSO]_</i></b>",	21144,"San_Salvador_Huixcolotla","2020","94.300563","99.153439","98.672566","94.65108","77.578475","95.994994","92.708333","83.950617","88.372093","94.305772","85.714286","100","0","ND","100","ND","ND","100","94.336956","91.904762","100","73.61809","ND",
"Tasa_de_alfabetización_de_las_personas_de_15_años_o_más,_desglosada_por_sexo_y_subpoblaciones<b><i>_[CENSO]_</i></b>",	21145,"San_Sebastián_Tlacotepec","2020","79.904632","98.809524","96.350023","81.427175","44.350453","85.988754","74.185022","78.924652","84.615385","79.909143","100","100","ND","ND","100","ND","0","80","79.528838","97.802198","83.333333","52.81602","ND",
"Tasa_de_alfabetización_de_las_personas_de_15_años_o_más,_desglosada_por_sexo_y_subpoblaciones<b><i>_[CENSO]_</i></b>",	21146,"Santa_Catarina_Tlaltempan","2020","82.623509","100","99.009901","93.30855","54.395604","87.931034","77.441077","75.689223","100","82.623509","ND","ND","ND","ND","ND","ND","ND","0","82.238011","95.652174","0","54.901961","ND",
"Tasa_de_alfabetización_de_las_personas_de_15_años_o_más,_desglosada_por_sexo_y_subpoblaciones<b><i>_[CENSO]_</i></b>",	21147,"Santa_Inés_Ahuatempan","2020","84.40044","100","98.671391","90.26178","56.432247","89.61954","79.801325","63.461538","84.285714","84.413","89.473684","93.75","50","ND","100","ND","33.333333","100","84.179643","92.857143","100","55.888224","ND",
"Tasa_de_alfabetización_de_las_personas_de_15_años_o_más,_desglosada_por_sexo_y_subpoblaciones<b><i>_[CENSO]_</i></b>",	21148,"Santa_Isabel_Cholula","2020","92.780338","98.689956","98.392283","92.637178","76.338028","94.610617","91.124116","81.954887","91.25","92.76689","100","100","ND","100","100","ND","57.142857","97.916667","92.679107","100","98.076923","68.49711","ND",
"Tasa_de_alfabetización_de_las_personas_de_15_años_o_más,_desglosada_por_sexo_y_subpoblaciones<b><i>_[CENSO]_</i></b>",	21149,"Santiago_Miahuatlán","2020","92.120304","98.487141","98.080331","91.738249","70.134529","93.873518","90.539818","80.746739","91.19171","92.123802","90.625","100","66.666667","100","90.909091","ND","90.909091","100","92.089989","92.873563","98.360656","72.796209","ND",
"Tasa_de_alfabetización_de_las_personas_de_15_años_o_más,_desglosada_por_sexo_y_subpoblaciones<b><i>_[CENSO]_</i></b>",	21150,"Huehuetlán_el_Grande","2020","85.226481","99.204244","98.446602","89.453961","59.223301","87.506077","83.140569","62.983425","90.756303","85.2585","100","100","ND","ND","ND","ND","0","94.117647","85.148515","95.238095","94.444444","52.727273","ND",
"Tasa_de_alfabetización_de_las_personas_de_15_años_o_más,_desglosada_por_sexo_y_subpoblaciones<b><i>_[CENSO]_</i></b>",	21151,"Santo_Tomás_Hueyotlipan","2020","96.675692","98.911071","99.002625","98.057644","86.6","97.432647","95.991984","81.632653","95","96.674225","96.875","96.774194","ND","ND","100","ND","100","100","96.667176","96.052632","100","81.643836","ND",
"Tasa_de_alfabetización_de_las_personas_de_15_años_o_más,_desglosada_por_sexo_y_subpoblaciones<b><i>_[CENSO]_</i></b>",	21152,"Soltepec","2020","92.31961","99.056604","98.163962","93.171651","79.237537","94.053426","90.741915","87.5","85.333333","92.31794","100","100","ND","ND","ND","ND","77.777778","94.117647","92.158439","97.163121","94.117647","71.730769","ND",
"Tasa_de_alfabetización_de_las_personas_de_15_años_o_más,_desglosada_por_sexo_y_subpoblaciones<b><i>_[CENSO]_</i></b>",	21153,"Tecali_de_Herrera","2020","96.514842","99.214286","98.902754","97.346539","87.541391","97.647059","95.469256","81.896552","94.202899","96.508128","100","100","100","ND","100","ND","ND","100","96.466235","97.971014","100","78.941799","ND",
"Tasa_de_alfabetización_de_las_personas_de_15_años_o_más,_desglosada_por_sexo_y_subpoblaciones<b><i>_[CENSO]_</i></b>",	21154,"Tecamachalco","2020","94.162199","98.884989","98.675149","95.026178","75.466306","95.295092","93.156998","91.497976","95.207957","94.157905","98","100","60","100","100","100","80","96.938776","94.090474","98.466981","97.272727","73.184122","ND",
"Tasa_de_alfabetización_de_las_personas_de_15_años_o_más,_desglosada_por_sexo_y_subpoblaciones<b><i>_[CENSO]_</i></b>",	21155,"Tecomatlán","2020","87.149304","99.04943","98.468849","87.573616","58.120531","88.835726","85.515643","95.633188","77.894737","87.053217","98.305085","100","100","ND","66.666667","ND","0","89.361702","84.144506","98.47619","91.525424","56.716418","ND",
"Tasa_de_alfabetización_de_las_personas_de_15_años_o_más,_desglosada_por_sexo_y_subpoblaciones<b><i>_[CENSO]_</i></b>",	21156,"Tehuacán","2020","94.942904","98.831688","98.748188","95.665124","81.465627","96.442999","93.664256","83.169624","95.473908","94.99022","98.854962","99.230769","93.75","100","99.156118","0","20.111732","98.88","94.92686","96.748062","98.930481","79.754093","ND",
"Tasa_de_alfabetización_de_las_personas_de_15_años_o_más,_desglosada_por_sexo_y_subpoblaciones<b><i>_[CENSO]_</i></b>",	21157,"Tehuitzingo","2020","84.567969","98.199673","97.313692","89.353911","60.648741","86.131725","83.155248","84.507042","88.294314","84.495607","100","100","ND","ND","100","ND","11.111111","95","84.286856","93.513514","95.522388","53.529412","ND",
"Tasa_de_alfabetización_de_las_personas_de_15_años_o_más,_desglosada_por_sexo_y_subpoblaciones<b><i>_[CENSO]_</i></b>",	21158,"Tenampulco","2020","89.276036","99.014778","98.960302","92.874593","70.786517","91.693038","86.959818","78.248316","92.424242","89.263566","100","100","ND","ND","ND","ND","ND","95.454545","88.986433","99.236641","95.652174","71.933086","ND",
"Tasa_de_alfabetización_de_las_personas_de_15_años_o_más,_desglosada_por_sexo_y_subpoblaciones<b><i>_[CENSO]_</i></b>",	21159,"Teopantlán","2020","68.708827","98.04878","97.891037","79.768786","34.443387","76.015038","63.012896","63.72549","100","68.60542","100","100","ND","ND","ND","ND","ND","100","68.157364","92.105263","100","31.722054","ND",
"Tasa_de_alfabetización_de_las_personas_de_15_años_o_más,_desglosada_por_sexo_y_subpoblaciones<b><i>_[CENSO]_</i></b>",	21160,"Teotlalco","2020","91.342487","100","97.859327","93.316832","77.926421","91.686275","91.017075","88.888889","ND","91.221964","100","100","ND","ND","ND","ND","ND","97.959184","90.879346","97.560976","98.148148","73.504274","ND",
"Tasa_de_alfabetización_de_las_personas_de_15_años_o_más,_desglosada_por_sexo_y_subpoblaciones<b><i>_[CENSO]_</i></b>",	21161,"Tepanco_de_López","2020","92.826682","99.101124","98.630697","92.242765","76.770679","94.604367","91.326291","82.372323","92.513369","92.795039","100","100","ND","100","100","ND","100","94.392523","92.74659","95.614035","94.871795","72.58216","ND",
"Tasa_de_alfabetización_de_las_personas_de_15_años_o_más,_desglosada_por_sexo_y_subpoblaciones<b><i>_[CENSO]_</i></b>",	21162,"Tepango_de_Rodríguez","2020","70.143149","98.780488","95.277778","71.502591","26.418152","73.660377","67.246737","66.887934","25","70.13297","100","100","ND","ND","ND","ND","ND","100","69.917298","89.655172","100","40.963855","ND",
"Tasa_de_alfabetización_de_las_personas_de_15_años_o_más,_desglosada_por_sexo_y_subpoblaciones<b><i>_[CENSO]_</i></b>",	21163,"Tepatlaxco_de_Hidalgo","2020","93.357821","99.495374","98.783959","93.822697","74.455206","95.645887","91.277031","79.516616","87.254902","93.339983","100","100","100","ND","100","ND","100","100","93.317237","94.897959","100","76.273885","ND",
"Tasa_de_alfabetización_de_las_personas_de_15_años_o_más,_desglosada_por_sexo_y_subpoblaciones<b><i>_[CENSO]_</i></b>",	21164,"Tepeaca","2020","94.74001","98.736177","98.405684","95.197699","81.42239","96.402562","93.266517","91.304348","94.857143","94.73412","100","100","100","100","100","100","77.272727","98.305085","94.697485","98.348624","98.540146","76.553777","ND",
"Tasa_de_alfabetización_de_las_personas_de_15_años_o_más,_desglosada_por_sexo_y_subpoblaciones<b><i>_[CENSO]_</i></b>",	21165,"Tepemaxalco","2020","81.875","98.484848","96.498054","81.028939","54.216867","87.088608","76.790123","52.173913","50","81.806775","100","100","ND","ND","ND","ND","ND","100","81.410256","100","100","48","ND",
"Tasa_de_alfabetización_de_las_personas_de_15_años_o_más,_desglosada_por_sexo_y_subpoblaciones<b><i>_[CENSO]_</i></b>",	21166,"Tepeojuma","2020","88.272855","99.793388","98.045977","90.059712","67.777778","90.603329","86.372632","76.399395","91.37931","88.1891","98.113208","98.039216","ND","ND","100","ND","100","97.142857","87.979458","98.214286","97.402597","58.371041","ND",
"Tasa_de_alfabetización_de_las_personas_de_15_años_o_más,_desglosada_por_sexo_y_subpoblaciones<b><i>_[CENSO]_</i></b>",	21167,"Tepetzintla","2020","70.971922","99.140401","96.358382","69.261662","25.625","77.547821","65.388711","69.995405","69.005848","70.942635","100","100","ND","ND","ND","ND","100","75","70.803662","92.156863","75","38.510638","ND",
"Tasa_de_alfabetización_de_las_personas_de_15_años_o_más,_desglosada_por_sexo_y_subpoblaciones<b><i>_[CENSO]_</i></b>",	21168,"Tepexco","2020","85.728025","99.546485","97.487745","85.727356","58.829787","88.469185","83.159463","66.666667","100","85.708783","100","100","ND","ND","ND","ND","ND","96.969697","85.580121","92.592593","97.058824","58.552632","ND",
"Tasa_de_alfabetización_de_las_personas_de_15_años_o_más,_desglosada_por_sexo_y_subpoblaciones<b><i>_[CENSO]_</i></b>",	21169,"Tepexi_de_Rodríguez","2020","90.931084","99.369085","98.290181","93.503152","70.562626","93.469031","88.425983","82.232143","92.045455","90.930016","100","100","100","ND","100","ND","42.857143","100","90.410592","96.638655","100","67.720685","ND",
"Tasa_de_alfabetización_de_las_personas_de_15_años_o_más,_desglosada_por_sexo_y_subpoblaciones<b><i>_[CENSO]_</i></b>",	21170,"Tepeyahualco","2020","90.430261","98.667851","97.418818","91.530996","71.169916","91.22291","89.678461","87.5","83.712121","90.425933","100","100","ND","100","100","ND","100","100","90.134529","97.04797","100","71.789883","ND",
"Tasa_de_alfabetización_de_las_personas_de_15_años_o_más,_desglosada_por_sexo_y_subpoblaciones<b><i>_[CENSO]_</i></b>",	21171,"Tepeyahualco_de_Cuauhtémoc","2020","96.033177","98.857143","98.709677","97.173145","85.784314","97.217929","94.996619","89.473684","89.285714","96.023138","100","100","100","ND","100","ND","100","92.307692","96.066176","95","92.307692","79.411765","ND",
"Tasa_de_alfabetización_de_las_personas_de_15_años_o_más,_desglosada_por_sexo_y_subpoblaciones<b><i>_[CENSO]_</i></b>",	21172,"Tetela_de_Ocampo","2020","86.857348","99.665328","98.49856","89.460477","58.818612","89.467934","84.550019","75.652174","80.350877","86.846699","100","100","ND","ND","100","ND","0","96.363636","86.510484","94.950912","96.428571","57.865169","ND",
"Tasa_de_alfabetización_de_las_personas_de_15_años_o_más,_desglosada_por_sexo_y_subpoblaciones<b><i>_[CENSO]_</i></b>",	21173,"Teteles_de_Avila_Castillo","2020","95.50675","99.431818","99.687695","97.070398","79.391425","97.249509","94.294499","86.592179","100","95.504032","100","100","ND","ND","100","ND","ND","100","95.393514","100","100","79.047619","ND",
"Tasa_de_alfabetización_de_las_personas_de_15_años_o_más,_desglosada_por_sexo_y_subpoblaciones<b><i>_[CENSO]_</i></b>",	21174,"Teziutlán","2020","95.509309","99.111962","99.116987","96.175417","84.637044","96.674429","94.528148","81.758574","96.683673","95.504201","100","100","100","100","100","ND","86.666667","100","95.422733","98.218472","100","79.594523","ND",
"Tasa_de_alfabetización_de_las_personas_de_15_años_o_más,_desglosada_por_sexo_y_subpoblaciones<b><i>_[CENSO]_</i></b>",	21175,"Tianguismanalco","2020","93.935559","97.930142","98.412698","94.56058","81.829122","95.317931","92.679301","81.226054","97.5","93.939096","98.850575","98.684211","100","ND","100","ND","16.666667","96.721311","93.837479","98.884758","97.014925","73.434856","ND",
"Tasa_de_alfabetización_de_las_personas_de_15_años_o_más,_desglosada_por_sexo_y_subpoblaciones<b><i>_[CENSO]_</i></b>",	21176,"Tilapa","2020","91.887991","98.369565","98.030635","93.81953","75.838415","92.638037","91.221374","72.222222","94.339623","91.820696","100","100","100","100","100","ND","100","95.121951","91.749027","95.652174","95.402299","69.775475","ND",
"Tasa_de_alfabetización_de_las_personas_de_15_años_o_más,_desglosada_por_sexo_y_subpoblaciones<b><i>_[CENSO]_</i></b>",	21177,"Tlacotepec_de_Benito_Juárez","2020","86.742168","99.021019","97.672074","85.244304","57.513836","90.454403","83.711171","74.179266","82.758621","86.707734","98","98.863636","100","ND","87.5","100","100","96.984925","86.456812","94.157088","97.029703","63.678065","ND",
"Tasa_de_alfabetización_de_las_personas_de_15_años_o_más,_desglosada_por_sexo_y_subpoblaciones<b><i>_[CENSO]_</i></b>",	21178,"Tlacuilotepec","2020","84.156637","99.595142","98.085292","89.404353","55.517241","86.68263","81.752848","76.533333","84.057971","84.150943","100","100","ND","ND","100","ND","ND","97.058824","83.67385","96.587927","97.058824","56.614246","ND",
"Tasa_de_alfabetización_de_las_personas_de_15_años_o_más,_desglosada_por_sexo_y_subpoblaciones<b><i>_[CENSO]_</i></b>",	21179,"Tlachichuca","2020","89.318459","98.556701","97.649242","91.36767","61.686962","90.995971","87.757238","98.039216","84.87395","89.334178","100","100","ND","ND","100","ND","12.5","100","89.102804","96.054628","100","69.02507","ND",
"Tasa_de_alfabetización_de_las_personas_de_15_años_o_más,_desglosada_por_sexo_y_subpoblaciones<b><i>_[CENSO]_</i></b>",	21180,"Tlahuapan","2020","95.058179","99.255366","98.778644","96.806246","79.482353","95.935131","94.224092","84.90566","95.541401","95.050896","100","100","100","ND","100","ND","100","98.75","94.989328","98.214286","98.75","74.524496","ND",
"Tasa_de_alfabetización_de_las_personas_de_15_años_o_más,_desglosada_por_sexo_y_subpoblaciones<b><i>_[CENSO]_</i></b>",	21181,"Tlaltenango","2020","95.742613","99.132321","98.651382","96.197411","86.126374","96.810207","94.726859","94.594595","95.604396","95.740524","96.153846","96.153846","ND","ND","ND","ND","ND","100","95.635482","98.203593","100","83.62069","ND",
"Tasa_de_alfabetización_de_las_personas_de_15_años_o_más,_desglosada_por_sexo_y_subpoblaciones<b><i>_[CENSO]_</i></b>",	21182,"Tlanepantla","2020","96.098618","99.390244","98.904802","96.47806","84.684685","96.83908","95.438237","87.142857","95.454545","96.121508","100","100","100","ND","ND","ND","0","100","96.089232","97.916667","100","78.034682","ND",
"Tasa_de_alfabetización_de_las_personas_de_15_años_o_más,_desglosada_por_sexo_y_subpoblaciones<b><i>_[CENSO]_</i></b>",	21183,"Tlaola","2020","76.625569","97.822932","93.603904","74.065864","37.812653","80.565593","73.171739","70.322657","74.509804","76.610593","100","100","ND","ND","100","ND","80","100","76.295298","93.191489","100","45.839416","ND",
"Tasa_de_alfabetización_de_las_personas_de_15_años_o_más,_desglosada_por_sexo_y_subpoblaciones<b><i>_[CENSO]_</i></b>",	21184,"Tlapacoya","2020","80.421825","99.175824","96.09583","81.932367","45.942572","83.186706","77.979275","67.995857","60","80.417335","100","ND","100","ND","ND","ND","ND","96.551724","79.896055","97.979798","96.666667","52.631579","ND",
"Tasa_de_alfabetización_de_las_personas_de_15_años_o_más,_desglosada_por_sexo_y_subpoblaciones<b><i>_[CENSO]_</i></b>",	21185,"Tlapanalá","2020","91.809017","98.65643","98.092136","92.310097","77.140613","92.424686","91.243621","94.117647","94.117647","91.762884","100","100","100","ND","100","ND","ND","100","91.648637","94.545455","100","68.449198","ND",
"Tasa_de_alfabetización_de_las_personas_de_15_años_o_más,_desglosada_por_sexo_y_subpoblaciones<b><i>_[CENSO]_</i></b>",	21186,"Tlatlauquitepec","2020","91.02817","99.610312","98.871925","93.7046","66.282996","93.205045","89.134752","80.604076","93.413174","91.026518","100","100","ND","100","100","ND","16.666667","99.39759","90.870074","96.499417","99.425287","65.261695","ND",
"Tasa_de_alfabetización_de_las_personas_de_15_años_o_más,_desglosada_por_sexo_y_subpoblaciones<b><i>_[CENSO]_</i></b>",	21187,"Tlaxco","2020","83.356841","97.037037","97.308782","87.383721","59.246172","84.40954","82.365827","52.970297","61.290323","83.361582","80","100","ND","ND","0","ND","ND","100","82.911208","97","100","53.93586","ND",
"Tasa_de_alfabetización_de_las_personas_de_15_años_o_más,_desglosada_por_sexo_y_subpoblaciones<b><i>_[CENSO]_</i></b>",	21188,"Tochimilco","2020","92.185163","98.790698","97.78607","92.689561","78.580376","94.421087","90.261547","89.362946","96.236559","92.175286","95.384615","95.238095","100","ND","100","ND","66.666667","97.794118","92.043885","97.5","97.810219","69.90172","ND",
"Tasa_de_alfabetización_de_las_personas_de_15_años_o_más,_desglosada_por_sexo_y_subpoblaciones<b><i>_[CENSO]_</i></b>",	21189,"Tochtepec","2020","94.180165","99.143302","98.797288","94.749403","79.864865","95.180887","93.296359","79.487179","92.857143","94.177686","100","100","100","ND","100","ND","50","97.777778","94.127964","98.275862","97.916667","77.764566","ND",
"Tasa_de_alfabetización_de_las_personas_de_15_años_o_más,_desglosada_por_sexo_y_subpoblaciones<b><i>_[CENSO]_</i></b>",	21190,"Totoltepec_de_Guerrero","2020","94.279428","100","98.404255","96.791444","87.625418","97.613365","91.428571","100","94.444444","94.279428","ND","ND","ND","ND","ND","ND","ND","100","93.764988","100","100","82.5","ND",
"Tasa_de_alfabetización_de_las_personas_de_15_años_o_más,_desglosada_por_sexo_y_subpoblaciones<b><i>_[CENSO]_</i></b>",	21191,"Tulcingo","2020","81.771937","99.423077","97.892402","87.037037","49.28401","85.648574","78.459119","77.205882","86.486486","81.623321","98.684211","98.630137","ND","ND","100","ND","0","87.857143","81.322783","91.629956","88.590604","49.347568","ND",
"Tasa_de_alfabetización_de_las_personas_de_15_años_o_más,_desglosada_por_sexo_y_subpoblaciones<b><i>_[CENSO]_</i></b>",	21192,"Tuzamapan_de_Galeana","2020","88.182832","99.371069","99.108911","91.352859","66.898608","91.794159","84.83677","80.938166","85.271318","88.17756","100","100","ND","ND","ND","ND","ND","100","87.934982","97.297297","100","64.835165","ND",
"Tasa_de_alfabetización_de_las_personas_de_15_años_o_más,_desglosada_por_sexo_y_subpoblaciones<b><i>_[CENSO]_</i></b>",	21193,"Tzicatlacoyan","2020","91.559991","100","98.770492","94.078636","72.333333","93.60751","89.629005","75","88.990826","91.5269","100","100","ND","ND","ND","ND","ND","100","91.53059","100","100","64.661654","ND",
"Tasa_de_alfabetización_de_las_personas_de_15_años_o_más,_desglosada_por_sexo_y_subpoblaciones<b><i>_[CENSO]_</i></b>",	21194,"Venustiano_Carranza","2020","89.674372","99.158031","98.449612","93.56807","64.561957","91.258364","88.321504","57.028913","90.374332","89.679733","100","100","ND","ND","100","ND","44.444444","100","89.393225","94.972678","100","63.09922","ND",
"Tasa_de_alfabetización_de_las_personas_de_15_años_o_más,_desglosada_por_sexo_y_subpoblaciones<b><i>_[CENSO]_</i></b>",	21195,"Vicente_Guerrero","2020","74.874372","98.593134","93.462282","71.943005","31.179138","80.997836","69.786379","57.030568","76.11465","74.835089","100","100","100","ND","100","ND","0","90.30303","74.302242","93.6","90.419162","44.56869","ND",
"Tasa_de_alfabetización_de_las_personas_de_15_años_o_más,_desglosada_por_sexo_y_subpoblaciones<b><i>_[CENSO]_</i></b>",	21196,"Xayacatlán_de_Bravo","2020","84.228474","100","98.712446","92.534381","59.206799","86.266925","82.621951","71.35506","100","84.106529","100","100","ND","ND","100","ND","ND","100","83.527305","97.5","100","48.484848","ND",
"Tasa_de_alfabetización_de_las_personas_de_15_años_o_más,_desglosada_por_sexo_y_subpoblaciones<b><i>_[CENSO]_</i></b>",	21197,"Xicotepec","2020","91.670171","99.078058","98.36698","93.925506","69.5462","93.219826","90.333529","65.588136","94.805195","91.671491","100","100","100","100","100","ND","66.666667","98.780488","91.518478","97.198132","98.876404","66.487214","ND",
"Tasa_de_alfabetización_de_las_personas_de_15_años_o_más,_desglosada_por_sexo_y_subpoblaciones<b><i>_[CENSO]_</i></b>",	21198,"Xicotlán","2020","81.991525","98.666667","97.983871","88.135593","44.711538","85.557987","78.644764","25","100","81.972428","100","100","ND","ND","ND","ND","ND","100","81.441048","100","100","38.888889","ND",
"Tasa_de_alfabetización_de_las_personas_de_15_años_o_más,_desglosada_por_sexo_y_subpoblaciones<b><i>_[CENSO]_</i></b>",	21199,"Xiutetelco","2020","85.58391","98.138869","96.637816","84.777906","48.855189","88.68672","82.838969","78.431373","88.821752","85.580899","91.666667","90.909091","100","ND","ND","ND","100","96.703297","85.299752","94.81383","96.73913","59.280576","ND",
"Tasa_de_alfabetización_de_las_personas_de_15_años_o_más,_desglosada_por_sexo_y_subpoblaciones<b><i>_[CENSO]_</i></b>",	21200,"Xochiapulco","2020","89.250298","100","98.390342","92.138631","72.929936","93.648069","85.471976","81.191223","88.888889","89.250298","ND","ND","ND","ND","ND","ND","ND","100","89.015925","97.142857","100","61.42132","ND",
"Tasa_de_alfabetización_de_las_personas_de_15_años_o_más,_desglosada_por_sexo_y_subpoblaciones<b><i>_[CENSO]_</i></b>",	21201,"Xochiltepec","2020","90.66723","99.421965","98.991597","93.363229","71.134021","92.483349","89.21792","69","90","90.591741","100","100","ND","ND","ND","ND","ND","98.550725","90.339656","96.774194","98.571429","61.19403","ND",
"Tasa_de_alfabetización_de_las_personas_de_15_años_o_más,_desglosada_por_sexo_y_subpoblaciones<b><i>_[CENSO]_</i></b>",	21202,"Xochitlán_de_Vicente_Suárez","2020","82.546179","98.591549","96.483603","82.458663","52.056555","86.526664","79.033937","80.421053","75.087719","82.552862","100","100","ND","ND","ND","ND","33.333333","94.117647","82.339733","98.245614","94.444444","43.137255","ND",
"Tasa_de_alfabetización_de_las_personas_de_15_años_o_más,_desglosada_por_sexo_y_subpoblaciones<b><i>_[CENSO]_</i></b>",	21203,"Xochitlán_Todos_Santos","2020","88.310115","99.339207","96.879334","89.424779","63.36261","90.529124","86.464497","76.470588","100","88.501318","100","100","ND","ND","100","ND","0","94.736842","88.273276","97.5","95","60.789474","ND",
"Tasa_de_alfabetización_de_las_personas_de_15_años_o_más,_desglosada_por_sexo_y_subpoblaciones<b><i>_[CENSO]_</i></b>",	21204,"Yaonáhuac","2020","94.491081","100","98.836458","96.811902","76.871508","96.508058","92.802057","92.251149","88.888889","94.486259","100","100","ND","ND","ND","ND","100","100","94.433576","97.777778","100","69.784173","ND",
"Tasa_de_alfabetización_de_las_personas_de_15_años_o_más,_desglosada_por_sexo_y_subpoblaciones<b><i>_[CENSO]_</i></b>",	21205,"Yehualtepec","2020","92.340281","98.782715","98.392694","93.606229","66.508539","94.449761","90.452745","72.95082","90.163934","92.323804","100","100","100","ND","ND","ND","100","98.507463","92.247617","97.695853","98.550725","68.888889","ND",
"Tasa_de_alfabetización_de_las_personas_de_15_años_o_más,_desglosada_por_sexo_y_subpoblaciones<b><i>_[CENSO]_</i></b>",	21206,"Zacapala","2020","86.001887","100","98.865069","90.512465","58.472222","87.950987","84.327485","79.545455","90.909091","85.922177","100","100","ND","ND","100","ND","ND","96.666667","85.811248","90.196078","97.058824","55.374593","ND",
"Tasa_de_alfabetización_de_las_personas_de_15_años_o_más,_desglosada_por_sexo_y_subpoblaciones<b><i>_[CENSO]_</i></b>",	21207,"Zacapoaxtla","2020","89.500785","99.158485","98.233089","90.736426","64.507896","92.345732","87.114518","81.736833","90.220049","89.51964","100","100","100","100","100","ND","77.419355","95.535714","89.339909","96.131528","95.726496","63.452432","ND",
"Tasa_de_alfabetización_de_las_personas_de_15_años_o_más,_desglosada_por_sexo_y_subpoblaciones<b><i>_[CENSO]_</i></b>",	21208,"Zacatlán","2020","91.4718","99.152706","98.54567","93.267498","69.209098","93.161974","90.017798","75.501022","92.055268","91.472944","98.795181","100","100","ND","97.368421","ND","87.096774","99.386503","91.250927","97.691922","99.441341","67.938931","ND",
"Tasa_de_alfabetización_de_las_personas_de_15_años_o_más,_desglosada_por_sexo_y_subpoblaciones<b><i>_[CENSO]_</i></b>",	21209,"Zapotitlán","2020","90.743671","98.262548","98.897734","93.747841","70.408163","94.286728","87.892633","76.123596","82.5","90.813565","93.939394","93.333333","ND","ND","100","ND","0","94.736842","90.743452","94.4","95.121951","67.671692","ND",
"Tasa_de_alfabetización_de_las_personas_de_15_años_o_más,_desglosada_por_sexo_y_subpoblaciones<b><i>_[CENSO]_</i></b>",	21210,"Zapotitlán_de_Méndez","2020","84.385542","98.484848","96.767677","88.843813","54.428904","88.634098","80.410448","80.383387","86.440678","84.385542","ND","ND","ND","ND","ND","ND","ND","100","83.955224","97.674419","100","62.601626","ND",
"Tasa_de_alfabetización_de_las_personas_de_15_años_o_más,_desglosada_por_sexo_y_subpoblaciones<b><i>_[CENSO]_</i></b>",	21211,"Zaragoza","2020","94.960059","99.893048","98.90411","96.666111","80.509356","96.543482","93.675418","82.352941","97.435897","94.983084","100","100","ND","ND","100","ND","33.333333","100","94.859095","98.441558","100","78.554502","ND",
"Tasa_de_alfabetización_de_las_personas_de_15_años_o_más,_desglosada_por_sexo_y_subpoblaciones<b><i>_[CENSO]_</i></b>",	21212,"Zautla","2020","86.170362","99.04482","98.107828","89.7072","48.867037","92.586339","80.767739","77.254902","91.472868","86.167673","100","100","100","ND","100","ND","50","100","86.001876","91.758242","100","54.545455","ND",
"Tasa_de_alfabetización_de_las_personas_de_15_años_o_más,_desglosada_por_sexo_y_subpoblaciones<b><i>_[CENSO]_</i></b>",	21213,"Zihuateutla","2020","82.479817","98.780488","96.789424","85.338726","49.139579","86.233172","79.09216","72.953216","85.714286","82.469255","100","ND","ND","ND","100","ND","100","95.238095","82.167015","97.945205","95.238095","54.653465","ND",
"Tasa_de_alfabetización_de_las_personas_de_15_años_o_más,_desglosada_por_sexo_y_subpoblaciones<b><i>_[CENSO]_</i></b>",	21214,"Zinacatepec","2020","86.47203","97.67667","97.944849","86.281588","58.367769","88.642484","84.55512","78.606204","87.335092","86.499963","100","100","100","ND","ND","ND","61.111111","95.348837","86.295227","96.761134","95.454545","65.930233","ND",
"Tasa_de_alfabetización_de_las_personas_de_15_años_o_más,_desglosada_por_sexo_y_subpoblaciones<b><i>_[CENSO]_</i></b>",	21215,"Zongozotla","2020","78.504407","99.099099","97.882939","85.673839","33.333333","85.926366","71.685761","77.030902","87.341772","78.526735","0","0","ND","ND","ND","ND","ND","100","78.471628","100","100","56.696429","ND",
"Tasa_de_alfabetización_de_las_personas_de_15_años_o_más,_desglosada_por_sexo_y_subpoblaciones<b><i>_[CENSO]_</i></b>",	21216,"Zoquiapan","2020","76.991643","100","97.953216","82.853567","43.248945","83.757576","71.237113","72.803935","80","76.991643","ND","ND","ND","ND","ND","ND","ND","100","76.047198","92.708333","100","49.162011","ND",
"Tasa_de_alfabetización_de_las_personas_de_15_años_o_más,_desglosada_por_sexo_y_subpoblaciones<b><i>_[CENSO]_</i></b>",	21217,"Zoquitlán","2020","69.676397","96.36234","92.352769","67.584459","29.064235","74.24341","65.729152","69.341131","76.025918","69.671822","100","100","ND","ND","ND","ND","ND","100","69.133421","93.055556","100","35.538117","ND",
"Tasa_de_alfabetización_de_las_personas_de_15_años_o_más,_desglosada_por_sexo_y_subpoblaciones<b><i>_[CENSO]_</i></b>",	22,"Querétaro","2020","96.34289","99.28414","99.134767","97.716658","83.807062","97.227337","95.518037","83.962264","97.47564","96.370702","99.571306","99.845098","99.115044","99.668019","99.430911","100","48.827773","98.439227","96.098021","99.152059","98.957005","78.964658","100",
"Tasa_de_alfabetización_de_las_personas_de_15_años_o_más,_desglosada_por_sexo_y_subpoblaciones<b><i>_[CENSO]_</i></b>",	22001,"Amealco_de_Bonfil","2020","88.715775","98.736373","98.025695","89.567106","61.120142","91.990921","85.791107","72.961373","91.111111","88.685619","100","100","100","ND","100","ND","73.913043","96.50655","88.476298","96.351575","96.774194","63.007571","ND",
"Tasa_de_alfabetización_de_las_personas_de_15_años_o_más,_desglosada_por_sexo_y_subpoblaciones<b><i>_[CENSO]_</i></b>",	22002,"Pinal_de_Amoles","2020","88.518075","99.307958","98.275862","92.346376","57.589696","90.118214","87.074055","78.571429","92.758621","88.485279","100","100","100","ND","100","ND","0","97.333333","88.366903","91.981132","97.379913","54.777595","ND",
"Tasa_de_alfabetización_de_las_personas_de_15_años_o_más,_desglosada_por_sexo_y_subpoblaciones<b><i>_[CENSO]_</i></b>",	22003,"Arroyo_Seco","2020","89.082831","99.435028","98.68709","94.768658","64.196387","88.643605","89.464321","76.785714","89.655172","89.009585","100","100","ND","ND","100","ND","100","97.727273","88.712718","95.983936","97.814208","53.257329","ND",
"Tasa_de_alfabetización_de_las_personas_de_15_años_o_más,_desglosada_por_sexo_y_subpoblaciones<b><i>_[CENSO]_</i></b>",	22004,"Cadereyta_de_Montes","2020","91.597468","99.276585","98.638104","94.489343","63.678977","93.403437","90.026519","74.744027","95.352564","91.564721","99.591837","100","100","100","97.435897","ND","66.666667","95.971564","91.439755","98.049837","96.043956","63.401543","ND",
"Tasa_de_alfabetización_de_las_personas_de_15_años_o_más,_desglosada_por_sexo_y_subpoblaciones<b><i>_[CENSO]_</i></b>",	22005,"Colón","2020","93.033794","99.04113","98.674912","95.938568","62.134529","94.861746","91.271307","88.965517","93.23741","93.025696","100","100","100","100","100","ND","77.777778","98.780488","92.943544","96.904025","98.888889","66.77193","ND",
"Tasa_de_alfabetización_de_las_personas_de_15_años_o_más,_desglosada_por_sexo_y_subpoblaciones<b><i>_[CENSO]_</i></b>",	22006,"Corregidora","2020","98.136958","99.434812","99.329831","98.813934","92.797652","98.513068","97.792003","93.234932","98.812754","98.178397","99.761431","99.789474","100","99.630314","99.795918","100","44.554455","98.965517","98.044237","99.353437","99.4003","85.777238","ND",
"Tasa_de_alfabetización_de_las_personas_de_15_años_o_más,_desglosada_por_sexo_y_subpoblaciones<b><i>_[CENSO]_</i></b>",	22007,"Ezequiel_Montes","2020","93.205032","99.49923","99.186992","95.654873","66.658694","95.250695","91.385195","81.818182","92.137931","93.169707","100","100","100","100","100","ND","50","98.518519","93.043731","97.642015","98.823529","67.974277","ND",
"Tasa_de_alfabetización_de_las_personas_de_15_años_o_más,_desglosada_por_sexo_y_subpoblaciones<b><i>_[CENSO]_</i></b>",	22008,"Huimilpan","2020","91.575681","99.186213","98.421567","94.351713","63.588021","92.382094","90.891937","91.836735","91.219512","91.561365","98.26087","100","ND","100","96.363636","ND","73.913043","96.883853","91.398374","98.101266","97.043011","63.088313","ND",
"Tasa_de_alfabetización_de_las_personas_de_15_años_o_más,_desglosada_por_sexo_y_subpoblaciones<b><i>_[CENSO]_</i></b>",	22009,"Jalpan_de_Serra","2020","91.580517","99.671485","99.183529","95.213939","64.212488","92.162522","91.078103","77.06422","89.312977","91.551992","99.047619","100","100","100","90.909091","ND","62.5","96.812749","91.349611","98.504274","96.992481","61.996779","ND",
"Tasa_de_alfabetización_de_las_personas_de_15_años_o_más,_desglosada_por_sexo_y_subpoblaciones<b><i>_[CENSO]_</i></b>",	22010,"Landa_de_Matamoros","2020","86.872587","99.81982","98.489882","92.602334","57.287449","86.969601","86.786913","90.566038","84.615385","86.814582","98.717949","98.666667","ND","ND","100","ND","50","94.791667","86.441866","96.960486","94.915254","52.849265","ND",
"Tasa_de_alfabetización_de_las_personas_de_15_años_o_más,_desglosada_por_sexo_y_subpoblaciones<b><i>_[CENSO]_</i></b>",	22011,"El_Marqués","2020","96.946748","99.297555","99.282849","98.11694","80.080126","97.867173","96.043636","95.095541","98.390435","96.975697","99.532512","100","100","99.458728","99.449253","100","43.961353","99.381188","96.333398","99.461739","99.489796","81.198292","ND",
"Tasa_de_alfabetización_de_las_personas_de_15_años_o_más,_desglosada_por_sexo_y_subpoblaciones<b><i>_[CENSO]_</i></b>",	22012,"Pedro_Escobedo","2020","95.372834","99.199223","98.957439","97.057046","77.160401","96.633361","94.183059","91.23506","95.843521","95.380371","98.360656","100","80","ND","97.142857","ND","65.384615","99.337748","95.279204","97.998947","99.386503","72.987478","ND",
"Tasa_de_alfabetización_de_las_personas_de_15_años_o_más,_desglosada_por_sexo_y_subpoblaciones<b><i>_[CENSO]_</i></b>",	22013,"Peñamiller","2020","91.117586","99.099099","98.806125","95.151007","65.732846","92.250465","90.063455","75","89.02439","91.092601","98.181818","100","ND","ND","90.909091","ND","80","96.703297","91.033907","98.969072","97.087379","63.94052","ND",
"Tasa_de_alfabetización_de_las_personas_de_15_años_o_más,_desglosada_por_sexo_y_subpoblaciones<b><i>_[CENSO]_</i></b>",	22014,"Querétaro","2020","97.821937","99.257014","99.253562","98.570698","91.403524","98.429941","97.248467","94.114326","98.407976","97.896398","99.584263","99.854651","100","99.777448","99.44699","100","46.895641","99.367339","97.757856","99.199242","99.502328","86.050406","100",
"Tasa_de_alfabetización_de_las_personas_de_15_años_o_más,_desglosada_por_sexo_y_subpoblaciones<b><i>_[CENSO]_</i></b>",	22015,"San_Joaquín","2020","87.066246","99.292035","97.811218","90.089767","52.348993","88.349131","86.042848","76.470588","92.857143","86.979534","100","100","ND","ND","100","ND","ND","96.363636","86.87556","95.3125","96.491228","58.894231","ND",
"Tasa_de_alfabetización_de_las_personas_de_15_años_o_más,_desglosada_por_sexo_y_subpoblaciones<b><i>_[CENSO]_</i></b>",	22016,"San_Juan_del_Río","2020","96.723504","99.390524","99.201758","98.332122","84.158019","97.488888","96.011789","94.436718","95.794763","96.726995","99.290151","99.602386","100","100","98.880597","100","69.402985","98.955224","96.577223","98.865614","98.901099","80.782384","ND",
"Tasa_de_alfabetización_de_las_personas_de_15_años_o_más,_desglosada_por_sexo_y_subpoblaciones<b><i>_[CENSO]_</i></b>",	22017,"Tequisquiapan","2020","95.440299","99.363901","99.215822","97.455678","80.827912","96.681001","94.307637","89.090909","97.769517","95.455655","100","100","100","100","100","100","39.473684","99.382716","95.326758","99.346049","99.559471","75.381605","ND",
"Tasa_de_alfabetización_de_las_personas_de_15_años_o_más,_desglosada_por_sexo_y_subpoblaciones<b><i>_[CENSO]_</i></b>",	22018,"Tolimán","2020","92.572548","99.118684","98.799283","94.57189","69.830628","94.567901","90.877895","86.282219","93.915344","92.566381","97.619048","100","50","ND","100","ND","0","100","92.542532","95","100","69.157509","ND",
"Tasa_de_alfabetización_de_las_personas_de_15_años_o_más,_desglosada_por_sexo_y_subpoblaciones<b><i>_[CENSO]_</i></b>",	23,"Quintana_Roo","2020","96.646474","98.980632","98.853057","97.109215","85.540854","97.22939","96.056324","89.883747","96.95185","96.767463","96.588615","99.471408","84.864186","99.551695","99.146466","92","41.445783","98.978058","96.578467","98.13528","98.813856","83.111595","ND",
"Tasa_de_alfabetización_de_las_personas_de_15_años_o_más,_desglosada_por_sexo_y_subpoblaciones<b><i>_[CENSO]_</i></b>",	23001,"Cozumel","2020","97.205726","99.21875","99.143519","97.880503","88.552059","97.550923","96.85936","89.07563","97.179487","97.227459","98.89682","99.676898","92.405063","100","98.988622","83.333333","33.333333","99.090909","97.221503","97.67604","99.446494","83.740958","ND",
"Tasa_de_alfabetización_de_las_personas_de_15_años_o_más,_desglosada_por_sexo_y_subpoblaciones<b><i>_[CENSO]_</i></b>",	23002,"Felipe_Carrillo_Puerto","2020","90.005999","99.229758","98.121587","90.328371","65.655676","91.722264","88.300817","87.10601","91.769107","89.997596","96.330275","100","96","100","95.3125","ND","70","96","89.921416","96.358908","94","66.346154","ND",
"Tasa_de_alfabetización_de_las_personas_de_15_años_o_más,_desglosada_por_sexo_y_subpoblaciones<b><i>_[CENSO]_</i></b>",	23003,"Isla_Mujeres","2020","96.584839","98.735321","98.617315","96.85288","87.964072","97.078916","96.071472","90.505934","98.795181","96.606224","97.468354","100","93.333333","100","99.253731","ND","66.666667","100","96.698208","96.065375","97.777778","85.470085","ND",
"Tasa_de_alfabetización_de_las_personas_de_15_años_o_más,_desglosada_por_sexo_y_subpoblaciones<b><i>_[CENSO]_</i></b>",	23004,"Othón_P._Blanco","2020","95.785189","98.883353","98.921735","96.810813","84.961734","96.284823","95.308517","86.897466","97.100828","95.809112","96.230082","98.675497","89.548023","100","96.979504","100","62.025316","97.058824","95.777656","97.031488","98.321091","80.208955","ND",
"Tasa_de_alfabetización_de_las_personas_de_15_años_o_más,_desglosada_por_sexo_y_subpoblaciones<b><i>_[CENSO]_</i></b>",	23005,"Benito_Juárez","2020","97.760943","98.976945","98.925948","98.022224","91.192487","98.254501","97.263138","93.194614","98.532397","97.911303","98.19376","99.392713","94","99.509148","99.350714","100","40.47619","99.198626","97.877744","98.33339","98.54829","88.823967","ND",
"Tasa_de_alfabetización_de_las_personas_de_15_años_o_más,_desglosada_por_sexo_y_subpoblaciones<b><i>_[CENSO]_</i></b>",	23006,"José_María_Morelos","2020","89.770964","99.347205","98.477796","91.016883","62.185515","90.781797","88.733343","85.620358","91.489362","89.783075","85.106383","100","64.285714","ND","92","ND","77.777778","94.444444","89.720153","92.757009","93.617021","61.796475","ND",
"Tasa_de_alfabetización_de_las_personas_de_15_años_o_más,_desglosada_por_sexo_y_subpoblaciones<b><i>_[CENSO]_</i></b>",	23007,"Lázaro_Cárdenas","2020","91.932888","98.865784","98.391282","92.883353","70.996761","93.320482","90.511453","87.08491","89.564336","91.913244","100","100","100","100","100","ND","53.846154","75","91.847031","95.11041","97.5","69.754553","ND",
"Tasa_de_alfabetización_de_las_personas_de_15_años_o_más,_desglosada_por_sexo_y_subpoblaciones<b><i>_[CENSO]_</i></b>",	23008,"Solidaridad","2020","97.96434","99.048913","98.998998","97.981203","90.39298","98.344886","97.563224","95.590656","98.401668","98.082618","99.141733","99.537037","93.060498","99.823165","99.570585","92.592593","35.833333","99.501247","98.049625","98.388988","99.501799","88.430127","ND",
"Tasa_de_alfabetización_de_las_personas_de_15_años_o_más,_desglosada_por_sexo_y_subpoblaciones<b><i>_[CENSO]_</i></b>",	23009,"Tulum","2020","95.028154","98.411215","98.649473","94.980057","73.435389","96.049256","93.897899","90.619271","90.836653","95.002174","97.797357","99.074074","86.206897","97.916667","98.636927","50","55.932203","100","94.708862","96.900952","98.947368","74.843424","ND",
"Tasa_de_alfabetización_de_las_personas_de_15_años_o_más,_desglosada_por_sexo_y_subpoblaciones<b><i>_[CENSO]_</i></b>",	23010,"Bacalar","2020","88.814279","98.755899","97.898281","89.564409","62.579132","90.327613","87.269832","78.343253","87.068966","90.340096","67.25756","100","48.258706","100","99.357945","ND","71.428571","98.717949","88.587482","93.496701","98.192771","59.309564","ND",
"Tasa_de_alfabetización_de_las_personas_de_15_años_o_más,_desglosada_por_sexo_y_subpoblaciones<b><i>_[CENSO]_</i></b>",	23011,"Puerto_Morelos","2020","95.901558","98.36348","97.922438","96.371841","87.162461","96.440906","95.330897","87.177352","96.031746","95.944128","99.316629","100","93.617021","94.117647","99.807322","100","39.705882","100","95.520365","98.338964","100","82.064516","ND",
"Tasa_de_alfabetización_de_las_personas_de_15_años_o_más,_desglosada_por_sexo_y_subpoblaciones<b><i>_[CENSO]_</i></b>",	24,"San_Luis_Potosí","2020","94.786413","99.049419","98.872616","96.65287","81.430535","95.201757","94.403846","86.707751","94.896472","94.811824","99.022994","99.277406","93.75","98.798077","98.989114","87.804878","65.923471","97.63742","94.724918","98.28587","97.913459","76.440765","97.297297",
"Tasa_de_alfabetización_de_las_personas_de_15_años_o_más,_desglosada_por_sexo_y_subpoblaciones<b><i>_[CENSO]_</i></b>",	24001,"Ahualulco","2020","91.77949","98.938992","97.986222","94.573512","73.081418","91.950057","91.636913","100","88.851351","91.788856","98.245614","98.039216","100","ND","100","ND","53.846154","96.8","91.735852","97.029703","96.240602","65.987124","ND",
"Tasa_de_alfabetización_de_las_personas_de_15_años_o_más,_desglosada_por_sexo_y_subpoblaciones<b><i>_[CENSO]_</i></b>",	24002,"Alaquines","2020","88.585608","99.775785","98.318713","92.314016","68.960573","87.220798","89.866025","82.352941","90","88.629478","96","95.652174","ND","ND","100","ND","16.666667","94.186047","88.481105","100","94.565217","67.362429","ND",
"Tasa_de_alfabetización_de_las_personas_de_15_años_o_más,_desglosada_por_sexo_y_subpoblaciones<b><i>_[CENSO]_</i></b>",	24003,"Aquismón","2020","84.535989","98.971135","97.748142","85.849959","51.41616","86.984749","82.143498","82.515026","86.270754","84.573596","100","100","ND","ND","100","100","39.534884","94.444444","84.23796","96.551724","94.771242","57.026214","ND",
"Tasa_de_alfabetización_de_las_personas_de_15_años_o_más,_desglosada_por_sexo_y_subpoblaciones<b><i>_[CENSO]_</i></b>",	24004,"Armadillo_de_los_Infante","2020","89.623865","97.837838","99.135447","94.355454","73.60179","89.390963","89.85228","100","88.888889","89.586723","100","100","ND","ND","100","ND","100","93.75","89.426583","100","94.736842","68.100358","ND",
"Tasa_de_alfabetización_de_las_personas_de_15_años_o_más,_desglosada_por_sexo_y_subpoblaciones<b><i>_[CENSO]_</i></b>",	24005,"Cárdenas","2020","94.183462","99.353448","98.565638","96.565495","83.295711","93.880455","94.450641","88.059701","94.444444","94.1527","100","100","ND","ND","100","ND","100","97.311828","94.067732","98.156682","97.461929","78.021016","ND",
"Tasa_de_alfabetización_de_las_personas_de_15_años_o_más,_desglosada_por_sexo_y_subpoblaciones<b><i>_[CENSO]_</i></b>",	24006,"Catorce","2020","89.719076","99.446494","98.691099","94.117647","67.875989","89.821737","89.611563","100","93.478261","89.680662","100","100","ND","ND","100","ND","50","90","89.555822","99.152542","92.857143","67.880795","ND",
"Tasa_de_alfabetización_de_las_personas_de_15_años_o_más,_desglosada_por_sexo_y_subpoblaciones<b><i>_[CENSO]_</i></b>",	24007,"Cedral","2020","93.544063","99.231426","97.904113","96.635542","75.430681","93.236575","93.834958","87.5","93.21608","93.515697","100","100","ND","ND","100","ND","100","98.550725","93.410286","96.996997","98.657718","72.177879","ND",
"Tasa_de_alfabetización_de_las_personas_de_15_años_o_más,_desglosada_por_sexo_y_subpoblaciones<b><i>_[CENSO]_</i></b>",	24008,"Cerritos","2020","94.515816","99.409283","98.817522","96.935715","84.237331","94.417782","94.606244","95.121951","91.338583","94.480103","98.571429","98.507463","ND","ND","100","ND","100","96.330275","94.426045","98.039216","96.694215","76.726144","ND",
"Tasa_de_alfabetización_de_las_personas_de_15_años_o_más,_desglosada_por_sexo_y_subpoblaciones<b><i>_[CENSO]_</i></b>",	24009,"Cerro_de_San_Pedro","2020","95.342028","97.916667","98.850575","97.367007","83.256528","94.889357","95.804196","92.307692","87.5","95.408163","96.428571","91.666667","100","ND","100","ND","40","100","95.311215","100","100","81.276596","ND",
"Tasa_de_alfabetización_de_las_personas_de_15_años_o_más,_desglosada_por_sexo_y_subpoblaciones<b><i>_[CENSO]_</i></b>",	24010,"Ciudad_del_Maíz","2020","92.558293","99.340528","98.731501","95.979487","76.048162","92.71064","92.41297","88.28125","90.434783","92.538723","96.774194","97.530864","100","ND","88.888889","ND","100","98.672566","92.383865","97.447796","98.74477","69.587054","ND",
"Tasa_de_alfabetización_de_las_personas_de_15_años_o_más,_desglosada_por_sexo_y_subpoblaciones<b><i>_[CENSO]_</i></b>",	24011,"Ciudad_Fernández","2020","94.270029","99.561753","99.262031","96.643519","78.668119","93.934348","94.580901","92.346939","96.039604","94.239797","99.2","99.578059","66.666667","ND","100","ND","33.333333","96.320346","94.21093","96.376812","96.551724","71.141838","ND",
"Tasa_de_alfabetización_de_las_personas_de_15_años_o_más,_desglosada_por_sexo_y_subpoblaciones<b><i>_[CENSO]_</i></b>",	24012,"Tancanhuitz","2020","91.932612","99.273256","98.551564","94.339063","75.677462","94.044944","89.922481","90.418185","93.442623","91.930401","100","100","ND","ND","100","ND","ND","100","91.750901","99.404762","100","68.978805","ND",
"Tasa_de_alfabetización_de_las_personas_de_15_años_o_más,_desglosada_por_sexo_y_subpoblaciones<b><i>_[CENSO]_</i></b>",	24013,"Ciudad_Valles","2020","95.637341","99.223016","99.144425","97.443413","84.766975","96.086245","95.234465","88.43208","96.039604","95.65262","98.33887","100","81.818182","100","96.052632","ND","32.608696","98.762376","95.553805","98.905473","98.715203","79.046673","ND",
"Tasa_de_alfabetización_de_las_personas_de_15_años_o_más,_desglosada_por_sexo_y_subpoblaciones<b><i>_[CENSO]_</i></b>",	24014,"Coxcatlán","2020","90.466303","99.054622","98.220199","95.671982","71.878207","92.638791","88.358616","89.530271","85.964912","90.468358","87.5","100","0","ND","100","ND","ND","100","90.212159","98.787879","100","61.689587","ND",
"Tasa_de_alfabetización_de_las_personas_de_15_años_o_más,_desglosada_por_sexo_y_subpoblaciones<b><i>_[CENSO]_</i></b>",	24015,"Charcas","2020","93.068813","99.391833","98.809216","95.662188","77.53125","93.218807","92.928683","92.307692","93.034826","93.129532","100","100","ND","ND","100","ND","7.692308","100","93.03623","96.31728","100","72.767857","ND",
"Tasa_de_alfabetización_de_las_personas_de_15_años_o_más,_desglosada_por_sexo_y_subpoblaciones<b><i>_[CENSO]_</i></b>",	24016,"Ebano","2020","93.382328","99.100719","98.600224","95.160617","81.426989","93.582702","93.198623","89.098453","95","93.376688","100","100","100","100","100","ND","55.555556","97.385621","93.241842","97.134084","97.530864","74.319382","ND",
"Tasa_de_alfabetización_de_las_personas_de_15_años_o_más,_desglosada_por_sexo_y_subpoblaciones<b><i>_[CENSO]_</i></b>",	24017,"Guadalcázar","2020","88.143202","98.434164","97.700315","92.214967","68.15552","88.071638","88.214246","90.47619","83.443709","88.221032","98.333333","98.214286","100","ND","100","ND","11.538462","97.202797","88.003244","96.524064","97.435897","66.16014","ND",
"Tasa_de_alfabetización_de_las_personas_de_15_años_o_más,_desglosada_por_sexo_y_subpoblaciones<b><i>_[CENSO]_</i></b>",	24018,"Huehuetlán","2020","90.763089","98.35729","98.534144","93.688941","70.075047","92.816742","88.857793","88.642389","78.321678","90.855323","100","100","ND","ND","100","100","23.529412","100","90.694639","97.286822","100","64.667747","ND",
"Tasa_de_alfabetización_de_las_personas_de_15_años_o_más,_desglosada_por_sexo_y_subpoblaciones<b><i>_[CENSO]_</i></b>",	24019,"Lagunillas","2020","85.645818","99.628253","97.956731","92.449568","66.342558","84.783666","86.483932","58.208955","91.666667","85.569742","100","100","ND","ND","ND","ND","ND","98.305085","84.979839","98.795181","98.360656","53.865979","ND",
"Tasa_de_alfabetización_de_las_personas_de_15_años_o_más,_desglosada_por_sexo_y_subpoblaciones<b><i>_[CENSO]_</i></b>",	24020,"Matehuala","2020","96.256876","99.4483","99.204163","97.790114","85.303514","96.350852","96.170787","95.56962","98.218263","96.272569","98.871332","98.704663","100","100","100","ND","44.444444","98.945518","96.234778","97.392177","99.076923","81.564019","ND",
"Tasa_de_alfabetización_de_las_personas_de_15_años_o_más,_desglosada_por_sexo_y_subpoblaciones<b><i>_[CENSO]_</i></b>",	24021,"Mexquitic_de_Carmona","2020","93.904264","99.208524","98.948406","95.692246","76.74558","94.947842","92.998802","98.529412","94.825175","93.934047","99.212598","100","100","ND","96.428571","ND","27.586207","97.833935","93.89492","97.512438","97.966102","72.800292","ND",
"Tasa_de_alfabetización_de_las_personas_de_15_años_o_más,_desglosada_por_sexo_y_subpoblaciones<b><i>_[CENSO]_</i></b>",	24022,"Moctezuma","2020","90.778932","98.983364","98.549438","94.227396","70.134594","90.777318","90.780339","100","92.207792","90.775073","94.871795","97.142857","ND","ND","75","ND","80","96.226415","90.667275","96.078431","95.757576","63.593156","ND",
"Tasa_de_alfabetización_de_las_personas_de_15_años_o_más,_desglosada_por_sexo_y_subpoblaciones<b><i>_[CENSO]_</i></b>",	24023,"Rayón","2020","90.166563","99.372647","97.691143","93.369362","75.848169","89.861751","90.451568","72.642762","87.096774","90.084502","100","100","ND","ND","100","ND","75","98.312236","89.851439","96.984925","98.431373","73.259053","ND",
"Tasa_de_alfabetización_de_las_personas_de_15_años_o_más,_desglosada_por_sexo_y_subpoblaciones<b><i>_[CENSO]_</i></b>",	24024,"Rioverde","2020","93.059588","99.010285","98.71482","96.227357","76.511073","92.587947","93.484546","89.308176","95.500726","93.048151","99.342105","99.25","100","100","100","ND","37.837838","96.995708","92.916085","97.121402","97.194389","72.391154","ND",
"Tasa_de_alfabetización_de_las_personas_de_15_años_o_más,_desglosada_por_sexo_y_subpoblaciones<b><i>_[CENSO]_</i></b>",	24025,"Salinas","2020","94.711201","99.393939","98.513075","95.862204","82.323821","94.805195","94.63058","83.333333","90.298507","94.71675","99.173554","99.107143","ND","ND","100","ND","12.5","98.866856","94.63656","96.167883","98.910082","80.990099","ND",
"Tasa_de_alfabetización_de_las_personas_de_15_años_o_más,_desglosada_por_sexo_y_subpoblaciones<b><i>_[CENSO]_</i></b>",	24026,"San_Antonio","2020","89.393038","96.546053","98.470588","93.46103","66.233766","91.494459","87.318948","89.119972","96.470588","89.653628","100","100","ND","ND","100","ND","4.761905","100","89.472078","97.902098","100","55.972696","ND",
"Tasa_de_alfabetización_de_las_personas_de_15_años_o_más,_desglosada_por_sexo_y_subpoblaciones<b><i>_[CENSO]_</i></b>",	24027,"San_Ciro_de_Acosta","2020","90.672823","99.626866","99.305957","95.679951","72.830375","90.344062","90.970825","92.307692","94.623656","90.588392","100","100","100","ND","100","ND","ND","96.022727","90.385148","96.531792","96.256684","63.922518","ND",
"Tasa_de_alfabetización_de_las_personas_de_15_años_o_más,_desglosada_por_sexo_y_subpoblaciones<b><i>_[CENSO]_</i></b>",	24028,"San_Luis_Potosí","2020","97.960376","98.83011","99.163731","98.624145","93.317727","98.31292","97.639085","95.645342","97.789089","98.040408","99.340121","99.89195","94.936709","99.115044","99.236134","87.5","72.643402","99.151273","98.023594","99.120792","99.183673","87.544963","97.297297",
"Tasa_de_alfabetización_de_las_personas_de_15_años_o_más,_desglosada_por_sexo_y_subpoblaciones<b><i>_[CENSO]_</i></b>",	24029,"San_Martín_Chalchicuautla","2020","83.806512","99.140155","97.929869","91.993671","58.454344","85.688941","82.025458","80.863243","80.344828","83.834316","100","100","ND","100","ND","ND","0","100","83.517134","94.324324","100","50.595238","ND",
"Tasa_de_alfabetización_de_las_personas_de_15_años_o_más,_desglosada_por_sexo_y_subpoblaciones<b><i>_[CENSO]_</i></b>",	24030,"San_Nicolás_Tolentino","2020","88.10911","100","98.408488","94.133333","73.297628","88.235294","87.98752","ND","90.909091","88.039425","100","100","ND","ND","ND","ND","100","96.551724","87.883727","96.969697","96.774194","66.101695","ND",
"Tasa_de_alfabetización_de_las_personas_de_15_años_o_más,_desglosada_por_sexo_y_subpoblaciones<b><i>_[CENSO]_</i></b>",	24031,"Santa_Catarina","2020","78.206376","98.607889","97.112647","73.875992","45.180723","78.79018","77.665807","73.622671","76.180698","78.169186","100","100","ND","ND","100","ND","100","89.74359","78.027404","97.058824","90","52.677279","ND",
"Tasa_de_alfabetización_de_las_personas_de_15_años_o_más,_desglosada_por_sexo_y_subpoblaciones<b><i>_[CENSO]_</i></b>",	24032,"Santa_María_del_Río","2020","92.020403","98.980044","98.522349","95.132981","71.038462","92.402631","91.67771","100","94.555354","91.994663","99.193548","99.056604","ND","100","100","ND","83.333333","99.473684","91.914985","97.169811","99.519231","65.106383","ND",
"Tasa_de_alfabetización_de_las_personas_de_15_años_o_más,_desglosada_por_sexo_y_subpoblaciones<b><i>_[CENSO]_</i></b>",	24033,"Santo_Domingo","2020","89.51717","99.335548","97.880299","92.602665","73.054214","89.043665","89.957638","100","88.333333","89.442205","100","100","ND","ND","ND","ND","ND","96.296296","89.209993","95.927602","96.666667","69.294606","ND",
"Tasa_de_alfabetización_de_las_personas_de_15_años_o_más,_desglosada_por_sexo_y_subpoblaciones<b><i>_[CENSO]_</i></b>",	24034,"San_Vicente_Tancuayalab","2020","91.220826","99","98.745098","94.699908","71.428571","92.195211","90.280473","87.002254","93.220339","91.228543","80","88.888889","ND","ND","ND","0","100","100","91.022189","96.820809","100","66.174056","ND",
"Tasa_de_alfabetización_de_las_personas_de_15_años_o_más,_desglosada_por_sexo_y_subpoblaciones<b><i>_[CENSO]_</i></b>",	24035,"Soledad_de_Graciano_Sánchez","2020","97.960389","98.894811","99.177539","98.73056","91.016856","98.256401","97.686213","96.824277","98.003153","98.006813","99.087221","99.622642","100","96.296296","98.947368","92.307692","53.046595","98.550725","97.99584","98.783762","98.565841","86.696068","ND",
"Tasa_de_alfabetización_de_las_personas_de_15_años_o_más,_desglosada_por_sexo_y_subpoblaciones<b><i>_[CENSO]_</i></b>",	24036,"Tamasopo","2020","89.511609","98.636082","97.362929","92.163612","71.109123","89.516357","89.50687","76.995885","84.717608","89.490627","98.076923","97.826087","100","ND","100","ND","0","95.454545","89.322223","97.707736","95.780591","69.664804","ND",
"Tasa_de_alfabetización_de_las_personas_de_15_años_o_más,_desglosada_por_sexo_y_subpoblaciones<b><i>_[CENSO]_</i></b>",	24037,"Tamazunchale","2020","88.986268","99.078261","98.413453","93.096046","61.554192","90.380687","87.703565","82.423957","88.770053","88.986032","96.551724","97.727273","100","ND","91.666667","ND","28.571429","95.263158","88.718797","97.33901","94.923858","61.216632","ND",
"Tasa_de_alfabetización_de_las_personas_de_15_años_o_más,_desglosada_por_sexo_y_subpoblaciones<b><i>_[CENSO]_</i></b>",	24038,"Tampacán","2020","89.681051","98.988764","98.293358","95.256594","69.679085","91.691729","87.677903","86.604043","93.103448","89.812988","100","100","ND","ND","100","ND","5.882353","100","89.53736","99.013158","100","64.548163","ND",
"Tasa_de_alfabetización_de_las_personas_de_15_años_o_más,_desglosada_por_sexo_y_subpoblaciones<b><i>_[CENSO]_</i></b>",	24039,"Tampamolón_Corona","2020","88.353207","99.763872","98.407917","93.373629","61.818182","91.026982","85.769153","85.630078","77.021277","88.356305","100","100","ND","ND","100","ND","0","100","88.054318","97.864769","100","59.509202","ND",
"Tasa_de_alfabetización_de_las_personas_de_15_años_o_más,_desglosada_por_sexo_y_subpoblaciones<b><i>_[CENSO]_</i></b>",	24040,"Tamuín","2020","93.295083","99.457326","98.669143","95.505449","79.091752","93.53888","93.063915","88.532708","96.240602","93.310704","97.333333","98.484848","100","100","85.714286","ND","27.272727","94.354839","93.217091","96.218487","93.846154","75.763666","ND",
"Tasa_de_alfabetización_de_las_personas_de_15_años_o_más,_desglosada_por_sexo_y_subpoblaciones<b><i>_[CENSO]_</i></b>",	24041,"Tanlajás","2020","90.826953","99.375975","98.447894","94.673877","67.606193","92.023406","89.643619","90.126978","85.333333","90.860298","83.333333","0","100","ND","100","ND","58.333333","90.909091","90.719638","99.111111","92.307692","63.701431","ND",
"Tasa_de_alfabetización_de_las_personas_de_15_años_o_más,_desglosada_por_sexo_y_subpoblaciones<b><i>_[CENSO]_</i></b>",	24042,"Tanquián_de_Escobedo","2020","89.956596","99.255583","98.079764","94.996924","67.806658","91.937854","88.122084","84.947427","89.807976","89.937298","100","100","ND","ND","100","ND","ND","96.875","89.736594","95.362319","96.969697","65.804935","ND",
"Tasa_de_alfabetización_de_las_personas_de_15_años_o_más,_desglosada_por_sexo_y_subpoblaciones<b><i>_[CENSO]_</i></b>",	24043,"Tierra_Nueva","2020","87.87563","99.765808","98.829201","93.856103","62.393162","88.309697","87.515883","100","84.210526","87.868738","95.238095","94.736842","100","ND","100","ND","71.428571","97.727273","87.782323","90.47619","97.826087","56.838366","ND",
"Tasa_de_alfabetización_de_las_personas_de_15_años_o_más,_desglosada_por_sexo_y_subpoblaciones<b><i>_[CENSO]_</i></b>",	24044,"Vanegas","2020","92.387413","99.53271","98.981191","94.015444","76.900296","91.898922","92.889908","95.555556","87.5","92.41966","93.333333","100","ND","ND","50","ND","0","94.444444","92.147852","97.718631","91.891892","76.359833","ND",
"Tasa_de_alfabetización_de_las_personas_de_15_años_o_más,_desglosada_por_sexo_y_subpoblaciones<b><i>_[CENSO]_</i></b>",	24045,"Venado","2020","91.084112","99.6483","98.545766","95.306931","72.346482","91.479131","90.71078","100","100","91.06287","100","100","ND","ND","ND","ND","0","96.842105","90.895017","97.318008","97.029703","67.414634","ND",
"Tasa_de_alfabetización_de_las_personas_de_15_años_o_más,_desglosada_por_sexo_y_subpoblaciones<b><i>_[CENSO]_</i></b>",	24046,"Villa_de_Arriaga","2020","92.819823","99.820144","98.276852","94.439806","75.012201","92.823813","92.815958","100","84.946237","92.803813","97.619048","97.435897","ND","ND","100","ND","ND","97.402597","92.685518","97.133758","97.530864","74.282678","ND",
"Tasa_de_alfabetización_de_las_personas_de_15_años_o_más,_desglosada_por_sexo_y_subpoblaciones<b><i>_[CENSO]_</i></b>",	24047,"Villa_de_Guadalupe","2020","88.122155","99.618321","99.288486","91.454965","68.596491","86.503249","89.722628","83.333333","84.615385","88.097345","93.103448","92.592593","ND","ND","100","ND","100","96.341463","87.891218","93.617021","96.590909","62.757528","ND",
"Tasa_de_alfabetización_de_las_personas_de_15_años_o_más,_desglosada_por_sexo_y_subpoblaciones<b><i>_[CENSO]_</i></b>",	24048,"Villa_de_la_Paz","2020","94.187857","98.490566","99.590583","96.407818","79.415855","93.769634","94.598765","90.909091","90.384615","94.165147","100","100","ND","ND","100","ND","ND","100","94.039914","98.26087","100","79.274611","ND",
"Tasa_de_alfabetización_de_las_personas_de_15_años_o_más,_desglosada_por_sexo_y_subpoblaciones<b><i>_[CENSO]_</i></b>",	24049,"Villa_de_Ramos","2020","91.559162","98.997265","98.064612","92.679287","74.983263","90.830378","92.190626","72.916667","92.352941","91.530632","100","100","ND","ND","100","ND","100","96.056338","91.381984","96.103896","96.132597","73.436826","ND",
"Tasa_de_alfabetización_de_las_personas_de_15_años_o_más,_desglosada_por_sexo_y_subpoblaciones<b><i>_[CENSO]_</i></b>",	24050,"Villa_de_Reyes","2020","93.335332","99.527559","98.882432","94.428456","73.000808","93.708352","92.975693","100","93.939394","93.326955","96.666667","100","ND","100","88.461538","ND","93.75","99.099099","93.226981","98.951049","98.461538","73.559823","ND",
"Tasa_de_alfabetización_de_las_personas_de_15_años_o_más,_desglosada_por_sexo_y_subpoblaciones<b><i>_[CENSO]_</i></b>",	24051,"Villa_Hidalgo","2020","92.739678","98.607595","98.397086","95.166508","80.280091","92.806013","92.676249","100","90.47619","92.770449","90.909091","91.489362","0","ND","100","ND","57.142857","98.850575","92.648377","96.571429","98.969072","72.222222","ND",
"Tasa_de_alfabetización_de_las_personas_de_15_años_o_más,_desglosada_por_sexo_y_subpoblaciones<b><i>_[CENSO]_</i></b>",	24052,"Villa_Juárez","2020","89.496689","98.98374","98.857486","93.233533","73.576642","89.698763","89.300626","90","83.333333","89.433609","98.387097","98.333333","100","ND","100","ND","50","94.915254","89.294037","98.360656","95.3125","66.855524","ND",
"Tasa_de_alfabetización_de_las_personas_de_15_años_o_más,_desglosada_por_sexo_y_subpoblaciones<b><i>_[CENSO]_</i></b>",	24053,"Axtla_de_Terrazas","2020","93.300785","99.637681","98.994039","95.968802","78.179191","95.195011","91.529044","90.764618","93.258427","93.308977","100","100","ND","ND","100","ND","25","94.444444","93.132709","99.401198","95.238095","69.98731","ND",
"Tasa_de_alfabetización_de_las_personas_de_15_años_o_más,_desglosada_por_sexo_y_subpoblaciones<b><i>_[CENSO]_</i></b>",	24054,"Xilitla","2020","92.626661","99.206349","98.476986","94.951279","77.129854","93.757481","91.562465","92.88731","92.639138","92.626527","100","100","100","ND","100","ND","25","97.619048","92.473861","97.37395","97.727273","70.961953","ND",
"Tasa_de_alfabetización_de_las_personas_de_15_años_o_más,_desglosada_por_sexo_y_subpoblaciones<b><i>_[CENSO]_</i></b>",	24055,"Zaragoza","2020","89.632615","99.382335","98.478261","92.646233","52.92083","90.804474","88.521916","100","93.209302","89.670007","100","100","100","ND","100","ND","53.846154","100","89.596018","99.264706","100","61.106074","ND",
"Tasa_de_alfabetización_de_las_personas_de_15_años_o_más,_desglosada_por_sexo_y_subpoblaciones<b><i>_[CENSO]_</i></b>",	24056,"Villa_de_Arista","2020","89.527652","99.168975","97.781065","91.239964","63.333333","88.742304","90.246258","79.245283","90.384615","89.511846","100","100","100","ND","100","ND","50","93.518519","89.361147","95.714286","93.636364","69.673704","ND",
"Tasa_de_alfabetización_de_las_personas_de_15_años_o_más,_desglosada_por_sexo_y_subpoblaciones<b><i>_[CENSO]_</i></b>",	24057,"Matlapa","2020","88.768702","99.188641","97.903124","91.759026","65.521628","91.211451","86.511718","86.357051","90","88.798866","100","100","ND","ND","100","ND","50","100","88.601468","95.856874","100","61.994003","ND",
"Tasa_de_alfabetización_de_las_personas_de_15_años_o_más,_desglosada_por_sexo_y_subpoblaciones<b><i>_[CENSO]_</i></b>",	24058,"El_Naranjo","2020","94.568902","99.096658","98.279107","96.31361","82.893773","94.470604","94.664915","88.372093","96.460177","94.558686","96.721311","95.833333","100","100","100","ND","100","98.795181","94.45972","97.530864","98.888889","76.893939","ND",
"Tasa_de_alfabetización_de_las_personas_de_15_años_o_más,_desglosada_por_sexo_y_subpoblaciones<b><i>_[CENSO]_</i></b>",	25,"Sinaloa","2020","96.328717","99.10712","98.776904","97.333882","88.631553","96.000323","96.64269","80.474324","95.761833","96.343166","99.323245","99.538462","90.909091","99.653979","99.049979","87.5","41.161401","98.637555","96.422023","94.105579","98.860063","82.833927","88.947368",
"Tasa_de_alfabetización_de_las_personas_de_15_años_o_más,_desglosada_por_sexo_y_subpoblaciones<b><i>_[CENSO]_</i></b>",	25001,"Ahome","2020","97.55156","99.396301","99.194649","98.336088","91.981871","97.298079","97.789822","89.676747","95.147151","97.562621","99.398625","99.503106","100","100","99.085366","ND","47.933884","99.157641","97.544512","98.303144","99.321705","86.001536","ND",
"Tasa_de_alfabetización_de_las_personas_de_15_años_o_más,_desglosada_por_sexo_y_subpoblaciones<b><i>_[CENSO]_</i></b>",	25002,"Angostura","2020","95.648748","99.216028","98.96486","97.508067","87.585508","95.440481","95.856918","90.149254","94.444444","95.642746","98.473282","99.2","ND","ND","83.333333","ND","75","98.347107","95.643228","95.762712","98.550725","78.92873","ND",
"Tasa_de_alfabetización_de_las_personas_de_15_años_o_más,_desglosada_por_sexo_y_subpoblaciones<b><i>_[CENSO]_</i></b>",	25003,"Badiraguato","2020","89.565217","99.246059","98.161765","92.868251","67.612102","88.696935","90.47883","90.909091","86.466165","89.567334","100","100","ND","ND","100","ND","40","96","89.525208","97.938144","96.428571","64.705882","ND",
"Tasa_de_alfabetización_de_las_personas_de_15_años_o_más,_desglosada_por_sexo_y_subpoblaciones<b><i>_[CENSO]_</i></b>",	25004,"Concordia","2020","94.356598","99.406968","98.826531","96.523236","84.435262","93.129022","95.583906","75","95.59633","94.354266","100","100","ND","100","100","ND","50","100","94.45381","90.854871","100","79.150579","ND",
"Tasa_de_alfabetización_de_las_personas_de_15_años_o_más,_desglosada_por_sexo_y_subpoblaciones<b><i>_[CENSO]_</i></b>",	25005,"Cosalá","2020","90.711783","98.704903","98.446995","92.06407","72.714681","89.406638","92.069026","90","95.901639","90.655653","98.75","98.701299","ND","ND","100","ND","100","95.555556","90.652742","93.209877","95.833333","69.788918","ND",
"Tasa_de_alfabetización_de_las_personas_de_15_años_o_más,_desglosada_por_sexo_y_subpoblaciones<b><i>_[CENSO]_</i></b>",	25006,"Culiacán","2020","97.259191","99.260512","99.066846","98.011748","90.39682","97.043085","97.460704","80.737397","96.834029","97.290454","99.462993","99.695308","96.428571","100","98.699764","83.333333","35.160681","98.596674","97.347838","95.565563","98.776291","84.702284","ND",
"Tasa_de_alfabetización_de_las_personas_de_15_años_o_más,_desglosada_por_sexo_y_subpoblaciones<b><i>_[CENSO]_</i></b>",	25007,"Choix","2020","88.357371","98.992294","96.676987","91.237478","69.481933","87.872481","88.848438","57.079646","89.126214","88.323296","100","100","ND","ND","100","ND","0","98.039216","88.257209","94.230769","98.717949","61.769352","ND",
"Tasa_de_alfabetización_de_las_personas_de_15_años_o_más,_desglosada_por_sexo_y_subpoblaciones<b><i>_[CENSO]_</i></b>",	25008,"Elota","2020","91.983779","98.096828","96.108029","91.946127","79.520936","91.709259","92.279958","77.262357","93.506494","91.985634","99.465241","99.411765","100","ND","100","ND","56.097561","98.064516","92.545429","86.353276","98.333333","75.282051","ND",
"Tasa_de_alfabetización_de_las_personas_de_15_años_o_más,_desglosada_por_sexo_y_subpoblaciones<b><i>_[CENSO]_</i></b>",	25009,"Escuinapa","2020","94.124937","97.78672","97.037037","95.129996","85.956506","93.870968","94.376886","68.408881","89.42577","94.121846","100","100","100","100","100","ND","41.666667","97.183099","94.695735","83.949543","97.590361","82.304527","79.166667",
"Tasa_de_alfabetización_de_las_personas_de_15_años_o_más,_desglosada_por_sexo_y_subpoblaciones<b><i>_[CENSO]_</i></b>",	25010,"El_Fuerte","2020","94.896662","99.428233","98.844753","96.654222","84.604558","94.474267","95.317846","89.266361","93.282443","94.900262","100","100","100","ND","100","ND","50","97.222222","94.85264","97.413793","97.402597","79.922405","ND",
"Tasa_de_alfabetización_de_las_personas_de_15_años_o_más,_desglosada_por_sexo_y_subpoblaciones<b><i>_[CENSO]_</i></b>",	25011,"Guasave","2020","95.347554","98.986621","98.483372","96.694893","86.649584","95.056747","95.626346","76.361082","96.123051","95.341589","99.426934","99.514563","87.5","100","100","100","67.272727","98.939929","95.467864","90.659248","99.052133","78.656424","ND",
"Tasa_de_alfabetización_de_las_personas_de_15_años_o_más,_desglosada_por_sexo_y_subpoblaciones<b><i>_[CENSO]_</i></b>",	25012,"Mazatlán","2020","98.014197","99.187755","99.31563","98.671057","93.701392","97.926912","98.096114","80.898322","98.278336","98.042199","99.252137","99.557522","86.792453","99.275362","99.419729","100","43.023256","99.657143","98.066338","97.660441","99.565487","88.264859","100",
"Tasa_de_alfabetización_de_las_personas_de_15_años_o_más,_desglosada_por_sexo_y_subpoblaciones<b><i>_[CENSO]_</i></b>",	25013,"Mocorito","2020","92.320507","99.450824","98.440799","95.172414","81.101407","91.5625","93.116379","100","92.763158","92.299114","98.360656","98.26087","ND","ND","100","ND","50","97","92.259366","97.609562","97.435897","75.658161","ND",
"Tasa_de_alfabetización_de_las_personas_de_15_años_o_más,_desglosada_por_sexo_y_subpoblaciones<b><i>_[CENSO]_</i></b>",	25014,"Rosario","2020","94.483963","97.948902","98.200287","95.88161","86.233797","93.904074","95.076097","59.17768","97.653959","94.47521","98.823529","100","66.666667","ND","100","ND","91.666667","100","94.94977","83.365323","100","80.283863","ND",
"Tasa_de_alfabetización_de_las_personas_de_15_años_o_más,_desglosada_por_sexo_y_subpoblaciones<b><i>_[CENSO]_</i></b>",	25015,"Salvador_Alvarado","2020","97.079135","99.694118","99.242477","98.127742","90.754489","96.84885","97.288686","96.296296","96.73913","97.136438","98.44358","98.165138","100","ND","100","ND","13.333333","98.019802","97.103632","98.72915","98.275862","83.582455","ND",
"Tasa_de_alfabetización_de_las_personas_de_15_años_o_más,_desglosada_por_sexo_y_subpoblaciones<b><i>_[CENSO]_</i></b>",	25016,"San_Ignacio","2020","92.744045","98.879552","97.990115","94.549694","82.939854","91.557345","94.08232","76.190476","88","92.850729","93.75","96.666667","ND","ND","50","ND","0","95.555556","92.712461","95.095694","95.652174","76.321506","ND",
"Tasa_de_alfabetización_de_las_personas_de_15_años_o_más,_desglosada_por_sexo_y_subpoblaciones<b><i>_[CENSO]_</i></b>",	25017,"Sinaloa","2020","90.778088","98.872786","97.495027","93.039565","76.120927","89.800728","91.768839","61.72973","92.691622","90.750079","98.484848","99.481865","66.666667","ND","50","ND","100","98.642534","90.68258","95.803184","98.712446","70.569403","ND",
"Tasa_de_alfabetización_de_las_personas_de_15_años_o_más,_desglosada_por_sexo_y_subpoblaciones<b><i>_[CENSO]_</i></b>",	25018,"Navolato","2020","93.989549","98.151848","97.074883","94.365986","85.631374","93.494384","94.496224","78.246506","95.819154","93.991753","99.489796","99.390244","100","100","100","ND","50","96.610169","94.455963","85.996622","97.058824","81.626725","92.086331",
"Tasa_de_alfabetización_de_las_personas_de_15_años_o_más,_desglosada_por_sexo_y_subpoblaciones<b><i>_[CENSO]_</i></b>",	26,"Sonora","2020","97.765058","99.228633","98.96989","98.348548","93.360565","97.694762","97.834561","89.176244","97.507125","97.807027","99.150614","99.314129","96.563574","98.591549","98.607163","83.333333","62.966031","99.010458","97.837529","97.287332","99.072048","88.612045","98.290598",
"Tasa_de_alfabetización_de_las_personas_de_15_años_o_más,_desglosada_por_sexo_y_subpoblaciones<b><i>_[CENSO]_</i></b>",	26001,"Aconchi","2020","97.061803","100","98.789346","97.591623","93.617021","96.868885","97.268908","100","100","97.052846","100","100","ND","ND","ND","ND","ND","100","97.01185","100","100","88.271605","ND",
"Tasa_de_alfabetización_de_las_personas_de_15_años_o_más,_desglosada_por_sexo_y_subpoblaciones<b><i>_[CENSO]_</i></b>",	26002,"Agua_Prieta","2020","98.31799","99.267193","99.193243","98.619266","94.555635","98.215854","98.418419","95.121951","97.484277","98.345028","99.252263","99.309785","100","100","96.721311","ND","26.315789","98.996656","98.389951","97.8223","99.051633","90.028736","100",
"Tasa_de_alfabetización_de_las_personas_de_15_años_o_más,_desglosada_por_sexo_y_subpoblaciones<b><i>_[CENSO]_</i></b>",	26003,"Alamos","2020","91.724804","98.974359","98.437887","95.48169","75.601926","91.033984","92.471797","75.110717","90.316206","91.754026","100","100","100","ND","100","ND","20","100","91.74966","94.736842","100","72.043702","ND",
"Tasa_de_alfabetización_de_las_personas_de_15_años_o_más,_desglosada_por_sexo_y_subpoblaciones<b><i>_[CENSO]_</i></b>",	26004,"Altar","2020","96.437055","99.841521","98.644068","97.119097","87.809917","96.40611","96.467471","80","95.384615","96.403311","98.901099","98.076923","100","ND","100","ND","ND","100","96.542636","93.004115","100","88.469602","100",
"Tasa_de_alfabetización_de_las_personas_de_15_años_o_más,_desglosada_por_sexo_y_subpoblaciones<b><i>_[CENSO]_</i></b>",	26005,"Arivechi","2020","96.085011","100","99.295775","95.945946","93.846154","96.255507","95.909091","30","100","96.067416","100","100","ND","ND","ND","ND","ND","100","96.018203","100","100","80.434783","ND",
"Tasa_de_alfabetización_de_las_personas_de_15_años_o_más,_desglosada_por_sexo_y_subpoblaciones<b><i>_[CENSO]_</i></b>",	26006,"Arizpe","2020","97.099448","100","99.473684","96.954813","95.37037","96.596859","97.660819","100","100","97.07385","100","100","ND","ND","100","ND","ND","100","97.033898","100","100","92.767296","ND",
"Tasa_de_alfabetización_de_las_personas_de_15_años_o_más,_desglosada_por_sexo_y_subpoblaciones<b><i>_[CENSO]_</i></b>",	26007,"Atil","2020","97.373737","100","97.826087","95.111111","100","98","96.734694","100","100","97.336066","100","100","ND","ND","ND","ND","ND","100","97.319588","100","100","88.372093","ND",
"Tasa_de_alfabetización_de_las_personas_de_15_años_o_más,_desglosada_por_sexo_y_subpoblaciones<b><i>_[CENSO]_</i></b>",	26008,"Bacadéhuachi","2020","95.657727","100","97.894737","96.11399","93.307087","96.097561","95.174263","ND","ND","95.641026","100","100","ND","ND","ND","ND","ND","100","95.641026","100","100","88.52459","ND",
"Tasa_de_alfabetización_de_las_personas_de_15_años_o_más,_desglosada_por_sexo_y_subpoblaciones<b><i>_[CENSO]_</i></b>",	26009,"Bacanora","2020","94.845361","100","98.701299","96.981132","90.277778","93.311037","96.466431","ND","100","94.827586","100","100","ND","ND","ND","ND","ND","100","94.764398","100","100","82.716049","ND",
"Tasa_de_alfabetización_de_las_personas_de_15_años_o_más,_desglosada_por_sexo_y_subpoblaciones<b><i>_[CENSO]_</i></b>",	26010,"Bacerac","2020","96.385542","98.461538","98.026316","97.929607","91.079812","95.522388","97.297297","100","100","96.333333","100","100","ND","ND","ND","ND","ND","100","96.412556","93.75","100","87.837838","ND",
"Tasa_de_alfabetización_de_las_personas_de_15_años_o_más,_desglosada_por_sexo_y_subpoblaciones<b><i>_[CENSO]_</i></b>",	26011,"Bacoachi","2020","96.990542","100","99","97.649186","94.169096","96.93356","97.048611","66.666667","100","96.969697","100","100","ND","ND","ND","ND","ND","100","97.020158","93.333333","100","86.046512","ND",
"Tasa_de_alfabetización_de_las_personas_de_15_años_o_más,_desglosada_por_sexo_y_subpoblaciones<b><i>_[CENSO]_</i></b>",	26012,"Bácum","2020","95.932864","99.253112","98.723792","96.810773","88.964097","95.844999","96.024859","90.275611","95.689655","95.969643","100","100","100","ND","100","ND","0","100","96.033341","94.142259","100","81.925522","ND",
"Tasa_de_alfabetización_de_las_personas_de_15_años_o_más,_desglosada_por_sexo_y_subpoblaciones<b><i>_[CENSO]_</i></b>",	26013,"Banámichi","2020","97.594752","98.93617","99.681529","98.195489","93.645485","97.681159","97.507331","ND","100","97.548291","100","100","ND","100","100","ND","ND","100","97.57392","97.5","100","88.888889","ND",
"Tasa_de_alfabetización_de_las_personas_de_15_años_o_más,_desglosada_por_sexo_y_subpoblaciones<b><i>_[CENSO]_</i></b>",	26014,"Baviácora","2020","97.665056","99.421965","99.502488","98.528209","94.606414","96.697389","98.730964","ND","100","97.650871","100","100","ND","100","ND","ND","ND","100","97.652772","100","100","90.118577","ND",
"Tasa_de_alfabetización_de_las_personas_de_15_años_o_más,_desglosada_por_sexo_y_subpoblaciones<b><i>_[CENSO]_</i></b>",	26015,"Bavispe","2020","97.635934","96.721311","99.333333","98.271605","95.652174","97.767857","97.487437","100","ND","97.587455","100","100","ND","ND","100","ND","ND","100","97.578692","100","100","93.243243","ND",
"Tasa_de_alfabetización_de_las_personas_de_15_años_o_más,_desglosada_por_sexo_y_subpoblaciones<b><i>_[CENSO]_</i></b>",	26016,"Benjamín_Hill","2020","97.104978","99.186992","98.665049","98.125689","92.610837","97.646415","96.575709","100","94.444444","97.279652","100","100","ND","ND","100","ND","0","100","97.248968","100","100","87.128713","ND",
"Tasa_de_alfabetización_de_las_personas_de_15_años_o_más,_desglosada_por_sexo_y_subpoblaciones<b><i>_[CENSO]_</i></b>",	26017,"Caborca","2020","96.772713","98.274025","98.751099","97.398384","90.400822","96.720609","96.824814","85.88064","96.348013","96.801321","99.429658","99.71831","100","100","98.484848","ND","26.086957","96.88716","96.812698","96.962233","97.530864","85.435559","100",
"Tasa_de_alfabetización_de_las_personas_de_15_años_o_más,_desglosada_por_sexo_y_subpoblaciones<b><i>_[CENSO]_</i></b>",	26018,"Cajeme","2020","98.117165","99.329952","99.150475","98.776945","94.424487","98.027427","98.202448","94.121532","98.640022","98.164036","99.178645","99.231614","90","100","99.405941","100","26.556017","99.458728","98.160896","98.490305","99.185336","89.803205","100",
"Tasa_de_alfabetización_de_las_personas_de_15_años_o_más,_desglosada_por_sexo_y_subpoblaciones<b><i>_[CENSO]_</i></b>",	26019,"Cananea","2020","98.928721","99.340771","99.503517","99.184261","97.096571","98.902422","98.954438","98","98.201439","98.942716","98.555957","98.841699","100","ND","93.75","ND","57.142857","99.354839","98.96799","98.007968","99.441341","91.50468","ND",
"Tasa_de_alfabetización_de_las_personas_de_15_años_o_más,_desglosada_por_sexo_y_subpoblaciones<b><i>_[CENSO]_</i></b>",	26020,"Carbó","2020","95.877437","98.496241","98.128655","96.183628","91.07413","95.461826","96.33081","85","100","96.246499","100","100","100","ND","ND","ND","0","100","96.342525","93.103448","100","87.727273","ND",
"Tasa_de_alfabetización_de_las_personas_de_15_años_o_más,_desglosada_por_sexo_y_subpoblaciones<b><i>_[CENSO]_</i></b>",	26021,"La_Colorada","2020","95.762133","100","96.981132","95.96662","93.975904","95.221027","96.485623","100","100","96.156486","ND","ND","ND","ND","ND","ND","0","100","96.534296","89.705882","100","90.225564","ND",
"Tasa_de_alfabetización_de_las_personas_de_15_años_o_más,_desglosada_por_sexo_y_subpoblaciones<b><i>_[CENSO]_</i></b>",	26022,"Cucurpe","2020","96.72619","100","99.137931","98.583569","90.184049","95.945946","97.682119","100","100","96.71151","100","100","ND","ND","ND","ND","ND","100","96.67171","100","100","78.571429","ND",
"Tasa_de_alfabetización_de_las_personas_de_15_años_o_más,_desglosada_por_sexo_y_subpoblaciones<b><i>_[CENSO]_</i></b>",	26023,"Cumpas","2020","97.72275","99.668874","98.75467","97.796386","96.344648","97.217314","98.229305","100","94.736842","97.682268","100","100","ND","ND","ND","ND","100","100","97.702431","100","100","88.253012","ND",
"Tasa_de_alfabetización_de_las_personas_de_15_años_o_más,_desglosada_por_sexo_y_subpoblaciones<b><i>_[CENSO]_</i></b>",	26024,"Divisaderos","2020","97.382199","100","95.535714","98.054475","97.058824","97.297297","97.472924","50","ND","97.330961","100","100","ND","ND","ND","ND","ND","80","97.513321","100","85.714286","91.780822","ND",
"Tasa_de_alfabetización_de_las_personas_de_15_años_o_más,_desglosada_por_sexo_y_subpoblaciones<b><i>_[CENSO]_</i></b>",	26025,"Empalme","2020","97.474839","98.648127","98.581414","98.159316","93.674827","97.537302","97.411444","95.697074","95.765472","97.497584","100","100","100","ND","100","ND","38.095238","100","97.517519","97.254902","100","88.592532","ND",
"Tasa_de_alfabetización_de_las_personas_de_15_años_o_más,_desglosada_por_sexo_y_subpoblaciones<b><i>_[CENSO]_</i></b>",	26026,"Etchojoa","2020","96.317787","99.441341","98.915784","97.769047","88.177669","96.193446","96.447515","90.086316","95.652174","96.315548","100","100","ND","ND","100","ND","88.888889","97.368421","96.316969","96.551724","97.727273","83.144154","ND",
"Tasa_de_alfabetización_de_las_personas_de_15_años_o_más,_desglosada_por_sexo_y_subpoblaciones<b><i>_[CENSO]_</i></b>",	26027,"Fronteras","2020","98.01606","99.623352","99.077126","98.354978","93.675418","97.719569","98.325821","97.297297","93.75","98.045447","100","100","ND","ND","100","ND","25","98.214286","98.118548","97.163121","98.305085","87.985866","ND",
"Tasa_de_alfabetización_de_las_personas_de_15_años_o_más,_desglosada_por_sexo_y_subpoblaciones<b><i>_[CENSO]_</i></b>",	26028,"Granados","2020","97.84264","100","97.701149","99.50495","94.420601","96.774194","98.961039","ND","100","97.831633","100","100","ND","ND","ND","ND","ND","100","97.828863","100","100","92.436975","ND",
"Tasa_de_alfabetización_de_las_personas_de_15_años_o_más,_desglosada_por_sexo_y_subpoblaciones<b><i>_[CENSO]_</i></b>",	26029,"Guaymas","2020","97.492428","99.130657","98.801082","98.043593","93.421497","97.415064","97.56782","90.997299","98.204159","97.501238","99.716446","100","100","100","98.695652","100","23.913043","98.684211","97.514854","97.509881","99.392713","89.206434","ND",
"Tasa_de_alfabetización_de_las_personas_de_15_años_o_más,_desglosada_por_sexo_y_subpoblaciones<b><i>_[CENSO]_</i></b>",	26030,"Hermosillo","2020","98.291987","99.196326","99.001934","98.558697","95.619816","98.247523","98.335743","87.321269","98.068342","98.357344","99.092444","99.242685","94.680851","99.415205","99.225307","84.210526","77.690722","99.361605","98.411723","96.984669","99.420103","91.103896","ND",
"Tasa_de_alfabetización_de_las_personas_de_15_años_o_más,_desglosada_por_sexo_y_subpoblaciones<b><i>_[CENSO]_</i></b>",	26031,"Huachinera","2020","95.896328","100","98.224852","97.566372","89.380531","95.531915","96.27193","100","ND","96.069869","100","100","ND","ND","ND","ND","0","100","96.162281","83.333333","100","81.308411","ND",
"Tasa_de_alfabetización_de_las_personas_de_15_años_o_más,_desglosada_por_sexo_y_subpoblaciones<b><i>_[CENSO]_</i></b>",	26032,"Huásabas","2020","98.169014","100","98.245614","98.489426","97.115385","98.11828","98.224852","100","100","98.134864","100","100","ND","ND","ND","ND","ND","100","98.153409","100","100","91.860465","ND",
"Tasa_de_alfabetización_de_las_personas_de_15_años_o_más,_desglosada_por_sexo_y_subpoblaciones<b><i>_[CENSO]_</i></b>",	26033,"Huatabampo","2020","96.570139","99.451467","98.959838","98.159552","89.57155","96.552068","96.588697","90.144928","96.153846","96.568892","100","100","100","ND","100","ND","75","100","96.568285","96.745027","100","83.540925","ND",
"Tasa_de_alfabetización_de_las_personas_de_15_años_o_más,_desglosada_por_sexo_y_subpoblaciones<b><i>_[CENSO]_</i></b>",	26034,"Huépac","2020","98.240866","100","97.260274","98.655914","97.55102","98.181818","98.305085","100","100","98.231293","100","100","ND","ND","ND","ND","ND","100","98.209366","100","100","90.384615","ND",
"Tasa_de_alfabetización_de_las_personas_de_15_años_o_más,_desglosada_por_sexo_y_subpoblaciones<b><i>_[CENSO]_</i></b>",	26035,"Imuris","2020","96.629089","99.850299","98.172091","96.739854","92.874693","96.43326","96.828941","85.59322","94.964029","96.648358","96.774194","98.305085","ND","ND","80","0","33.333333","97.014925","96.752793","94.490358","95.505618","86.603518","ND",
"Tasa_de_alfabetización_de_las_personas_de_15_años_o_más,_desglosada_por_sexo_y_subpoblaciones<b><i>_[CENSO]_</i></b>",	26036,"Magdalena","2020","98.173104","98.902821","99.157485","98.45311","95.376756","97.913687","98.419288","91.139241","95.555556","98.228838","98.816568","99.676375","100","100","86.956522","100","30.434783","98.62069","98.230388","98.62543","98.95288","89.647887","ND",
"Tasa_de_alfabetización_de_las_personas_de_15_años_o_más,_desglosada_por_sexo_y_subpoblaciones<b><i>_[CENSO]_</i></b>",	26037,"Mazatán","2020","97.342193","96.296296","99.305556","98.039216","95.622896","96.363636","98.529412","100","100","97.339246","100","100","ND","ND","ND","ND","ND","ND","97.327394","100","ND","82.142857","ND",
"Tasa_de_alfabetización_de_las_personas_de_15_años_o_más,_desglosada_por_sexo_y_subpoblaciones<b><i>_[CENSO]_</i></b>",	26038,"Moctezuma","2020","98.368883","99.6997","99.588054","98.35631","96.352201","97.845049","98.870334","100","100","98.378104","97.435897","97.368421","ND","ND","ND","100","ND","100","98.367763","97.777778","100","88.340807","ND",
"Tasa_de_alfabetización_de_las_personas_de_15_años_o_más,_desglosada_por_sexo_y_subpoblaciones<b><i>_[CENSO]_</i></b>",	26039,"Naco","2020","98.348533","99.72067","99.036609","98.773307","95.024077","98.372781","98.324298","87.096774","97.619048","98.28234","99.695122","99.688474","100","ND","100","ND","33.333333","100","98.399174","96.551724","100","91.530055","ND",
"Tasa_de_alfabetización_de_las_personas_de_15_años_o_más,_desglosada_por_sexo_y_subpoblaciones<b><i>_[CENSO]_</i></b>",	26040,"Nácori_Chico","2020","96.743787","100","97.005988","97.75475","94.334278","96.656051","96.846011","0","100","96.896552","100","100","ND","ND","ND","100","60","100","97.033159","92.307692","100","94.776119","ND",
"Tasa_de_alfabetización_de_las_personas_de_15_años_o_más,_desglosada_por_sexo_y_subpoblaciones<b><i>_[CENSO]_</i></b>",	26041,"Nacozari_de_García","2020","98.224624","99.378109","98.927835","98.813949","94.212651","98.183882","98.267034","84.444444","97.530864","98.27821","100","100","ND","ND","100","ND","30","100","98.278132","98.578199","100","88.271605","ND",
"Tasa_de_alfabetización_de_las_personas_de_15_años_o_más,_desglosada_por_sexo_y_subpoblaciones<b><i>_[CENSO]_</i></b>",	26042,"Navojoa","2020","97.332352","99.318414","99.161406","98.567275","90.865055","97.227438","97.433044","86.868858","97.035348","97.339777","99.230769","98.907104","100","100","100","ND","50","99.431818","97.327448","98.645161","99.033816","85.953904","ND",
"Tasa_de_alfabetización_de_las_personas_de_15_años_o_más,_desglosada_por_sexo_y_subpoblaciones<b><i>_[CENSO]_</i></b>",	26043,"Nogales","2020","98.666036","99.400414","99.075395","98.990973","95.483073","98.723365","98.609421","95.176849","98.410758","98.775676","99.17226","99.344097","97.560976","95.121951","98.341232","50","30.678466","99.335749","98.801568","98.529588","99.295223","91.834703","98.360656",
"Tasa_de_alfabetización_de_las_personas_de_15_años_o_más,_desglosada_por_sexo_y_subpoblaciones<b><i>_[CENSO]_</i></b>",	26044,"Onavas","2020","97.508897","100","93.617021","97.345133","99.009901","97.916667","97.080292","100","100","97.508897","ND","ND","ND","ND","ND","ND","ND","ND","97.508897","ND","ND","77.272727","ND",
"Tasa_de_alfabetización_de_las_personas_de_15_años_o_más,_desglosada_por_sexo_y_subpoblaciones<b><i>_[CENSO]_</i></b>",	26045,"Opodepe","2020","97.014925","99.074074","98.235294","97.750281","94.619666","96.963761","97.076023","100","95.5","96.989247","100","100","ND","ND","100","ND","ND","100","96.989247","100","100","88.461538","ND",
"Tasa_de_alfabetización_de_las_personas_de_15_años_o_más,_desglosada_por_sexo_y_subpoblaciones<b><i>_[CENSO]_</i></b>",	26046,"Oquitoa","2020","98.743719","100","98.888889","98.404255","99.056604","98.969072","98.529412","ND","ND","98.630137","100","100","ND","ND","100","ND","ND","100","98.67374","100","100","94.117647","ND",
"Tasa_de_alfabetización_de_las_personas_de_15_años_o_más,_desglosada_por_sexo_y_subpoblaciones<b><i>_[CENSO]_</i></b>",	26047,"Pitiquito","2020","96.521106","99.781182","98.096447","96.858493","92.33871","96.312975","96.744046","93.650794","92.857143","96.511458","100","100","100","ND","ND","ND","100","100","96.630386","91.390728","100","87.696335","ND",
"Tasa_de_alfabetización_de_las_personas_de_15_años_o_más,_desglosada_por_sexo_y_subpoblaciones<b><i>_[CENSO]_</i></b>",	26048,"Puerto_Peñasco","2020","97.953306","99.442488","99.040726","98.220137","93.856076","98.027321","97.878184","90.46875","97.81288","97.95877","99.717514","99.781182","100","100","98.947368","ND","46.341463","99.250936","98.021196","97.252135","99.535424","87.12963","ND",
"Tasa_de_alfabetización_de_las_personas_de_15_años_o_más,_desglosada_por_sexo_y_subpoblaciones<b><i>_[CENSO]_</i></b>",	26049,"Quiriego","2020","89.742471","95.744681","96.50655","94.183865","74.265976","90.375204","89.014085","54.83871","100","90.162495","100","100","ND","ND","ND","ND","15.384615","ND","90.12781","100","ND","74.329502","ND",
"Tasa_de_alfabetización_de_las_personas_de_15_años_o_más,_desglosada_por_sexo_y_subpoblaciones<b><i>_[CENSO]_</i></b>",	26050,"Rayón","2020","96.202532","100","98.170732","97.992701","92.401961","95.475819","97.058824","75","100","96.186441","100","100","ND","ND","100","ND","ND","100","96.385542","75","100","91.034483","ND",
"Tasa_de_alfabetización_de_las_personas_de_15_años_o_más,_desglosada_por_sexo_y_subpoblaciones<b><i>_[CENSO]_</i></b>",	26051,"Rosario","2020","91.25454","99.137931","98.305085","95.255474","77.788945","91.47541","91.023442","68.75","87.096774","91.232493","100","100","ND","ND","100","ND","ND","100","91.18395","97.368421","100","74.535809","ND",
"Tasa_de_alfabetización_de_las_personas_de_15_años_o_más,_desglosada_por_sexo_y_subpoblaciones<b><i>_[CENSO]_</i></b>",	26052,"Sahuaripa","2020","96.389094","100","99.293785","97.634625","91.570541","95.902811","96.906694","90","100","96.362287","100","100","ND","ND","100","ND","ND","100","96.334165","100","100","85.472973","ND",
"Tasa_de_alfabetización_de_las_personas_de_15_años_o_más,_desglosada_por_sexo_y_subpoblaciones<b><i>_[CENSO]_</i></b>",	26053,"San_Felipe_de_Jesús","2020","98.175182","100","100","100","93.589744","97.87234","98.496241","ND","100","98.134328","100","100","ND","ND","ND","ND","ND","100","98.141264","100","100","90.909091","ND",
"Tasa_de_alfabetización_de_las_personas_de_15_años_o_más,_desglosada_por_sexo_y_subpoblaciones<b><i>_[CENSO]_</i></b>",	26054,"San_Javier","2020","97.26776","100","98.901099","97.777778","93.243243","97.979798","96.428571","100","100","97.26776","ND","ND","ND","ND","ND","ND","ND","100","97.965116","85","100","87.5","ND",
"Tasa_de_alfabetización_de_las_personas_de_15_años_o_más,_desglosada_por_sexo_y_subpoblaciones<b><i>_[CENSO]_</i></b>",	26055,"San_Luis_Río_Colorado","2020","97.33265","99.250445","98.710171","97.997069","91.826202","97.331549","97.333768","93.614595","96.38409","97.344922","98.818967","99.072356","96.153846","92.592593","93.886463","100","45.128205","98.364888","97.404135","97.167139","98.463902","86.702935","86.363636",
"Tasa_de_alfabetización_de_las_personas_de_15_años_o_más,_desglosada_por_sexo_y_subpoblaciones<b><i>_[CENSO]_</i></b>",	26056,"San_Miguel_de_Horcasitas","2020","89.859193","96.619718","96.314103","86.666667","76.903226","91.628382","87.860438","78.265413","85.714286","89.876174","96.774194","100","83.333333","ND","100","ND","33.333333","90.47619","90.096378","89.017788","90.140845","76.173285","ND",
"Tasa_de_alfabetización_de_las_personas_de_15_años_o_más,_desglosada_por_sexo_y_subpoblaciones<b><i>_[CENSO]_</i></b>",	26057,"San_Pedro_de_la_Cueva","2020","95.189873","100","98.113208","97.003745","91.058824","93.66306","97.026022","50","100","95.213675","100","100","ND","ND","ND","ND","0","100","95.238095","100","100","87.272727","ND",
"Tasa_de_alfabetización_de_las_personas_de_15_años_o_más,_desglosada_por_sexo_y_subpoblaciones<b><i>_[CENSO]_</i></b>",	26058,"Santa_Ana","2020","98.434653","99.446903","99.054202","98.783095","96.410256","97.929146","98.908682","100","100","98.428619","100","100","ND","100","100","ND","50","100","98.428703","99.145299","100","90.419162","ND",
"Tasa_de_alfabetización_de_las_personas_de_15_años_o_más,_desglosada_por_sexo_y_subpoblaciones<b><i>_[CENSO]_</i></b>",	26059,"Santa_Cruz","2020","98.630137","100","99.6997","98.672566","96.444444","98.732394","98.509934","100","100","98.621746","100","100","ND","ND","100","ND","100","100","98.611111","98.684211","100","100","ND",
"Tasa_de_alfabetización_de_las_personas_de_15_años_o_más,_desglosada_por_sexo_y_subpoblaciones<b><i>_[CENSO]_</i></b>",	26060,"Sáric","2020","95.849802","100","98.442368","96.461337","90.095847","95.121951","96.704871","100","83.333333","95.750514","98.275862","98.076923","ND","ND","100","ND","100","100","95.575843","100","100","84.684685","ND",
"Tasa_de_alfabetización_de_las_personas_de_15_años_o_más,_desglosada_por_sexo_y_subpoblaciones<b><i>_[CENSO]_</i></b>",	26061,"Soyopa","2020","93.98855","97.142857","99.425287","96.761905","85.987261","93.344426","94.854586","100","100","93.982808","100","100","ND","ND","ND","ND","ND","100","93.918919","100","100","77.884615","ND",
"Tasa_de_alfabetización_de_las_personas_de_15_años_o_más,_desglosada_por_sexo_y_subpoblaciones<b><i>_[CENSO]_</i></b>",	26062,"Suaqui_Grande","2020","96.219931","100","98.717949","97.172237","92.509363","96.194503","96.25","ND","100","96.211251","100","100","ND","ND","ND","ND","ND","100","96.180556","100","100","78.333333","ND",
"Tasa_de_alfabetización_de_las_personas_de_15_años_o_más,_desglosada_por_sexo_y_subpoblaciones<b><i>_[CENSO]_</i></b>",	26063,"Tepache","2020","97.1875","100","96.212121","98.4375","95.327103","95.686275","98.888889","ND","100","97.148891","100","100","ND","ND","ND","ND","ND","100","97.136797","100","100","87.596899","ND",
"Tasa_de_alfabetización_de_las_personas_de_15_años_o_más,_desglosada_por_sexo_y_subpoblaciones<b><i>_[CENSO]_</i></b>",	26064,"Trincheras","2020","95.957652","96.875","99.468085","95.6778","93.884892","95.357143","96.659708","100","100","95.945946","100","100","ND","ND","ND","ND","ND","100","95.902439","100","100","75.510204","ND",
"Tasa_de_alfabetización_de_las_personas_de_15_años_o_más,_desglosada_por_sexo_y_subpoblaciones<b><i>_[CENSO]_</i></b>",	26065,"Tubutama","2020","95.891608","98.529412","97.727273","97.206704","91.84953","95.117845","96.727273","100","100","95.844385","100","100","ND","ND","100","ND","ND","100","95.918367","87.5","100","82.291667","ND",
"Tasa_de_alfabetización_de_las_personas_de_15_años_o_más,_desglosada_por_sexo_y_subpoblaciones<b><i>_[CENSO]_</i></b>",	26066,"Ures","2020","97.163224","99.5338","98.734177","98.418854","93.658782","96.641478","97.727961","93.333333","94","97.173818","97.727273","97.560976","ND","100","100","ND","0","95","97.159258","100","96.296296","87.600644","ND",
"Tasa_de_alfabetización_de_las_personas_de_15_años_o_más,_desglosada_por_sexo_y_subpoblaciones<b><i>_[CENSO]_</i></b>",	26067,"Villa_Hidalgo","2020","96.800731","100","97.315436","97.316637","95.015576","97.027972","96.551724","100","100","96.783088","100","100","ND","ND","ND","ND","ND","100","96.735075","100","100","82.795699","ND",
"Tasa_de_alfabetización_de_las_personas_de_15_años_o_más,_desglosada_por_sexo_y_subpoblaciones<b><i>_[CENSO]_</i></b>",	26068,"Villa_Pesqueira","2020","97.331787","100","98.473282","98.691099","94.648829","97.325103","97.340426","ND","ND","97.444832","0","0","ND","ND","ND","ND","ND","100","97.313084","100","100","95.454545","ND",
"Tasa_de_alfabetización_de_las_personas_de_15_años_o_más,_desglosada_por_sexo_y_subpoblaciones<b><i>_[CENSO]_</i></b>",	26069,"Yécora","2020","90.896078","98.77551","98.137536","92.48989","78.998779","90.564972","91.236216","73.111782","82.55814","90.883028","100","100","ND","ND","ND","ND","ND","100","90.853659","93.181818","100","72.70195","ND",
"Tasa_de_alfabetización_de_las_personas_de_15_años_o_más,_desglosada_por_sexo_y_subpoblaciones<b><i>_[CENSO]_</i></b>",	26070,"General_Plutarco_Elías_Calles","2020","96.692381","99.382716","98.823529","97.222222","89.901823","96.662388","96.721654","94.827586","97.87234","96.652079","99.681529","99.626866","100","100","100","ND","33.333333","97.402597","96.819709","95.800525","98.571429","85.789474","ND",
"Tasa_de_alfabetización_de_las_personas_de_15_años_o_más,_desglosada_por_sexo_y_subpoblaciones<b><i>_[CENSO]_</i></b>",	26071,"Benito_Juárez","2020","95.915695","99.077181","98.693796","97.161828","88.250079","95.583127","96.251724","88.8","96.301565","95.924491","100","100","ND","ND","100","100","62.5","96.428571","95.906285","100","96.774194","83.040936","ND",
"Tasa_de_alfabetización_de_las_personas_de_15_años_o_más,_desglosada_por_sexo_y_subpoblaciones<b><i>_[CENSO]_</i></b>",	26072,"San_Ignacio_Río_Muerto","2020","95.668693","100","99.097065","96.978022","86.079119","95.901335","95.424455","90.973872","90.322581","95.665811","100","100","ND","ND","ND","ND","ND","100","95.654264","96.521739","100","86.097561","ND",
"Tasa_de_alfabetización_de_las_personas_de_15_años_o_más,_desglosada_por_sexo_y_subpoblaciones<b><i>_[CENSO]_</i></b>",	27,"Tabasco","2020","94.814051","98.845065","98.553551","95.80132","82.782642","95.648417","94.039816","89.228146","95.064758","94.828932","96.216876","98.841699","84.424084","99.931082","96.958556","100","71.169916","98.4375","94.793703","97.399801","96.92642","78.875378","94.193548",
"Tasa_de_alfabetización_de_las_personas_de_15_años_o_más,_desglosada_por_sexo_y_subpoblaciones<b><i>_[CENSO]_</i></b>",	27001,"Balancán","2020","91.385849","98.868155","97.778692","92.871662","75.678552","92.270789","90.517405","77.804878","88.268156","91.464417","80.546075","100","75","ND","90.769231","ND","66.666667","98.230088","91.303155","94.709772","86.27451","72.569444","ND",
"Tasa_de_alfabetización_de_las_personas_de_15_años_o_más,_desglosada_por_sexo_y_subpoblaciones<b><i>_[CENSO]_</i></b>",	27002,"Cárdenas","2020","94.003022","98.655389","97.793465","94.79976","81.872759","94.617992","93.434548","90.54917","94.926913","94.005243","100","100","100","100","100","ND","70","98.717949","93.971416","97.361592","98.907104","77.750592","ND",
"Tasa_de_alfabetización_de_las_personas_de_15_años_o_más,_desglosada_por_sexo_y_subpoblaciones<b><i>_[CENSO]_</i></b>",	27003,"Centla","2020","94.418494","98.803605","98.758891","95.747998","78.801197","95.491279","93.397228","89.33805","92.738854","94.438615","96.774194","100","80","ND","100","ND","52.631579","93.75","94.373976","97.771588","95.238095","77.868996","ND",
"Tasa_de_alfabetización_de_las_personas_de_15_años_o_más,_desglosada_por_sexo_y_subpoblaciones<b><i>_[CENSO]_</i></b>",	27004,"Centro","2020","96.837209","98.908673","99.032514","97.634757","89.519911","97.361194","96.363071","94.020945","97.47391","96.870204","99.092559","99.450549","96.907216","100","98.494624","100","36.363636","99.710145","96.880248","98.36971","99.16388","85.210787","98.387097",
"Tasa_de_alfabetización_de_las_personas_de_15_años_o_más,_desglosada_por_sexo_y_subpoblaciones<b><i>_[CENSO]_</i></b>",	27005,"Comalcalco","2020","94.224857","98.872469","98.357452","94.781136","82.313139","95.322671","93.194165","88.888889","92.513761","94.219019","99.367089","100","87.5","100","100","ND","100","98.850575","94.170841","98.051576","99.122807","77.268888","ND",
"Tasa_de_alfabetización_de_las_personas_de_15_años_o_más,_desglosada_por_sexo_y_subpoblaciones<b><i>_[CENSO]_</i></b>",	27006,"Cunduacán","2020","94.392764","98.851496","98.567652","95.249623","81.320335","95.351999","93.491538","92","94.532072","94.398154","95.522388","95","90.909091","100","97.058824","ND","61.111111","96.551724","94.357763","97.301465","96.969697","79.581344","ND",
"Tasa_de_alfabetización_de_las_personas_de_15_años_o_más,_desglosada_por_sexo_y_subpoblaciones<b><i>_[CENSO]_</i></b>",	27007,"Emiliano_Zapata","2020","94.365662","98.812352","98.289829","96.11336","81.973203","95.356342","93.484329","89.166667","96.623981","94.387647","98.019802","100","100","100","97.058824","ND","50","100","94.294505","97.058824","100","77.156177","ND",
"Tasa_de_alfabetización_de_las_personas_de_15_años_o_más,_desglosada_por_sexo_y_subpoblaciones<b><i>_[CENSO]_</i></b>",	27008,"Huimanguillo","2020","92.573003","98.798422","97.942144","93.550477","75.15528","93.608328","91.598916","79.385965","89.515419","92.580517","92.05298","100","80.952381","ND","89.041096","ND","89.971347","95.522388","92.552086","93.505253","95.597484","72.583747","ND",
"Tasa_de_alfabetización_de_las_personas_de_15_años_o_más,_desglosada_por_sexo_y_subpoblaciones<b><i>_[CENSO]_</i></b>",	27009,"Jalapa","2020","94.353099","99.081081","99.011532","95.990092","81.000831","95.239459","93.487982","91.071429","93.023256","94.357977","100","100","ND","ND","100","ND","71.428571","100","94.326292","98.32636","100","77.575523","ND",
"Tasa_de_alfabetización_de_las_personas_de_15_años_o_más,_desglosada_por_sexo_y_subpoblaciones<b><i>_[CENSO]_</i></b>",	27010,"Jalpa_de_Méndez","2020","95.035569","99.041659","98.809056","96.092196","81.982557","95.891743","94.223505","87.128713","95.190713","95.036436","94.444444","95","75","100","100","ND","92.307692","100","95.005229","99.111111","100","76.643669","ND",
"Tasa_de_alfabetización_de_las_personas_de_15_años_o_más,_desglosada_por_sexo_y_subpoblaciones<b><i>_[CENSO]_</i></b>",	27011,"Jonuta","2020","91.635444","99.400839","97.75525","92.361542","76.680272","92.320232","90.95491","92.383292","90.740741","91.642586","66.666667","ND","100","ND","0","ND","50","100","91.555107","97.289157","50","74.915581","ND",
"Tasa_de_alfabetización_de_las_personas_de_15_años_o_más,_desglosada_por_sexo_y_subpoblaciones<b><i>_[CENSO]_</i></b>",	27012,"Macuspana","2020","94.422831","98.91455","98.724689","95.494279","80.717489","95.719397","93.225937","89.741485","95.87889","94.429121","97.183099","100","75","100","98.214286","100","90.140845","100","94.411882","97.172237","100","77.817797","ND",
"Tasa_de_alfabetización_de_las_personas_de_15_años_o_más,_desglosada_por_sexo_y_subpoblaciones<b><i>_[CENSO]_</i></b>",	27013,"Nacajuca","2020","94.772468","99.405967","99.133809","96.177979","75.022079","95.729809","93.899167","84.732962","96.571429","94.762145","99.036609","100","86.363636","99.638989","99.479167","ND","68.292683","100","94.71814","98.482195","100","75.893116","ND",
"Tasa_de_alfabetización_de_las_personas_de_15_años_o_más,_desglosada_por_sexo_y_subpoblaciones<b><i>_[CENSO]_</i></b>",	27014,"Paraíso","2020","96.622183","98.548419","98.90116","97.358921","89.043748","97.344695","95.943027","91.97861","98.023715","96.624628","99.300699","96.875","100","100","100","ND","53.846154","100","96.593562","98.779343","100","82.054891","ND",
"Tasa_de_alfabetización_de_las_personas_de_15_años_o_más,_desglosada_por_sexo_y_subpoblaciones<b><i>_[CENSO]_</i></b>",	27015,"Tacotalpa","2020","92.902604","98.717492","98.275283","94.018833","77.183735","94.870122","90.994825","88.59037","93.700787","92.89889","95.833333","80","100","ND","100","ND","100","100","92.814764","96.64311","100","73.884555","ND",
"Tasa_de_alfabetización_de_las_personas_de_15_años_o_más,_desglosada_por_sexo_y_subpoblaciones<b><i>_[CENSO]_</i></b>",	27016,"Teapa","2020","91.734749","97.305965","96.970743","93.286396","73.762614","92.680937","90.843766","85.430464","92.46988","91.759601","98.611111","100","100","ND","97.826087","100","37.931034","100","91.700226","94.659686","100","71.693884","ND",
"Tasa_de_alfabetización_de_las_personas_de_15_años_o_más,_desglosada_por_sexo_y_subpoblaciones<b><i>_[CENSO]_</i></b>",	27017,"Tenosique","2020","92.226909","98.967922","98.042964","93.488616","76.812549","93.431292","91.092524","77.290837","94.162826","92.263145","90.893015","93.75","83.4375","100","93.828715","ND","91.891892","95.744681","92.014373","96.662831","94.027954","73.088608","91.397849",
"Tasa_de_alfabetización_de_las_personas_de_15_años_o_más,_desglosada_por_sexo_y_subpoblaciones<b><i>_[CENSO]_</i></b>",	28,"Tamaulipas","2020","97.189445","99.145299","98.911449","98.050858","90.889127","97.335168","97.051077","92.574347","97.264727","97.207254","98.900524","99.01938","96.565657","99.646643","98.479155","100","76.246154","98.720235","97.198641","97.969587","98.796117","85.454077","98.039216",
"Tasa_de_alfabetización_de_las_personas_de_15_años_o_más,_desglosada_por_sexo_y_subpoblaciones<b><i>_[CENSO]_</i></b>",	28001,"Abasolo","2020","93.289238","99.457505","97.681376","95.006935","84.506243","93.170461","93.406293","75","86.363636","93.319502","95","94.444444","100","ND","100","ND","57.142857","97.142857","93.318423","91.22807","97.674419","76.1347","ND",
"Tasa_de_alfabetización_de_las_personas_de_15_años_o_más,_desglosada_por_sexo_y_subpoblaciones<b><i>_[CENSO]_</i></b>",	28002,"Aldama","2020","93.872619","99.573864","98.572432","95.659417","83.60052","93.829523","93.914922","83.064516","94.117647","93.857774","100","100","100","ND","100","ND","100","100","93.813588","96.350365","100","74.357192","ND",
"Tasa_de_alfabetización_de_las_personas_de_15_años_o_más,_desglosada_por_sexo_y_subpoblaciones<b><i>_[CENSO]_</i></b>",	28003,"Altamira","2020","97.072635","99.150667","98.829639","98.063331","87.758938","97.476451","96.685497","92.751092","96.870839","97.126189","98.007968","96.616541","93.75","100","100","100","84.474886","98.930481","97.108732","97.561562","98.905908","84.584602","ND",
"Tasa_de_alfabetización_de_las_personas_de_15_años_o_más,_desglosada_por_sexo_y_subpoblaciones<b><i>_[CENSO]_</i></b>",	28004,"Antiguo_Morelos","2020","92.385557","98.786408","98.873028","94.852498","79.85843","92.199017","92.566161","88.888889","92.173913","92.357946","100","100","ND","ND","100","ND","0","100","92.259773","95.714286","100","76.549414","ND",
"Tasa_de_alfabetización_de_las_personas_de_15_años_o_más,_desglosada_por_sexo_y_subpoblaciones<b><i>_[CENSO]_</i></b>",	28005,"Burgos","2020","95.061728","98.941799","98.774081","96.814044","89.171975","94.434577","95.744681","100","100","95.048272","100","100","ND","ND","ND","ND","0","100","95","100","100","81.690141","ND",
"Tasa_de_alfabetización_de_las_personas_de_15_años_o_más,_desglosada_por_sexo_y_subpoblaciones<b><i>_[CENSO]_</i></b>",	28006,"Bustamante","2020","84.434766","99.54023","97.548605","88.633514","59.133858","85.771325","82.977039","100","55.555556","84.411151","100","100","ND","ND","100","ND","100","95.652174","84.227736","98.305085","95.652174","52.39521","ND",
"Tasa_de_alfabetización_de_las_personas_de_15_años_o_más,_desglosada_por_sexo_y_subpoblaciones<b><i>_[CENSO]_</i></b>",	28007,"Camargo","2020","95.590092","99.717913","98.559823","97.127469","87.339806","95.654789","95.518672","95.454545","93.877551","95.479307","99.189189","99.402985","85.714286","ND","100","ND","100","97.183099","95.545352","97.241379","98.290598","82.189781","ND",
"Tasa_de_alfabetización_de_las_personas_de_15_años_o_más,_desglosada_por_sexo_y_subpoblaciones<b><i>_[CENSO]_</i></b>",	28008,"Casas","2020","88.04878","85.446009","89.622642","91.490909","80.03096","90.680767","85.114223","100","50","88.07947","ND","ND","ND","ND","ND","ND","0","100","88.001407","95.833333","100","66.129032","ND",
"Tasa_de_alfabetización_de_las_personas_de_15_años_o_más,_desglosada_por_sexo_y_subpoblaciones<b><i>_[CENSO]_</i></b>",	28009,"Ciudad_Madero","2020","98.44609","99.033073","99.231213","98.953326","96.285666","98.69856","98.222384","86.012105","98.432056","98.471704","99.579832","99.156118","100","100","100","ND","43.678161","100","98.46076","98.913258","100","90.651103","ND",
"Tasa_de_alfabetización_de_las_personas_de_15_años_o_más,_desglosada_por_sexo_y_subpoblaciones<b><i>_[CENSO]_</i></b>",	28010,"Cruillas","2020","92.295597","100","100","93.973941","82.267442","92.644757","91.943128","80","ND","92.265193","100","100","ND","ND","ND","ND","ND","100","92.234548","100","100","75.862069","ND",
"Tasa_de_alfabetización_de_las_personas_de_15_años_o_más,_desglosada_por_sexo_y_subpoblaciones<b><i>_[CENSO]_</i></b>",	28011,"Gómez_Farías","2020","93.178246","99.507389","99.563636","96.258719","78.416258","93.0625","93.295383","75","84.210526","93.169657","100","100","ND","ND","100","ND","ND","96.428571","93.087484","100","96.428571","75.789474","ND",
"Tasa_de_alfabetización_de_las_personas_de_15_años_o_más,_desglosada_por_sexo_y_subpoblaciones<b><i>_[CENSO]_</i></b>",	28012,"González","2020","91.917443","98.536808","97.478992","94.265594","77.371296","91.731882","92.095145","78.629032","90.76087","91.951522","96.598639","96.774194","100","ND","95.454545","ND","20.833333","95.927602","91.943209","92.13894","96.26556","71.728155","ND",
"Tasa_de_alfabetización_de_las_personas_de_15_años_o_más,_desglosada_por_sexo_y_subpoblaciones<b><i>_[CENSO]_</i></b>",	28013,"Güémez","2020","95.04476","99.315068","98.769704","96.06731","87.576876","94.351464","95.791847","84.375","96.875","95.033533","100","100","100","ND","100","ND","100","100","94.998158","97.175141","100","81.485714","ND",
"Tasa_de_alfabetización_de_las_personas_de_15_años_o_más,_desglosada_por_sexo_y_subpoblaciones<b><i>_[CENSO]_</i></b>",	28014,"Guerrero","2020","97.596154","99.130435","99.259259","97.925764","94.944708","97.581552","97.615499","100","87.5","97.550621","100","100","100","ND","100","ND","100","100","97.60378","96.226415","100","87.218045","ND",
"Tasa_de_alfabetización_de_las_personas_de_15_años_o_más,_desglosada_por_sexo_y_subpoblaciones<b><i>_[CENSO]_</i></b>",	28015,"Gustavo_Díaz_Ordaz","2020","95.514308","98.991354","98.883072","96.608392","87.743851","95.569401","95.459976","77.142857","95.121951","95.433183","98.050139","98.165138","100","ND","96.774194","ND","100","95.652174","95.487718","96.373057","96.153846","80.532044","ND",
"Tasa_de_alfabetización_de_las_personas_de_15_años_o_más,_desglosada_por_sexo_y_subpoblaciones<b><i>_[CENSO]_</i></b>",	28016,"Hidalgo","2020","94.661428","99.268293","98.68594","96.265968","88.626723","93.909242","95.447385","83.333333","93.939394","94.678715","90","87.5","ND","100","100","ND","66.666667","95.833333","94.592261","98.557692","96.666667","80.89172","ND",
"Tasa_de_alfabetización_de_las_personas_de_15_años_o_más,_desglosada_por_sexo_y_subpoblaciones<b><i>_[CENSO]_</i></b>",	28017,"Jaumave","2020","93.764614","99.647887","98.426377","95.606391","82.803813","94.046173","93.484272","100","94.351464","93.779282","100","100","100","ND","100","ND","50","96.774194","93.73027","99.056604","96.774194","72.658773","ND",
"Tasa_de_alfabetización_de_las_personas_de_15_años_o_más,_desglosada_por_sexo_y_subpoblaciones<b><i>_[CENSO]_</i></b>",	28018,"Jiménez","2020","95.496247","99.15493","99.264706","97.429519","86.629526","95.754519","95.242036","50","100","95.47928","100","100","ND","ND","ND","ND","ND","100","95.483193","94.736842","100","79.792746","ND",
"Tasa_de_alfabetización_de_las_personas_de_15_años_o_más,_desglosada_por_sexo_y_subpoblaciones<b><i>_[CENSO]_</i></b>",	28019,"Llera","2020","92.948718","98.795181","98.821797","94.965008","84.866828","92.697414","93.209877","73.214286","93.939394","92.949576","100","100","ND","ND","100","ND","0","100","92.90048","95.744681","100","73.904179","ND",
"Tasa_de_alfabetización_de_las_personas_de_15_años_o_más,_desglosada_por_sexo_y_subpoblaciones<b><i>_[CENSO]_</i></b>",	28020,"Mainero","2020","95.463138","99.082569","98.701299","96.531792","92.072072","94.783715","96.129838","100","100","95.509171","83.333333","83.333333","ND","ND","ND","ND","ND","100","95.348837","98.571429","91.666667","84.816754","ND",
"Tasa_de_alfabetización_de_las_personas_de_15_años_o_más,_desglosada_por_sexo_y_subpoblaciones<b><i>_[CENSO]_</i></b>",	28021,"El_Mante","2020","95.680999","99.343832","98.914823","97.495549","87.85993","95.727131","95.639428","80.995475","95.652174","95.67303","99.526066","100","100","100","97.674419","ND","80","98.032787","95.638602","98.661174","98.181818","79.610883","ND",
"Tasa_de_alfabetización_de_las_personas_de_15_años_o_más,_desglosada_por_sexo_y_subpoblaciones<b><i>_[CENSO]_</i></b>",	28022,"Matamoros","2020","97.556669","99.280627","98.822797","98.195363","91.652953","97.669697","97.44845","94.191794","96.300885","97.546746","98.993919","99.147576","94.174757","100","98.447894","ND","54.50237","99.157801","97.569979","97.695617","99.066947","87.983891","97.333333",
"Tasa_de_alfabetización_de_las_personas_de_15_años_o_más,_desglosada_por_sexo_y_subpoblaciones<b><i>_[CENSO]_</i></b>",	28023,"Méndez","2020","94.119477","97.487437","98.190789","95.894804","87.146226","93.941287","94.296342","100","100","94.148936","94.117647","94.117647","ND","ND","ND","ND","0","100","94.067259","97.777778","100","82.984293","ND",
"Tasa_de_alfabetización_de_las_personas_de_15_años_o_más,_desglosada_por_sexo_y_subpoblaciones<b><i>_[CENSO]_</i></b>",	28024,"Mier","2020","97.441728","100","99.286442","98.726346","92.851653","97.398432","97.490894","100","100","97.426541","100","100","ND","ND","100","ND","66.666667","100","97.292829","99.277108","100","82.173913","ND",
"Tasa_de_alfabetización_de_las_personas_de_15_años_o_más,_desglosada_por_sexo_y_subpoblaciones<b><i>_[CENSO]_</i></b>",	28025,"Miguel_Alemán","2020","96.995102","99.4","98.816029","97.967236","91.796221","97.159806","96.813774","91.463415","97.818182","96.888649","99.529412","99.512789","100","ND","100","ND","100","99.489796","96.938379","98","99.689441","85.530922","ND",
"Tasa_de_alfabetización_de_las_personas_de_15_años_o_más,_desglosada_por_sexo_y_subpoblaciones<b><i>_[CENSO]_</i></b>",	28026,"Miquihuana","2020","86.388456","99.502488","98.220641","87.725322","69.339623","85.351271","87.520392","ND","76.470588","86.37783","100","100","ND","ND","ND","ND","ND","100","86.311637","92.857143","100","64.840183","ND",
"Tasa_de_alfabetización_de_las_personas_de_15_años_o_más,_desglosada_por_sexo_y_subpoblaciones<b><i>_[CENSO]_</i></b>",	28027,"Nuevo_Laredo","2020","97.602738","99.079863","98.811918","98.19768","92.127449","97.865497","97.351687","92.747642","98.251312","97.618598","98.787198","99.198587","96.984925","100","96.669249","100","78.850856","99.023029","97.663169","97.236715","98.454405","87.772716","97.222222",
"Tasa_de_alfabetización_de_las_personas_de_15_años_o_más,_desglosada_por_sexo_y_subpoblaciones<b><i>_[CENSO]_</i></b>",	28028,"Nuevo_Morelos","2020","94.249908","96.428571","98.446328","96.538159","83.215548","93.839542","94.68489","97.674419","83.333333","94.220082","100","100","ND","ND","100","ND","ND","100","94.07945","98.795181","100","77.12766","ND",
"Tasa_de_alfabetización_de_las_personas_de_15_años_o_más,_desglosada_por_sexo_y_subpoblaciones<b><i>_[CENSO]_</i></b>",	28029,"Ocampo","2020","93.202894","99.238965","98.440748","95.662393","83.189655","92.981753","93.431413","85","91.139241","93.197835","95.238095","95.238095","ND","ND","ND","ND","100","97.468354","93.115752","95.522388","97.560976","72.822823","ND",
"Tasa_de_alfabetización_de_las_personas_de_15_años_o_más,_desglosada_por_sexo_y_subpoblaciones<b><i>_[CENSO]_</i></b>",	28030,"Padilla","2020","94.89949","98.778833","98.449612","96.600855","86.78337","94.143514","95.656525","100","94.827586","94.946862","90.47619","89.473684","ND","ND","100","ND","0","100","94.909605","97.368421","100","78.507463","ND",
"Tasa_de_alfabetización_de_las_personas_de_15_años_o_más,_desglosada_por_sexo_y_subpoblaciones<b><i>_[CENSO]_</i></b>",	28031,"Palmillas","2020","93.696884","99.065421","97.818182","96.347032","84.450402","92.765957","94.625177","100","100","93.745558","100","100","ND","ND","100","ND","0","100","93.604651","100","100","76.576577","ND",
"Tasa_de_alfabetización_de_las_personas_de_15_años_o_más,_desglosada_por_sexo_y_subpoblaciones<b><i>_[CENSO]_</i></b>",	28032,"Reynosa","2020","97.807196","99.128757","98.921575","98.456364","91.092637","98.069388","97.551835","94.799869","97.468087","97.878172","98.916386","98.870168","96.703297","99.122807","99.17639","100","71.60789","98.677582","97.878475","98.097001","98.999677","87.092343","99.253731",
"Tasa_de_alfabetización_de_las_personas_de_15_años_o_más,_desglosada_por_sexo_y_subpoblaciones<b><i>_[CENSO]_</i></b>",	28033,"Río_Bravo","2020","96.362193","99.002849","98.618894","97.458632","87.625755","96.599177","96.129072","89.819376","95.224451","96.335468","98.741347","98.740053","100","100","98.591549","100","31.578947","97.276265","96.354265","96.919234","97.765363","81.391338","ND",
"Tasa_de_alfabetización_de_las_personas_de_15_años_o_más,_desglosada_por_sexo_y_subpoblaciones<b><i>_[CENSO]_</i></b>",	28034,"San_Carlos","2020","94.108392","99.220779","98.542601","96.247655","87.570304","93.684918","94.567991","ND","100","94.10014","100","100","ND","ND","100","ND","100","100","94.088756","100","100","72.941176","ND",
"Tasa_de_alfabetización_de_las_personas_de_15_años_o_más,_desglosada_por_sexo_y_subpoblaciones<b><i>_[CENSO]_</i></b>",	28035,"San_Fernando","2020","94.930393","99.363296","98.535156","96.316428","85.876841","94.823848","95.034783","68.666667","91.794872","94.910495","98.717949","99.082569","100","100","88.888889","ND","80","98.591549","94.893513","97.201018","98.802395","79.244629","ND",
"Tasa_de_alfabetización_de_las_personas_de_15_años_o_más,_desglosada_por_sexo_y_subpoblaciones<b><i>_[CENSO]_</i></b>",	28036,"San_Nicolás","2020","93.432836","98.181818","96.598639","95.601173","81.889764","92.571429","94.375","ND","100","93.432836","ND","ND","ND","ND","ND","ND","ND","ND","93.432836","ND","ND","61.538462","ND",
"Tasa_de_alfabetización_de_las_personas_de_15_años_o_más,_desglosada_por_sexo_y_subpoblaciones<b><i>_[CENSO]_</i></b>",	28037,"Soto_la_Marina","2020","92.735431","99.004149","97.656037","94.136529","81.305375","92.633106","92.841448","75.172414","96.601942","92.725719","100","100","ND","ND","100","ND","66.666667","97.297297","92.626808","98","97.619048","71.223815","ND",
"Tasa_de_alfabetización_de_las_personas_de_15_años_o_más,_desglosada_por_sexo_y_subpoblaciones<b><i>_[CENSO]_</i></b>",	28038,"Tampico","2020","98.370095","99.248234","99.435018","98.960927","95.631201","98.62498","98.145397","94.332298","98.802243","98.400945","99.580713","99.723757","100","100","99.318182","100","39.160839","99.441341","98.38576","98.85702","99.470899","89.983536","100",
"Tasa_de_alfabetización_de_las_personas_de_15_años_o_más,_desglosada_por_sexo_y_subpoblaciones<b><i>_[CENSO]_</i></b>",	28039,"Tula","2020","91.552212","99.190829","98.762484","93.793924","76.936856","91.842591","91.270157","89.189189","96","91.548868","98.214286","98.181818","ND","ND","100","ND","63.636364","98.235294","91.438303","97.530864","97.740113","70.552612","ND",
"Tasa_de_alfabetización_de_las_personas_de_15_años_o_más,_desglosada_por_sexo_y_subpoblaciones<b><i>_[CENSO]_</i></b>",	28040,"Valle_Hermoso","2020","96.590324","99.586908","99.095193","97.505123","89.910208","96.552523","96.625661","86.407767","97.021277","96.562443","98.648649","98.601399","100","100","100","ND","100","98.417722","96.565583","97.297297","98.70801","84.424313","ND",
"Tasa_de_alfabetización_de_las_personas_de_15_años_o_más,_desglosada_por_sexo_y_subpoblaciones<b><i>_[CENSO]_</i></b>",	28041,"Victoria","2020","98.098895","99.105287","99.265665","98.705754","94.112921","98.093366","98.103915","96.09375","98.321532","98.118252","99.252802","98.77451","100","100","99.730458","ND","91.549296","99.463807","98.108587","98.863937","99.637024","87.538665","ND",
"Tasa_de_alfabetización_de_las_personas_de_15_años_o_más,_desglosada_por_sexo_y_subpoblaciones<b><i>_[CENSO]_</i></b>",	28042,"Villagrán","2020","94.988892","99.557522","98.268398","95.885417","90.841584","94.52254","95.472837","100","75","94.983939","100","100","ND","ND","ND","ND","ND","100","94.854814","99.186992","100","84.424379","ND",
"Tasa_de_alfabetización_de_las_personas_de_15_años_o_más,_desglosada_por_sexo_y_subpoblaciones<b><i>_[CENSO]_</i></b>",	28043,"Xicoténcatl","2020","94.70222","98.788444","98.497268","96.548474","85.778128","94.461096","94.933794","87.5","92.763158","94.716715","95.652174","94.444444","100","ND","100","ND","50","94.871795","94.697509","97.560976","95","77.229437","ND",
"Tasa_de_alfabetización_de_las_personas_de_15_años_o_más,_desglosada_por_sexo_y_subpoblaciones<b><i>_[CENSO]_</i></b>",	29,"Tlaxcala","2020","96.507161","99.269365","99.139412","97.694267","86.335221","97.29777","95.789952","84.063159","96.618257","96.533278","98.758621","99.607843","94.594595","100","97.596796","100","49.21875","99.027778","96.4774","98.216549","98.629601","82.190174","71.111111",
"Tasa_de_alfabetización_de_las_personas_de_15_años_o_más,_desglosada_por_sexo_y_subpoblaciones<b><i>_[CENSO]_</i></b>",	29001,"Amaxac_de_Guerrero","2020","98.315716","98.865478","99.273718","99.092765","94.057971","98.920775","97.771403","94.890511","100","98.370956","90.909091","83.333333","ND","ND","100","ND","0","100","98.333736","99.038462","100","87.844037","ND",
"Tasa_de_alfabetización_de_las_personas_de_15_años_o_más,_desglosada_por_sexo_y_subpoblaciones<b><i>_[CENSO]_</i></b>",	29002,"Apetatitlán_de_Antonio_Carvajal","2020","98.509213","99.617347","99.546338","99.13737","94.392523","99.166667","97.920635","92.248062","99.242424","98.538184","100","100","100","ND","100","ND","50","100","98.514206","99.244332","100","90.212072","100",
"Tasa_de_alfabetización_de_las_personas_de_15_años_o_más,_desglosada_por_sexo_y_subpoblaciones<b><i>_[CENSO]_</i></b>",	29003,"Atlangatepec","2020","94.297553","99.25","98.964803","96.360629","77.153558","94.414784","94.189138","90.47619","92","94.288538","100","100","ND","ND","100","ND","ND","100","94.182486","97.260274","100","70.037453","ND",
"Tasa_de_alfabetización_de_las_personas_de_15_años_o_más,_desglosada_por_sexo_y_subpoblaciones<b><i>_[CENSO]_</i></b>",	29004,"Atltzayanca","2020","93.747094","99.345182","98.851565","95.967224","76.103286","94.488313","93.033161","85.185185","90.647482","93.743701","100","100","100","ND","100","ND","ND","100","93.68755","96.113074","100","70.616114","ND",
"Tasa_de_alfabetización_de_las_personas_de_15_años_o_más,_desglosada_por_sexo_y_subpoblaciones<b><i>_[CENSO]_</i></b>",	29005,"Apizaco","2020","97.854188","99.46757","99.192378","98.70109","92.793885","98.283678","97.477947","87.964602","97.590361","97.942227","93.658537","100","100","100","90.510949","100","25.396825","99.230769","97.93271","98.309445","93.170732","89.038786","62.857143",
"Tasa_de_alfabetización_de_las_personas_de_15_años_o_más,_desglosada_por_sexo_y_subpoblaciones<b><i>_[CENSO]_</i></b>",	29006,"Calpulalpan","2020","96.735921","99.343469","98.965584","97.935904","86.733726","97.048162","96.458184","89.820359","96.460177","96.778921","100","100","ND","ND","100","ND","30.769231","100","96.722378","98.221614","100","83.173297","ND",
"Tasa_de_alfabetización_de_las_personas_de_15_años_o_más,_desglosada_por_sexo_y_subpoblaciones<b><i>_[CENSO]_</i></b>",	29007,"El_Carmen_Tequexquitla","2020","90.329507","99.051233","98.550336","91.484185","60.850254","90.662286","90.025292","92.307692","86.538462","90.30308","100","100","ND","ND","100","ND","100","100","90.13236","97.333333","100","62.068966","ND",
"Tasa_de_alfabetización_de_las_personas_de_15_años_o_más,_desglosada_por_sexo_y_subpoblaciones<b><i>_[CENSO]_</i></b>",	29008,"Cuapiaxtla","2020","94.334697","99.35305","98.919892","96.278986","73.496365","95.620438","93.105209","91.666667","96","94.329268","100","100","100","ND","100","ND","100","100","94.235949","97.383721","100","74.123539","ND",
"Tasa_de_alfabetización_de_las_personas_de_15_años_o_más,_desglosada_por_sexo_y_subpoblaciones<b><i>_[CENSO]_</i></b>",	29009,"Cuaxomulco","2020","97.535698","99.122807","99.738903","98.087687","91.513437","98.184424","96.93197","90","100","97.576177","100","100","ND","ND","100","ND","60","100","97.533792","99.145299","100","89.776358","ND",
"Tasa_de_alfabetización_de_las_personas_de_15_años_o_más,_desglosada_por_sexo_y_subpoblaciones<b><i>_[CENSO]_</i></b>",	29010,"Chiautempan","2020","97.590025","99.469563","99.271324","98.486132","91.180902","98.293421","96.958027","87.436869","96.370023","97.694664","100","100","100","ND","100","ND","20.779221","99.24812","97.680116","98.972332","99.350649","86.53926","ND",
"Tasa_de_alfabetización_de_las_personas_de_15_años_o_más,_desglosada_por_sexo_y_subpoblaciones<b><i>_[CENSO]_</i></b>",	29011,"Muñoz_de_Domingo_Arenas","2020","96.90662","99.618321","99.559471","98.067916","88.123924","97.390777","96.466041","100","94.594595","96.927536","83.333333","100","0","100","ND","ND","100","100","96.82775","100","100","85.185185","ND",
"Tasa_de_alfabetización_de_las_personas_de_15_años_o_más,_desglosada_por_sexo_y_subpoblaciones<b><i>_[CENSO]_</i></b>",	29012,"Españita","2020","95.117188","99.633028","98.807496","96.772152","83.193277","95.577702","94.687954","96.774194","93.103448","95.120482","100","100","100","ND","100","ND","75","94.444444","95.143942","94.920635","94.444444","78.125","ND",
"Tasa_de_alfabetización_de_las_personas_de_15_años_o_más,_desglosada_por_sexo_y_subpoblaciones<b><i>_[CENSO]_</i></b>",	29013,"Huamantla","2020","95.35923","99.314364","98.940227","96.580711","80.3894","96.519063","94.310568","89.671362","93.509128","95.359573","100","100","100","ND","100","ND","63.636364","100","95.273184","98.392767","100","79.661452","ND",
"Tasa_de_alfabetización_de_las_personas_de_15_años_o_más,_desglosada_por_sexo_y_subpoblaciones<b><i>_[CENSO]_</i></b>",	29014,"Hueyotlipan","2020","95.184239","99.382716","99.28934","97.21123","81.289641","95.35457","95.026362","90","97.87234","95.176201","100","100","100","ND","100","ND","0","100","95.059625","98.432602","100","77.182045","ND",
"Tasa_de_alfabetización_de_las_personas_de_15_años_o_más,_desglosada_por_sexo_y_subpoblaciones<b><i>_[CENSO]_</i></b>",	29015,"Ixtacuixtla_de_Mariano_Matamoros","2020","96.940352","99.064039","99.265559","98.189135","88.732967","97.295742","96.615627","86.956522","97.165992","96.949094","100","100","100","100","100","ND","89.855072","99.009901","96.945241","97.340426","99.065421","81.683168","ND",
"Tasa_de_alfabetización_de_las_personas_de_15_años_o_más,_desglosada_por_sexo_y_subpoblaciones<b><i>_[CENSO]_</i></b>",	29016,"Ixtenco","2020","96.316726","98.547215","99.058653","98.203154","87.352138","97.62435","95.112782","90.095847","91.803279","96.310818","100","100","ND","ND","100","ND","ND","100","96.205399","98.107256","100","78.996865","ND",
"Tasa_de_alfabetización_de_las_personas_de_15_años_o_más,_desglosada_por_sexo_y_subpoblaciones<b><i>_[CENSO]_</i></b>",	29017,"Mazatecochco_de_José_María_Morelos","2020","95.441872","99.402985","98.976109","97.709187","76.746324","96.522603","94.411556","83.644347","94.664032","95.472202","100","100","ND","100","ND","ND","25","100","95.482597","94.615385","100","70.212766","ND",
"Tasa_de_alfabetización_de_las_personas_de_15_años_o_más,_desglosada_por_sexo_y_subpoblaciones<b><i>_[CENSO]_</i></b>",	29018,"Contla_de_Juan_Cuamatzi","2020","96.451433","99.300047","99.133023","98.379112","83.06686","97.752323","95.236493","88.110902","97.601918","96.455555","90.909091","91.666667","100","ND","87.5","ND","100","100","96.439901","97.222222","98","80.754717","ND",
"Tasa_de_alfabetización_de_las_personas_de_15_años_o_más,_desglosada_por_sexo_y_subpoblaciones<b><i>_[CENSO]_</i></b>",	29019,"Tepetitla_de_Lardizábal","2020","98.038619","99.556869","99.309899","98.592566","92.096545","98.590456","97.547213","83.703704","97.435897","98.034668","100","100","100","ND","100","ND","100","100","97.984756","98.893805","100","90.27027","ND",
"Tasa_de_alfabetización_de_las_personas_de_15_años_o_más,_desglosada_por_sexo_y_subpoblaciones<b><i>_[CENSO]_</i></b>",	29020,"Sanctórum_de_Lázaro_Cárdenas","2020","95.561127","99.175258","99.342105","97.508691","80.490196","96.140888","95.022753","88.888889","90.721649","95.55654","100","100","100","ND","ND","ND","100","100","95.458009","98.557692","100","81.27572","ND",
"Tasa_de_alfabetización_de_las_personas_de_15_años_o_más,_desglosada_por_sexo_y_subpoblaciones<b><i>_[CENSO]_</i></b>",	29021,"Nanacamilpa_de_Mariano_Arista","2020","95.472282","99.075026","98.898678","97.44713","83.163698","95.972329","95.012715","92","99.019608","95.487111","100","100","ND","ND","100","ND","55.555556","100","95.37773","97.806216","100","79.59596","ND",
"Tasa_de_alfabetización_de_las_personas_de_15_años_o_más,_desglosada_por_sexo_y_subpoblaciones<b><i>_[CENSO]_</i></b>",	29022,"Acuamanala_de_Miguel_Hidalgo","2020","97.613467","99.749373","99.569275","98.400346","88.435374","98.874459","96.391104","89.361702","96.428571","97.603766","100","100","100","100","100","ND","100","100","97.563117","99.115044","100","80","ND",
"Tasa_de_alfabetización_de_las_personas_de_15_años_o_más,_desglosada_por_sexo_y_subpoblaciones<b><i>_[CENSO]_</i></b>",	29023,"Natívitas","2020","96.81955","99.268471","98.702248","97.766563","89.62536","97.445694","96.252348","85.526316","95.767196","96.829446","96.363636","100","0","ND","100","ND","81.818182","96.610169","96.791673","97.898424","96.774194","82.114625","ND",
"Tasa_de_alfabetización_de_las_personas_de_15_años_o_más,_desglosada_por_sexo_y_subpoblaciones<b><i>_[CENSO]_</i></b>",	29024,"Panotla","2020","97.202345","99.80198","99.406839","98.572234","88.933121","98.19998","96.329004","85.135135","97.468354","97.219909","100","100","100","100","100","ND","58.333333","97.368421","97.129814","99.118511","97.727273","83.433735","ND",
"Tasa_de_alfabetización_de_las_personas_de_15_años_o_más,_desglosada_por_sexo_y_subpoblaciones<b><i>_[CENSO]_</i></b>",	29025,"San_Pablo_del_Monte","2020","93.951951","99.188601","98.736352","94.589693","72.340076","95.686481","92.296881","78.824201","95.280236","93.947445","100","100","100","ND","100","ND","94.444444","98.214286","93.877407","96.424168","98.360656","73.811787","ND",
"Tasa_de_alfabetización_de_las_personas_de_15_años_o_más,_desglosada_por_sexo_y_subpoblaciones<b><i>_[CENSO]_</i></b>",	29026,"Santa_Cruz_Tlaxcala","2020","97.435176","99.483776","99.538494","98.156582","89.441249","98.487555","96.493285","85.641026","98.084291","97.452229","100","100","100","100","100","ND","20","100","97.387431","98.402839","100","86.491557","ND",
"Tasa_de_alfabetización_de_las_personas_de_15_años_o_más,_desglosada_por_sexo_y_subpoblaciones<b><i>_[CENSO]_</i></b>",	29027,"Tenancingo","2020","94.510638","99.577465","98.958333","96.804056","79.36029","96.760688","92.410531","74.864865","97.435897","94.544678","100","100","ND","ND","100","ND","28.571429","100","94.390566","99.644128","100","74.438202","ND",
"Tasa_de_alfabetización_de_las_personas_de_15_años_o_más,_desglosada_por_sexo_y_subpoblaciones<b><i>_[CENSO]_</i></b>",	29028,"Teolocholco","2020","95.682659","99.139785","99.074431","97.212505","80.411074","96.96795","94.501536","78.206365","96.721311","95.688987","95.652174","100","0","ND","100","ND","90","98.666667","95.631151","97.767857","98.701299","77.808989","ND",
"Tasa_de_alfabetización_de_las_personas_de_15_años_o_más,_desglosada_por_sexo_y_subpoblaciones<b><i>_[CENSO]_</i></b>",	29029,"Tepeyanco","2020","97.951734","99.110546","99.409449","98.609151","92.947903","98.552603","97.420218","86.428571","96.103896","97.94778","100","100","ND","100","100","ND","100","100","97.965717","96.835443","100","79.935275","ND",
"Tasa_de_alfabetización_de_las_personas_de_15_años_o_más,_desglosada_por_sexo_y_subpoblaciones<b><i>_[CENSO]_</i></b>",	29030,"Terrenate","2020","92.312004","99.585921","98.413234","94.237418","69.955442","93.359894","91.295547","74.358974","97.115385","92.322097","100","100","100","ND","100","ND","40","100","92.177752","97.983871","100","67.729831","ND",
"Tasa_de_alfabetización_de_las_personas_de_15_años_o_más,_desglosada_por_sexo_y_subpoblaciones<b><i>_[CENSO]_</i></b>",	29031,"Tetla_de_la_Solidaridad","2020","96.747306","99.25336","99.18044","97.89675","85.570965","97.553887","96.002088","90.68323","95.095949","96.752011","100","100","100","100","100","ND","50","98.039216","96.700972","97.980685","98.484848","83.72434","ND",
"Tasa_de_alfabetización_de_las_personas_de_15_años_o_más,_desglosada_por_sexo_y_subpoblaciones<b><i>_[CENSO]_</i></b>",	29032,"Tetlatlahuca","2020","98.133045","99.412628","99.408503","98.777361","93.72093","98.4628","97.82937","90.625","97.345133","98.139398","94.444444","100","100","ND","0","ND","100","100","98.136459","97.468354","100","87.356322","ND",
"Tasa_de_alfabetización_de_las_personas_de_15_años_o_más,_desglosada_por_sexo_y_subpoblaciones<b><i>_[CENSO]_</i></b>",	29033,"Tlaxcala","2020","98.607838","99.262748","99.524158","99.071808","95.495706","99.018116","98.254025","90.636704","99.013807","98.646179","100","100","100","100","100","ND","35.185185","99.354839","98.641349","98.979592","99.570815","91.007653","ND",
"Tasa_de_alfabetización_de_las_personas_de_15_años_o_más,_desglosada_por_sexo_y_subpoblaciones<b><i>_[CENSO]_</i></b>",	29034,"Tlaxco","2020","93.836941","99.230146","98.848843","95.848667","74.906445","94.236669","93.471119","90.990991","96.062992","93.822176","100","100","100","100","100","ND","75","98.425197","93.672291","97.484277","98.601399","73.636795","ND",
"Tasa_de_alfabetización_de_las_personas_de_15_años_o_más,_desglosada_por_sexo_y_subpoblaciones<b><i>_[CENSO]_</i></b>",	29035,"Tocatlán","2020","97.135933","98.816568","99.17603","98.300537","87.777778","97.837838","96.463993","86.666667","100","97.135302","100","100","ND","ND","ND","ND","ND","100","97.130688","97.101449","100","80.073801","ND",
"Tasa_de_alfabetización_de_las_personas_de_15_años_o_más,_desglosada_por_sexo_y_subpoblaciones<b><i>_[CENSO]_</i></b>",	29036,"Totolac","2020","98.045412","98.681898","99.136364","98.830946","93.663717","98.833563","97.356007","85.223368","97.757009","98.064176","100","100","100","100","100","ND","50","93.333333","98.047683","98.705502","95.652174","86.445013","ND",
"Tasa_de_alfabetización_de_las_personas_de_15_años_o_más,_desglosada_por_sexo_y_subpoblaciones<b><i>_[CENSO]_</i></b>",	29037,"Ziltlaltépec_de_Trinidad_Sánchez_Santos","2020","90.665219","98.791019","98.168701","92.223738","70.598592","94.039735","87.693205","72.916667","75","90.680336","100","100","ND","ND","100","ND","0","92.307692","90.369155","96.407186","94.444444","69.980507","ND",
"Tasa_de_alfabetización_de_las_personas_de_15_años_o_más,_desglosada_por_sexo_y_subpoblaciones<b><i>_[CENSO]_</i></b>",	29038,"Tzompantepec","2020","97.544175","96.750232","99.401198","98.572053","90.068886","98.037994","97.086819","83.72093","97.945205","97.553838","100","100","100","100","100","ND","0","100","97.460798","99.076517","100","87.97619","ND",
"Tasa_de_alfabetización_de_las_personas_de_15_años_o_más,_desglosada_por_sexo_y_subpoblaciones<b><i>_[CENSO]_</i></b>",	29039,"Xaloztoc","2020","97.009876","99.744246","99.120459","98.316388","85.582565","98.079485","95.975963","92.207792","95.172414","97.011419","100","100","ND","ND","100","ND","75","100","96.994245","97.916667","100","84.725051","ND",
"Tasa_de_alfabetización_de_las_personas_de_15_años_o_más,_desglosada_por_sexo_y_subpoblaciones<b><i>_[CENSO]_</i></b>",	29040,"Xaltocan","2020","96.301457","99.310345","99.50224","98.240166","85.436893","96.266234","96.33246","85.714286","95.37037","96.306169","100","100","ND","ND","100","ND","0","100","96.265723","97.55102","100","77.803738","ND",
"Tasa_de_alfabetización_de_las_personas_de_15_años_o_más,_desglosada_por_sexo_y_subpoblaciones<b><i>_[CENSO]_</i></b>",	29041,"Papalotla_de_Xicohténcatl","2020","97.035217","99.152063","99.223443","98.1682","87.835168","97.952336","96.202235","89.774697","95.897436","97.097332","100","100","100","100","100","100","52.5","97.142857","97.058696","98.286204","97.368421","82.172996","ND",
"Tasa_de_alfabetización_de_las_personas_de_15_años_o_más,_desglosada_por_sexo_y_subpoblaciones<b><i>_[CENSO]_</i></b>",	29042,"Xicohtzinco","2020","98.191311","99.595142","99.521179","98.993411","93.189369","98.884684","97.581069","92.783505","99.530516","98.212447","97.368421","97.222222","ND","ND","100","ND","33.333333","100","98.208374","98.300971","100","88.562092","ND",
"Tasa_de_alfabetización_de_las_personas_de_15_años_o_más,_desglosada_por_sexo_y_subpoblaciones<b><i>_[CENSO]_</i></b>",	29043,"Yauhquemehcan","2020","98.191369","99.556147","99.452852","98.832523","92.122699","98.68456","97.747909","96.428571","99.591837","98.198454","97.560976","100","100","100","95.348837","ND","86.666667","98.4375","98.14649","99.224305","98.734177","89.093137","ND",
"Tasa_de_alfabetización_de_las_personas_de_15_años_o_más,_desglosada_por_sexo_y_subpoblaciones<b><i>_[CENSO]_</i></b>",	29044,"Zacatelco","2020","97.551645","98.656591","99.469358","98.752302","89.550213","98.29279","96.892891","85.826772","96.238245","97.543818","99.280576","99.019608","ND","100","100","ND","100","98.863636","97.548348","97.553816","99.145299","84.861279","ND",
"Tasa_de_alfabetización_de_las_personas_de_15_años_o_más,_desglosada_por_sexo_y_subpoblaciones<b><i>_[CENSO]_</i></b>",	29045,"Benito_Juárez","2020","95.84","99.410029","99.005356","97.130762","82.421227","95.934172","95.755738","87.5","96.428571","95.833333","100","100","ND","ND","ND","ND","100","100","95.73616","99.137931","100","80.536913","ND",
"Tasa_de_alfabetización_de_las_personas_de_15_años_o_más,_desglosada_por_sexo_y_subpoblaciones<b><i>_[CENSO]_</i></b>",	29046,"Emiliano_Zapata","2020","93.175853","99.365079","99.59142","95.170789","66.590389","93.847073","92.535613","75","100","93.167883","100","100","ND","ND","ND","ND","ND","100","93.128871","96.551724","100","69.655172","ND",
"Tasa_de_alfabetización_de_las_personas_de_15_años_o_más,_desglosada_por_sexo_y_subpoblaciones<b><i>_[CENSO]_</i></b>",	29047,"Lázaro_Cárdenas","2020","96.401439","98.913043","99.748428","97.468354","83.382789","96.626506","96.178344","100","100","96.432866","100","100","ND","ND","100","ND","0","91.666667","96.462361","96.491228","91.666667","76.415094","ND",
"Tasa_de_alfabetización_de_las_personas_de_15_años_o_más,_desglosada_por_sexo_y_subpoblaciones<b><i>_[CENSO]_</i></b>",	29048,"La_Magdalena_Tlaltelulco","2020","92.518101","91.262136","91.304348","93.809524","90.84507","92.482517","92.548435","88.461538","95.798319","96.548822","100","100","100","ND","ND","ND","1.886792","100","97.633655","100","100","87.837838","ND",
"Tasa_de_alfabetización_de_las_personas_de_15_años_o_más,_desglosada_por_sexo_y_subpoblaciones<b><i>_[CENSO]_</i></b>",	29049,"San_Damián_Texóloc","2020","98.253471","99.674267","99.822222","98.715678","94.072165","98.30973","98.199385","92.307692","99.365079","98.249944","100","100","ND","100","100","ND","ND","100","98.311273","94.285714","100","80.733945","ND",
"Tasa_de_alfabetización_de_las_personas_de_15_años_o_más,_desglosada_por_sexo_y_subpoblaciones<b><i>_[CENSO]_</i></b>",	29050,"San_Francisco_Tetlanohcan","2020","95.744681","99.84639","99.200959","98.424033","79.163555","96.642626","94.948158","86.357039","96.282528","95.737435","100","100","ND","100","100","ND","0","100","95.670425","98.780488","100","73.780488","ND",
"Tasa_de_alfabetización_de_las_personas_de_15_años_o_más,_desglosada_por_sexo_y_subpoblaciones<b><i>_[CENSO]_</i></b>",	29051,"San_Jerónimo_Zacualpan","2020","97.440881","99.50495","99.237611","98.481848","91.595197","98.689655","96.334759","66.666667","96.428571","97.440052","100","100","ND","ND","ND","ND","ND","100","97.41465","98.305085","100","81.188119","ND",
"Tasa_de_alfabetización_de_las_personas_de_15_años_o_más,_desglosada_por_sexo_y_subpoblaciones<b><i>_[CENSO]_</i></b>",	29052,"San_José_Teacalco","2020","94.788975","99.489796","98.947368","96.638279","80.661578","96.374217","93.319502","82.608696","100","94.779983","100","100","ND","ND","100","ND","ND","100","94.633712","99.206349","100","79.925651","ND",
"Tasa_de_alfabetización_de_las_personas_de_15_años_o_más,_desglosada_por_sexo_y_subpoblaciones<b><i>_[CENSO]_</i></b>",	29053,"San_Juan_Huactzinco","2020","96.859475","99.754902","98.628429","97.953321","88.438617","97.676162","96.125337","77.027027","95.876289","97.13217","100","100","ND","ND","100","ND","5.882353","100","97.089321","100","100","80.582524","ND",
"Tasa_de_alfabetización_de_las_personas_de_15_años_o_más,_desglosada_por_sexo_y_subpoblaciones<b><i>_[CENSO]_</i></b>",	29054,"San_Lorenzo_Axocomanitla","2020","97.27717","99.307958","98.654709","98.790698","90.040377","97.92695","96.69749","75","97.492163","97.272091","100","100","ND","ND","ND","ND","100","100","97.279236","96.875","100","82.474227","ND",
"Tasa_de_alfabetización_de_las_personas_de_15_años_o_más,_desglosada_por_sexo_y_subpoblaciones<b><i>_[CENSO]_</i></b>",	29055,"San_Lucas_Tecopilco","2020","94.889563","99.363057","99.491525","97.124888","81.737194","95.471014","94.356846","100","85.714286","94.871795","100","100","100","100","100","ND","ND","100","94.885362","94.117647","100","72.268908","ND",
"Tasa_de_alfabetización_de_las_personas_de_15_años_o_más,_desglosada_por_sexo_y_subpoblaciones<b><i>_[CENSO]_</i></b>",	29056,"Santa_Ana_Nopalucan","2020","96.811938","99.745547","99.285714","98.131148","86.980306","97.915931","95.792564","77.272727","96.12069","96.809233","100","100","ND","ND","ND","ND","ND","100","96.782519","98.75","100","73.880597","ND",
"Tasa_de_alfabetización_de_las_personas_de_15_años_o_más,_desglosada_por_sexo_y_subpoblaciones<b><i>_[CENSO]_</i></b>",	29057,"Santa_Apolonia_Teacalco","2020","96.67534","99.588477","98.965874","98.354662","87.335526","97.608829","95.842451","85.714286","97.222222","96.658919","100","100","ND","ND","100","ND","ND","100","96.620629","100","100","80.645161","ND",
"Tasa_de_alfabetización_de_las_personas_de_15_años_o_más,_desglosada_por_sexo_y_subpoblaciones<b><i>_[CENSO]_</i></b>",	29058,"Santa_Catarina_Ayometla","2020","95.896785","99.811676","99.392097","97.890419","82.453152","98.052523","93.923846","86.238532","92.647059","95.897217","100","100","ND","ND","100","ND","60","97.560976","95.860566","98.089172","97.826087","80","ND",
"Tasa_de_alfabetización_de_las_personas_de_15_años_o_más,_desglosada_por_sexo_y_subpoblaciones<b><i>_[CENSO]_</i></b>",	29059,"Santa_Cruz_Quilehtla","2020","97.322404","99.395161","99.279279","98.595292","86.330935","98.656215","96.051227","87.845304","96.153846","97.37422","95.121951","97.222222","ND","ND","80","ND","33.333333","100","97.329599","99.122807","100","82.790698","ND",
"Tasa_de_alfabetización_de_las_personas_de_15_años_o_más,_desglosada_por_sexo_y_subpoblaciones<b><i>_[CENSO]_</i></b>",	29060,"Santa_Isabel_Xiloxoxtla","2020","98.050487","99.715909","99.74026","98.733536","90.576923","98.376963","97.752272","88.888889","100","98.045603","100","100","ND","ND","ND","ND","100","100","98.034712","98.734177","100","80.851064","ND",
"Tasa_de_alfabetización_de_las_personas_de_15_años_o_más,_desglosada_por_sexo_y_subpoblaciones<b><i>_[CENSO]_</i></b>",	30,"Veracruz_de_Ignacio_de_la_Llave","2020","91.411294","98.654888","97.89875","92.83975","76.906655","92.717677","90.244553","74.980305","92.352256","91.41719","98.189911","98.914804","95.323741","99.872935","98.319756","28.169014","73.898678","97.285175","91.299148","97.150232","97.436901","72.361128","95.238095",
"Tasa_de_alfabetización_de_las_personas_de_15_años_o_más,_desglosada_por_sexo_y_subpoblaciones<b><i>_[CENSO]_</i></b>",	30001,"Acajete","2020","88.542556","98.960139","96.584897","86.979786","71.172962","88.102622","88.991089","88.888889","97.674419","88.540925","100","100","ND","ND","ND","ND","ND","60","88.501292","96.363636","60","67.875648","ND",
"Tasa_de_alfabetización_de_las_personas_de_15_años_o_más,_desglosada_por_sexo_y_subpoblaciones<b><i>_[CENSO]_</i></b>",	30002,"Acatlán","2020","91.279774","99.428571","98.333333","92.22973","72.110553","92.814371","89.908257","91.666667","97.321429","91.262136","100","100","ND","ND","ND","ND","100","100","91.172865","100","100","72.826087","ND",
"Tasa_de_alfabetización_de_las_personas_de_15_años_o_más,_desglosada_por_sexo_y_subpoblaciones<b><i>_[CENSO]_</i></b>",	30003,"Acayucan","2020","89.531852","98.581896","97.57401","91.503912","70.184768","91.95479","87.407681","65.383412","88.348271","89.501897","95.906433","100","91.428571","100","96.475771","100","61.538462","95.918367","89.395169","96.179966","95.252226","66.24971","93.835616",
"Tasa_de_alfabetización_de_las_personas_de_15_años_o_más,_desglosada_por_sexo_y_subpoblaciones<b><i>_[CENSO]_</i></b>",	30004,"Actopan","2020","89.091781","98.657358","97.628927","91.801716","73.897197","88.617139","89.546282","86.363636","83.978957","89.061888","97.810219","97.391304","100","ND","100","ND","66.666667","96.446701","88.965201","96.560847","96.634615","66.295158","ND",
"Tasa_de_alfabetización_de_las_personas_de_15_años_o_más,_desglosada_por_sexo_y_subpoblaciones<b><i>_[CENSO]_</i></b>",	30005,"Acula","2020","83.881335","98.897059","95.876289","88.750622","60.425101","82.64095","85.121107","75","84.444444","83.873361","100","100","ND","ND","ND","ND","ND","100","83.506198","100","100","56.269113","ND",
"Tasa_de_alfabetización_de_las_personas_de_15_años_o_más,_desglosada_por_sexo_y_subpoblaciones<b><i>_[CENSO]_</i></b>",	30006,"Acultzingo","2020","89.312222","97.597173","96.79423","88.745166","69.509501","90.560395","88.179781","79.554719","92.1875","89.298322","100","100","100","ND","100","ND","100","100","89.232697","94.478528","100","73.027523","ND",
"Tasa_de_alfabetización_de_las_personas_de_15_años_o_más,_desglosada_por_sexo_y_subpoblaciones<b><i>_[CENSO]_</i></b>",	30007,"Camarón_de_Tejeda","2020","89.566969","99.059561","97.001934","91.166078","75.680751","90.532787","88.633663","100","92.307692","89.541692","100","100","100","ND","ND","ND","100","85.714286","89.49194","98","85.714286","67.346939","ND",
"Tasa_de_alfabetización_de_las_personas_de_15_años_o_más,_desglosada_por_sexo_y_subpoblaciones<b><i>_[CENSO]_</i></b>",	30008,"Alpatláhuac","2020","82.59553","99.093656","97.385956","81.90625","49.108734","83.768997","81.536351","93.103448","80.769231","82.587998","100","100","ND","ND","100","ND","ND","95.652174","82.10006","95.305164","95.652174","51.339286","ND",
"Tasa_de_alfabetización_de_las_personas_de_15_años_o_más,_desglosada_por_sexo_y_subpoblaciones<b><i>_[CENSO]_</i></b>",	30009,"Alto_Lucero_de_Gutiérrez_Barrios","2020","86.395728","98.572448","96.6946","90.311168","66.964286","86.096845","86.686919","97.777778","93.220339","86.359095","98.550725","98.360656","100","ND","100","ND","80","96.503497","86.162823","96.202532","96.753247","63.583032","ND",
"Tasa_de_alfabetización_de_las_personas_de_15_años_o_más,_desglosada_por_sexo_y_subpoblaciones<b><i>_[CENSO]_</i></b>",	30010,"Altotonga","2020","86.910804","98.776908","97.432905","86.580972","59.495043","89.232576","84.892576","45.765472","85.925926","86.913333","94.594595","96.153846","100","ND","90","ND","37.5","96.031746","86.729185","95.731707","96.124031","63.874952","ND",
"Tasa_de_alfabetización_de_las_personas_de_15_años_o_más,_desglosada_por_sexo_y_subpoblaciones<b><i>_[CENSO]_</i></b>",	30011,"Alvarado","2020","93.146835","99.16887","98.671594","95.26354","80.419433","92.803219","93.471392","94.375","88.017058","93.116783","99.621212","100","ND","100","99.354839","100","77.272727","96.330275","92.877807","99.503859","97.560976","74.707602","ND",
"Tasa_de_alfabetización_de_las_personas_de_15_años_o_más,_desglosada_por_sexo_y_subpoblaciones<b><i>_[CENSO]_</i></b>",	30012,"Amatitlán","2020","86.426859","98.416887","97.815126","89.090909","69.374597","85.300888","87.492222","91.666667","79.761905","86.429829","100","100","ND","ND","100","ND","0","100","86.306043","94.318182","100","69.338422","ND",
"Tasa_de_alfabetización_de_las_personas_de_15_años_o_más,_desglosada_por_sexo_y_subpoblaciones<b><i>_[CENSO]_</i></b>",	30013,"Naranjos_Amatlán","2020","95.35118","99.299229","99.197861","97.431922","86.73756","96.604167","94.281395","74.717514","97.660819","95.346492","100","100","100","ND","100","ND","100","90","95.294234","97.495528","91.666667","78.852152","ND",
"Tasa_de_alfabetización_de_las_personas_de_15_años_o_más,_desglosada_por_sexo_y_subpoblaciones<b><i>_[CENSO]_</i></b>",	30014,"Amatlán_de_los_Reyes","2020","94.202656","99.01919","98.365822","95.310761","83.000495","94.941115","93.518568","77.328647","96.625222","94.195628","97.826087","98.245614","100","100","96.428571","ND","93.055556","99.107143","94.278215","98.352941","99.180328","79.909428","100",
"Tasa_de_alfabetización_de_las_personas_de_15_años_o_más,_desglosada_por_sexo_y_subpoblaciones<b><i>_[CENSO]_</i></b>",	30015,"Angel_R._Cabada","2020","84.962888","98.478642","95.800271","88.213503","65.998757","86.113729","83.901803","77.310924","88.429752","84.95228","92.592593","100","80","ND","87.5","ND","100","97.014925","84.658342","95.266272","97.142857","61.034762","ND",
"Tasa_de_alfabetización_de_las_personas_de_15_años_o_más,_desglosada_por_sexo_y_subpoblaciones<b><i>_[CENSO]_</i></b>",	30016,"La_Antigua","2020","95.229587","98.435277","98.457385","96.313083","87.439278","95.553238","94.941306","91.919192","93.782929","95.26927","100","100","100","100","100","ND","45.833333","95","95.24984","97.183099","96.078431","80.166667","ND",
"Tasa_de_alfabetización_de_las_personas_de_15_años_o_más,_desglosada_por_sexo_y_subpoblaciones<b><i>_[CENSO]_</i></b>",	30017,"Apazapan","2020","93.502594","99.52381","99.477807","96.578366","80.457143","93.691717","93.315217","75","97.590361","93.472298","100","100","100","ND","100","ND","ND","100","93.366919","98.611111","100","80.885781","ND",
"Tasa_de_alfabetización_de_las_personas_de_15_años_o_más,_desglosada_por_sexo_y_subpoblaciones<b><i>_[CENSO]_</i></b>",	30018,"Aquila","2020","78.117647","96.581197","94.029851","75.590551","46.808511","83.62069","73.52518","44.736842","76.94704","78.100471","100","ND","100","ND","ND","ND","ND","100","77.552674","93.75","100","44.915254","ND",
"Tasa_de_alfabetización_de_las_personas_de_15_años_o_más,_desglosada_por_sexo_y_subpoblaciones<b><i>_[CENSO]_</i></b>",	30019,"Astacinga","2020","69.746749","98.024691","95.618755","61.787072","20.244328","77.059437","64.056795","69.474185","70.212766","69.705278","100","100","ND","ND","100","ND","ND","97.674419","69.081106","91.780822","97.727273","27.692308","ND",
"Tasa_de_alfabetización_de_las_personas_de_15_años_o_más,_desglosada_por_sexo_y_subpoblaciones<b><i>_[CENSO]_</i></b>",	30020,"Atlahuilco","2020","73.756172","98.883375","96.087637","65.627633","24.180328","79.705882","68.405867","73.482726","82.716049","73.752849","100","100","ND","ND","ND","ND","ND","76.470588","73.549466","88.073394","76.470588","27.507163","ND",
"Tasa_de_alfabetización_de_las_personas_de_15_años_o_más,_desglosada_por_sexo_y_subpoblaciones<b><i>_[CENSO]_</i></b>",	30021,"Atoyac","2020","93.462035","98.90411","98.562577","94.835103","83.092949","94.190183","92.807672","72.413793","96.276596","93.448799","100","100","100","ND","100","ND","100","97.674419","93.352135","97.752809","97.752809","77.54386","ND",
"Tasa_de_alfabetización_de_las_personas_de_15_años_o_más,_desglosada_por_sexo_y_subpoblaciones<b><i>_[CENSO]_</i></b>",	30022,"Atzacan","2020","86.614271","96.838488","96.063158","86.065574","62.12522","88.631445","84.706166","81.818182","83.150183","86.605982","100","100","ND","ND","100","ND","100","94.736842","86.510374","95.108696","95","64.615385","ND",
"Tasa_de_alfabetización_de_las_personas_de_15_años_o_más,_desglosada_por_sexo_y_subpoblaciones<b><i>_[CENSO]_</i></b>",	30023,"Atzalan","2020","83.628494","98.449345","96.556835","85.257055","56.467809","84.719166","82.586569","69.503546","83.950617","83.610458","100","100","100","ND","100","ND","50","97.87234","83.271818","96.302003","97.916667","55.12","ND",
"Tasa_de_alfabetización_de_las_personas_de_15_años_o_más,_desglosada_por_sexo_y_subpoblaciones<b><i>_[CENSO]_</i></b>",	30024,"Tlaltetela","2020","85.073113","96.50053","95.737226","84.442098","60.527793","86.219614","83.907262","54.545455","73.846154","85.06477","88.235294","90","ND","ND","85.714286","ND","100","92","84.957118","94.782609","90.740741","60.033167","ND",
"Tasa_de_alfabetización_de_las_personas_de_15_años_o_más,_desglosada_por_sexo_y_subpoblaciones<b><i>_[CENSO]_</i></b>",	30025,"Ayahualulco","2020","70.738751","97.128378","93.342776","66.564272","32.922101","71.042048","70.465525","77.777778","78.877888","70.744251","100","100","100","ND","ND","ND","25","100","70.107015","92.693111","100","45.891142","ND",
"Tasa_de_alfabetización_de_las_personas_de_15_años_o_más,_desglosada_por_sexo_y_subpoblaciones<b><i>_[CENSO]_</i></b>",	30026,"Banderilla","2020","96.070133","99.037139","99.137769","96.713383","86.778271","96.945566","95.31879","90.47619","95.841996","96.082297","100","100","ND","ND","100","ND","44.444444","95.652174","96.057771","98.290598","96.969697","82.46888","ND",
"Tasa_de_alfabetización_de_las_personas_de_15_años_o_más,_desglosada_por_sexo_y_subpoblaciones<b><i>_[CENSO]_</i></b>",	30027,"Benito_Juárez","2020","80.611987","98.538813","97.442681","87.6187","48.809524","85.447694","76.327504","78.590465","83.791547","80.599156","100","100","100","ND","ND","ND","75","100","80.317733","96.208531","100","46.918239","ND",
"Tasa_de_alfabetización_de_las_personas_de_15_años_o_más,_desglosada_por_sexo_y_subpoblaciones<b><i>_[CENSO]_</i></b>",	30028,"Boca_del_Río","2020","97.420483","98.913234","99.020182","98.314933","93.644996","97.916477","96.995849","90.013316","97.233202","97.498686","99.381953","99.333333","100","100","99.207921","ND","25.333333","99.02439","97.47473","98.989899","99.484536","86.300122","ND",
"Tasa_de_alfabetización_de_las_personas_de_15_años_o_más,_desglosada_por_sexo_y_subpoblaciones<b><i>_[CENSO]_</i></b>",	30029,"Calcahualco","2020","77.524393","96.281407","93.615385","73.499377","40.697674","79.893813","75.23427","43.548387","61.797753","77.511636","100","100","100","ND","100","ND","ND","96.428571","76.983292","95.555556","96.551724","37.291667","ND",
"Tasa_de_alfabetización_de_las_personas_de_15_años_o_más,_desglosada_por_sexo_y_subpoblaciones<b><i>_[CENSO]_</i></b>",	30030,"Camerino_Z._Mendoza","2020","91.157711","97.127707","95.773039","90.62988","84.861279","92.566012","89.960279","67.863798","96.244635","91.152924","100","100","ND","ND","100","ND","71.428571","97.5","91.071316","96.900826","97.727273","78.901099","ND",
"Tasa_de_alfabetización_de_las_personas_de_15_años_o_más,_desglosada_por_sexo_y_subpoblaciones<b><i>_[CENSO]_</i></b>",	30031,"Carrillo_Puerto","2020","84.972497","98.19209","96.38814","86.729378","53.896714","87.194482","82.845248","87.878788","84.659091","84.929391","100","100","100","ND","100","ND","ND","96.774194","84.800776","92.307692","96.875","49.450549","ND",
"Tasa_de_alfabetización_de_las_personas_de_15_años_o_más,_desglosada_por_sexo_y_subpoblaciones<b><i>_[CENSO]_</i></b>",	30032,"Catemaco","2020","85.877768","98.044693","96.747002","87.176836","63.711462","88.382648","83.695373","73.148148","86.941581","85.865472","98.039216","96.428571","100","ND","100","ND","66.666667","95.774648","85.701436","93.143596","95.348837","63.80019","ND",
"Tasa_de_alfabetización_de_las_personas_de_15_años_o_más,_desglosada_por_sexo_y_subpoblaciones<b><i>_[CENSO]_</i></b>",	30033,"Cazones_de_Herrera","2020","89.25903","98.568361","98.378244","91.850321","69.679696","90.792417","87.859905","69.950739","91.534392","89.251785","100","100","ND","ND","100","ND","100","94.736842","89.0157","97.087379","95.652174","67.720685","ND",
"Tasa_de_alfabetización_de_las_personas_de_15_años_o_más,_desglosada_por_sexo_y_subpoblaciones<b><i>_[CENSO]_</i></b>",	30034,"Cerro_Azul","2020","95.381228","99.207607","99.322493","97.674177","86.999596","96.555993","94.400601","75","94.694534","95.387217","100","100","ND","ND","100","ND","77.777778","100","95.269732","98.556999","100","81.104155","ND",
"Tasa_de_alfabetización_de_las_personas_de_15_años_o_más,_desglosada_por_sexo_y_subpoblaciones<b><i>_[CENSO]_</i></b>",	30035,"Citlaltépetl","2020","86.828188","99.361022","98.157895","93.471966","63.815188","90.566038","83.253128","65.562457","87.912088","86.838868","0","0","ND","ND","ND","ND","ND","100","86.305242","98.511905","100","64.488017","ND",
"Tasa_de_alfabetización_de_las_personas_de_15_años_o_más,_desglosada_por_sexo_y_subpoblaciones<b><i>_[CENSO]_</i></b>",	30036,"Coacoatzintla","2020","90.267892","98.45679","98.032357","89.138577","72.390892","91.514822","89.135802","90","93.30855","90.238837","100","100","ND","ND","100","ND","ND","93.75","90.209974","94.505495","93.75","70.321361","ND",
"Tasa_de_alfabetización_de_las_personas_de_15_años_o_más,_desglosada_por_sexo_y_subpoblaciones<b><i>_[CENSO]_</i></b>",	30037,"Coahuitlán","2020","74.382062","98.109641","96.789951","71.081678","38.109756","80.619013","68.644068","64.807302","63.157895","74.386151","ND","ND","ND","ND","ND","ND","66.666667","88.888889","74.032751","92.857143","88.888889","38.304094","ND",
"Tasa_de_alfabetización_de_las_personas_de_15_años_o_más,_desglosada_por_sexo_y_subpoblaciones<b><i>_[CENSO]_</i></b>",	30038,"Coatepec","2020","94.761062","99.209979","98.759031","95.776135","85.311856","95.603037","94.004034","91.967871","96.243386","94.748344","99.346405","100","100","100","98.941799","100","94.187426","98.089172","94.710526","97.644192","98.429319","80.087477","ND",
"Tasa_de_alfabetización_de_las_personas_de_15_años_o_más,_desglosada_por_sexo_y_subpoblaciones<b><i>_[CENSO]_</i></b>",	30039,"Coatzacoalcos","2020","96.294245","99.03305","98.923799","97.351456","88.717816","97.441067","95.271237","87.141631","96.347256","96.395344","97.058824","99.242424","97.435897","100","96.27451","100","80.246114","100","96.382154","97.260956","98.391421","84.589293","96.551724",
"Tasa_de_alfabetización_de_las_personas_de_15_años_o_más,_desglosada_por_sexo_y_subpoblaciones<b><i>_[CENSO]_</i></b>",	30040,"Coatzintla","2020","94.879389","99.116998","98.759147","97.062528","81.983184","96.059214","93.842011","73.543307","92.625369","94.88075","100","100","100","100","100","ND","50","100","94.827837","98.466258","100","76.754939","ND",
"Tasa_de_alfabetización_de_las_personas_de_15_años_o_más,_desglosada_por_sexo_y_subpoblaciones<b><i>_[CENSO]_</i></b>",	30041,"Coetzala","2020","84.991472","100","97.505198","84.023669","60.204082","85.185185","84.804469","73.322684","89.473684","84.991472","ND","ND","ND","ND","ND","ND","ND","100","84.867664","94.736842","100","72.727273","ND",
"Tasa_de_alfabetización_de_las_personas_de_15_años_o_más,_desglosada_por_sexo_y_subpoblaciones<b><i>_[CENSO]_</i></b>",	30042,"Colipa","2020","86.744731","100","97.991543","88.480885","70.112782","87.954111","85.583104","100","85.135135","86.660382","100","100","100","ND","ND","ND","ND","95.833333","86.431676","97.058824","96.153846","65.758755","ND",
"Tasa_de_alfabetización_de_las_personas_de_15_años_o_más,_desglosada_por_sexo_y_subpoblaciones<b><i>_[CENSO]_</i></b>",	30043,"Comapa","2020","83.541681","97.49499","94.746193","82.707718","62.067545","83.696695","83.384358","78.947368","80.79096","83.528029","100","100","100","ND","ND","ND","ND","95.588235","83.396306","93.965517","95.774648","59.090909","ND",
"Tasa_de_alfabetización_de_las_personas_de_15_años_o_más,_desglosada_por_sexo_y_subpoblaciones<b><i>_[CENSO]_</i></b>",	30044,"Córdoba","2020","96.239585","99.195009","99.039168","97.091649","89.229489","97.070023","95.537074","83.572895","96.534997","96.236846","100","100","100","100","100","100","57.692308","100","96.214937","97.884841","100","82.995509","ND",
"Tasa_de_alfabetización_de_las_personas_de_15_años_o_más,_desglosada_por_sexo_y_subpoblaciones<b><i>_[CENSO]_</i></b>",	30045,"Cosamaloapan_de_Carpio","2020","91.174347","98.938679","97.591918","93.823129","77.673851","91.458931","90.929568","84.832358","93.355705","91.378222","97.959184","97.058824","100","100","100","ND","6.542056","98.630137","91.318945","93.472091","98.75","71.393972","ND",
"Tasa_de_alfabetización_de_las_personas_de_15_años_o_más,_desglosada_por_sexo_y_subpoblaciones<b><i>_[CENSO]_</i></b>",	30046,"Cosautlán_de_Carvajal","2020","85.88993","98.910675","97.990835","85.04224","66.866913","87.610161","84.27622","90","100","85.893574","100","100","ND","ND","100","ND","50","96.551724","85.71185","94.923858","96.551724","66.81777","ND",
"Tasa_de_alfabetización_de_las_personas_de_15_años_o_más,_desglosada_por_sexo_y_subpoblaciones<b><i>_[CENSO]_</i></b>",	30047,"Coscomatepec","2020","81.668799","95.442227","92.984375","77.4039","57.086302","83.175105","80.302378","87.288136","81.205901","81.650293","96.296296","94.736842","100","100","100","ND","75","94.029851","81.479314","95.399516","94.366197","56.742243","ND",
"Tasa_de_alfabetización_de_las_personas_de_15_años_o_más,_desglosada_por_sexo_y_subpoblaciones<b><i>_[CENSO]_</i></b>",	30048,"Cosoleacaque","2020","94.469926","99.230072","98.931994","96.131101","80.126462","96.486103","92.715789","79.213274","95.940171","94.471351","98.347107","100","100","100","97.058824","ND","56.25","98.701299","94.398372","97.818013","99.019608","76.370802","ND",
"Tasa_de_alfabetización_de_las_personas_de_15_años_o_más,_desglosada_por_sexo_y_subpoblaciones<b><i>_[CENSO]_</i></b>",	30049,"Cotaxtla","2020","89.252226","98.38403","97.60479","91.632438","68.375242","90.29505","88.263182","91.428571","89.285714","89.230861","96","97.435897","100","ND","87.5","ND","100","98.611111","89.092006","98.984772","98.666667","65.363881","ND",
"Tasa_de_alfabetización_de_las_personas_de_15_años_o_más,_desglosada_por_sexo_y_subpoblaciones<b><i>_[CENSO]_</i></b>",	30050,"Coxquihui","2020","78.661844","98.501873","97.700268","82.947173","41.676505","82.988004","74.766814","74.272853","73.461538","78.661268","100","100","ND","ND","ND","ND","0","100","78.184868","97.841727","100","47.572816","ND",
"Tasa_de_alfabetización_de_las_personas_de_15_años_o_más,_desglosada_por_sexo_y_subpoblaciones<b><i>_[CENSO]_</i></b>",	30051,"Coyutla","2020","76.43769","98.650675","97.142857","79.990269","35.207373","80.68447","72.687729","68.103785","81.904762","76.423358","100","100","100","ND","ND","ND","100","96.721311","75.98305","94.100295","96.774194","39.719157","ND",
"Tasa_de_alfabetización_de_las_personas_de_15_años_o_más,_desglosada_por_sexo_y_subpoblaciones<b><i>_[CENSO]_</i></b>",	30052,"Cuichapa","2020","90.960064","98.965517","97.457627","92.56573","75.231054","91.970624","90.073055","61.538462","93.0131","90.946644","95.652174","95","ND","100","100","ND","100","95.348837","90.851882","97.321429","95.652174","72.112211","ND",
"Tasa_de_alfabetización_de_las_personas_de_15_años_o_más,_desglosada_por_sexo_y_subpoblaciones<b><i>_[CENSO]_</i></b>",	30053,"Cuitláhuac","2020","92.655887","98.381163","98.07318","94.740898","77.495367","93.107731","92.25871","75.294118","92.990793","92.626504","97.457627","98.979592","75","100","93.333333","ND","100","98.780488","92.587131","96.363636","98.924731","69.182948","ND",
"Tasa_de_alfabetización_de_las_personas_de_15_años_o_más,_desglosada_por_sexo_y_subpoblaciones<b><i>_[CENSO]_</i></b>",	30054,"Chacaltianguis","2020","88.252879","97.551789","96.070133","91.019037","75.566751","88.022028","88.468122","70.37037","92","88.260725","100","100","100","ND","ND","ND","0","100","88.232632","89.142857","100","73.543124","ND",
"Tasa_de_alfabetización_de_las_personas_de_15_años_o_más,_desglosada_por_sexo_y_subpoblaciones<b><i>_[CENSO]_</i></b>",	30055,"Chalma","2020","82.939711","98.940397","97.777778","89.390519","56.711916","87.751256","78.57007","72.037218","73.913043","82.942877","100","100","ND","ND","ND","ND","0","66.666667","82.081352","97.690941","66.666667","51.807229","ND",
"Tasa_de_alfabetización_de_las_personas_de_15_años_o_más,_desglosada_por_sexo_y_subpoblaciones<b><i>_[CENSO]_</i></b>",	30056,"Chiconamel","2020","77.334755","99.756098","97.906404","83.020554","45.934959","82.198002","73.030547","68.362755","83.333333","77.329921","100","100","ND","ND","ND","ND","ND","100","76.696035","96.621622","100","52.173913","ND",
"Tasa_de_alfabetización_de_las_personas_de_15_años_o_más,_desglosada_por_sexo_y_subpoblaciones<b><i>_[CENSO]_</i></b>",	30057,"Chiconquiaco","2020","84.647346","98.322148","96.402116","82.93127","59.375","86.426008","82.924335","77.777778","85.454545","84.627394","100","100","100","ND","ND","ND","0","91.666667","84.549266","96.774194","92","60.436137","ND",
"Tasa_de_alfabetización_de_las_personas_de_15_años_o_más,_desglosada_por_sexo_y_subpoblaciones<b><i>_[CENSO]_</i></b>",	30058,"Chicontepec","2020","86.805723","99.278846","98.214541","93.749362","65.539914","91.007721","82.942896","83.489707","88.202247","86.806412","100","100","100","ND","100","ND","50","100","86.453755","97.634584","100","60.245515","ND",
"Tasa_de_alfabetización_de_las_personas_de_15_años_o_más,_desglosada_por_sexo_y_subpoblaciones<b><i>_[CENSO]_</i></b>",	30059,"Chinameca","2020","90.072796","98.860649","98.201621","92.128345","69.43499","93.295398","87.162011","73.461538","89.161698","90.071714","94.117647","100","100","ND","87.5","ND","80","100","89.936994","96.187683","100","64.191802","ND",
"Tasa_de_alfabetización_de_las_personas_de_15_años_o_más,_desglosada_por_sexo_y_subpoblaciones<b><i>_[CENSO]_</i></b>",	30060,"Chinampa_de_Gorostiza","2020","88.411121","98.591549","98.345243","91.894613","65.188834","91.727494","85.344689","52.58512","93.493151","88.411121","ND","ND","ND","ND","ND","ND","ND","100","88.22374","96.590909","100","61.264822","ND",
"Tasa_de_alfabetización_de_las_personas_de_15_años_o_más,_desglosada_por_sexo_y_subpoblaciones<b><i>_[CENSO]_</i></b>",	30061,"Las_Choapas","2020","88.962056","98.004877","96.877323","89.970674","69.652156","90.837028","87.274264","74.105866","91.609977","88.952211","97.340426","98.742138","100","ND","88.888889","ND","48","96.551724","88.821327","95.094031","96.236559","67.613353","ND",
"Tasa_de_alfabetización_de_las_personas_de_15_años_o_más,_desglosada_por_sexo_y_subpoblaciones<b><i>_[CENSO]_</i></b>",	30062,"Chocamán","2020","87.426471","95.811966","95.529574","86.900344","68.230376","88.829787","86.077609","86.111111","87.919463","87.422225","91.666667","91.666667","ND","ND","ND","ND","100","100","87.292258","100","100","68.781095","ND",
"Tasa_de_alfabetización_de_las_personas_de_15_años_o_más,_desglosada_por_sexo_y_subpoblaciones<b><i>_[CENSO]_</i></b>",	30063,"Chontla","2020","85.936424","99.316629","97.222222","91.209729","66.804408","89.848024","82.242633","73.056995","93.023256","85.943498","ND","ND","ND","ND","ND","ND","50","100","85.498366","97.820163","100","62.08","ND",
"Tasa_de_alfabetización_de_las_personas_de_15_años_o_más,_desglosada_por_sexo_y_subpoblaciones<b><i>_[CENSO]_</i></b>",	30064,"Chumatlán","2020","76.544067","97.959184","97.9442","80.283688","30.586081","81.423221","72.333549","75.408012","75.316456","76.544067","ND","ND","ND","ND","ND","ND","ND","100","76.087726","100","100","40.17094","ND",
"Tasa_de_alfabetización_de_las_personas_de_15_años_o_más,_desglosada_por_sexo_y_subpoblaciones<b><i>_[CENSO]_</i></b>",	30065,"Emiliano_Zapata","2020","96.368893","99.131274","98.952387","97.092387","88.767203","96.722724","96.049639","94.722955","98.198198","96.376591","99.553571","100","100","100","99.173554","100","40.909091","100","96.310504","99.186992","99.484536","82.924387","ND",
"Tasa_de_alfabetización_de_las_personas_de_15_años_o_más,_desglosada_por_sexo_y_subpoblaciones<b><i>_[CENSO]_</i></b>",	30066,"Espinal","2020","84.732512","99.164524","97.844828","88.026057","56.25","86.992827","82.668622","74.067989","82.432432","84.744462","94.117647","93.333333","100","ND","100","ND","28.571429","100","84.474385","97.193878","100","57.320872","ND",
"Tasa_de_alfabetización_de_las_personas_de_15_años_o_más,_desglosada_por_sexo_y_subpoblaciones<b><i>_[CENSO]_</i></b>",	30067,"Filomeno_Mata","2020","71.393746","97.148289","93.806727","60.971328","22.145329","77.136217","66.296414","70.849673","78.04878","71.393725","100","ND","100","ND","ND","ND","66.666667","100","71.171477","93.693694","100","29.160063","ND",
"Tasa_de_alfabetización_de_las_personas_de_15_años_o_más,_desglosada_por_sexo_y_subpoblaciones<b><i>_[CENSO]_</i></b>",	30068,"Fortín","2020","95.90479","99.043755","98.716742","96.86415","88.198208","96.497626","95.399516","85.447761","96.714129","95.896713","98.245614","98.333333","86.666667","100","100","ND","100","96.774194","95.850102","98.823529","96","82.619212","ND",
"Tasa_de_alfabetización_de_las_personas_de_15_años_o_más,_desglosada_por_sexo_y_subpoblaciones<b><i>_[CENSO]_</i></b>",	30069,"Gutiérrez_Zamora","2020","93.463461","99.422442","98.870834","96.505231","81.719283","94.597123","92.517803","70.538721","95.512821","93.46541","100","100","100","100","100","ND","60","100","93.316139","98.351648","100","76.544503","ND",
"Tasa_de_alfabetización_de_las_personas_de_15_años_o_más,_desglosada_por_sexo_y_subpoblaciones<b><i>_[CENSO]_</i></b>",	30070,"Hidalgotitlán","2020","90.050436","97.961165","98.334422","92.020868","71.336294","91.6848","88.469633","67.39726","93.542074","90.020694","100","100","100","ND","100","ND","100","97.87234","89.767035","97.073171","97.959184","68.826739","ND",
"Tasa_de_alfabetización_de_las_personas_de_15_años_o_más,_desglosada_por_sexo_y_subpoblaciones<b><i>_[CENSO]_</i></b>",	30071,"Huatusco","2020","91.029991","98.3919","97.561566","91.092741","74.913364","92.368948","89.860945","72.316384","94.706994","91.021841","100","100","100","100","100","ND","83.333333","99.212598","90.901485","97.054886","99.242424","69.631336","ND",
"Tasa_de_alfabetización_de_las_personas_de_15_años_o_más,_desglosada_por_sexo_y_subpoblaciones<b><i>_[CENSO]_</i></b>",	30072,"Huayacocotla","2020","85.991687","98.925556","97.11838","88.452221","58.265197","87.393221","84.742015","67.141009","87.78135","85.998435","100","100","ND","ND","100","ND","78.723404","92.45283","85.620294","95.381883","92.45283","60.472698","ND",
"Tasa_de_alfabetización_de_las_personas_de_15_años_o_más,_desglosada_por_sexo_y_subpoblaciones<b><i>_[CENSO]_</i></b>",	30073,"Hueyapan_de_Ocampo","2020","82.148309","97.057622","95.545933","83.569387","59.780932","86.388076","78.277619","69.845259","84.775537","82.143554","95.454545","100","100","ND","83.333333","ND","33.333333","92.156863","81.870685","95.492487","92.592593","59.260797","ND",
"Tasa_de_alfabetización_de_las_personas_de_15_años_o_más,_desglosada_por_sexo_y_subpoblaciones<b><i>_[CENSO]_</i></b>",	30074,"Huiloapan_de_Cuauhtémoc","2020","94.937624","99.014778","98.201439","95.884037","85.54729","95.337187","94.584469","73.033708","97.590361","94.967415","83.333333","66.666667","ND","ND","100","ND","0","100","94.900589","97.777778","100","80.285036","ND",
"Tasa_de_alfabetización_de_las_personas_de_15_años_o_más,_desglosada_por_sexo_y_subpoblaciones<b><i>_[CENSO]_</i></b>",	30075,"Ignacio_de_la_Llave","2020","83.362205","99.647474","96.87114","87.581806","61.457074","82.782117","83.884483","78.378378","81.923715","83.33859","100","100","100","ND","ND","ND","ND","94.736842","83.192406","96.8","94.871795","59.20354","ND",
"Tasa_de_alfabetización_de_las_personas_de_15_años_o_más,_desglosada_por_sexo_y_subpoblaciones<b><i>_[CENSO]_</i></b>",	30076,"Ilamatlán","2020","65.719226","96.966161","93.549822","63.466603","25.164891","70.222635","61.789112","63.245997","66.832504","65.715521","100","100","ND","ND","ND","ND","ND","84.615385","65.292626","87.349398","85.714286","32.695375","ND",
"Tasa_de_alfabetización_de_las_personas_de_15_años_o_más,_desglosada_por_sexo_y_subpoblaciones<b><i>_[CENSO]_</i></b>",	30077,"Isla","2020","88.910427","98.305085","97.206629","91.916817","65.794066","89.42446","88.439653","87.992315","89.041096","88.891674","97.183099","95.348837","100","100","100","ND","100","98.924731","88.755813","96.714579","99.019608","64.513235","ND",
"Tasa_de_alfabetización_de_las_personas_de_15_años_o_más,_desglosada_por_sexo_y_subpoblaciones<b><i>_[CENSO]_</i></b>",	30078,"Ixcatepec","2020","85.628617","99.419448","98.171429","91.627065","63.732527","89.491744","81.908302","78.173258","91.666667","85.622566","100","100","ND","ND","100","ND","100","100","85.145482","97.626113","100","63.573883","ND",
"Tasa_de_alfabetización_de_las_personas_de_15_años_o_más,_desglosada_por_sexo_y_subpoblaciones<b><i>_[CENSO]_</i></b>",	30079,"Ixhuacán_de_los_Reyes","2020","84.551945","98.018293","97.619048","84.358524","56.41814","84.590246","84.515195","75.471698","85.454545","84.544335","100","100","ND","ND","ND","ND","100","100","84.340832","94.478528","100","58.54063","ND",
"Tasa_de_alfabetización_de_las_personas_de_15_años_o_más,_desglosada_por_sexo_y_subpoblaciones<b><i>_[CENSO]_</i></b>",	30080,"Ixhuatlán_del_Café","2020","89.72229","97.974494","97.296128","90.304016","69.799449","90.668302","88.796929","78.125","86.995516","89.714806","100","100","ND","ND","ND","ND","100","93.396226","89.571544","96.345515","93.396226","63.647491","ND",
"Tasa_de_alfabetización_de_las_personas_de_15_años_o_más,_desglosada_por_sexo_y_subpoblaciones<b><i>_[CENSO]_</i></b>",	30081,"Ixhuatlancillo","2020","88.541667","98.741722","96.406192","87.503502","71.207087","90.113987","87.195622","66.253994","95.348837","88.523057","100","100","100","ND","100","ND","100","100","88.410962","94.162437","100","70.421324","ND",
"Tasa_de_alfabetización_de_las_personas_de_15_años_o_más,_desglosada_por_sexo_y_subpoblaciones<b><i>_[CENSO]_</i></b>",	30082,"Ixhuatlán_del_Sureste","2020","92.386988","99.371859","98.299566","94.650724","73.475769","94.915549","90.003283","75.285171","93.965517","92.394247","88.888889","100","ND","ND","83.333333","ND","83.333333","100","92.315635","95.959596","100","70.117955","ND",
"Tasa_de_alfabetización_de_las_personas_de_15_años_o_más,_desglosada_por_sexo_y_subpoblaciones<b><i>_[CENSO]_</i></b>",	30083,"Ixhuatlán_de_Madero","2020","81.382586","98.927445","96.977091","85.575419","55.389823","86.62864","76.519042","77.080605","71.955436","81.386264","100","100","ND","ND","ND","ND","60","97.368421","80.82173","96.821705","97.435897","51.234735","ND",
"Tasa_de_alfabetización_de_las_personas_de_15_años_o_más,_desglosada_por_sexo_y_subpoblaciones<b><i>_[CENSO]_</i></b>",	30084,"Ixmatlahuacan","2020","85.877253","97.095436","97.901235","90.421286","64.809656","86.532145","85.257549","80","85.714286","85.861124","100","100","ND","ND","100","ND","100","92","85.777365","90.740741","92.307692","60.833333","ND",
"Tasa_de_alfabetización_de_las_personas_de_15_años_o_más,_desglosada_por_sexo_y_subpoblaciones<b><i>_[CENSO]_</i></b>",	30085,"Ixtaczoquitlán","2020","93.852679","98.925281","98.596566","94.671666","81.41503","94.716952","93.089855","73.718924","95.986622","93.857181","100","100","100","ND","100","ND","56.25","98.113208","93.774888","98.301698","98.275862","77.410468","ND",
"Tasa_de_alfabetización_de_las_personas_de_15_años_o_más,_desglosada_por_sexo_y_subpoblaciones<b><i>_[CENSO]_</i></b>",	30086,"Jalacingo","2020","88.830311","98.500999","97.417474","88.89638","61.052112","90.790885","87.064647","87.755102","89.212828","88.832745","91.666667","91.666667","ND","ND","ND","ND","75","94.736842","88.565516","96.419753","93.103448","63.403529","ND",
"Tasa_de_alfabetización_de_las_personas_de_15_años_o_más,_desglosada_por_sexo_y_subpoblaciones<b><i>_[CENSO]_</i></b>",	30087,"Xalapa","2020","97.136366","99.285126","99.250913","97.764049","91.805604","97.65827","96.702752","94.386372","97.902353","97.177536","99.442724","99.449541","100","100","99.36642","100","25.818182","99.097938","97.155636","99.018949","99.017857","86.475356","100",
"Tasa_de_alfabetización_de_las_personas_de_15_años_o_más,_desglosada_por_sexo_y_subpoblaciones<b><i>_[CENSO]_</i></b>",	30088,"Jalcomulco","2020","88.261406","99.603175","97.269181","91.753063","69.407895","89.581305","86.906547","78.26087","89.873418","88.239663","93.75","85.714286","ND","ND","100","ND","ND","92.307692","88.056324","100","94.736842","61.30137","ND",
"Tasa_de_alfabetización_de_las_personas_de_15_años_o_más,_desglosada_por_sexo_y_subpoblaciones<b><i>_[CENSO]_</i></b>",	30089,"Jáltipan","2020","92.864529","99.407008","98.796357","95.3463","79.218139","95.429432","90.63591","76.280835","94.534413","92.869548","96.875","100","50","ND","100","ND","0","96.296296","92.745455","97.034401","96.969697","76.933289","ND",
"Tasa_de_alfabetización_de_las_personas_de_15_años_o_más,_desglosada_por_sexo_y_subpoblaciones<b><i>_[CENSO]_</i></b>",	30090,"Jamapa","2020","91.873536","98.565574","98.190955","94.279123","76.664737","92.060034","91.698798","100","95.185185","91.866197","100","100","100","ND","100","ND","50","96.666667","91.795115","100","96.875","71.927162","ND",
"Tasa_de_alfabetización_de_las_personas_de_15_años_o_más,_desglosada_por_sexo_y_subpoblaciones<b><i>_[CENSO]_</i></b>",	30091,"Jesús_Carranza","2020","88.093959","98.85569","97.722278","90.757149","65.011344","89.844922","86.424346","68.351284","89.117647","88.053467","97.5","97.894737","ND","100","95.238095","ND","50","97.202797","87.723705","93.023256","96.855346","63.194444","ND",
"Tasa_de_alfabetización_de_las_personas_de_15_años_o_más,_desglosada_por_sexo_y_subpoblaciones<b><i>_[CENSO]_</i></b>",	30092,"Xico","2020","89.501991","98.869801","97.72928","89.361702","71.707317","91.003337","88.119524","78.846154","90.819082","89.487145","100","100","ND","ND","100","ND","87.5","100","89.444044","95.670996","100","68.832117","ND",
"Tasa_de_alfabetización_de_las_personas_de_15_años_o_más,_desglosada_por_sexo_y_subpoblaciones<b><i>_[CENSO]_</i></b>",	30093,"Jilotepec","2020","94.066593","99.425947","98.84375","95.404814","81.133787","95.137386","93.102414","96.666667","91.121495","94.053926","100","100","100","ND","100","ND","100","97.435897","94.034136","96.907216","97.435897","75.505857","ND",
"Tasa_de_alfabetización_de_las_personas_de_15_años_o_más,_desglosada_por_sexo_y_subpoblaciones<b><i>_[CENSO]_</i></b>",	30094,"Juan_Rodríguez_Clara","2020","87.36495","97.959184","97.324008","91.39679","62.775103","88.614221","86.200352","88.80666","93.229167","87.350542","95.522388","96.078431","50","ND","100","ND","60","96.808511","87.170569","95.977011","96.907216","61.703038","ND",
"Tasa_de_alfabetización_de_las_personas_de_15_años_o_más,_desglosada_por_sexo_y_subpoblaciones<b><i>_[CENSO]_</i></b>",	30095,"Juchique_de_Ferrer","2020","83.374558","98.697917","95.931759","86.156682","63.815558","85.020532","81.762546","73.684211","89.166667","83.294849","98.333333","98.305085","ND","ND","100","ND","ND","93.333333","83.166802","94.736842","93.589744","61.094225","ND",
"Tasa_de_alfabetización_de_las_personas_de_15_años_o_más,_desglosada_por_sexo_y_subpoblaciones<b><i>_[CENSO]_</i></b>",	30096,"Landero_y_Coss","2020","92.845118","98.245614","98.909091","95.992366","81.927711","96.173913","89.722675","65","100","92.728828","100","100","100","ND","ND","ND","100","100","92.697595","100","100","69.892473","ND",
"Tasa_de_alfabetización_de_las_personas_de_15_años_o_más,_desglosada_por_sexo_y_subpoblaciones<b><i>_[CENSO]_</i></b>",	30097,"Lerdo_de_Tejada","2020","91.805295","98.072562","97.801466","94.578393","80.877279","92.757503","90.996169","85.294118","92.424242","91.809228","100","100","100","100","100","ND","0","91.666667","91.79085","94.573643","92.307692","73.199635","ND",
"Tasa_de_alfabetización_de_las_personas_de_15_años_o_más,_desglosada_por_sexo_y_subpoblaciones<b><i>_[CENSO]_</i></b>",	30098,"Magdalena","2020","85.19678","98.156682","97.070573","83.110196","52.525253","88.229927","82.280702","84.200099","88.888889","85.190157","100","100","ND","ND","ND","ND","ND","ND","84.910837","96.969697","ND","62.130178","ND",
"Tasa_de_alfabetización_de_las_personas_de_15_años_o_más,_desglosada_por_sexo_y_subpoblaciones<b><i>_[CENSO]_</i></b>",	30099,"Maltrata","2020","88.572986","97.908745","97.418022","89.396465","62.976501","89.726831","87.57095","88.372093","86.507937","88.554029","96.153846","96","ND","100","ND","ND","100","94.594595","88.431124","98.675497","94.871795","64.754098","ND",
"Tasa_de_alfabetización_de_las_personas_de_15_años_o_más,_desglosada_por_sexo_y_subpoblaciones<b><i>_[CENSO]_</i></b>",	30100,"Manlio_Fabio_Altamirano","2020","92.01737","98.306595","97.378366","94.047871","79.325551","92.062617","91.974536","74.193548","92.948718","92.004511","100","100","100","ND","100","ND","100","100","91.954148","96.347032","100","71.825963","ND",
"Tasa_de_alfabetización_de_las_personas_de_15_años_o_más,_desglosada_por_sexo_y_subpoblaciones<b><i>_[CENSO]_</i></b>",	30101,"Mariano_Escobedo","2020","90.617248","97.63289","96.469406","90.298394","75.188753","90.913349","90.357485","90.186916","96.507937","90.602506","100","100","ND","100","100","ND","100","100","90.509139","97.910448","100","69.288956","ND",
"Tasa_de_alfabetización_de_las_personas_de_15_años_o_más,_desglosada_por_sexo_y_subpoblaciones<b><i>_[CENSO]_</i></b>",	30102,"Martínez_de_la_Torre","2020","94.024119","98.819742","98.403747","95.617463","80.639779","94.709765","93.414364","73.170732","94.984326","94.039987","97.468354","99.082569","50","100","97.727273","ND","25.925926","97.580645","93.972338","97.079439","97.463768","76.106817","ND",
"Tasa_de_alfabetización_de_las_personas_de_15_años_o_más,_desglosada_por_sexo_y_subpoblaciones<b><i>_[CENSO]_</i></b>",	30103,"Mecatlán","2020","71.869519","98.299681","95.911654","69.114418","25.126354","75.952148","68.117568","70.632661","72.941176","71.871345","100","100","ND","ND","100","ND","0","100","71.486278","96.825397","100","33.887043","ND",
"Tasa_de_alfabetización_de_las_personas_de_15_años_o_más,_desglosada_por_sexo_y_subpoblaciones<b><i>_[CENSO]_</i></b>",	30104,"Mecayapan","2020","78.003412","98.023715","95.098327","76.868852","38.058036","83.756081","72.951945","74.540883","82.520325","77.967619","100","100","100","ND","ND","ND","100","100","77.567727","88.764045","100","46.753247","ND",
"Tasa_de_alfabetización_de_las_personas_de_15_años_o_más,_desglosada_por_sexo_y_subpoblaciones<b><i>_[CENSO]_</i></b>",	30105,"Medellín_de_Bravo","2020","96.474151","98.935924","98.779104","97.405156","86.797015","96.914726","96.078331","91.293532","96.462264","96.52037","99.539171","100","100","100","99.212598","ND","33.846154","100","96.485539","98.522167","100","81.131064","ND",
"Tasa_de_alfabetización_de_las_personas_de_15_años_o_más,_desglosada_por_sexo_y_subpoblaciones<b><i>_[CENSO]_</i></b>",	30106,"Miahuatlán","2020","92.284954","98.366013","98.25998","92.852585","76.172608","94.461351","90.229885","100","94.594595","92.25749","100","100","ND","ND","100","ND","ND","100","92.153893","97.101449","100","71.73913","ND",
"Tasa_de_alfabetización_de_las_personas_de_15_años_o_más,_desglosada_por_sexo_y_subpoblaciones<b><i>_[CENSO]_</i></b>",	30107,"Las_Minas","2020","83.163265","100","96.634615","78.394333","55.319149","85.699694","80.632008","66.666667","100","83.154671","ND","ND","ND","ND","ND","ND","100","100","83.076132","93.333333","100","61.751152","ND",
"Tasa_de_alfabetización_de_las_personas_de_15_años_o_más,_desglosada_por_sexo_y_subpoblaciones<b><i>_[CENSO]_</i></b>",	30108,"Minatitlán","2020","94.292355","99.116781","98.547445","95.939677","84.306319","95.722375","93.046854","79.580202","94.791667","94.290201","98.863636","100","90","100","98.666667","ND","70.833333","97.945205","94.231485","97.817988","98.285714","76.951673","ND",
"Tasa_de_alfabetización_de_las_personas_de_15_años_o_más,_desglosada_por_sexo_y_subpoblaciones<b><i>_[CENSO]_</i></b>",	30109,"Misantla","2020","92.656328","99.334298","98.516097","94.667106","78.872692","93.43023","91.94453","74.752475","92.507205","92.676085","98.591549","98.387097","ND","ND","100","ND","86.219081","99.242424","92.56754","97.521552","99.295775","72.255435","ND",
"Tasa_de_alfabetización_de_las_personas_de_15_años_o_más,_desglosada_por_sexo_y_subpoblaciones<b><i>_[CENSO]_</i></b>",	30110,"Mixtla_de_Altamirano","2020","58.591796","94.52381","86.089645","44.780854","10","59.243048","57.976654","58.285127","67.741935","58.593945","100","100","ND","ND","ND","ND","0","92.307692","58.299544","80","92.307692","17.848411","ND",
"Tasa_de_alfabetización_de_las_personas_de_15_años_o_más,_desglosada_por_sexo_y_subpoblaciones<b><i>_[CENSO]_</i></b>",	30111,"Moloacán","2020","91.198686","98.835856","98.01532","93.547863","73.519164","94.130965","88.583411","78.125","91.338583","91.190007","100","100","100","ND","100","ND","100","90.909091","91.12782","95.628415","92","68.035944","ND",
"Tasa_de_alfabetización_de_las_personas_de_15_años_o_más,_desglosada_por_sexo_y_subpoblaciones<b><i>_[CENSO]_</i></b>",	30112,"Naolinco","2020","92.428078","99.503722","98.522963","93.96916","76.710996","92.735555","92.14428","91.803279","89.72332","92.413236","100","100","100","100","100","ND","100","93.650794","92.355758","98.404255","94.117647","76.270053","ND",
"Tasa_de_alfabetización_de_las_personas_de_15_años_o_más,_desglosada_por_sexo_y_subpoblaciones<b><i>_[CENSO]_</i></b>",	30113,"Naranjal","2020","89.610778","98.134328","97.870075","89.166667","73.298429","90.886235","88.450543","75","89.072848","89.610778","ND","ND","ND","ND","ND","ND","ND","100","89.484848","100","100","71.167883","ND",
"Tasa_de_alfabetización_de_las_personas_de_15_años_o_más,_desglosada_por_sexo_y_subpoblaciones<b><i>_[CENSO]_</i></b>",	30114,"Nautla","2020","92.450697","98.706897","98.729352","94.519131","82.335766","92.406362","92.493232","61.111111","96.666667","92.471358","93.333333","100","ND","ND","85.714286","ND","33.333333","98","92.340536","97.093023","96.551724","77.339181","ND",
"Tasa_de_alfabetización_de_las_personas_de_15_años_o_más,_desglosada_por_sexo_y_subpoblaciones<b><i>_[CENSO]_</i></b>",	30115,"Nogales","2020","93.9463","99.010417","98.418509","94.375719","85.430098","94.546845","93.423069","75.890069","94.736842","93.968594","100","100","100","ND","100","ND","28.571429","100","93.909804","98.408488","100","80.509001","ND",
"Tasa_de_alfabetización_de_las_personas_de_15_años_o_más,_desglosada_por_sexo_y_subpoblaciones<b><i>_[CENSO]_</i></b>",	30116,"Oluta","2020","90.693646","98.076923","97.453477","93.247785","70.788043","93.268587","88.408382","87.2","85.779817","90.669533","92.857143","100","100","ND","91.22807","ND","ND","93.333333","90.522134","98.678414","92.805755","70.815451","96.721311",
"Tasa_de_alfabetización_de_las_personas_de_15_años_o_más,_desglosada_por_sexo_y_subpoblaciones<b><i>_[CENSO]_</i></b>",	30117,"Omealca","2020","88.592013","98.472669","97.349112","91.16484","66.807739","88.868789","88.346187","67.661692","86.378738","88.564103","95.890411","96.825397","83.333333","ND","100","ND","80","96.610169","88.397566","98.353909","96.850394","66.25","ND",
"Tasa_de_alfabetización_de_las_personas_de_15_años_o_más,_desglosada_por_sexo_y_subpoblaciones<b><i>_[CENSO]_</i></b>",	30118,"Orizaba","2020","97.804801","99.445141","99.305722","98.532778","94.544598","98.475534","97.256771","87.827511","97.928534","97.855953","81.849315","100","75","100","100","0","91.22807","99.295775","97.83901","98.839458","99.489796","89.28047","ND",
"Tasa_de_alfabetización_de_las_personas_de_15_años_o_más,_desglosada_por_sexo_y_subpoblaciones<b><i>_[CENSO]_</i></b>",	30119,"Otatitlán","2020","90.199765","98.880597","97.695853","92.571697","76.209677","90.611028","89.830508","61.73913","93.495935","90.176678","100","100","ND","ND","100","ND","ND","100","89.930898","95.027624","100","71.904762","ND",
"Tasa_de_alfabetización_de_las_personas_de_15_años_o_más,_desglosada_por_sexo_y_subpoblaciones<b><i>_[CENSO]_</i></b>",	30120,"Oteapan","2020","92.519736","99.051233","98.76161","93.640087","74.347435","96.04426","89.421206","74.913495","94.96","92.511983","100","100","100","ND","100","ND","ND","100","92.501984","93.251534","100","72.158155","ND",
"Tasa_de_alfabetización_de_las_personas_de_15_años_o_más,_desglosada_por_sexo_y_subpoblaciones<b><i>_[CENSO]_</i></b>",	30121,"Ozuluama_de_Mascareñas","2020","91.351599","99.382171","98.317308","94.315068","77.686532","92.230717","90.441262","77.606178","92.115637","91.348527","100","100","ND","ND","100","ND","91.37931","94.444444","91.156743","99.026764","95","70.525568","ND",
"Tasa_de_alfabetización_de_las_personas_de_15_años_o_más,_desglosada_por_sexo_y_subpoblaciones<b><i>_[CENSO]_</i></b>",	30122,"Pajapan","2020","76.793153","97.638604","95.315514","75.93241","36.48449","84.052739","70.023419","72.942643","82.642998","76.792481","100","ND","ND","ND","100","ND","0","100","76.692018","84","100","43.122271","ND",
"Tasa_de_alfabetización_de_las_personas_de_15_años_o_más,_desglosada_por_sexo_y_subpoblaciones<b><i>_[CENSO]_</i></b>",	30123,"Pánuco","2020","94.31219","99.376688","98.88669","96.262734","82.611399","94.490942","94.143572","78.054863","95.694716","94.314787","99.166667","98.837209","100","ND","100","ND","87.387387","98.529412","94.214175","97.701149","98.648649","76.548394","ND",
"Tasa_de_alfabetización_de_las_personas_de_15_años_o_más,_desglosada_por_sexo_y_subpoblaciones<b><i>_[CENSO]_</i></b>",	30124,"Papantla","2020","90.557696","98.85619","98.037884","93.714936","72.130494","92.984981","88.364001","79.199832","92","90.553509","98.230088","100","90","100","96.551724","ND","89.219331","98.351648","90.439329","97.079208","98.421053","68.260019","ND",
"Tasa_de_alfabetización_de_las_personas_de_15_años_o_más,_desglosada_por_sexo_y_subpoblaciones<b><i>_[CENSO]_</i></b>",	30125,"Paso_del_Macho","2020","89.989041","98.568873","97.724509","90.989827","71.721311","90.625272","89.390593","70.422535","91.134752","89.974239","100","100","ND","ND","100","ND","88.888889","95.061728","89.914136","96.086957","95.238095","72.230653","ND",
"Tasa_de_alfabetización_de_las_personas_de_15_años_o_más,_desglosada_por_sexo_y_subpoblaciones<b><i>_[CENSO]_</i></b>",	30126,"Paso_de_Ovejas","2020","93.206034","99.053628","98.294955","94.518072","83.324454","93.128518","93.280072","84.705882","94.063927","93.189127","100","100","100","100","100","ND","100","97.87234","93.149466","97.491039","98.113208","77.567141","ND",
"Tasa_de_alfabetización_de_las_personas_de_15_años_o_más,_desglosada_por_sexo_y_subpoblaciones<b><i>_[CENSO]_</i></b>",	30127,"La_Perla","2020","75.466359","94.316581","90.603063","66.19796","34.735577","76.618487","74.421933","88.607595","75.129534","75.465264","100","100","ND","ND","100","ND","0","83.673469","75.291852","96.923077","83.673469","41.065831","ND",
"Tasa_de_alfabetización_de_las_personas_de_15_años_o_más,_desglosada_por_sexo_y_subpoblaciones<b><i>_[CENSO]_</i></b>",	30128,"Perote","2020","93.029388","98.537949","97.964327","93.470578","76.834634","94.030019","92.080479","93.258427","95.244957","92.887939","98.969072","100","100","100","97.5","ND","97.249389","95","92.757595","97.651934","95.454545","76.133805","ND",
"Tasa_de_alfabetización_de_las_personas_de_15_años_o_más,_desglosada_por_sexo_y_subpoblaciones<b><i>_[CENSO]_</i></b>",	30129,"Platón_Sánchez","2020","83.057758","99.400599","98.1364","88.822291","57.706396","86.32","80.142959","65.772794","73.076923","83.050079","100","ND","100","ND","100","ND","100","100","82.702745","96.187683","100","53.496503","ND",
"Tasa_de_alfabetización_de_las_personas_de_15_años_o_más,_desglosada_por_sexo_y_subpoblaciones<b><i>_[CENSO]_</i></b>",	30130,"Playa_Vicente","2020","85.695295","98.567901","97.451712","89.767278","60.572439","88.003581","83.657203","73.281361","88.180884","85.650555","99.065421","100","50","ND","100","100","70","99.404762","85.379295","95.652174","99.431818","57.021467","ND",
"Tasa_de_alfabetización_de_las_personas_de_15_años_o_más,_desglosada_por_sexo_y_subpoblaciones<b><i>_[CENSO]_</i></b>",	30131,"Poza_Rica_de_Hidalgo","2020","96.858982","98.982857","99.16202","98.145278","90.974261","97.742677","96.116672","81.168057","98.079332","96.905302","98.113208","92.647059","100","99.386503","99.186992","100","42.647059","97.979798","96.877584","98.743336","98.477157","85.207997","ND",
"Tasa_de_alfabetización_de_las_personas_de_15_años_o_más,_desglosada_por_sexo_y_subpoblaciones<b><i>_[CENSO]_</i></b>",	30132,"Las_Vigas_de_Ramírez","2020","90.723259","99.326599","97.700315","90.188462","71.302914","91.708248","89.800687","100","94.092827","90.725091","100","100","ND","ND","100","ND","50","100","90.666667","96.899225","100","71.317829","ND",
"Tasa_de_alfabetización_de_las_personas_de_15_años_o_más,_desglosada_por_sexo_y_subpoblaciones<b><i>_[CENSO]_</i></b>",	30133,"Pueblo_Viejo","2020","95.75261","99.25449","99.072078","96.83413","86.340937","96.531033","94.99337","87.889273","96.564885","95.763419","100","100","100","ND","100","ND","56.25","97.916667","95.625906","97.980214","98.214286","79.993077","ND",
"Tasa_de_alfabetización_de_las_personas_de_15_años_o_más,_desglosada_por_sexo_y_subpoblaciones<b><i>_[CENSO]_</i></b>",	30134,"Puente_Nacional","2020","93.055099","98.880276","98.175367","94.72679","81.588835","93.206306","92.913886","81.176471","95.505618","93.050363","100","100","ND","100","100","ND","20","95.652174","92.982652","98.513011","96.078431","76.995012","ND",
"Tasa_de_alfabetización_de_las_personas_de_15_años_o_más,_desglosada_por_sexo_y_subpoblaciones<b><i>_[CENSO]_</i></b>",	30135,"Rafael_Delgado","2020","90.325714","97.97619","98.014019","90.107353","65.363681","91.595442","89.147201","84.118201","88.636364","90.323688","92.857143","100","100","100","75","ND","ND","100","90.302332","92.913386","100","67.194093","ND",
"Tasa_de_alfabetización_de_las_personas_de_15_años_o_más,_desglosada_por_sexo_y_subpoblaciones<b><i>_[CENSO]_</i></b>",	30136,"Rafael_Lucio","2020","93.945892","99.797571","98.018648","94.439024","79.279279","95.119418","92.877403","80","95.138889","93.942895","100","100","ND","ND","ND","ND","ND","100","93.950945","96.153846","100","78.600823","ND",
"Tasa_de_alfabetización_de_las_personas_de_15_años_o_más,_desglosada_por_sexo_y_subpoblaciones<b><i>_[CENSO]_</i></b>",	30137,"Los_Reyes","2020","78.822984","98.372093","97.517241","73.88535","31.34058","82.417582","75.438596","78.009432","81.369427","78.818076","100","ND","ND","ND","100","ND","ND","100","78.708022","95.454545","100","25.146199","ND",
"Tasa_de_alfabetización_de_las_personas_de_15_años_o_más,_desglosada_por_sexo_y_subpoblaciones<b><i>_[CENSO]_</i></b>",	30138,"Río_Blanco","2020","97.307973","99.08953","99.207563","98.2","92.902513","98.180109","96.587315","84.819734","96.9163","97.306264","98.214286","97.058824","100","100","100","ND","100","100","97.293954","97.951583","100","86.888889","ND",
"Tasa_de_alfabetización_de_las_personas_de_15_años_o_más,_desglosada_por_sexo_y_subpoblaciones<b><i>_[CENSO]_</i></b>",	30139,"Saltabarranca","2020","85.610314","98.965517","96.820175","87.700761","70.265915","86.111111","85.149701","100","96","85.604327","100","100","ND","ND","100","ND","ND","100","85.521602","91.935484","100","61.162791","ND",
"Tasa_de_alfabetización_de_las_personas_de_15_años_o_más,_desglosada_por_sexo_y_subpoblaciones<b><i>_[CENSO]_</i></b>",	30140,"San_Andrés_Tenejapan","2020","85.071942","96.464646","96.986301","83.28585","47.736626","89.145053","81.487743","83.279396","96.428571","85.071942","ND","ND","ND","ND","ND","ND","ND","ND","85.004517","100","ND","61.111111","ND",
"Tasa_de_alfabetización_de_las_personas_de_15_años_o_más,_desglosada_por_sexo_y_subpoblaciones<b><i>_[CENSO]_</i></b>",	30141,"San_Andrés_Tuxtla","2020","84.205207","97.375029","94.948411","84.738429","63.43111","87.435363","81.438305","83.646617","89.647059","84.204589","98.230088","100","100","100","96.153846","ND","54","94.658754","83.904885","96.282828","95.095368","62.787535","ND",
"Tasa_de_alfabetización_de_las_personas_de_15_años_o_más,_desglosada_por_sexo_y_subpoblaciones<b><i>_[CENSO]_</i></b>",	30142,"San_Juan_Evangelista","2020","87.197431","98.293114","97.418651","90.11757","64.759586","89.29635","85.230082","66.956522","87.089202","87.188685","100","100","100","100","100","ND","62.5","98.648649","87.049606","95.321637","98.701299","61.015982","ND",
"Tasa_de_alfabetización_de_las_personas_de_15_años_o_más,_desglosada_por_sexo_y_subpoblaciones<b><i>_[CENSO]_</i></b>",	30143,"Santiago_Tuxtla","2020","81.782046","97.911982","96.438809","85.013275","55.055825","85.408063","78.600699","84.931507","81.565657","81.775529","97.058824","95","100","ND","100","ND","55.555556","98.591549","81.589802","95.327103","98.648649","55.227804","ND",
"Tasa_de_alfabetización_de_las_personas_de_15_años_o_más,_desglosada_por_sexo_y_subpoblaciones<b><i>_[CENSO]_</i></b>",	30144,"Sayula_de_Alemán","2020","87.075701","98.221234","96.949153","90.711496","59.188488","90.759403","83.749086","78.22073","88.748739","87.071511","96","97.368421","0","ND","100","ND","0","100","86.931348","94.962217","100","60.751225","ND",
"Tasa_de_alfabetización_de_las_personas_de_15_años_o_más,_desglosada_por_sexo_y_subpoblaciones<b><i>_[CENSO]_</i></b>",	30145,"Soconusco","2020","91.611921","98","98.273527","93.666962","71.113445","93.548939","89.906598","80.088496","95.360825","91.598459","100","100","100","100","100","ND","100","100","91.498973","95.918367","100","67.356322","ND",
"Tasa_de_alfabetización_de_las_personas_de_15_años_o_más,_desglosada_por_sexo_y_subpoblaciones<b><i>_[CENSO]_</i></b>",	30146,"Sochiapa","2020","90.498555","98.190045","96.394231","90.21658","73.93617","92.273731","88.786373","72.727273","93.75","90.488246","100","100","ND","ND","ND","ND","ND","100","90.288035","100","100","79.054054","ND",
"Tasa_de_alfabetización_de_las_personas_de_15_años_o_más,_desglosada_por_sexo_y_subpoblaciones<b><i>_[CENSO]_</i></b>",	30147,"Soledad_Atzompa","2020","73.978495","98.293723","94.570048","67.230084","22.003284","80.056144","68.333728","73.583937","74.107143","73.978495","ND","ND","ND","ND","ND","ND","ND","100","73.83166","88.695652","100","35.721597","ND",
"Tasa_de_alfabetización_de_las_personas_de_15_años_o_más,_desglosada_por_sexo_y_subpoblaciones<b><i>_[CENSO]_</i></b>",	30148,"Soledad_de_Doblado","2020","90.352057","98.257081","96.721311","92.002589","76.466544","90.823417","89.904107","71.875","91.535151","90.349248","92","93.75","100","ND","87.5","ND","100","96.296296","90.265362","96.326531","96.551724","71.255274","ND",
"Tasa_de_alfabetización_de_las_personas_de_15_años_o_más,_desglosada_por_sexo_y_subpoblaciones<b><i>_[CENSO]_</i></b>",	30149,"Soteapan","2020","69.652234","97.545008","92.326656","61.359396","29.589491","76.332447","63.747669","66.874228","78.711485","69.652856","83.333333","100","0","ND","ND","ND","60","91.891892","69.266942","88.154897","92.105263","36.370007","ND",
"Tasa_de_alfabetización_de_las_personas_de_15_años_o_más,_desglosada_por_sexo_y_subpoblaciones<b><i>_[CENSO]_</i></b>",	30150,"Tamalín","2020","90.950023","99.84326","98.977395","95.175045","70.548654","93.161814","88.749158","75.062344","91.194969","90.959243","ND","ND","ND","ND","ND","ND","50","100","90.757277","97.276265","100","63.380282","ND",
"Tasa_de_alfabetización_de_las_personas_de_15_años_o_más,_desglosada_por_sexo_y_subpoblaciones<b><i>_[CENSO]_</i></b>",	30151,"Tamiahua","2020","89.792427","99.226804","98.618491","93.696241","76.15567","90.925841","88.680524","74.193548","92.574009","89.799178","100","100","ND","ND","ND","ND","0","90.909091","89.568388","97.48062","90.909091","71.851852","ND",
"Tasa_de_alfabetización_de_las_personas_de_15_años_o_más,_desglosada_por_sexo_y_subpoblaciones<b><i>_[CENSO]_</i></b>",	30152,"Tampico_Alto","2020","91.769912","99.191919","97.64208","93.916178","82.429678","91.976769","91.5509","77","85.833333","91.767179","100","100","ND","ND","100","ND","ND","100","91.583189","96.22093","100","76.659751","ND",
"Tasa_de_alfabetización_de_las_personas_de_15_años_o_más,_desglosada_por_sexo_y_subpoblaciones<b><i>_[CENSO]_</i></b>",	30153,"Tancoco","2020","88.452033","99.393939","98.753117","93.73246","68.839966","90.697674","86.433447","59.124088","89.705882","88.441646","100","100","ND","ND","100","ND","ND","83.333333","87.93553","98.222222","85.714286","64.299424","ND",
"Tasa_de_alfabetización_de_las_personas_de_15_años_o_más,_desglosada_por_sexo_y_subpoblaciones<b><i>_[CENSO]_</i></b>",	30154,"Tantima","2020","88.165617","99.122807","98.279041","92.938238","71.23494","90.474156","85.860525","69.877883","86.842105","88.164354","100","100","ND","ND","ND","ND","ND","100","87.949444","98.412698","100","59.456399","ND",
"Tasa_de_alfabetización_de_las_personas_de_15_años_o_más,_desglosada_por_sexo_y_subpoblaciones<b><i>_[CENSO]_</i></b>",	30155,"Tantoyuca","2020","88.943444","99.3975","97.946393","92.500588","67.848577","90.800024","87.295517","82.955408","85.242121","88.940507","100","100","ND","ND","100","ND","76.923077","96.875","88.809585","96.872285","97.5","61.943484","ND",
"Tasa_de_alfabetización_de_las_personas_de_15_años_o_más,_desglosada_por_sexo_y_subpoblaciones<b><i>_[CENSO]_</i></b>",	30156,"Tatatila","2020","84.865526","97.663551","97.635934","81.373626","58.115183","85.680529","83.991895","100","86.666667","84.882583","50","50","ND","ND","ND","ND","ND","100","84.757449","100","100","53.003534","ND",
"Tasa_de_alfabetización_de_las_personas_de_15_años_o_más,_desglosada_por_sexo_y_subpoblaciones<b><i>_[CENSO]_</i></b>",	30157,"Castillo_de_Teayo","2020","88.995783","99.52919","98.45126","93.358685","67.466744","90.510272","87.498362","64.850843","90.804598","88.98786","100","100","100","ND","100","ND","50","98.75","88.624193","97.709924","98.823529","63.833747","ND",
"Tasa_de_alfabetización_de_las_personas_de_15_años_o_más,_desglosada_por_sexo_y_subpoblaciones<b><i>_[CENSO]_</i></b>",	30158,"Tecolutla","2020","91.141325","97.651007","98.202413","94.16035","75.766215","92.50463","89.84456","66.263603","90.497738","91.143617","92.307692","95.238095","ND","ND","80","ND","66.666667","100","90.832964","98.022599","100","70.927835","ND",
"Tasa_de_alfabetización_de_las_personas_de_15_años_o_más,_desglosada_por_sexo_y_subpoblaciones<b><i>_[CENSO]_</i></b>",	30159,"Tehuipango","2020","61.753731","95.341328","90.231666","41.070535","6.542056","70.393772","54.016369","61.730759","70.27027","61.77145","100","100","ND","ND","ND","ND","0","80","61.499515","90.849673","80","20.286396","ND",
"Tasa_de_alfabetización_de_las_personas_de_15_años_o_más,_desglosada_por_sexo_y_subpoblaciones<b><i>_[CENSO]_</i></b>",	30160,"Álamo_Temapache","2020","91.901746","99.335489","98.765908","94.881555","74.847397","93.00299","90.856616","74.429072","89.739414","91.904044","100","100","ND","100","100","ND","55.555556","98.425197","91.768199","97.772701","98.540146","69.615056","ND",
"Tasa_de_alfabetización_de_las_personas_de_15_años_o_más,_desglosada_por_sexo_y_subpoblaciones<b><i>_[CENSO]_</i></b>",	30161,"Tempoal","2020","85.58227","99.074074","97.416751","90.263093","63.529046","87.961763","83.356071","68.891916","82.692308","85.569839","100","100","ND","100","100","ND","100","97.368421","85.291988","96.214511","97.5","56.395625","ND",
"Tasa_de_alfabetización_de_las_personas_de_15_años_o_más,_desglosada_por_sexo_y_subpoblaciones<b><i>_[CENSO]_</i></b>",	30162,"Tenampa","2020","84.310058","97.082228","95.968992","83.956989","61.097561","86.976549","81.683168","75","87.671233","84.298209","100","100","ND","ND","ND","ND","0","92.307692","84.221569","93.75","92.857143","57.173913","ND",
"Tasa_de_alfabetización_de_las_personas_de_15_años_o_más,_desglosada_por_sexo_y_subpoblaciones<b><i>_[CENSO]_</i></b>",	30163,"Tenochtitlán","2020","86.287156","99.688474","96.728972","86.138614","66.964286","88.601645","84.17382","70","89.655172","86.244726","100","100","ND","ND","100","ND","ND","94.736842","86.221591","88","95.238095","59.929078","ND",
"Tasa_de_alfabetización_de_las_personas_de_15_años_o_más,_desglosada_por_sexo_y_subpoblaciones<b><i>_[CENSO]_</i></b>",	30164,"Teocelo","2020","92.90517","98.631699","98.663995","94.505832","80.094044","93.957021","91.940741","93.103448","95.049505","92.923506","100","100","ND","ND","100","ND","33.333333","100","92.812525","97.959184","100","78.646441","ND",
"Tasa_de_alfabetización_de_las_personas_de_15_años_o_más,_desglosada_por_sexo_y_subpoblaciones<b><i>_[CENSO]_</i></b>",	30165,"Tepatlaxco","2020","88.844065","98.019802","96.375991","88.465236","72.934473","89.930027","87.713743","69.230769","92.592593","88.828465","100","100","ND","ND","100","ND","ND","93.75","88.740368","97.101449","94.117647","70.898438","ND",
"Tasa_de_alfabetización_de_las_personas_de_15_años_o_más,_desglosada_por_sexo_y_subpoblaciones<b><i>_[CENSO]_</i></b>",	30166,"Tepetlán","2020","82.758621","97.609562","96.99422","82.849239","59.170306","81.30917","84.279228","100","88.594164","82.732316","100","100","ND","ND","ND","ND","ND","100","82.64993","96.551724","100","54.490107","ND",
"Tasa_de_alfabetización_de_las_personas_de_15_años_o_más,_desglosada_por_sexo_y_subpoblaciones<b><i>_[CENSO]_</i></b>",	30167,"Tepetzintla","2020","91.267998","99.233716","98.615917","95.377504","73.284907","93.190032","89.433551","78.469242","88.333333","91.267187","100","ND","ND","ND","100","ND","ND","88.888889","91.072453","98.62543","90","67.220903","ND",
"Tasa_de_alfabetización_de_las_personas_de_15_años_o_más,_desglosada_por_sexo_y_subpoblaciones<b><i>_[CENSO]_</i></b>",	30168,"Tequila","2020","77.58667","95.805369","94.023118","72.661436","39.366827","81.992267","73.412421","75.75696","94.230769","77.593621","0","0","ND","ND","ND","ND","ND","100","77.458942","94.444444","100","46.421268","ND",
"Tasa_de_alfabetización_de_las_personas_de_15_años_o_más,_desglosada_por_sexo_y_subpoblaciones<b><i>_[CENSO]_</i></b>",	30169,"José_Azueta","2020","86.556935","98.373984","96.863921","90.170334","65.37461","87.130879","86.022843","79.220779","90.621592","86.534281","97.916667","100","ND","ND","0","ND","33.333333","98","86.40343","96.069869","98","59.582689","ND",
"Tasa_de_alfabetización_de_las_personas_de_15_años_o_más,_desglosada_por_sexo_y_subpoblaciones<b><i>_[CENSO]_</i></b>",	30170,"Texcatepec","2020","66.568751","95.092025","90.86564","64.571763","18.357083","70.943396","62.5","64.124192","43.103448","66.564031","75","75","ND","ND","ND","ND","ND","82.352941","66.08646","95.454545","82.692308","26.702997","ND",
"Tasa_de_alfabetización_de_las_personas_de_15_años_o_más,_desglosada_por_sexo_y_subpoblaciones<b><i>_[CENSO]_</i></b>",	30171,"Texhuacán","2020","78.279735","98.62259","95.168642","77.747699","37.479542","80.065717","76.720841","73.957644","71.806167","78.274189","100","100","ND","ND","ND","ND","ND","91.176471","78.024562","87.719298","91.176471","49.122807","ND",
"Tasa_de_alfabetización_de_las_personas_de_15_años_o_más,_desglosada_por_sexo_y_subpoblaciones<b><i>_[CENSO]_</i></b>",	30172,"Texistepec","2020","87.674213","97.710623","97.759283","90.366422","66.700134","90.359089","85.129767","65.707965","88.823529","87.661719","100","100","100","ND","100","ND","66.666667","100","87.378913","96.231156","100","63.565891","ND",
"Tasa_de_alfabetización_de_las_personas_de_15_años_o_más,_desglosada_por_sexo_y_subpoblaciones<b><i>_[CENSO]_</i></b>",	30173,"Tezonapa","2020","86.209969","98.142811","96.090821","87.455511","65.541358","87.838405","84.675106","72.489369","87.465181","86.200041","100","100","ND","ND","100","ND","50","97.142857","85.970039","92.93524","97.222222","65.873625","ND",
"Tasa_de_alfabetización_de_las_personas_de_15_años_o_más,_desglosada_por_sexo_y_subpoblaciones<b><i>_[CENSO]_</i></b>",	30174,"Tierra_Blanca","2020","91.661885","99.264537","98.284652","94.102578","76.150073","92.389437","91.018611","82.948125","94.041769","91.647586","99.159664","99.421965","100","100","98.214286","ND","52.631579","96.618357","91.556835","96.616271","97.083333","72.033344","100",
"Tasa_de_alfabetización_de_las_personas_de_15_años_o_más,_desglosada_por_sexo_y_subpoblaciones<b><i>_[CENSO]_</i></b>",	30175,"Tihuatlán","2020","91.988962","98.847606","98.28164","94.922699","73.81531","93.033749","91.047891","67.334495","93.848712","92.122687","100","100","100","ND","100","ND","12.195122","96.330275","92.034628","97.457627","96.521739","71.329718","ND",
"Tasa_de_alfabetización_de_las_personas_de_15_años_o_más,_desglosada_por_sexo_y_subpoblaciones<b><i>_[CENSO]_</i></b>",	30176,"Tlacojalpan","2020","88.67477","96.734694","95.568685","88.965517","78.62166","88.902365","88.457077","63.636364","90","88.707281","71.428571","100","ND","ND","33.333333","ND","100","100","88.854393","84.931507","83.333333","73.716012","ND",
"Tasa_de_alfabetización_de_las_personas_de_15_años_o_más,_desglosada_por_sexo_y_subpoblaciones<b><i>_[CENSO]_</i></b>",	30177,"Tlacolulan","2020","88.250319","99.58159","97.718332","85.150428","66.139241","90.049363","86.510927","100","85.507246","88.245816","100","100","ND","ND","ND","ND","100","100","88.199795","97.142857","100","65.41502","ND",
"Tasa_de_alfabetización_de_las_personas_de_15_años_o_más,_desglosada_por_sexo_y_subpoblaciones<b><i>_[CENSO]_</i></b>",	30178,"Tlacotalpan","2020","88.20257","98.956522","98.362235","91.473477","71.843575","87.747675","88.613139","90.47619","92.673993","88.191244","100","100","ND","ND","100","ND","100","100","88.056365","99.152542","100","67.403958","ND",
"Tasa_de_alfabetización_de_las_personas_de_15_años_o_más,_desglosada_por_sexo_y_subpoblaciones<b><i>_[CENSO]_</i></b>",	30179,"Tlacotepec_de_Mejía","2020","93.346008","99.086758","97.270471","93.75","84.369449","94.362588","92.351097","88.888889","97.402597","93.335449","100","100","100","ND","ND","ND","ND","88.888889","93.318123","96.103896","88.888889","79.828326","ND",
"Tasa_de_alfabetización_de_las_personas_de_15_años_o_más,_desglosada_por_sexo_y_subpoblaciones<b><i>_[CENSO]_</i></b>",	30180,"Tlachichilco","2020","74.643911","98.248408","96.23558","77.288314","39.664157","79.688758","70.019675","72.262774","82.55814","74.624374","100","100","ND","ND","ND","ND","100","93.75","74.179144","94.615385","93.75","41.904762","ND",
"Tasa_de_alfabetización_de_las_personas_de_15_años_o_más,_desglosada_por_sexo_y_subpoblaciones<b><i>_[CENSO]_</i></b>",	30181,"Tlalixcoyan","2020","89.190759","98.610272","97.916667","92.19161","72.632038","88.689331","89.652682","77.868852","90.757238","89.189559","96.774194","98","50","ND","100","ND","16.666667","97.826087","89.0952","95.56213","98.039216","66.150179","ND",
"Tasa_de_alfabetización_de_las_personas_de_15_años_o_más,_desglosada_por_sexo_y_subpoblaciones<b><i>_[CENSO]_</i></b>",	30182,"Tlalnelhuayocan","2020","92.407885","99.479167","98.690671","93.358554","69.06756","94.051774","90.896939","88.235294","92.584746","92.403296","100","100","100","ND","100","ND","33.333333","100","92.353148","100","100","69.390582","ND",
"Tasa_de_alfabetización_de_las_personas_de_15_años_o_más,_desglosada_por_sexo_y_subpoblaciones<b><i>_[CENSO]_</i></b>",	30183,"Tlapacoyan","2020","91.155067","98.342857","97.705961","92.671606","72.832755","92.420275","90.025874","77.467811","91.115141","91.175366","100","100","100","100","100","ND","20","96.73913","91.057076","97.034401","96.825397","68.404669","ND",
"Tasa_de_alfabetización_de_las_personas_de_15_años_o_más,_desglosada_por_sexo_y_subpoblaciones<b><i>_[CENSO]_</i></b>",	30184,"Tlaquilpa","2020","74.647103","99.634369","96.861268","70.515873","21.270718","78.312271","71.579666","74.101563","75.757576","74.642127","100","100","100","ND","ND","ND","0","89.156627","74.06479","91.22807","89.156627","37.967914","ND",
"Tasa_de_alfabetización_de_las_personas_de_15_años_o_más,_desglosada_por_sexo_y_subpoblaciones<b><i>_[CENSO]_</i></b>",	30185,"Tlilapan","2020","87.302799","96.923077","97.263682","85.834208","62.271805","89.166224","85.588666","74.42953","94.594595","87.296334","100","100","ND","ND","ND","ND","ND","ND","87.227494","96.774194","ND","61.454545","ND",
"Tasa_de_alfabetización_de_las_personas_de_15_años_o_más,_desglosada_por_sexo_y_subpoblaciones<b><i>_[CENSO]_</i></b>",	30186,"Tomatlán","2020","92.963167","99.425287","98.594848","94.518094","79.652845","93.419062","92.534661","81.25","92.954545","92.971187","100","100","ND","ND","ND","ND","0","95.833333","92.95539","92.307692","96","77.534247","ND",
"Tasa_de_alfabetización_de_las_personas_de_15_años_o_más,_desglosada_por_sexo_y_subpoblaciones<b><i>_[CENSO]_</i></b>",	30187,"Tonayán","2020","87.178866","97.637795","97.990726","85.340314","60.443623","88.302638","86.112423","85.714286","75","87.166424","100","100","ND","ND","ND","ND","ND","100","87.050714","94.642857","100","63.207547","ND",
"Tasa_de_alfabetización_de_las_personas_de_15_años_o_más,_desglosada_por_sexo_y_subpoblaciones<b><i>_[CENSO]_</i></b>",	30188,"Totutla","2020","87.146071","97.854077","96.110305","87.501983","67.632413","88.104616","86.216381","78.947368","83.653846","87.137091","100","100","100","ND","100","ND","100","93.75","87.077068","94.594595","93.877551","63.113006","ND",
"Tasa_de_alfabetización_de_las_personas_de_15_años_o_más,_desglosada_por_sexo_y_subpoblaciones<b><i>_[CENSO]_</i></b>",	30189,"Tuxpan","2020","95.95579","99.071165","98.910924","97.471007","87.549221","96.621622","95.360236","82.43513","97.231451","96.001344","99.610895","100","100","100","99.390244","100","37.037037","97.321429","95.903598","98.610058","98.571429","82.042338","ND",
"Tasa_de_alfabetización_de_las_personas_de_15_años_o_más,_desglosada_por_sexo_y_subpoblaciones<b><i>_[CENSO]_</i></b>",	30190,"Tuxtilla","2020","86.043894","98.850575","95.59322","91.895113","70.143885","85.553047","86.531987","66.666667","100","86.020293","100","100","ND","ND","100","ND","ND","100","86.049238","85.074627","100","71.09375","ND",
"Tasa_de_alfabetización_de_las_personas_de_15_años_o_más,_desglosada_por_sexo_y_subpoblaciones<b><i>_[CENSO]_</i></b>",	30191,"Ursulo_Galván","2020","94.874146","98.928025","99.137412","96.701836","86.309104","95.170831","94.608888","86.792453","96.124031","94.882729","98.611111","100","0","ND","100","100","0","100","94.841067","97.105263","100","79.654321","ND",
"Tasa_de_alfabetización_de_las_personas_de_15_años_o_más,_desglosada_por_sexo_y_subpoblaciones<b><i>_[CENSO]_</i></b>",	30192,"Vega_de_Alatorre","2020","91.238303","98.958333","97.914253","92.967614","79.227586","91.658781","90.859232","83.72093","92","91.200515","100","100","100","ND","100","ND","100","100","91.061784","97.005988","100","71.784232","ND",
"Tasa_de_alfabetización_de_las_personas_de_15_años_o_más,_desglosada_por_sexo_y_subpoblaciones<b><i>_[CENSO]_</i></b>",	30193,"Veracruz","2020","97.453307","98.915546","99.086909","98.155571","92.823092","97.897223","97.067241","88.759788","97.572044","97.507886","98.892508","99.493671","98.148148","100","98.491379","100","29.285714","99.061033","97.487512","98.712334","98.867147","87.546063","100",
"Tasa_de_alfabetización_de_las_personas_de_15_años_o_más,_desglosada_por_sexo_y_subpoblaciones<b><i>_[CENSO]_</i></b>",	30194,"Villa_Aldama","2020","89.318265","98.37963","97.789603","88.499369","62.904911","92.092672","86.73086","100","92.307692","89.314369","100","ND","ND","ND","100","ND","100","87.5","89.173082","96.407186","87.5","67.680608","ND",
"Tasa_de_alfabetización_de_las_personas_de_15_años_o_más,_desglosada_por_sexo_y_subpoblaciones<b><i>_[CENSO]_</i></b>",	30195,"Xoxocotla","2020","78.150432","99.147727","97.213622","73.085106","35.781544","82.274742","74.011858","70.817844","76.785714","78.164323","100","100","ND","ND","ND","ND","0","100","78.025","87.755102","100","50.877193","ND",
"Tasa_de_alfabetización_de_las_personas_de_15_años_o_más,_desglosada_por_sexo_y_subpoblaciones<b><i>_[CENSO]_</i></b>",	30196,"Yanga","2020","92.481094","98.663697","97.891269","94.972311","79.26953","92.788988","92.213616","60.43956","93.716814","92.448965","98.795181","98.701299","ND","100","100","ND","50","98.26087","92.439606","92.12963","98.373984","73.347548","ND",
"Tasa_de_alfabetización_de_las_personas_de_15_años_o_más,_desglosada_por_sexo_y_subpoblaciones<b><i>_[CENSO]_</i></b>",	30197,"Yecuatla","2020","85.768909","99.094203","97.150685","89.241669","66.804218","87.959784","83.686786","58.709677","75.862069","85.72287","97.826087","97.826087","ND","ND","ND","ND","0","95.604396","85.447577","96.216216","95.698925","60.142349","ND",
"Tasa_de_alfabetización_de_las_personas_de_15_años_o_más,_desglosada_por_sexo_y_subpoblaciones<b><i>_[CENSO]_</i></b>",	30198,"Zacualpan","2020","78.148148","99.73822","97.725025","81.942662","45.486726","81.010453","75.585023","50","86.363636","78.121137","100","100","ND","ND","ND","ND","ND","91.666667","77.341065","97.222222","91.666667","50.180505","ND",
"Tasa_de_alfabetización_de_las_personas_de_15_años_o_más,_desglosada_por_sexo_y_subpoblaciones<b><i>_[CENSO]_</i></b>",	30199,"Zaragoza","2020","89.270286","99.596774","98.390895","90.570486","53.928225","93.672801","85.471944","80.795239","91.37931","89.265273","100","100","ND","ND","100","ND","100","100","89.144075","98.214286","100","60.032362","ND",
"Tasa_de_alfabetización_de_las_personas_de_15_años_o_más,_desglosada_por_sexo_y_subpoblaciones<b><i>_[CENSO]_</i></b>",	30200,"Zentla","2020","90.916598","98.153846","96.996466","92.225363","77.222832","91.658106","90.168015","84.615385","75","90.925065","91.666667","91.666667","ND","ND","ND","ND","0","100","90.790717","98.780488","100","71.969697","ND",
"Tasa_de_alfabetización_de_las_personas_de_15_años_o_más,_desglosada_por_sexo_y_subpoblaciones<b><i>_[CENSO]_</i></b>",	30201,"Zongolica","2020","79.138287","98.362445","96.113867","78.154716","44.472073","81.742142","76.752679","73.663232","80.08596","79.1086","96.428571","100","100","ND","83.333333","ND","83.050847","97.794118","78.835827","92.650334","97.841727","49.425287","ND",
"Tasa_de_alfabetización_de_las_personas_de_15_años_o_más,_desglosada_por_sexo_y_subpoblaciones<b><i>_[CENSO]_</i></b>",	30202,"Zontecomatlán_de_López_y_Fuentes","2020","74.203431","98.621421","94.931271","73.353041","36.526611","79.935691","68.987712","72.249466","69.565217","74.195526","100","100","ND","ND","ND","ND","ND","94.444444","73.818939","94.512195","94.444444","41.304348","ND",
"Tasa_de_alfabetización_de_las_personas_de_15_años_o_más,_desglosada_por_sexo_y_subpoblaciones<b><i>_[CENSO]_</i></b>",	30203,"Zozocolco_de_Hidalgo","2020","79.150879","98.555212","97.294976","81.206643","47.497766","83.809718","74.921223","75.439883","94.029851","79.195022","100","100","ND","ND","ND","ND","0","100","78.52464","97.478992","100","54.827969","ND",
"Tasa_de_alfabetización_de_las_personas_de_15_años_o_más,_desglosada_por_sexo_y_subpoblaciones<b><i>_[CENSO]_</i></b>",	30204,"Agua_Dulce","2020","94.581121","98.854787","98.058791","96.120592","85.703971","95.680414","93.614899","87.784091","95.771144","94.600502","93.939394","90.909091","100","100","100","ND","41.666667","100","94.560973","96.715328","100","79.808678","ND",
"Tasa_de_alfabetización_de_las_personas_de_15_años_o_más,_desglosada_por_sexo_y_subpoblaciones<b><i>_[CENSO]_</i></b>",	30205,"El_Higo","2020","92.567197","99.154334","98.681248","95.781103","76.784566","93.449477","91.712782","71.891892","92.753623","92.552094","100","100","100","100","100","ND","87.5","100","92.416461","98.51632","100","71.987315","ND",
"Tasa_de_alfabetización_de_las_personas_de_15_años_o_más,_desglosada_por_sexo_y_subpoblaciones<b><i>_[CENSO]_</i></b>",	30206,"Nanchital_de_Lázaro_Cárdenas_del_Río","2020","96.491927","99.245283","99.009705","97.484851","89.722753","97.729863","95.412768","89.184953","96.764009","96.525285","100","100","100","ND","100","ND","50","100","96.533201","96.976744","100","82.249322","ND",
"Tasa_de_alfabetización_de_las_personas_de_15_años_o_más,_desglosada_por_sexo_y_subpoblaciones<b><i>_[CENSO]_</i></b>",	30207,"Tres_Valles","2020","90.071866","98.799314","97.207219","92.676812","72.384627","90.64186","89.552239","84.340818","90.08547","90.045719","100","100","100","100","100","ND","55.555556","96.610169","89.982237","92.107996","96.774194","67.910696","ND",
"Tasa_de_alfabetización_de_las_personas_de_15_años_o_más,_desglosada_por_sexo_y_subpoblaciones<b><i>_[CENSO]_</i></b>",	30208,"Carlos_A._Carrillo","2020","90.31196","98.178506","97.8602","93.237286","76.838235","91.057659","89.65342","77.777778","91.061453","90.310203","94.736842","92.307692","ND","ND","100","ND","80","100","90.204735","94.878706","100","75.107991","ND",
"Tasa_de_alfabetización_de_las_personas_de_15_años_o_más,_desglosada_por_sexo_y_subpoblaciones<b><i>_[CENSO]_</i></b>",	30209,"Tatahuicapan_de_Juárez","2020","79.82733","98.196167","96.269678","78.953209","41.51671","84.976153","75.313589","75.437147","80.829016","79.808586","100","100","ND","ND","100","ND","100","81.818182","79.599012","89.787234","84.615385","49.344458","ND",
"Tasa_de_alfabetización_de_las_personas_de_15_años_o_más,_desglosada_por_sexo_y_subpoblaciones<b><i>_[CENSO]_</i></b>",	30210,"Uxpanapa","2020","88.035868","98.627002","97.903084","89.240444","61.370621","90.023202","86.079924","82.796971","88.500852","87.989795","100","100","100","ND","100","ND","100","98.93617","87.824978","96.756757","98.979592","66.78517","ND",
"Tasa_de_alfabetización_de_las_personas_de_15_años_o_más,_desglosada_por_sexo_y_subpoblaciones<b><i>_[CENSO]_</i></b>",	30211,"San_Rafael","2020","93.291113","99.012694","98.404453","95.546593","80.727492","94.000348","92.623555","66.530612","89","93.294128","97.674419","100","100","ND","91.666667","ND","50","100","93.191324","98.507463","100","73.257143","ND",
"Tasa_de_alfabetización_de_las_personas_de_15_años_o_más,_desglosada_por_sexo_y_subpoblaciones<b><i>_[CENSO]_</i></b>",	30212,"Santiago_Sochiapan","2020","81.685983","98.743017","97.284644","84.598214","49.393605","86.620209","77.298079","72.993168","68.831169","81.637581","93.939394","93.75","ND","ND","100","ND","100","96.703297","80.978074","95.522388","96.73913","51.476793","ND",
"Tasa_de_alfabetización_de_las_personas_de_15_años_o_más,_desglosada_por_sexo_y_subpoblaciones<b><i>_[CENSO]_</i></b>",	31,"Yucatán","2020","93.842523","99.136388","98.765668","94.875154","80.518622","94.715895","93.014636","83.565067","93.835427","93.856552","99.321232","99.654848","94.94382","99.544271","99.338657","100","37.302053","98.634812","93.643348","98.75376","99.24353","77.629104","28.571429",
"Tasa_de_alfabetización_de_las_personas_de_15_años_o_más,_desglosada_por_sexo_y_subpoblaciones<b><i>_[CENSO]_</i></b>",	31001,"Abalá","2020","85.444854","98.607242","97.004608","86.54897","58.711217","86.508256","84.34238","79.520415","91.525424","85.44187","100","100","ND","ND","ND","ND","ND","100","85.417524","91.666667","100","63.739377","ND",
"Tasa_de_alfabetización_de_las_personas_de_15_años_o_más,_desglosada_por_sexo_y_subpoblaciones<b><i>_[CENSO]_</i></b>",	31002,"Acanceh","2020","92.481615","99.207248","99.015513","94.24609","69.983041","94.244378","90.736416","83.635946","96.153846","92.475139","100","100","ND","ND","100","ND","ND","80","92.443603","97.894737","88.888889","68.125","ND",
"Tasa_de_alfabetización_de_las_personas_de_15_años_o_más,_desglosada_por_sexo_y_subpoblaciones<b><i>_[CENSO]_</i></b>",	31003,"Akil","2020","87.769452","98.132428","96.492537","87.97291","60.765125","88.465116","87.085714","82.957797","89.88764","87.756988","100","100","100","ND","100","ND","50","91.176471","87.659674","96.226415","91.428571","60.767591","ND",
"Tasa_de_alfabetización_de_las_personas_de_15_años_o_más,_desglosada_por_sexo_y_subpoblaciones<b><i>_[CENSO]_</i></b>",	31004,"Baca","2020","95.231184","99.705015","99.046711","96.940419","84.963197","96.13916","94.363341","86.872587","92.105263","95.225244","100","100","ND","ND","100","ND","ND","100","95.109972","99.280576","100","81.067961","ND",
"Tasa_de_alfabetización_de_las_personas_de_15_años_o_más,_desglosada_por_sexo_y_subpoblaciones<b><i>_[CENSO]_</i></b>",	31005,"Bokobá","2020","89.722386","100","98.680739","94.084187","65.074627","91.401649","88.033175","80.318379","86.118252","89.716312","100","100","ND","ND","ND","ND","ND","ND","89.673591","100","ND","62.264151","ND",
"Tasa_de_alfabetización_de_las_personas_de_15_años_o_más,_desglosada_por_sexo_y_subpoblaciones<b><i>_[CENSO]_</i></b>",	31006,"Buctzotz","2020","89.058151","99.79716","98.113208","91.082803","68.680089","88.573908","89.554896","75.767918","87.5","89.055384","89.473684","100","33.333333","ND","100","ND","100","96","88.979896","92.941176","96.296296","70.841487","ND",
"Tasa_de_alfabetización_de_las_personas_de_15_años_o_más,_desglosada_por_sexo_y_subpoblaciones<b><i>_[CENSO]_</i></b>",	31007,"Cacalchén","2020","93.054334","99.497487","98.789174","94.806071","75.869565","94.105337","91.985816","81.48415","88.034188","93.07489","100","100","100","ND","100","ND","0","100","92.998397","100","100","71.722365","ND",
"Tasa_de_alfabetización_de_las_personas_de_15_años_o_más,_desglosada_por_sexo_y_subpoblaciones<b><i>_[CENSO]_</i></b>",	31008,"Calotmul","2020","85.971467","98.477157","97.829457","89.293362","64.907275","86.308725","85.62586","79.942529","87.5","85.986395","75","ND","75","ND","ND","ND","ND","ND","85.459729","96.376812","ND","61.811024","ND",
"Tasa_de_alfabetización_de_las_personas_de_15_años_o_más,_desglosada_por_sexo_y_subpoblaciones<b><i>_[CENSO]_</i></b>",	31009,"Cansahcab","2020","90.381332","100","98.143236","94.533571","72.705882","91.724537","89.081747","74.084125","95.238095","90.362133","100","ND","100","ND","100","ND","ND","100","90.143317","98.717949","100","67.283951","ND",
"Tasa_de_alfabetización_de_las_personas_de_15_años_o_más,_desglosada_por_sexo_y_subpoblaciones<b><i>_[CENSO]_</i></b>",	31010,"Cantamayec","2020","80.990845","99.350649","98.324958","81.622307","37.85489","83.026585","78.725825","79.312425","90.243902","81.034483","ND","ND","ND","ND","ND","ND","0","ND","80.998914","85.714286","ND","40.860215","ND",
"Tasa_de_alfabetización_de_las_personas_de_15_años_o_más,_desglosada_por_sexo_y_subpoblaciones<b><i>_[CENSO]_</i></b>",	31011,"Celestún","2020","93.025182","99.271845","98.501441","92.891605","78.076923","92.519685","93.54083","81.02981","93.6","92.996174","100","100","100","ND","100","ND","ND","100","92.959407","96.703297","100","80.068729","ND",
"Tasa_de_alfabetización_de_las_personas_de_15_años_o_más,_desglosada_por_sexo_y_subpoblaciones<b><i>_[CENSO]_</i></b>",	31012,"Cenotillo","2020","89.855596","99.378882","98.884758","95.437262","71.693122","89.069424","90.607345","81.120145","100","89.796659","100","100","100","ND","100","ND","ND","96.226415","89.537992","94.623656","96.491228","68.035191","ND",
"Tasa_de_alfabetización_de_las_personas_de_15_años_o_más,_desglosada_por_sexo_y_subpoblaciones<b><i>_[CENSO]_</i></b>",	31013,"Conkal","2020","96.790239","99.372647","99.192463","97.611017","89.202825","97.275641","96.333182","86.941341","97.416974","96.829172","98.333333","100","66.666667","100","98.170732","100","25","95.833333","96.508055","98.84131","96.946565","82.172702","ND",
"Tasa_de_alfabetización_de_las_personas_de_15_años_o_más,_desglosada_por_sexo_y_subpoblaciones<b><i>_[CENSO]_</i></b>",	31014,"Cuncunul","2020","85.793651","99.009901","97.326203","88.640275","50","85.826772","85.76","83.636364","79.096045","85.759745","100","ND","100","ND","100","ND","ND","ND","85.68","100","ND","61.016949","ND",
"Tasa_de_alfabetización_de_las_personas_de_15_años_o_más,_desglosada_por_sexo_y_subpoblaciones<b><i>_[CENSO]_</i></b>",	31015,"Cuzamá","2020","90.480746","98.039216","97.792869","92.38921","66.505636","92.44671","88.383589","85.410822","96.052632","90.478469","100","100","ND","ND","ND","ND","ND","ND","90.425788","100","100","68.243243","ND",
"Tasa_de_alfabetización_de_las_personas_de_15_años_o_más,_desglosada_por_sexo_y_subpoblaciones<b><i>_[CENSO]_</i></b>",	31016,"Chacsinkín","2020","86.059226","98.522167","97.774481","86.49174","48.442907","88.789238","83.240741","85.817308","75","86.059226","ND","ND","ND","ND","ND","ND","ND","100","85.976169","100","100","64.705882","ND",
"Tasa_de_alfabetización_de_las_personas_de_15_años_o_más,_desglosada_por_sexo_y_subpoblaciones<b><i>_[CENSO]_</i></b>",	31017,"Chankom","2020","83.871933","99.324324","96.684492","84.269663","55.183946","88.513914","79.128857","83.284266","88.617886","83.887391","100","ND","100","ND","100","ND","0","ND","83.679073","95.238095","ND","53.231939","ND",
"Tasa_de_alfabetización_de_las_personas_de_15_años_o_más,_desglosada_por_sexo_y_subpoblaciones<b><i>_[CENSO]_</i></b>",	31018,"Chapab","2020","90.308544","100","98.97511","93.201377","67.283951","89.614477","91.010342","87.540805","96.428571","90.304709","100","ND","ND","ND","100","ND","ND","100","90.251698","94.444444","100","67.878788","ND",
"Tasa_de_alfabetización_de_las_personas_de_15_años_o_más,_desglosada_por_sexo_y_subpoblaciones<b><i>_[CENSO]_</i></b>",	31019,"Chemax","2020","81.202541","99.104585","97.424347","77.102015","34.656341","84.861358","77.520404","80.041326","83.365079","81.20155","90.909091","100","100","ND","85.714286","ND","0","100","80.983529","94.212963","100","42.729306","ND",
"Tasa_de_alfabetización_de_las_personas_de_15_años_o_más,_desglosada_por_sexo_y_subpoblaciones<b><i>_[CENSO]_</i></b>",	31020,"Chicxulub_Pueblo","2020","94.703329","99.468085","98.858447","96.546053","80.776014","95.088521","94.307512","80.13245","94.8","94.721578","100","100","ND","ND","100","ND","0","100","94.662244","96.183206","100","77.292576","ND",
"Tasa_de_alfabetización_de_las_personas_de_15_años_o_más,_desglosada_por_sexo_y_subpoblaciones<b><i>_[CENSO]_</i></b>",	31021,"Chichimilá","2020","84.276036","99.011532","97.717339","83.732571","44.570136","87.354514","81.186869","83.261432","87.671233","84.267003","85.714286","ND","66.666667","ND","100","ND","100","100","83.951417","96.449704","50","52.919708","ND",
"Tasa_de_alfabetización_de_las_personas_de_15_años_o_más,_desglosada_por_sexo_y_subpoblaciones<b><i>_[CENSO]_</i></b>",	31022,"Chikindzonot","2020","82.164329","99.402985","97.643979","83.125864","39.86637","86.211425","77.974167","82.158817","75","82.15837","100","ND","ND","ND","100","ND","ND","ND","81.939228","92.307692","ND","41.584158","ND",
"Tasa_de_alfabetización_de_las_personas_de_15_años_o_más,_desglosada_por_sexo_y_subpoblaciones<b><i>_[CENSO]_</i></b>",	31023,"Chocholá","2020","91.289199","99.176955","98.940678","94.697375","68.389956","91.350211","91.226158","78.642534","94.230769","91.304348","80","100","50","ND","100","ND","ND","100","91.150685","97.468354","100","76.457883","ND",
"Tasa_de_alfabetización_de_las_personas_de_15_años_o_más,_desglosada_por_sexo_y_subpoblaciones<b><i>_[CENSO]_</i></b>",	31024,"Chumayel","2020","82.396694","100","98.929664","86.415425","42.48366","84.090909","80.762987","80.822551","69.230769","82.389417","100","ND","100","ND","ND","ND","ND","100","82.269504","94.444444","100","49.431818","ND",
"Tasa_de_alfabetización_de_las_personas_de_15_años_o_más,_desglosada_por_sexo_y_subpoblaciones<b><i>_[CENSO]_</i></b>",	31025,"Dzán","2020","92.485822","99.288256","98.244147","94.278846","73.925926","93.863854","91.146319","91.099476","89.150943","92.469808","100","100","ND","ND","100","ND","ND","100","92.376142","97.777778","100","63.128492","ND",
"Tasa_de_alfabetización_de_las_personas_de_15_años_o_más,_desglosada_por_sexo_y_subpoblaciones<b><i>_[CENSO]_</i></b>",	31026,"Dzemul","2020","90.268573","99.441341","98.944193","93.366979","71.943574","89.554318","90.985325","75.77548","93.401015","90.244755","100","100","ND","ND","100","ND","ND","100","90.081763","100","100","61.904762","ND",
"Tasa_de_alfabetización_de_las_personas_de_15_años_o_más,_desglosada_por_sexo_y_subpoblaciones<b><i>_[CENSO]_</i></b>",	31027,"Dzidzantún","2020","93.550846","99.21875","99.037139","96.427472","80.325645","93.641618","93.459658","78.359909","95.833333","93.555284","90","100","100","ND","66.666667","ND","100","100","93.428706","97.42268","100","75","ND",
"Tasa_de_alfabetización_de_las_personas_de_15_años_o_más,_desglosada_por_sexo_y_subpoblaciones<b><i>_[CENSO]_</i></b>",	31028,"Dzilam_de_Bravo","2020","94.573643","98.561151","98.100173","95.246801","85.826772","93.46049","95.695971","79.61165","98.275862","94.556267","100","100","ND","ND","100","ND","ND","100","94.709247","91.208791","100","87.234043","ND",
"Tasa_de_alfabetización_de_las_personas_de_15_años_o_más,_desglosada_por_sexo_y_subpoblaciones<b><i>_[CENSO]_</i></b>",	31029,"Dzilam_González","2020","90.244906","99.053628","98.266423","93.713328","71.509434","91.343042","89.107667","73.667205","87.878788","90.240889","100","100","ND","ND","100","ND","ND","ND","90.244924","90.243902","ND","64.094955","ND",
"Tasa_de_alfabetización_de_las_personas_de_15_años_o_más,_desglosada_por_sexo_y_subpoblaciones<b><i>_[CENSO]_</i></b>",	31030,"Dzitás","2020","86.809392","98.75","97.271487","87.572674","65.630713","87.276479","86.338419","80.41791","87.804878","86.795714","100","100","100","ND","100","ND","ND","ND","86.555516","96.052632","100","70.526316","ND",
"Tasa_de_alfabetización_de_las_personas_de_15_años_o_más,_desglosada_por_sexo_y_subpoblaciones<b><i>_[CENSO]_</i></b>",	31031,"Dzoncauich","2020","85.720909","99.358974","97.396963","91.035857","61.753731","87.282708","84.116541","79.219745","83.81201","85.774059","100","100","100","ND","100","ND","0","100","85.49001","97.959184","100","57.489879","ND",
"Tasa_de_alfabetización_de_las_personas_de_15_años_o_más,_desglosada_por_sexo_y_subpoblaciones<b><i>_[CENSO]_</i></b>",	31032,"Espita","2020","87.67591","99.206349","97.918425","86.871302","64.069038","89.048563","86.280437","82.362205","87.85558","87.661633","100","100","100","100","100","ND","0","100","87.454314","98.723404","100","61.282051","ND",
"Tasa_de_alfabetización_de_las_personas_de_15_años_o_más,_desglosada_por_sexo_y_subpoblaciones<b><i>_[CENSO]_</i></b>",	31033,"Halachó","2020","86.70616","99.285714","97.984349","88.351507","57.693806","90.505127","82.858974","80.806747","91.764706","86.698534","100","100","100","ND","ND","ND","100","100","86.530983","96.564885","100","60.154062","ND",
"Tasa_de_alfabetización_de_las_personas_de_15_años_o_más,_desglosada_por_sexo_y_subpoblaciones<b><i>_[CENSO]_</i></b>",	31034,"Hocabá","2020","86.781134","99.173554","98.226677","89.809193","56.451613","90.137328","83.463595","79.993089","87.42236","86.793625","100","100","ND","ND","100","ND","0","ND","86.726401","96.774194","100","63.905325","ND",
"Tasa_de_alfabetización_de_las_personas_de_15_años_o_más,_desglosada_por_sexo_y_subpoblaciones<b><i>_[CENSO]_</i></b>",	31035,"Hoctún","2020","84.9239","99.315068","98.556231","83.887468","63.215859","87.639061","82.217659","73.806147","87.05036","84.911486","100","100","ND","100","ND","ND","ND","100","84.64451","96.551724","100","68.631579","ND",
"Tasa_de_alfabetización_de_las_personas_de_15_años_o_más,_desglosada_por_sexo_y_subpoblaciones<b><i>_[CENSO]_</i></b>",	31036,"Homún","2020","88.557296","98.271605","97.96748","90.40053","60.523446","90.06816","86.997319","81.123059","85.964912","88.547855","100","ND","ND","100","100","ND","ND","66.666667","88.462821","98.333333","85.714286","66.508314","ND",
"Tasa_de_alfabetización_de_las_personas_de_15_años_o_más,_desglosada_por_sexo_y_subpoblaciones<b><i>_[CENSO]_</i></b>",	31037,"Huhí","2020","89.823678","100","99.014778","92.724536","64.121037","91.119882","88.471436","81.120092","90.25","89.813414","100","100","ND","ND","100","ND","ND","100","89.791772","91.666667","100","65.171504","ND",
"Tasa_de_alfabetización_de_las_personas_de_15_años_o_más,_desglosada_por_sexo_y_subpoblaciones<b><i>_[CENSO]_</i></b>",	31038,"Hunucmá","2020","90.885467","99.729876","98.738259","91.26882","69.262982","92.215896","89.569511","75.812521","94.793537","90.884729","96.666667","100","ND","ND","94.117647","ND","60","100","90.769837","98.538012","100","72.904395","ND",
"Tasa_de_alfabetización_de_las_personas_de_15_años_o_más,_desglosada_por_sexo_y_subpoblaciones<b><i>_[CENSO]_</i></b>",	31039,"Ixil","2020","93.862928","99.509804","99.183197","95.620876","75.93361","94.523077","93.18612","79.848866","94.117647","93.859102","100","ND","ND","100","100","ND","ND","ND","93.828321","100","100","69.642857","ND",
"Tasa_de_alfabetización_de_las_personas_de_15_años_o_más,_desglosada_por_sexo_y_subpoblaciones<b><i>_[CENSO]_</i></b>",	31040,"Izamal","2020","89.465742","99.443285","99.038462","92.040563","64.756899","90.875286","88.086575","78.657617","92.882562","89.444838","100","100","ND","ND","100","ND","100","100","89.327549","95.671982","100","66.147394","ND",
"Tasa_de_alfabetización_de_las_personas_de_15_años_o_más,_desglosada_por_sexo_y_subpoblaciones<b><i>_[CENSO]_</i></b>",	31041,"Kanasín","2020","95.99706","98.790485","98.736372","96.593764","81.536345","96.788135","95.229931","85.796994","95.167387","96.030422","98.455598","100","92.592593","100","98.709677","100","23.214286","100","95.92158","98.129792","100","82.346667","ND",
"Tasa_de_alfabetización_de_las_personas_de_15_años_o_más,_desglosada_por_sexo_y_subpoblaciones<b><i>_[CENSO]_</i></b>",	31042,"Kantunil","2020","87.425","99.65035","99.141221","89.076087","64.64891","87.280921","87.568647","77.489627","79.104478","87.459324","100","100","100","ND","100","ND","0","100","87.2087","94.736842","100","66.572238","ND",
"Tasa_de_alfabetización_de_las_personas_de_15_años_o_más,_desglosada_por_sexo_y_subpoblaciones<b><i>_[CENSO]_</i></b>",	31043,"Kaua","2020","89.718842","98.557692","98.624484","88.995633","65.016502","91.026677","88.307155","88.548865","91.666667","89.710206","100","ND","100","ND","ND","ND","ND","ND","89.578903","100","ND","66.4","ND",
"Tasa_de_alfabetización_de_las_personas_de_15_años_o_más,_desglosada_por_sexo_y_subpoblaciones<b><i>_[CENSO]_</i></b>",	31044,"Kinchil","2020","89.26492","98.963731","98.705302","92.100337","56.670747","91.503977","86.996337","75.416204","89.197531","89.261012","100","ND","ND","ND","100","ND","ND","100","89.21443","96.666667","100","64.484127","ND",
"Tasa_de_alfabetización_de_las_personas_de_15_años_o_más,_desglosada_por_sexo_y_subpoblaciones<b><i>_[CENSO]_</i></b>",	31045,"Kopomá","2020","93.359375","100","99.381443","95.924171","76.982097","94.652908","91.955193","87.284483","100","93.359375","ND","ND","ND","ND","ND","ND","ND","100","93.283951","100","100","73.076923","ND",
"Tasa_de_alfabetización_de_las_personas_de_15_años_o_más,_desglosada_por_sexo_y_subpoblaciones<b><i>_[CENSO]_</i></b>",	31046,"Mama","2020","85.648918","99.324324","96.656535","86.786019","60.705882","87.392796","84.006462","81.813187","86.363636","85.642946","100","100","ND","ND","ND","ND","ND","100","85.448393","95","100","61.702128","ND",
"Tasa_de_alfabetización_de_las_personas_de_15_años_o_más,_desglosada_por_sexo_y_subpoblaciones<b><i>_[CENSO]_</i></b>",	31047,"Maní","2020","87.120869","99.307958","98.333333","90.050436","55.882353","88.491518","85.784533","85.236542","100","87.06445","96.296296","100","100","ND","80","100","ND","94.736842","86.95352","98","95.454545","56.854839","ND",
"Tasa_de_alfabetización_de_las_personas_de_15_años_o_más,_desglosada_por_sexo_y_subpoblaciones<b><i>_[CENSO]_</i></b>",	31048,"Maxcanú","2020","88.809391","98.665678","97.858125","89.355614","65.19337","91.313019","86.260575","79.354598","90.603086","88.809351","100","100","ND","ND","100","ND","50","100","88.725379","95.37037","100","68.523878","ND",
"Tasa_de_alfabetización_de_las_personas_de_15_años_o_más,_desglosada_por_sexo_y_subpoblaciones<b><i>_[CENSO]_</i></b>",	31049,"Mayapán","2020","80.591852","97.87234","95.172414","76.970771","38.629283","84.621045","76.186645","80.469372","81.490385","80.584391","100","100","ND","ND","ND","ND","ND","50","80.480248","100","50","55.405405","ND",
"Tasa_de_alfabetización_de_las_personas_de_15_años_o_más,_desglosada_por_sexo_y_subpoblaciones<b><i>_[CENSO]_</i></b>",	31050,"Mérida","2020","97.720188","99.261084","99.270124","98.332762","93.217162","98.21276","97.274165","89.384407","98.11329","97.800395","99.494805","99.728384","97.311828","99.513213","99.473288","100","34.321373","99.42759","97.712527","99.354284","99.605523","88.045764","28.571429",
"Tasa_de_alfabetización_de_las_personas_de_15_años_o_más,_desglosada_por_sexo_y_subpoblaciones<b><i>_[CENSO]_</i></b>",	31051,"Mocochá","2020","95.348837","99.401198","99.242424","97.30124","83.757339","95.350554","95.34712","87.009063","95.238095","95.343681","100","100","ND","ND","100","ND","ND","100","95.307808","97.5","100","74.193548","ND",
"Tasa_de_alfabetización_de_las_personas_de_15_años_o_más,_desglosada_por_sexo_y_subpoblaciones<b><i>_[CENSO]_</i></b>",	31052,"Motul","2020","92.05742","99.279465","98.947226","93.858525","74.292453","93.241605","90.909091","79.580024","91.435768","92.054496","97.260274","97.297297","100","100","96.774194","ND","69.230769","96.551724","92.007156","95.010846","97.368421","69.985214","ND",
"Tasa_de_alfabetización_de_las_personas_de_15_años_o_más,_desglosada_por_sexo_y_subpoblaciones<b><i>_[CENSO]_</i></b>",	31053,"Muna","2020","92.054981","99.0625","98.852635","93.6407","74.568726","93.689608","90.456912","85.462653","92.788462","92.044566","96","95.454545","100","ND","100","ND","100","98.039216","91.955396","96.25","98.148148","73.220748","ND",
"Tasa_de_alfabetización_de_las_personas_de_15_años_o_más,_desglosada_por_sexo_y_subpoblaciones<b><i>_[CENSO]_</i></b>",	31054,"Muxupip","2020","90.152505","100","98.77193","93.669803","66.589862","91.107078","89.270746","81.361257","88.601036","90.178961","100","100","100","ND","ND","ND","50","100","90.137717","89.473684","100","65.868263","ND",
"Tasa_de_alfabetización_de_las_personas_de_15_años_o_más,_desglosada_por_sexo_y_subpoblaciones<b><i>_[CENSO]_</i></b>",	31055,"Opichén","2020","92.195215","99.435028","98.690242","93.361474","72.272144","93.511309","90.813546","90.528101","92.844365","92.195215","ND","ND","ND","ND","ND","ND","ND","100","92.132466","100","100","71.633238","ND",
"Tasa_de_alfabetización_de_las_personas_de_15_años_o_más,_desglosada_por_sexo_y_subpoblaciones<b><i>_[CENSO]_</i></b>",	31056,"Oxkutzcab","2020","87.024345","98.860399","97.392162","87.223437","59.416976","88.653244","85.580584","82.017261","91.219512","86.984797","99","100","100","ND","96","100","0","99.346405","86.879569","94.594595","98.787879","57.512116","ND",
"Tasa_de_alfabetización_de_las_personas_de_15_años_o_más,_desglosada_por_sexo_y_subpoblaciones<b><i>_[CENSO]_</i></b>",	31057,"Panabá","2020","88.327914","99.022005","98.170303","90.299572","68.569065","88.11405","88.540246","74.89042","91.131498","88.309907","100","100","ND","ND","100","ND","ND","ND","87.967248","97.333333","ND","67.699115","ND",
"Tasa_de_alfabetización_de_las_personas_de_15_años_o_más,_desglosada_por_sexo_y_subpoblaciones<b><i>_[CENSO]_</i></b>",	31058,"Peto","2020","88.543862","98.884514","98.162627","90.007321","64.477799","89.797534","87.338192","84.545059","88.557214","88.54045","95.454545","100","71.428571","ND","100","ND","40","92.5","88.461756","93.290735","93.181818","62.242152","ND",
"Tasa_de_alfabetización_de_las_personas_de_15_años_o_más,_desglosada_por_sexo_y_subpoblaciones<b><i>_[CENSO]_</i></b>",	31059,"Progreso","2020","96.358082","99.291217","98.720503","96.736908","90.599078","96.401439","96.315396","86.794671","96.716102","96.465667","99.470199","99.700599","95.652174","100","99.492386","ND","51.744186","100","96.44604","97.893379","99.710983","86.979167","ND",
"Tasa_de_alfabetización_de_las_personas_de_15_años_o_más,_desglosada_por_sexo_y_subpoblaciones<b><i>_[CENSO]_</i></b>",	31060,"Quintana_Roo","2020","89.875173","100","98.101266","91.549296","76.190476","90.31339","89.459459","81.533101","91.666667","89.875173","ND","ND","ND","ND","ND","ND","ND","ND","89.684814","95.652174","ND","56.25","ND",
"Tasa_de_alfabetización_de_las_personas_de_15_años_o_más,_desglosada_por_sexo_y_subpoblaciones<b><i>_[CENSO]_</i></b>",	31061,"Río_Lagartos","2020","93.968677","98.453608","99.479844","95.006485","80.443548","93.141026","94.864677","78.385417","96.551724","93.959732","100","100","100","ND","100","ND","0","ND","93.905346","98.245614","100","83.898305","ND",
"Tasa_de_alfabetización_de_las_personas_de_15_años_o_más,_desglosada_por_sexo_y_subpoblaciones<b><i>_[CENSO]_</i></b>",	31062,"Sacalum","2020","90.969163","98.148148","98.552223","92.904656","69.373942","90.783165","91.168091","87.219344","94.520548","90.969163","ND","ND","ND","ND","ND","ND","ND","100","90.949596","92.307692","100","71.518987","ND",
"Tasa_de_alfabetización_de_las_personas_de_15_años_o_más,_desglosada_por_sexo_y_subpoblaciones<b><i>_[CENSO]_</i></b>",	31063,"Samahil","2020","91.654745","100","99.234043","94.491928","62.993421","95.394112","87.883142","82.993593","95.789474","91.650763","100","ND","ND","ND","100","ND","ND","ND","91.640719","94.736842","ND","63.636364","ND",
"Tasa_de_alfabetización_de_las_personas_de_15_años_o_más,_desglosada_por_sexo_y_subpoblaciones<b><i>_[CENSO]_</i></b>",	31064,"Sanahcat","2020","89.710611","100","98.986486","94.230769","65.769231","90.25974","89.171975","83.474576","96.969697","89.710611","ND","ND","ND","ND","ND","ND","ND","100","89.644013","100","100","69.607843","ND",
"Tasa_de_alfabetización_de_las_personas_de_15_años_o_más,_desglosada_por_sexo_y_subpoblaciones<b><i>_[CENSO]_</i></b>",	31065,"San_Felipe","2020","95.600991","100","96.821516","97.153465","87.588652","95.465394","95.747423","80.916031","95.652174","95.598264","100","100","ND","ND","ND","ND","ND","100","95.504175","98.214286","100","90.551181","ND",
"Tasa_de_alfabetización_de_las_personas_de_15_años_o_más,_desglosada_por_sexo_y_subpoblaciones<b><i>_[CENSO]_</i></b>",	31066,"Santa_Elena","2020","86.956522","98.543689","98.355263","87.862441","57.588358","88.095238","85.859873","85.546282","85.714286","86.918321","100","100","100","ND","100","ND","ND","100","86.867037","100","100","62.5","ND",
"Tasa_de_alfabetización_de_las_personas_de_15_años_o_más,_desglosada_por_sexo_y_subpoblaciones<b><i>_[CENSO]_</i></b>",	31067,"Seyé","2020","91.999478","98.934281","98.602097","94.067358","71.682848","93.289104","90.649212","79.935622","89.655172","92.044415","100","100","100","ND","ND","ND","0","100","92.019458","95.652174","100","72.241379","ND",
"Tasa_de_alfabetización_de_las_personas_de_15_años_o_más,_desglosada_por_sexo_y_subpoblaciones<b><i>_[CENSO]_</i></b>",	31068,"Sinanché","2020","90.660863","98.159509","98.254799","91.595925","79.771615","89.847328","91.536565","82.107023","96.226415","90.665064","96.551724","100","0","ND","100","ND","0","100","90.564483","93.75","100","74.920635","ND",
"Tasa_de_alfabetización_de_las_personas_de_15_años_o_más,_desglosada_por_sexo_y_subpoblaciones<b><i>_[CENSO]_</i></b>",	31069,"Sotuta","2020","87.276648","99.082569","97.538293","89.175433","61.006826","88.215692","86.305233","80.702718","85.714286","87.26095","100","100","100","ND","100","ND","100","87.5","87.193886","94.366197","90","58.862876","ND",
"Tasa_de_alfabetización_de_las_personas_de_15_años_o_más,_desglosada_por_sexo_y_subpoblaciones<b><i>_[CENSO]_</i></b>",	31070,"Sucilá","2020","92.792793","100","98.682477","94.862518","79.910714","91.20433","94.338381","87.960526","100","92.78798","100","ND","100","ND","100","ND","ND","100","92.623521","96.694215","100","75.555556","ND",
"Tasa_de_alfabetización_de_las_personas_de_15_años_o_más,_desglosada_por_sexo_y_subpoblaciones<b><i>_[CENSO]_</i></b>",	31071,"Sudzal","2020","88.888889","99.082569","97.849462","89.133858","70.634921","90.126939","87.556904","84.424379","92.083333","88.864469","100","100","ND","ND","ND","ND","ND","ND","88.482075","98.245614","ND","69.285714","ND",
"Tasa_de_alfabetización_de_las_personas_de_15_años_o_más,_desglosada_por_sexo_y_subpoblaciones<b><i>_[CENSO]_</i></b>",	31072,"Suma","2020","96.379781","100","99.677419","97.492625","91.20603","96.791444","95.949721","93.678161","99.444444","96.379781","ND","ND","ND","ND","ND","ND","ND","ND","96.301465","100","ND","90.277778","ND",
"Tasa_de_alfabetización_de_las_personas_de_15_años_o_más,_desglosada_por_sexo_y_subpoblaciones<b><i>_[CENSO]_</i></b>",	31073,"Tahdziú","2020","82.914431","98.727735","97.87718","77.272727","30.33033","86.655684","78.953488","82.825962","82.5","82.909605","100","ND","100","ND","ND","ND","ND","50","82.921284","85","50","42.666667","ND",
"Tasa_de_alfabetización_de_las_personas_de_15_años_o_más,_desglosada_por_sexo_y_subpoblaciones<b><i>_[CENSO]_</i></b>",	31074,"Tahmek","2020","91.244549","98.947368","98.538012","94.222834","74.732006","91.944075","90.534145","86.897334","90.909091","91.229839","100","100","ND","ND","100","ND","ND","100","91.129307","97.727273","100","77.777778","ND",
"Tasa_de_alfabetización_de_las_personas_de_15_años_o_más,_desglosada_por_sexo_y_subpoblaciones<b><i>_[CENSO]_</i></b>",	31075,"Teabo","2020","82.606925","98.743719","96.82959","81.370354","49.673203","85.470441","79.864434","79.51268","82.919255","82.589195","100","100","ND","ND","ND","ND","100","81.25","82.522078","100","81.25","57.5","ND",
"Tasa_de_alfabetización_de_las_personas_de_15_años_o_más,_desglosada_por_sexo_y_subpoblaciones<b><i>_[CENSO]_</i></b>",	31076,"Tecoh","2020","88.817891","98.920086","98.422627","90.515188","62.616822","90.409339","87.208607","82.237601","86.234177","88.80708","100","100","ND","100","100","ND","100","100","88.772533","95.121951","100","66.470588","ND",
"Tasa_de_alfabetización_de_las_personas_de_15_años_o_más,_desglosada_por_sexo_y_subpoblaciones<b><i>_[CENSO]_</i></b>",	31077,"Tekal_de_Venegas","2020","82.352941","99.230769","97.378277","86.804124","44.987147","82.239382","82.472138","69.119071","79.518072","82.352941","ND","ND","ND","ND","ND","ND","ND","ND","82.0435","95.652174","ND","55.188679","ND",
"Tasa_de_alfabetización_de_las_personas_de_15_años_o_más,_desglosada_por_sexo_y_subpoblaciones<b><i>_[CENSO]_</i></b>",	31078,"Tekantó","2020","86.464857","98.913043","98.552822","90.543559","61.890244","88.120196","84.823285","72.104247","83.509514","86.455432","100","ND","100","ND","100","ND","ND","ND","86.390951","90.909091","100","54.054054","ND",
"Tasa_de_alfabetización_de_las_personas_de_15_años_o_más,_desglosada_por_sexo_y_subpoblaciones<b><i>_[CENSO]_</i></b>",	31079,"Tekax","2020","88.850014","99.071082","97.949324","89.645862","63.632628","90.352095","87.427547","83.64196","89.679715","88.868058","94.594595","93.333333","100","ND","93.75","ND","0","98.809524","88.754557","96.938776","98.850575","63.490241","ND",
"Tasa_de_alfabetización_de_las_personas_de_15_años_o_más,_desglosada_por_sexo_y_subpoblaciones<b><i>_[CENSO]_</i></b>",	31080,"Tekit","2020","87.341153","98.579041","97.345133","87.038835","61.79078","88.685686","85.990693","79.6875","86.909091","87.338059","100","ND","ND","ND","100","ND","ND","92.857143","87.300221","93.75","92.857143","63.064516","ND",
"Tasa_de_alfabetización_de_las_personas_de_15_años_o_más,_desglosada_por_sexo_y_subpoblaciones<b><i>_[CENSO]_</i></b>",	31081,"Tekom","2020","83.008475","100","96.562033","85.839844","48.337029","85.223368","80.852843","82.216015","88.235294","83.001272","100","ND","ND","ND","100","ND","ND","100","82.597289","95.588235","100","44.897959","ND",
"Tasa_de_alfabetización_de_las_personas_de_15_años_o_más,_desglosada_por_sexo_y_subpoblaciones<b><i>_[CENSO]_</i></b>",	31082,"Telchac_Pueblo","2020","94.535714","100","99.346405","95.954198","86.554622","94.963504","94.125874","84.482759","94.409938","94.506284","100","100","ND","ND","100","ND","100","100","94.513991","94.805195","100","82.417582","ND",
"Tasa_de_alfabetización_de_las_personas_de_15_años_o_más,_desglosada_por_sexo_y_subpoblaciones<b><i>_[CENSO]_</i></b>",	31083,"Telchac_Puerto","2020","94.032922","97.590361","99.204244","94.405594","85.159011","93.579235","94.490358","78.688525","86.206897","94.006969","95.454545","92.307692","ND","ND","100","ND","100","100","93.807829","100","100","83.17757","ND",
"Tasa_de_alfabetización_de_las_personas_de_15_años_o_más,_desglosada_por_sexo_y_subpoblaciones<b><i>_[CENSO]_</i></b>",	31084,"Temax","2020","87.979491","98.891967","98.645598","91.775244","63.482143","88.788563","87.154908","69.971871","90.677966","88.006082","100","ND","100","ND","100","ND","0","100","87.932683","100","100","60.91954","ND",
"Tasa_de_alfabetización_de_las_personas_de_15_años_o_más,_desglosada_por_sexo_y_subpoblaciones<b><i>_[CENSO]_</i></b>",	31085,"Temozón","2020","85.128678","99.373041","98.571429","87.026736","45.653362","87.118305","83.119946","82.942175","87.919463","85.118698","100","100","100","ND","100","ND","ND","100","84.935242","96.756757","100","52.38806","ND",
"Tasa_de_alfabetización_de_las_personas_de_15_años_o_más,_desglosada_por_sexo_y_subpoblaciones<b><i>_[CENSO]_</i></b>",	31086,"Tepakán","2020","85.330836","99.019608","97.082228","88.611111","65.012407","85.625774","85.031447","80.598368","81.818182","85.294118","100","100","ND","ND","100","ND","ND","100","85.035324","95.454545","100","61.538462","ND",
"Tasa_de_alfabetización_de_las_personas_de_15_años_o_más,_desglosada_por_sexo_y_subpoblaciones<b><i>_[CENSO]_</i></b>",	31087,"Tetiz","2020","85.156052","98.837209","97.623239","84.544992","56.724138","86.524823","83.78241","71.865054","90","85.162602","80","100","ND","ND","66.666667","ND","ND","93.75","85.045045","92.307692","93.75","59.638554","ND",
"Tasa_de_alfabetización_de_las_personas_de_15_años_o_más,_desglosada_por_sexo_y_subpoblaciones<b><i>_[CENSO]_</i></b>",	31088,"Teya","2020","87.329993","100","96.696697","90.047393","70.738636","87.716763","86.950355","82.491187","84.40367","87.320917","100","ND","ND","ND","100","ND","ND","ND","87.2","95.454545","ND","66.086957","ND",
"Tasa_de_alfabetización_de_las_personas_de_15_años_o_más,_desglosada_por_sexo_y_subpoblaciones<b><i>_[CENSO]_</i></b>",	31089,"Ticul","2020","93.486056","98.795181","98.719527","94.937798","77.800873","94.243376","92.769449","87.993884","95.555556","93.48506","94.545455","100","85.714286","100","94.285714","ND","90.909091","94.736842","93.423135","98.378378","96","72.360457","ND",
"Tasa_de_alfabetización_de_las_personas_de_15_años_o_más,_desglosada_por_sexo_y_subpoblaciones<b><i>_[CENSO]_</i></b>",	31090,"Timucuy","2020","84.61946","98.568019","97.798742","83.767814","53.281853","89.541798","79.600571","82.672962","81.428571","84.616743","100","ND","100","ND","ND","ND","ND","ND","84.553999","100","ND","61.347518","ND",
"Tasa_de_alfabetización_de_las_personas_de_15_años_o_más,_desglosada_por_sexo_y_subpoblaciones<b><i>_[CENSO]_</i></b>",	31091,"Tinum","2020","88.964235","99.58042","98.387097","90.216411","60.105581","90.842174","87.046861","85.262646","95.714286","88.960683","100","100","100","ND","100","ND","0","100","88.833389","98.4375","100","62.545455","ND",
"Tasa_de_alfabetización_de_las_personas_de_15_años_o_más,_desglosada_por_sexo_y_subpoblaciones<b><i>_[CENSO]_</i></b>",	31092,"Tixcacalcupul","2020","86.988986","99.810606","98.007246","87.572254","51.797603","90.252976","83.701761","86.749605","76.470588","86.979264","100","100","100","ND","ND","ND","100","100","86.892378","93.846154","100","56.267409","ND",
"Tasa_de_alfabetización_de_las_personas_de_15_años_o_más,_desglosada_por_sexo_y_subpoblaciones<b><i>_[CENSO]_</i></b>",	31093,"Tixkokob","2020","95.104507","99.667406","99.539568","96.667559","82.876176","95.820301","94.421067","85.947879","97.777778","95.11788","100","100","ND","100","100","ND","0","100","95.091549","97.252747","100","79.622642","ND",
"Tasa_de_alfabetización_de_las_personas_de_15_años_o_más,_desglosada_por_sexo_y_subpoblaciones<b><i>_[CENSO]_</i></b>",	31094,"Tixmehuac","2020","86.462997","99.059561","97.743056","87.317621","52.389706","89.192081","83.817427","85.928489","100","86.462997","ND","ND","ND","ND","ND","ND","ND","100","86.276083","98.039216","100","52.688172","ND",
"Tasa_de_alfabetización_de_las_personas_de_15_años_o_más,_desglosada_por_sexo_y_subpoblaciones<b><i>_[CENSO]_</i></b>",	31095,"Tixpéhual","2020","95.062002","98.841699","99.042146","96.53155","84.512195","96.466905","93.684211","87.926728","95.454545","95.121951","100","100","ND","ND","ND","ND","0","100","95.10772","98.148148","100","81.578947","ND",
"Tasa_de_alfabetización_de_las_personas_de_15_años_o_más,_desglosada_por_sexo_y_subpoblaciones<b><i>_[CENSO]_</i></b>",	31096,"Tizimín","2020","89.37638","98.556034","97.979371","90.932427","65.447112","90.290117","88.486875","79.944187","91.207154","89.356992","100","100","100","100","100","ND","63.636364","100","89.111107","96.882856","100","64.865508","ND",
"Tasa_de_alfabetización_de_las_personas_de_15_años_o_más,_desglosada_por_sexo_y_subpoblaciones<b><i>_[CENSO]_</i></b>",	31097,"Tunkás","2020","87.742176","99.470899","98.675497","89.992302","67.905405","87.143901","88.365019","81.298701","84.210526","87.74822","100","100","ND","ND","100","ND","0","95.833333","87.377882","96.842105","96.428571","64.502165","ND",
"Tasa_de_alfabetización_de_las_personas_de_15_años_o_más,_desglosada_por_sexo_y_subpoblaciones<b><i>_[CENSO]_</i></b>",	31098,"Tzucacab","2020","88.739698","98.795181","98.481912","89.697561","62.162162","89.613527","87.871516","83.470943","92.783505","88.732394","100","100","100","ND","100","ND","ND","100","88.494562","96.677741","100","61.581921","ND",
"Tasa_de_alfabetización_de_las_personas_de_15_años_o_más,_desglosada_por_sexo_y_subpoblaciones<b><i>_[CENSO]_</i></b>",	31099,"Uayma","2020","83.194676","99.209486","98.553949","82.795699","45.414847","86.701777","79.60969","82.129561","96.875","83.194676","ND","ND","ND","ND","ND","ND","ND","ND","83.02521","100","ND","49.142857","ND",
"Tasa_de_alfabetización_de_las_personas_de_15_años_o_más,_desglosada_por_sexo_y_subpoblaciones<b><i>_[CENSO]_</i></b>",	31100,"Ucú","2020","92.042871","99.509804","99.271845","93.886744","71.227364","93.178893","90.885246","78.848728","95.424837","92.037699","100","ND","ND","ND","100","ND","ND","100","91.876658","100","100","69.849246","ND",
"Tasa_de_alfabetización_de_las_personas_de_15_años_o_más,_desglosada_por_sexo_y_subpoblaciones<b><i>_[CENSO]_</i></b>",	31101,"Umán","2020","95.141017","99.292035","99.156538","96.231852","77.906592","96.192385","94.11607","85.279335","95.750708","95.181426","98.734177","100","100","100","98.113208","ND","46.938776","100","95.04269","98.291617","100","79.609203","ND",
"Tasa_de_alfabetización_de_las_personas_de_15_años_o_más,_desglosada_por_sexo_y_subpoblaciones<b><i>_[CENSO]_</i></b>",	31102,"Valladolid","2020","90.412477","98.938125","98.604777","91.684329","63.990852","92.77472","88.193146","84.681766","90.335114","90.383282","100","100","100","100","100","100","68.75","100","90.038546","98.364231","100","67.278374","ND",
"Tasa_de_alfabetización_de_las_personas_de_15_años_o_más,_desglosada_por_sexo_y_subpoblaciones<b><i>_[CENSO]_</i></b>",	31103,"Xocchel","2020","89.984102","99.39759","98.297872","92.473118","66.055046","91.426345","88.483374","85.364238","89.772727","89.980119","100","ND","ND","ND","100","ND","ND","100","89.83871","100","100","66.046512","ND",
"Tasa_de_alfabetización_de_las_personas_de_15_años_o_más,_desglosada_por_sexo_y_subpoblaciones<b><i>_[CENSO]_</i></b>",	31104,"Yaxcabá","2020","84.386386","98.790323","97.473684","84.111606","52.619718","85.348556","83.369883","81.281638","84.637681","84.380834","100","100","100","ND","100","ND","100","100","84.163428","97.340426","100","58.435583","ND",
"Tasa_de_alfabetización_de_las_personas_de_15_años_o_más,_desglosada_por_sexo_y_subpoblaciones<b><i>_[CENSO]_</i></b>",	31105,"Yaxkukul","2020","96.003166","99.363057","99.69651","96.875","85.714286","96.116505","95.894655","86.054422","90.47619","96.071429","100","100","ND","ND","ND","ND","50","100","96.080808","97.826087","100","77.070064","ND",
"Tasa_de_alfabetización_de_las_personas_de_15_años_o_más,_desglosada_por_sexo_y_subpoblaciones<b><i>_[CENSO]_</i></b>",	31106,"Yobaín","2020","92.64095","100","99.472296","96.526055","75.835476","92.343934","92.942584","76.666667","93.043478","92.61025","100","100","ND","ND","100","ND","ND","100","92.492308","96.491228","100","70.547945","ND",
"Tasa_de_alfabetización_de_las_personas_de_15_años_o_más,_desglosada_por_sexo_y_subpoblaciones<b><i>_[CENSO]_</i></b>",	32,"Zacatecas","2020","96.071464","99.323475","99.015628","97.329447","86.599192","96.080971","96.062667","86.317435","96.306571","96.072987","99.031758","99.098833","94.545455","100","98.90644","94.594595","67.663982","98.155496","96.034575","97.882774","98.243593","82.385981","100",
"Tasa_de_alfabetización_de_las_personas_de_15_años_o_más,_desglosada_por_sexo_y_subpoblaciones<b><i>_[CENSO]_</i></b>",	32001,"Apozol","2020","94.353094","100","97.688442","97.05349","84.272727","94.351559","94.354504","46.666667","77.777778","94.29882","100","100","ND","ND","ND","ND","ND","95.121951","94.342164","93.333333","95.698925","80.287474","ND",
"Tasa_de_alfabetización_de_las_personas_de_15_años_o_más,_desglosada_por_sexo_y_subpoblaciones<b><i>_[CENSO]_</i></b>",	32002,"Apulco","2020","95.115607","98.455598","98.477157","97.00672","86.597938","96.025237","94.346667","100","94.871795","95.099183","96.774194","96.774194","ND","ND","ND","ND","100","97.560976","95.056454","96.774194","98","83.733333","ND",
"Tasa_de_alfabetización_de_las_personas_de_15_años_o_más,_desglosada_por_sexo_y_subpoblaciones<b><i>_[CENSO]_</i></b>",	32003,"Atolinga","2020","95.191757","97.802198","99.700599","96.015424","90.808824","95.204678","95.179372","100","100","95.119117","100","100","ND","ND","ND","ND","100","100","95.060241","95.454545","100","84.153005","ND",
"Tasa_de_alfabetización_de_las_personas_de_15_años_o_más,_desglosada_por_sexo_y_subpoblaciones<b><i>_[CENSO]_</i></b>",	32004,"Benito_Juárez","2020","94.375987","99.285714","99.007092","95.549562","85.222382","94.690265","94.061908","83.333333","100","94.310511","98.148148","98.076923","100","ND","ND","ND","ND","96.226415","94.269437","95.934959","96.491228","76.190476","ND",
"Tasa_de_alfabetización_de_las_personas_de_15_años_o_más,_desglosada_por_sexo_y_subpoblaciones<b><i>_[CENSO]_</i></b>",	32005,"Calera","2020","96.18539","99.097685","98.62336","96.78669","85.947205","96.044027","96.321739","86.131387","95.8","96.167603","100","100","100","ND","100","ND","100","98.913043","96.151716","97.039474","99.038462","81.516588","ND",
"Tasa_de_alfabetización_de_las_personas_de_15_años_o_más,_desglosada_por_sexo_y_subpoblaciones<b><i>_[CENSO]_</i></b>",	32006,"Cañitas_de_Felipe_Pescador","2020","96.503497","100","99.704797","97.878359","88.827258","96.467679","96.536939","100","94.117647","96.48732","100","100","100","ND","100","ND","ND","97.619048","96.466678","98.039216","97.727273","81.568627","ND",
"Tasa_de_alfabetización_de_las_personas_de_15_años_o_más,_desglosada_por_sexo_y_subpoblaciones<b><i>_[CENSO]_</i></b>",	32007,"Concepción_del_Oro","2020","95.883075","98.653199","99.16789","97.825595","87.022501","95.756087","96.009808","100","100","95.878598","100","100","ND","ND","100","ND","95.652174","100","95.746924","98.743719","100","81.440443","ND",
"Tasa_de_alfabetización_de_las_personas_de_15_años_o_más,_desglosada_por_sexo_y_subpoblaciones<b><i>_[CENSO]_</i></b>",	32008,"Cuauhtémoc","2020","95.028639","99.730094","98.968678","96.09375","83.07393","94.915636","95.133111","100","100","95.005429","100","100","100","100","100","ND","100","95.238095","94.965066","98.192771","95.454545","79.904306","ND",
"Tasa_de_alfabetización_de_las_personas_de_15_años_o_más,_desglosada_por_sexo_y_subpoblaciones<b><i>_[CENSO]_</i></b>",	32009,"Chalchihuites","2020","94.812483","99.585062","98.803828","97.615543","84.273504","94.638826","94.976077","100","97.297297","94.789939","100","100","ND","100","100","ND","60","95.180723","94.78224","97.080292","95.789474","79.710145","ND",
"Tasa_de_alfabetización_de_las_personas_de_15_años_o_más,_desglosada_por_sexo_y_subpoblaciones<b><i>_[CENSO]_</i></b>",	32010,"Fresnillo","2020","96.79854","99.075163","99.010133","97.753086","88.413177","96.807749","96.789919","79.844961","95.002872","96.80208","98.780488","98.780488","100","100","98.666667","ND","68.918919","98.353909","96.773903","98.736399","98.523985","84.859219","ND",
"Tasa_de_alfabetización_de_las_personas_de_15_años_o_más,_desglosada_por_sexo_y_subpoblaciones<b><i>_[CENSO]_</i></b>",	32011,"Trinidad_García_de_la_Cadena","2020","94.061379","99.408284","98.513011","96.390845","85.135135","94.060995","94.061758","92.23301","90.909091","93.933225","100","100","ND","ND","ND","ND","100","97.826087","93.840739","95.675676","98","81.469649","ND",
"Tasa_de_alfabetización_de_las_personas_de_15_años_o_más,_desglosada_por_sexo_y_subpoblaciones<b><i>_[CENSO]_</i></b>",	32012,"Genaro_Codina","2020","94.284687","99.793388","99.105915","96.286267","80.019212","94.392172","94.186447","100","100","94.25578","100","100","ND","ND","100","ND","ND","100","94.183282","100","100","75.751073","ND",
"Tasa_de_alfabetización_de_las_personas_de_15_años_o_más,_desglosada_por_sexo_y_subpoblaciones<b><i>_[CENSO]_</i></b>",	32013,"General_Enrique_Estrada","2020","95.480708","99.392097","97.978227","96.604266","86.392811","96.007021","94.983416","78.378378","95","95.510468","100","100","ND","ND","100","ND","42.857143","100","95.615183","90.243902","100","81.704261","ND",
"Tasa_de_alfabetización_de_las_personas_de_15_años_o_más,_desglosada_por_sexo_y_subpoblaciones<b><i>_[CENSO]_</i></b>",	32014,"General_Francisco_R._Murguía","2020","95.174573","99.71374","98.018293","97.163807","86.101371","94.390522","95.889164","90","97.916667","95.158529","97.727273","97.701149","ND","100","ND","ND","100","98.920863","95.050341","98.469388","98.979592","80.414013","ND",
"Tasa_de_alfabetización_de_las_personas_de_15_años_o_más,_desglosada_por_sexo_y_subpoblaciones<b><i>_[CENSO]_</i></b>",	32015,"El_Plateado_de_Joaquín_Amaro","2020","92.577488","100","97.607656","94.776119","86.416862","93.569132","91.556291","ND","71.428571","92.435578","100","100","ND","ND","ND","ND","ND","97.5","92.434783","90.625","97.727273","77.835052","ND",
"Tasa_de_alfabetización_de_las_personas_de_15_años_o_más,_desglosada_por_sexo_y_subpoblaciones<b><i>_[CENSO]_</i></b>",	32016,"General_Pánfilo_Natera","2020","93.639316","98.911353","98.72803","95.399205","79.008947","93.440943","93.821215","100","91.578947","93.60587","100","100","100","ND","100","ND","75","99.453552","93.536362","95.637584","99.481865","76.409592","ND",
"Tasa_de_alfabetización_de_las_personas_de_15_años_o_más,_desglosada_por_sexo_y_subpoblaciones<b><i>_[CENSO]_</i></b>",	32017,"Guadalupe","2020","98.325315","99.404021","99.451291","98.760387","92.718475","98.375274","98.28005","95.131846","98.480903","98.345393","99.667406","99.488927","100","100","100","100","38.888889","99.460432","98.338398","98.918217","99.58042","90.209866","ND",
"Tasa_de_alfabetización_de_las_personas_de_15_años_o_más,_desglosada_por_sexo_y_subpoblaciones<b><i>_[CENSO]_</i></b>",	32018,"Huanusco","2020","93.985849","100","98.762036","96.454366","85.189076","94.53125","93.460648","100","92.045455","93.920335","100","100","ND","ND","ND","ND","50","100","93.806132","96.202532","100","80.714286","ND",
"Tasa_de_alfabetización_de_las_personas_de_15_años_o_más,_desglosada_por_sexo_y_subpoblaciones<b><i>_[CENSO]_</i></b>",	32019,"Jalpa","2020","95.143095","99.383192","99.183764","97.103531","84.593176","95.397825","94.902808","93.333333","93.233083","95.149947","99.456522","99.441341","ND","ND","100","ND","71.052632","95.633188","95.091099","98.507463","96.015936","77.637444","ND",
"Tasa_de_alfabetización_de_las_personas_de_15_años_o_más,_desglosada_por_sexo_y_subpoblaciones<b><i>_[CENSO]_</i></b>",	32020,"Jerez","2020","96.450138","99.447895","99.184581","97.532364","90.288239","96.42791","96.470638","87.179487","97.785978","96.432428","99.472759","99.443414","100","ND","100","ND","47.368421","98.287671","96.406759","98.55643","98.47561","84.187621","ND",
"Tasa_de_alfabetización_de_las_personas_de_15_años_o_más,_desglosada_por_sexo_y_subpoblaciones<b><i>_[CENSO]_</i></b>",	32021,"Jiménez_del_Teul","2020","91.940789","99.644128","98.576973","94.051205","76.595745","92.261905","91.623037","100","83.333333","91.888298","96.875","96.875","ND","ND","ND","ND","ND","100","91.798319","97.368421","100","72.523962","ND",
"Tasa_de_alfabetización_de_las_personas_de_15_años_o_más,_desglosada_por_sexo_y_subpoblaciones<b><i>_[CENSO]_</i></b>",	32022,"Juan_Aldama","2020","96.379675","98.996991","98.707139","97.040046","90.708777","95.620006","97.072315","85","96.484375","96.362599","99.275362","99.230769","ND","ND","100","ND","81.818182","97.98995","96.317615","97.959184","98.206278","85.385385","ND",
"Tasa_de_alfabetización_de_las_personas_de_15_años_o_más,_desglosada_por_sexo_y_subpoblaciones<b><i>_[CENSO]_</i></b>",	32023,"Juchipila","2020","94.387976","99.322034","98.347107","97.508151","83.78847","95.027498","93.816544","100","83.333333","94.360039","97.916667","97.894737","ND","ND","100","ND","66.666667","98.333333","94.262572","97.716895","97.841727","73.112583","ND",
"Tasa_de_alfabetización_de_las_personas_de_15_años_o_más,_desglosada_por_sexo_y_subpoblaciones<b><i>_[CENSO]_</i></b>",	32024,"Loreto","2020","95.814261","99.43634","98.773548","96.81408","84.247649","95.793103","95.833775","86.440678","96.776273","95.804681","98.802395","99.342105","100","ND","91.666667","ND","91.428571","98.253275","95.748309","98.159509","97.933884","80.410184","ND",
"Tasa_de_alfabetización_de_las_personas_de_15_años_o_más,_desglosada_por_sexo_y_subpoblaciones<b><i>_[CENSO]_</i></b>",	32025,"Luis_Moya","2020","94.841138","99.10045","99.062633","95.953888","83.761755","94.861111","94.82283","100","93.150685","94.80505","98.75","98.684211","100","ND","100","ND","100","94","94.765652","98.522167","93.442623","75.175316","ND",
"Tasa_de_alfabetización_de_las_personas_de_15_años_o_más,_desglosada_por_sexo_y_subpoblaciones<b><i>_[CENSO]_</i></b>",	32026,"Mazapil","2020","91.651116","99.778024","98.788311","95.402685","72.949586","91.459969","91.855584","100","89.855072","91.658529","94.285714","93.75","ND","ND","100","ND","0","94.736842","91.497026","96.918768","95.454545","70.028544","ND",
"Tasa_de_alfabetización_de_las_personas_de_15_años_o_más,_desglosada_por_sexo_y_subpoblaciones<b><i>_[CENSO]_</i></b>",	32027,"Melchor_Ocampo","2020","91.618948","99.145299","98.230088","94.326241","73.69863","90.527344","92.865106","ND","100","91.610214","100","100","ND","ND","ND","ND","ND","100","91.44385","97.959184","100","76.666667","ND",
"Tasa_de_alfabetización_de_las_personas_de_15_años_o_más,_desglosada_por_sexo_y_subpoblaciones<b><i>_[CENSO]_</i></b>",	32028,"Mezquital_del_Oro","2020","91.991101","99.029126","98.979592","95.390071","78.118162","93.355856","90.659341","83.333333","98.148148","91.928251","100","100","ND","ND","100","ND","ND","100","91.917404","90.909091","100","64.220183","ND",
"Tasa_de_alfabetización_de_las_personas_de_15_años_o_más,_desglosada_por_sexo_y_subpoblaciones<b><i>_[CENSO]_</i></b>",	32029,"Miguel_Auza","2020","96.973676","99.384142","99.243436","97.879905","89.217191","96.7149","97.212209","100","98.412698","96.961833","98.843931","99.099099","ND","ND","98.360656","100","90.47619","99.484536","96.893242","99.410029","99.069767","85.618729","ND",
"Tasa_de_alfabetización_de_las_personas_de_15_años_o_más,_desglosada_por_sexo_y_subpoblaciones<b><i>_[CENSO]_</i></b>",	32030,"Momax","2020","94.96788","99.099099","99.491094","95.673077","89.661654","94.20765","95.697796","100","ND","94.905149","100","100","ND","ND","100","ND","ND","97.727273","94.715909","100","97.87234","84.496124","ND",
"Tasa_de_alfabetización_de_las_personas_de_15_años_o_más,_desglosada_por_sexo_y_subpoblaciones<b><i>_[CENSO]_</i></b>",	32031,"Monte_Escobedo","2020","95.068702","98.992443","99.242998","97.071842","88.23219","95.617035","94.539454","91.666667","100","95.03337","97.196262","98","100","ND","83.333333","ND","ND","98.076923","94.983819","95.098039","98.192771","82.697201","ND",
"Tasa_de_alfabetización_de_las_personas_de_15_años_o_más,_desglosada_por_sexo_y_subpoblaciones<b><i>_[CENSO]_</i></b>",	32032,"Morelos","2020","97.659794","99.602122","99.113338","98.023878","92.971888","97.629536","97.689033","84.210526","97.368421","97.645717","100","100","ND","ND","100","ND","ND","96.296296","97.696237","93.421053","96.774194","89.788732","ND",
"Tasa_de_alfabetización_de_las_personas_de_15_años_o_más,_desglosada_por_sexo_y_subpoblaciones<b><i>_[CENSO]_</i></b>",	32033,"Moyahua_de_Estrada","2020","92.294221","100","99.207607","95.521433","81.686047","92.289301","92.298916","60","100","92.260153","100","100","ND","ND","ND","ND","0","98.245614","92.135863","94.623656","98.412698","78.371501","ND",
"Tasa_de_alfabetización_de_las_personas_de_15_años_o_más,_desglosada_por_sexo_y_subpoblaciones<b><i>_[CENSO]_</i></b>",	32034,"Nochistlán_de_Mejía","2020","94.326172","99.037037","99.018952","96.703412","84.812773","94.618648","94.068261","100","96.202532","94.753467","100","100","ND","ND","100","ND","11.570248","97.574124","94.63495","98.208955","97.788698","78.294911","ND",
"Tasa_de_alfabetización_de_las_personas_de_15_años_o_más,_desglosada_por_sexo_y_subpoblaciones<b><i>_[CENSO]_</i></b>",	32035,"Noria_de_Ángeles","2020","93.913513","99.595551","98.528909","95.553064","78.913394","94.187808","93.665468","100","96.774194","93.869975","100","100","ND","ND","100","ND","100","99.21875","93.815679","95.319149","99.24812","77.7666","ND",
"Tasa_de_alfabetización_de_las_personas_de_15_años_o_más,_desglosada_por_sexo_y_subpoblaciones<b><i>_[CENSO]_</i></b>",	32036,"Ojocaliente","2020","94.788154","99.070128","98.801017","96.005029","81.93952","94.560758","94.991463","94.339623","95","94.796792","98.630137","98.557692","100","ND","100","ND","75.862069","97.452229","94.769961","96.717724","97.720798","80.510247","ND",
"Tasa_de_alfabetización_de_las_personas_de_15_años_o_más,_desglosada_por_sexo_y_subpoblaciones<b><i>_[CENSO]_</i></b>",	32037,"Pánuco","2020","94.492014","99.165798","97.648855","95.479115","82.955174","94.263385","94.716243","77.173913","96.774194","94.513654","94.736842","94.736842","ND","ND","ND","ND","50","97.222222","94.547739","91.566265","97.297297","82.569558","ND",
"Tasa_de_alfabetización_de_las_personas_de_15_años_o_más,_desglosada_por_sexo_y_subpoblaciones<b><i>_[CENSO]_</i></b>",	32038,"Pinos","2020","92.244435","99.224054","98.792858","95.662268","70.476842","92.182312","92.299465","93.333333","86.567164","92.230683","97.540984","98.181818","100","ND","90","ND","100","98.319328","92.094441","96.551724","98.202614","70.221493","ND",
"Tasa_de_alfabetización_de_las_personas_de_15_años_o_más,_desglosada_por_sexo_y_subpoblaciones<b><i>_[CENSO]_</i></b>",	32039,"Río_Grande","2020","96.254634","99.542596","99.105622","97.162673","88.113","96.112224","96.383838","78.481013","95.273632","96.242238","98.219585","98.961938","100","100","85.714286","94.285714","80","98.259494","96.179849","98.973042","98.391813","82.761603","ND",
"Tasa_de_alfabetización_de_las_personas_de_15_años_o_más,_desglosada_por_sexo_y_subpoblaciones<b><i>_[CENSO]_</i></b>",	32040,"Sain_Alto","2020","95.9686","99.841772","99.061662","97.193419","86.951872","95.590268","96.319569","100","96.666667","95.973695","97.580645","97.435897","100","100","100","ND","50","98.963731","95.922556","98","99.052133","81.065652","ND",
"Tasa_de_alfabetización_de_las_personas_de_15_años_o_más,_desglosada_por_sexo_y_subpoblaciones<b><i>_[CENSO]_</i></b>",	32041,"El_Salvador","2020","86.302112","98.550725","99.369085","91.108545","67.30038","86.673774","85.918592","100","ND","86.348862","0","0","ND","ND","ND","ND","ND","100","85.681426","96.226415","100","58.282209","ND",
"Tasa_de_alfabetización_de_las_personas_de_15_años_o_más,_desglosada_por_sexo_y_subpoblaciones<b><i>_[CENSO]_</i></b>",	32042,"Sombrerete","2020","96.363194","99.638554","99.218329","97.479213","87.914545","96.193583","96.52478","100","94.980695","96.344397","98.80597","98.746082","ND","100","100","ND","100","98.329854","96.302628","98.094028","98.473282","82.184087","ND",
"Tasa_de_alfabetización_de_las_personas_de_15_años_o_más,_desglosada_por_sexo_y_subpoblaciones<b><i>_[CENSO]_</i></b>",	32043,"Susticacán","2020","94.208494","100","99.585062","94.298246","88.043478","94.578313","93.866171","100","100","94.330401","84.615385","84.615385","ND","ND","ND","ND","ND","100","93.969849","100","100","80.769231","ND",
"Tasa_de_alfabetización_de_las_personas_de_15_años_o_más,_desglosada_por_sexo_y_subpoblaciones<b><i>_[CENSO]_</i></b>",	32044,"Tabasco","2020","94.827441","99.769319","99.184073","96.88172","82.693912","95.124934","94.552215","100","95.876289","94.779287","100","100","ND","ND","100","ND","0","97.385621","94.727273","99.470899","97.619048","79.004149","ND",
"Tasa_de_alfabetización_de_las_personas_de_15_años_o_más,_desglosada_por_sexo_y_subpoblaciones<b><i>_[CENSO]_</i></b>",	32045,"Tepechitlán","2020","95.633618","100","99.012158","97.068966","88.724832","96.043417","95.271941","92.307692","93.103448","95.628233","97.916667","97.916667","ND","ND","ND","ND","33.333333","97.560976","95.618207","96.226415","97.849462","79.732314","ND",
"Tasa_de_alfabetización_de_las_personas_de_15_años_o_más,_desglosada_por_sexo_y_subpoblaciones<b><i>_[CENSO]_</i></b>",	32046,"Tepetongo","2020","94.489274","98.939929","98.409091","96.935201","88.188494","94.688129","94.298921","0","93.103448","94.453249","100","100","ND","ND","ND","ND","100","96.590909","94.372826","98","96.808511","81.761006","ND",
"Tasa_de_alfabetización_de_las_personas_de_15_años_o_más,_desglosada_por_sexo_y_subpoblaciones<b><i>_[CENSO]_</i></b>",	32047,"Teúl_de_González_Ortega","2020","95.529174","99.305556","97.90454","96.992481","89.368421","95.582948","95.477137","90.909091","100","95.471988","100","100","ND","ND","100","ND","ND","97.368421","95.398043","98.518519","97.674419","80.33241","ND",
"Tasa_de_alfabetización_de_las_personas_de_15_años_o_más,_desglosada_por_sexo_y_subpoblaciones<b><i>_[CENSO]_</i></b>",	32048,"Tlaltenango_de_Sánchez_Román","2020","95.401949","98.537604","99.022151","97.076391","85.002693","95.454545","95.353378","88.235294","98.75","95.374653","97.979798","97.927461","100","ND","100","ND","95.833333","98.051948","95.326255","96.734694","97.159091","75.864843","ND",
"Tasa_de_alfabetización_de_las_personas_de_15_años_o_más,_desglosada_por_sexo_y_subpoblaciones<b><i>_[CENSO]_</i></b>",	32049,"Valparaíso","2020","94.939341","99.69697","98.941901","96.997026","86.31434","95.647952","94.256297","80.645161","96.875","94.918227","98.854962","99.601594","50","ND","100","ND","45.454545","98.188406","94.90691","96.16307","97.741935","78.908073","ND",
"Tasa_de_alfabetización_de_las_personas_de_15_años_o_más,_desglosada_por_sexo_y_subpoblaciones<b><i>_[CENSO]_</i></b>",	32050,"Vetagrande","2020","96.01227","99.468085","99.189052","97.033305","84.839925","96.05225","95.975315","100","96.774194","96.013986","95.454545","95","ND","ND","100","ND","ND","94.444444","96.029288","94.230769","94.444444","80.479452","ND",
"Tasa_de_alfabetización_de_las_personas_de_15_años_o_más,_desglosada_por_sexo_y_subpoblaciones<b><i>_[CENSO]_</i></b>",	32051,"Villa_de_Cos","2020","94.638059","99.213836","98.599727","95.702643","84.151473","94.517911","94.75533","75.862069","91.764706","94.616917","100","100","100","ND","100","ND","ND","98.989899","94.700169","89.698492","99.099099","78.273381","ND",
"Tasa_de_alfabetización_de_las_personas_de_15_años_o_más,_desglosada_por_sexo_y_subpoblaciones<b><i>_[CENSO]_</i></b>",	32052,"Villa_García","2020","96.564301","99.755302","98.842656","98.275093","85.439173","96.699175","96.436684","100","95.238095","96.562317","100","100","ND","ND","ND","ND","83.333333","98.076923","96.505498","98.76161","98.095238","82.040383","ND",
"Tasa_de_alfabetización_de_las_personas_de_15_años_o_más,_desglosada_por_sexo_y_subpoblaciones<b><i>_[CENSO]_</i></b>",	32053,"Villa_González_Ortega","2020","94.387812","99.439776","98.868266","95.545911","82.96433","93.940875","94.766239","50","95.454545","94.359379","100","100","ND","ND","100","ND","ND","98.787879","94.224499","98.802395","98.823529","80.325815","ND",
"Tasa_de_alfabetización_de_las_personas_de_15_años_o_más,_desglosada_por_sexo_y_subpoblaciones<b><i>_[CENSO]_</i></b>",	32054,"Villa_Hidalgo","2020","92.395961","99.641256","98.087673","94.978234","71.683913","92.737076","92.078037","75","96.855346","92.37451","100","100","100","ND","ND","ND","66.666667","94.782609","92.325163","96.531792","95.2","72.371638","ND",
"Tasa_de_alfabetización_de_las_personas_de_15_años_o_más,_desglosada_por_sexo_y_subpoblaciones<b><i>_[CENSO]_</i></b>",	32055,"Villanueva","2020","95.73488","99.624765","99.212894","96.918974","89.056403","95.515267","95.947307","94.117647","94.915254","95.707747","99.288256","99.270073","100","ND","100","ND","42.857143","97.900262","95.678245","97.374702","98.076923","82.431762","ND",
"Tasa_de_alfabetización_de_las_personas_de_15_años_o_más,_desglosada_por_sexo_y_subpoblaciones<b><i>_[CENSO]_</i></b>",	32056,"Zacatecas","2020","98.19125","99.120033","99.239615","98.642431","94.699422","98.401545","98.002346","89.411765","98.335467","98.203892","99.352332","99.603175","100","100","98.77551","ND","86.567164","99.115044","98.193867","98.767417","98.98167","90.81003","100",
"Tasa_de_alfabetización_de_las_personas_de_15_años_o_más,_desglosada_por_sexo_y_subpoblaciones<b><i>_[CENSO]_</i></b>",	32057,"Trancoso","2020","94.83969","99.669967","98.919326","96.330946","76.7507","95.497129","94.23531","100","93.333333","94.833841","96.969697","100","0","ND","ND","ND","100","97.826087","94.79067","97.619048","98.113208","79.478458","ND",
"Tasa_de_alfabetización_de_las_personas_de_15_años_o_más,_desglosada_por_sexo_y_subpoblaciones<b><i>_[CENSO]_</i></b>",	32058,"Santa_María_de_la_Paz","2020","94.097561","99.328859","98.391421","95.591182","86.792453","93.819656","94.355597","80","100","94.018784","100","100","ND","ND","ND","ND","ND","94.285714","94.111623","92.592593","95.348837","78.26087","ND",
